<?xml version="1.0" encoding="UTF-8"?>
<gpx version="1.1" creator="north-bay-planning" xmlns="http://www.topografix.com/GPX/1/1">
<metadata><name>China Camp out and back</name><desc>Richmond Amtrak over the bridge, China Camp loop, back</desc></metadata>
<trk><name>China Camp out and back</name><trkseg><trkpt lat="37.936831" lon="-122.353600"><ele>12.8</ele></trkpt><trkpt lat="37.936830" lon="-122.353780"><ele>12.9</ele></trkpt><trkpt lat="37.936899" lon="-122.354163"><ele>13.1</ele></trkpt><trkpt lat="37.936887" lon="-122.354187"><ele>13.1</ele></trkpt><trkpt lat="37.936838" lon="-122.354281"><ele>13.1</ele></trkpt><trkpt lat="37.936838" lon="-122.354406"><ele>13.2</ele></trkpt><trkpt lat="37.936836" lon="-122.355227"><ele>13.7</ele></trkpt><trkpt lat="37.936847" lon="-122.356198"><ele>14.3</ele></trkpt><trkpt lat="37.936883" lon="-122.356199"><ele>14.3</ele></trkpt><trkpt lat="37.936937" lon="-122.356200"><ele>14.3</ele></trkpt><trkpt lat="37.937112" lon="-122.356201"><ele>14.3</ele></trkpt><trkpt lat="37.937585" lon="-122.356206"><ele>14.2</ele></trkpt><trkpt lat="37.938018" lon="-122.356200"><ele>13.7</ele></trkpt><trkpt lat="37.938286" lon="-122.356196"><ele>13.3</ele></trkpt><trkpt lat="37.938362" lon="-122.356195"><ele>13.1</ele></trkpt><trkpt lat="37.938508" lon="-122.356191"><ele>12.9</ele></trkpt><trkpt lat="37.938508" lon="-122.356313"><ele>12.7</ele></trkpt><trkpt lat="37.938508" lon="-122.357008"><ele>11.8</ele></trkpt><trkpt lat="37.938508" lon="-122.357122"><ele>11.7</ele></trkpt><trkpt lat="37.938886" lon="-122.357123"><ele>11.3</ele></trkpt><trkpt lat="37.939510" lon="-122.357131"><ele>10.7</ele></trkpt><trkpt lat="37.939967" lon="-122.357136"><ele>10.7</ele></trkpt><trkpt lat="37.939970" lon="-122.358086"><ele>10.0</ele></trkpt><trkpt lat="37.939967" lon="-122.359044"><ele>9.3</ele></trkpt><trkpt lat="37.939965" lon="-122.359705"><ele>8.9</ele></trkpt><trkpt lat="37.939965" lon="-122.359888"><ele>8.8</ele></trkpt><trkpt lat="37.939967" lon="-122.359904"><ele>8.8</ele></trkpt><trkpt lat="37.939989" lon="-122.359987"><ele>8.8</ele></trkpt><trkpt lat="37.940020" lon="-122.360085"><ele>8.7</ele></trkpt><trkpt lat="37.940316" lon="-122.360714"><ele>8.1</ele></trkpt><trkpt lat="37.940332" lon="-122.360797"><ele>8.1</ele></trkpt><trkpt lat="37.940348" lon="-122.360879"><ele>8.0</ele></trkpt><trkpt lat="37.940354" lon="-122.360961"><ele>8.0</ele></trkpt><trkpt lat="37.940357" lon="-122.360997"><ele>8.0</ele></trkpt><trkpt lat="37.940355" lon="-122.361708"><ele>7.4</ele></trkpt><trkpt lat="37.940356" lon="-122.361798"><ele>7.3</ele></trkpt><trkpt lat="37.940356" lon="-122.361888"><ele>7.3</ele></trkpt><trkpt lat="37.940357" lon="-122.362756"><ele>7.2</ele></trkpt><trkpt lat="37.941010" lon="-122.362758"><ele>7.0</ele></trkpt><trkpt lat="37.941084" lon="-122.362758"><ele>7.0</ele></trkpt><trkpt lat="37.941156" lon="-122.362758"><ele>7.0</ele></trkpt><trkpt lat="37.941463" lon="-122.362756"><ele>7.0</ele></trkpt><trkpt lat="37.941559" lon="-122.362715"><ele>7.0</ele></trkpt><trkpt lat="37.941723" lon="-122.362641"><ele>7.0</ele></trkpt><trkpt lat="37.941762" lon="-122.362623"><ele>7.0</ele></trkpt><trkpt lat="37.941837" lon="-122.362619"><ele>7.0</ele></trkpt><trkpt lat="37.942384" lon="-122.362620"><ele>7.0</ele></trkpt><trkpt lat="37.942500" lon="-122.362617"><ele>7.0</ele></trkpt><trkpt lat="37.942556" lon="-122.362616"><ele>7.0</ele></trkpt><trkpt lat="37.942630" lon="-122.362617"><ele>7.0</ele></trkpt><trkpt lat="37.942706" lon="-122.362618"><ele>7.0</ele></trkpt><trkpt lat="37.942725" lon="-122.362618"><ele>7.0</ele></trkpt><trkpt lat="37.942903" lon="-122.362621"><ele>7.0</ele></trkpt><trkpt lat="37.944158" lon="-122.362613"><ele>7.3</ele></trkpt><trkpt lat="37.944286" lon="-122.362638"><ele>7.3</ele></trkpt><trkpt lat="37.944445" lon="-122.362670"><ele>7.3</ele></trkpt><trkpt lat="37.944585" lon="-122.362715"><ele>7.4</ele></trkpt><trkpt lat="37.944669" lon="-122.362743"><ele>7.5</ele></trkpt><trkpt lat="37.946044" lon="-122.362724"><ele>8.5</ele></trkpt><trkpt lat="37.946149" lon="-122.362723"><ele>8.5</ele></trkpt><trkpt lat="37.946273" lon="-122.362723"><ele>8.5</ele></trkpt><trkpt lat="37.947022" lon="-122.362721"><ele>8.3</ele></trkpt><trkpt lat="37.947198" lon="-122.362730"><ele>8.2</ele></trkpt><trkpt lat="37.947327" lon="-122.362807"><ele>8.1</ele></trkpt><trkpt lat="37.947428" lon="-122.362901"><ele>7.9</ele></trkpt><trkpt lat="37.947530" lon="-122.363047"><ele>7.7</ele></trkpt><trkpt lat="37.947793" lon="-122.363539"><ele>7.2</ele></trkpt><trkpt lat="37.948167" lon="-122.364241"><ele>6.7</ele></trkpt><trkpt lat="37.947715" lon="-122.364718"><ele>6.4</ele></trkpt><trkpt lat="37.947599" lon="-122.364840"><ele>6.4</ele></trkpt><trkpt lat="37.947510" lon="-122.364934"><ele>6.4</ele></trkpt><trkpt lat="37.947400" lon="-122.365050"><ele>6.4</ele></trkpt><trkpt lat="37.947164" lon="-122.365300"><ele>6.4</ele></trkpt><trkpt lat="37.946875" lon="-122.365604"><ele>6.4</ele></trkpt><trkpt lat="37.946654" lon="-122.365837"><ele>6.4</ele></trkpt><trkpt lat="37.946572" lon="-122.365924"><ele>6.4</ele></trkpt><trkpt lat="37.946508" lon="-122.365991"><ele>6.4</ele></trkpt><trkpt lat="37.946406" lon="-122.366086"><ele>6.4</ele></trkpt><trkpt lat="37.946303" lon="-122.366189"><ele>6.3</ele></trkpt><trkpt lat="37.946058" lon="-122.366437"><ele>6.1</ele></trkpt><trkpt lat="37.946004" lon="-122.366491"><ele>6.1</ele></trkpt><trkpt lat="37.945885" lon="-122.366611"><ele>6.0</ele></trkpt><trkpt lat="37.945554" lon="-122.366944"><ele>5.8</ele></trkpt><trkpt lat="37.945472" lon="-122.367055"><ele>5.7</ele></trkpt><trkpt lat="37.945418" lon="-122.367210"><ele>5.6</ele></trkpt><trkpt lat="37.945398" lon="-122.367433"><ele>5.5</ele></trkpt><trkpt lat="37.945474" lon="-122.368110"><ele>5.2</ele></trkpt><trkpt lat="37.945477" lon="-122.368140"><ele>5.2</ele></trkpt><trkpt lat="37.945511" lon="-122.368439"><ele>4.9</ele></trkpt><trkpt lat="37.945540" lon="-122.368701"><ele>4.7</ele></trkpt><trkpt lat="37.945577" lon="-122.369024"><ele>4.5</ele></trkpt><trkpt lat="37.945587" lon="-122.369117"><ele>4.4</ele></trkpt><trkpt lat="37.945607" lon="-122.369293"><ele>4.4</ele></trkpt><trkpt lat="37.945674" lon="-122.369892"><ele>4.1</ele></trkpt><trkpt lat="37.945683" lon="-122.369975"><ele>4.1</ele></trkpt><trkpt lat="37.945717" lon="-122.370271"><ele>3.9</ele></trkpt><trkpt lat="37.945730" lon="-122.370386"><ele>3.9</ele></trkpt><trkpt lat="37.945781" lon="-122.370625"><ele>3.8</ele></trkpt><trkpt lat="37.945870" lon="-122.370823"><ele>3.7</ele></trkpt><trkpt lat="37.945995" lon="-122.371001"><ele>3.6</ele></trkpt><trkpt lat="37.946132" lon="-122.371110"><ele>3.5</ele></trkpt><trkpt lat="37.946267" lon="-122.371184"><ele>3.4</ele></trkpt><trkpt lat="37.946411" lon="-122.371248"><ele>3.4</ele></trkpt><trkpt lat="37.946500" lon="-122.371283"><ele>3.5</ele></trkpt><trkpt lat="37.946699" lon="-122.371401"><ele>3.6</ele></trkpt><trkpt lat="37.946860" lon="-122.371556"><ele>3.7</ele></trkpt><trkpt lat="37.946946" lon="-122.371654"><ele>3.7</ele></trkpt><trkpt lat="37.947024" lon="-122.371792"><ele>3.7</ele></trkpt><trkpt lat="37.946414" lon="-122.372301"><ele>3.7</ele></trkpt><trkpt lat="37.944375" lon="-122.373739"><ele>2.7</ele></trkpt><trkpt lat="37.942377" lon="-122.375185"><ele>2.0</ele></trkpt><trkpt lat="37.941921" lon="-122.375527"><ele>2.1</ele></trkpt><trkpt lat="37.941717" lon="-122.375668"><ele>2.1</ele></trkpt><trkpt lat="37.940939" lon="-122.376226"><ele>2.6</ele></trkpt><trkpt lat="37.939509" lon="-122.377145"><ele>3.5</ele></trkpt><trkpt lat="37.938968" lon="-122.377502"><ele>3.7</ele></trkpt><trkpt lat="37.938988" lon="-122.377662"><ele>3.7</ele></trkpt><trkpt lat="37.938966" lon="-122.377751"><ele>3.7</ele></trkpt><trkpt lat="37.938873" lon="-122.377832"><ele>3.7</ele></trkpt><trkpt lat="37.938807" lon="-122.377929"><ele>3.7</ele></trkpt><trkpt lat="37.938568" lon="-122.378113"><ele>3.7</ele></trkpt><trkpt lat="37.938460" lon="-122.378214"><ele>3.7</ele></trkpt><trkpt lat="37.938270" lon="-122.378381"><ele>3.7</ele></trkpt><trkpt lat="37.938078" lon="-122.378537"><ele>3.7</ele></trkpt><trkpt lat="37.937911" lon="-122.378653"><ele>3.7</ele></trkpt><trkpt lat="37.937772" lon="-122.378759"><ele>3.7</ele></trkpt><trkpt lat="37.937675" lon="-122.378772"><ele>3.7</ele></trkpt><trkpt lat="37.937636" lon="-122.378831"><ele>3.7</ele></trkpt><trkpt lat="37.937612" lon="-122.378898"><ele>3.7</ele></trkpt><trkpt lat="37.937600" lon="-122.379034"><ele>3.7</ele></trkpt><trkpt lat="37.937588" lon="-122.379529"><ele>3.7</ele></trkpt><trkpt lat="37.937585" lon="-122.379624"><ele>3.7</ele></trkpt><trkpt lat="37.937573" lon="-122.379734"><ele>3.7</ele></trkpt><trkpt lat="37.937486" lon="-122.379913"><ele>3.8</ele></trkpt><trkpt lat="37.937379" lon="-122.380058"><ele>3.9</ele></trkpt><trkpt lat="37.937319" lon="-122.380056"><ele>4.0</ele></trkpt><trkpt lat="37.937230" lon="-122.380055"><ele>4.1</ele></trkpt><trkpt lat="37.937108" lon="-122.380050"><ele>4.2</ele></trkpt><trkpt lat="37.937188" lon="-122.380187"><ele>4.3</ele></trkpt><trkpt lat="37.937221" lon="-122.380233"><ele>4.4</ele></trkpt><trkpt lat="37.937228" lon="-122.380514"><ele>4.7</ele></trkpt><trkpt lat="37.937223" lon="-122.380821"><ele>4.9</ele></trkpt><trkpt lat="37.937202" lon="-122.381185"><ele>5.1</ele></trkpt><trkpt lat="37.937200" lon="-122.381478"><ele>5.0</ele></trkpt><trkpt lat="37.937200" lon="-122.381538"><ele>5.0</ele></trkpt><trkpt lat="37.937189" lon="-122.381790"><ele>4.9</ele></trkpt><trkpt lat="37.937216" lon="-122.381873"><ele>4.8</ele></trkpt><trkpt lat="37.937250" lon="-122.381873"><ele>4.7</ele></trkpt><trkpt lat="37.937288" lon="-122.381870"><ele>4.7</ele></trkpt><trkpt lat="37.937363" lon="-122.381870"><ele>4.6</ele></trkpt><trkpt lat="37.937408" lon="-122.381861"><ele>4.6</ele></trkpt><trkpt lat="37.937379" lon="-122.382778"><ele>3.8</ele></trkpt><trkpt lat="37.937367" lon="-122.383555"><ele>3.1</ele></trkpt><trkpt lat="37.937333" lon="-122.384387"><ele>2.1</ele></trkpt><trkpt lat="37.937302" lon="-122.384926"><ele>2.1</ele></trkpt><trkpt lat="37.937570" lon="-122.384941"><ele>2.1</ele></trkpt><trkpt lat="37.937302" lon="-122.384926"><ele>2.1</ele></trkpt><trkpt lat="37.937333" lon="-122.384387"><ele>2.1</ele></trkpt><trkpt lat="37.937367" lon="-122.383555"><ele>3.0</ele></trkpt><trkpt lat="37.937379" lon="-122.382778"><ele>3.7</ele></trkpt><trkpt lat="37.937408" lon="-122.381861"><ele>4.6</ele></trkpt><trkpt lat="37.937363" lon="-122.381870"><ele>4.6</ele></trkpt><trkpt lat="37.937288" lon="-122.381870"><ele>4.7</ele></trkpt><trkpt lat="37.937250" lon="-122.381873"><ele>4.7</ele></trkpt><trkpt lat="37.937216" lon="-122.381873"><ele>4.8</ele></trkpt><trkpt lat="37.937189" lon="-122.381790"><ele>4.9</ele></trkpt><trkpt lat="37.937200" lon="-122.381538"><ele>5.0</ele></trkpt><trkpt lat="37.937200" lon="-122.381478"><ele>5.0</ele></trkpt><trkpt lat="37.937202" lon="-122.381185"><ele>5.1</ele></trkpt><trkpt lat="37.937223" lon="-122.380821"><ele>4.9</ele></trkpt><trkpt lat="37.937228" lon="-122.380514"><ele>4.4</ele></trkpt><trkpt lat="37.937221" lon="-122.380233"><ele>4.1</ele></trkpt><trkpt lat="37.937188" lon="-122.380187"><ele>4.1</ele></trkpt><trkpt lat="37.937108" lon="-122.380050"><ele>3.9</ele></trkpt><trkpt lat="37.936802" lon="-122.380055"><ele>3.6</ele></trkpt><trkpt lat="37.936726" lon="-122.380052"><ele>3.5</ele></trkpt><trkpt lat="37.936549" lon="-122.380092"><ele>3.3</ele></trkpt><trkpt lat="37.936336" lon="-122.380226"><ele>3.0</ele></trkpt><trkpt lat="37.935562" lon="-122.380748"><ele>2.5</ele></trkpt><trkpt lat="37.934410" lon="-122.381510"><ele>2.4</ele></trkpt><trkpt lat="37.934213" lon="-122.381645"><ele>2.4</ele></trkpt><trkpt lat="37.933999" lon="-122.381140"><ele>2.3</ele></trkpt><trkpt lat="37.933754" lon="-122.381349"><ele>2.2</ele></trkpt><trkpt lat="37.933064" lon="-122.381973"><ele>2.1</ele></trkpt><trkpt lat="37.932267" lon="-122.382691"><ele>2.1</ele></trkpt><trkpt lat="37.931577" lon="-122.383316"><ele>2.4</ele></trkpt><trkpt lat="37.931471" lon="-122.383411"><ele>2.4</ele></trkpt><trkpt lat="37.931366" lon="-122.383509"><ele>2.5</ele></trkpt><trkpt lat="37.931311" lon="-122.383563"><ele>2.6</ele></trkpt><trkpt lat="37.931263" lon="-122.383609"><ele>2.6</ele></trkpt><trkpt lat="37.931203" lon="-122.383673"><ele>2.6</ele></trkpt><trkpt lat="37.931151" lon="-122.383732"><ele>2.7</ele></trkpt><trkpt lat="37.931098" lon="-122.383797"><ele>2.7</ele></trkpt><trkpt lat="37.931049" lon="-122.383864"><ele>2.8</ele></trkpt><trkpt lat="37.930699" lon="-122.384360"><ele>3.1</ele></trkpt><trkpt lat="37.930236" lon="-122.385016"><ele>3.8</ele></trkpt><trkpt lat="37.930131" lon="-122.385177"><ele>4.0</ele></trkpt><trkpt lat="37.930050" lon="-122.385292"><ele>4.2</ele></trkpt><trkpt lat="37.929803" lon="-122.385653"><ele>4.6</ele></trkpt><trkpt lat="37.929698" lon="-122.385803"><ele>4.8</ele></trkpt><trkpt lat="37.929591" lon="-122.385950"><ele>4.9</ele></trkpt><trkpt lat="37.929547" lon="-122.386008"><ele>4.9</ele></trkpt><trkpt lat="37.929431" lon="-122.386176"><ele>5.0</ele></trkpt><trkpt lat="37.929424" lon="-122.386186"><ele>5.1</ele></trkpt><trkpt lat="37.929309" lon="-122.386351"><ele>5.2</ele></trkpt><trkpt lat="37.929241" lon="-122.386470"><ele>5.3</ele></trkpt><trkpt lat="37.929197" lon="-122.386585"><ele>5.5</ele></trkpt><trkpt lat="37.929167" lon="-122.386699"><ele>5.6</ele></trkpt><trkpt lat="37.929146" lon="-122.386826"><ele>5.8</ele></trkpt><trkpt lat="37.929115" lon="-122.386974"><ele>6.0</ele></trkpt><trkpt lat="37.929090" lon="-122.387046"><ele>6.1</ele></trkpt><trkpt lat="37.929052" lon="-122.387107"><ele>6.3</ele></trkpt><trkpt lat="37.929017" lon="-122.387143"><ele>6.4</ele></trkpt><trkpt lat="37.928964" lon="-122.387153"><ele>6.5</ele></trkpt><trkpt lat="37.928820" lon="-122.387188"><ele>6.8</ele></trkpt><trkpt lat="37.928745" lon="-122.387160"><ele>7.0</ele></trkpt><trkpt lat="37.928791" lon="-122.387386"><ele>7.5</ele></trkpt><trkpt lat="37.928834" lon="-122.387372"><ele>7.7</ele></trkpt><trkpt lat="37.928839" lon="-122.387371"><ele>7.7</ele></trkpt><trkpt lat="37.928885" lon="-122.387373"><ele>7.9</ele></trkpt><trkpt lat="37.928921" lon="-122.387413"><ele>8.1</ele></trkpt><trkpt lat="37.928963" lon="-122.387489"><ele>8.4</ele></trkpt><trkpt lat="37.929139" lon="-122.387870"><ele>9.9</ele></trkpt><trkpt lat="37.929282" lon="-122.388198"><ele>10.6</ele></trkpt><trkpt lat="37.929484" lon="-122.388677"><ele>11.5</ele></trkpt><trkpt lat="37.929623" lon="-122.389053"><ele>12.2</ele></trkpt><trkpt lat="37.929705" lon="-122.389342"><ele>12.5</ele></trkpt><trkpt lat="37.929754" lon="-122.389617"><ele>12.7</ele></trkpt><trkpt lat="37.929780" lon="-122.389887"><ele>12.9</ele></trkpt><trkpt lat="37.929796" lon="-122.390222"><ele>13.0</ele></trkpt><trkpt lat="37.929817" lon="-122.390740"><ele>12.4</ele></trkpt><trkpt lat="37.929825" lon="-122.390854"><ele>12.2</ele></trkpt><trkpt lat="37.929831" lon="-122.391003"><ele>11.9</ele></trkpt><trkpt lat="37.929840" lon="-122.391123"><ele>11.7</ele></trkpt><trkpt lat="37.929891" lon="-122.391282"><ele>11.4</ele></trkpt><trkpt lat="37.930075" lon="-122.391683"><ele>10.6</ele></trkpt><trkpt lat="37.930208" lon="-122.392024"><ele>10.1</ele></trkpt><trkpt lat="37.930228" lon="-122.392085"><ele>10.0</ele></trkpt><trkpt lat="37.930287" lon="-122.392109"><ele>9.9</ele></trkpt><trkpt lat="37.930366" lon="-122.392074"><ele>9.8</ele></trkpt><trkpt lat="37.930467" lon="-122.392031"><ele>9.6</ele></trkpt><trkpt lat="37.931090" lon="-122.391703"><ele>9.0</ele></trkpt><trkpt lat="37.931398" lon="-122.391640"><ele>9.1</ele></trkpt><trkpt lat="37.931490" lon="-122.391660"><ele>9.3</ele></trkpt><trkpt lat="37.931525" lon="-122.391671"><ele>9.4</ele></trkpt><trkpt lat="37.931562" lon="-122.391688"><ele>9.5</ele></trkpt><trkpt lat="37.931592" lon="-122.391713"><ele>9.6</ele></trkpt><trkpt lat="37.931616" lon="-122.391742"><ele>9.7</ele></trkpt><trkpt lat="37.931636" lon="-122.391778"><ele>9.7</ele></trkpt><trkpt lat="37.931651" lon="-122.391818"><ele>9.8</ele></trkpt><trkpt lat="37.931659" lon="-122.391860"><ele>9.9</ele></trkpt><trkpt lat="37.931662" lon="-122.391902"><ele>10.0</ele></trkpt><trkpt lat="37.931664" lon="-122.392002"><ele>10.2</ele></trkpt><trkpt lat="37.931666" lon="-122.392121"><ele>10.4</ele></trkpt><trkpt lat="37.931669" lon="-122.392172"><ele>10.6</ele></trkpt><trkpt lat="37.931676" lon="-122.392206"><ele>10.7</ele></trkpt><trkpt lat="37.932047" lon="-122.393005"><ele>14.0</ele></trkpt><trkpt lat="37.932337" lon="-122.393678"><ele>16.7</ele></trkpt><trkpt lat="37.932461" lon="-122.394040"><ele>17.9</ele></trkpt><trkpt lat="37.932606" lon="-122.394543"><ele>18.9</ele></trkpt><trkpt lat="37.932692" lon="-122.395052"><ele>19.6</ele></trkpt><trkpt lat="37.932762" lon="-122.395458"><ele>19.8</ele></trkpt><trkpt lat="37.932787" lon="-122.395941"><ele>20.0</ele></trkpt><trkpt lat="37.932785" lon="-122.396426"><ele>23.5</ele></trkpt><trkpt lat="37.932759" lon="-122.396821"><ele>25.1</ele></trkpt><trkpt lat="37.932721" lon="-122.397151"><ele>25.7</ele></trkpt><trkpt lat="37.932662" lon="-122.397478"><ele>25.3</ele></trkpt><trkpt lat="37.932568" lon="-122.397894"><ele>24.2</ele></trkpt><trkpt lat="37.932448" lon="-122.398370"><ele>22.8</ele></trkpt><trkpt lat="37.932340" lon="-122.398828"><ele>21.8</ele></trkpt><trkpt lat="37.932267" lon="-122.399162"><ele>21.2</ele></trkpt><trkpt lat="37.932220" lon="-122.399449"><ele>19.0</ele></trkpt><trkpt lat="37.932183" lon="-122.399821"><ele>15.5</ele></trkpt><trkpt lat="37.932177" lon="-122.399881"><ele>14.9</ele></trkpt><trkpt lat="37.932177" lon="-122.399963"><ele>14.4</ele></trkpt><trkpt lat="37.932182" lon="-122.400052"><ele>14.1</ele></trkpt><trkpt lat="37.932192" lon="-122.400159"><ele>13.8</ele></trkpt><trkpt lat="37.932208" lon="-122.400260"><ele>13.4</ele></trkpt><trkpt lat="37.932219" lon="-122.400321"><ele>13.2</ele></trkpt><trkpt lat="37.932236" lon="-122.400395"><ele>12.9</ele></trkpt><trkpt lat="37.932247" lon="-122.400466"><ele>12.7</ele></trkpt><trkpt lat="37.932258" lon="-122.400606"><ele>12.2</ele></trkpt><trkpt lat="37.932285" lon="-122.400959"><ele>12.7</ele></trkpt><trkpt lat="37.932301" lon="-122.401093"><ele>12.9</ele></trkpt><trkpt lat="37.932320" lon="-122.401203"><ele>13.0</ele></trkpt><trkpt lat="37.932347" lon="-122.401309"><ele>13.1</ele></trkpt><trkpt lat="37.932380" lon="-122.401389"><ele>13.2</ele></trkpt><trkpt lat="37.932409" lon="-122.401466"><ele>13.3</ele></trkpt><trkpt lat="37.932420" lon="-122.401506"><ele>13.3</ele></trkpt><trkpt lat="37.932430" lon="-122.401551"><ele>13.4</ele></trkpt><trkpt lat="37.932447" lon="-122.401595"><ele>13.4</ele></trkpt><trkpt lat="37.932494" lon="-122.401690"><ele>13.5</ele></trkpt><trkpt lat="37.932542" lon="-122.401773"><ele>13.6</ele></trkpt><trkpt lat="37.932594" lon="-122.401851"><ele>13.7</ele></trkpt><trkpt lat="37.932654" lon="-122.401936"><ele>13.8</ele></trkpt><trkpt lat="37.932720" lon="-122.402014"><ele>13.8</ele></trkpt><trkpt lat="37.932873" lon="-122.402185"><ele>13.9</ele></trkpt><trkpt lat="37.932985" lon="-122.402325"><ele>14.0</ele></trkpt><trkpt lat="37.933140" lon="-122.402532"><ele>13.8</ele></trkpt><trkpt lat="37.933247" lon="-122.402684"><ele>13.6</ele></trkpt><trkpt lat="37.933325" lon="-122.402791"><ele>13.5</ele></trkpt><trkpt lat="37.933408" lon="-122.402890"><ele>13.2</ele></trkpt><trkpt lat="37.933479" lon="-122.402971"><ele>13.0</ele></trkpt><trkpt lat="37.933579" lon="-122.403079"><ele>12.6</ele></trkpt><trkpt lat="37.933546" lon="-122.403159"><ele>12.4</ele></trkpt><trkpt lat="37.933480" lon="-122.403318"><ele>12.0</ele></trkpt><trkpt lat="37.933386" lon="-122.403437"><ele>11.5</ele></trkpt><trkpt lat="37.933345" lon="-122.403490"><ele>11.3</ele></trkpt><trkpt lat="37.933308" lon="-122.403534"><ele>11.2</ele></trkpt><trkpt lat="37.933253" lon="-122.403583"><ele>10.9</ele></trkpt><trkpt lat="37.933192" lon="-122.403622"><ele>10.7</ele></trkpt><trkpt lat="37.932924" lon="-122.403742"><ele>9.9</ele></trkpt><trkpt lat="37.932856" lon="-122.403778"><ele>9.7</ele></trkpt><trkpt lat="37.932818" lon="-122.403809"><ele>9.6</ele></trkpt><trkpt lat="37.932785" lon="-122.403858"><ele>9.5</ele></trkpt><trkpt lat="37.932767" lon="-122.403918"><ele>9.4</ele></trkpt><trkpt lat="37.932755" lon="-122.403991"><ele>9.2</ele></trkpt><trkpt lat="37.932738" lon="-122.404159"><ele>8.9</ele></trkpt><trkpt lat="37.932714" lon="-122.404536"><ele>8.3</ele></trkpt><trkpt lat="37.932698" lon="-122.404671"><ele>8.0</ele></trkpt><trkpt lat="37.932613" lon="-122.405188"><ele>7.6</ele></trkpt><trkpt lat="37.932607" lon="-122.405344"><ele>7.6</ele></trkpt><trkpt lat="37.932607" lon="-122.405444"><ele>7.6</ele></trkpt><trkpt lat="37.932608" lon="-122.406459"><ele>9.6</ele></trkpt><trkpt lat="37.932662" lon="-122.407495"><ele>13.0</ele></trkpt><trkpt lat="37.932770" lon="-122.409072"><ele>10.6</ele></trkpt><trkpt lat="37.932820" lon="-122.409767"><ele>7.9</ele></trkpt><trkpt lat="37.932917" lon="-122.411260"><ele>0.6</ele></trkpt><trkpt lat="37.932988" lon="-122.412350"><ele>0.0</ele></trkpt><trkpt lat="37.933078" lon="-122.413638"><ele>0.0</ele></trkpt><trkpt lat="37.933161" lon="-122.414774"><ele>0.0</ele></trkpt><trkpt lat="37.933271" lon="-122.416456"><ele>0.0</ele></trkpt><trkpt lat="37.933418" lon="-122.418752"><ele>0.0</ele></trkpt><trkpt lat="37.933481" lon="-122.419747"><ele>0.0</ele></trkpt><trkpt lat="37.933693" lon="-122.423012"><ele>0.0</ele></trkpt><trkpt lat="37.933979" lon="-122.427111"><ele>0.0</ele></trkpt><trkpt lat="37.934175" lon="-122.430197"><ele>0.0</ele></trkpt><trkpt lat="37.934253" lon="-122.431399"><ele>0.0</ele></trkpt><trkpt lat="37.934364" lon="-122.433044"><ele>0.0</ele></trkpt><trkpt lat="37.934441" lon="-122.434292"><ele>0.0</ele></trkpt><trkpt lat="37.934574" lon="-122.436137"><ele>0.0</ele></trkpt><trkpt lat="37.934753" lon="-122.438881"><ele>0.0</ele></trkpt><trkpt lat="37.934893" lon="-122.441045"><ele>0.0</ele></trkpt><trkpt lat="37.935030" lon="-122.443083"><ele>0.0</ele></trkpt><trkpt lat="37.935114" lon="-122.444281"><ele>0.0</ele></trkpt><trkpt lat="37.935238" lon="-122.446141"><ele>0.0</ele></trkpt><trkpt lat="37.935320" lon="-122.447285"><ele>0.0</ele></trkpt><trkpt lat="37.935415" lon="-122.448599"><ele>0.0</ele></trkpt><trkpt lat="37.935501" lon="-122.449461"><ele>0.0</ele></trkpt><trkpt lat="37.935585" lon="-122.450106"><ele>0.0</ele></trkpt><trkpt lat="37.935634" lon="-122.450394"><ele>0.0</ele></trkpt><trkpt lat="37.935817" lon="-122.451483"><ele>0.0</ele></trkpt><trkpt lat="37.936110" lon="-122.452876"><ele>0.0</ele></trkpt><trkpt lat="37.936234" lon="-122.453340"><ele>0.0</ele></trkpt><trkpt lat="37.936502" lon="-122.454366"><ele>0.0</ele></trkpt><trkpt lat="37.936674" lon="-122.454961"><ele>0.0</ele></trkpt><trkpt lat="37.937065" lon="-122.456208"><ele>0.0</ele></trkpt><trkpt lat="37.937545" lon="-122.457731"><ele>0.0</ele></trkpt><trkpt lat="37.937893" lon="-122.458851"><ele>0.0</ele></trkpt><trkpt lat="37.938381" lon="-122.460391"><ele>0.0</ele></trkpt><trkpt lat="37.938865" lon="-122.461944"><ele>0.0</ele></trkpt><trkpt lat="37.939373" lon="-122.463571"><ele>0.0</ele></trkpt><trkpt lat="37.939754" lon="-122.464816"><ele>0.0</ele></trkpt><trkpt lat="37.939930" lon="-122.465385"><ele>0.0</ele></trkpt><trkpt lat="37.940337" lon="-122.466688"><ele>0.0</ele></trkpt><trkpt lat="37.940774" lon="-122.468097"><ele>0.0</ele></trkpt><trkpt lat="37.940877" lon="-122.468413"><ele>0.0</ele></trkpt><trkpt lat="37.941065" lon="-122.469083"><ele>0.0</ele></trkpt><trkpt lat="37.941102" lon="-122.469230"><ele>0.0</ele></trkpt><trkpt lat="37.941293" lon="-122.470083"><ele>0.0</ele></trkpt><trkpt lat="37.941383" lon="-122.470540"><ele>0.0</ele></trkpt><trkpt lat="37.941781" lon="-122.472795"><ele>0.0</ele></trkpt><trkpt lat="37.942210" lon="-122.475174"><ele>0.0</ele></trkpt><trkpt lat="37.942434" lon="-122.476470"><ele>0.7</ele></trkpt><trkpt lat="37.942676" lon="-122.477767"><ele>2.4</ele></trkpt><trkpt lat="37.942941" lon="-122.478559"><ele>2.9</ele></trkpt><trkpt lat="37.943015" lon="-122.478740"><ele>3.4</ele></trkpt><trkpt lat="37.943080" lon="-122.478883"><ele>3.7</ele></trkpt><trkpt lat="37.943792" lon="-122.480102"><ele>3.7</ele></trkpt><trkpt lat="37.943838" lon="-122.480065"><ele>3.7</ele></trkpt><trkpt lat="37.943885" lon="-122.480044"><ele>3.7</ele></trkpt><trkpt lat="37.943935" lon="-122.480039"><ele>3.8</ele></trkpt><trkpt lat="37.943984" lon="-122.480053"><ele>3.8</ele></trkpt><trkpt lat="37.944035" lon="-122.480084"><ele>3.8</ele></trkpt><trkpt lat="37.944154" lon="-122.480205"><ele>3.9</ele></trkpt><trkpt lat="37.944211" lon="-122.480263"><ele>4.0</ele></trkpt><trkpt lat="37.944154" lon="-122.480205"><ele>4.1</ele></trkpt><trkpt lat="37.944035" lon="-122.480084"><ele>4.6</ele></trkpt><trkpt lat="37.943984" lon="-122.480053"><ele>4.7</ele></trkpt><trkpt lat="37.943935" lon="-122.480039"><ele>4.9</ele></trkpt><trkpt lat="37.943885" lon="-122.480044"><ele>5.0</ele></trkpt><trkpt lat="37.943838" lon="-122.480065"><ele>5.1</ele></trkpt><trkpt lat="37.943792" lon="-122.480102"><ele>5.3</ele></trkpt><trkpt lat="37.943792" lon="-122.480243"><ele>5.5</ele></trkpt><trkpt lat="37.943935" lon="-122.480484"><ele>5.5</ele></trkpt><trkpt lat="37.944090" lon="-122.480743"><ele>5.5</ele></trkpt><trkpt lat="37.944198" lon="-122.480926"><ele>6.1</ele></trkpt><trkpt lat="37.944257" lon="-122.481028"><ele>6.4</ele></trkpt><trkpt lat="37.944362" lon="-122.481213"><ele>7.0</ele></trkpt><trkpt lat="37.944402" lon="-122.481287"><ele>7.3</ele></trkpt><trkpt lat="37.944438" lon="-122.481356"><ele>7.3</ele></trkpt><trkpt lat="37.944473" lon="-122.481425"><ele>7.3</ele></trkpt><trkpt lat="37.944506" lon="-122.481492"><ele>7.3</ele></trkpt><trkpt lat="37.944539" lon="-122.481563"><ele>7.3</ele></trkpt><trkpt lat="37.944570" lon="-122.481636"><ele>7.3</ele></trkpt><trkpt lat="37.944600" lon="-122.481711"><ele>7.3</ele></trkpt><trkpt lat="37.944716" lon="-122.482011"><ele>7.4</ele></trkpt><trkpt lat="37.944781" lon="-122.482184"><ele>7.5</ele></trkpt><trkpt lat="37.944918" lon="-122.482559"><ele>7.6</ele></trkpt><trkpt lat="37.945170" lon="-122.483229"><ele>7.3</ele></trkpt><trkpt lat="37.945188" lon="-122.483281"><ele>7.2</ele></trkpt><trkpt lat="37.945207" lon="-122.483337"><ele>7.2</ele></trkpt><trkpt lat="37.945228" lon="-122.483405"><ele>7.2</ele></trkpt><trkpt lat="37.945246" lon="-122.483474"><ele>7.2</ele></trkpt><trkpt lat="37.945261" lon="-122.483534"><ele>7.1</ele></trkpt><trkpt lat="37.945274" lon="-122.483593"><ele>7.1</ele></trkpt><trkpt lat="37.945287" lon="-122.483654"><ele>7.1</ele></trkpt><trkpt lat="37.945298" lon="-122.483717"><ele>7.0</ele></trkpt><trkpt lat="37.945306" lon="-122.483776"><ele>7.0</ele></trkpt><trkpt lat="37.945312" lon="-122.483841"><ele>6.9</ele></trkpt><trkpt lat="37.945317" lon="-122.483909"><ele>6.8</ele></trkpt><trkpt lat="37.945320" lon="-122.483976"><ele>6.7</ele></trkpt><trkpt lat="37.945322" lon="-122.484048"><ele>6.5</ele></trkpt><trkpt lat="37.945323" lon="-122.484118"><ele>6.4</ele></trkpt><trkpt lat="37.945321" lon="-122.484182"><ele>6.3</ele></trkpt><trkpt lat="37.945317" lon="-122.484247"><ele>6.2</ele></trkpt><trkpt lat="37.945311" lon="-122.484310"><ele>6.1</ele></trkpt><trkpt lat="37.945302" lon="-122.484381"><ele>5.9</ele></trkpt><trkpt lat="37.945291" lon="-122.484453"><ele>5.8</ele></trkpt><trkpt lat="37.945281" lon="-122.484517"><ele>5.7</ele></trkpt><trkpt lat="37.945235" lon="-122.484798"><ele>5.5</ele></trkpt><trkpt lat="37.945194" lon="-122.485050"><ele>5.3</ele></trkpt><trkpt lat="37.945169" lon="-122.485284"><ele>5.1</ele></trkpt><trkpt lat="37.945152" lon="-122.485536"><ele>4.8</ele></trkpt><trkpt lat="37.945132" lon="-122.485822"><ele>4.6</ele></trkpt><trkpt lat="37.945102" lon="-122.486323"><ele>4.1</ele></trkpt><trkpt lat="37.945099" lon="-122.486401"><ele>4.0</ele></trkpt><trkpt lat="37.945096" lon="-122.486482"><ele>4.0</ele></trkpt><trkpt lat="37.945088" lon="-122.486655"><ele>3.8</ele></trkpt><trkpt lat="37.945085" lon="-122.486887"><ele>3.6</ele></trkpt><trkpt lat="37.945086" lon="-122.486912"><ele>3.6</ele></trkpt><trkpt lat="37.945094" lon="-122.487103"><ele>3.4</ele></trkpt><trkpt lat="37.945097" lon="-122.487140"><ele>3.4</ele></trkpt><trkpt lat="37.945113" lon="-122.487306"><ele>3.3</ele></trkpt><trkpt lat="37.945134" lon="-122.487465"><ele>3.2</ele></trkpt><trkpt lat="37.945141" lon="-122.487520"><ele>3.2</ele></trkpt><trkpt lat="37.945182" lon="-122.487733"><ele>3.1</ele></trkpt><trkpt lat="37.945240" lon="-122.487971"><ele>3.0</ele></trkpt><trkpt lat="37.945261" lon="-122.488034"><ele>3.0</ele></trkpt><trkpt lat="37.945309" lon="-122.488184"><ele>3.0</ele></trkpt><trkpt lat="37.945384" lon="-122.488384"><ele>3.0</ele></trkpt><trkpt lat="37.945461" lon="-122.488566"><ele>3.0</ele></trkpt><trkpt lat="37.945488" lon="-122.488622"><ele>3.0</ele></trkpt><trkpt lat="37.945535" lon="-122.488719"><ele>2.9</ele></trkpt><trkpt lat="37.945551" lon="-122.488747"><ele>2.9</ele></trkpt><trkpt lat="37.945587" lon="-122.488814"><ele>2.9</ele></trkpt><trkpt lat="37.945647" lon="-122.488918"><ele>2.8</ele></trkpt><trkpt lat="37.945808" lon="-122.489182"><ele>2.7</ele></trkpt><trkpt lat="37.946053" lon="-122.489584"><ele>2.4</ele></trkpt><trkpt lat="37.946473" lon="-122.490274"><ele>2.4</ele></trkpt><trkpt lat="37.946616" lon="-122.490507"><ele>2.4</ele></trkpt><trkpt lat="37.946726" lon="-122.490688"><ele>2.4</ele></trkpt><trkpt lat="37.946985" lon="-122.491113"><ele>2.4</ele></trkpt><trkpt lat="37.947035" lon="-122.491195"><ele>2.4</ele></trkpt><trkpt lat="37.947152" lon="-122.491379"><ele>2.4</ele></trkpt><trkpt lat="37.947280" lon="-122.491560"><ele>2.4</ele></trkpt><trkpt lat="37.947422" lon="-122.491743"><ele>2.4</ele></trkpt><trkpt lat="37.947590" lon="-122.491928"><ele>2.3</ele></trkpt><trkpt lat="37.948232" lon="-122.492605"><ele>2.1</ele></trkpt><trkpt lat="37.948987" lon="-122.493401"><ele>1.6</ele></trkpt><trkpt lat="37.949128" lon="-122.493548"><ele>1.5</ele></trkpt><trkpt lat="37.949399" lon="-122.493834"><ele>1.5</ele></trkpt><trkpt lat="37.949499" lon="-122.493940"><ele>1.5</ele></trkpt><trkpt lat="37.949771" lon="-122.494228"><ele>1.3</ele></trkpt><trkpt lat="37.950132" lon="-122.494571"><ele>1.4</ele></trkpt><trkpt lat="37.950552" lon="-122.495015"><ele>1.4</ele></trkpt><trkpt lat="37.951099" lon="-122.495592"><ele>1.5</ele></trkpt><trkpt lat="37.951179" lon="-122.495685"><ele>1.5</ele></trkpt><trkpt lat="37.951388" lon="-122.495926"><ele>1.5</ele></trkpt><trkpt lat="37.951506" lon="-122.496050"><ele>1.5</ele></trkpt><trkpt lat="37.951904" lon="-122.496467"><ele>1.8</ele></trkpt><trkpt lat="37.952058" lon="-122.496629"><ele>1.8</ele></trkpt><trkpt lat="37.952243" lon="-122.496828"><ele>1.6</ele></trkpt><trkpt lat="37.952280" lon="-122.496862"><ele>1.6</ele></trkpt><trkpt lat="37.952481" lon="-122.497073"><ele>1.6</ele></trkpt><trkpt lat="37.952528" lon="-122.497122"><ele>1.6</ele></trkpt><trkpt lat="37.952671" lon="-122.497272"><ele>1.7</ele></trkpt><trkpt lat="37.952947" lon="-122.497562"><ele>1.6</ele></trkpt><trkpt lat="37.953088" lon="-122.497699"><ele>1.4</ele></trkpt><trkpt lat="37.953378" lon="-122.498014"><ele>1.3</ele></trkpt><trkpt lat="37.953511" lon="-122.498153"><ele>1.4</ele></trkpt><trkpt lat="37.953659" lon="-122.498309"><ele>1.5</ele></trkpt><trkpt lat="37.953969" lon="-122.498635"><ele>1.3</ele></trkpt><trkpt lat="37.954275" lon="-122.498956"><ele>1.2</ele></trkpt><trkpt lat="37.954541" lon="-122.499235"><ele>1.2</ele></trkpt><trkpt lat="37.954579" lon="-122.499275"><ele>1.1</ele></trkpt><trkpt lat="37.954713" lon="-122.499415"><ele>1.1</ele></trkpt><trkpt lat="37.954878" lon="-122.499589"><ele>0.9</ele></trkpt><trkpt lat="37.955023" lon="-122.499741"><ele>1.0</ele></trkpt><trkpt lat="37.955621" lon="-122.500374"><ele>1.2</ele></trkpt><trkpt lat="37.955675" lon="-122.500431"><ele>1.2</ele></trkpt><trkpt lat="37.956134" lon="-122.500916"><ele>1.5</ele></trkpt><trkpt lat="37.956162" lon="-122.500933"><ele>1.5</ele></trkpt><trkpt lat="37.956191" lon="-122.500945"><ele>1.5</ele></trkpt><trkpt lat="37.956217" lon="-122.500952"><ele>1.6</ele></trkpt><trkpt lat="37.956243" lon="-122.500955"><ele>1.6</ele></trkpt><trkpt lat="37.956268" lon="-122.500955"><ele>1.6</ele></trkpt><trkpt lat="37.956295" lon="-122.500952"><ele>1.6</ele></trkpt><trkpt lat="37.956321" lon="-122.500946"><ele>1.6</ele></trkpt><trkpt lat="37.956356" lon="-122.500931"><ele>1.6</ele></trkpt><trkpt lat="37.956386" lon="-122.500909"><ele>1.7</ele></trkpt><trkpt lat="37.956560" lon="-122.500646"><ele>1.8</ele></trkpt><trkpt lat="37.956640" lon="-122.500525"><ele>1.9</ele></trkpt><trkpt lat="37.956792" lon="-122.500292"><ele>2.0</ele></trkpt><trkpt lat="37.956840" lon="-122.500347"><ele>2.1</ele></trkpt><trkpt lat="37.956893" lon="-122.500404"><ele>2.1</ele></trkpt><trkpt lat="37.956947" lon="-122.500461"><ele>2.1</ele></trkpt><trkpt lat="37.957368" lon="-122.500899"><ele>2.1</ele></trkpt><trkpt lat="37.957446" lon="-122.500981"><ele>2.2</ele></trkpt><trkpt lat="37.957713" lon="-122.500558"><ele>2.4</ele></trkpt><trkpt lat="37.957775" lon="-122.500460"><ele>2.5</ele></trkpt><trkpt lat="37.957812" lon="-122.500405"><ele>2.5</ele></trkpt><trkpt lat="37.958015" lon="-122.500618"><ele>2.7</ele></trkpt><trkpt lat="37.958106" lon="-122.500715"><ele>2.7</ele></trkpt><trkpt lat="37.958213" lon="-122.500828"><ele>2.6</ele></trkpt><trkpt lat="37.958330" lon="-122.500951"><ele>2.4</ele></trkpt><trkpt lat="37.958466" lon="-122.501095"><ele>2.2</ele></trkpt><trkpt lat="37.958547" lon="-122.501177"><ele>2.1</ele></trkpt><trkpt lat="37.958583" lon="-122.501213"><ele>2.1</ele></trkpt><trkpt lat="37.958641" lon="-122.501267"><ele>2.1</ele></trkpt><trkpt lat="37.958688" lon="-122.501311"><ele>2.1</ele></trkpt><trkpt lat="37.958734" lon="-122.501352"><ele>2.1</ele></trkpt><trkpt lat="37.958755" lon="-122.501369"><ele>2.1</ele></trkpt><trkpt lat="37.958832" lon="-122.501433"><ele>2.1</ele></trkpt><trkpt lat="37.958914" lon="-122.501495"><ele>2.1</ele></trkpt><trkpt lat="37.958979" lon="-122.501540"><ele>2.1</ele></trkpt><trkpt lat="37.959042" lon="-122.501582"><ele>2.1</ele></trkpt><trkpt lat="37.959101" lon="-122.501620"><ele>2.1</ele></trkpt><trkpt lat="37.959156" lon="-122.501654"><ele>2.1</ele></trkpt><trkpt lat="37.959218" lon="-122.501691"><ele>2.1</ele></trkpt><trkpt lat="37.959280" lon="-122.501724"><ele>2.1</ele></trkpt><trkpt lat="37.959341" lon="-122.501754"><ele>2.1</ele></trkpt><trkpt lat="37.959401" lon="-122.501783"><ele>2.1</ele></trkpt><trkpt lat="37.959465" lon="-122.501812"><ele>2.1</ele></trkpt><trkpt lat="37.959539" lon="-122.501842"><ele>2.2</ele></trkpt><trkpt lat="37.959610" lon="-122.501868"><ele>2.2</ele></trkpt><trkpt lat="37.959665" lon="-122.501887"><ele>2.2</ele></trkpt><trkpt lat="37.959730" lon="-122.501907"><ele>2.3</ele></trkpt><trkpt lat="37.959811" lon="-122.501931"><ele>2.3</ele></trkpt><trkpt lat="37.959877" lon="-122.501947"><ele>2.4</ele></trkpt><trkpt lat="37.959940" lon="-122.501961"><ele>2.4</ele></trkpt><trkpt lat="37.960013" lon="-122.501974"><ele>2.4</ele></trkpt><trkpt lat="37.960080" lon="-122.501985"><ele>2.5</ele></trkpt><trkpt lat="37.960151" lon="-122.501993"><ele>2.5</ele></trkpt><trkpt lat="37.960196" lon="-122.501997"><ele>2.5</ele></trkpt><trkpt lat="37.960288" lon="-122.501999"><ele>2.6</ele></trkpt><trkpt lat="37.960355" lon="-122.501997"><ele>2.6</ele></trkpt><trkpt lat="37.960422" lon="-122.501993"><ele>2.7</ele></trkpt><trkpt lat="37.960491" lon="-122.501984"><ele>2.7</ele></trkpt><trkpt lat="37.960563" lon="-122.501970"><ele>2.8</ele></trkpt><trkpt lat="37.960602" lon="-122.501962"><ele>2.8</ele></trkpt><trkpt lat="37.960695" lon="-122.501936"><ele>2.8</ele></trkpt><trkpt lat="37.960764" lon="-122.501914"><ele>2.9</ele></trkpt><trkpt lat="37.960806" lon="-122.501895"><ele>2.9</ele></trkpt><trkpt lat="37.960846" lon="-122.501872"><ele>2.9</ele></trkpt><trkpt lat="37.960882" lon="-122.501849"><ele>2.9</ele></trkpt><trkpt lat="37.960924" lon="-122.501826"><ele>3.0</ele></trkpt><trkpt lat="37.960972" lon="-122.501805"><ele>3.0</ele></trkpt><trkpt lat="37.961006" lon="-122.501792"><ele>3.0</ele></trkpt><trkpt lat="37.961048" lon="-122.501781"><ele>3.0</ele></trkpt><trkpt lat="37.961089" lon="-122.501771"><ele>3.0</ele></trkpt><trkpt lat="37.961126" lon="-122.501765"><ele>3.0</ele></trkpt><trkpt lat="37.961165" lon="-122.501765"><ele>3.0</ele></trkpt><trkpt lat="37.961201" lon="-122.501765"><ele>3.0</ele></trkpt><trkpt lat="37.961237" lon="-122.501768"><ele>3.0</ele></trkpt><trkpt lat="37.961273" lon="-122.501773"><ele>3.0</ele></trkpt><trkpt lat="37.961310" lon="-122.501781"><ele>3.0</ele></trkpt><trkpt lat="37.961351" lon="-122.501794"><ele>3.0</ele></trkpt><trkpt lat="37.961394" lon="-122.501808"><ele>3.0</ele></trkpt><trkpt lat="37.961410" lon="-122.501813"><ele>3.0</ele></trkpt><trkpt lat="37.961485" lon="-122.501836"><ele>3.0</ele></trkpt><trkpt lat="37.961546" lon="-122.501853"><ele>3.0</ele></trkpt><trkpt lat="37.961610" lon="-122.501867"><ele>3.0</ele></trkpt><trkpt lat="37.961587" lon="-122.501964"><ele>3.0</ele></trkpt><trkpt lat="37.961560" lon="-122.502071"><ele>2.9</ele></trkpt><trkpt lat="37.961527" lon="-122.502190"><ele>2.9</ele></trkpt><trkpt lat="37.961493" lon="-122.502308"><ele>2.8</ele></trkpt><trkpt lat="37.961422" lon="-122.502560"><ele>2.7</ele></trkpt><trkpt lat="37.961389" lon="-122.502660"><ele>2.7</ele></trkpt><trkpt lat="37.961356" lon="-122.502758"><ele>2.6</ele></trkpt><trkpt lat="37.961268" lon="-122.503070"><ele>2.5</ele></trkpt><trkpt lat="37.961201" lon="-122.503300"><ele>2.4</ele></trkpt><trkpt lat="37.961150" lon="-122.503477"><ele>2.3</ele></trkpt><trkpt lat="37.961098" lon="-122.503651"><ele>2.2</ele></trkpt><trkpt lat="37.960958" lon="-122.504110"><ele>1.8</ele></trkpt><trkpt lat="37.960933" lon="-122.504187"><ele>1.7</ele></trkpt><trkpt lat="37.960908" lon="-122.504264"><ele>1.7</ele></trkpt><trkpt lat="37.960874" lon="-122.504354"><ele>1.6</ele></trkpt><trkpt lat="37.960838" lon="-122.504441"><ele>1.5</ele></trkpt><trkpt lat="37.960806" lon="-122.504509"><ele>1.6</ele></trkpt><trkpt lat="37.960773" lon="-122.504572"><ele>1.6</ele></trkpt><trkpt lat="37.960821" lon="-122.504662"><ele>1.7</ele></trkpt><trkpt lat="37.960928" lon="-122.504859"><ele>1.8</ele></trkpt><trkpt lat="37.960989" lon="-122.505090"><ele>1.9</ele></trkpt><trkpt lat="37.960979" lon="-122.505110"><ele>1.9</ele></trkpt><trkpt lat="37.960824" lon="-122.505242"><ele>2.0</ele></trkpt><trkpt lat="37.960765" lon="-122.505293"><ele>2.0</ele></trkpt><trkpt lat="37.960782" lon="-122.505349"><ele>2.1</ele></trkpt><trkpt lat="37.960800" lon="-122.505410"><ele>2.1</ele></trkpt><trkpt lat="37.960818" lon="-122.505476"><ele>2.1</ele></trkpt><trkpt lat="37.960837" lon="-122.505551"><ele>2.1</ele></trkpt><trkpt lat="37.960854" lon="-122.505622"><ele>2.2</ele></trkpt><trkpt lat="37.960892" lon="-122.505787"><ele>2.3</ele></trkpt><trkpt lat="37.960922" lon="-122.505917"><ele>2.3</ele></trkpt><trkpt lat="37.960947" lon="-122.506021"><ele>2.4</ele></trkpt><trkpt lat="37.960969" lon="-122.506106"><ele>2.4</ele></trkpt><trkpt lat="37.960974" lon="-122.506127"><ele>2.4</ele></trkpt><trkpt lat="37.961001" lon="-122.506218"><ele>2.4</ele></trkpt><trkpt lat="37.961031" lon="-122.506315"><ele>2.4</ele></trkpt><trkpt lat="37.961041" lon="-122.506344"><ele>2.4</ele></trkpt><trkpt lat="37.961063" lon="-122.506411"><ele>2.3</ele></trkpt><trkpt lat="37.961100" lon="-122.506503"><ele>2.3</ele></trkpt><trkpt lat="37.961136" lon="-122.506586"><ele>2.2</ele></trkpt><trkpt lat="37.961148" lon="-122.506613"><ele>2.2</ele></trkpt><trkpt lat="37.961221" lon="-122.506770"><ele>2.1</ele></trkpt><trkpt lat="37.961335" lon="-122.507012"><ele>2.1</ele></trkpt><trkpt lat="37.961544" lon="-122.507461"><ele>2.1</ele></trkpt><trkpt lat="37.961618" lon="-122.507611"><ele>2.1</ele></trkpt><trkpt lat="37.961684" lon="-122.507751"><ele>2.1</ele></trkpt><trkpt lat="37.961731" lon="-122.507853"><ele>2.1</ele></trkpt><trkpt lat="37.961787" lon="-122.507988"><ele>2.1</ele></trkpt><trkpt lat="37.961818" lon="-122.508059"><ele>2.1</ele></trkpt><trkpt lat="37.961856" lon="-122.508155"><ele>2.1</ele></trkpt><trkpt lat="37.961889" lon="-122.508247"><ele>2.1</ele></trkpt><trkpt lat="37.961921" lon="-122.508336"><ele>2.1</ele></trkpt><trkpt lat="37.961956" lon="-122.508440"><ele>2.1</ele></trkpt><trkpt lat="37.961986" lon="-122.508525"><ele>2.1</ele></trkpt><trkpt lat="37.962017" lon="-122.508605"><ele>2.1</ele></trkpt><trkpt lat="37.962054" lon="-122.508688"><ele>2.1</ele></trkpt><trkpt lat="37.962092" lon="-122.508771"><ele>2.0</ele></trkpt><trkpt lat="37.962136" lon="-122.508859"><ele>2.0</ele></trkpt><trkpt lat="37.962181" lon="-122.508944"><ele>1.9</ele></trkpt><trkpt lat="37.962241" lon="-122.509050"><ele>1.9</ele></trkpt><trkpt lat="37.962319" lon="-122.509182"><ele>1.8</ele></trkpt><trkpt lat="37.962418" lon="-122.509353"><ele>1.9</ele></trkpt><trkpt lat="37.962862" lon="-122.510108"><ele>2.1</ele></trkpt><trkpt lat="37.962910" lon="-122.510192"><ele>2.1</ele></trkpt><trkpt lat="37.962964" lon="-122.510284"><ele>2.1</ele></trkpt><trkpt lat="37.963000" lon="-122.510346"><ele>2.1</ele></trkpt><trkpt lat="37.963146" lon="-122.510599"><ele>1.9</ele></trkpt><trkpt lat="37.963254" lon="-122.510781"><ele>1.8</ele></trkpt><trkpt lat="37.963317" lon="-122.510890"><ele>1.8</ele></trkpt><trkpt lat="37.963546" lon="-122.511300"><ele>1.6</ele></trkpt><trkpt lat="37.963792" lon="-122.511742"><ele>1.5</ele></trkpt><trkpt lat="37.964013" lon="-122.512135"><ele>1.5</ele></trkpt><trkpt lat="37.964406" lon="-122.512827"><ele>1.5</ele></trkpt><trkpt lat="37.964829" lon="-122.513577"><ele>1.5</ele></trkpt><trkpt lat="37.965050" lon="-122.513970"><ele>1.7</ele></trkpt><trkpt lat="37.965187" lon="-122.514215"><ele>1.9</ele></trkpt><trkpt lat="37.965350" lon="-122.514505"><ele>2.0</ele></trkpt><trkpt lat="37.965641" lon="-122.515019"><ele>2.1</ele></trkpt><trkpt lat="37.966009" lon="-122.515672"><ele>2.1</ele></trkpt><trkpt lat="37.966263" lon="-122.516112"><ele>2.1</ele></trkpt><trkpt lat="37.966303" lon="-122.516180"><ele>2.1</ele></trkpt><trkpt lat="37.966560" lon="-122.516615"><ele>2.1</ele></trkpt><trkpt lat="37.966893" lon="-122.517174"><ele>2.1</ele></trkpt><trkpt lat="37.966946" lon="-122.517264"><ele>2.1</ele></trkpt><trkpt lat="37.967362" lon="-122.517965"><ele>2.4</ele></trkpt><trkpt lat="37.967751" lon="-122.518618"><ele>2.8</ele></trkpt><trkpt lat="37.968041" lon="-122.519108"><ele>3.1</ele></trkpt><trkpt lat="37.968101" lon="-122.519205"><ele>3.1</ele></trkpt><trkpt lat="37.968165" lon="-122.519310"><ele>3.2</ele></trkpt><trkpt lat="37.968255" lon="-122.519404"><ele>3.2</ele></trkpt><trkpt lat="37.968340" lon="-122.519461"><ele>3.3</ele></trkpt><trkpt lat="37.968459" lon="-122.519495"><ele>3.3</ele></trkpt><trkpt lat="37.968570" lon="-122.519504"><ele>3.4</ele></trkpt><trkpt lat="37.968683" lon="-122.519474"><ele>3.4</ele></trkpt><trkpt lat="37.968823" lon="-122.519426"><ele>3.4</ele></trkpt><trkpt lat="37.969149" lon="-122.519303"><ele>3.4</ele></trkpt><trkpt lat="37.969795" lon="-122.519102"><ele>3.4</ele></trkpt><trkpt lat="37.969930" lon="-122.519069"><ele>3.4</ele></trkpt><trkpt lat="37.970044" lon="-122.519030"><ele>3.4</ele></trkpt><trkpt lat="37.970086" lon="-122.519017"><ele>3.4</ele></trkpt><trkpt lat="37.970228" lon="-122.518972"><ele>3.4</ele></trkpt><trkpt lat="37.970339" lon="-122.518937"><ele>3.4</ele></trkpt><trkpt lat="37.970420" lon="-122.518926"><ele>3.4</ele></trkpt><trkpt lat="37.970549" lon="-122.518908"><ele>3.4</ele></trkpt><trkpt lat="37.970881" lon="-122.518862"><ele>3.5</ele></trkpt><trkpt lat="37.970958" lon="-122.518851"><ele>3.6</ele></trkpt><trkpt lat="37.971037" lon="-122.518838"><ele>3.6</ele></trkpt><trkpt lat="37.971272" lon="-122.518800"><ele>3.9</ele></trkpt><trkpt lat="37.971343" lon="-122.518788"><ele>4.1</ele></trkpt><trkpt lat="37.971454" lon="-122.518770"><ele>4.2</ele></trkpt><trkpt lat="37.971740" lon="-122.518723"><ele>4.7</ele></trkpt><trkpt lat="37.971872" lon="-122.518702"><ele>4.9</ele></trkpt><trkpt lat="37.971957" lon="-122.518688"><ele>5.1</ele></trkpt><trkpt lat="37.972029" lon="-122.518675"><ele>5.2</ele></trkpt><trkpt lat="37.972304" lon="-122.518629"><ele>5.7</ele></trkpt><trkpt lat="37.972736" lon="-122.518557"><ele>6.4</ele></trkpt><trkpt lat="37.973501" lon="-122.518443"><ele>8.0</ele></trkpt><trkpt lat="37.973609" lon="-122.518427"><ele>8.2</ele></trkpt><trkpt lat="37.973672" lon="-122.518419"><ele>8.3</ele></trkpt><trkpt lat="37.974260" lon="-122.518340"><ele>9.6</ele></trkpt><trkpt lat="37.974503" lon="-122.518348"><ele>10.5</ele></trkpt><trkpt lat="37.974730" lon="-122.518410"><ele>11.7</ele></trkpt><trkpt lat="37.974843" lon="-122.518440"><ele>12.3</ele></trkpt><trkpt lat="37.974949" lon="-122.518468"><ele>12.8</ele></trkpt><trkpt lat="37.975147" lon="-122.518515"><ele>13.7</ele></trkpt><trkpt lat="37.975232" lon="-122.518514"><ele>14.1</ele></trkpt><trkpt lat="37.975306" lon="-122.518502"><ele>14.5</ele></trkpt><trkpt lat="37.975438" lon="-122.518477"><ele>15.0</ele></trkpt><trkpt lat="37.975578" lon="-122.518428"><ele>15.6</ele></trkpt><trkpt lat="37.975713" lon="-122.518357"><ele>16.2</ele></trkpt><trkpt lat="37.975836" lon="-122.518273"><ele>16.7</ele></trkpt><trkpt lat="37.975978" lon="-122.518109"><ele>17.4</ele></trkpt><trkpt lat="37.976102" lon="-122.517916"><ele>18.1</ele></trkpt><trkpt lat="37.976312" lon="-122.517496"><ele>19.2</ele></trkpt><trkpt lat="37.976397" lon="-122.517345"><ele>19.6</ele></trkpt><trkpt lat="37.976513" lon="-122.517168"><ele>20.0</ele></trkpt><trkpt lat="37.976633" lon="-122.517032"><ele>20.2</ele></trkpt><trkpt lat="37.976727" lon="-122.516959"><ele>20.2</ele></trkpt><trkpt lat="37.976811" lon="-122.516893"><ele>20.3</ele></trkpt><trkpt lat="37.976820" lon="-122.516760"><ele>20.3</ele></trkpt><trkpt lat="37.976837" lon="-122.516473"><ele>20.5</ele></trkpt><trkpt lat="37.976912" lon="-122.516019"><ele>20.7</ele></trkpt><trkpt lat="37.976913" lon="-122.515744"><ele>20.9</ele></trkpt><trkpt lat="37.976994" lon="-122.515569"><ele>21.1</ele></trkpt><trkpt lat="37.977066" lon="-122.515383"><ele>21.3</ele></trkpt><trkpt lat="37.977130" lon="-122.515262"><ele>21.5</ele></trkpt><trkpt lat="37.977204" lon="-122.515161"><ele>21.8</ele></trkpt><trkpt lat="37.977297" lon="-122.515085"><ele>22.1</ele></trkpt><trkpt lat="37.977421" lon="-122.514984"><ele>22.5</ele></trkpt><trkpt lat="37.977658" lon="-122.514806"><ele>23.3</ele></trkpt><trkpt lat="37.977792" lon="-122.514684"><ele>23.7</ele></trkpt><trkpt lat="37.977909" lon="-122.514590"><ele>24.1</ele></trkpt><trkpt lat="37.978041" lon="-122.514457"><ele>24.5</ele></trkpt><trkpt lat="37.978320" lon="-122.514137"><ele>25.1</ele></trkpt><trkpt lat="37.978464" lon="-122.513896"><ele>25.6</ele></trkpt><trkpt lat="37.978543" lon="-122.513690"><ele>26.0</ele></trkpt><trkpt lat="37.978591" lon="-122.513468"><ele>26.5</ele></trkpt><trkpt lat="37.978630" lon="-122.513150"><ele>27.5</ele></trkpt><trkpt lat="37.978682" lon="-122.512882"><ele>28.5</ele></trkpt><trkpt lat="37.978713" lon="-122.512789"><ele>28.9</ele></trkpt><trkpt lat="37.978859" lon="-122.512343"><ele>30.0</ele></trkpt><trkpt lat="37.978871" lon="-122.512307"><ele>30.1</ele></trkpt><trkpt lat="37.978974" lon="-122.512074"><ele>30.6</ele></trkpt><trkpt lat="37.979004" lon="-122.512021"><ele>30.8</ele></trkpt><trkpt lat="37.979009" lon="-122.512012"><ele>30.8</ele></trkpt><trkpt lat="37.979034" lon="-122.511966"><ele>30.9</ele></trkpt><trkpt lat="37.979130" lon="-122.511792"><ele>31.4</ele></trkpt><trkpt lat="37.979309" lon="-122.511536"><ele>32.1</ele></trkpt><trkpt lat="37.979330" lon="-122.511506"><ele>32.2</ele></trkpt><trkpt lat="37.979418" lon="-122.511381"><ele>32.5</ele></trkpt><trkpt lat="37.979460" lon="-122.511333"><ele>32.6</ele></trkpt><trkpt lat="37.979567" lon="-122.511212"><ele>33.0</ele></trkpt><trkpt lat="37.979580" lon="-122.511197"><ele>33.0</ele></trkpt><trkpt lat="37.979839" lon="-122.510946"><ele>33.7</ele></trkpt><trkpt lat="37.979975" lon="-122.510870"><ele>34.1</ele></trkpt><trkpt lat="37.980095" lon="-122.510837"><ele>34.3</ele></trkpt><trkpt lat="37.980224" lon="-122.510824"><ele>34.4</ele></trkpt><trkpt lat="37.980295" lon="-122.510831"><ele>34.4</ele></trkpt><trkpt lat="37.980582" lon="-122.510875"><ele>34.2</ele></trkpt><trkpt lat="37.980927" lon="-122.510991"><ele>34.4</ele></trkpt><trkpt lat="37.981231" lon="-122.510856"><ele>34.8</ele></trkpt><trkpt lat="37.981327" lon="-122.510787"><ele>35.1</ele></trkpt><trkpt lat="37.981459" lon="-122.510625"><ele>35.5</ele></trkpt><trkpt lat="37.981518" lon="-122.510507"><ele>35.8</ele></trkpt><trkpt lat="37.981533" lon="-122.510464"><ele>35.8</ele></trkpt><trkpt lat="37.981576" lon="-122.510336"><ele>36.2</ele></trkpt><trkpt lat="37.981609" lon="-122.510059"><ele>36.9</ele></trkpt><trkpt lat="37.981610" lon="-122.509908"><ele>37.3</ele></trkpt><trkpt lat="37.981613" lon="-122.509592"><ele>38.3</ele></trkpt><trkpt lat="37.981581" lon="-122.509315"><ele>39.4</ele></trkpt><trkpt lat="37.981489" lon="-122.508815"><ele>41.5</ele></trkpt><trkpt lat="37.981476" lon="-122.508582"><ele>42.4</ele></trkpt><trkpt lat="37.981460" lon="-122.508405"><ele>43.2</ele></trkpt><trkpt lat="37.981597" lon="-122.508363"><ele>44.7</ele></trkpt><trkpt lat="37.981935" lon="-122.508176"><ele>49.2</ele></trkpt><trkpt lat="37.982083" lon="-122.508094"><ele>51.1</ele></trkpt><trkpt lat="37.982260" lon="-122.507932"><ele>53.7</ele></trkpt><trkpt lat="37.982395" lon="-122.507780"><ele>55.9</ele></trkpt><trkpt lat="37.982440" lon="-122.507503"><ele>58.7</ele></trkpt><trkpt lat="37.982475" lon="-122.507229"><ele>61.4</ele></trkpt><trkpt lat="37.982527" lon="-122.506880"><ele>64.4</ele></trkpt><trkpt lat="37.982532" lon="-122.506674"><ele>65.9</ele></trkpt><trkpt lat="37.982552" lon="-122.506486"><ele>67.3</ele></trkpt><trkpt lat="37.982575" lon="-122.506343"><ele>68.8</ele></trkpt><trkpt lat="37.982607" lon="-122.506205"><ele>71.3</ele></trkpt><trkpt lat="37.982619" lon="-122.506081"><ele>73.5</ele></trkpt><trkpt lat="37.982637" lon="-122.505980"><ele>75.3</ele></trkpt><trkpt lat="37.982694" lon="-122.505866"><ele>77.6</ele></trkpt><trkpt lat="37.982791" lon="-122.505665"><ele>81.1</ele></trkpt><trkpt lat="37.982857" lon="-122.505478"><ele>83.2</ele></trkpt><trkpt lat="37.982940" lon="-122.505278"><ele>85.6</ele></trkpt><trkpt lat="37.983003" lon="-122.505115"><ele>87.4</ele></trkpt><trkpt lat="37.983066" lon="-122.504976"><ele>88.9</ele></trkpt><trkpt lat="37.983120" lon="-122.504880"><ele>90.0</ele></trkpt><trkpt lat="37.983222" lon="-122.504828"><ele>91.3</ele></trkpt><trkpt lat="37.983309" lon="-122.504782"><ele>92.5</ele></trkpt><trkpt lat="37.983402" lon="-122.504725"><ele>93.7</ele></trkpt><trkpt lat="37.983444" lon="-122.504690"><ele>94.3</ele></trkpt><trkpt lat="37.983495" lon="-122.504671"><ele>95.0</ele></trkpt><trkpt lat="37.983513" lon="-122.504735"><ele>95.7</ele></trkpt><trkpt lat="37.983518" lon="-122.504801"><ele>96.3</ele></trkpt><trkpt lat="37.983512" lon="-122.504883"><ele>97.2</ele></trkpt><trkpt lat="37.983510" lon="-122.504967"><ele>98.0</ele></trkpt><trkpt lat="37.983535" lon="-122.505048"><ele>98.9</ele></trkpt><trkpt lat="37.983602" lon="-122.505201"><ele>100.7</ele></trkpt><trkpt lat="37.983709" lon="-122.505477"><ele>106.6</ele></trkpt><trkpt lat="37.983799" lon="-122.505641"><ele>110.5</ele></trkpt><trkpt lat="37.983902" lon="-122.505721"><ele>113.4</ele></trkpt><trkpt lat="37.983992" lon="-122.505804"><ele>114.7</ele></trkpt><trkpt lat="37.984004" lon="-122.505855"><ele>115.2</ele></trkpt><trkpt lat="37.983970" lon="-122.505896"><ele>115.6</ele></trkpt><trkpt lat="37.983876" lon="-122.505933"><ele>116.6</ele></trkpt><trkpt lat="37.983773" lon="-122.506018"><ele>117.9</ele></trkpt><trkpt lat="37.983689" lon="-122.506167"><ele>119.7</ele></trkpt><trkpt lat="37.984145" lon="-122.506428"><ele>134.8</ele></trkpt><trkpt lat="37.984190" lon="-122.506456"><ele>136.2</ele></trkpt><trkpt lat="37.984229" lon="-122.506517"><ele>138.0</ele></trkpt><trkpt lat="37.984311" lon="-122.506539"><ele>140.4</ele></trkpt><trkpt lat="37.984404" lon="-122.506602"><ele>143.4</ele></trkpt><trkpt lat="37.984458" lon="-122.506654"><ele>145.4</ele></trkpt><trkpt lat="37.984517" lon="-122.506705"><ele>147.4</ele></trkpt><trkpt lat="37.984582" lon="-122.506748"><ele>149.5</ele></trkpt><trkpt lat="37.984679" lon="-122.506734"><ele>152.8</ele></trkpt><trkpt lat="37.984793" lon="-122.506724"><ele>157.6</ele></trkpt><trkpt lat="37.985029" lon="-122.506596"><ele>168.2</ele></trkpt><trkpt lat="37.985119" lon="-122.506606"><ele>171.9</ele></trkpt><trkpt lat="37.985289" lon="-122.506522"><ele>177.7</ele></trkpt><trkpt lat="37.985339" lon="-122.506478"><ele>179.5</ele></trkpt><trkpt lat="37.985421" lon="-122.506434"><ele>182.1</ele></trkpt><trkpt lat="37.985478" lon="-122.506445"><ele>183.8</ele></trkpt><trkpt lat="37.985592" lon="-122.506487"><ele>187.3</ele></trkpt><trkpt lat="37.985648" lon="-122.506513"><ele>189.1</ele></trkpt><trkpt lat="37.985678" lon="-122.506489"><ele>190.0</ele></trkpt><trkpt lat="37.985704" lon="-122.506425"><ele>191.5</ele></trkpt><trkpt lat="37.985746" lon="-122.506383"><ele>192.8</ele></trkpt><trkpt lat="37.985770" lon="-122.506378"><ele>193.4</ele></trkpt><trkpt lat="37.985793" lon="-122.506382"><ele>194.0</ele></trkpt><trkpt lat="37.986055" lon="-122.506470"><ele>200.9</ele></trkpt><trkpt lat="37.986108" lon="-122.506487"><ele>202.3</ele></trkpt><trkpt lat="37.986193" lon="-122.506518"><ele>204.2</ele></trkpt><trkpt lat="37.986366" lon="-122.506560"><ele>207.4</ele></trkpt><trkpt lat="37.986473" lon="-122.506568"><ele>209.3</ele></trkpt><trkpt lat="37.986542" lon="-122.506549"><ele>210.6</ele></trkpt><trkpt lat="37.986567" lon="-122.506510"><ele>211.3</ele></trkpt><trkpt lat="37.986713" lon="-122.506234"><ele>215.6</ele></trkpt><trkpt lat="37.986760" lon="-122.506164"><ele>216.7</ele></trkpt><trkpt lat="37.986822" lon="-122.506118"><ele>217.8</ele></trkpt><trkpt lat="37.986963" lon="-122.506083"><ele>220.0</ele></trkpt><trkpt lat="37.987010" lon="-122.506092"><ele>220.7</ele></trkpt><trkpt lat="37.987029" lon="-122.506082"><ele>221.0</ele></trkpt><trkpt lat="37.987113" lon="-122.505977"><ele>220.8</ele></trkpt><trkpt lat="37.987204" lon="-122.505882"><ele>220.2</ele></trkpt><trkpt lat="37.987359" lon="-122.505840"><ele>219.4</ele></trkpt><trkpt lat="37.987413" lon="-122.505737"><ele>218.9</ele></trkpt><trkpt lat="37.987416" lon="-122.505719"><ele>218.8</ele></trkpt><trkpt lat="37.987447" lon="-122.505695"><ele>218.6</ele></trkpt><trkpt lat="37.987492" lon="-122.505700"><ele>218.7</ele></trkpt><trkpt lat="37.987524" lon="-122.505669"><ele>218.9</ele></trkpt><trkpt lat="37.987559" lon="-122.505658"><ele>219.1</ele></trkpt><trkpt lat="37.987935" lon="-122.505682"><ele>221.0</ele></trkpt><trkpt lat="37.988079" lon="-122.505663"><ele>222.1</ele></trkpt><trkpt lat="37.988178" lon="-122.505607"><ele>223.2</ele></trkpt><trkpt lat="37.988410" lon="-122.505317"><ele>226.5</ele></trkpt><trkpt lat="37.988657" lon="-122.505124"><ele>224.2</ele></trkpt><trkpt lat="37.988771" lon="-122.505013"><ele>222.8</ele></trkpt><trkpt lat="37.988879" lon="-122.504831"><ele>221.7</ele></trkpt><trkpt lat="37.988958" lon="-122.504578"><ele>222.2</ele></trkpt><trkpt lat="37.989065" lon="-122.504232"><ele>223.0</ele></trkpt><trkpt lat="37.989060" lon="-122.504050"><ele>225.5</ele></trkpt><trkpt lat="37.989075" lon="-122.503913"><ele>227.4</ele></trkpt><trkpt lat="37.989225" lon="-122.503547"><ele>232.2</ele></trkpt><trkpt lat="37.989283" lon="-122.503330"><ele>231.9</ele></trkpt><trkpt lat="37.989497" lon="-122.503084"><ele>231.4</ele></trkpt><trkpt lat="37.989655" lon="-122.502775"><ele>230.7</ele></trkpt><trkpt lat="37.989689" lon="-122.502644"><ele>230.5</ele></trkpt><trkpt lat="37.989734" lon="-122.502473"><ele>230.1</ele></trkpt><trkpt lat="37.989774" lon="-122.502345"><ele>232.0</ele></trkpt><trkpt lat="37.989911" lon="-122.502196"><ele>235.5</ele></trkpt><trkpt lat="37.990135" lon="-122.502084"><ele>240.2</ele></trkpt><trkpt lat="37.990178" lon="-122.502042"><ele>241.2</ele></trkpt><trkpt lat="37.990252" lon="-122.501992"><ele>242.5</ele></trkpt><trkpt lat="37.990325" lon="-122.501940"><ele>243.9</ele></trkpt><trkpt lat="37.990210" lon="-122.501936"><ele>245.8</ele></trkpt><trkpt lat="37.990137" lon="-122.501921"><ele>247.0</ele></trkpt><trkpt lat="37.990085" lon="-122.501897"><ele>247.9</ele></trkpt><trkpt lat="37.990033" lon="-122.501848"><ele>249.0</ele></trkpt><trkpt lat="37.989998" lon="-122.501797"><ele>249.8</ele></trkpt><trkpt lat="37.989977" lon="-122.501744"><ele>250.3</ele></trkpt><trkpt lat="37.989966" lon="-122.501664"><ele>251.1</ele></trkpt><trkpt lat="37.989966" lon="-122.501615"><ele>251.5</ele></trkpt><trkpt lat="37.989986" lon="-122.501563"><ele>252.0</ele></trkpt><trkpt lat="37.990075" lon="-122.501479"><ele>253.3</ele></trkpt><trkpt lat="37.990112" lon="-122.501437"><ele>253.8</ele></trkpt><trkpt lat="37.990130" lon="-122.501351"><ele>254.6</ele></trkpt><trkpt lat="37.990081" lon="-122.501314"><ele>255.3</ele></trkpt><trkpt lat="37.990026" lon="-122.501302"><ele>256.1</ele></trkpt><trkpt lat="37.989979" lon="-122.501320"><ele>257.3</ele></trkpt><trkpt lat="37.989840" lon="-122.501374"><ele>260.8</ele></trkpt><trkpt lat="37.989650" lon="-122.501479"><ele>265.9</ele></trkpt><trkpt lat="37.989398" lon="-122.501547"><ele>271.2</ele></trkpt><trkpt lat="37.989219" lon="-122.501606"><ele>274.4</ele></trkpt><trkpt lat="37.988947" lon="-122.501716"><ele>279.2</ele></trkpt><trkpt lat="37.988866" lon="-122.501737"><ele>280.5</ele></trkpt><trkpt lat="37.988805" lon="-122.501726"><ele>281.6</ele></trkpt><trkpt lat="37.988758" lon="-122.501683"><ele>282.5</ele></trkpt><trkpt lat="37.988794" lon="-122.501595"><ele>283.8</ele></trkpt><trkpt lat="37.988828" lon="-122.501540"><ele>284.7</ele></trkpt><trkpt lat="37.988894" lon="-122.501472"><ele>286.1</ele></trkpt><trkpt lat="37.988960" lon="-122.501406"><ele>287.4</ele></trkpt><trkpt lat="37.989110" lon="-122.501280"><ele>289.8</ele></trkpt><trkpt lat="37.989223" lon="-122.501200"><ele>291.4</ele></trkpt><trkpt lat="37.989321" lon="-122.501106"><ele>293.0</ele></trkpt><trkpt lat="37.989450" lon="-122.500940"><ele>294.7</ele></trkpt><trkpt lat="37.989547" lon="-122.500829"><ele>295.4</ele></trkpt><trkpt lat="37.989707" lon="-122.500653"><ele>296.6</ele></trkpt><trkpt lat="37.989770" lon="-122.500565"><ele>297.1</ele></trkpt><trkpt lat="37.989809" lon="-122.500484"><ele>297.3</ele></trkpt><trkpt lat="37.989820" lon="-122.500389"><ele>297.4</ele></trkpt><trkpt lat="37.989820" lon="-122.500289"><ele>297.5</ele></trkpt><trkpt lat="37.989824" lon="-122.500217"><ele>297.6</ele></trkpt><trkpt lat="37.989846" lon="-122.500131"><ele>297.8</ele></trkpt><trkpt lat="37.989890" lon="-122.500083"><ele>297.9</ele></trkpt><trkpt lat="37.989992" lon="-122.500008"><ele>298.1</ele></trkpt><trkpt lat="37.990056" lon="-122.499978"><ele>298.5</ele></trkpt><trkpt lat="37.990119" lon="-122.499969"><ele>299.1</ele></trkpt><trkpt lat="37.990182" lon="-122.499979"><ele>299.6</ele></trkpt><trkpt lat="37.990241" lon="-122.500002"><ele>300.1</ele></trkpt><trkpt lat="37.990307" lon="-122.500036"><ele>300.7</ele></trkpt><trkpt lat="37.990445" lon="-122.500134"><ele>302.1</ele></trkpt><trkpt lat="37.990568" lon="-122.500242"><ele>302.8</ele></trkpt><trkpt lat="37.990628" lon="-122.500271"><ele>302.8</ele></trkpt><trkpt lat="37.990683" lon="-122.500281"><ele>302.9</ele></trkpt><trkpt lat="37.990758" lon="-122.500271"><ele>303.0</ele></trkpt><trkpt lat="37.990806" lon="-122.500248"><ele>303.0</ele></trkpt><trkpt lat="37.990953" lon="-122.500151"><ele>303.2</ele></trkpt><trkpt lat="37.990993" lon="-122.500129"><ele>303.3</ele></trkpt><trkpt lat="37.991028" lon="-122.500115"><ele>303.4</ele></trkpt><trkpt lat="37.991070" lon="-122.500120"><ele>303.5</ele></trkpt><trkpt lat="37.991102" lon="-122.500139"><ele>303.6</ele></trkpt><trkpt lat="37.991176" lon="-122.500177"><ele>303.9</ele></trkpt><trkpt lat="37.991453" lon="-122.500356"><ele>304.9</ele></trkpt><trkpt lat="37.991691" lon="-122.500535"><ele>306.8</ele></trkpt><trkpt lat="37.991814" lon="-122.500597"><ele>307.8</ele></trkpt><trkpt lat="37.991946" lon="-122.500627"><ele>308.7</ele></trkpt><trkpt lat="37.992285" lon="-122.500652"><ele>309.7</ele></trkpt><trkpt lat="37.992551" lon="-122.500617"><ele>310.5</ele></trkpt><trkpt lat="37.992700" lon="-122.500695"><ele>311.7</ele></trkpt><trkpt lat="37.992817" lon="-122.500719"><ele>312.6</ele></trkpt><trkpt lat="37.992991" lon="-122.500689"><ele>314.0</ele></trkpt><trkpt lat="37.993329" lon="-122.500514"><ele>315.0</ele></trkpt><trkpt lat="37.993475" lon="-122.500425"><ele>315.3</ele></trkpt><trkpt lat="37.993570" lon="-122.500286"><ele>314.9</ele></trkpt><trkpt lat="37.993741" lon="-122.500012"><ele>312.4</ele></trkpt><trkpt lat="37.993844" lon="-122.499877"><ele>311.1</ele></trkpt><trkpt lat="37.993915" lon="-122.499833"><ele>310.3</ele></trkpt><trkpt lat="37.993986" lon="-122.499817"><ele>309.5</ele></trkpt><trkpt lat="37.994137" lon="-122.499832"><ele>307.8</ele></trkpt><trkpt lat="37.994359" lon="-122.499899"><ele>305.2</ele></trkpt><trkpt lat="37.994497" lon="-122.499940"><ele>304.0</ele></trkpt><trkpt lat="37.994718" lon="-122.499978"><ele>302.8</ele></trkpt><trkpt lat="37.994838" lon="-122.500030"><ele>302.1</ele></trkpt><trkpt lat="37.995118" lon="-122.500234"><ele>299.2</ele></trkpt><trkpt lat="37.995198" lon="-122.500264"><ele>298.2</ele></trkpt><trkpt lat="37.995274" lon="-122.500274"><ele>297.4</ele></trkpt><trkpt lat="37.995446" lon="-122.500265"><ele>295.4</ele></trkpt><trkpt lat="37.995620" lon="-122.500230"><ele>294.6</ele></trkpt><trkpt lat="37.995724" lon="-122.500221"><ele>294.1</ele></trkpt><trkpt lat="37.995810" lon="-122.500237"><ele>293.7</ele></trkpt><trkpt lat="37.995905" lon="-122.500260"><ele>293.3</ele></trkpt><trkpt lat="37.996014" lon="-122.500289"><ele>293.0</ele></trkpt><trkpt lat="37.996024" lon="-122.500291"><ele>293.0</ele></trkpt><trkpt lat="37.996114" lon="-122.500310"><ele>293.2</ele></trkpt><trkpt lat="37.996177" lon="-122.500335"><ele>293.4</ele></trkpt><trkpt lat="37.996235" lon="-122.500377"><ele>293.5</ele></trkpt><trkpt lat="37.996290" lon="-122.500425"><ele>293.6</ele></trkpt><trkpt lat="37.996307" lon="-122.500442"><ele>293.7</ele></trkpt><trkpt lat="37.996370" lon="-122.500511"><ele>293.9</ele></trkpt><trkpt lat="37.996389" lon="-122.500539"><ele>293.9</ele></trkpt><trkpt lat="37.996432" lon="-122.500603"><ele>294.1</ele></trkpt><trkpt lat="37.996471" lon="-122.500672"><ele>294.3</ele></trkpt><trkpt lat="37.996505" lon="-122.500745"><ele>294.7</ele></trkpt><trkpt lat="37.996534" lon="-122.500824"><ele>295.0</ele></trkpt><trkpt lat="37.996535" lon="-122.500894"><ele>295.2</ele></trkpt><trkpt lat="37.996522" lon="-122.500960"><ele>295.5</ele></trkpt><trkpt lat="37.996496" lon="-122.501018"><ele>295.7</ele></trkpt><trkpt lat="37.996414" lon="-122.501128"><ele>296.2</ele></trkpt><trkpt lat="37.996356" lon="-122.501183"><ele>296.6</ele></trkpt><trkpt lat="37.996317" lon="-122.501227"><ele>296.8</ele></trkpt><trkpt lat="37.996280" lon="-122.501276"><ele>297.1</ele></trkpt><trkpt lat="37.996237" lon="-122.501344"><ele>297.5</ele></trkpt><trkpt lat="37.996216" lon="-122.501393"><ele>297.7</ele></trkpt><trkpt lat="37.996210" lon="-122.501448"><ele>297.9</ele></trkpt><trkpt lat="37.996213" lon="-122.501496"><ele>298.1</ele></trkpt><trkpt lat="37.996241" lon="-122.501554"><ele>298.4</ele></trkpt><trkpt lat="37.996270" lon="-122.501591"><ele>298.6</ele></trkpt><trkpt lat="37.996313" lon="-122.501615"><ele>298.8</ele></trkpt><trkpt lat="37.996383" lon="-122.501650"><ele>299.2</ele></trkpt><trkpt lat="37.996648" lon="-122.501702"><ele>300.3</ele></trkpt><trkpt lat="37.996730" lon="-122.501744"><ele>300.6</ele></trkpt><trkpt lat="37.996790" lon="-122.501790"><ele>300.9</ele></trkpt><trkpt lat="37.996854" lon="-122.501856"><ele>301.3</ele></trkpt><trkpt lat="37.996887" lon="-122.501897"><ele>301.4</ele></trkpt><trkpt lat="37.996950" lon="-122.501981"><ele>301.5</ele></trkpt><trkpt lat="37.997214" lon="-122.502314"><ele>302.0</ele></trkpt><trkpt lat="37.997503" lon="-122.502589"><ele>300.7</ele></trkpt><trkpt lat="37.997645" lon="-122.502726"><ele>299.8</ele></trkpt><trkpt lat="37.997782" lon="-122.502881"><ele>298.1</ele></trkpt><trkpt lat="37.998083" lon="-122.503501"><ele>290.8</ele></trkpt><trkpt lat="37.998148" lon="-122.503643"><ele>289.1</ele></trkpt><trkpt lat="37.998157" lon="-122.503662"><ele>288.9</ele></trkpt><trkpt lat="37.998228" lon="-122.503789"><ele>287.2</ele></trkpt><trkpt lat="37.998398" lon="-122.503996"><ele>284.2</ele></trkpt><trkpt lat="37.998578" lon="-122.504145"><ele>281.5</ele></trkpt><trkpt lat="37.998710" lon="-122.504213"><ele>279.7</ele></trkpt><trkpt lat="37.998860" lon="-122.504242"><ele>277.4</ele></trkpt><trkpt lat="37.998965" lon="-122.504225"><ele>275.3</ele></trkpt><trkpt lat="37.999504" lon="-122.504018"><ele>264.5</ele></trkpt><trkpt lat="37.999627" lon="-122.503991"><ele>262.2</ele></trkpt><trkpt lat="37.999778" lon="-122.504000"><ele>259.5</ele></trkpt><trkpt lat="38.000137" lon="-122.504167"><ele>254.4</ele></trkpt><trkpt lat="38.000279" lon="-122.504180"><ele>252.7</ele></trkpt><trkpt lat="38.000474" lon="-122.504143"><ele>249.9</ele></trkpt><trkpt lat="38.000607" lon="-122.504137"><ele>247.7</ele></trkpt><trkpt lat="38.000720" lon="-122.504164"><ele>245.8</ele></trkpt><trkpt lat="38.000829" lon="-122.504216"><ele>243.9</ele></trkpt><trkpt lat="38.000946" lon="-122.504335"><ele>241.0</ele></trkpt><trkpt lat="38.001003" lon="-122.504436"><ele>238.8</ele></trkpt><trkpt lat="38.001091" lon="-122.504683"><ele>234.1</ele></trkpt><trkpt lat="38.001144" lon="-122.504831"><ele>231.3</ele></trkpt><trkpt lat="38.001213" lon="-122.505024"><ele>229.3</ele></trkpt><trkpt lat="38.001325" lon="-122.505308"><ele>226.8</ele></trkpt><trkpt lat="38.001416" lon="-122.505403"><ele>225.6</ele></trkpt><trkpt lat="38.001505" lon="-122.505431"><ele>225.2</ele></trkpt><trkpt lat="38.001598" lon="-122.505433"><ele>225.2</ele></trkpt><trkpt lat="38.001643" lon="-122.505428"><ele>225.2</ele></trkpt><trkpt lat="38.001779" lon="-122.505372"><ele>225.2</ele></trkpt><trkpt lat="38.001921" lon="-122.505279"><ele>225.2</ele></trkpt><trkpt lat="38.002009" lon="-122.505223"><ele>225.0</ele></trkpt><trkpt lat="38.001930" lon="-122.504919"><ele>223.7</ele></trkpt><trkpt lat="38.001824" lon="-122.504750"><ele>222.8</ele></trkpt><trkpt lat="38.001712" lon="-122.504634"><ele>222.5</ele></trkpt><trkpt lat="38.001526" lon="-122.504552"><ele>222.5</ele></trkpt><trkpt lat="38.001441" lon="-122.504495"><ele>222.5</ele></trkpt><trkpt lat="38.001412" lon="-122.504466"><ele>222.5</ele></trkpt><trkpt lat="38.001394" lon="-122.504398"><ele>222.5</ele></trkpt><trkpt lat="38.001400" lon="-122.504321"><ele>222.5</ele></trkpt><trkpt lat="38.001434" lon="-122.504191"><ele>224.2</ele></trkpt><trkpt lat="38.001489" lon="-122.504080"><ele>225.8</ele></trkpt><trkpt lat="38.001554" lon="-122.503972"><ele>227.5</ele></trkpt><trkpt lat="38.001600" lon="-122.503916"><ele>228.6</ele></trkpt><trkpt lat="38.001580" lon="-122.503783"><ele>230.3</ele></trkpt><trkpt lat="38.001562" lon="-122.503738"><ele>230.9</ele></trkpt><trkpt lat="38.001531" lon="-122.503715"><ele>231.3</ele></trkpt><trkpt lat="38.001416" lon="-122.503676"><ele>231.1</ele></trkpt><trkpt lat="38.001288" lon="-122.503644"><ele>230.8</ele></trkpt><trkpt lat="38.001257" lon="-122.503623"><ele>230.7</ele></trkpt><trkpt lat="38.001161" lon="-122.503488"><ele>230.4</ele></trkpt><trkpt lat="38.001121" lon="-122.503465"><ele>230.3</ele></trkpt><trkpt lat="38.001076" lon="-122.503452"><ele>230.1</ele></trkpt><trkpt lat="38.000999" lon="-122.503467"><ele>230.2</ele></trkpt><trkpt lat="38.000898" lon="-122.503480"><ele>230.4</ele></trkpt><trkpt lat="38.000799" lon="-122.503601"><ele>230.6</ele></trkpt><trkpt lat="38.000734" lon="-122.503614"><ele>230.8</ele></trkpt><trkpt lat="38.000574" lon="-122.503549"><ele>231.0</ele></trkpt><trkpt lat="38.000490" lon="-122.503541"><ele>229.8</ele></trkpt><trkpt lat="38.000368" lon="-122.503451"><ele>227.8</ele></trkpt><trkpt lat="38.000166" lon="-122.503262"><ele>224.2</ele></trkpt><trkpt lat="37.999856" lon="-122.503133"><ele>219.5</ele></trkpt><trkpt lat="37.999715" lon="-122.503096"><ele>217.5</ele></trkpt><trkpt lat="37.999683" lon="-122.503075"><ele>217.0</ele></trkpt><trkpt lat="37.999657" lon="-122.503046"><ele>216.5</ele></trkpt><trkpt lat="37.999646" lon="-122.503006"><ele>216.0</ele></trkpt><trkpt lat="37.999643" lon="-122.502959"><ele>215.5</ele></trkpt><trkpt lat="37.999650" lon="-122.502916"><ele>214.7</ele></trkpt><trkpt lat="37.999664" lon="-122.502874"><ele>213.9</ele></trkpt><trkpt lat="37.999688" lon="-122.502865"><ele>213.4</ele></trkpt><trkpt lat="37.999713" lon="-122.502862"><ele>212.8</ele></trkpt><trkpt lat="37.999761" lon="-122.502842"><ele>211.7</ele></trkpt><trkpt lat="37.999815" lon="-122.502794"><ele>210.3</ele></trkpt><trkpt lat="37.999861" lon="-122.502742"><ele>208.9</ele></trkpt><trkpt lat="38.000059" lon="-122.502409"><ele>202.7</ele></trkpt><trkpt lat="38.000213" lon="-122.502338"><ele>201.2</ele></trkpt><trkpt lat="38.000251" lon="-122.502305"><ele>200.7</ele></trkpt><trkpt lat="38.000285" lon="-122.502266"><ele>200.3</ele></trkpt><trkpt lat="38.000398" lon="-122.502079"><ele>198.5</ele></trkpt><trkpt lat="38.000453" lon="-122.501961"><ele>197.2</ele></trkpt><trkpt lat="38.000493" lon="-122.501893"><ele>196.5</ele></trkpt><trkpt lat="38.000515" lon="-122.501802"><ele>195.6</ele></trkpt><trkpt lat="38.000533" lon="-122.501737"><ele>195.0</ele></trkpt><trkpt lat="38.000536" lon="-122.501683"><ele>194.5</ele></trkpt><trkpt lat="38.000537" lon="-122.501627"><ele>193.9</ele></trkpt><trkpt lat="38.000534" lon="-122.501550"><ele>193.2</ele></trkpt><trkpt lat="38.000538" lon="-122.501389"><ele>192.2</ele></trkpt><trkpt lat="38.000617" lon="-122.501133"><ele>194.3</ele></trkpt><trkpt lat="38.000623" lon="-122.501089"><ele>194.7</ele></trkpt><trkpt lat="38.000626" lon="-122.501042"><ele>195.0</ele></trkpt><trkpt lat="38.000617" lon="-122.500998"><ele>195.4</ele></trkpt><trkpt lat="38.000598" lon="-122.500961"><ele>195.7</ele></trkpt><trkpt lat="38.000574" lon="-122.500926"><ele>196.1</ele></trkpt><trkpt lat="38.000530" lon="-122.500890"><ele>196.6</ele></trkpt><trkpt lat="38.000481" lon="-122.500858"><ele>197.1</ele></trkpt><trkpt lat="38.000205" lon="-122.500784"><ele>199.8</ele></trkpt><trkpt lat="38.000136" lon="-122.500791"><ele>200.5</ele></trkpt><trkpt lat="38.000075" lon="-122.500775"><ele>201.1</ele></trkpt><trkpt lat="38.000021" lon="-122.500784"><ele>201.6</ele></trkpt><trkpt lat="37.999943" lon="-122.500784"><ele>202.4</ele></trkpt><trkpt lat="37.999907" lon="-122.500771"><ele>202.8</ele></trkpt><trkpt lat="37.999881" lon="-122.500748"><ele>203.2</ele></trkpt><trkpt lat="37.999847" lon="-122.500729"><ele>203.6</ele></trkpt><trkpt lat="37.999816" lon="-122.500724"><ele>203.9</ele></trkpt><trkpt lat="37.999757" lon="-122.500725"><ele>204.6</ele></trkpt><trkpt lat="37.999720" lon="-122.500721"><ele>205.0</ele></trkpt><trkpt lat="37.999709" lon="-122.500692"><ele>205.3</ele></trkpt><trkpt lat="37.999699" lon="-122.500661"><ele>205.6</ele></trkpt><trkpt lat="37.999713" lon="-122.500612"><ele>206.1</ele></trkpt><trkpt lat="37.999733" lon="-122.500559"><ele>206.6</ele></trkpt><trkpt lat="37.999747" lon="-122.500457"><ele>207.5</ele></trkpt><trkpt lat="37.999766" lon="-122.500343"><ele>208.6</ele></trkpt><trkpt lat="37.999766" lon="-122.500287"><ele>209.1</ele></trkpt><trkpt lat="37.999755" lon="-122.500230"><ele>209.6</ele></trkpt><trkpt lat="37.999736" lon="-122.500177"><ele>210.2</ele></trkpt><trkpt lat="37.999712" lon="-122.500128"><ele>210.7</ele></trkpt><trkpt lat="37.999677" lon="-122.500095"><ele>211.2</ele></trkpt><trkpt lat="37.999637" lon="-122.500067"><ele>211.7</ele></trkpt><trkpt lat="37.999603" lon="-122.500049"><ele>212.2</ele></trkpt><trkpt lat="37.999570" lon="-122.500037"><ele>212.6</ele></trkpt><trkpt lat="37.999433" lon="-122.500059"><ele>214.1</ele></trkpt><trkpt lat="37.999362" lon="-122.500092"><ele>214.8</ele></trkpt><trkpt lat="37.999298" lon="-122.500142"><ele>214.0</ele></trkpt><trkpt lat="37.999141" lon="-122.500192"><ele>212.3</ele></trkpt><trkpt lat="37.999117" lon="-122.500206"><ele>212.1</ele></trkpt><trkpt lat="37.999058" lon="-122.500211"><ele>211.5</ele></trkpt><trkpt lat="37.999028" lon="-122.500224"><ele>211.2</ele></trkpt><trkpt lat="37.999002" lon="-122.500244"><ele>210.8</ele></trkpt><trkpt lat="37.998989" lon="-122.500286"><ele>210.5</ele></trkpt><trkpt lat="37.998985" lon="-122.500326"><ele>210.1</ele></trkpt><trkpt lat="37.998978" lon="-122.500362"><ele>209.9</ele></trkpt><trkpt lat="37.998959" lon="-122.500365"><ele>209.7</ele></trkpt><trkpt lat="37.998939" lon="-122.500363"><ele>209.5</ele></trkpt><trkpt lat="37.998899" lon="-122.500353"><ele>209.0</ele></trkpt><trkpt lat="37.998863" lon="-122.500367"><ele>208.7</ele></trkpt><trkpt lat="37.998827" lon="-122.500385"><ele>208.3</ele></trkpt><trkpt lat="37.998803" lon="-122.500403"><ele>208.0</ele></trkpt><trkpt lat="37.998777" lon="-122.500418"><ele>207.7</ele></trkpt><trkpt lat="37.998757" lon="-122.500417"><ele>207.5</ele></trkpt><trkpt lat="37.998736" lon="-122.500415"><ele>207.3</ele></trkpt><trkpt lat="37.998763" lon="-122.500392"><ele>206.9</ele></trkpt><trkpt lat="37.998794" lon="-122.500377"><ele>206.6</ele></trkpt><trkpt lat="37.998823" lon="-122.500346"><ele>206.2</ele></trkpt><trkpt lat="37.998868" lon="-122.500319"><ele>205.7</ele></trkpt><trkpt lat="37.998916" lon="-122.500296"><ele>205.2</ele></trkpt><trkpt lat="37.998947" lon="-122.500209"><ele>204.4</ele></trkpt><trkpt lat="37.998971" lon="-122.500170"><ele>204.0</ele></trkpt><trkpt lat="37.999003" lon="-122.500144"><ele>203.7</ele></trkpt><trkpt lat="37.999063" lon="-122.500103"><ele>203.3</ele></trkpt><trkpt lat="37.999119" lon="-122.500055"><ele>202.8</ele></trkpt><trkpt lat="37.999165" lon="-122.500036"><ele>202.5</ele></trkpt><trkpt lat="37.999317" lon="-122.499936"><ele>201.4</ele></trkpt><trkpt lat="37.999450" lon="-122.499854"><ele>200.4</ele></trkpt><trkpt lat="37.999543" lon="-122.499823"><ele>199.4</ele></trkpt><trkpt lat="37.999935" lon="-122.499870"><ele>195.2</ele></trkpt><trkpt lat="37.999993" lon="-122.499914"><ele>194.5</ele></trkpt><trkpt lat="38.000024" lon="-122.499987"><ele>192.9</ele></trkpt><trkpt lat="38.000038" lon="-122.500342"><ele>185.8</ele></trkpt><trkpt lat="38.000090" lon="-122.500413"><ele>183.9</ele></trkpt><trkpt lat="38.000156" lon="-122.500436"><ele>182.2</ele></trkpt><trkpt lat="38.000351" lon="-122.500453"><ele>179.0</ele></trkpt><trkpt lat="38.000547" lon="-122.500448"><ele>176.2</ele></trkpt><trkpt lat="38.000676" lon="-122.500480"><ele>174.3</ele></trkpt><trkpt lat="38.000831" lon="-122.500564"><ele>172.6</ele></trkpt><trkpt lat="38.001137" lon="-122.500641"><ele>170.2</ele></trkpt><trkpt lat="38.001201" lon="-122.500678"><ele>169.7</ele></trkpt><trkpt lat="38.001251" lon="-122.500752"><ele>169.3</ele></trkpt><trkpt lat="38.001269" lon="-122.500824"><ele>169.9</ele></trkpt><trkpt lat="38.001263" lon="-122.501048"><ele>171.6</ele></trkpt><trkpt lat="38.001238" lon="-122.501179"><ele>172.6</ele></trkpt><trkpt lat="38.001198" lon="-122.501290"><ele>173.5</ele></trkpt><trkpt lat="38.001063" lon="-122.501515"><ele>175.0</ele></trkpt><trkpt lat="38.001016" lon="-122.501634"><ele>175.5</ele></trkpt><trkpt lat="38.000974" lon="-122.501862"><ele>176.3</ele></trkpt><trkpt lat="38.000917" lon="-122.502029"><ele>177.2</ele></trkpt><trkpt lat="38.000877" lon="-122.502336"><ele>179.7</ele></trkpt><trkpt lat="38.000845" lon="-122.502438"><ele>180.7</ele></trkpt><trkpt lat="38.000788" lon="-122.502514"><ele>181.5</ele></trkpt><trkpt lat="38.000741" lon="-122.502588"><ele>182.3</ele></trkpt><trkpt lat="38.000775" lon="-122.502671"><ele>183.3</ele></trkpt><trkpt lat="38.000866" lon="-122.502718"><ele>184.7</ele></trkpt><trkpt lat="38.000966" lon="-122.502762"><ele>186.3</ele></trkpt><trkpt lat="38.001053" lon="-122.502779"><ele>187.6</ele></trkpt><trkpt lat="38.001130" lon="-122.502762"><ele>188.7</ele></trkpt><trkpt lat="38.001377" lon="-122.502608"><ele>191.1</ele></trkpt><trkpt lat="38.001454" lon="-122.502581"><ele>191.4</ele></trkpt><trkpt lat="38.001541" lon="-122.502580"><ele>191.8</ele></trkpt><trkpt lat="38.001600" lon="-122.502601"><ele>192.0</ele></trkpt><trkpt lat="38.001753" lon="-122.502713"><ele>192.3</ele></trkpt><trkpt lat="38.001873" lon="-122.502758"><ele>190.2</ele></trkpt><trkpt lat="38.001991" lon="-122.502742"><ele>188.3</ele></trkpt><trkpt lat="38.002330" lon="-122.502502"><ele>182.3</ele></trkpt><trkpt lat="38.002442" lon="-122.502460"><ele>180.7</ele></trkpt><trkpt lat="38.002547" lon="-122.502461"><ele>179.3</ele></trkpt><trkpt lat="38.002627" lon="-122.502505"><ele>178.2</ele></trkpt><trkpt lat="38.002873" lon="-122.502756"><ele>173.0</ele></trkpt><trkpt lat="38.003001" lon="-122.503102"><ele>167.3</ele></trkpt><trkpt lat="38.003050" lon="-122.503233"><ele>165.6</ele></trkpt><trkpt lat="38.003101" lon="-122.503257"><ele>164.9</ele></trkpt><trkpt lat="38.003191" lon="-122.503175"><ele>163.5</ele></trkpt><trkpt lat="38.003301" lon="-122.503044"><ele>161.6</ele></trkpt><trkpt lat="38.003541" lon="-122.502733"><ele>158.2</ele></trkpt><trkpt lat="38.003609" lon="-122.502577"><ele>157.2</ele></trkpt><trkpt lat="38.003668" lon="-122.502495"><ele>156.5</ele></trkpt><trkpt lat="38.003757" lon="-122.502470"><ele>155.8</ele></trkpt><trkpt lat="38.003850" lon="-122.502521"><ele>154.6</ele></trkpt><trkpt lat="38.003956" lon="-122.502606"><ele>152.7</ele></trkpt><trkpt lat="38.004060" lon="-122.502690"><ele>150.9</ele></trkpt><trkpt lat="38.004175" lon="-122.502913"><ele>147.8</ele></trkpt><trkpt lat="38.004221" lon="-122.502964"><ele>146.8</ele></trkpt><trkpt lat="38.004285" lon="-122.503001"><ele>145.6</ele></trkpt><trkpt lat="38.004385" lon="-122.503003"><ele>143.8</ele></trkpt><trkpt lat="38.004659" lon="-122.502877"><ele>138.7</ele></trkpt><trkpt lat="38.004912" lon="-122.502644"><ele>134.8</ele></trkpt><trkpt lat="38.005155" lon="-122.502531"><ele>131.7</ele></trkpt><trkpt lat="38.005264" lon="-122.502454"><ele>129.8</ele></trkpt><trkpt lat="38.005484" lon="-122.502231"><ele>125.4</ele></trkpt><trkpt lat="38.005622" lon="-122.502043"><ele>122.1</ele></trkpt><trkpt lat="38.005812" lon="-122.501908"><ele>117.9</ele></trkpt><trkpt lat="38.005973" lon="-122.501778"><ele>114.2</ele></trkpt><trkpt lat="38.006055" lon="-122.501704"><ele>112.5</ele></trkpt><trkpt lat="38.006288" lon="-122.501617"><ele>110.2</ele></trkpt><trkpt lat="38.006424" lon="-122.501488"><ele>108.5</ele></trkpt><trkpt lat="38.006488" lon="-122.501438"><ele>107.8</ele></trkpt><trkpt lat="38.006587" lon="-122.501409"><ele>107.2</ele></trkpt><trkpt lat="38.006821" lon="-122.501478"><ele>106.0</ele></trkpt><trkpt lat="38.006998" lon="-122.501478"><ele>105.1</ele></trkpt><trkpt lat="38.007065" lon="-122.501435"><ele>105.0</ele></trkpt><trkpt lat="38.006982" lon="-122.501397"><ele>105.6</ele></trkpt><trkpt lat="38.006889" lon="-122.501392"><ele>106.3</ele></trkpt><trkpt lat="38.006580" lon="-122.501290"><ele>108.7</ele></trkpt><trkpt lat="38.006415" lon="-122.501274"><ele>109.5</ele></trkpt><trkpt lat="38.006238" lon="-122.501360"><ele>110.3</ele></trkpt><trkpt lat="38.006102" lon="-122.501462"><ele>111.0</ele></trkpt><trkpt lat="38.005904" lon="-122.501494"><ele>111.8</ele></trkpt><trkpt lat="38.005730" lon="-122.501703"><ele>112.6</ele></trkpt><trkpt lat="38.005456" lon="-122.501794"><ele>113.1</ele></trkpt><trkpt lat="38.005342" lon="-122.501934"><ele>113.1</ele></trkpt><trkpt lat="38.005333" lon="-122.501859"><ele>113.1</ele></trkpt><trkpt lat="38.005371" lon="-122.501762"><ele>113.1</ele></trkpt><trkpt lat="38.005434" lon="-122.501714"><ele>113.1</ele></trkpt><trkpt lat="38.005582" lon="-122.501665"><ele>113.1</ele></trkpt><trkpt lat="38.005730" lon="-122.501596"><ele>113.1</ele></trkpt><trkpt lat="38.005832" lon="-122.501338"><ele>113.1</ele></trkpt><trkpt lat="38.006090" lon="-122.501236"><ele>111.9</ele></trkpt><trkpt lat="38.006288" lon="-122.501049"><ele>110.6</ele></trkpt><trkpt lat="38.006445" lon="-122.500963"><ele>109.8</ele></trkpt><trkpt lat="38.006352" lon="-122.500921"><ele>109.3</ele></trkpt><trkpt lat="38.006288" lon="-122.500957"><ele>108.9</ele></trkpt><trkpt lat="38.006187" lon="-122.501000"><ele>108.4</ele></trkpt><trkpt lat="38.006081" lon="-122.501081"><ele>107.8</ele></trkpt><trkpt lat="38.005980" lon="-122.501150"><ele>107.6</ele></trkpt><trkpt lat="38.005845" lon="-122.501091"><ele>107.5</ele></trkpt><trkpt lat="38.005718" lon="-122.501124"><ele>107.4</ele></trkpt><trkpt lat="38.005659" lon="-122.501209"><ele>107.3</ele></trkpt><trkpt lat="38.005625" lon="-122.501295"><ele>107.3</ele></trkpt><trkpt lat="38.005574" lon="-122.501419"><ele>106.3</ele></trkpt><trkpt lat="38.005515" lon="-122.501413"><ele>105.6</ele></trkpt><trkpt lat="38.005426" lon="-122.501376"><ele>104.6</ele></trkpt><trkpt lat="38.005308" lon="-122.501338"><ele>103.2</ele></trkpt><trkpt lat="38.005219" lon="-122.501333"><ele>102.2</ele></trkpt><trkpt lat="38.005139" lon="-122.501413"><ele>101.1</ele></trkpt><trkpt lat="38.005092" lon="-122.501413"><ele>100.8</ele></trkpt><trkpt lat="38.005105" lon="-122.501349"><ele>100.4</ele></trkpt><trkpt lat="38.005151" lon="-122.501290"><ele>100.0</ele></trkpt><trkpt lat="38.005228" lon="-122.501231"><ele>99.4</ele></trkpt><trkpt lat="38.005377" lon="-122.501233"><ele>98.3</ele></trkpt><trkpt lat="38.005527" lon="-122.501226"><ele>97.3</ele></trkpt><trkpt lat="38.005540" lon="-122.501065"><ele>96.6</ele></trkpt><trkpt lat="38.005565" lon="-122.500813"><ele>95.3</ele></trkpt><trkpt lat="38.005623" lon="-122.500641"><ele>94.4</ele></trkpt><trkpt lat="38.005682" lon="-122.500586"><ele>93.9</ele></trkpt><trkpt lat="38.005791" lon="-122.500581"><ele>92.8</ele></trkpt><trkpt lat="38.005926" lon="-122.500662"><ele>91.2</ele></trkpt><trkpt lat="38.005998" lon="-122.500676"><ele>90.5</ele></trkpt><trkpt lat="38.006058" lon="-122.500623"><ele>89.8</ele></trkpt><trkpt lat="38.006129" lon="-122.500513"><ele>88.6</ele></trkpt><trkpt lat="38.006192" lon="-122.500462"><ele>87.9</ele></trkpt><trkpt lat="38.006541" lon="-122.500301"><ele>84.3</ele></trkpt><trkpt lat="38.006580" lon="-122.500239"><ele>83.7</ele></trkpt><trkpt lat="38.006635" lon="-122.499724"><ele>81.4</ele></trkpt><trkpt lat="38.006677" lon="-122.499606"><ele>80.8</ele></trkpt><trkpt lat="38.006736" lon="-122.499520"><ele>80.1</ele></trkpt><trkpt lat="38.006825" lon="-122.499488"><ele>79.1</ele></trkpt><trkpt lat="38.006905" lon="-122.499477"><ele>78.3</ele></trkpt><trkpt lat="38.006998" lon="-122.499466"><ele>77.3</ele></trkpt><trkpt lat="38.007087" lon="-122.499493"><ele>76.3</ele></trkpt><trkpt lat="38.007210" lon="-122.499557"><ele>74.9</ele></trkpt><trkpt lat="38.007269" lon="-122.499536"><ele>74.3</ele></trkpt><trkpt lat="38.007278" lon="-122.499431"><ele>73.7</ele></trkpt><trkpt lat="38.007233" lon="-122.499393"><ele>73.3</ele></trkpt><trkpt lat="38.007099" lon="-122.499369"><ele>72.3</ele></trkpt><trkpt lat="38.007157" lon="-122.499340"><ele>71.9</ele></trkpt><trkpt lat="38.007205" lon="-122.499281"><ele>71.4</ele></trkpt><trkpt lat="38.007214" lon="-122.499236"><ele>71.1</ele></trkpt><trkpt lat="38.007169" lon="-122.498802"><ele>66.9</ele></trkpt><trkpt lat="38.007167" lon="-122.498711"><ele>66.0</ele></trkpt><trkpt lat="38.007193" lon="-122.498620"><ele>65.0</ele></trkpt><trkpt lat="38.007343" lon="-122.498449"><ele>62.4</ele></trkpt><trkpt lat="38.007483" lon="-122.498357"><ele>60.4</ele></trkpt><trkpt lat="38.007546" lon="-122.498291"><ele>59.3</ele></trkpt><trkpt lat="38.007576" lon="-122.498218"><ele>58.5</ele></trkpt><trkpt lat="38.007563" lon="-122.498145"><ele>57.8</ele></trkpt><trkpt lat="38.007515" lon="-122.498085"><ele>56.9</ele></trkpt><trkpt lat="38.007254" lon="-122.497941"><ele>53.0</ele></trkpt><trkpt lat="38.007201" lon="-122.497882"><ele>52.1</ele></trkpt><trkpt lat="38.007170" lon="-122.497783"><ele>50.9</ele></trkpt><trkpt lat="38.007163" lon="-122.497642"><ele>49.4</ele></trkpt><trkpt lat="38.007222" lon="-122.497551"><ele>48.8</ele></trkpt><trkpt lat="38.007273" lon="-122.497470"><ele>48.2</ele></trkpt><trkpt lat="38.007218" lon="-122.497406"><ele>47.7</ele></trkpt><trkpt lat="38.007151" lon="-122.497406"><ele>47.2</ele></trkpt><trkpt lat="38.006922" lon="-122.497351"><ele>45.6</ele></trkpt><trkpt lat="38.006800" lon="-122.497264"><ele>43.3</ele></trkpt><trkpt lat="38.006706" lon="-122.497163"><ele>41.2</ele></trkpt><trkpt lat="38.006657" lon="-122.497070"><ele>39.8</ele></trkpt><trkpt lat="38.006620" lon="-122.496840"><ele>36.8</ele></trkpt><trkpt lat="38.006639" lon="-122.496606"><ele>35.5</ele></trkpt><trkpt lat="38.006674" lon="-122.496490"><ele>34.8</ele></trkpt><trkpt lat="38.006762" lon="-122.496318"><ele>33.6</ele></trkpt><trkpt lat="38.006910" lon="-122.496105"><ele>32.0</ele></trkpt><trkpt lat="38.006859" lon="-122.496180"><ele>31.4</ele></trkpt><trkpt lat="38.006720" lon="-122.496255"><ele>30.3</ele></trkpt><trkpt lat="38.006596" lon="-122.496378"><ele>29.1</ele></trkpt><trkpt lat="38.006518" lon="-122.496486"><ele>29.0</ele></trkpt><trkpt lat="38.006423" lon="-122.496727"><ele>29.0</ele></trkpt><trkpt lat="38.006379" lon="-122.496943"><ele>29.0</ele></trkpt><trkpt lat="38.006340" lon="-122.497053"><ele>28.7</ele></trkpt><trkpt lat="38.006300" lon="-122.497287"><ele>27.4</ele></trkpt><trkpt lat="38.006256" lon="-122.497326"><ele>27.1</ele></trkpt><trkpt lat="38.006183" lon="-122.497333"><ele>26.6</ele></trkpt><trkpt lat="38.006114" lon="-122.497305"><ele>26.1</ele></trkpt><trkpt lat="38.006048" lon="-122.497281"><ele>25.7</ele></trkpt><trkpt lat="38.005966" lon="-122.497252"><ele>25.3</ele></trkpt><trkpt lat="38.005945" lon="-122.497252"><ele>25.3</ele></trkpt><trkpt lat="38.005905" lon="-122.497232"><ele>25.2</ele></trkpt><trkpt lat="38.005816" lon="-122.497213"><ele>25.2</ele></trkpt><trkpt lat="38.005705" lon="-122.497203"><ele>25.1</ele></trkpt><trkpt lat="38.005594" lon="-122.497163"><ele>25.1</ele></trkpt><trkpt lat="38.005559" lon="-122.497095"><ele>25.0</ele></trkpt><trkpt lat="38.005529" lon="-122.496988"><ele>24.9</ele></trkpt><trkpt lat="38.005567" lon="-122.496709"><ele>24.6</ele></trkpt><trkpt lat="38.005495" lon="-122.496757"><ele>24.4</ele></trkpt><trkpt lat="38.005423" lon="-122.497122"><ele>24.0</ele></trkpt><trkpt lat="38.005322" lon="-122.497245"><ele>23.9</ele></trkpt><trkpt lat="38.005369" lon="-122.497041"><ele>23.9</ele></trkpt><trkpt lat="38.005385" lon="-122.496961"><ele>23.8</ele></trkpt><trkpt lat="38.005394" lon="-122.496800"><ele>23.7</ele></trkpt><trkpt lat="38.005403" lon="-122.496668"><ele>23.7</ele></trkpt><trkpt lat="38.005335" lon="-122.496405"><ele>23.6</ele></trkpt><trkpt lat="38.005267" lon="-122.496257"><ele>23.5</ele></trkpt><trkpt lat="38.005227" lon="-122.496201"><ele>23.3</ele></trkpt><trkpt lat="38.005184" lon="-122.496159"><ele>22.8</ele></trkpt><trkpt lat="38.005143" lon="-122.496135"><ele>22.4</ele></trkpt><trkpt lat="38.005109" lon="-122.496122"><ele>22.0</ele></trkpt><trkpt lat="38.005064" lon="-122.496104"><ele>21.6</ele></trkpt><trkpt lat="38.005109" lon="-122.496122"><ele>21.7</ele></trkpt><trkpt lat="38.005143" lon="-122.496135"><ele>21.8</ele></trkpt><trkpt lat="38.005184" lon="-122.496159"><ele>21.9</ele></trkpt><trkpt lat="38.005227" lon="-122.496201"><ele>22.0</ele></trkpt><trkpt lat="38.005267" lon="-122.496257"><ele>22.1</ele></trkpt><trkpt lat="38.005335" lon="-122.496405"><ele>22.3</ele></trkpt><trkpt lat="38.005403" lon="-122.496668"><ele>22.6</ele></trkpt><trkpt lat="38.005394" lon="-122.496800"><ele>22.6</ele></trkpt><trkpt lat="38.005385" lon="-122.496961"><ele>22.7</ele></trkpt><trkpt lat="38.005369" lon="-122.497041"><ele>22.8</ele></trkpt><trkpt lat="38.005322" lon="-122.497245"><ele>22.8</ele></trkpt><trkpt lat="38.005423" lon="-122.497122"><ele>23.1</ele></trkpt><trkpt lat="38.005495" lon="-122.496757"><ele>23.8</ele></trkpt><trkpt lat="38.005567" lon="-122.496709"><ele>24.0</ele></trkpt><trkpt lat="38.005529" lon="-122.496988"><ele>24.5</ele></trkpt><trkpt lat="38.005559" lon="-122.497095"><ele>24.7</ele></trkpt><trkpt lat="38.005594" lon="-122.497163"><ele>24.8</ele></trkpt><trkpt lat="38.005705" lon="-122.497203"><ele>25.1</ele></trkpt><trkpt lat="38.005816" lon="-122.497213"><ele>25.5</ele></trkpt><trkpt lat="38.005905" lon="-122.497232"><ele>26.1</ele></trkpt><trkpt lat="38.005945" lon="-122.497252"><ele>26.4</ele></trkpt><trkpt lat="38.005966" lon="-122.497252"><ele>26.5</ele></trkpt><trkpt lat="38.006048" lon="-122.497281"><ele>27.1</ele></trkpt><trkpt lat="38.006114" lon="-122.497305"><ele>27.5</ele></trkpt><trkpt lat="38.006183" lon="-122.497333"><ele>28.0</ele></trkpt><trkpt lat="38.006256" lon="-122.497326"><ele>28.5</ele></trkpt><trkpt lat="38.006300" lon="-122.497287"><ele>28.9</ele></trkpt><trkpt lat="38.006340" lon="-122.497053"><ele>29.1</ele></trkpt><trkpt lat="38.006379" lon="-122.496943"><ele>29.1</ele></trkpt><trkpt lat="38.006423" lon="-122.496727"><ele>29.2</ele></trkpt><trkpt lat="38.006518" lon="-122.496486"><ele>30.1</ele></trkpt><trkpt lat="38.006596" lon="-122.496378"><ele>31.0</ele></trkpt><trkpt lat="38.006720" lon="-122.496255"><ele>32.1</ele></trkpt><trkpt lat="38.006859" lon="-122.496180"><ele>33.2</ele></trkpt><trkpt lat="38.006910" lon="-122.496105"><ele>33.8</ele></trkpt><trkpt lat="38.006762" lon="-122.496318"><ele>35.5</ele></trkpt><trkpt lat="38.006674" lon="-122.496490"><ele>36.7</ele></trkpt><trkpt lat="38.006639" lon="-122.496606"><ele>37.4</ele></trkpt><trkpt lat="38.006620" lon="-122.496840"><ele>38.7</ele></trkpt><trkpt lat="38.006657" lon="-122.497070"><ele>40.0</ele></trkpt><trkpt lat="38.006706" lon="-122.497163"><ele>40.7</ele></trkpt><trkpt lat="38.006800" lon="-122.497264"><ele>41.5</ele></trkpt><trkpt lat="38.006922" lon="-122.497351"><ele>42.4</ele></trkpt><trkpt lat="38.007151" lon="-122.497406"><ele>43.8</ele></trkpt><trkpt lat="38.007218" lon="-122.497406"><ele>44.2</ele></trkpt><trkpt lat="38.007273" lon="-122.497470"><ele>45.0</ele></trkpt><trkpt lat="38.007222" lon="-122.497551"><ele>46.1</ele></trkpt><trkpt lat="38.007163" lon="-122.497642"><ele>47.4</ele></trkpt><trkpt lat="38.007170" lon="-122.497783"><ele>48.9</ele></trkpt><trkpt lat="38.007201" lon="-122.497882"><ele>50.0</ele></trkpt><trkpt lat="38.007254" lon="-122.497941"><ele>51.0</ele></trkpt><trkpt lat="38.007515" lon="-122.498085"><ele>54.7</ele></trkpt><trkpt lat="38.007563" lon="-122.498145"><ele>55.6</ele></trkpt><trkpt lat="38.007576" lon="-122.498218"><ele>56.4</ele></trkpt><trkpt lat="38.007546" lon="-122.498291"><ele>57.2</ele></trkpt><trkpt lat="38.007483" lon="-122.498357"><ele>58.3</ele></trkpt><trkpt lat="38.007343" lon="-122.498449"><ele>60.3</ele></trkpt><trkpt lat="38.007193" lon="-122.498620"><ele>62.9</ele></trkpt><trkpt lat="38.007167" lon="-122.498711"><ele>63.8</ele></trkpt><trkpt lat="38.007169" lon="-122.498802"><ele>64.8</ele></trkpt><trkpt lat="38.007214" lon="-122.499236"><ele>67.6</ele></trkpt><trkpt lat="38.007205" lon="-122.499281"><ele>67.9</ele></trkpt><trkpt lat="38.007157" lon="-122.499340"><ele>68.3</ele></trkpt><trkpt lat="38.007099" lon="-122.499369"><ele>68.7</ele></trkpt><trkpt lat="38.007233" lon="-122.499393"><ele>69.8</ele></trkpt><trkpt lat="38.007278" lon="-122.499431"><ele>70.3</ele></trkpt><trkpt lat="38.007269" lon="-122.499536"><ele>71.2</ele></trkpt><trkpt lat="38.007210" lon="-122.499557"><ele>71.9</ele></trkpt><trkpt lat="38.007087" lon="-122.499493"><ele>73.3</ele></trkpt><trkpt lat="38.006998" lon="-122.499466"><ele>74.3</ele></trkpt><trkpt lat="38.006905" lon="-122.499477"><ele>75.3</ele></trkpt><trkpt lat="38.006825" lon="-122.499488"><ele>76.1</ele></trkpt><trkpt lat="38.006736" lon="-122.499520"><ele>77.0</ele></trkpt><trkpt lat="38.006677" lon="-122.499606"><ele>77.9</ele></trkpt><trkpt lat="38.006635" lon="-122.499724"><ele>78.9</ele></trkpt><trkpt lat="38.006580" lon="-122.500239"><ele>83.1</ele></trkpt><trkpt lat="38.006541" lon="-122.500301"><ele>83.7</ele></trkpt><trkpt lat="38.006192" lon="-122.500462"><ele>87.5</ele></trkpt><trkpt lat="38.006129" lon="-122.500513"><ele>88.3</ele></trkpt><trkpt lat="38.006058" lon="-122.500623"><ele>89.4</ele></trkpt><trkpt lat="38.005998" lon="-122.500676"><ele>90.2</ele></trkpt><trkpt lat="38.005926" lon="-122.500662"><ele>90.9</ele></trkpt><trkpt lat="38.005791" lon="-122.500581"><ele>92.8</ele></trkpt><trkpt lat="38.005682" lon="-122.500586"><ele>94.6</ele></trkpt><trkpt lat="38.005623" lon="-122.500641"><ele>95.7</ele></trkpt><trkpt lat="38.005565" lon="-122.500813"><ele>98.1</ele></trkpt><trkpt lat="38.005540" lon="-122.501065"><ele>100.7</ele></trkpt><trkpt lat="38.005527" lon="-122.501226"><ele>101.5</ele></trkpt><trkpt lat="38.005377" lon="-122.501233"><ele>102.5</ele></trkpt><trkpt lat="38.005228" lon="-122.501231"><ele>103.5</ele></trkpt><trkpt lat="38.005151" lon="-122.501290"><ele>104.1</ele></trkpt><trkpt lat="38.005105" lon="-122.501349"><ele>104.5</ele></trkpt><trkpt lat="38.005092" lon="-122.501413"><ele>104.8</ele></trkpt><trkpt lat="38.005139" lon="-122.501413"><ele>105.1</ele></trkpt><trkpt lat="38.005219" lon="-122.501333"><ele>105.8</ele></trkpt><trkpt lat="38.005308" lon="-122.501338"><ele>106.3</ele></trkpt><trkpt lat="38.005426" lon="-122.501376"><ele>107.1</ele></trkpt><trkpt lat="38.005515" lon="-122.501413"><ele>107.3</ele></trkpt><trkpt lat="38.005574" lon="-122.501419"><ele>107.4</ele></trkpt><trkpt lat="38.005625" lon="-122.501295"><ele>107.4</ele></trkpt><trkpt lat="38.005659" lon="-122.501209"><ele>107.5</ele></trkpt><trkpt lat="38.005718" lon="-122.501124"><ele>107.5</ele></trkpt><trkpt lat="38.005845" lon="-122.501091"><ele>107.6</ele></trkpt><trkpt lat="38.005980" lon="-122.501150"><ele>107.6</ele></trkpt><trkpt lat="38.006081" lon="-122.501081"><ele>107.6</ele></trkpt><trkpt lat="38.006187" lon="-122.501000"><ele>107.6</ele></trkpt><trkpt lat="38.006288" lon="-122.500957"><ele>107.6</ele></trkpt><trkpt lat="38.006352" lon="-122.500921"><ele>107.6</ele></trkpt><trkpt lat="38.006445" lon="-122.500963"><ele>108.1</ele></trkpt><trkpt lat="38.006288" lon="-122.501049"><ele>109.0</ele></trkpt><trkpt lat="38.006090" lon="-122.501236"><ele>110.2</ele></trkpt><trkpt lat="38.005832" lon="-122.501338"><ele>110.3</ele></trkpt><trkpt lat="38.005730" lon="-122.501596"><ele>110.3</ele></trkpt><trkpt lat="38.005582" lon="-122.501665"><ele>110.3</ele></trkpt><trkpt lat="38.005434" lon="-122.501714"><ele>110.3</ele></trkpt><trkpt lat="38.005371" lon="-122.501762"><ele>110.3</ele></trkpt><trkpt lat="38.005333" lon="-122.501859"><ele>110.3</ele></trkpt><trkpt lat="38.005342" lon="-122.501934"><ele>110.3</ele></trkpt><trkpt lat="38.005456" lon="-122.501794"><ele>110.1</ele></trkpt><trkpt lat="38.005730" lon="-122.501703"><ele>109.1</ele></trkpt><trkpt lat="38.005904" lon="-122.501494"><ele>108.4</ele></trkpt><trkpt lat="38.006102" lon="-122.501462"><ele>107.8</ele></trkpt><trkpt lat="38.006238" lon="-122.501360"><ele>107.3</ele></trkpt><trkpt lat="38.006415" lon="-122.501274"><ele>106.7</ele></trkpt><trkpt lat="38.006580" lon="-122.501290"><ele>106.0</ele></trkpt><trkpt lat="38.006889" lon="-122.501392"><ele>104.6</ele></trkpt><trkpt lat="38.006982" lon="-122.501397"><ele>105.0</ele></trkpt><trkpt lat="38.007065" lon="-122.501435"><ele>105.4</ele></trkpt><trkpt lat="38.006998" lon="-122.501478"><ele>105.7</ele></trkpt><trkpt lat="38.006821" lon="-122.501478"><ele>106.5</ele></trkpt><trkpt lat="38.006587" lon="-122.501409"><ele>107.7</ele></trkpt><trkpt lat="38.006488" lon="-122.501438"><ele>108.2</ele></trkpt><trkpt lat="38.006424" lon="-122.501488"><ele>108.6</ele></trkpt><trkpt lat="38.006288" lon="-122.501617"><ele>109.4</ele></trkpt><trkpt lat="38.006055" lon="-122.501704"><ele>113.2</ele></trkpt><trkpt lat="38.005973" lon="-122.501778"><ele>115.1</ele></trkpt><trkpt lat="38.005812" lon="-122.501908"><ele>118.8</ele></trkpt><trkpt lat="38.005622" lon="-122.502043"><ele>123.0</ele></trkpt><trkpt lat="38.005484" lon="-122.502231"><ele>126.9</ele></trkpt><trkpt lat="38.005264" lon="-122.502454"><ele>132.6</ele></trkpt><trkpt lat="38.005155" lon="-122.502531"><ele>135.2</ele></trkpt><trkpt lat="38.004912" lon="-122.502644"><ele>140.8</ele></trkpt><trkpt lat="38.004659" lon="-122.502877"><ele>146.6</ele></trkpt><trkpt lat="38.004385" lon="-122.503003"><ele>151.7</ele></trkpt><trkpt lat="38.004285" lon="-122.503001"><ele>153.6</ele></trkpt><trkpt lat="38.004221" lon="-122.502964"><ele>155.0</ele></trkpt><trkpt lat="38.004175" lon="-122.502913"><ele>156.2</ele></trkpt><trkpt lat="38.004060" lon="-122.502690"><ele>160.2</ele></trkpt><trkpt lat="38.003956" lon="-122.502606"><ele>162.3</ele></trkpt><trkpt lat="38.003850" lon="-122.502521"><ele>163.4</ele></trkpt><trkpt lat="38.003757" lon="-122.502470"><ele>164.3</ele></trkpt><trkpt lat="38.003668" lon="-122.502495"><ele>165.0</ele></trkpt><trkpt lat="38.003609" lon="-122.502577"><ele>165.8</ele></trkpt><trkpt lat="38.003541" lon="-122.502733"><ele>166.8</ele></trkpt><trkpt lat="38.003301" lon="-122.503044"><ele>167.6</ele></trkpt><trkpt lat="38.003191" lon="-122.503175"><ele>167.9</ele></trkpt><trkpt lat="38.003101" lon="-122.503257"><ele>168.5</ele></trkpt><trkpt lat="38.003050" lon="-122.503233"><ele>168.8</ele></trkpt><trkpt lat="38.003001" lon="-122.503102"><ele>169.5</ele></trkpt><trkpt lat="38.002873" lon="-122.502756"><ele>171.5</ele></trkpt><trkpt lat="38.002627" lon="-122.502505"><ele>175.8</ele></trkpt><trkpt lat="38.002547" lon="-122.502461"><ele>177.0</ele></trkpt><trkpt lat="38.002442" lon="-122.502460"><ele>178.5</ele></trkpt><trkpt lat="38.002330" lon="-122.502502"><ele>179.8</ele></trkpt><trkpt lat="38.001991" lon="-122.502742"><ele>184.3</ele></trkpt><trkpt lat="38.001873" lon="-122.502758"><ele>184.8</ele></trkpt><trkpt lat="38.001753" lon="-122.502713"><ele>184.3</ele></trkpt><trkpt lat="38.001600" lon="-122.502601"><ele>183.6</ele></trkpt><trkpt lat="38.001541" lon="-122.502580"><ele>183.3</ele></trkpt><trkpt lat="38.001454" lon="-122.502581"><ele>183.0</ele></trkpt><trkpt lat="38.001377" lon="-122.502608"><ele>182.6</ele></trkpt><trkpt lat="38.001130" lon="-122.502762"><ele>181.2</ele></trkpt><trkpt lat="38.001053" lon="-122.502779"><ele>180.8</ele></trkpt><trkpt lat="38.000966" lon="-122.502762"><ele>180.4</ele></trkpt><trkpt lat="38.000866" lon="-122.502718"><ele>179.3</ele></trkpt><trkpt lat="38.000775" lon="-122.502671"><ele>177.9</ele></trkpt><trkpt lat="38.000741" lon="-122.502588"><ele>176.8</ele></trkpt><trkpt lat="38.000788" lon="-122.502514"><ele>175.8</ele></trkpt><trkpt lat="38.000845" lon="-122.502438"><ele>174.6</ele></trkpt><trkpt lat="38.000877" lon="-122.502336"><ele>173.4</ele></trkpt><trkpt lat="38.000917" lon="-122.502029"><ele>169.1</ele></trkpt><trkpt lat="38.000974" lon="-122.501862"><ele>166.5</ele></trkpt><trkpt lat="38.001016" lon="-122.501634"><ele>163.1</ele></trkpt><trkpt lat="38.001063" lon="-122.501515"><ele>162.1</ele></trkpt><trkpt lat="38.001198" lon="-122.501290"><ele>161.0</ele></trkpt><trkpt lat="38.001238" lon="-122.501179"><ele>160.5</ele></trkpt><trkpt lat="38.001263" lon="-122.501048"><ele>159.9</ele></trkpt><trkpt lat="38.001269" lon="-122.500824"><ele>161.2</ele></trkpt><trkpt lat="38.001251" lon="-122.500752"><ele>161.9</ele></trkpt><trkpt lat="38.001201" lon="-122.500678"><ele>162.8</ele></trkpt><trkpt lat="38.001137" lon="-122.500641"><ele>163.6</ele></trkpt><trkpt lat="38.000831" lon="-122.500564"><ele>167.4</ele></trkpt><trkpt lat="38.000676" lon="-122.500480"><ele>169.7</ele></trkpt><trkpt lat="38.000547" lon="-122.500448"><ele>171.5</ele></trkpt><trkpt lat="38.000351" lon="-122.500453"><ele>174.9</ele></trkpt><trkpt lat="38.000156" lon="-122.500436"><ele>179.6</ele></trkpt><trkpt lat="38.000090" lon="-122.500413"><ele>181.3</ele></trkpt><trkpt lat="38.000038" lon="-122.500342"><ele>183.2</ele></trkpt><trkpt lat="38.000024" lon="-122.499987"><ele>190.1</ele></trkpt><trkpt lat="37.999993" lon="-122.499914"><ele>191.7</ele></trkpt><trkpt lat="37.999935" lon="-122.499870"><ele>193.4</ele></trkpt><trkpt lat="37.999543" lon="-122.499823"><ele>199.9</ele></trkpt><trkpt lat="37.999450" lon="-122.499854"><ele>199.9</ele></trkpt><trkpt lat="37.999317" lon="-122.499936"><ele>199.9</ele></trkpt><trkpt lat="37.999165" lon="-122.500036"><ele>199.9</ele></trkpt><trkpt lat="37.999119" lon="-122.500055"><ele>199.9</ele></trkpt><trkpt lat="37.999063" lon="-122.500103"><ele>199.9</ele></trkpt><trkpt lat="37.999003" lon="-122.500144"><ele>199.9</ele></trkpt><trkpt lat="37.998971" lon="-122.500170"><ele>199.9</ele></trkpt><trkpt lat="37.998947" lon="-122.500209"><ele>199.9</ele></trkpt><trkpt lat="37.998916" lon="-122.500296"><ele>199.9</ele></trkpt><trkpt lat="37.998868" lon="-122.500319"><ele>199.9</ele></trkpt><trkpt lat="37.998823" lon="-122.500346"><ele>199.9</ele></trkpt><trkpt lat="37.998794" lon="-122.500377"><ele>199.9</ele></trkpt><trkpt lat="37.998763" lon="-122.500392"><ele>199.9</ele></trkpt><trkpt lat="37.998736" lon="-122.500415"><ele>199.9</ele></trkpt><trkpt lat="37.998648" lon="-122.500403"><ele>199.6</ele></trkpt><trkpt lat="37.998601" lon="-122.500386"><ele>199.3</ele></trkpt><trkpt lat="37.998564" lon="-122.500352"><ele>199.1</ele></trkpt><trkpt lat="37.998563" lon="-122.500294"><ele>198.9</ele></trkpt><trkpt lat="37.998568" lon="-122.500240"><ele>198.7</ele></trkpt><trkpt lat="37.998631" lon="-122.500122"><ele>198.2</ele></trkpt><trkpt lat="37.998640" lon="-122.500077"><ele>198.0</ele></trkpt><trkpt lat="37.998768" lon="-122.499697"><ele>197.3</ele></trkpt><trkpt lat="37.998785" lon="-122.499608"><ele>197.2</ele></trkpt><trkpt lat="37.998798" lon="-122.499149"><ele>195.4</ele></trkpt><trkpt lat="37.998781" lon="-122.499061"><ele>194.3</ele></trkpt><trkpt lat="37.998728" lon="-122.499000"><ele>193.3</ele></trkpt><trkpt lat="37.998625" lon="-122.498963"><ele>191.8</ele></trkpt><trkpt lat="37.998264" lon="-122.498980"><ele>190.1</ele></trkpt><trkpt lat="37.998236" lon="-122.498952"><ele>190.3</ele></trkpt><trkpt lat="37.998224" lon="-122.498911"><ele>190.6</ele></trkpt><trkpt lat="37.998229" lon="-122.498728"><ele>191.6</ele></trkpt><trkpt lat="37.998218" lon="-122.498637"><ele>192.1</ele></trkpt><trkpt lat="37.998196" lon="-122.498603"><ele>192.3</ele></trkpt><trkpt lat="37.998129" lon="-122.498574"><ele>192.7</ele></trkpt><trkpt lat="37.997912" lon="-122.498576"><ele>192.9</ele></trkpt><trkpt lat="37.997878" lon="-122.498560"><ele>192.9</ele></trkpt><trkpt lat="37.997830" lon="-122.498494"><ele>193.0</ele></trkpt><trkpt lat="37.997749" lon="-122.498288"><ele>193.2</ele></trkpt><trkpt lat="37.997677" lon="-122.498185"><ele>193.0</ele></trkpt><trkpt lat="37.997554" lon="-122.498088"><ele>192.6</ele></trkpt><trkpt lat="37.997453" lon="-122.498042"><ele>192.2</ele></trkpt><trkpt lat="37.997310" lon="-122.498021"><ele>191.8</ele></trkpt><trkpt lat="37.997248" lon="-122.497979"><ele>191.3</ele></trkpt><trkpt lat="37.997188" lon="-122.497866"><ele>189.9</ele></trkpt><trkpt lat="37.997179" lon="-122.497684"><ele>187.9</ele></trkpt><trkpt lat="37.997296" lon="-122.497251"><ele>183.5</ele></trkpt><trkpt lat="37.997325" lon="-122.497225"><ele>183.3</ele></trkpt><trkpt lat="37.997506" lon="-122.497222"><ele>182.2</ele></trkpt><trkpt lat="37.997611" lon="-122.497184"><ele>181.5</ele></trkpt><trkpt lat="37.997675" lon="-122.497141"><ele>181.1</ele></trkpt><trkpt lat="37.997728" lon="-122.497080"><ele>180.5</ele></trkpt><trkpt lat="37.997839" lon="-122.496898"><ele>178.1</ele></trkpt><trkpt lat="37.997948" lon="-122.496777"><ele>176.2</ele></trkpt><trkpt lat="37.998018" lon="-122.496672"><ele>174.8</ele></trkpt><trkpt lat="37.998073" lon="-122.496454"><ele>172.7</ele></trkpt><trkpt lat="37.998056" lon="-122.496321"><ele>171.7</ele></trkpt><trkpt lat="37.998011" lon="-122.496250"><ele>171.0</ele></trkpt><trkpt lat="37.997854" lon="-122.496136"><ele>169.2</ele></trkpt><trkpt lat="37.997758" lon="-122.496081"><ele>168.2</ele></trkpt><trkpt lat="37.997947" lon="-122.495858"><ele>166.6</ele></trkpt><trkpt lat="37.998082" lon="-122.495586"><ele>165.0</ele></trkpt><trkpt lat="37.998112" lon="-122.495565"><ele>164.6</ele></trkpt><trkpt lat="37.998147" lon="-122.495573"><ele>164.2</ele></trkpt><trkpt lat="37.998328" lon="-122.495727"><ele>161.3</ele></trkpt><trkpt lat="37.998432" lon="-122.495760"><ele>159.9</ele></trkpt><trkpt lat="37.998501" lon="-122.495738"><ele>159.0</ele></trkpt><trkpt lat="37.998645" lon="-122.495598"><ele>156.6</ele></trkpt><trkpt lat="37.998711" lon="-122.495567"><ele>155.7</ele></trkpt><trkpt lat="37.998772" lon="-122.495611"><ele>154.8</ele></trkpt><trkpt lat="37.998935" lon="-122.495857"><ele>151.5</ele></trkpt><trkpt lat="37.999026" lon="-122.495932"><ele>150.1</ele></trkpt><trkpt lat="37.999161" lon="-122.495995"><ele>148.3</ele></trkpt><trkpt lat="37.999305" lon="-122.495996"><ele>146.4</ele></trkpt><trkpt lat="37.999377" lon="-122.495845"><ele>144.7</ele></trkpt><trkpt lat="37.999371" lon="-122.495708"><ele>143.4</ele></trkpt><trkpt lat="37.999326" lon="-122.495439"><ele>141.3</ele></trkpt><trkpt lat="37.999339" lon="-122.495350"><ele>140.6</ele></trkpt><trkpt lat="37.999395" lon="-122.495295"><ele>140.0</ele></trkpt><trkpt lat="37.999561" lon="-122.495203"><ele>138.8</ele></trkpt><trkpt lat="37.999590" lon="-122.495178"><ele>138.9</ele></trkpt><trkpt lat="37.999630" lon="-122.495102"><ele>139.1</ele></trkpt><trkpt lat="37.999659" lon="-122.494922"><ele>139.5</ele></trkpt><trkpt lat="37.999692" lon="-122.494842"><ele>139.7</ele></trkpt><trkpt lat="37.999720" lon="-122.494815"><ele>139.8</ele></trkpt><trkpt lat="37.999923" lon="-122.494720"><ele>140.9</ele></trkpt><trkpt lat="38.000008" lon="-122.494635"><ele>141.9</ele></trkpt><trkpt lat="38.000022" lon="-122.494593"><ele>142.2</ele></trkpt><trkpt lat="38.000025" lon="-122.494502"><ele>142.8</ele></trkpt><trkpt lat="37.999987" lon="-122.494232"><ele>144.6</ele></trkpt><trkpt lat="38.000034" lon="-122.493918"><ele>146.7</ele></trkpt><trkpt lat="38.000020" lon="-122.493829"><ele>147.3</ele></trkpt><trkpt lat="37.999980" lon="-122.493752"><ele>147.9</ele></trkpt><trkpt lat="37.999924" lon="-122.493693"><ele>148.5</ele></trkpt><trkpt lat="37.999791" lon="-122.493625"><ele>149.6</ele></trkpt><trkpt lat="37.999646" lon="-122.493621"><ele>150.2</ele></trkpt><trkpt lat="37.999431" lon="-122.493645"><ele>151.2</ele></trkpt><trkpt lat="37.999254" lon="-122.493613"><ele>152.3</ele></trkpt><trkpt lat="37.999224" lon="-122.493586"><ele>152.7</ele></trkpt><trkpt lat="37.999189" lon="-122.493507"><ele>153.5</ele></trkpt><trkpt lat="37.999142" lon="-122.493147"><ele>156.8</ele></trkpt><trkpt lat="37.999058" lon="-122.493063"><ele>157.8</ele></trkpt><trkpt lat="37.998815" lon="-122.492983"><ele>157.0</ele></trkpt><trkpt lat="37.998625" lon="-122.492853"><ele>156.3</ele></trkpt><trkpt lat="37.998518" lon="-122.492856"><ele>155.9</ele></trkpt><trkpt lat="37.998352" lon="-122.492943"><ele>155.2</ele></trkpt><trkpt lat="37.998281" lon="-122.493025"><ele>154.8</ele></trkpt><trkpt lat="37.998243" lon="-122.492960"><ele>154.6</ele></trkpt><trkpt lat="37.998261" lon="-122.492845"><ele>154.2</ele></trkpt><trkpt lat="37.998228" lon="-122.492619"><ele>152.0</ele></trkpt><trkpt lat="37.998195" lon="-122.492538"><ele>150.7</ele></trkpt><trkpt lat="37.998099" lon="-122.492429"><ele>148.4</ele></trkpt><trkpt lat="37.997977" lon="-122.492381"><ele>146.2</ele></trkpt><trkpt lat="37.997892" lon="-122.492311"><ele>144.5</ele></trkpt><trkpt lat="37.997960" lon="-122.492258"><ele>144.2</ele></trkpt><trkpt lat="37.998078" lon="-122.492209"><ele>143.8</ele></trkpt><trkpt lat="37.998265" lon="-122.492074"><ele>143.0</ele></trkpt><trkpt lat="37.998357" lon="-122.491827"><ele>141.4</ele></trkpt><trkpt lat="37.998490" lon="-122.491610"><ele>138.6</ele></trkpt><trkpt lat="37.998550" lon="-122.491443"><ele>136.8</ele></trkpt><trkpt lat="37.998576" lon="-122.491310"><ele>135.7</ele></trkpt><trkpt lat="37.998576" lon="-122.491158"><ele>136.1</ele></trkpt><trkpt lat="37.998553" lon="-122.491087"><ele>136.3</ele></trkpt><trkpt lat="37.998504" lon="-122.491021"><ele>136.6</ele></trkpt><trkpt lat="37.998369" lon="-122.490955"><ele>137.1</ele></trkpt><trkpt lat="37.998309" lon="-122.490904"><ele>137.3</ele></trkpt><trkpt lat="37.998266" lon="-122.490832"><ele>137.6</ele></trkpt><trkpt lat="37.998207" lon="-122.490665"><ele>138.1</ele></trkpt><trkpt lat="37.998105" lon="-122.490475"><ele>138.8</ele></trkpt><trkpt lat="37.998016" lon="-122.490401"><ele>139.3</ele></trkpt><trkpt lat="37.997945" lon="-122.490412"><ele>139.6</ele></trkpt><trkpt lat="37.997794" lon="-122.490536"><ele>140.6</ele></trkpt><trkpt lat="37.997726" lon="-122.490569"><ele>141.1</ele></trkpt><trkpt lat="37.997296" lon="-122.490528"><ele>143.5</ele></trkpt><trkpt lat="37.997230" lon="-122.490495"><ele>143.8</ele></trkpt><trkpt lat="37.997189" lon="-122.490421"><ele>144.1</ele></trkpt><trkpt lat="37.997147" lon="-122.490246"><ele>144.8</ele></trkpt><trkpt lat="37.997178" lon="-122.489929"><ele>145.3</ele></trkpt><trkpt lat="37.997173" lon="-122.489838"><ele>145.3</ele></trkpt><trkpt lat="37.997145" lon="-122.489753"><ele>145.2</ele></trkpt><trkpt lat="37.997065" lon="-122.489662"><ele>145.2</ele></trkpt><trkpt lat="37.996997" lon="-122.489635"><ele>145.1</ele></trkpt><trkpt lat="37.996744" lon="-122.489646"><ele>142.0</ele></trkpt><trkpt lat="37.996641" lon="-122.489604"><ele>139.9</ele></trkpt><trkpt lat="37.996581" lon="-122.489554"><ele>138.5</ele></trkpt><trkpt lat="37.996539" lon="-122.489427"><ele>136.4</ele></trkpt><trkpt lat="37.996516" lon="-122.489200"><ele>133.3</ele></trkpt><trkpt lat="37.996485" lon="-122.489118"><ele>132.3</ele></trkpt><trkpt lat="37.996393" lon="-122.488975"><ele>130.1</ele></trkpt><trkpt lat="37.996383" lon="-122.488931"><ele>129.5</ele></trkpt><trkpt lat="37.996394" lon="-122.488888"><ele>129.0</ele></trkpt><trkpt lat="37.996441" lon="-122.488818"><ele>127.9</ele></trkpt><trkpt lat="37.996789" lon="-122.488489"><ele>121.5</ele></trkpt><trkpt lat="37.996892" lon="-122.488448"><ele>119.9</ele></trkpt><trkpt lat="37.997110" lon="-122.488447"><ele>116.1</ele></trkpt><trkpt lat="37.997215" lon="-122.488415"><ele>113.9</ele></trkpt><trkpt lat="37.997297" lon="-122.488324"><ele>111.8</ele></trkpt><trkpt lat="37.997415" lon="-122.488096"><ele>107.7</ele></trkpt><trkpt lat="37.997481" lon="-122.488061"><ele>106.8</ele></trkpt><trkpt lat="37.997590" lon="-122.488058"><ele>105.6</ele></trkpt><trkpt lat="37.997660" lon="-122.488035"><ele>104.7</ele></trkpt><trkpt lat="37.997784" lon="-122.487941"><ele>103.1</ele></trkpt><trkpt lat="37.997904" lon="-122.487769"><ele>101.9</ele></trkpt><trkpt lat="37.998012" lon="-122.487478"><ele>104.1</ele></trkpt><trkpt lat="37.998165" lon="-122.487167"><ele>105.8</ele></trkpt><trkpt lat="37.998156" lon="-122.487077"><ele>105.4</ele></trkpt><trkpt lat="37.998102" lon="-122.487018"><ele>105.1</ele></trkpt><trkpt lat="37.997892" lon="-122.486956"><ele>104.0</ele></trkpt><trkpt lat="37.997720" lon="-122.486883"><ele>103.7</ele></trkpt><trkpt lat="37.997506" lon="-122.486835"><ele>105.3</ele></trkpt><trkpt lat="37.997447" lon="-122.486783"><ele>105.9</ele></trkpt><trkpt lat="37.997376" lon="-122.486660"><ele>106.8</ele></trkpt><trkpt lat="37.997376" lon="-122.486588"><ele>107.2</ele></trkpt><trkpt lat="37.997436" lon="-122.486548"><ele>107.9</ele></trkpt><trkpt lat="37.997558" lon="-122.486447"><ele>109.8</ele></trkpt><trkpt lat="37.997808" lon="-122.486172"><ele>114.0</ele></trkpt><trkpt lat="37.997901" lon="-122.486027"><ele>114.3</ele></trkpt><trkpt lat="37.997925" lon="-122.485939"><ele>114.3</ele></trkpt><trkpt lat="37.997925" lon="-122.485939"><ele>114.3</ele></trkpt><trkpt lat="37.997925" lon="-122.485939"><ele>114.3</ele></trkpt><trkpt lat="37.997901" lon="-122.486027"><ele>114.3</ele></trkpt><trkpt lat="37.997808" lon="-122.486172"><ele>114.3</ele></trkpt><trkpt lat="37.997558" lon="-122.486447"><ele>112.6</ele></trkpt><trkpt lat="37.997436" lon="-122.486548"><ele>111.5</ele></trkpt><trkpt lat="37.997376" lon="-122.486588"><ele>110.9</ele></trkpt><trkpt lat="37.997376" lon="-122.486660"><ele>110.5</ele></trkpt><trkpt lat="37.997447" lon="-122.486783"><ele>109.6</ele></trkpt><trkpt lat="37.997506" lon="-122.486835"><ele>109.0</ele></trkpt><trkpt lat="37.997720" lon="-122.486883"><ele>107.5</ele></trkpt><trkpt lat="37.997892" lon="-122.486956"><ele>106.2</ele></trkpt><trkpt lat="37.998102" lon="-122.487018"><ele>107.0</ele></trkpt><trkpt lat="37.998156" lon="-122.487077"><ele>107.3</ele></trkpt><trkpt lat="37.998165" lon="-122.487167"><ele>107.6</ele></trkpt><trkpt lat="37.998012" lon="-122.487478"><ele>107.3</ele></trkpt><trkpt lat="37.997904" lon="-122.487769"><ele>104.0</ele></trkpt><trkpt lat="37.997784" lon="-122.487941"><ele>101.6</ele></trkpt><trkpt lat="37.997660" lon="-122.488035"><ele>103.1</ele></trkpt><trkpt lat="37.997590" lon="-122.488058"><ele>104.0</ele></trkpt><trkpt lat="37.997481" lon="-122.488061"><ele>105.3</ele></trkpt><trkpt lat="37.997415" lon="-122.488096"><ele>106.1</ele></trkpt><trkpt lat="37.997297" lon="-122.488324"><ele>109.2</ele></trkpt><trkpt lat="37.997215" lon="-122.488415"><ele>111.3</ele></trkpt><trkpt lat="37.997110" lon="-122.488447"><ele>113.4</ele></trkpt><trkpt lat="37.996892" lon="-122.488448"><ele>117.6</ele></trkpt><trkpt lat="37.996789" lon="-122.488489"><ele>119.4</ele></trkpt><trkpt lat="37.996441" lon="-122.488818"><ele>125.8</ele></trkpt><trkpt lat="37.996394" lon="-122.488888"><ele>126.9</ele></trkpt><trkpt lat="37.996383" lon="-122.488931"><ele>127.5</ele></trkpt><trkpt lat="37.996393" lon="-122.488975"><ele>128.0</ele></trkpt><trkpt lat="37.996485" lon="-122.489118"><ele>130.2</ele></trkpt><trkpt lat="37.996516" lon="-122.489200"><ele>131.3</ele></trkpt><trkpt lat="37.996539" lon="-122.489427"><ele>134.1</ele></trkpt><trkpt lat="37.996581" lon="-122.489554"><ele>135.6</ele></trkpt><trkpt lat="37.996641" lon="-122.489604"><ele>136.4</ele></trkpt><trkpt lat="37.996744" lon="-122.489646"><ele>137.7</ele></trkpt><trkpt lat="37.996997" lon="-122.489635"><ele>140.8</ele></trkpt><trkpt lat="37.997065" lon="-122.489662"><ele>141.4</ele></trkpt><trkpt lat="37.997145" lon="-122.489753"><ele>141.5</ele></trkpt><trkpt lat="37.997173" lon="-122.489838"><ele>141.5</ele></trkpt><trkpt lat="37.997178" lon="-122.489929"><ele>141.6</ele></trkpt><trkpt lat="37.997147" lon="-122.490246"><ele>141.7</ele></trkpt><trkpt lat="37.997189" lon="-122.490421"><ele>139.2</ele></trkpt><trkpt lat="37.997230" lon="-122.490495"><ele>137.8</ele></trkpt><trkpt lat="37.997296" lon="-122.490528"><ele>136.4</ele></trkpt><trkpt lat="37.997726" lon="-122.490569"><ele>130.4</ele></trkpt><trkpt lat="37.997794" lon="-122.490536"><ele>130.0</ele></trkpt><trkpt lat="37.997945" lon="-122.490412"><ele>129.0</ele></trkpt><trkpt lat="37.998016" lon="-122.490401"><ele>128.6</ele></trkpt><trkpt lat="37.998105" lon="-122.490475"><ele>128.1</ele></trkpt><trkpt lat="37.998207" lon="-122.490665"><ele>127.4</ele></trkpt><trkpt lat="37.998266" lon="-122.490832"><ele>126.8</ele></trkpt><trkpt lat="37.998309" lon="-122.490904"><ele>126.5</ele></trkpt><trkpt lat="37.998369" lon="-122.490955"><ele>126.3</ele></trkpt><trkpt lat="37.998504" lon="-122.491021"><ele>126.5</ele></trkpt><trkpt lat="37.998553" lon="-122.491087"><ele>126.7</ele></trkpt><trkpt lat="37.998576" lon="-122.491158"><ele>126.9</ele></trkpt><trkpt lat="37.998576" lon="-122.491310"><ele>127.3</ele></trkpt><trkpt lat="37.998550" lon="-122.491443"><ele>127.6</ele></trkpt><trkpt lat="37.998490" lon="-122.491610"><ele>128.9</ele></trkpt><trkpt lat="37.998357" lon="-122.491827"><ele>131.8</ele></trkpt><trkpt lat="37.998265" lon="-122.492074"><ele>134.6</ele></trkpt><trkpt lat="37.998078" lon="-122.492209"><ele>138.4</ele></trkpt><trkpt lat="37.997960" lon="-122.492258"><ele>140.7</ele></trkpt><trkpt lat="37.997892" lon="-122.492311"><ele>142.1</ele></trkpt><trkpt lat="37.997977" lon="-122.492381"><ele>143.9</ele></trkpt><trkpt lat="37.998099" lon="-122.492429"><ele>146.2</ele></trkpt><trkpt lat="37.998195" lon="-122.492538"><ele>148.4</ele></trkpt><trkpt lat="37.998228" lon="-122.492619"><ele>149.6</ele></trkpt><trkpt lat="37.998261" lon="-122.492845"><ele>152.7</ele></trkpt><trkpt lat="37.998243" lon="-122.492960"><ele>154.0</ele></trkpt><trkpt lat="37.998281" lon="-122.493025"><ele>154.3</ele></trkpt><trkpt lat="37.998352" lon="-122.492943"><ele>154.6</ele></trkpt><trkpt lat="37.998518" lon="-122.492856"><ele>155.4</ele></trkpt><trkpt lat="37.998625" lon="-122.492853"><ele>155.8</ele></trkpt><trkpt lat="37.998815" lon="-122.492983"><ele>156.6</ele></trkpt><trkpt lat="37.999058" lon="-122.493063"><ele>157.4</ele></trkpt><trkpt lat="37.999142" lon="-122.493147"><ele>157.8</ele></trkpt><trkpt lat="37.999189" lon="-122.493507"><ele>151.5</ele></trkpt><trkpt lat="37.999224" lon="-122.493586"><ele>149.8</ele></trkpt><trkpt lat="37.999254" lon="-122.493613"><ele>148.8</ele></trkpt><trkpt lat="37.999431" lon="-122.493645"><ele>144.4</ele></trkpt><trkpt lat="37.999646" lon="-122.493621"><ele>143.2</ele></trkpt><trkpt lat="37.999791" lon="-122.493625"><ele>142.6</ele></trkpt><trkpt lat="37.999924" lon="-122.493693"><ele>141.9</ele></trkpt><trkpt lat="37.999980" lon="-122.493752"><ele>141.5</ele></trkpt><trkpt lat="38.000020" lon="-122.493829"><ele>140.9</ele></trkpt><trkpt lat="38.000034" lon="-122.493918"><ele>140.3</ele></trkpt><trkpt lat="37.999987" lon="-122.494232"><ele>138.1</ele></trkpt><trkpt lat="38.000025" lon="-122.494502"><ele>136.2</ele></trkpt><trkpt lat="38.000022" lon="-122.494593"><ele>135.5</ele></trkpt><trkpt lat="38.000008" lon="-122.494635"><ele>135.2</ele></trkpt><trkpt lat="37.999923" lon="-122.494720"><ele>134.2</ele></trkpt><trkpt lat="37.999720" lon="-122.494815"><ele>132.3</ele></trkpt><trkpt lat="37.999692" lon="-122.494842"><ele>132.4</ele></trkpt><trkpt lat="37.999659" lon="-122.494922"><ele>132.8</ele></trkpt><trkpt lat="37.999630" lon="-122.495102"><ele>133.4</ele></trkpt><trkpt lat="37.999590" lon="-122.495178"><ele>133.7</ele></trkpt><trkpt lat="37.999561" lon="-122.495203"><ele>133.9</ele></trkpt><trkpt lat="37.999395" lon="-122.495295"><ele>134.7</ele></trkpt><trkpt lat="37.999339" lon="-122.495350"><ele>136.5</ele></trkpt><trkpt lat="37.999326" lon="-122.495439"><ele>138.6</ele></trkpt><trkpt lat="37.999371" lon="-122.495708"><ele>145.0</ele></trkpt><trkpt lat="37.999377" lon="-122.495845"><ele>148.2</ele></trkpt><trkpt lat="37.999305" lon="-122.495996"><ele>151.5</ele></trkpt><trkpt lat="37.999214" lon="-122.495840"><ele>153.8</ele></trkpt><trkpt lat="37.999167" lon="-122.495715"><ele>155.5</ele></trkpt><trkpt lat="37.999073" lon="-122.495572"><ele>157.8</ele></trkpt><trkpt lat="37.999033" lon="-122.495443"><ele>159.9</ele></trkpt><trkpt lat="37.998991" lon="-122.495169"><ele>165.5</ele></trkpt><trkpt lat="37.998982" lon="-122.494936"><ele>170.2</ele></trkpt><trkpt lat="37.999003" lon="-122.494800"><ele>173.0</ele></trkpt><trkpt lat="37.999063" lon="-122.494684"><ele>175.9</ele></trkpt><trkpt lat="37.999067" lon="-122.494639"><ele>176.9</ele></trkpt><trkpt lat="37.999041" lon="-122.494612"><ele>177.8</ele></trkpt><trkpt lat="37.999009" lon="-122.494621"><ele>178.6</ele></trkpt><trkpt lat="37.998976" lon="-122.494703"><ele>180.6</ele></trkpt><trkpt lat="37.998857" lon="-122.494810"><ele>184.5</ele></trkpt><trkpt lat="37.998712" lon="-122.494821"><ele>188.1</ele></trkpt><trkpt lat="37.998647" lon="-122.494781"><ele>189.7</ele></trkpt><trkpt lat="37.998536" lon="-122.494660"><ele>193.0</ele></trkpt><trkpt lat="37.998401" lon="-122.494589"><ele>196.2</ele></trkpt><trkpt lat="37.998220" lon="-122.494560"><ele>199.6</ele></trkpt><trkpt lat="37.997934" lon="-122.494484"><ele>202.6</ele></trkpt><trkpt lat="37.997669" lon="-122.494563"><ele>205.4</ele></trkpt><trkpt lat="37.997361" lon="-122.494456"><ele>208.7</ele></trkpt><trkpt lat="37.997237" lon="-122.494435"><ele>210.0</ele></trkpt><trkpt lat="37.997129" lon="-122.494492"><ele>211.6</ele></trkpt><trkpt lat="37.997137" lon="-122.494603"><ele>212.8</ele></trkpt><trkpt lat="37.997127" lon="-122.494776"><ele>214.8</ele></trkpt><trkpt lat="37.997106" lon="-122.494963"><ele>216.9</ele></trkpt><trkpt lat="37.997072" lon="-122.495098"><ele>218.5</ele></trkpt><trkpt lat="37.997019" lon="-122.495197"><ele>219.8</ele></trkpt><trkpt lat="37.996946" lon="-122.495333"><ele>221.6</ele></trkpt><trkpt lat="37.996872" lon="-122.495438"><ele>223.2</ele></trkpt><trkpt lat="37.996709" lon="-122.495549"><ele>225.8</ele></trkpt><trkpt lat="37.996652" lon="-122.495565"><ele>226.6</ele></trkpt><trkpt lat="37.996564" lon="-122.495590"><ele>227.8</ele></trkpt><trkpt lat="37.996285" lon="-122.495563"><ele>231.5</ele></trkpt><trkpt lat="37.996214" lon="-122.495524"><ele>232.5</ele></trkpt><trkpt lat="37.996161" lon="-122.495418"><ele>234.3</ele></trkpt><trkpt lat="37.996152" lon="-122.495220"><ele>237.4</ele></trkpt><trkpt lat="37.996129" lon="-122.495151"><ele>238.6</ele></trkpt><trkpt lat="37.996095" lon="-122.495133"><ele>239.3</ele></trkpt><trkpt lat="37.996047" lon="-122.495168"><ele>240.4</ele></trkpt><trkpt lat="37.995871" lon="-122.495393"><ele>244.5</ele></trkpt><trkpt lat="37.995814" lon="-122.495494"><ele>245.5</ele></trkpt><trkpt lat="37.995777" lon="-122.495653"><ele>246.8</ele></trkpt><trkpt lat="37.995785" lon="-122.495764"><ele>247.7</ele></trkpt><trkpt lat="37.995851" lon="-122.496050"><ele>248.9</ele></trkpt><trkpt lat="37.995675" lon="-122.496094"><ele>248.7</ele></trkpt><trkpt lat="37.995582" lon="-122.496078"><ele>248.6</ele></trkpt><trkpt lat="37.995485" lon="-122.495976"><ele>248.4</ele></trkpt><trkpt lat="37.995417" lon="-122.495949"><ele>248.4</ele></trkpt><trkpt lat="37.995341" lon="-122.495906"><ele>248.3</ele></trkpt><trkpt lat="37.995299" lon="-122.495853"><ele>248.2</ele></trkpt><trkpt lat="37.995223" lon="-122.495831"><ele>248.1</ele></trkpt><trkpt lat="37.995138" lon="-122.495831"><ele>248.0</ele></trkpt><trkpt lat="37.995079" lon="-122.495853"><ele>248.0</ele></trkpt><trkpt lat="37.995007" lon="-122.495853"><ele>247.9</ele></trkpt><trkpt lat="37.994944" lon="-122.495815"><ele>247.8</ele></trkpt><trkpt lat="37.994864" lon="-122.495826"><ele>247.0</ele></trkpt><trkpt lat="37.994792" lon="-122.495804"><ele>246.2</ele></trkpt><trkpt lat="37.994686" lon="-122.495751"><ele>245.1</ele></trkpt><trkpt lat="37.994585" lon="-122.495670"><ele>243.9</ele></trkpt><trkpt lat="37.994479" lon="-122.495552"><ele>242.4</ele></trkpt><trkpt lat="37.994377" lon="-122.495461"><ele>242.3</ele></trkpt><trkpt lat="37.994318" lon="-122.495407"><ele>242.3</ele></trkpt><trkpt lat="37.994217" lon="-122.495257"><ele>242.3</ele></trkpt><trkpt lat="37.994217" lon="-122.495257"><ele>242.3</ele></trkpt><trkpt lat="37.994217" lon="-122.495257"><ele>242.3</ele></trkpt><trkpt lat="37.994318" lon="-122.495407"><ele>242.3</ele></trkpt><trkpt lat="37.994377" lon="-122.495461"><ele>242.6</ele></trkpt><trkpt lat="37.994479" lon="-122.495552"><ele>243.9</ele></trkpt><trkpt lat="37.994585" lon="-122.495670"><ele>245.3</ele></trkpt><trkpt lat="37.994686" lon="-122.495751"><ele>246.5</ele></trkpt><trkpt lat="37.994792" lon="-122.495804"><ele>247.6</ele></trkpt><trkpt lat="37.994864" lon="-122.495826"><ele>247.9</ele></trkpt><trkpt lat="37.994944" lon="-122.495815"><ele>248.0</ele></trkpt><trkpt lat="37.995007" lon="-122.495853"><ele>248.0</ele></trkpt><trkpt lat="37.995079" lon="-122.495853"><ele>248.1</ele></trkpt><trkpt lat="37.995138" lon="-122.495831"><ele>248.2</ele></trkpt><trkpt lat="37.995223" lon="-122.495831"><ele>248.3</ele></trkpt><trkpt lat="37.995299" lon="-122.495853"><ele>248.4</ele></trkpt><trkpt lat="37.995341" lon="-122.495906"><ele>248.4</ele></trkpt><trkpt lat="37.995417" lon="-122.495949"><ele>248.5</ele></trkpt><trkpt lat="37.995485" lon="-122.495976"><ele>248.6</ele></trkpt><trkpt lat="37.995582" lon="-122.496078"><ele>248.8</ele></trkpt><trkpt lat="37.995675" lon="-122.496094"><ele>248.9</ele></trkpt><trkpt lat="37.995851" lon="-122.496050"><ele>249.1</ele></trkpt><trkpt lat="37.995785" lon="-122.495764"><ele>249.3</ele></trkpt><trkpt lat="37.995777" lon="-122.495653"><ele>249.4</ele></trkpt><trkpt lat="37.995814" lon="-122.495494"><ele>249.6</ele></trkpt><trkpt lat="37.995871" lon="-122.495393"><ele>248.6</ele></trkpt><trkpt lat="37.996047" lon="-122.495168"><ele>243.6</ele></trkpt><trkpt lat="37.996095" lon="-122.495133"><ele>242.5</ele></trkpt><trkpt lat="37.996129" lon="-122.495151"><ele>241.8</ele></trkpt><trkpt lat="37.996152" lon="-122.495220"><ele>240.6</ele></trkpt><trkpt lat="37.996161" lon="-122.495418"><ele>237.8</ele></trkpt><trkpt lat="37.996214" lon="-122.495524"><ele>236.5</ele></trkpt><trkpt lat="37.996285" lon="-122.495563"><ele>235.4</ele></trkpt><trkpt lat="37.996564" lon="-122.495590"><ele>231.6</ele></trkpt><trkpt lat="37.996652" lon="-122.495565"><ele>230.4</ele></trkpt><trkpt lat="37.996709" lon="-122.495549"><ele>229.5</ele></trkpt><trkpt lat="37.996872" lon="-122.495438"><ele>226.9</ele></trkpt><trkpt lat="37.996946" lon="-122.495333"><ele>225.4</ele></trkpt><trkpt lat="37.997019" lon="-122.495197"><ele>223.5</ele></trkpt><trkpt lat="37.997072" lon="-122.495098"><ele>222.2</ele></trkpt><trkpt lat="37.997106" lon="-122.494963"><ele>220.7</ele></trkpt><trkpt lat="37.997127" lon="-122.494776"><ele>218.6</ele></trkpt><trkpt lat="37.997137" lon="-122.494603"><ele>216.7</ele></trkpt><trkpt lat="37.997129" lon="-122.494492"><ele>215.1</ele></trkpt><trkpt lat="37.997237" lon="-122.494435"><ele>212.6</ele></trkpt><trkpt lat="37.997361" lon="-122.494456"><ele>209.9</ele></trkpt><trkpt lat="37.997669" lon="-122.494563"><ele>203.8</ele></trkpt><trkpt lat="37.997934" lon="-122.494484"><ele>201.1</ele></trkpt><trkpt lat="37.998220" lon="-122.494560"><ele>197.0</ele></trkpt><trkpt lat="37.998401" lon="-122.494589"><ele>192.9</ele></trkpt><trkpt lat="37.998536" lon="-122.494660"><ele>189.7</ele></trkpt><trkpt lat="37.998647" lon="-122.494781"><ele>186.3</ele></trkpt><trkpt lat="37.998712" lon="-122.494821"><ele>184.5</ele></trkpt><trkpt lat="37.998857" lon="-122.494810"><ele>180.7</ele></trkpt><trkpt lat="37.998976" lon="-122.494703"><ele>176.9</ele></trkpt><trkpt lat="37.999009" lon="-122.494621"><ele>175.0</ele></trkpt><trkpt lat="37.999041" lon="-122.494612"><ele>174.2</ele></trkpt><trkpt lat="37.999067" lon="-122.494639"><ele>173.3</ele></trkpt><trkpt lat="37.999063" lon="-122.494684"><ele>172.6</ele></trkpt><trkpt lat="37.999003" lon="-122.494800"><ele>171.2</ele></trkpt><trkpt lat="37.998982" lon="-122.494936"><ele>169.9</ele></trkpt><trkpt lat="37.998991" lon="-122.495169"><ele>167.6</ele></trkpt><trkpt lat="37.999033" lon="-122.495443"><ele>165.5</ele></trkpt><trkpt lat="37.999073" lon="-122.495572"><ele>164.9</ele></trkpt><trkpt lat="37.999167" lon="-122.495715"><ele>164.1</ele></trkpt><trkpt lat="37.999214" lon="-122.495840"><ele>163.4</ele></trkpt><trkpt lat="37.999305" lon="-122.495996"><ele>162.9</ele></trkpt><trkpt lat="37.999161" lon="-122.495995"><ele>162.6</ele></trkpt><trkpt lat="37.999026" lon="-122.495932"><ele>162.2</ele></trkpt><trkpt lat="37.998935" lon="-122.495857"><ele>162.0</ele></trkpt><trkpt lat="37.998772" lon="-122.495611"><ele>161.7</ele></trkpt><trkpt lat="37.998711" lon="-122.495567"><ele>161.7</ele></trkpt><trkpt lat="37.998645" lon="-122.495598"><ele>161.7</ele></trkpt><trkpt lat="37.998501" lon="-122.495738"><ele>161.6</ele></trkpt><trkpt lat="37.998432" lon="-122.495760"><ele>162.1</ele></trkpt><trkpt lat="37.998328" lon="-122.495727"><ele>163.5</ele></trkpt><trkpt lat="37.998147" lon="-122.495573"><ele>166.3</ele></trkpt><trkpt lat="37.998112" lon="-122.495565"><ele>166.8</ele></trkpt><trkpt lat="37.998082" lon="-122.495586"><ele>167.2</ele></trkpt><trkpt lat="37.997947" lon="-122.495858"><ele>168.4</ele></trkpt><trkpt lat="37.997758" lon="-122.496081"><ele>168.1</ele></trkpt><trkpt lat="37.997854" lon="-122.496136"><ele>168.0</ele></trkpt><trkpt lat="37.998011" lon="-122.496250"><ele>169.5</ele></trkpt><trkpt lat="37.998056" lon="-122.496321"><ele>170.2</ele></trkpt><trkpt lat="37.998073" lon="-122.496454"><ele>171.3</ele></trkpt><trkpt lat="37.998018" lon="-122.496672"><ele>173.1</ele></trkpt><trkpt lat="37.997948" lon="-122.496777"><ele>174.4</ele></trkpt><trkpt lat="37.997839" lon="-122.496898"><ele>176.3</ele></trkpt><trkpt lat="37.997728" lon="-122.497080"><ele>178.7</ele></trkpt><trkpt lat="37.997675" lon="-122.497141"><ele>179.6</ele></trkpt><trkpt lat="37.997611" lon="-122.497184"><ele>180.5</ele></trkpt><trkpt lat="37.997506" lon="-122.497222"><ele>182.1</ele></trkpt><trkpt lat="37.997325" lon="-122.497225"><ele>184.6</ele></trkpt><trkpt lat="37.997296" lon="-122.497251"><ele>185.1</ele></trkpt><trkpt lat="37.997179" lon="-122.497684"><ele>190.5</ele></trkpt><trkpt lat="37.997188" lon="-122.497866"><ele>192.7</ele></trkpt><trkpt lat="37.997248" lon="-122.497979"><ele>194.3</ele></trkpt><trkpt lat="37.997310" lon="-122.498021"><ele>195.4</ele></trkpt><trkpt lat="37.997453" lon="-122.498042"><ele>196.5</ele></trkpt><trkpt lat="37.997554" lon="-122.498088"><ele>196.8</ele></trkpt><trkpt lat="37.997677" lon="-122.498185"><ele>197.2</ele></trkpt><trkpt lat="37.997749" lon="-122.498288"><ele>197.5</ele></trkpt><trkpt lat="37.997830" lon="-122.498494"><ele>197.7</ele></trkpt><trkpt lat="37.997878" lon="-122.498560"><ele>197.6</ele></trkpt><trkpt lat="37.997912" lon="-122.498576"><ele>197.6</ele></trkpt><trkpt lat="37.998129" lon="-122.498574"><ele>197.4</ele></trkpt><trkpt lat="37.998196" lon="-122.498603"><ele>197.3</ele></trkpt><trkpt lat="37.998218" lon="-122.498637"><ele>197.2</ele></trkpt><trkpt lat="37.998229" lon="-122.498728"><ele>197.4</ele></trkpt><trkpt lat="37.998224" lon="-122.498911"><ele>198.0</ele></trkpt><trkpt lat="37.998236" lon="-122.498952"><ele>198.2</ele></trkpt><trkpt lat="37.998264" lon="-122.498980"><ele>198.4</ele></trkpt><trkpt lat="37.998625" lon="-122.498963"><ele>200.1</ele></trkpt><trkpt lat="37.998728" lon="-122.499000"><ele>200.7</ele></trkpt><trkpt lat="37.998781" lon="-122.499061"><ele>201.1</ele></trkpt><trkpt lat="37.998798" lon="-122.499149"><ele>201.5</ele></trkpt><trkpt lat="37.998785" lon="-122.499608"><ele>201.5</ele></trkpt><trkpt lat="37.998768" lon="-122.499697"><ele>200.9</ele></trkpt><trkpt lat="37.998640" lon="-122.500077"><ele>198.1</ele></trkpt><trkpt lat="37.998631" lon="-122.500122"><ele>198.3</ele></trkpt><trkpt lat="37.998568" lon="-122.500240"><ele>198.7</ele></trkpt><trkpt lat="37.998563" lon="-122.500294"><ele>198.9</ele></trkpt><trkpt lat="37.998564" lon="-122.500352"><ele>199.1</ele></trkpt><trkpt lat="37.998601" lon="-122.500386"><ele>199.3</ele></trkpt><trkpt lat="37.998648" lon="-122.500403"><ele>199.5</ele></trkpt><trkpt lat="37.998736" lon="-122.500415"><ele>199.8</ele></trkpt><trkpt lat="37.998763" lon="-122.500392"><ele>199.9</ele></trkpt><trkpt lat="37.998794" lon="-122.500377"><ele>200.1</ele></trkpt><trkpt lat="37.998823" lon="-122.500346"><ele>200.2</ele></trkpt><trkpt lat="37.998868" lon="-122.500319"><ele>200.3</ele></trkpt><trkpt lat="37.998916" lon="-122.500296"><ele>200.3</ele></trkpt><trkpt lat="37.998947" lon="-122.500209"><ele>200.3</ele></trkpt><trkpt lat="37.998971" lon="-122.500170"><ele>200.3</ele></trkpt><trkpt lat="37.999003" lon="-122.500144"><ele>200.3</ele></trkpt><trkpt lat="37.999063" lon="-122.500103"><ele>200.3</ele></trkpt><trkpt lat="37.999119" lon="-122.500055"><ele>200.3</ele></trkpt><trkpt lat="37.999165" lon="-122.500036"><ele>200.3</ele></trkpt><trkpt lat="37.999317" lon="-122.499936"><ele>199.6</ele></trkpt><trkpt lat="37.999450" lon="-122.499854"><ele>198.1</ele></trkpt><trkpt lat="37.999543" lon="-122.499823"><ele>197.1</ele></trkpt><trkpt lat="37.999935" lon="-122.499870"><ele>190.8</ele></trkpt><trkpt lat="37.999993" lon="-122.499914"><ele>189.2</ele></trkpt><trkpt lat="38.000024" lon="-122.499987"><ele>187.5</ele></trkpt><trkpt lat="38.000038" lon="-122.500342"><ele>180.7</ele></trkpt><trkpt lat="38.000090" lon="-122.500413"><ele>179.6</ele></trkpt><trkpt lat="38.000156" lon="-122.500436"><ele>178.7</ele></trkpt><trkpt lat="38.000351" lon="-122.500453"><ele>175.9</ele></trkpt><trkpt lat="38.000547" lon="-122.500448"><ele>173.3</ele></trkpt><trkpt lat="38.000676" lon="-122.500480"><ele>172.3</ele></trkpt><trkpt lat="38.000831" lon="-122.500564"><ele>171.0</ele></trkpt><trkpt lat="38.001137" lon="-122.500641"><ele>168.3</ele></trkpt><trkpt lat="38.001201" lon="-122.500678"><ele>167.5</ele></trkpt><trkpt lat="38.001251" lon="-122.500752"><ele>166.6</ele></trkpt><trkpt lat="38.001269" lon="-122.500824"><ele>165.9</ele></trkpt><trkpt lat="38.001263" lon="-122.501048"><ele>163.9</ele></trkpt><trkpt lat="38.001238" lon="-122.501179"><ele>163.2</ele></trkpt><trkpt lat="38.001198" lon="-122.501290"><ele>163.7</ele></trkpt><trkpt lat="38.001063" lon="-122.501515"><ele>164.9</ele></trkpt><trkpt lat="38.001016" lon="-122.501634"><ele>165.4</ele></trkpt><trkpt lat="38.000974" lon="-122.501862"><ele>167.8</ele></trkpt><trkpt lat="38.000917" lon="-122.502029"><ele>170.5</ele></trkpt><trkpt lat="38.000877" lon="-122.502336"><ele>175.1</ele></trkpt><trkpt lat="38.000845" lon="-122.502438"><ele>176.5</ele></trkpt><trkpt lat="38.000788" lon="-122.502514"><ele>177.6</ele></trkpt><trkpt lat="38.000741" lon="-122.502588"><ele>178.7</ele></trkpt><trkpt lat="38.000775" lon="-122.502671"><ele>179.7</ele></trkpt><trkpt lat="38.000866" lon="-122.502718"><ele>181.1</ele></trkpt><trkpt lat="38.000966" lon="-122.502762"><ele>182.5</ele></trkpt><trkpt lat="38.001053" lon="-122.502779"><ele>183.3</ele></trkpt><trkpt lat="38.001130" lon="-122.502762"><ele>182.6</ele></trkpt><trkpt lat="38.001377" lon="-122.502608"><ele>179.9</ele></trkpt><trkpt lat="38.001454" lon="-122.502581"><ele>179.2</ele></trkpt><trkpt lat="38.001541" lon="-122.502580"><ele>178.3</ele></trkpt><trkpt lat="38.001600" lon="-122.502601"><ele>178.5</ele></trkpt><trkpt lat="38.001753" lon="-122.502713"><ele>179.2</ele></trkpt><trkpt lat="38.001873" lon="-122.502758"><ele>179.7</ele></trkpt><trkpt lat="38.001991" lon="-122.502742"><ele>180.2</ele></trkpt><trkpt lat="38.002330" lon="-122.502502"><ele>176.6</ele></trkpt><trkpt lat="38.002442" lon="-122.502460"><ele>175.3</ele></trkpt><trkpt lat="38.002547" lon="-122.502461"><ele>174.0</ele></trkpt><trkpt lat="38.002627" lon="-122.502505"><ele>172.9</ele></trkpt><trkpt lat="38.002873" lon="-122.502756"><ele>168.6</ele></trkpt><trkpt lat="38.003001" lon="-122.503102"><ele>165.7</ele></trkpt><trkpt lat="38.003050" lon="-122.503233"><ele>165.0</ele></trkpt><trkpt lat="38.003101" lon="-122.503257"><ele>164.6</ele></trkpt><trkpt lat="38.003191" lon="-122.503175"><ele>163.9</ele></trkpt><trkpt lat="38.003301" lon="-122.503044"><ele>163.8</ele></trkpt><trkpt lat="38.003541" lon="-122.502733"><ele>165.9</ele></trkpt><trkpt lat="38.003609" lon="-122.502577"><ele>166.7</ele></trkpt><trkpt lat="38.003668" lon="-122.502495"><ele>165.9</ele></trkpt><trkpt lat="38.003757" lon="-122.502470"><ele>165.2</ele></trkpt><trkpt lat="38.003850" lon="-122.502521"><ele>164.3</ele></trkpt><trkpt lat="38.003956" lon="-122.502606"><ele>163.3</ele></trkpt><trkpt lat="38.004060" lon="-122.502690"><ele>162.3</ele></trkpt><trkpt lat="38.004175" lon="-122.502913"><ele>158.4</ele></trkpt><trkpt lat="38.004221" lon="-122.502964"><ele>157.2</ele></trkpt><trkpt lat="38.004285" lon="-122.503001"><ele>155.9</ele></trkpt><trkpt lat="38.004385" lon="-122.503003"><ele>153.9</ele></trkpt><trkpt lat="38.004659" lon="-122.502877"><ele>147.4</ele></trkpt><trkpt lat="38.004912" lon="-122.502644"><ele>139.8</ele></trkpt><trkpt lat="38.005155" lon="-122.502531"><ele>134.0</ele></trkpt><trkpt lat="38.005264" lon="-122.502454"><ele>131.2</ele></trkpt><trkpt lat="38.005484" lon="-122.502231"><ele>125.2</ele></trkpt><trkpt lat="38.005622" lon="-122.502043"><ele>121.3</ele></trkpt><trkpt lat="38.005812" lon="-122.501908"><ele>117.1</ele></trkpt><trkpt lat="38.005973" lon="-122.501778"><ele>113.4</ele></trkpt><trkpt lat="38.006055" lon="-122.501704"><ele>111.5</ele></trkpt><trkpt lat="38.006288" lon="-122.501617"><ele>106.8</ele></trkpt><trkpt lat="38.006424" lon="-122.501488"><ele>105.2</ele></trkpt><trkpt lat="38.006488" lon="-122.501438"><ele>104.9</ele></trkpt><trkpt lat="38.006587" lon="-122.501409"><ele>104.4</ele></trkpt><trkpt lat="38.006821" lon="-122.501478"><ele>103.3</ele></trkpt><trkpt lat="38.006998" lon="-122.501478"><ele>103.6</ele></trkpt><trkpt lat="38.007065" lon="-122.501435"><ele>103.7</ele></trkpt><trkpt lat="38.006982" lon="-122.501397"><ele>103.9</ele></trkpt><trkpt lat="38.006889" lon="-122.501392"><ele>104.0</ele></trkpt><trkpt lat="38.006580" lon="-122.501290"><ele>105.1</ele></trkpt><trkpt lat="38.006415" lon="-122.501274"><ele>105.9</ele></trkpt><trkpt lat="38.006238" lon="-122.501360"><ele>106.7</ele></trkpt><trkpt lat="38.006102" lon="-122.501462"><ele>107.3</ele></trkpt><trkpt lat="38.005904" lon="-122.501494"><ele>107.9</ele></trkpt><trkpt lat="38.005730" lon="-122.501703"><ele>108.7</ele></trkpt><trkpt lat="38.005456" lon="-122.501794"><ele>109.7</ele></trkpt><trkpt lat="38.005342" lon="-122.501934"><ele>110.2</ele></trkpt><trkpt lat="38.005333" lon="-122.501859"><ele>110.3</ele></trkpt><trkpt lat="38.005371" lon="-122.501762"><ele>110.3</ele></trkpt><trkpt lat="38.005434" lon="-122.501714"><ele>110.3</ele></trkpt><trkpt lat="38.005582" lon="-122.501665"><ele>110.3</ele></trkpt><trkpt lat="38.005730" lon="-122.501596"><ele>110.3</ele></trkpt><trkpt lat="38.005832" lon="-122.501338"><ele>110.3</ele></trkpt><trkpt lat="38.006090" lon="-122.501236"><ele>110.3</ele></trkpt><trkpt lat="38.006288" lon="-122.501049"><ele>109.4</ele></trkpt><trkpt lat="38.006445" lon="-122.500963"><ele>108.5</ele></trkpt><trkpt lat="38.006352" lon="-122.500921"><ele>107.9</ele></trkpt><trkpt lat="38.006288" lon="-122.500957"><ele>107.5</ele></trkpt><trkpt lat="38.006187" lon="-122.501000"><ele>107.3</ele></trkpt><trkpt lat="38.006081" lon="-122.501081"><ele>107.3</ele></trkpt><trkpt lat="38.005980" lon="-122.501150"><ele>107.3</ele></trkpt><trkpt lat="38.005845" lon="-122.501091"><ele>107.3</ele></trkpt><trkpt lat="38.005718" lon="-122.501124"><ele>107.3</ele></trkpt><trkpt lat="38.005659" lon="-122.501209"><ele>107.3</ele></trkpt><trkpt lat="38.005625" lon="-122.501295"><ele>107.3</ele></trkpt><trkpt lat="38.005574" lon="-122.501419"><ele>107.3</ele></trkpt><trkpt lat="38.005515" lon="-122.501413"><ele>107.3</ele></trkpt><trkpt lat="38.005426" lon="-122.501376"><ele>107.3</ele></trkpt><trkpt lat="38.005308" lon="-122.501338"><ele>107.0</ele></trkpt><trkpt lat="38.005219" lon="-122.501333"><ele>106.4</ele></trkpt><trkpt lat="38.005139" lon="-122.501413"><ele>105.7</ele></trkpt><trkpt lat="38.005092" lon="-122.501413"><ele>105.4</ele></trkpt><trkpt lat="38.005105" lon="-122.501349"><ele>105.0</ele></trkpt><trkpt lat="38.005151" lon="-122.501290"><ele>104.6</ele></trkpt><trkpt lat="38.005228" lon="-122.501231"><ele>104.0</ele></trkpt><trkpt lat="38.005377" lon="-122.501233"><ele>103.0</ele></trkpt><trkpt lat="38.005527" lon="-122.501226"><ele>102.1</ele></trkpt><trkpt lat="38.005540" lon="-122.501065"><ele>101.3</ele></trkpt><trkpt lat="38.005565" lon="-122.500813"><ele>99.7</ele></trkpt><trkpt lat="38.005623" lon="-122.500641"><ele>97.4</ele></trkpt><trkpt lat="38.005682" lon="-122.500586"><ele>96.3</ele></trkpt><trkpt lat="38.005791" lon="-122.500581"><ele>94.6</ele></trkpt><trkpt lat="38.005926" lon="-122.500662"><ele>92.3</ele></trkpt><trkpt lat="38.005998" lon="-122.500676"><ele>91.4</ele></trkpt><trkpt lat="38.006058" lon="-122.500623"><ele>90.6</ele></trkpt><trkpt lat="38.006129" lon="-122.500513"><ele>89.5</ele></trkpt><trkpt lat="38.006192" lon="-122.500462"><ele>88.7</ele></trkpt><trkpt lat="38.006541" lon="-122.500301"><ele>84.9</ele></trkpt><trkpt lat="38.006580" lon="-122.500239"><ele>84.3</ele></trkpt><trkpt lat="38.006635" lon="-122.499724"><ele>80.1</ele></trkpt><trkpt lat="38.006677" lon="-122.499606"><ele>79.1</ele></trkpt><trkpt lat="38.006736" lon="-122.499520"><ele>78.2</ele></trkpt><trkpt lat="38.006825" lon="-122.499488"><ele>77.3</ele></trkpt><trkpt lat="38.006905" lon="-122.499477"><ele>76.5</ele></trkpt><trkpt lat="38.006998" lon="-122.499466"><ele>75.6</ele></trkpt><trkpt lat="38.007087" lon="-122.499493"><ele>74.8</ele></trkpt><trkpt lat="38.007210" lon="-122.499557"><ele>73.8</ele></trkpt><trkpt lat="38.007269" lon="-122.499536"><ele>73.4</ele></trkpt><trkpt lat="38.007278" lon="-122.499431"><ele>72.8</ele></trkpt><trkpt lat="38.007233" lon="-122.499393"><ele>72.4</ele></trkpt><trkpt lat="38.007099" lon="-122.499369"><ele>71.4</ele></trkpt><trkpt lat="38.007157" lon="-122.499340"><ele>70.9</ele></trkpt><trkpt lat="38.007205" lon="-122.499281"><ele>70.4</ele></trkpt><trkpt lat="38.007214" lon="-122.499236"><ele>70.1</ele></trkpt><trkpt lat="38.007169" lon="-122.498802"><ele>67.6</ele></trkpt><trkpt lat="38.007167" lon="-122.498711"><ele>66.8</ele></trkpt><trkpt lat="38.007193" lon="-122.498620"><ele>65.8</ele></trkpt><trkpt lat="38.007343" lon="-122.498449"><ele>63.2</ele></trkpt><trkpt lat="38.007483" lon="-122.498357"><ele>61.1</ele></trkpt><trkpt lat="38.007546" lon="-122.498291"><ele>60.1</ele></trkpt><trkpt lat="38.007576" lon="-122.498218"><ele>59.3</ele></trkpt><trkpt lat="38.007563" lon="-122.498145"><ele>58.5</ele></trkpt><trkpt lat="38.007515" lon="-122.498085"><ele>57.6</ele></trkpt><trkpt lat="38.007254" lon="-122.497941"><ele>54.0</ele></trkpt><trkpt lat="38.007201" lon="-122.497882"><ele>53.2</ele></trkpt><trkpt lat="38.007170" lon="-122.497783"><ele>52.7</ele></trkpt><trkpt lat="38.007163" lon="-122.497642"><ele>51.9</ele></trkpt><trkpt lat="38.007222" lon="-122.497551"><ele>51.3</ele></trkpt><trkpt lat="38.007273" lon="-122.497470"><ele>50.7</ele></trkpt><trkpt lat="38.007218" lon="-122.497406"><ele>50.2</ele></trkpt><trkpt lat="38.007151" lon="-122.497406"><ele>49.7</ele></trkpt><trkpt lat="38.006922" lon="-122.497351"><ele>47.5</ele></trkpt><trkpt lat="38.006800" lon="-122.497264"><ele>46.2</ele></trkpt><trkpt lat="38.006706" lon="-122.497163"><ele>45.0</ele></trkpt><trkpt lat="38.006657" lon="-122.497070"><ele>44.2</ele></trkpt><trkpt lat="38.006620" lon="-122.496840"><ele>42.9</ele></trkpt><trkpt lat="38.006639" lon="-122.496606"><ele>41.6</ele></trkpt><trkpt lat="38.006674" lon="-122.496490"><ele>40.9</ele></trkpt><trkpt lat="38.006762" lon="-122.496318"><ele>39.7</ele></trkpt><trkpt lat="38.006910" lon="-122.496105"><ele>38.0</ele></trkpt><trkpt lat="38.006859" lon="-122.496180"><ele>37.4</ele></trkpt><trkpt lat="38.006720" lon="-122.496255"><ele>36.3</ele></trkpt><trkpt lat="38.006596" lon="-122.496378"><ele>35.2</ele></trkpt><trkpt lat="38.006518" lon="-122.496486"><ele>34.3</ele></trkpt><trkpt lat="38.006423" lon="-122.496727"><ele>32.7</ele></trkpt><trkpt lat="38.006379" lon="-122.496943"><ele>31.4</ele></trkpt><trkpt lat="38.006340" lon="-122.497053"><ele>30.7</ele></trkpt><trkpt lat="38.006300" lon="-122.497287"><ele>29.3</ele></trkpt><trkpt lat="38.006256" lon="-122.497326"><ele>28.9</ele></trkpt><trkpt lat="38.006183" lon="-122.497333"><ele>28.4</ele></trkpt><trkpt lat="38.006114" lon="-122.497305"><ele>28.0</ele></trkpt><trkpt lat="38.006048" lon="-122.497281"><ele>27.5</ele></trkpt><trkpt lat="38.005966" lon="-122.497252"><ele>26.9</ele></trkpt><trkpt lat="38.005945" lon="-122.497252"><ele>26.8</ele></trkpt><trkpt lat="38.005905" lon="-122.497232"><ele>26.5</ele></trkpt><trkpt lat="38.005816" lon="-122.497213"><ele>25.9</ele></trkpt><trkpt lat="38.005705" lon="-122.497203"><ele>25.2</ele></trkpt><trkpt lat="38.005594" lon="-122.497163"><ele>24.8</ele></trkpt><trkpt lat="38.005559" lon="-122.497095"><ele>24.7</ele></trkpt><trkpt lat="38.005529" lon="-122.496988"><ele>24.6</ele></trkpt><trkpt lat="38.005567" lon="-122.496709"><ele>24.2</ele></trkpt><trkpt lat="38.005495" lon="-122.496757"><ele>24.1</ele></trkpt><trkpt lat="38.005423" lon="-122.497122"><ele>23.9</ele></trkpt><trkpt lat="38.005322" lon="-122.497245"><ele>23.8</ele></trkpt><trkpt lat="38.005369" lon="-122.497041"><ele>23.7</ele></trkpt><trkpt lat="38.005385" lon="-122.496961"><ele>23.7</ele></trkpt><trkpt lat="38.005394" lon="-122.496800"><ele>23.6</ele></trkpt><trkpt lat="38.005403" lon="-122.496668"><ele>23.6</ele></trkpt><trkpt lat="38.005335" lon="-122.496405"><ele>23.5</ele></trkpt><trkpt lat="38.005267" lon="-122.496257"><ele>23.5</ele></trkpt><trkpt lat="38.005227" lon="-122.496201"><ele>23.5</ele></trkpt><trkpt lat="38.005184" lon="-122.496159"><ele>23.5</ele></trkpt><trkpt lat="38.005143" lon="-122.496135"><ele>23.5</ele></trkpt><trkpt lat="38.005109" lon="-122.496122"><ele>23.5</ele></trkpt><trkpt lat="38.005064" lon="-122.496104"><ele>23.5</ele></trkpt><trkpt lat="38.005109" lon="-122.496122"><ele>23.5</ele></trkpt><trkpt lat="38.005143" lon="-122.496135"><ele>23.5</ele></trkpt><trkpt lat="38.005184" lon="-122.496159"><ele>23.5</ele></trkpt><trkpt lat="38.005227" lon="-122.496201"><ele>23.5</ele></trkpt><trkpt lat="38.005267" lon="-122.496257"><ele>23.5</ele></trkpt><trkpt lat="38.005335" lon="-122.496405"><ele>23.6</ele></trkpt><trkpt lat="38.005403" lon="-122.496668"><ele>23.7</ele></trkpt><trkpt lat="38.005394" lon="-122.496800"><ele>23.7</ele></trkpt><trkpt lat="38.005385" lon="-122.496961"><ele>23.8</ele></trkpt><trkpt lat="38.005369" lon="-122.497041"><ele>23.9</ele></trkpt><trkpt lat="38.005322" lon="-122.497245"><ele>23.9</ele></trkpt><trkpt lat="38.005423" lon="-122.497122"><ele>24.0</ele></trkpt><trkpt lat="38.005495" lon="-122.496757"><ele>24.4</ele></trkpt><trkpt lat="38.005567" lon="-122.496709"><ele>24.6</ele></trkpt><trkpt lat="38.005529" lon="-122.496988"><ele>24.9</ele></trkpt><trkpt lat="38.005559" lon="-122.497095"><ele>25.0</ele></trkpt><trkpt lat="38.005594" lon="-122.497163"><ele>25.1</ele></trkpt><trkpt lat="38.005705" lon="-122.497203"><ele>25.1</ele></trkpt><trkpt lat="38.005816" lon="-122.497213"><ele>25.2</ele></trkpt><trkpt lat="38.005905" lon="-122.497232"><ele>25.2</ele></trkpt><trkpt lat="38.005945" lon="-122.497252"><ele>25.3</ele></trkpt><trkpt lat="38.005966" lon="-122.497252"><ele>25.3</ele></trkpt><trkpt lat="38.006048" lon="-122.497281"><ele>25.7</ele></trkpt><trkpt lat="38.006114" lon="-122.497305"><ele>26.1</ele></trkpt><trkpt lat="38.006183" lon="-122.497333"><ele>26.6</ele></trkpt><trkpt lat="38.006256" lon="-122.497326"><ele>27.1</ele></trkpt><trkpt lat="38.006300" lon="-122.497287"><ele>27.4</ele></trkpt><trkpt lat="38.006340" lon="-122.497053"><ele>28.7</ele></trkpt><trkpt lat="38.006379" lon="-122.496943"><ele>29.0</ele></trkpt><trkpt lat="38.006423" lon="-122.496727"><ele>29.0</ele></trkpt><trkpt lat="38.006518" lon="-122.496486"><ele>29.0</ele></trkpt><trkpt lat="38.006596" lon="-122.496378"><ele>29.1</ele></trkpt><trkpt lat="38.006720" lon="-122.496255"><ele>30.3</ele></trkpt><trkpt lat="38.006859" lon="-122.496180"><ele>31.4</ele></trkpt><trkpt lat="38.006910" lon="-122.496105"><ele>32.0</ele></trkpt><trkpt lat="38.006762" lon="-122.496318"><ele>33.6</ele></trkpt><trkpt lat="38.006674" lon="-122.496490"><ele>34.8</ele></trkpt><trkpt lat="38.006639" lon="-122.496606"><ele>35.5</ele></trkpt><trkpt lat="38.006620" lon="-122.496840"><ele>36.8</ele></trkpt><trkpt lat="38.006657" lon="-122.497070"><ele>39.8</ele></trkpt><trkpt lat="38.006706" lon="-122.497163"><ele>41.2</ele></trkpt><trkpt lat="38.006800" lon="-122.497264"><ele>43.3</ele></trkpt><trkpt lat="38.006922" lon="-122.497351"><ele>45.6</ele></trkpt><trkpt lat="38.007151" lon="-122.497406"><ele>47.2</ele></trkpt><trkpt lat="38.007218" lon="-122.497406"><ele>47.7</ele></trkpt><trkpt lat="38.007273" lon="-122.497470"><ele>48.2</ele></trkpt><trkpt lat="38.007222" lon="-122.497551"><ele>48.8</ele></trkpt><trkpt lat="38.007163" lon="-122.497642"><ele>49.4</ele></trkpt><trkpt lat="38.007170" lon="-122.497783"><ele>50.9</ele></trkpt><trkpt lat="38.007201" lon="-122.497882"><ele>52.1</ele></trkpt><trkpt lat="38.007254" lon="-122.497941"><ele>53.0</ele></trkpt><trkpt lat="38.007515" lon="-122.498085"><ele>56.9</ele></trkpt><trkpt lat="38.007563" lon="-122.498145"><ele>57.8</ele></trkpt><trkpt lat="38.007576" lon="-122.498218"><ele>58.5</ele></trkpt><trkpt lat="38.007546" lon="-122.498291"><ele>59.3</ele></trkpt><trkpt lat="38.007483" lon="-122.498357"><ele>60.4</ele></trkpt><trkpt lat="38.007343" lon="-122.498449"><ele>62.4</ele></trkpt><trkpt lat="38.007193" lon="-122.498620"><ele>65.0</ele></trkpt><trkpt lat="38.007167" lon="-122.498711"><ele>66.0</ele></trkpt><trkpt lat="38.007169" lon="-122.498802"><ele>66.9</ele></trkpt><trkpt lat="38.007214" lon="-122.499236"><ele>71.1</ele></trkpt><trkpt lat="38.007205" lon="-122.499281"><ele>71.4</ele></trkpt><trkpt lat="38.007157" lon="-122.499340"><ele>71.9</ele></trkpt><trkpt lat="38.007099" lon="-122.499369"><ele>72.3</ele></trkpt><trkpt lat="38.007233" lon="-122.499393"><ele>73.3</ele></trkpt><trkpt lat="38.007278" lon="-122.499431"><ele>73.7</ele></trkpt><trkpt lat="38.007269" lon="-122.499536"><ele>74.3</ele></trkpt><trkpt lat="38.007210" lon="-122.499557"><ele>74.9</ele></trkpt><trkpt lat="38.007087" lon="-122.499493"><ele>76.3</ele></trkpt><trkpt lat="38.006998" lon="-122.499466"><ele>77.3</ele></trkpt><trkpt lat="38.006905" lon="-122.499477"><ele>78.3</ele></trkpt><trkpt lat="38.006825" lon="-122.499488"><ele>79.1</ele></trkpt><trkpt lat="38.006736" lon="-122.499520"><ele>80.1</ele></trkpt><trkpt lat="38.006677" lon="-122.499606"><ele>80.8</ele></trkpt><trkpt lat="38.006635" lon="-122.499724"><ele>81.4</ele></trkpt><trkpt lat="38.006580" lon="-122.500239"><ele>83.7</ele></trkpt><trkpt lat="38.006541" lon="-122.500301"><ele>84.3</ele></trkpt><trkpt lat="38.006192" lon="-122.500462"><ele>87.9</ele></trkpt><trkpt lat="38.006129" lon="-122.500513"><ele>88.6</ele></trkpt><trkpt lat="38.006058" lon="-122.500623"><ele>89.8</ele></trkpt><trkpt lat="38.005998" lon="-122.500676"><ele>90.5</ele></trkpt><trkpt lat="38.005926" lon="-122.500662"><ele>91.2</ele></trkpt><trkpt lat="38.005791" lon="-122.500581"><ele>92.8</ele></trkpt><trkpt lat="38.005682" lon="-122.500586"><ele>93.9</ele></trkpt><trkpt lat="38.005623" lon="-122.500641"><ele>94.4</ele></trkpt><trkpt lat="38.005565" lon="-122.500813"><ele>95.3</ele></trkpt><trkpt lat="38.005540" lon="-122.501065"><ele>96.6</ele></trkpt><trkpt lat="38.005527" lon="-122.501226"><ele>97.3</ele></trkpt><trkpt lat="38.005377" lon="-122.501233"><ele>98.3</ele></trkpt><trkpt lat="38.005228" lon="-122.501231"><ele>99.4</ele></trkpt><trkpt lat="38.005151" lon="-122.501290"><ele>100.0</ele></trkpt><trkpt lat="38.005105" lon="-122.501349"><ele>100.4</ele></trkpt><trkpt lat="38.005092" lon="-122.501413"><ele>100.8</ele></trkpt><trkpt lat="38.005139" lon="-122.501413"><ele>101.1</ele></trkpt><trkpt lat="38.005219" lon="-122.501333"><ele>102.2</ele></trkpt><trkpt lat="38.005308" lon="-122.501338"><ele>103.2</ele></trkpt><trkpt lat="38.005426" lon="-122.501376"><ele>104.6</ele></trkpt><trkpt lat="38.005515" lon="-122.501413"><ele>105.6</ele></trkpt><trkpt lat="38.005574" lon="-122.501419"><ele>106.3</ele></trkpt><trkpt lat="38.005625" lon="-122.501295"><ele>107.3</ele></trkpt><trkpt lat="38.005659" lon="-122.501209"><ele>107.3</ele></trkpt><trkpt lat="38.005718" lon="-122.501124"><ele>107.4</ele></trkpt><trkpt lat="38.005845" lon="-122.501091"><ele>107.5</ele></trkpt><trkpt lat="38.005980" lon="-122.501150"><ele>107.6</ele></trkpt><trkpt lat="38.006081" lon="-122.501081"><ele>107.8</ele></trkpt><trkpt lat="38.006187" lon="-122.501000"><ele>108.4</ele></trkpt><trkpt lat="38.006288" lon="-122.500957"><ele>108.9</ele></trkpt><trkpt lat="38.006352" lon="-122.500921"><ele>109.3</ele></trkpt><trkpt lat="38.006445" lon="-122.500963"><ele>109.8</ele></trkpt><trkpt lat="38.006288" lon="-122.501049"><ele>110.6</ele></trkpt><trkpt lat="38.006090" lon="-122.501236"><ele>111.9</ele></trkpt><trkpt lat="38.005832" lon="-122.501338"><ele>113.1</ele></trkpt><trkpt lat="38.005730" lon="-122.501596"><ele>113.1</ele></trkpt><trkpt lat="38.005582" lon="-122.501665"><ele>113.1</ele></trkpt><trkpt lat="38.005434" lon="-122.501714"><ele>113.1</ele></trkpt><trkpt lat="38.005371" lon="-122.501762"><ele>113.1</ele></trkpt><trkpt lat="38.005333" lon="-122.501859"><ele>113.1</ele></trkpt><trkpt lat="38.005342" lon="-122.501934"><ele>113.1</ele></trkpt><trkpt lat="38.005456" lon="-122.501794"><ele>113.1</ele></trkpt><trkpt lat="38.005730" lon="-122.501703"><ele>112.6</ele></trkpt><trkpt lat="38.005904" lon="-122.501494"><ele>111.8</ele></trkpt><trkpt lat="38.006102" lon="-122.501462"><ele>111.0</ele></trkpt><trkpt lat="38.006238" lon="-122.501360"><ele>110.3</ele></trkpt><trkpt lat="38.006415" lon="-122.501274"><ele>109.5</ele></trkpt><trkpt lat="38.006580" lon="-122.501290"><ele>108.7</ele></trkpt><trkpt lat="38.006889" lon="-122.501392"><ele>106.3</ele></trkpt><trkpt lat="38.006982" lon="-122.501397"><ele>105.6</ele></trkpt><trkpt lat="38.007065" lon="-122.501435"><ele>105.0</ele></trkpt><trkpt lat="38.006998" lon="-122.501478"><ele>105.1</ele></trkpt><trkpt lat="38.006821" lon="-122.501478"><ele>106.0</ele></trkpt><trkpt lat="38.006587" lon="-122.501409"><ele>107.2</ele></trkpt><trkpt lat="38.006488" lon="-122.501438"><ele>107.8</ele></trkpt><trkpt lat="38.006424" lon="-122.501488"><ele>108.5</ele></trkpt><trkpt lat="38.006288" lon="-122.501617"><ele>110.2</ele></trkpt><trkpt lat="38.006055" lon="-122.501704"><ele>112.5</ele></trkpt><trkpt lat="38.005973" lon="-122.501778"><ele>114.2</ele></trkpt><trkpt lat="38.005812" lon="-122.501908"><ele>117.9</ele></trkpt><trkpt lat="38.005622" lon="-122.502043"><ele>122.1</ele></trkpt><trkpt lat="38.005484" lon="-122.502231"><ele>125.4</ele></trkpt><trkpt lat="38.005264" lon="-122.502454"><ele>129.8</ele></trkpt><trkpt lat="38.005155" lon="-122.502531"><ele>131.7</ele></trkpt><trkpt lat="38.004912" lon="-122.502644"><ele>134.8</ele></trkpt><trkpt lat="38.004659" lon="-122.502877"><ele>138.7</ele></trkpt><trkpt lat="38.004385" lon="-122.503003"><ele>143.8</ele></trkpt><trkpt lat="38.004285" lon="-122.503001"><ele>145.6</ele></trkpt><trkpt lat="38.004221" lon="-122.502964"><ele>146.8</ele></trkpt><trkpt lat="38.004175" lon="-122.502913"><ele>147.8</ele></trkpt><trkpt lat="38.004060" lon="-122.502690"><ele>150.9</ele></trkpt><trkpt lat="38.003956" lon="-122.502606"><ele>152.7</ele></trkpt><trkpt lat="38.003850" lon="-122.502521"><ele>154.6</ele></trkpt><trkpt lat="38.003757" lon="-122.502470"><ele>155.8</ele></trkpt><trkpt lat="38.003668" lon="-122.502495"><ele>156.5</ele></trkpt><trkpt lat="38.003609" lon="-122.502577"><ele>157.2</ele></trkpt><trkpt lat="38.003541" lon="-122.502733"><ele>158.2</ele></trkpt><trkpt lat="38.003301" lon="-122.503044"><ele>161.6</ele></trkpt><trkpt lat="38.003191" lon="-122.503175"><ele>163.5</ele></trkpt><trkpt lat="38.003101" lon="-122.503257"><ele>164.9</ele></trkpt><trkpt lat="38.003050" lon="-122.503233"><ele>165.6</ele></trkpt><trkpt lat="38.003001" lon="-122.503102"><ele>167.3</ele></trkpt><trkpt lat="38.002873" lon="-122.502756"><ele>173.0</ele></trkpt><trkpt lat="38.002627" lon="-122.502505"><ele>178.2</ele></trkpt><trkpt lat="38.002547" lon="-122.502461"><ele>179.3</ele></trkpt><trkpt lat="38.002442" lon="-122.502460"><ele>180.7</ele></trkpt><trkpt lat="38.002330" lon="-122.502502"><ele>182.3</ele></trkpt><trkpt lat="38.001991" lon="-122.502742"><ele>188.3</ele></trkpt><trkpt lat="38.001873" lon="-122.502758"><ele>190.2</ele></trkpt><trkpt lat="38.001753" lon="-122.502713"><ele>192.3</ele></trkpt><trkpt lat="38.001600" lon="-122.502601"><ele>192.0</ele></trkpt><trkpt lat="38.001541" lon="-122.502580"><ele>191.8</ele></trkpt><trkpt lat="38.001454" lon="-122.502581"><ele>191.4</ele></trkpt><trkpt lat="38.001377" lon="-122.502608"><ele>191.1</ele></trkpt><trkpt lat="38.001130" lon="-122.502762"><ele>188.7</ele></trkpt><trkpt lat="38.001053" lon="-122.502779"><ele>187.6</ele></trkpt><trkpt lat="38.000966" lon="-122.502762"><ele>186.3</ele></trkpt><trkpt lat="38.000866" lon="-122.502718"><ele>184.7</ele></trkpt><trkpt lat="38.000775" lon="-122.502671"><ele>183.3</ele></trkpt><trkpt lat="38.000741" lon="-122.502588"><ele>182.3</ele></trkpt><trkpt lat="38.000788" lon="-122.502514"><ele>181.5</ele></trkpt><trkpt lat="38.000845" lon="-122.502438"><ele>180.7</ele></trkpt><trkpt lat="38.000877" lon="-122.502336"><ele>179.7</ele></trkpt><trkpt lat="38.000917" lon="-122.502029"><ele>177.2</ele></trkpt><trkpt lat="38.000974" lon="-122.501862"><ele>176.3</ele></trkpt><trkpt lat="38.001016" lon="-122.501634"><ele>175.5</ele></trkpt><trkpt lat="38.001063" lon="-122.501515"><ele>175.0</ele></trkpt><trkpt lat="38.001198" lon="-122.501290"><ele>173.5</ele></trkpt><trkpt lat="38.001238" lon="-122.501179"><ele>172.6</ele></trkpt><trkpt lat="38.001263" lon="-122.501048"><ele>171.6</ele></trkpt><trkpt lat="38.001269" lon="-122.500824"><ele>169.9</ele></trkpt><trkpt lat="38.001251" lon="-122.500752"><ele>169.3</ele></trkpt><trkpt lat="38.001201" lon="-122.500678"><ele>169.7</ele></trkpt><trkpt lat="38.001137" lon="-122.500641"><ele>170.2</ele></trkpt><trkpt lat="38.000831" lon="-122.500564"><ele>172.6</ele></trkpt><trkpt lat="38.000676" lon="-122.500480"><ele>174.3</ele></trkpt><trkpt lat="38.000547" lon="-122.500448"><ele>176.2</ele></trkpt><trkpt lat="38.000351" lon="-122.500453"><ele>179.0</ele></trkpt><trkpt lat="38.000156" lon="-122.500436"><ele>182.2</ele></trkpt><trkpt lat="38.000090" lon="-122.500413"><ele>183.9</ele></trkpt><trkpt lat="38.000038" lon="-122.500342"><ele>185.8</ele></trkpt><trkpt lat="38.000024" lon="-122.499987"><ele>192.9</ele></trkpt><trkpt lat="37.999993" lon="-122.499914"><ele>194.5</ele></trkpt><trkpt lat="37.999935" lon="-122.499870"><ele>195.2</ele></trkpt><trkpt lat="37.999543" lon="-122.499823"><ele>199.4</ele></trkpt><trkpt lat="37.999450" lon="-122.499854"><ele>200.4</ele></trkpt><trkpt lat="37.999317" lon="-122.499936"><ele>201.4</ele></trkpt><trkpt lat="37.999165" lon="-122.500036"><ele>202.5</ele></trkpt><trkpt lat="37.999119" lon="-122.500055"><ele>202.8</ele></trkpt><trkpt lat="37.999063" lon="-122.500103"><ele>203.3</ele></trkpt><trkpt lat="37.999003" lon="-122.500144"><ele>203.7</ele></trkpt><trkpt lat="37.998971" lon="-122.500170"><ele>204.0</ele></trkpt><trkpt lat="37.998947" lon="-122.500209"><ele>204.4</ele></trkpt><trkpt lat="37.998916" lon="-122.500296"><ele>205.2</ele></trkpt><trkpt lat="37.998868" lon="-122.500319"><ele>205.7</ele></trkpt><trkpt lat="37.998823" lon="-122.500346"><ele>206.2</ele></trkpt><trkpt lat="37.998794" lon="-122.500377"><ele>206.6</ele></trkpt><trkpt lat="37.998763" lon="-122.500392"><ele>206.9</ele></trkpt><trkpt lat="37.998736" lon="-122.500415"><ele>207.3</ele></trkpt><trkpt lat="37.998757" lon="-122.500417"><ele>207.5</ele></trkpt><trkpt lat="37.998777" lon="-122.500418"><ele>207.7</ele></trkpt><trkpt lat="37.998803" lon="-122.500403"><ele>208.0</ele></trkpt><trkpt lat="37.998827" lon="-122.500385"><ele>208.3</ele></trkpt><trkpt lat="37.998863" lon="-122.500367"><ele>208.7</ele></trkpt><trkpt lat="37.998899" lon="-122.500353"><ele>209.0</ele></trkpt><trkpt lat="37.998939" lon="-122.500363"><ele>209.4</ele></trkpt><trkpt lat="37.998959" lon="-122.500365"><ele>209.7</ele></trkpt><trkpt lat="37.998978" lon="-122.500362"><ele>209.8</ele></trkpt><trkpt lat="37.998985" lon="-122.500326"><ele>210.1</ele></trkpt><trkpt lat="37.998989" lon="-122.500286"><ele>210.5</ele></trkpt><trkpt lat="37.999002" lon="-122.500244"><ele>210.8</ele></trkpt><trkpt lat="37.999028" lon="-122.500224"><ele>211.1</ele></trkpt><trkpt lat="37.999058" lon="-122.500211"><ele>211.5</ele></trkpt><trkpt lat="37.999117" lon="-122.500206"><ele>212.1</ele></trkpt><trkpt lat="37.999141" lon="-122.500192"><ele>212.3</ele></trkpt><trkpt lat="37.999298" lon="-122.500142"><ele>214.0</ele></trkpt><trkpt lat="37.999362" lon="-122.500092"><ele>214.8</ele></trkpt><trkpt lat="37.999433" lon="-122.500059"><ele>214.1</ele></trkpt><trkpt lat="37.999570" lon="-122.500037"><ele>212.6</ele></trkpt><trkpt lat="37.999603" lon="-122.500049"><ele>212.2</ele></trkpt><trkpt lat="37.999637" lon="-122.500067"><ele>211.7</ele></trkpt><trkpt lat="37.999677" lon="-122.500095"><ele>211.2</ele></trkpt><trkpt lat="37.999712" lon="-122.500128"><ele>210.7</ele></trkpt><trkpt lat="37.999736" lon="-122.500177"><ele>210.2</ele></trkpt><trkpt lat="37.999755" lon="-122.500230"><ele>209.6</ele></trkpt><trkpt lat="37.999766" lon="-122.500287"><ele>209.1</ele></trkpt><trkpt lat="37.999766" lon="-122.500343"><ele>208.6</ele></trkpt><trkpt lat="37.999747" lon="-122.500457"><ele>207.5</ele></trkpt><trkpt lat="37.999733" lon="-122.500559"><ele>206.6</ele></trkpt><trkpt lat="37.999713" lon="-122.500612"><ele>206.1</ele></trkpt><trkpt lat="37.999699" lon="-122.500661"><ele>205.6</ele></trkpt><trkpt lat="37.999709" lon="-122.500692"><ele>205.3</ele></trkpt><trkpt lat="37.999720" lon="-122.500721"><ele>205.0</ele></trkpt><trkpt lat="37.999757" lon="-122.500725"><ele>204.6</ele></trkpt><trkpt lat="37.999816" lon="-122.500724"><ele>203.9</ele></trkpt><trkpt lat="37.999847" lon="-122.500729"><ele>203.6</ele></trkpt><trkpt lat="37.999881" lon="-122.500748"><ele>203.2</ele></trkpt><trkpt lat="37.999907" lon="-122.500771"><ele>202.8</ele></trkpt><trkpt lat="37.999943" lon="-122.500784"><ele>202.4</ele></trkpt><trkpt lat="38.000021" lon="-122.500784"><ele>201.6</ele></trkpt><trkpt lat="38.000075" lon="-122.500775"><ele>201.1</ele></trkpt><trkpt lat="38.000136" lon="-122.500791"><ele>200.5</ele></trkpt><trkpt lat="38.000205" lon="-122.500784"><ele>199.8</ele></trkpt><trkpt lat="38.000481" lon="-122.500858"><ele>197.1</ele></trkpt><trkpt lat="38.000530" lon="-122.500890"><ele>196.6</ele></trkpt><trkpt lat="38.000574" lon="-122.500926"><ele>196.1</ele></trkpt><trkpt lat="38.000598" lon="-122.500961"><ele>195.7</ele></trkpt><trkpt lat="38.000617" lon="-122.500998"><ele>195.4</ele></trkpt><trkpt lat="38.000626" lon="-122.501042"><ele>195.0</ele></trkpt><trkpt lat="38.000623" lon="-122.501089"><ele>194.7</ele></trkpt><trkpt lat="38.000617" lon="-122.501133"><ele>194.3</ele></trkpt><trkpt lat="38.000538" lon="-122.501389"><ele>192.2</ele></trkpt><trkpt lat="38.000534" lon="-122.501550"><ele>193.2</ele></trkpt><trkpt lat="38.000537" lon="-122.501627"><ele>193.9</ele></trkpt><trkpt lat="38.000536" lon="-122.501683"><ele>194.5</ele></trkpt><trkpt lat="38.000533" lon="-122.501737"><ele>195.0</ele></trkpt><trkpt lat="38.000515" lon="-122.501802"><ele>195.6</ele></trkpt><trkpt lat="38.000493" lon="-122.501893"><ele>196.5</ele></trkpt><trkpt lat="38.000453" lon="-122.501961"><ele>197.2</ele></trkpt><trkpt lat="38.000398" lon="-122.502079"><ele>198.5</ele></trkpt><trkpt lat="38.000285" lon="-122.502266"><ele>200.3</ele></trkpt><trkpt lat="38.000251" lon="-122.502305"><ele>200.7</ele></trkpt><trkpt lat="38.000213" lon="-122.502338"><ele>201.2</ele></trkpt><trkpt lat="38.000059" lon="-122.502409"><ele>202.7</ele></trkpt><trkpt lat="37.999861" lon="-122.502742"><ele>208.9</ele></trkpt><trkpt lat="37.999815" lon="-122.502794"><ele>210.3</ele></trkpt><trkpt lat="37.999761" lon="-122.502842"><ele>211.7</ele></trkpt><trkpt lat="37.999713" lon="-122.502862"><ele>212.8</ele></trkpt><trkpt lat="37.999688" lon="-122.502865"><ele>213.4</ele></trkpt><trkpt lat="37.999664" lon="-122.502874"><ele>213.9</ele></trkpt><trkpt lat="37.999650" lon="-122.502916"><ele>214.7</ele></trkpt><trkpt lat="37.999643" lon="-122.502959"><ele>215.5</ele></trkpt><trkpt lat="37.999646" lon="-122.503006"><ele>216.0</ele></trkpt><trkpt lat="37.999657" lon="-122.503046"><ele>216.5</ele></trkpt><trkpt lat="37.999683" lon="-122.503075"><ele>217.0</ele></trkpt><trkpt lat="37.999715" lon="-122.503096"><ele>217.5</ele></trkpt><trkpt lat="37.999856" lon="-122.503133"><ele>219.5</ele></trkpt><trkpt lat="38.000166" lon="-122.503262"><ele>224.2</ele></trkpt><trkpt lat="38.000368" lon="-122.503451"><ele>227.8</ele></trkpt><trkpt lat="38.000490" lon="-122.503541"><ele>229.8</ele></trkpt><trkpt lat="38.000574" lon="-122.503549"><ele>231.0</ele></trkpt><trkpt lat="38.000734" lon="-122.503614"><ele>230.8</ele></trkpt><trkpt lat="38.000799" lon="-122.503601"><ele>230.6</ele></trkpt><trkpt lat="38.000898" lon="-122.503480"><ele>230.4</ele></trkpt><trkpt lat="38.000999" lon="-122.503467"><ele>230.2</ele></trkpt><trkpt lat="38.001076" lon="-122.503452"><ele>230.1</ele></trkpt><trkpt lat="38.001121" lon="-122.503465"><ele>230.3</ele></trkpt><trkpt lat="38.001161" lon="-122.503488"><ele>230.4</ele></trkpt><trkpt lat="38.001257" lon="-122.503623"><ele>230.7</ele></trkpt><trkpt lat="38.001288" lon="-122.503644"><ele>230.8</ele></trkpt><trkpt lat="38.001416" lon="-122.503676"><ele>231.1</ele></trkpt><trkpt lat="38.001531" lon="-122.503715"><ele>231.3</ele></trkpt><trkpt lat="38.001562" lon="-122.503738"><ele>230.9</ele></trkpt><trkpt lat="38.001580" lon="-122.503783"><ele>230.3</ele></trkpt><trkpt lat="38.001600" lon="-122.503916"><ele>228.6</ele></trkpt><trkpt lat="38.001554" lon="-122.503972"><ele>227.5</ele></trkpt><trkpt lat="38.001489" lon="-122.504080"><ele>225.8</ele></trkpt><trkpt lat="38.001434" lon="-122.504191"><ele>224.2</ele></trkpt><trkpt lat="38.001400" lon="-122.504321"><ele>222.5</ele></trkpt><trkpt lat="38.001394" lon="-122.504398"><ele>222.5</ele></trkpt><trkpt lat="38.001412" lon="-122.504466"><ele>222.5</ele></trkpt><trkpt lat="38.001441" lon="-122.504495"><ele>222.5</ele></trkpt><trkpt lat="38.001526" lon="-122.504552"><ele>222.5</ele></trkpt><trkpt lat="38.001712" lon="-122.504634"><ele>222.5</ele></trkpt><trkpt lat="38.001824" lon="-122.504750"><ele>222.8</ele></trkpt><trkpt lat="38.001930" lon="-122.504919"><ele>223.7</ele></trkpt><trkpt lat="38.002009" lon="-122.505223"><ele>225.0</ele></trkpt><trkpt lat="38.001921" lon="-122.505279"><ele>225.2</ele></trkpt><trkpt lat="38.001779" lon="-122.505372"><ele>225.2</ele></trkpt><trkpt lat="38.001643" lon="-122.505428"><ele>225.2</ele></trkpt><trkpt lat="38.001598" lon="-122.505433"><ele>225.2</ele></trkpt><trkpt lat="38.001505" lon="-122.505431"><ele>225.2</ele></trkpt><trkpt lat="38.001416" lon="-122.505403"><ele>225.6</ele></trkpt><trkpt lat="38.001325" lon="-122.505308"><ele>226.8</ele></trkpt><trkpt lat="38.001213" lon="-122.505024"><ele>229.3</ele></trkpt><trkpt lat="38.001144" lon="-122.504831"><ele>231.3</ele></trkpt><trkpt lat="38.001091" lon="-122.504683"><ele>234.1</ele></trkpt><trkpt lat="38.001003" lon="-122.504436"><ele>238.8</ele></trkpt><trkpt lat="38.000946" lon="-122.504335"><ele>241.0</ele></trkpt><trkpt lat="38.000829" lon="-122.504216"><ele>243.9</ele></trkpt><trkpt lat="38.000720" lon="-122.504164"><ele>245.8</ele></trkpt><trkpt lat="38.000607" lon="-122.504137"><ele>247.7</ele></trkpt><trkpt lat="38.000474" lon="-122.504143"><ele>249.9</ele></trkpt><trkpt lat="38.000279" lon="-122.504180"><ele>252.7</ele></trkpt><trkpt lat="38.000137" lon="-122.504167"><ele>254.4</ele></trkpt><trkpt lat="37.999778" lon="-122.504000"><ele>259.5</ele></trkpt><trkpt lat="37.999627" lon="-122.503991"><ele>262.2</ele></trkpt><trkpt lat="37.999504" lon="-122.504018"><ele>264.5</ele></trkpt><trkpt lat="37.998965" lon="-122.504225"><ele>275.3</ele></trkpt><trkpt lat="37.998860" lon="-122.504242"><ele>277.4</ele></trkpt><trkpt lat="37.998710" lon="-122.504213"><ele>279.7</ele></trkpt><trkpt lat="37.998578" lon="-122.504145"><ele>281.5</ele></trkpt><trkpt lat="37.998398" lon="-122.503996"><ele>284.2</ele></trkpt><trkpt lat="37.998228" lon="-122.503789"><ele>287.2</ele></trkpt><trkpt lat="37.998157" lon="-122.503662"><ele>288.9</ele></trkpt><trkpt lat="37.998148" lon="-122.503643"><ele>289.1</ele></trkpt><trkpt lat="37.998083" lon="-122.503501"><ele>290.8</ele></trkpt><trkpt lat="37.997782" lon="-122.502881"><ele>298.1</ele></trkpt><trkpt lat="37.997645" lon="-122.502726"><ele>299.8</ele></trkpt><trkpt lat="37.997503" lon="-122.502589"><ele>300.7</ele></trkpt><trkpt lat="37.997214" lon="-122.502314"><ele>302.0</ele></trkpt><trkpt lat="37.996950" lon="-122.501981"><ele>301.5</ele></trkpt><trkpt lat="37.996887" lon="-122.501897"><ele>301.4</ele></trkpt><trkpt lat="37.996854" lon="-122.501856"><ele>301.3</ele></trkpt><trkpt lat="37.996790" lon="-122.501790"><ele>300.9</ele></trkpt><trkpt lat="37.996730" lon="-122.501744"><ele>300.6</ele></trkpt><trkpt lat="37.996648" lon="-122.501702"><ele>300.3</ele></trkpt><trkpt lat="37.996383" lon="-122.501650"><ele>299.2</ele></trkpt><trkpt lat="37.996313" lon="-122.501615"><ele>298.8</ele></trkpt><trkpt lat="37.996270" lon="-122.501591"><ele>298.6</ele></trkpt><trkpt lat="37.996241" lon="-122.501554"><ele>298.4</ele></trkpt><trkpt lat="37.996213" lon="-122.501496"><ele>298.1</ele></trkpt><trkpt lat="37.996210" lon="-122.501448"><ele>297.9</ele></trkpt><trkpt lat="37.996216" lon="-122.501393"><ele>297.7</ele></trkpt><trkpt lat="37.996237" lon="-122.501344"><ele>297.5</ele></trkpt><trkpt lat="37.996280" lon="-122.501276"><ele>297.1</ele></trkpt><trkpt lat="37.996317" lon="-122.501227"><ele>296.8</ele></trkpt><trkpt lat="37.996356" lon="-122.501183"><ele>296.6</ele></trkpt><trkpt lat="37.996414" lon="-122.501128"><ele>296.2</ele></trkpt><trkpt lat="37.996496" lon="-122.501018"><ele>295.7</ele></trkpt><trkpt lat="37.996522" lon="-122.500960"><ele>295.5</ele></trkpt><trkpt lat="37.996535" lon="-122.500894"><ele>295.2</ele></trkpt><trkpt lat="37.996534" lon="-122.500824"><ele>295.0</ele></trkpt><trkpt lat="37.996505" lon="-122.500745"><ele>294.7</ele></trkpt><trkpt lat="37.996471" lon="-122.500672"><ele>294.3</ele></trkpt><trkpt lat="37.996432" lon="-122.500603"><ele>294.1</ele></trkpt><trkpt lat="37.996389" lon="-122.500539"><ele>293.9</ele></trkpt><trkpt lat="37.996370" lon="-122.500511"><ele>293.9</ele></trkpt><trkpt lat="37.996307" lon="-122.500442"><ele>293.7</ele></trkpt><trkpt lat="37.996290" lon="-122.500425"><ele>293.6</ele></trkpt><trkpt lat="37.996235" lon="-122.500377"><ele>293.5</ele></trkpt><trkpt lat="37.996177" lon="-122.500335"><ele>293.4</ele></trkpt><trkpt lat="37.996114" lon="-122.500310"><ele>293.2</ele></trkpt><trkpt lat="37.996024" lon="-122.500291"><ele>293.0</ele></trkpt><trkpt lat="37.996014" lon="-122.500289"><ele>293.0</ele></trkpt><trkpt lat="37.995905" lon="-122.500260"><ele>293.3</ele></trkpt><trkpt lat="37.995810" lon="-122.500237"><ele>293.7</ele></trkpt><trkpt lat="37.995724" lon="-122.500221"><ele>294.1</ele></trkpt><trkpt lat="37.995620" lon="-122.500230"><ele>294.6</ele></trkpt><trkpt lat="37.995446" lon="-122.500265"><ele>295.4</ele></trkpt><trkpt lat="37.995274" lon="-122.500274"><ele>297.4</ele></trkpt><trkpt lat="37.995198" lon="-122.500264"><ele>298.2</ele></trkpt><trkpt lat="37.995118" lon="-122.500234"><ele>299.2</ele></trkpt><trkpt lat="37.994838" lon="-122.500030"><ele>302.1</ele></trkpt><trkpt lat="37.994718" lon="-122.499978"><ele>302.8</ele></trkpt><trkpt lat="37.994497" lon="-122.499940"><ele>304.0</ele></trkpt><trkpt lat="37.994359" lon="-122.499899"><ele>305.2</ele></trkpt><trkpt lat="37.994137" lon="-122.499832"><ele>307.8</ele></trkpt><trkpt lat="37.993986" lon="-122.499817"><ele>309.5</ele></trkpt><trkpt lat="37.993915" lon="-122.499833"><ele>310.3</ele></trkpt><trkpt lat="37.993844" lon="-122.499877"><ele>311.1</ele></trkpt><trkpt lat="37.993741" lon="-122.500012"><ele>312.4</ele></trkpt><trkpt lat="37.993570" lon="-122.500286"><ele>314.9</ele></trkpt><trkpt lat="37.993475" lon="-122.500425"><ele>315.3</ele></trkpt><trkpt lat="37.993329" lon="-122.500514"><ele>315.0</ele></trkpt><trkpt lat="37.992991" lon="-122.500689"><ele>314.0</ele></trkpt><trkpt lat="37.992817" lon="-122.500719"><ele>312.6</ele></trkpt><trkpt lat="37.992700" lon="-122.500695"><ele>311.7</ele></trkpt><trkpt lat="37.992551" lon="-122.500617"><ele>310.5</ele></trkpt><trkpt lat="37.992285" lon="-122.500652"><ele>309.7</ele></trkpt><trkpt lat="37.991946" lon="-122.500627"><ele>308.7</ele></trkpt><trkpt lat="37.991814" lon="-122.500597"><ele>307.8</ele></trkpt><trkpt lat="37.991691" lon="-122.500535"><ele>306.8</ele></trkpt><trkpt lat="37.991453" lon="-122.500356"><ele>304.9</ele></trkpt><trkpt lat="37.991176" lon="-122.500177"><ele>303.9</ele></trkpt><trkpt lat="37.991102" lon="-122.500139"><ele>303.6</ele></trkpt><trkpt lat="37.991070" lon="-122.500120"><ele>303.5</ele></trkpt><trkpt lat="37.991028" lon="-122.500115"><ele>303.4</ele></trkpt><trkpt lat="37.990993" lon="-122.500129"><ele>303.3</ele></trkpt><trkpt lat="37.990953" lon="-122.500151"><ele>303.2</ele></trkpt><trkpt lat="37.990806" lon="-122.500248"><ele>303.0</ele></trkpt><trkpt lat="37.990758" lon="-122.500271"><ele>303.0</ele></trkpt><trkpt lat="37.990683" lon="-122.500281"><ele>302.9</ele></trkpt><trkpt lat="37.990628" lon="-122.500271"><ele>302.8</ele></trkpt><trkpt lat="37.990568" lon="-122.500242"><ele>302.8</ele></trkpt><trkpt lat="37.990445" lon="-122.500134"><ele>302.1</ele></trkpt><trkpt lat="37.990307" lon="-122.500036"><ele>300.7</ele></trkpt><trkpt lat="37.990241" lon="-122.500002"><ele>300.1</ele></trkpt><trkpt lat="37.990182" lon="-122.499979"><ele>299.6</ele></trkpt><trkpt lat="37.990119" lon="-122.499969"><ele>299.1</ele></trkpt><trkpt lat="37.990056" lon="-122.499978"><ele>298.5</ele></trkpt><trkpt lat="37.989992" lon="-122.500008"><ele>298.1</ele></trkpt><trkpt lat="37.989890" lon="-122.500083"><ele>297.9</ele></trkpt><trkpt lat="37.989846" lon="-122.500131"><ele>297.8</ele></trkpt><trkpt lat="37.989824" lon="-122.500217"><ele>297.6</ele></trkpt><trkpt lat="37.989820" lon="-122.500289"><ele>297.5</ele></trkpt><trkpt lat="37.989820" lon="-122.500389"><ele>297.4</ele></trkpt><trkpt lat="37.989809" lon="-122.500484"><ele>297.3</ele></trkpt><trkpt lat="37.989770" lon="-122.500565"><ele>297.1</ele></trkpt><trkpt lat="37.989707" lon="-122.500653"><ele>296.6</ele></trkpt><trkpt lat="37.989547" lon="-122.500829"><ele>295.4</ele></trkpt><trkpt lat="37.989450" lon="-122.500940"><ele>294.7</ele></trkpt><trkpt lat="37.989321" lon="-122.501106"><ele>293.0</ele></trkpt><trkpt lat="37.989223" lon="-122.501200"><ele>291.4</ele></trkpt><trkpt lat="37.989110" lon="-122.501280"><ele>289.8</ele></trkpt><trkpt lat="37.988960" lon="-122.501406"><ele>287.4</ele></trkpt><trkpt lat="37.988894" lon="-122.501472"><ele>286.1</ele></trkpt><trkpt lat="37.988828" lon="-122.501540"><ele>284.7</ele></trkpt><trkpt lat="37.988794" lon="-122.501595"><ele>283.8</ele></trkpt><trkpt lat="37.988758" lon="-122.501683"><ele>282.5</ele></trkpt><trkpt lat="37.988805" lon="-122.501726"><ele>281.6</ele></trkpt><trkpt lat="37.988866" lon="-122.501737"><ele>280.5</ele></trkpt><trkpt lat="37.988947" lon="-122.501716"><ele>279.2</ele></trkpt><trkpt lat="37.989219" lon="-122.501606"><ele>274.4</ele></trkpt><trkpt lat="37.989398" lon="-122.501547"><ele>271.2</ele></trkpt><trkpt lat="37.989650" lon="-122.501479"><ele>265.9</ele></trkpt><trkpt lat="37.989840" lon="-122.501374"><ele>260.8</ele></trkpt><trkpt lat="37.989979" lon="-122.501320"><ele>257.3</ele></trkpt><trkpt lat="37.990026" lon="-122.501302"><ele>256.1</ele></trkpt><trkpt lat="37.990081" lon="-122.501314"><ele>255.3</ele></trkpt><trkpt lat="37.990130" lon="-122.501351"><ele>254.6</ele></trkpt><trkpt lat="37.990112" lon="-122.501437"><ele>253.8</ele></trkpt><trkpt lat="37.990075" lon="-122.501479"><ele>253.3</ele></trkpt><trkpt lat="37.989986" lon="-122.501563"><ele>252.0</ele></trkpt><trkpt lat="37.989966" lon="-122.501615"><ele>251.5</ele></trkpt><trkpt lat="37.989966" lon="-122.501664"><ele>251.1</ele></trkpt><trkpt lat="37.989977" lon="-122.501744"><ele>250.3</ele></trkpt><trkpt lat="37.989998" lon="-122.501797"><ele>249.8</ele></trkpt><trkpt lat="37.990033" lon="-122.501848"><ele>249.0</ele></trkpt><trkpt lat="37.990085" lon="-122.501897"><ele>247.9</ele></trkpt><trkpt lat="37.990137" lon="-122.501921"><ele>247.0</ele></trkpt><trkpt lat="37.990210" lon="-122.501936"><ele>245.8</ele></trkpt><trkpt lat="37.990325" lon="-122.501940"><ele>243.9</ele></trkpt><trkpt lat="37.990252" lon="-122.501992"><ele>242.5</ele></trkpt><trkpt lat="37.990178" lon="-122.502042"><ele>241.2</ele></trkpt><trkpt lat="37.990135" lon="-122.502084"><ele>240.2</ele></trkpt><trkpt lat="37.989911" lon="-122.502196"><ele>235.5</ele></trkpt><trkpt lat="37.989774" lon="-122.502345"><ele>232.0</ele></trkpt><trkpt lat="37.989734" lon="-122.502473"><ele>230.1</ele></trkpt><trkpt lat="37.989689" lon="-122.502644"><ele>230.5</ele></trkpt><trkpt lat="37.989655" lon="-122.502775"><ele>230.7</ele></trkpt><trkpt lat="37.989497" lon="-122.503084"><ele>231.4</ele></trkpt><trkpt lat="37.989283" lon="-122.503330"><ele>231.9</ele></trkpt><trkpt lat="37.989225" lon="-122.503547"><ele>232.2</ele></trkpt><trkpt lat="37.989075" lon="-122.503913"><ele>227.4</ele></trkpt><trkpt lat="37.989060" lon="-122.504050"><ele>225.5</ele></trkpt><trkpt lat="37.989065" lon="-122.504232"><ele>223.0</ele></trkpt><trkpt lat="37.988958" lon="-122.504578"><ele>222.2</ele></trkpt><trkpt lat="37.988879" lon="-122.504831"><ele>221.7</ele></trkpt><trkpt lat="37.988771" lon="-122.505013"><ele>222.8</ele></trkpt><trkpt lat="37.988657" lon="-122.505124"><ele>224.2</ele></trkpt><trkpt lat="37.988410" lon="-122.505317"><ele>226.5</ele></trkpt><trkpt lat="37.988178" lon="-122.505607"><ele>223.2</ele></trkpt><trkpt lat="37.988079" lon="-122.505663"><ele>222.1</ele></trkpt><trkpt lat="37.987935" lon="-122.505682"><ele>221.0</ele></trkpt><trkpt lat="37.987559" lon="-122.505658"><ele>219.1</ele></trkpt><trkpt lat="37.987524" lon="-122.505669"><ele>218.9</ele></trkpt><trkpt lat="37.987492" lon="-122.505700"><ele>218.7</ele></trkpt><trkpt lat="37.987447" lon="-122.505695"><ele>218.6</ele></trkpt><trkpt lat="37.987416" lon="-122.505719"><ele>218.8</ele></trkpt><trkpt lat="37.987413" lon="-122.505737"><ele>218.9</ele></trkpt><trkpt lat="37.987359" lon="-122.505840"><ele>219.4</ele></trkpt><trkpt lat="37.987204" lon="-122.505882"><ele>220.2</ele></trkpt><trkpt lat="37.987113" lon="-122.505977"><ele>220.8</ele></trkpt><trkpt lat="37.987029" lon="-122.506082"><ele>221.0</ele></trkpt><trkpt lat="37.987010" lon="-122.506092"><ele>220.7</ele></trkpt><trkpt lat="37.986963" lon="-122.506083"><ele>220.0</ele></trkpt><trkpt lat="37.986822" lon="-122.506118"><ele>217.8</ele></trkpt><trkpt lat="37.986760" lon="-122.506164"><ele>216.7</ele></trkpt><trkpt lat="37.986713" lon="-122.506234"><ele>215.6</ele></trkpt><trkpt lat="37.986567" lon="-122.506510"><ele>211.3</ele></trkpt><trkpt lat="37.986542" lon="-122.506549"><ele>210.6</ele></trkpt><trkpt lat="37.986473" lon="-122.506568"><ele>209.3</ele></trkpt><trkpt lat="37.986366" lon="-122.506560"><ele>207.4</ele></trkpt><trkpt lat="37.986193" lon="-122.506518"><ele>204.2</ele></trkpt><trkpt lat="37.986108" lon="-122.506487"><ele>202.3</ele></trkpt><trkpt lat="37.986055" lon="-122.506470"><ele>200.9</ele></trkpt><trkpt lat="37.985793" lon="-122.506382"><ele>194.0</ele></trkpt><trkpt lat="37.985770" lon="-122.506378"><ele>193.4</ele></trkpt><trkpt lat="37.985746" lon="-122.506383"><ele>192.8</ele></trkpt><trkpt lat="37.985704" lon="-122.506425"><ele>191.5</ele></trkpt><trkpt lat="37.985678" lon="-122.506489"><ele>190.0</ele></trkpt><trkpt lat="37.985648" lon="-122.506513"><ele>189.1</ele></trkpt><trkpt lat="37.985592" lon="-122.506487"><ele>187.3</ele></trkpt><trkpt lat="37.985478" lon="-122.506445"><ele>183.8</ele></trkpt><trkpt lat="37.985421" lon="-122.506434"><ele>182.1</ele></trkpt><trkpt lat="37.985339" lon="-122.506478"><ele>179.5</ele></trkpt><trkpt lat="37.985289" lon="-122.506522"><ele>177.7</ele></trkpt><trkpt lat="37.985119" lon="-122.506606"><ele>171.9</ele></trkpt><trkpt lat="37.985029" lon="-122.506596"><ele>168.2</ele></trkpt><trkpt lat="37.984793" lon="-122.506724"><ele>157.6</ele></trkpt><trkpt lat="37.984679" lon="-122.506734"><ele>152.8</ele></trkpt><trkpt lat="37.984582" lon="-122.506748"><ele>149.5</ele></trkpt><trkpt lat="37.984517" lon="-122.506705"><ele>147.4</ele></trkpt><trkpt lat="37.984458" lon="-122.506654"><ele>145.4</ele></trkpt><trkpt lat="37.984404" lon="-122.506602"><ele>143.4</ele></trkpt><trkpt lat="37.984311" lon="-122.506539"><ele>140.4</ele></trkpt><trkpt lat="37.984229" lon="-122.506517"><ele>138.0</ele></trkpt><trkpt lat="37.984190" lon="-122.506456"><ele>136.2</ele></trkpt><trkpt lat="37.984145" lon="-122.506428"><ele>134.8</ele></trkpt><trkpt lat="37.983689" lon="-122.506167"><ele>119.7</ele></trkpt><trkpt lat="37.983773" lon="-122.506018"><ele>117.9</ele></trkpt><trkpt lat="37.983876" lon="-122.505933"><ele>116.6</ele></trkpt><trkpt lat="37.983970" lon="-122.505896"><ele>115.6</ele></trkpt><trkpt lat="37.984004" lon="-122.505855"><ele>115.2</ele></trkpt><trkpt lat="37.983992" lon="-122.505804"><ele>114.7</ele></trkpt><trkpt lat="37.983902" lon="-122.505721"><ele>113.4</ele></trkpt><trkpt lat="37.983799" lon="-122.505641"><ele>110.5</ele></trkpt><trkpt lat="37.983709" lon="-122.505477"><ele>106.7</ele></trkpt><trkpt lat="37.983602" lon="-122.505201"><ele>100.7</ele></trkpt><trkpt lat="37.983535" lon="-122.505048"><ele>98.9</ele></trkpt><trkpt lat="37.983510" lon="-122.504967"><ele>98.0</ele></trkpt><trkpt lat="37.983512" lon="-122.504883"><ele>97.2</ele></trkpt><trkpt lat="37.983518" lon="-122.504801"><ele>96.3</ele></trkpt><trkpt lat="37.983513" lon="-122.504735"><ele>95.7</ele></trkpt><trkpt lat="37.983495" lon="-122.504671"><ele>95.0</ele></trkpt><trkpt lat="37.983444" lon="-122.504690"><ele>94.3</ele></trkpt><trkpt lat="37.983402" lon="-122.504725"><ele>93.7</ele></trkpt><trkpt lat="37.983309" lon="-122.504782"><ele>92.5</ele></trkpt><trkpt lat="37.983222" lon="-122.504828"><ele>91.3</ele></trkpt><trkpt lat="37.983120" lon="-122.504880"><ele>90.0</ele></trkpt><trkpt lat="37.983066" lon="-122.504976"><ele>88.9</ele></trkpt><trkpt lat="37.983003" lon="-122.505115"><ele>87.4</ele></trkpt><trkpt lat="37.982940" lon="-122.505278"><ele>85.6</ele></trkpt><trkpt lat="37.982857" lon="-122.505478"><ele>83.2</ele></trkpt><trkpt lat="37.982791" lon="-122.505665"><ele>81.1</ele></trkpt><trkpt lat="37.982694" lon="-122.505866"><ele>77.6</ele></trkpt><trkpt lat="37.982637" lon="-122.505980"><ele>75.3</ele></trkpt><trkpt lat="37.982619" lon="-122.506081"><ele>73.5</ele></trkpt><trkpt lat="37.982607" lon="-122.506205"><ele>71.3</ele></trkpt><trkpt lat="37.982575" lon="-122.506343"><ele>68.8</ele></trkpt><trkpt lat="37.982552" lon="-122.506486"><ele>67.3</ele></trkpt><trkpt lat="37.982532" lon="-122.506674"><ele>65.9</ele></trkpt><trkpt lat="37.982527" lon="-122.506880"><ele>64.4</ele></trkpt><trkpt lat="37.982475" lon="-122.507229"><ele>61.4</ele></trkpt><trkpt lat="37.982440" lon="-122.507503"><ele>58.7</ele></trkpt><trkpt lat="37.982395" lon="-122.507780"><ele>55.9</ele></trkpt><trkpt lat="37.982260" lon="-122.507932"><ele>53.7</ele></trkpt><trkpt lat="37.982083" lon="-122.508094"><ele>51.1</ele></trkpt><trkpt lat="37.981935" lon="-122.508176"><ele>49.2</ele></trkpt><trkpt lat="37.981597" lon="-122.508363"><ele>44.7</ele></trkpt><trkpt lat="37.981460" lon="-122.508405"><ele>43.2</ele></trkpt><trkpt lat="37.981476" lon="-122.508582"><ele>42.4</ele></trkpt><trkpt lat="37.981489" lon="-122.508815"><ele>41.5</ele></trkpt><trkpt lat="37.981581" lon="-122.509315"><ele>39.4</ele></trkpt><trkpt lat="37.981613" lon="-122.509592"><ele>38.3</ele></trkpt><trkpt lat="37.981610" lon="-122.509908"><ele>37.3</ele></trkpt><trkpt lat="37.981609" lon="-122.510059"><ele>36.9</ele></trkpt><trkpt lat="37.981576" lon="-122.510336"><ele>36.2</ele></trkpt><trkpt lat="37.981533" lon="-122.510464"><ele>35.9</ele></trkpt><trkpt lat="37.981518" lon="-122.510507"><ele>35.8</ele></trkpt><trkpt lat="37.981459" lon="-122.510625"><ele>35.5</ele></trkpt><trkpt lat="37.981327" lon="-122.510787"><ele>35.1</ele></trkpt><trkpt lat="37.981231" lon="-122.510856"><ele>34.8</ele></trkpt><trkpt lat="37.980927" lon="-122.510991"><ele>34.4</ele></trkpt><trkpt lat="37.980582" lon="-122.510875"><ele>34.2</ele></trkpt><trkpt lat="37.980295" lon="-122.510831"><ele>34.4</ele></trkpt><trkpt lat="37.980224" lon="-122.510824"><ele>34.4</ele></trkpt><trkpt lat="37.980095" lon="-122.510837"><ele>34.3</ele></trkpt><trkpt lat="37.979975" lon="-122.510870"><ele>34.1</ele></trkpt><trkpt lat="37.979839" lon="-122.510946"><ele>33.7</ele></trkpt><trkpt lat="37.979580" lon="-122.511197"><ele>33.0</ele></trkpt><trkpt lat="37.979567" lon="-122.511212"><ele>33.0</ele></trkpt><trkpt lat="37.979460" lon="-122.511333"><ele>32.6</ele></trkpt><trkpt lat="37.979418" lon="-122.511381"><ele>32.5</ele></trkpt><trkpt lat="37.979330" lon="-122.511506"><ele>32.2</ele></trkpt><trkpt lat="37.979309" lon="-122.511536"><ele>32.1</ele></trkpt><trkpt lat="37.979130" lon="-122.511792"><ele>31.4</ele></trkpt><trkpt lat="37.979034" lon="-122.511966"><ele>30.9</ele></trkpt><trkpt lat="37.979009" lon="-122.512012"><ele>30.8</ele></trkpt><trkpt lat="37.979004" lon="-122.512021"><ele>30.8</ele></trkpt><trkpt lat="37.978974" lon="-122.512074"><ele>30.6</ele></trkpt><trkpt lat="37.978871" lon="-122.512307"><ele>30.1</ele></trkpt><trkpt lat="37.978859" lon="-122.512343"><ele>30.0</ele></trkpt><trkpt lat="37.978713" lon="-122.512789"><ele>28.9</ele></trkpt><trkpt lat="37.978682" lon="-122.512882"><ele>28.5</ele></trkpt><trkpt lat="37.978630" lon="-122.513150"><ele>27.5</ele></trkpt><trkpt lat="37.978591" lon="-122.513468"><ele>26.5</ele></trkpt><trkpt lat="37.978543" lon="-122.513690"><ele>26.0</ele></trkpt><trkpt lat="37.978464" lon="-122.513896"><ele>25.6</ele></trkpt><trkpt lat="37.978320" lon="-122.514137"><ele>25.1</ele></trkpt><trkpt lat="37.978041" lon="-122.514457"><ele>24.5</ele></trkpt><trkpt lat="37.977909" lon="-122.514590"><ele>24.1</ele></trkpt><trkpt lat="37.977792" lon="-122.514684"><ele>23.7</ele></trkpt><trkpt lat="37.977658" lon="-122.514806"><ele>23.3</ele></trkpt><trkpt lat="37.977421" lon="-122.514984"><ele>22.5</ele></trkpt><trkpt lat="37.977297" lon="-122.515085"><ele>22.1</ele></trkpt><trkpt lat="37.977204" lon="-122.515161"><ele>21.8</ele></trkpt><trkpt lat="37.977130" lon="-122.515262"><ele>21.5</ele></trkpt><trkpt lat="37.977066" lon="-122.515383"><ele>21.3</ele></trkpt><trkpt lat="37.976994" lon="-122.515569"><ele>21.1</ele></trkpt><trkpt lat="37.976913" lon="-122.515744"><ele>20.9</ele></trkpt><trkpt lat="37.976912" lon="-122.516019"><ele>20.7</ele></trkpt><trkpt lat="37.976837" lon="-122.516473"><ele>20.5</ele></trkpt><trkpt lat="37.976820" lon="-122.516760"><ele>20.3</ele></trkpt><trkpt lat="37.976811" lon="-122.516893"><ele>20.3</ele></trkpt><trkpt lat="37.976727" lon="-122.516959"><ele>20.2</ele></trkpt><trkpt lat="37.976633" lon="-122.517032"><ele>20.2</ele></trkpt><trkpt lat="37.976513" lon="-122.517168"><ele>20.0</ele></trkpt><trkpt lat="37.976397" lon="-122.517345"><ele>19.6</ele></trkpt><trkpt lat="37.976312" lon="-122.517496"><ele>19.2</ele></trkpt><trkpt lat="37.976102" lon="-122.517916"><ele>18.1</ele></trkpt><trkpt lat="37.975978" lon="-122.518109"><ele>17.4</ele></trkpt><trkpt lat="37.975836" lon="-122.518273"><ele>16.7</ele></trkpt><trkpt lat="37.975713" lon="-122.518357"><ele>16.2</ele></trkpt><trkpt lat="37.975578" lon="-122.518428"><ele>15.6</ele></trkpt><trkpt lat="37.975438" lon="-122.518477"><ele>15.0</ele></trkpt><trkpt lat="37.975306" lon="-122.518502"><ele>14.5</ele></trkpt><trkpt lat="37.975232" lon="-122.518514"><ele>14.1</ele></trkpt><trkpt lat="37.975147" lon="-122.518515"><ele>13.7</ele></trkpt><trkpt lat="37.974949" lon="-122.518468"><ele>12.8</ele></trkpt><trkpt lat="37.974843" lon="-122.518440"><ele>12.3</ele></trkpt><trkpt lat="37.974730" lon="-122.518410"><ele>11.7</ele></trkpt><trkpt lat="37.974503" lon="-122.518348"><ele>10.5</ele></trkpt><trkpt lat="37.974260" lon="-122.518340"><ele>9.6</ele></trkpt><trkpt lat="37.973672" lon="-122.518419"><ele>8.3</ele></trkpt><trkpt lat="37.973609" lon="-122.518427"><ele>8.2</ele></trkpt><trkpt lat="37.973501" lon="-122.518443"><ele>8.0</ele></trkpt><trkpt lat="37.972736" lon="-122.518557"><ele>6.4</ele></trkpt><trkpt lat="37.972304" lon="-122.518629"><ele>5.7</ele></trkpt><trkpt lat="37.972029" lon="-122.518675"><ele>5.2</ele></trkpt><trkpt lat="37.971957" lon="-122.518688"><ele>5.1</ele></trkpt><trkpt lat="37.971872" lon="-122.518702"><ele>4.9</ele></trkpt><trkpt lat="37.971740" lon="-122.518723"><ele>4.7</ele></trkpt><trkpt lat="37.971454" lon="-122.518770"><ele>4.2</ele></trkpt><trkpt lat="37.971343" lon="-122.518788"><ele>4.1</ele></trkpt><trkpt lat="37.971272" lon="-122.518800"><ele>3.9</ele></trkpt><trkpt lat="37.971037" lon="-122.518838"><ele>3.6</ele></trkpt><trkpt lat="37.970958" lon="-122.518851"><ele>3.6</ele></trkpt><trkpt lat="37.970881" lon="-122.518862"><ele>3.5</ele></trkpt><trkpt lat="37.970549" lon="-122.518908"><ele>3.4</ele></trkpt><trkpt lat="37.970420" lon="-122.518926"><ele>3.4</ele></trkpt><trkpt lat="37.970339" lon="-122.518937"><ele>3.4</ele></trkpt><trkpt lat="37.970228" lon="-122.518972"><ele>3.4</ele></trkpt><trkpt lat="37.970086" lon="-122.519017"><ele>3.4</ele></trkpt><trkpt lat="37.970044" lon="-122.519030"><ele>3.4</ele></trkpt><trkpt lat="37.969930" lon="-122.519069"><ele>3.4</ele></trkpt><trkpt lat="37.969795" lon="-122.519102"><ele>3.4</ele></trkpt><trkpt lat="37.969149" lon="-122.519303"><ele>3.4</ele></trkpt><trkpt lat="37.968823" lon="-122.519426"><ele>3.4</ele></trkpt><trkpt lat="37.968683" lon="-122.519474"><ele>3.4</ele></trkpt><trkpt lat="37.968570" lon="-122.519504"><ele>3.4</ele></trkpt><trkpt lat="37.968459" lon="-122.519495"><ele>3.3</ele></trkpt><trkpt lat="37.968340" lon="-122.519461"><ele>3.3</ele></trkpt><trkpt lat="37.968255" lon="-122.519404"><ele>3.2</ele></trkpt><trkpt lat="37.968165" lon="-122.519310"><ele>3.2</ele></trkpt><trkpt lat="37.968101" lon="-122.519205"><ele>3.1</ele></trkpt><trkpt lat="37.968041" lon="-122.519108"><ele>3.1</ele></trkpt><trkpt lat="37.967751" lon="-122.518618"><ele>2.8</ele></trkpt><trkpt lat="37.967362" lon="-122.517965"><ele>2.4</ele></trkpt><trkpt lat="37.966946" lon="-122.517264"><ele>2.1</ele></trkpt><trkpt lat="37.966893" lon="-122.517174"><ele>2.1</ele></trkpt><trkpt lat="37.966560" lon="-122.516615"><ele>2.1</ele></trkpt><trkpt lat="37.966303" lon="-122.516180"><ele>2.1</ele></trkpt><trkpt lat="37.966263" lon="-122.516112"><ele>2.1</ele></trkpt><trkpt lat="37.966009" lon="-122.515672"><ele>2.1</ele></trkpt><trkpt lat="37.965641" lon="-122.515019"><ele>2.1</ele></trkpt><trkpt lat="37.965350" lon="-122.514505"><ele>2.0</ele></trkpt><trkpt lat="37.965187" lon="-122.514215"><ele>1.9</ele></trkpt><trkpt lat="37.965050" lon="-122.513970"><ele>1.7</ele></trkpt><trkpt lat="37.964829" lon="-122.513577"><ele>1.5</ele></trkpt><trkpt lat="37.964406" lon="-122.512827"><ele>1.5</ele></trkpt><trkpt lat="37.964013" lon="-122.512135"><ele>1.5</ele></trkpt><trkpt lat="37.963792" lon="-122.511742"><ele>1.5</ele></trkpt><trkpt lat="37.963546" lon="-122.511300"><ele>1.6</ele></trkpt><trkpt lat="37.963317" lon="-122.510890"><ele>1.8</ele></trkpt><trkpt lat="37.963254" lon="-122.510781"><ele>1.8</ele></trkpt><trkpt lat="37.963146" lon="-122.510599"><ele>1.9</ele></trkpt><trkpt lat="37.963000" lon="-122.510346"><ele>2.1</ele></trkpt><trkpt lat="37.962964" lon="-122.510284"><ele>2.1</ele></trkpt><trkpt lat="37.962910" lon="-122.510192"><ele>2.1</ele></trkpt><trkpt lat="37.962862" lon="-122.510108"><ele>2.1</ele></trkpt><trkpt lat="37.962418" lon="-122.509353"><ele>1.9</ele></trkpt><trkpt lat="37.962319" lon="-122.509182"><ele>1.8</ele></trkpt><trkpt lat="37.962241" lon="-122.509050"><ele>1.9</ele></trkpt><trkpt lat="37.962181" lon="-122.508944"><ele>1.9</ele></trkpt><trkpt lat="37.962136" lon="-122.508859"><ele>2.0</ele></trkpt><trkpt lat="37.962092" lon="-122.508771"><ele>2.0</ele></trkpt><trkpt lat="37.962054" lon="-122.508688"><ele>2.1</ele></trkpt><trkpt lat="37.962017" lon="-122.508605"><ele>2.1</ele></trkpt><trkpt lat="37.961986" lon="-122.508525"><ele>2.1</ele></trkpt><trkpt lat="37.961956" lon="-122.508440"><ele>2.1</ele></trkpt><trkpt lat="37.961921" lon="-122.508336"><ele>2.1</ele></trkpt><trkpt lat="37.961889" lon="-122.508247"><ele>2.1</ele></trkpt><trkpt lat="37.961856" lon="-122.508155"><ele>2.1</ele></trkpt><trkpt lat="37.961818" lon="-122.508059"><ele>2.1</ele></trkpt><trkpt lat="37.961787" lon="-122.507988"><ele>2.1</ele></trkpt><trkpt lat="37.961731" lon="-122.507853"><ele>2.1</ele></trkpt><trkpt lat="37.961684" lon="-122.507751"><ele>2.1</ele></trkpt><trkpt lat="37.961618" lon="-122.507611"><ele>2.1</ele></trkpt><trkpt lat="37.961544" lon="-122.507461"><ele>2.1</ele></trkpt><trkpt lat="37.961335" lon="-122.507012"><ele>2.1</ele></trkpt><trkpt lat="37.961221" lon="-122.506770"><ele>2.1</ele></trkpt><trkpt lat="37.961148" lon="-122.506613"><ele>2.2</ele></trkpt><trkpt lat="37.961136" lon="-122.506586"><ele>2.2</ele></trkpt><trkpt lat="37.961100" lon="-122.506503"><ele>2.3</ele></trkpt><trkpt lat="37.961063" lon="-122.506411"><ele>2.3</ele></trkpt><trkpt lat="37.961041" lon="-122.506344"><ele>2.4</ele></trkpt><trkpt lat="37.961031" lon="-122.506315"><ele>2.4</ele></trkpt><trkpt lat="37.961001" lon="-122.506218"><ele>2.4</ele></trkpt><trkpt lat="37.960974" lon="-122.506127"><ele>2.4</ele></trkpt><trkpt lat="37.960969" lon="-122.506106"><ele>2.4</ele></trkpt><trkpt lat="37.960947" lon="-122.506021"><ele>2.4</ele></trkpt><trkpt lat="37.960922" lon="-122.505917"><ele>2.3</ele></trkpt><trkpt lat="37.960892" lon="-122.505787"><ele>2.3</ele></trkpt><trkpt lat="37.960854" lon="-122.505622"><ele>2.2</ele></trkpt><trkpt lat="37.960837" lon="-122.505551"><ele>2.1</ele></trkpt><trkpt lat="37.960818" lon="-122.505476"><ele>2.1</ele></trkpt><trkpt lat="37.960800" lon="-122.505410"><ele>2.1</ele></trkpt><trkpt lat="37.960782" lon="-122.505349"><ele>2.1</ele></trkpt><trkpt lat="37.960765" lon="-122.505293"><ele>2.0</ele></trkpt><trkpt lat="37.960824" lon="-122.505242"><ele>2.0</ele></trkpt><trkpt lat="37.960979" lon="-122.505110"><ele>1.9</ele></trkpt><trkpt lat="37.960989" lon="-122.505090"><ele>1.9</ele></trkpt><trkpt lat="37.960928" lon="-122.504859"><ele>1.8</ele></trkpt><trkpt lat="37.960821" lon="-122.504662"><ele>1.7</ele></trkpt><trkpt lat="37.960773" lon="-122.504572"><ele>1.6</ele></trkpt><trkpt lat="37.960806" lon="-122.504509"><ele>1.6</ele></trkpt><trkpt lat="37.960838" lon="-122.504441"><ele>1.5</ele></trkpt><trkpt lat="37.960874" lon="-122.504354"><ele>1.6</ele></trkpt><trkpt lat="37.960908" lon="-122.504264"><ele>1.7</ele></trkpt><trkpt lat="37.960933" lon="-122.504187"><ele>1.7</ele></trkpt><trkpt lat="37.960958" lon="-122.504110"><ele>1.8</ele></trkpt><trkpt lat="37.961098" lon="-122.503651"><ele>2.2</ele></trkpt><trkpt lat="37.961150" lon="-122.503477"><ele>2.3</ele></trkpt><trkpt lat="37.961201" lon="-122.503300"><ele>2.4</ele></trkpt><trkpt lat="37.961268" lon="-122.503070"><ele>2.5</ele></trkpt><trkpt lat="37.961356" lon="-122.502758"><ele>2.6</ele></trkpt><trkpt lat="37.961389" lon="-122.502660"><ele>2.7</ele></trkpt><trkpt lat="37.961422" lon="-122.502560"><ele>2.7</ele></trkpt><trkpt lat="37.961493" lon="-122.502308"><ele>2.8</ele></trkpt><trkpt lat="37.961527" lon="-122.502190"><ele>2.9</ele></trkpt><trkpt lat="37.961560" lon="-122.502071"><ele>2.9</ele></trkpt><trkpt lat="37.961587" lon="-122.501964"><ele>3.0</ele></trkpt><trkpt lat="37.961610" lon="-122.501867"><ele>3.0</ele></trkpt><trkpt lat="37.961546" lon="-122.501853"><ele>3.0</ele></trkpt><trkpt lat="37.961485" lon="-122.501836"><ele>3.0</ele></trkpt><trkpt lat="37.961410" lon="-122.501813"><ele>3.0</ele></trkpt><trkpt lat="37.961394" lon="-122.501808"><ele>3.0</ele></trkpt><trkpt lat="37.961351" lon="-122.501794"><ele>3.0</ele></trkpt><trkpt lat="37.961310" lon="-122.501781"><ele>3.0</ele></trkpt><trkpt lat="37.961273" lon="-122.501773"><ele>3.0</ele></trkpt><trkpt lat="37.961237" lon="-122.501768"><ele>3.0</ele></trkpt><trkpt lat="37.961201" lon="-122.501765"><ele>3.0</ele></trkpt><trkpt lat="37.961165" lon="-122.501765"><ele>3.0</ele></trkpt><trkpt lat="37.961126" lon="-122.501765"><ele>3.0</ele></trkpt><trkpt lat="37.961089" lon="-122.501771"><ele>3.0</ele></trkpt><trkpt lat="37.961048" lon="-122.501781"><ele>3.0</ele></trkpt><trkpt lat="37.961006" lon="-122.501792"><ele>3.0</ele></trkpt><trkpt lat="37.960972" lon="-122.501805"><ele>3.0</ele></trkpt><trkpt lat="37.960924" lon="-122.501826"><ele>3.0</ele></trkpt><trkpt lat="37.960882" lon="-122.501849"><ele>2.9</ele></trkpt><trkpt lat="37.960846" lon="-122.501872"><ele>2.9</ele></trkpt><trkpt lat="37.960806" lon="-122.501895"><ele>2.9</ele></trkpt><trkpt lat="37.960764" lon="-122.501914"><ele>2.9</ele></trkpt><trkpt lat="37.960695" lon="-122.501936"><ele>2.8</ele></trkpt><trkpt lat="37.960602" lon="-122.501962"><ele>2.8</ele></trkpt><trkpt lat="37.960563" lon="-122.501970"><ele>2.8</ele></trkpt><trkpt lat="37.960491" lon="-122.501984"><ele>2.7</ele></trkpt><trkpt lat="37.960422" lon="-122.501993"><ele>2.7</ele></trkpt><trkpt lat="37.960355" lon="-122.501997"><ele>2.6</ele></trkpt><trkpt lat="37.960288" lon="-122.501999"><ele>2.6</ele></trkpt><trkpt lat="37.960196" lon="-122.501997"><ele>2.5</ele></trkpt><trkpt lat="37.960151" lon="-122.501993"><ele>2.5</ele></trkpt><trkpt lat="37.960080" lon="-122.501985"><ele>2.5</ele></trkpt><trkpt lat="37.960013" lon="-122.501974"><ele>2.4</ele></trkpt><trkpt lat="37.959940" lon="-122.501961"><ele>2.4</ele></trkpt><trkpt lat="37.959877" lon="-122.501947"><ele>2.4</ele></trkpt><trkpt lat="37.959811" lon="-122.501931"><ele>2.3</ele></trkpt><trkpt lat="37.959730" lon="-122.501907"><ele>2.3</ele></trkpt><trkpt lat="37.959665" lon="-122.501887"><ele>2.2</ele></trkpt><trkpt lat="37.959610" lon="-122.501868"><ele>2.2</ele></trkpt><trkpt lat="37.959539" lon="-122.501842"><ele>2.2</ele></trkpt><trkpt lat="37.959465" lon="-122.501812"><ele>2.1</ele></trkpt><trkpt lat="37.959401" lon="-122.501783"><ele>2.1</ele></trkpt><trkpt lat="37.959341" lon="-122.501754"><ele>2.1</ele></trkpt><trkpt lat="37.959280" lon="-122.501724"><ele>2.1</ele></trkpt><trkpt lat="37.959218" lon="-122.501691"><ele>2.1</ele></trkpt><trkpt lat="37.959156" lon="-122.501654"><ele>2.1</ele></trkpt><trkpt lat="37.959101" lon="-122.501620"><ele>2.1</ele></trkpt><trkpt lat="37.959042" lon="-122.501582"><ele>2.1</ele></trkpt><trkpt lat="37.958979" lon="-122.501540"><ele>2.1</ele></trkpt><trkpt lat="37.958914" lon="-122.501495"><ele>2.1</ele></trkpt><trkpt lat="37.958832" lon="-122.501433"><ele>2.1</ele></trkpt><trkpt lat="37.958755" lon="-122.501369"><ele>2.1</ele></trkpt><trkpt lat="37.958734" lon="-122.501352"><ele>2.1</ele></trkpt><trkpt lat="37.958688" lon="-122.501311"><ele>2.1</ele></trkpt><trkpt lat="37.958641" lon="-122.501267"><ele>2.1</ele></trkpt><trkpt lat="37.958583" lon="-122.501213"><ele>2.1</ele></trkpt><trkpt lat="37.958547" lon="-122.501177"><ele>2.1</ele></trkpt><trkpt lat="37.958466" lon="-122.501095"><ele>2.2</ele></trkpt><trkpt lat="37.958330" lon="-122.500951"><ele>2.4</ele></trkpt><trkpt lat="37.958213" lon="-122.500828"><ele>2.6</ele></trkpt><trkpt lat="37.958106" lon="-122.500715"><ele>2.7</ele></trkpt><trkpt lat="37.958015" lon="-122.500618"><ele>2.7</ele></trkpt><trkpt lat="37.957812" lon="-122.500405"><ele>2.5</ele></trkpt><trkpt lat="37.957775" lon="-122.500460"><ele>2.5</ele></trkpt><trkpt lat="37.957713" lon="-122.500558"><ele>2.4</ele></trkpt><trkpt lat="37.957446" lon="-122.500981"><ele>2.2</ele></trkpt><trkpt lat="37.957368" lon="-122.500899"><ele>2.1</ele></trkpt><trkpt lat="37.956947" lon="-122.500461"><ele>2.1</ele></trkpt><trkpt lat="37.956893" lon="-122.500404"><ele>2.1</ele></trkpt><trkpt lat="37.956840" lon="-122.500347"><ele>2.1</ele></trkpt><trkpt lat="37.956792" lon="-122.500292"><ele>2.0</ele></trkpt><trkpt lat="37.956640" lon="-122.500525"><ele>1.9</ele></trkpt><trkpt lat="37.956560" lon="-122.500646"><ele>1.8</ele></trkpt><trkpt lat="37.956386" lon="-122.500909"><ele>1.7</ele></trkpt><trkpt lat="37.956356" lon="-122.500931"><ele>1.6</ele></trkpt><trkpt lat="37.956321" lon="-122.500946"><ele>1.6</ele></trkpt><trkpt lat="37.956295" lon="-122.500952"><ele>1.6</ele></trkpt><trkpt lat="37.956268" lon="-122.500955"><ele>1.6</ele></trkpt><trkpt lat="37.956243" lon="-122.500955"><ele>1.6</ele></trkpt><trkpt lat="37.956217" lon="-122.500952"><ele>1.6</ele></trkpt><trkpt lat="37.956191" lon="-122.500945"><ele>1.5</ele></trkpt><trkpt lat="37.956162" lon="-122.500933"><ele>1.5</ele></trkpt><trkpt lat="37.956134" lon="-122.500916"><ele>1.5</ele></trkpt><trkpt lat="37.955675" lon="-122.500431"><ele>1.2</ele></trkpt><trkpt lat="37.955621" lon="-122.500374"><ele>1.2</ele></trkpt><trkpt lat="37.955023" lon="-122.499741"><ele>1.0</ele></trkpt><trkpt lat="37.954878" lon="-122.499589"><ele>0.9</ele></trkpt><trkpt lat="37.954713" lon="-122.499415"><ele>1.1</ele></trkpt><trkpt lat="37.954579" lon="-122.499275"><ele>1.1</ele></trkpt><trkpt lat="37.954541" lon="-122.499235"><ele>1.2</ele></trkpt><trkpt lat="37.954275" lon="-122.498956"><ele>1.2</ele></trkpt><trkpt lat="37.953969" lon="-122.498635"><ele>1.3</ele></trkpt><trkpt lat="37.953659" lon="-122.498309"><ele>1.5</ele></trkpt><trkpt lat="37.953511" lon="-122.498153"><ele>1.4</ele></trkpt><trkpt lat="37.953378" lon="-122.498014"><ele>1.3</ele></trkpt><trkpt lat="37.953088" lon="-122.497699"><ele>1.4</ele></trkpt><trkpt lat="37.952947" lon="-122.497562"><ele>1.6</ele></trkpt><trkpt lat="37.952671" lon="-122.497272"><ele>1.7</ele></trkpt><trkpt lat="37.952528" lon="-122.497122"><ele>1.6</ele></trkpt><trkpt lat="37.952481" lon="-122.497073"><ele>1.6</ele></trkpt><trkpt lat="37.952280" lon="-122.496862"><ele>1.6</ele></trkpt><trkpt lat="37.952243" lon="-122.496828"><ele>1.6</ele></trkpt><trkpt lat="37.952058" lon="-122.496629"><ele>1.8</ele></trkpt><trkpt lat="37.951904" lon="-122.496467"><ele>1.8</ele></trkpt><trkpt lat="37.951506" lon="-122.496050"><ele>1.5</ele></trkpt><trkpt lat="37.951388" lon="-122.495926"><ele>1.5</ele></trkpt><trkpt lat="37.951179" lon="-122.495685"><ele>1.5</ele></trkpt><trkpt lat="37.951099" lon="-122.495592"><ele>1.5</ele></trkpt><trkpt lat="37.950552" lon="-122.495015"><ele>1.4</ele></trkpt><trkpt lat="37.950132" lon="-122.494571"><ele>1.4</ele></trkpt><trkpt lat="37.949771" lon="-122.494228"><ele>1.3</ele></trkpt><trkpt lat="37.949499" lon="-122.493940"><ele>1.5</ele></trkpt><trkpt lat="37.949399" lon="-122.493834"><ele>1.5</ele></trkpt><trkpt lat="37.949128" lon="-122.493548"><ele>1.5</ele></trkpt><trkpt lat="37.948987" lon="-122.493401"><ele>1.6</ele></trkpt><trkpt lat="37.948232" lon="-122.492605"><ele>2.1</ele></trkpt><trkpt lat="37.947590" lon="-122.491928"><ele>2.3</ele></trkpt><trkpt lat="37.947422" lon="-122.491743"><ele>2.4</ele></trkpt><trkpt lat="37.947280" lon="-122.491560"><ele>2.4</ele></trkpt><trkpt lat="37.947152" lon="-122.491379"><ele>2.4</ele></trkpt><trkpt lat="37.947035" lon="-122.491195"><ele>2.4</ele></trkpt><trkpt lat="37.946985" lon="-122.491113"><ele>2.4</ele></trkpt><trkpt lat="37.946726" lon="-122.490688"><ele>2.4</ele></trkpt><trkpt lat="37.946616" lon="-122.490507"><ele>2.4</ele></trkpt><trkpt lat="37.946473" lon="-122.490274"><ele>2.4</ele></trkpt><trkpt lat="37.946053" lon="-122.489584"><ele>2.4</ele></trkpt><trkpt lat="37.945808" lon="-122.489182"><ele>2.7</ele></trkpt><trkpt lat="37.945647" lon="-122.488918"><ele>2.8</ele></trkpt><trkpt lat="37.945587" lon="-122.488814"><ele>2.9</ele></trkpt><trkpt lat="37.945551" lon="-122.488747"><ele>2.9</ele></trkpt><trkpt lat="37.945535" lon="-122.488719"><ele>2.9</ele></trkpt><trkpt lat="37.945488" lon="-122.488622"><ele>3.0</ele></trkpt><trkpt lat="37.945461" lon="-122.488566"><ele>3.0</ele></trkpt><trkpt lat="37.945384" lon="-122.488384"><ele>3.0</ele></trkpt><trkpt lat="37.945309" lon="-122.488184"><ele>3.0</ele></trkpt><trkpt lat="37.945261" lon="-122.488034"><ele>3.0</ele></trkpt><trkpt lat="37.945240" lon="-122.487971"><ele>3.0</ele></trkpt><trkpt lat="37.945182" lon="-122.487733"><ele>3.1</ele></trkpt><trkpt lat="37.945141" lon="-122.487520"><ele>3.2</ele></trkpt><trkpt lat="37.945134" lon="-122.487465"><ele>3.2</ele></trkpt><trkpt lat="37.945113" lon="-122.487306"><ele>3.3</ele></trkpt><trkpt lat="37.945097" lon="-122.487140"><ele>3.4</ele></trkpt><trkpt lat="37.945094" lon="-122.487103"><ele>3.4</ele></trkpt><trkpt lat="37.945086" lon="-122.486912"><ele>3.6</ele></trkpt><trkpt lat="37.945085" lon="-122.486887"><ele>3.6</ele></trkpt><trkpt lat="37.945088" lon="-122.486655"><ele>3.8</ele></trkpt><trkpt lat="37.945096" lon="-122.486482"><ele>4.0</ele></trkpt><trkpt lat="37.945099" lon="-122.486401"><ele>4.0</ele></trkpt><trkpt lat="37.945102" lon="-122.486323"><ele>4.1</ele></trkpt><trkpt lat="37.945132" lon="-122.485822"><ele>4.6</ele></trkpt><trkpt lat="37.945152" lon="-122.485536"><ele>4.8</ele></trkpt><trkpt lat="37.945169" lon="-122.485284"><ele>5.1</ele></trkpt><trkpt lat="37.945194" lon="-122.485050"><ele>5.3</ele></trkpt><trkpt lat="37.945235" lon="-122.484798"><ele>5.5</ele></trkpt><trkpt lat="37.945281" lon="-122.484517"><ele>5.7</ele></trkpt><trkpt lat="37.945291" lon="-122.484453"><ele>5.8</ele></trkpt><trkpt lat="37.945302" lon="-122.484381"><ele>5.9</ele></trkpt><trkpt lat="37.945311" lon="-122.484310"><ele>6.1</ele></trkpt><trkpt lat="37.945317" lon="-122.484247"><ele>6.2</ele></trkpt><trkpt lat="37.945321" lon="-122.484182"><ele>6.3</ele></trkpt><trkpt lat="37.945323" lon="-122.484118"><ele>6.4</ele></trkpt><trkpt lat="37.945322" lon="-122.484048"><ele>6.5</ele></trkpt><trkpt lat="37.945320" lon="-122.483976"><ele>6.7</ele></trkpt><trkpt lat="37.945317" lon="-122.483909"><ele>6.8</ele></trkpt><trkpt lat="37.945312" lon="-122.483841"><ele>6.9</ele></trkpt><trkpt lat="37.945306" lon="-122.483776"><ele>7.0</ele></trkpt><trkpt lat="37.945298" lon="-122.483717"><ele>7.0</ele></trkpt><trkpt lat="37.945287" lon="-122.483654"><ele>7.1</ele></trkpt><trkpt lat="37.945274" lon="-122.483593"><ele>7.1</ele></trkpt><trkpt lat="37.945261" lon="-122.483534"><ele>7.1</ele></trkpt><trkpt lat="37.945246" lon="-122.483474"><ele>7.2</ele></trkpt><trkpt lat="37.945228" lon="-122.483405"><ele>7.2</ele></trkpt><trkpt lat="37.945207" lon="-122.483337"><ele>7.2</ele></trkpt><trkpt lat="37.945188" lon="-122.483281"><ele>7.2</ele></trkpt><trkpt lat="37.945170" lon="-122.483229"><ele>7.3</ele></trkpt><trkpt lat="37.944918" lon="-122.482559"><ele>7.6</ele></trkpt><trkpt lat="37.944781" lon="-122.482184"><ele>7.5</ele></trkpt><trkpt lat="37.944716" lon="-122.482011"><ele>7.4</ele></trkpt><trkpt lat="37.944600" lon="-122.481711"><ele>7.3</ele></trkpt><trkpt lat="37.944570" lon="-122.481636"><ele>7.3</ele></trkpt><trkpt lat="37.944539" lon="-122.481563"><ele>7.3</ele></trkpt><trkpt lat="37.944506" lon="-122.481492"><ele>7.3</ele></trkpt><trkpt lat="37.944473" lon="-122.481425"><ele>7.3</ele></trkpt><trkpt lat="37.944438" lon="-122.481356"><ele>7.3</ele></trkpt><trkpt lat="37.944402" lon="-122.481287"><ele>7.3</ele></trkpt><trkpt lat="37.944362" lon="-122.481213"><ele>7.0</ele></trkpt><trkpt lat="37.944257" lon="-122.481028"><ele>6.4</ele></trkpt><trkpt lat="37.944198" lon="-122.480926"><ele>6.1</ele></trkpt><trkpt lat="37.944090" lon="-122.480743"><ele>5.5</ele></trkpt><trkpt lat="37.943935" lon="-122.480484"><ele>5.5</ele></trkpt><trkpt lat="37.943792" lon="-122.480243"><ele>5.5</ele></trkpt><trkpt lat="37.943792" lon="-122.480102"><ele>5.3</ele></trkpt><trkpt lat="37.943838" lon="-122.480065"><ele>5.1</ele></trkpt><trkpt lat="37.943885" lon="-122.480044"><ele>5.0</ele></trkpt><trkpt lat="37.943935" lon="-122.480039"><ele>4.9</ele></trkpt><trkpt lat="37.943984" lon="-122.480053"><ele>4.7</ele></trkpt><trkpt lat="37.944035" lon="-122.480084"><ele>4.6</ele></trkpt><trkpt lat="37.944154" lon="-122.480205"><ele>4.1</ele></trkpt><trkpt lat="37.944211" lon="-122.480263"><ele>4.0</ele></trkpt><trkpt lat="37.944154" lon="-122.480205"><ele>3.9</ele></trkpt><trkpt lat="37.944035" lon="-122.480084"><ele>3.8</ele></trkpt><trkpt lat="37.943984" lon="-122.480053"><ele>3.8</ele></trkpt><trkpt lat="37.943935" lon="-122.480039"><ele>3.8</ele></trkpt><trkpt lat="37.943885" lon="-122.480044"><ele>3.7</ele></trkpt><trkpt lat="37.943838" lon="-122.480065"><ele>3.7</ele></trkpt><trkpt lat="37.943792" lon="-122.480102"><ele>3.7</ele></trkpt><trkpt lat="37.943080" lon="-122.478883"><ele>3.7</ele></trkpt><trkpt lat="37.943015" lon="-122.478740"><ele>3.4</ele></trkpt><trkpt lat="37.942941" lon="-122.478559"><ele>2.9</ele></trkpt><trkpt lat="37.942676" lon="-122.477767"><ele>2.4</ele></trkpt><trkpt lat="37.942434" lon="-122.476470"><ele>0.7</ele></trkpt><trkpt lat="37.942210" lon="-122.475174"><ele>0.0</ele></trkpt><trkpt lat="37.941781" lon="-122.472795"><ele>0.0</ele></trkpt><trkpt lat="37.941383" lon="-122.470540"><ele>0.0</ele></trkpt><trkpt lat="37.941293" lon="-122.470083"><ele>0.0</ele></trkpt><trkpt lat="37.941102" lon="-122.469230"><ele>0.0</ele></trkpt><trkpt lat="37.941065" lon="-122.469083"><ele>0.0</ele></trkpt><trkpt lat="37.940877" lon="-122.468413"><ele>0.0</ele></trkpt><trkpt lat="37.940774" lon="-122.468097"><ele>0.0</ele></trkpt><trkpt lat="37.940337" lon="-122.466688"><ele>0.0</ele></trkpt><trkpt lat="37.939930" lon="-122.465385"><ele>0.0</ele></trkpt><trkpt lat="37.939754" lon="-122.464816"><ele>0.0</ele></trkpt><trkpt lat="37.939373" lon="-122.463571"><ele>0.0</ele></trkpt><trkpt lat="37.938865" lon="-122.461944"><ele>0.0</ele></trkpt><trkpt lat="37.938381" lon="-122.460391"><ele>0.0</ele></trkpt><trkpt lat="37.937893" lon="-122.458851"><ele>0.0</ele></trkpt><trkpt lat="37.937545" lon="-122.457731"><ele>0.0</ele></trkpt><trkpt lat="37.937065" lon="-122.456208"><ele>0.0</ele></trkpt><trkpt lat="37.936674" lon="-122.454961"><ele>0.0</ele></trkpt><trkpt lat="37.936502" lon="-122.454366"><ele>0.0</ele></trkpt><trkpt lat="37.936234" lon="-122.453340"><ele>0.0</ele></trkpt><trkpt lat="37.936110" lon="-122.452876"><ele>0.0</ele></trkpt><trkpt lat="37.935817" lon="-122.451483"><ele>0.0</ele></trkpt><trkpt lat="37.935634" lon="-122.450394"><ele>0.0</ele></trkpt><trkpt lat="37.935585" lon="-122.450106"><ele>0.0</ele></trkpt><trkpt lat="37.935501" lon="-122.449461"><ele>0.0</ele></trkpt><trkpt lat="37.935415" lon="-122.448599"><ele>0.0</ele></trkpt><trkpt lat="37.935320" lon="-122.447285"><ele>0.0</ele></trkpt><trkpt lat="37.935238" lon="-122.446141"><ele>0.0</ele></trkpt><trkpt lat="37.935114" lon="-122.444281"><ele>0.0</ele></trkpt><trkpt lat="37.935030" lon="-122.443083"><ele>0.0</ele></trkpt><trkpt lat="37.934893" lon="-122.441045"><ele>0.0</ele></trkpt><trkpt lat="37.934753" lon="-122.438881"><ele>0.0</ele></trkpt><trkpt lat="37.934574" lon="-122.436137"><ele>0.0</ele></trkpt><trkpt lat="37.934441" lon="-122.434292"><ele>0.0</ele></trkpt><trkpt lat="37.934364" lon="-122.433044"><ele>0.0</ele></trkpt><trkpt lat="37.934253" lon="-122.431399"><ele>0.0</ele></trkpt><trkpt lat="37.934175" lon="-122.430197"><ele>0.0</ele></trkpt><trkpt lat="37.933979" lon="-122.427111"><ele>0.0</ele></trkpt><trkpt lat="37.933693" lon="-122.423012"><ele>0.0</ele></trkpt><trkpt lat="37.933481" lon="-122.419747"><ele>0.0</ele></trkpt><trkpt lat="37.933418" lon="-122.418752"><ele>0.0</ele></trkpt><trkpt lat="37.933271" lon="-122.416456"><ele>0.0</ele></trkpt><trkpt lat="37.933161" lon="-122.414774"><ele>0.0</ele></trkpt><trkpt lat="37.933078" lon="-122.413638"><ele>0.0</ele></trkpt><trkpt lat="37.932988" lon="-122.412350"><ele>0.0</ele></trkpt><trkpt lat="37.932917" lon="-122.411260"><ele>0.6</ele></trkpt><trkpt lat="37.932820" lon="-122.409767"><ele>7.9</ele></trkpt><trkpt lat="37.932770" lon="-122.409072"><ele>10.6</ele></trkpt><trkpt lat="37.932662" lon="-122.407495"><ele>13.1</ele></trkpt><trkpt lat="37.932608" lon="-122.406459"><ele>9.6</ele></trkpt><trkpt lat="37.932607" lon="-122.405444"><ele>7.6</ele></trkpt><trkpt lat="37.932607" lon="-122.405344"><ele>7.6</ele></trkpt><trkpt lat="37.932613" lon="-122.405188"><ele>7.6</ele></trkpt><trkpt lat="37.932698" lon="-122.404671"><ele>8.0</ele></trkpt><trkpt lat="37.932714" lon="-122.404536"><ele>8.3</ele></trkpt><trkpt lat="37.932738" lon="-122.404159"><ele>8.9</ele></trkpt><trkpt lat="37.932755" lon="-122.403991"><ele>9.2</ele></trkpt><trkpt lat="37.932767" lon="-122.403918"><ele>9.4</ele></trkpt><trkpt lat="37.932785" lon="-122.403858"><ele>9.5</ele></trkpt><trkpt lat="37.932818" lon="-122.403809"><ele>9.6</ele></trkpt><trkpt lat="37.932856" lon="-122.403778"><ele>9.7</ele></trkpt><trkpt lat="37.932924" lon="-122.403742"><ele>9.9</ele></trkpt><trkpt lat="37.933192" lon="-122.403622"><ele>10.7</ele></trkpt><trkpt lat="37.933253" lon="-122.403583"><ele>10.9</ele></trkpt><trkpt lat="37.933308" lon="-122.403534"><ele>11.2</ele></trkpt><trkpt lat="37.933345" lon="-122.403490"><ele>11.3</ele></trkpt><trkpt lat="37.933386" lon="-122.403437"><ele>11.5</ele></trkpt><trkpt lat="37.933480" lon="-122.403318"><ele>12.0</ele></trkpt><trkpt lat="37.933546" lon="-122.403159"><ele>12.4</ele></trkpt><trkpt lat="37.933579" lon="-122.403079"><ele>12.6</ele></trkpt><trkpt lat="37.933479" lon="-122.402971"><ele>13.0</ele></trkpt><trkpt lat="37.933408" lon="-122.402890"><ele>13.2</ele></trkpt><trkpt lat="37.933325" lon="-122.402791"><ele>13.5</ele></trkpt><trkpt lat="37.933247" lon="-122.402684"><ele>13.6</ele></trkpt><trkpt lat="37.933140" lon="-122.402532"><ele>13.8</ele></trkpt><trkpt lat="37.932985" lon="-122.402325"><ele>14.0</ele></trkpt><trkpt lat="37.932873" lon="-122.402185"><ele>13.9</ele></trkpt><trkpt lat="37.932720" lon="-122.402014"><ele>13.8</ele></trkpt><trkpt lat="37.932654" lon="-122.401936"><ele>13.8</ele></trkpt><trkpt lat="37.932594" lon="-122.401851"><ele>13.7</ele></trkpt><trkpt lat="37.932542" lon="-122.401773"><ele>13.6</ele></trkpt><trkpt lat="37.932494" lon="-122.401690"><ele>13.5</ele></trkpt><trkpt lat="37.932447" lon="-122.401595"><ele>13.4</ele></trkpt><trkpt lat="37.932430" lon="-122.401551"><ele>13.4</ele></trkpt><trkpt lat="37.932420" lon="-122.401506"><ele>13.3</ele></trkpt><trkpt lat="37.932409" lon="-122.401466"><ele>13.3</ele></trkpt><trkpt lat="37.932380" lon="-122.401389"><ele>13.2</ele></trkpt><trkpt lat="37.932347" lon="-122.401309"><ele>13.1</ele></trkpt><trkpt lat="37.932320" lon="-122.401203"><ele>13.0</ele></trkpt><trkpt lat="37.932301" lon="-122.401093"><ele>12.9</ele></trkpt><trkpt lat="37.932285" lon="-122.400959"><ele>12.7</ele></trkpt><trkpt lat="37.932258" lon="-122.400606"><ele>12.2</ele></trkpt><trkpt lat="37.932247" lon="-122.400466"><ele>12.7</ele></trkpt><trkpt lat="37.932236" lon="-122.400395"><ele>12.9</ele></trkpt><trkpt lat="37.932219" lon="-122.400321"><ele>13.2</ele></trkpt><trkpt lat="37.932208" lon="-122.400260"><ele>13.4</ele></trkpt><trkpt lat="37.932192" lon="-122.400159"><ele>13.8</ele></trkpt><trkpt lat="37.932182" lon="-122.400052"><ele>14.1</ele></trkpt><trkpt lat="37.932177" lon="-122.399963"><ele>14.4</ele></trkpt><trkpt lat="37.932177" lon="-122.399881"><ele>14.9</ele></trkpt><trkpt lat="37.932183" lon="-122.399821"><ele>15.5</ele></trkpt><trkpt lat="37.932220" lon="-122.399449"><ele>19.0</ele></trkpt><trkpt lat="37.932267" lon="-122.399162"><ele>21.2</ele></trkpt><trkpt lat="37.932340" lon="-122.398828"><ele>21.8</ele></trkpt><trkpt lat="37.932448" lon="-122.398370"><ele>22.8</ele></trkpt><trkpt lat="37.932568" lon="-122.397894"><ele>24.2</ele></trkpt><trkpt lat="37.932662" lon="-122.397478"><ele>25.3</ele></trkpt><trkpt lat="37.932721" lon="-122.397151"><ele>25.7</ele></trkpt><trkpt lat="37.932759" lon="-122.396821"><ele>25.1</ele></trkpt><trkpt lat="37.932785" lon="-122.396426"><ele>23.5</ele></trkpt><trkpt lat="37.932787" lon="-122.395941"><ele>20.0</ele></trkpt><trkpt lat="37.932762" lon="-122.395458"><ele>19.8</ele></trkpt><trkpt lat="37.932692" lon="-122.395052"><ele>19.6</ele></trkpt><trkpt lat="37.932606" lon="-122.394543"><ele>18.9</ele></trkpt><trkpt lat="37.932461" lon="-122.394040"><ele>17.9</ele></trkpt><trkpt lat="37.932337" lon="-122.393678"><ele>16.7</ele></trkpt><trkpt lat="37.932047" lon="-122.393005"><ele>14.0</ele></trkpt><trkpt lat="37.931676" lon="-122.392206"><ele>10.7</ele></trkpt><trkpt lat="37.931669" lon="-122.392172"><ele>10.6</ele></trkpt><trkpt lat="37.931666" lon="-122.392121"><ele>10.4</ele></trkpt><trkpt lat="37.931664" lon="-122.392002"><ele>10.2</ele></trkpt><trkpt lat="37.931662" lon="-122.391902"><ele>10.0</ele></trkpt><trkpt lat="37.931659" lon="-122.391860"><ele>9.9</ele></trkpt><trkpt lat="37.931651" lon="-122.391818"><ele>9.8</ele></trkpt><trkpt lat="37.931636" lon="-122.391778"><ele>9.7</ele></trkpt><trkpt lat="37.931616" lon="-122.391742"><ele>9.7</ele></trkpt><trkpt lat="37.931592" lon="-122.391713"><ele>9.6</ele></trkpt><trkpt lat="37.931562" lon="-122.391688"><ele>9.5</ele></trkpt><trkpt lat="37.931525" lon="-122.391671"><ele>9.4</ele></trkpt><trkpt lat="37.931490" lon="-122.391660"><ele>9.3</ele></trkpt><trkpt lat="37.931398" lon="-122.391640"><ele>9.1</ele></trkpt><trkpt lat="37.931090" lon="-122.391703"><ele>9.0</ele></trkpt><trkpt lat="37.930467" lon="-122.392031"><ele>9.6</ele></trkpt><trkpt lat="37.930366" lon="-122.392074"><ele>9.8</ele></trkpt><trkpt lat="37.930287" lon="-122.392109"><ele>9.9</ele></trkpt><trkpt lat="37.930228" lon="-122.392085"><ele>10.0</ele></trkpt><trkpt lat="37.930208" lon="-122.392024"><ele>10.1</ele></trkpt><trkpt lat="37.930075" lon="-122.391683"><ele>10.6</ele></trkpt><trkpt lat="37.929891" lon="-122.391282"><ele>11.4</ele></trkpt><trkpt lat="37.929840" lon="-122.391123"><ele>11.7</ele></trkpt><trkpt lat="37.929831" lon="-122.391003"><ele>11.9</ele></trkpt><trkpt lat="37.929825" lon="-122.390854"><ele>12.2</ele></trkpt><trkpt lat="37.929817" lon="-122.390740"><ele>12.4</ele></trkpt><trkpt lat="37.929796" lon="-122.390222"><ele>13.0</ele></trkpt><trkpt lat="37.929780" lon="-122.389887"><ele>12.9</ele></trkpt><trkpt lat="37.929754" lon="-122.389617"><ele>12.7</ele></trkpt><trkpt lat="37.929705" lon="-122.389342"><ele>12.5</ele></trkpt><trkpt lat="37.929623" lon="-122.389053"><ele>12.2</ele></trkpt><trkpt lat="37.929484" lon="-122.388677"><ele>11.5</ele></trkpt><trkpt lat="37.929282" lon="-122.388198"><ele>10.6</ele></trkpt><trkpt lat="37.929139" lon="-122.387870"><ele>9.9</ele></trkpt><trkpt lat="37.928963" lon="-122.387489"><ele>8.4</ele></trkpt><trkpt lat="37.928921" lon="-122.387413"><ele>8.1</ele></trkpt><trkpt lat="37.928885" lon="-122.387373"><ele>7.9</ele></trkpt><trkpt lat="37.928839" lon="-122.387371"><ele>7.7</ele></trkpt><trkpt lat="37.928834" lon="-122.387372"><ele>7.7</ele></trkpt><trkpt lat="37.928791" lon="-122.387386"><ele>7.5</ele></trkpt><trkpt lat="37.928745" lon="-122.387160"><ele>7.0</ele></trkpt><trkpt lat="37.928820" lon="-122.387188"><ele>6.8</ele></trkpt><trkpt lat="37.928964" lon="-122.387153"><ele>6.5</ele></trkpt><trkpt lat="37.929017" lon="-122.387143"><ele>6.4</ele></trkpt><trkpt lat="37.929052" lon="-122.387107"><ele>6.3</ele></trkpt><trkpt lat="37.929090" lon="-122.387046"><ele>6.1</ele></trkpt><trkpt lat="37.929115" lon="-122.386974"><ele>6.0</ele></trkpt><trkpt lat="37.929146" lon="-122.386826"><ele>5.8</ele></trkpt><trkpt lat="37.929167" lon="-122.386699"><ele>5.6</ele></trkpt><trkpt lat="37.929197" lon="-122.386585"><ele>5.5</ele></trkpt><trkpt lat="37.929241" lon="-122.386470"><ele>5.3</ele></trkpt><trkpt lat="37.929309" lon="-122.386351"><ele>5.2</ele></trkpt><trkpt lat="37.929424" lon="-122.386186"><ele>5.1</ele></trkpt><trkpt lat="37.929431" lon="-122.386176"><ele>5.1</ele></trkpt><trkpt lat="37.929547" lon="-122.386008"><ele>5.0</ele></trkpt><trkpt lat="37.929591" lon="-122.385950"><ele>4.9</ele></trkpt><trkpt lat="37.929698" lon="-122.385803"><ele>4.8</ele></trkpt><trkpt lat="37.929803" lon="-122.385653"><ele>4.6</ele></trkpt><trkpt lat="37.930050" lon="-122.385292"><ele>4.2</ele></trkpt><trkpt lat="37.930131" lon="-122.385177"><ele>4.0</ele></trkpt><trkpt lat="37.930236" lon="-122.385016"><ele>3.8</ele></trkpt><trkpt lat="37.930699" lon="-122.384360"><ele>3.1</ele></trkpt><trkpt lat="37.931049" lon="-122.383864"><ele>2.8</ele></trkpt><trkpt lat="37.931098" lon="-122.383797"><ele>2.7</ele></trkpt><trkpt lat="37.931151" lon="-122.383732"><ele>2.7</ele></trkpt><trkpt lat="37.931203" lon="-122.383673"><ele>2.6</ele></trkpt><trkpt lat="37.931263" lon="-122.383609"><ele>2.6</ele></trkpt><trkpt lat="37.931311" lon="-122.383563"><ele>2.6</ele></trkpt><trkpt lat="37.931366" lon="-122.383509"><ele>2.5</ele></trkpt><trkpt lat="37.931471" lon="-122.383411"><ele>2.4</ele></trkpt><trkpt lat="37.931577" lon="-122.383316"><ele>2.4</ele></trkpt><trkpt lat="37.932267" lon="-122.382691"><ele>2.1</ele></trkpt><trkpt lat="37.933064" lon="-122.381973"><ele>2.1</ele></trkpt><trkpt lat="37.933754" lon="-122.381349"><ele>2.2</ele></trkpt><trkpt lat="37.933999" lon="-122.381140"><ele>2.3</ele></trkpt><trkpt lat="37.934213" lon="-122.381645"><ele>2.4</ele></trkpt><trkpt lat="37.934410" lon="-122.381510"><ele>2.4</ele></trkpt><trkpt lat="37.935562" lon="-122.380748"><ele>2.5</ele></trkpt><trkpt lat="37.936336" lon="-122.380226"><ele>3.0</ele></trkpt><trkpt lat="37.936549" lon="-122.380092"><ele>3.3</ele></trkpt><trkpt lat="37.936726" lon="-122.380052"><ele>3.5</ele></trkpt><trkpt lat="37.936802" lon="-122.380055"><ele>3.6</ele></trkpt><trkpt lat="37.937108" lon="-122.380050"><ele>3.9</ele></trkpt><trkpt lat="37.937188" lon="-122.380187"><ele>4.1</ele></trkpt><trkpt lat="37.937221" lon="-122.380233"><ele>4.1</ele></trkpt><trkpt lat="37.937228" lon="-122.380514"><ele>4.4</ele></trkpt><trkpt lat="37.937223" lon="-122.380821"><ele>4.9</ele></trkpt><trkpt lat="37.937202" lon="-122.381185"><ele>5.1</ele></trkpt><trkpt lat="37.937200" lon="-122.381478"><ele>5.0</ele></trkpt><trkpt lat="37.937200" lon="-122.381538"><ele>5.0</ele></trkpt><trkpt lat="37.937189" lon="-122.381790"><ele>4.9</ele></trkpt><trkpt lat="37.937216" lon="-122.381873"><ele>4.8</ele></trkpt><trkpt lat="37.937250" lon="-122.381873"><ele>4.7</ele></trkpt><trkpt lat="37.937288" lon="-122.381870"><ele>4.7</ele></trkpt><trkpt lat="37.937363" lon="-122.381870"><ele>4.6</ele></trkpt><trkpt lat="37.937408" lon="-122.381861"><ele>4.6</ele></trkpt><trkpt lat="37.937379" lon="-122.382778"><ele>3.7</ele></trkpt><trkpt lat="37.937367" lon="-122.383555"><ele>3.0</ele></trkpt><trkpt lat="37.937333" lon="-122.384387"><ele>2.1</ele></trkpt><trkpt lat="37.937302" lon="-122.384926"><ele>2.1</ele></trkpt><trkpt lat="37.937570" lon="-122.384941"><ele>2.1</ele></trkpt><trkpt lat="37.937302" lon="-122.384926"><ele>2.1</ele></trkpt><trkpt lat="37.937333" lon="-122.384387"><ele>2.1</ele></trkpt><trkpt lat="37.937367" lon="-122.383555"><ele>3.1</ele></trkpt><trkpt lat="37.937379" lon="-122.382778"><ele>3.8</ele></trkpt><trkpt lat="37.937408" lon="-122.381861"><ele>4.6</ele></trkpt><trkpt lat="37.937363" lon="-122.381870"><ele>4.6</ele></trkpt><trkpt lat="37.937288" lon="-122.381870"><ele>4.7</ele></trkpt><trkpt lat="37.937250" lon="-122.381873"><ele>4.7</ele></trkpt><trkpt lat="37.937216" lon="-122.381873"><ele>4.8</ele></trkpt><trkpt lat="37.937189" lon="-122.381790"><ele>4.9</ele></trkpt><trkpt lat="37.937200" lon="-122.381538"><ele>5.0</ele></trkpt><trkpt lat="37.937200" lon="-122.381478"><ele>5.0</ele></trkpt><trkpt lat="37.937202" lon="-122.381185"><ele>5.1</ele></trkpt><trkpt lat="37.937223" lon="-122.380821"><ele>4.9</ele></trkpt><trkpt lat="37.937228" lon="-122.380514"><ele>4.7</ele></trkpt><trkpt lat="37.937221" lon="-122.380233"><ele>4.4</ele></trkpt><trkpt lat="37.937188" lon="-122.380187"><ele>4.3</ele></trkpt><trkpt lat="37.937108" lon="-122.380050"><ele>4.2</ele></trkpt><trkpt lat="37.937230" lon="-122.380055"><ele>4.1</ele></trkpt><trkpt lat="37.937319" lon="-122.380056"><ele>4.0</ele></trkpt><trkpt lat="37.937379" lon="-122.380058"><ele>3.9</ele></trkpt><trkpt lat="37.937486" lon="-122.379913"><ele>3.8</ele></trkpt><trkpt lat="37.937573" lon="-122.379734"><ele>3.7</ele></trkpt><trkpt lat="37.937585" lon="-122.379624"><ele>3.7</ele></trkpt><trkpt lat="37.937588" lon="-122.379529"><ele>3.7</ele></trkpt><trkpt lat="37.937600" lon="-122.379034"><ele>3.7</ele></trkpt><trkpt lat="37.937612" lon="-122.378898"><ele>3.7</ele></trkpt><trkpt lat="37.937636" lon="-122.378831"><ele>3.7</ele></trkpt><trkpt lat="37.937675" lon="-122.378772"><ele>3.7</ele></trkpt><trkpt lat="37.937772" lon="-122.378759"><ele>3.7</ele></trkpt><trkpt lat="37.937911" lon="-122.378653"><ele>3.7</ele></trkpt><trkpt lat="37.938078" lon="-122.378537"><ele>3.7</ele></trkpt><trkpt lat="37.938270" lon="-122.378381"><ele>3.7</ele></trkpt><trkpt lat="37.938460" lon="-122.378214"><ele>3.7</ele></trkpt><trkpt lat="37.938568" lon="-122.378113"><ele>3.7</ele></trkpt><trkpt lat="37.938807" lon="-122.377929"><ele>3.7</ele></trkpt><trkpt lat="37.938873" lon="-122.377832"><ele>3.7</ele></trkpt><trkpt lat="37.938966" lon="-122.377751"><ele>3.7</ele></trkpt><trkpt lat="37.938988" lon="-122.377662"><ele>3.7</ele></trkpt><trkpt lat="37.938968" lon="-122.377502"><ele>3.7</ele></trkpt><trkpt lat="37.939509" lon="-122.377145"><ele>3.5</ele></trkpt><trkpt lat="37.940939" lon="-122.376226"><ele>2.6</ele></trkpt><trkpt lat="37.941717" lon="-122.375668"><ele>2.1</ele></trkpt><trkpt lat="37.941921" lon="-122.375527"><ele>2.1</ele></trkpt><trkpt lat="37.942377" lon="-122.375185"><ele>2.0</ele></trkpt><trkpt lat="37.944375" lon="-122.373739"><ele>2.7</ele></trkpt><trkpt lat="37.946414" lon="-122.372301"><ele>3.7</ele></trkpt><trkpt lat="37.947024" lon="-122.371792"><ele>3.7</ele></trkpt><trkpt lat="37.946946" lon="-122.371654"><ele>3.7</ele></trkpt><trkpt lat="37.946860" lon="-122.371556"><ele>3.7</ele></trkpt><trkpt lat="37.946699" lon="-122.371401"><ele>3.6</ele></trkpt><trkpt lat="37.946500" lon="-122.371283"><ele>3.5</ele></trkpt><trkpt lat="37.946411" lon="-122.371248"><ele>3.4</ele></trkpt><trkpt lat="37.946267" lon="-122.371184"><ele>3.4</ele></trkpt><trkpt lat="37.946132" lon="-122.371110"><ele>3.5</ele></trkpt><trkpt lat="37.945995" lon="-122.371001"><ele>3.6</ele></trkpt><trkpt lat="37.945870" lon="-122.370823"><ele>3.7</ele></trkpt><trkpt lat="37.945781" lon="-122.370625"><ele>3.8</ele></trkpt><trkpt lat="37.945730" lon="-122.370386"><ele>3.9</ele></trkpt><trkpt lat="37.945717" lon="-122.370271"><ele>3.9</ele></trkpt><trkpt lat="37.945683" lon="-122.369975"><ele>4.1</ele></trkpt><trkpt lat="37.945674" lon="-122.369892"><ele>4.1</ele></trkpt><trkpt lat="37.945607" lon="-122.369293"><ele>4.4</ele></trkpt><trkpt lat="37.945587" lon="-122.369117"><ele>4.4</ele></trkpt><trkpt lat="37.945577" lon="-122.369024"><ele>4.5</ele></trkpt><trkpt lat="37.945540" lon="-122.368701"><ele>4.7</ele></trkpt><trkpt lat="37.945511" lon="-122.368439"><ele>4.9</ele></trkpt><trkpt lat="37.945477" lon="-122.368140"><ele>5.2</ele></trkpt><trkpt lat="37.945474" lon="-122.368110"><ele>5.2</ele></trkpt><trkpt lat="37.945398" lon="-122.367433"><ele>5.5</ele></trkpt><trkpt lat="37.945418" lon="-122.367210"><ele>5.6</ele></trkpt><trkpt lat="37.945472" lon="-122.367055"><ele>5.7</ele></trkpt><trkpt lat="37.945554" lon="-122.366944"><ele>5.8</ele></trkpt><trkpt lat="37.945885" lon="-122.366611"><ele>6.0</ele></trkpt><trkpt lat="37.946004" lon="-122.366491"><ele>6.1</ele></trkpt><trkpt lat="37.946058" lon="-122.366437"><ele>6.1</ele></trkpt><trkpt lat="37.946303" lon="-122.366189"><ele>6.3</ele></trkpt><trkpt lat="37.946406" lon="-122.366086"><ele>6.4</ele></trkpt><trkpt lat="37.946508" lon="-122.365991"><ele>6.4</ele></trkpt><trkpt lat="37.946572" lon="-122.365924"><ele>6.4</ele></trkpt><trkpt lat="37.946654" lon="-122.365837"><ele>6.4</ele></trkpt><trkpt lat="37.946875" lon="-122.365604"><ele>6.4</ele></trkpt><trkpt lat="37.947164" lon="-122.365300"><ele>6.4</ele></trkpt><trkpt lat="37.947400" lon="-122.365050"><ele>6.4</ele></trkpt><trkpt lat="37.947510" lon="-122.364934"><ele>6.4</ele></trkpt><trkpt lat="37.947599" lon="-122.364840"><ele>6.4</ele></trkpt><trkpt lat="37.947715" lon="-122.364718"><ele>6.4</ele></trkpt><trkpt lat="37.948167" lon="-122.364241"><ele>6.7</ele></trkpt><trkpt lat="37.947793" lon="-122.363539"><ele>7.2</ele></trkpt><trkpt lat="37.947530" lon="-122.363047"><ele>7.7</ele></trkpt><trkpt lat="37.947428" lon="-122.362901"><ele>7.9</ele></trkpt><trkpt lat="37.947327" lon="-122.362807"><ele>8.1</ele></trkpt><trkpt lat="37.947198" lon="-122.362730"><ele>8.2</ele></trkpt><trkpt lat="37.947022" lon="-122.362721"><ele>8.3</ele></trkpt><trkpt lat="37.946273" lon="-122.362723"><ele>8.5</ele></trkpt><trkpt lat="37.946149" lon="-122.362723"><ele>8.5</ele></trkpt><trkpt lat="37.946044" lon="-122.362724"><ele>8.5</ele></trkpt><trkpt lat="37.944669" lon="-122.362743"><ele>7.5</ele></trkpt><trkpt lat="37.944585" lon="-122.362715"><ele>7.4</ele></trkpt><trkpt lat="37.944445" lon="-122.362670"><ele>7.3</ele></trkpt><trkpt lat="37.944286" lon="-122.362638"><ele>7.3</ele></trkpt><trkpt lat="37.944158" lon="-122.362613"><ele>7.3</ele></trkpt><trkpt lat="37.942903" lon="-122.362621"><ele>7.0</ele></trkpt><trkpt lat="37.942725" lon="-122.362618"><ele>7.0</ele></trkpt><trkpt lat="37.942706" lon="-122.362618"><ele>7.0</ele></trkpt><trkpt lat="37.942630" lon="-122.362617"><ele>7.0</ele></trkpt><trkpt lat="37.942556" lon="-122.362616"><ele>7.0</ele></trkpt><trkpt lat="37.942500" lon="-122.362617"><ele>7.0</ele></trkpt><trkpt lat="37.942384" lon="-122.362620"><ele>7.0</ele></trkpt><trkpt lat="37.941837" lon="-122.362619"><ele>7.0</ele></trkpt><trkpt lat="37.941762" lon="-122.362623"><ele>7.0</ele></trkpt><trkpt lat="37.941723" lon="-122.362641"><ele>7.0</ele></trkpt><trkpt lat="37.941559" lon="-122.362715"><ele>7.0</ele></trkpt><trkpt lat="37.941463" lon="-122.362756"><ele>7.0</ele></trkpt><trkpt lat="37.941156" lon="-122.362758"><ele>7.0</ele></trkpt><trkpt lat="37.941084" lon="-122.362758"><ele>7.0</ele></trkpt><trkpt lat="37.941010" lon="-122.362758"><ele>7.0</ele></trkpt><trkpt lat="37.940357" lon="-122.362756"><ele>7.2</ele></trkpt><trkpt lat="37.940356" lon="-122.361888"><ele>7.3</ele></trkpt><trkpt lat="37.940356" lon="-122.361798"><ele>7.3</ele></trkpt><trkpt lat="37.940355" lon="-122.361708"><ele>7.4</ele></trkpt><trkpt lat="37.940357" lon="-122.360997"><ele>8.0</ele></trkpt><trkpt lat="37.940354" lon="-122.360961"><ele>8.0</ele></trkpt><trkpt lat="37.940348" lon="-122.360879"><ele>8.0</ele></trkpt><trkpt lat="37.940332" lon="-122.360797"><ele>8.1</ele></trkpt><trkpt lat="37.940316" lon="-122.360714"><ele>8.1</ele></trkpt><trkpt lat="37.940020" lon="-122.360085"><ele>8.7</ele></trkpt><trkpt lat="37.939989" lon="-122.359987"><ele>8.8</ele></trkpt><trkpt lat="37.939967" lon="-122.359904"><ele>8.8</ele></trkpt><trkpt lat="37.939965" lon="-122.359888"><ele>8.8</ele></trkpt><trkpt lat="37.939965" lon="-122.359705"><ele>8.9</ele></trkpt><trkpt lat="37.939967" lon="-122.359044"><ele>9.3</ele></trkpt><trkpt lat="37.939970" lon="-122.358086"><ele>10.0</ele></trkpt><trkpt lat="37.939967" lon="-122.357136"><ele>10.7</ele></trkpt><trkpt lat="37.939510" lon="-122.357131"><ele>10.7</ele></trkpt><trkpt lat="37.938886" lon="-122.357123"><ele>11.3</ele></trkpt><trkpt lat="37.938508" lon="-122.357122"><ele>11.7</ele></trkpt><trkpt lat="37.938508" lon="-122.357008"><ele>11.8</ele></trkpt><trkpt lat="37.938508" lon="-122.356313"><ele>12.7</ele></trkpt><trkpt lat="37.938508" lon="-122.356191"><ele>12.9</ele></trkpt><trkpt lat="37.938362" lon="-122.356195"><ele>13.1</ele></trkpt><trkpt lat="37.938286" lon="-122.356196"><ele>13.3</ele></trkpt><trkpt lat="37.938018" lon="-122.356200"><ele>13.7</ele></trkpt><trkpt lat="37.937585" lon="-122.356206"><ele>14.2</ele></trkpt><trkpt lat="37.937112" lon="-122.356201"><ele>14.3</ele></trkpt><trkpt lat="37.936937" lon="-122.356200"><ele>14.3</ele></trkpt><trkpt lat="37.936883" lon="-122.356199"><ele>14.3</ele></trkpt><trkpt lat="37.936847" lon="-122.356198"><ele>14.3</ele></trkpt><trkpt lat="37.936836" lon="-122.355227"><ele>13.7</ele></trkpt><trkpt lat="37.936838" lon="-122.354406"><ele>13.2</ele></trkpt><trkpt lat="37.936838" lon="-122.354281"><ele>13.1</ele></trkpt><trkpt lat="37.936887" lon="-122.354187"><ele>13.1</ele></trkpt><trkpt lat="37.936899" lon="-122.354163"><ele>13.1</ele></trkpt><trkpt lat="37.936830" lon="-122.353780"><ele>12.9</ele></trkpt><trkpt lat="37.936831" lon="-122.353600"><ele>12.8</ele></trkpt></trkseg></trk>
</gpx>