<?xml version="1.0" encoding="UTF-8"?>
<gpx version="1.1" creator="north-bay-planning" xmlns="http://www.topografix.com/GPX/1/1">
<metadata><name>Grizzly Peak to Rockridge</name><desc>Richmond Amtrak along the ridge to Redwood, down to Rockridge BART</desc></metadata>
<trk><name>Grizzly Peak to Rockridge</name><trkseg><trkpt lat="37.931470" lon="-122.354560"><ele>7.0</ele></trkpt><trkpt lat="37.931480" lon="-122.350450"><ele>8.5</ele></trkpt><trkpt lat="37.931510" lon="-122.348140"><ele>11.4</ele></trkpt><trkpt lat="37.931040" lon="-122.347910"><ele>12.3</ele></trkpt><trkpt lat="37.930850" lon="-122.347910"><ele>12.4</ele></trkpt><trkpt lat="37.930870" lon="-122.347850"><ele>12.4</ele></trkpt><trkpt lat="37.930850" lon="-122.347740"><ele>12.5</ele></trkpt><trkpt lat="37.930750" lon="-122.347670"><ele>12.5</ele></trkpt><trkpt lat="37.930830" lon="-122.347600"><ele>12.5</ele></trkpt><trkpt lat="37.931060" lon="-122.347610"><ele>12.5</ele></trkpt><trkpt lat="37.931820" lon="-122.347880"><ele>12.5</ele></trkpt><trkpt lat="37.932180" lon="-122.347910"><ele>12.5</ele></trkpt><trkpt lat="37.932740" lon="-122.347910"><ele>12.5</ele></trkpt><trkpt lat="37.933060" lon="-122.347890"><ele>12.6</ele></trkpt><trkpt lat="37.933830" lon="-122.347640"><ele>13.1</ele></trkpt><trkpt lat="37.934060" lon="-122.347600"><ele>12.9</ele></trkpt><trkpt lat="37.934130" lon="-122.347570"><ele>12.8</ele></trkpt><trkpt lat="37.934120" lon="-122.346600"><ele>12.5</ele></trkpt><trkpt lat="37.932680" lon="-122.346600"><ele>12.3</ele></trkpt><trkpt lat="37.932580" lon="-122.346560"><ele>12.3</ele></trkpt><trkpt lat="37.932370" lon="-122.346950"><ele>12.6</ele></trkpt><trkpt lat="37.932110" lon="-122.347480"><ele>13.1</ele></trkpt><trkpt lat="37.932070" lon="-122.347590"><ele>13.1</ele></trkpt><trkpt lat="37.931850" lon="-122.347380"><ele>13.1</ele></trkpt><trkpt lat="37.931500" lon="-122.346910"><ele>13.1</ele></trkpt><trkpt lat="37.930840" lon="-122.345910"><ele>13.1</ele></trkpt><trkpt lat="37.930900" lon="-122.345830"><ele>13.1</ele></trkpt><trkpt lat="37.931410" lon="-122.346600"><ele>13.6</ele></trkpt><trkpt lat="37.931440" lon="-122.346380"><ele>13.7</ele></trkpt><trkpt lat="37.931430" lon="-122.346220"><ele>13.7</ele></trkpt><trkpt lat="37.931430" lon="-122.346160"><ele>13.7</ele></trkpt><trkpt lat="37.931320" lon="-122.345940"><ele>13.7</ele></trkpt><trkpt lat="37.931310" lon="-122.345880"><ele>13.7</ele></trkpt><trkpt lat="37.931290" lon="-122.345560"><ele>13.7</ele></trkpt><trkpt lat="37.931280" lon="-122.342520"><ele>15.1</ele></trkpt><trkpt lat="37.931300" lon="-122.338440"><ele>13.3</ele></trkpt><trkpt lat="37.931290" lon="-122.336670"><ele>14.6</ele></trkpt><trkpt lat="37.931290" lon="-122.330770"><ele>17.2</ele></trkpt><trkpt lat="37.931210" lon="-122.329700"><ele>18.3</ele></trkpt><trkpt lat="37.931170" lon="-122.329450"><ele>18.7</ele></trkpt><trkpt lat="37.931109" lon="-122.328810"><ele>18.9</ele></trkpt><trkpt lat="37.931120" lon="-122.328230"><ele>18.9</ele></trkpt><trkpt lat="37.931150" lon="-122.328090"><ele>18.9</ele></trkpt><trkpt lat="37.931160" lon="-122.328090"><ele>18.9</ele></trkpt><trkpt lat="37.931260" lon="-122.327530"><ele>19.3</ele></trkpt><trkpt lat="37.931370" lon="-122.326970"><ele>19.8</ele></trkpt><trkpt lat="37.931410" lon="-122.326650"><ele>20.1</ele></trkpt><trkpt lat="37.931410" lon="-122.325560"><ele>20.4</ele></trkpt><trkpt lat="37.931410" lon="-122.324470"><ele>20.1</ele></trkpt><trkpt lat="37.931370" lon="-122.324130"><ele>19.9</ele></trkpt><trkpt lat="37.931320" lon="-122.323850"><ele>19.8</ele></trkpt><trkpt lat="37.931250" lon="-122.323710"><ele>19.9</ele></trkpt><trkpt lat="37.931160" lon="-122.323650"><ele>19.9</ele></trkpt><trkpt lat="37.931040" lon="-122.323610"><ele>20.0</ele></trkpt><trkpt lat="37.930960" lon="-122.323510"><ele>20.1</ele></trkpt><trkpt lat="37.930770" lon="-122.322920"><ele>20.6</ele></trkpt><trkpt lat="37.930580" lon="-122.322330"><ele>21.6</ele></trkpt><trkpt lat="37.930670" lon="-122.322120"><ele>22.1</ele></trkpt><trkpt lat="37.930770" lon="-122.321950"><ele>22.4</ele></trkpt><trkpt lat="37.930810" lon="-122.321840"><ele>22.7</ele></trkpt><trkpt lat="37.930790" lon="-122.321640"><ele>23.0</ele></trkpt><trkpt lat="37.930490" lon="-122.321240"><ele>24.0</ele></trkpt><trkpt lat="37.930230" lon="-122.320780"><ele>24.9</ele></trkpt><trkpt lat="37.930070" lon="-122.320640"><ele>25.2</ele></trkpt><trkpt lat="37.930060" lon="-122.320570"><ele>25.3</ele></trkpt><trkpt lat="37.930040" lon="-122.320510"><ele>25.3</ele></trkpt><trkpt lat="37.930120" lon="-122.320440"><ele>25.5</ele></trkpt><trkpt lat="37.930169" lon="-122.320220"><ele>25.7</ele></trkpt><trkpt lat="37.930440" lon="-122.320560"><ele>26.1</ele></trkpt><trkpt lat="37.930980" lon="-122.320980"><ele>26.4</ele></trkpt><trkpt lat="37.931520" lon="-122.321410"><ele>26.0</ele></trkpt><trkpt lat="37.932070" lon="-122.321830"><ele>25.7</ele></trkpt><trkpt lat="37.932210" lon="-122.321960"><ele>25.6</ele></trkpt><trkpt lat="37.932540" lon="-122.322200"><ele>25.6</ele></trkpt><trkpt lat="37.933050" lon="-122.322480"><ele>25.6</ele></trkpt><trkpt lat="37.933360" lon="-122.322610"><ele>25.7</ele></trkpt><trkpt lat="37.933760" lon="-122.322650"><ele>26.0</ele></trkpt><trkpt lat="37.934160" lon="-122.322660"><ele>26.5</ele></trkpt><trkpt lat="37.934410" lon="-122.322700"><ele>26.9</ele></trkpt><trkpt lat="37.934669" lon="-122.322760"><ele>27.3</ele></trkpt><trkpt lat="37.935110" lon="-122.322930"><ele>27.7</ele></trkpt><trkpt lat="37.935930" lon="-122.323320"><ele>28.6</ele></trkpt><trkpt lat="37.936740" lon="-122.323720"><ele>29.3</ele></trkpt><trkpt lat="37.937560" lon="-122.324110"><ele>28.9</ele></trkpt><trkpt lat="37.937779" lon="-122.324150"><ele>28.7</ele></trkpt><trkpt lat="37.938120" lon="-122.324170"><ele>28.3</ele></trkpt><trkpt lat="37.938270" lon="-122.324220"><ele>28.1</ele></trkpt><trkpt lat="37.938460" lon="-122.324330"><ele>28.0</ele></trkpt><trkpt lat="37.938800" lon="-122.324460"><ele>27.8</ele></trkpt><trkpt lat="37.938870" lon="-122.324530"><ele>27.7</ele></trkpt><trkpt lat="37.938960" lon="-122.324800"><ele>27.4</ele></trkpt><trkpt lat="37.939440" lon="-122.324600"><ele>27.3</ele></trkpt><trkpt lat="37.939920" lon="-122.324390"><ele>27.7</ele></trkpt><trkpt lat="37.940650" lon="-122.324050"><ele>28.8</ele></trkpt><trkpt lat="37.941380" lon="-122.323700"><ele>30.9</ele></trkpt><trkpt lat="37.941500" lon="-122.323610"><ele>31.3</ele></trkpt><trkpt lat="37.941560" lon="-122.323520"><ele>31.5</ele></trkpt><trkpt lat="37.941620" lon="-122.323360"><ele>31.9</ele></trkpt><trkpt lat="37.941890" lon="-122.322480"><ele>32.0</ele></trkpt><trkpt lat="37.942590" lon="-122.322820"><ele>32.0</ele></trkpt><trkpt lat="37.943160" lon="-122.323010"><ele>31.5</ele></trkpt><trkpt lat="37.943960" lon="-122.323390"><ele>31.2</ele></trkpt><trkpt lat="37.944770" lon="-122.323780"><ele>32.3</ele></trkpt><trkpt lat="37.945580" lon="-122.324160"><ele>33.1</ele></trkpt><trkpt lat="37.946380" lon="-122.324550"><ele>33.9</ele></trkpt><trkpt lat="37.947190" lon="-122.324930"><ele>34.1</ele></trkpt><trkpt lat="37.947990" lon="-122.325320"><ele>35.2</ele></trkpt><trkpt lat="37.948800" lon="-122.325710"><ele>36.8</ele></trkpt><trkpt lat="37.949090" lon="-122.324730"><ele>39.8</ele></trkpt><trkpt lat="37.949370" lon="-122.323740"><ele>43.3</ele></trkpt><trkpt lat="37.949460" lon="-122.323480"><ele>43.9</ele></trkpt><trkpt lat="37.949570" lon="-122.323220"><ele>44.6</ele></trkpt><trkpt lat="37.949670" lon="-122.323120"><ele>45.0</ele></trkpt><trkpt lat="37.949800" lon="-122.323040"><ele>45.6</ele></trkpt><trkpt lat="37.950390" lon="-122.322810"><ele>48.1</ele></trkpt><trkpt lat="37.950980" lon="-122.322580"><ele>50.4</ele></trkpt><trkpt lat="37.951200" lon="-122.322410"><ele>51.4</ele></trkpt><trkpt lat="37.951310" lon="-122.322260"><ele>51.9</ele></trkpt><trkpt lat="37.951560" lon="-122.321520"><ele>53.4</ele></trkpt><trkpt lat="37.951720" lon="-122.320980"><ele>52.8</ele></trkpt><trkpt lat="37.951780" lon="-122.320540"><ele>51.4</ele></trkpt><trkpt lat="37.951720" lon="-122.319600"><ele>50.6</ele></trkpt><trkpt lat="37.951810" lon="-122.319300"><ele>50.8</ele></trkpt><trkpt lat="37.951810" lon="-122.319300"><ele>50.8</ele></trkpt><trkpt lat="37.951960" lon="-122.318770"><ele>53.8</ele></trkpt><trkpt lat="37.952010" lon="-122.318350"><ele>56.7</ele></trkpt><trkpt lat="37.951990" lon="-122.318100"><ele>58.6</ele></trkpt><trkpt lat="37.951840" lon="-122.317020"><ele>71.9</ele></trkpt><trkpt lat="37.951830" lon="-122.316750"><ele>75.6</ele></trkpt><trkpt lat="37.951850" lon="-122.316410"><ele>78.9</ele></trkpt><trkpt lat="37.951930" lon="-122.316110"><ele>80.2</ele></trkpt><trkpt lat="37.952140" lon="-122.315570"><ele>83.9</ele></trkpt><trkpt lat="37.952360" lon="-122.315020"><ele>88.2</ele></trkpt><trkpt lat="37.952360" lon="-122.315020"><ele>88.2</ele></trkpt><trkpt lat="37.952419" lon="-122.314860"><ele>89.5</ele></trkpt><trkpt lat="37.952450" lon="-122.314650"><ele>91.0</ele></trkpt><trkpt lat="37.952450" lon="-122.314350"><ele>93.5</ele></trkpt><trkpt lat="37.952400" lon="-122.313750"><ele>97.8</ele></trkpt><trkpt lat="37.952200" lon="-122.313160"><ele>101.6</ele></trkpt><trkpt lat="37.952000" lon="-122.312570"><ele>106.1</ele></trkpt><trkpt lat="37.951659" lon="-122.311780"><ele>109.7</ele></trkpt><trkpt lat="37.951520" lon="-122.311500"><ele>111.0</ele></trkpt><trkpt lat="37.951370" lon="-122.311310"><ele>111.3</ele></trkpt><trkpt lat="37.951040" lon="-122.311110"><ele>111.9</ele></trkpt><trkpt lat="37.950260" lon="-122.310570"><ele>113.5</ele></trkpt><trkpt lat="37.949750" lon="-122.310170"><ele>117.6</ele></trkpt><trkpt lat="37.949240" lon="-122.309780"><ele>124.7</ele></trkpt><trkpt lat="37.948640" lon="-122.309360"><ele>132.4</ele></trkpt><trkpt lat="37.948040" lon="-122.308940"><ele>138.6</ele></trkpt><trkpt lat="37.947450" lon="-122.308520"><ele>136.5</ele></trkpt><trkpt lat="37.946810" lon="-122.308070"><ele>128.2</ele></trkpt><trkpt lat="37.946170" lon="-122.307610"><ele>120.7</ele></trkpt><trkpt lat="37.945540" lon="-122.307150"><ele>118.7</ele></trkpt><trkpt lat="37.944899" lon="-122.306690"><ele>119.6</ele></trkpt><trkpt lat="37.944260" lon="-122.306240"><ele>120.0</ele></trkpt><trkpt lat="37.943990" lon="-122.305970"><ele>118.4</ele></trkpt><trkpt lat="37.943730" lon="-122.305650"><ele>113.5</ele></trkpt><trkpt lat="37.943500" lon="-122.305260"><ele>110.2</ele></trkpt><trkpt lat="37.943420" lon="-122.305040"><ele>109.0</ele></trkpt><trkpt lat="37.943300" lon="-122.304700"><ele>109.4</ele></trkpt><trkpt lat="37.943190" lon="-122.304090"><ele>110.1</ele></trkpt><trkpt lat="37.942970" lon="-122.303110"><ele>108.1</ele></trkpt><trkpt lat="37.942839" lon="-122.302700"><ele>110.5</ele></trkpt><trkpt lat="37.942770" lon="-122.302590"><ele>111.7</ele></trkpt><trkpt lat="37.942610" lon="-122.302570"><ele>113.4</ele></trkpt><trkpt lat="37.942450" lon="-122.302470"><ele>114.0</ele></trkpt><trkpt lat="37.942250" lon="-122.302220"><ele>114.4</ele></trkpt><trkpt lat="37.942050" lon="-122.302140"><ele>113.9</ele></trkpt><trkpt lat="37.941730" lon="-122.302130"><ele>111.8</ele></trkpt><trkpt lat="37.941600" lon="-122.302060"><ele>110.9</ele></trkpt><trkpt lat="37.941520" lon="-122.301960"><ele>110.9</ele></trkpt><trkpt lat="37.941339" lon="-122.301640"><ele>110.7</ele></trkpt><trkpt lat="37.940930" lon="-122.300740"><ele>111.9</ele></trkpt><trkpt lat="37.940540" lon="-122.300220"><ele>111.9</ele></trkpt><trkpt lat="37.940330" lon="-122.300030"><ele>111.9</ele></trkpt><trkpt lat="37.939850" lon="-122.299760"><ele>112.6</ele></trkpt><trkpt lat="37.939630" lon="-122.299470"><ele>112.9</ele></trkpt><trkpt lat="37.939500" lon="-122.299260"><ele>113.0</ele></trkpt><trkpt lat="37.939340" lon="-122.299130"><ele>113.1</ele></trkpt><trkpt lat="37.939190" lon="-122.298930"><ele>113.1</ele></trkpt><trkpt lat="37.939140" lon="-122.298750"><ele>113.1</ele></trkpt><trkpt lat="37.939120" lon="-122.298320"><ele>113.4</ele></trkpt><trkpt lat="37.939040" lon="-122.298240"><ele>113.5</ele></trkpt><trkpt lat="37.938930" lon="-122.298270"><ele>113.6</ele></trkpt><trkpt lat="37.938809" lon="-122.298370"><ele>113.9</ele></trkpt><trkpt lat="37.938610" lon="-122.298460"><ele>114.3</ele></trkpt><trkpt lat="37.938380" lon="-122.298460"><ele>114.8</ele></trkpt><trkpt lat="37.938150" lon="-122.298330"><ele>115.0</ele></trkpt><trkpt lat="37.938000" lon="-122.298160"><ele>115.1</ele></trkpt><trkpt lat="37.937470" lon="-122.297310"><ele>116.7</ele></trkpt><trkpt lat="37.937370" lon="-122.297180"><ele>116.7</ele></trkpt><trkpt lat="37.937290" lon="-122.296980"><ele>116.7</ele></trkpt><trkpt lat="37.937190" lon="-122.296820"><ele>116.7</ele></trkpt><trkpt lat="37.937070" lon="-122.296700"><ele>116.7</ele></trkpt><trkpt lat="37.936890" lon="-122.296420"><ele>116.7</ele></trkpt><trkpt lat="37.936850" lon="-122.296240"><ele>116.4</ele></trkpt><trkpt lat="37.936860" lon="-122.295670"><ele>115.8</ele></trkpt><trkpt lat="37.936830" lon="-122.295470"><ele>115.8</ele></trkpt><trkpt lat="37.936670" lon="-122.294960"><ele>115.7</ele></trkpt><trkpt lat="37.936470" lon="-122.294590"><ele>115.3</ele></trkpt><trkpt lat="37.936300" lon="-122.294340"><ele>115.5</ele></trkpt><trkpt lat="37.936210" lon="-122.294140"><ele>115.7</ele></trkpt><trkpt lat="37.936160" lon="-122.293930"><ele>115.8</ele></trkpt><trkpt lat="37.936120" lon="-122.293480"><ele>115.4</ele></trkpt><trkpt lat="37.936050" lon="-122.293370"><ele>115.3</ele></trkpt><trkpt lat="37.935770" lon="-122.293230"><ele>115.4</ele></trkpt><trkpt lat="37.935680" lon="-122.293040"><ele>115.5</ele></trkpt><trkpt lat="37.935450" lon="-122.292310"><ele>114.9</ele></trkpt><trkpt lat="37.935590" lon="-122.292770"><ele>115.5</ele></trkpt><trkpt lat="37.935590" lon="-122.292770"><ele>115.5</ele></trkpt><trkpt lat="37.935440" lon="-122.292320"><ele>116.1</ele></trkpt><trkpt lat="37.935370" lon="-122.292010"><ele>116.4</ele></trkpt><trkpt lat="37.935310" lon="-122.291850"><ele>116.5</ele></trkpt><trkpt lat="37.935250" lon="-122.291750"><ele>116.7</ele></trkpt><trkpt lat="37.934820" lon="-122.291160"><ele>117.1</ele></trkpt><trkpt lat="37.934740" lon="-122.291030"><ele>116.9</ele></trkpt><trkpt lat="37.934520" lon="-122.290050"><ele>116.5</ele></trkpt><trkpt lat="37.934200" lon="-122.289360"><ele>116.0</ele></trkpt><trkpt lat="37.934030" lon="-122.288900"><ele>117.1</ele></trkpt><trkpt lat="37.933980" lon="-122.288600"><ele>118.3</ele></trkpt><trkpt lat="37.933670" lon="-122.287880"><ele>123.0</ele></trkpt><trkpt lat="37.933480" lon="-122.287560"><ele>126.4</ele></trkpt><trkpt lat="37.933390" lon="-122.287450"><ele>128.0</ele></trkpt><trkpt lat="37.933050" lon="-122.287200"><ele>132.6</ele></trkpt><trkpt lat="37.932850" lon="-122.286990"><ele>135.3</ele></trkpt><trkpt lat="37.932609" lon="-122.286590"><ele>139.2</ele></trkpt><trkpt lat="37.932480" lon="-122.286410"><ele>141.1</ele></trkpt><trkpt lat="37.932330" lon="-122.286290"><ele>142.4</ele></trkpt><trkpt lat="37.932220" lon="-122.286240"><ele>143.1</ele></trkpt><trkpt lat="37.931850" lon="-122.286170"><ele>145.4</ele></trkpt><trkpt lat="37.931720" lon="-122.286080"><ele>146.0</ele></trkpt><trkpt lat="37.931370" lon="-122.285660"><ele>147.6</ele></trkpt><trkpt lat="37.931080" lon="-122.285370"><ele>147.8</ele></trkpt><trkpt lat="37.930680" lon="-122.285020"><ele>148.6</ele></trkpt><trkpt lat="37.930210" lon="-122.284340"><ele>147.1</ele></trkpt><trkpt lat="37.930169" lon="-122.284310"><ele>146.9</ele></trkpt><trkpt lat="37.929870" lon="-122.284250"><ele>145.7</ele></trkpt><trkpt lat="37.929609" lon="-122.284120"><ele>144.6</ele></trkpt><trkpt lat="37.929519" lon="-122.284110"><ele>144.2</ele></trkpt><trkpt lat="37.929229" lon="-122.284140"><ele>142.9</ele></trkpt><trkpt lat="37.929130" lon="-122.284120"><ele>142.5</ele></trkpt><trkpt lat="37.928870" lon="-122.284000"><ele>141.4</ele></trkpt><trkpt lat="37.928570" lon="-122.283720"><ele>140.4</ele></trkpt><trkpt lat="37.928019" lon="-122.283680"><ele>139.6</ele></trkpt><trkpt lat="37.927790" lon="-122.283590"><ele>139.4</ele></trkpt><trkpt lat="37.927680" lon="-122.283490"><ele>139.3</ele></trkpt><trkpt lat="37.927330" lon="-122.283020"><ele>139.1</ele></trkpt><trkpt lat="37.927230" lon="-122.282860"><ele>139.4</ele></trkpt><trkpt lat="37.927180" lon="-122.282710"><ele>139.7</ele></trkpt><trkpt lat="37.927070" lon="-122.282570"><ele>140.1</ele></trkpt><trkpt lat="37.926900" lon="-122.282410"><ele>140.2</ele></trkpt><trkpt lat="37.926850" lon="-122.282330"><ele>140.2</ele></trkpt><trkpt lat="37.926720" lon="-122.282060"><ele>140.2</ele></trkpt><trkpt lat="37.926670" lon="-122.282030"><ele>140.2</ele></trkpt><trkpt lat="37.926580" lon="-122.282010"><ele>139.8</ele></trkpt><trkpt lat="37.925720" lon="-122.281990"><ele>136.9</ele></trkpt><trkpt lat="37.925340" lon="-122.281880"><ele>136.4</ele></trkpt><trkpt lat="37.925050" lon="-122.281850"><ele>136.2</ele></trkpt><trkpt lat="37.924890" lon="-122.281730"><ele>136.1</ele></trkpt><trkpt lat="37.924550" lon="-122.281660"><ele>135.9</ele></trkpt><trkpt lat="37.924470" lon="-122.281630"><ele>136.1</ele></trkpt><trkpt lat="37.924210" lon="-122.281330"><ele>136.9</ele></trkpt><trkpt lat="37.924100" lon="-122.281130"><ele>137.5</ele></trkpt><trkpt lat="37.924040" lon="-122.281000"><ele>138.1</ele></trkpt><trkpt lat="37.924030" lon="-122.280950"><ele>138.2</ele></trkpt><trkpt lat="37.923990" lon="-122.280880"><ele>138.5</ele></trkpt><trkpt lat="37.923780" lon="-122.280690"><ele>139.7</ele></trkpt><trkpt lat="37.923730" lon="-122.280600"><ele>139.9</ele></trkpt><trkpt lat="37.923680" lon="-122.280490"><ele>140.1</ele></trkpt><trkpt lat="37.923670" lon="-122.280300"><ele>140.4</ele></trkpt><trkpt lat="37.923720" lon="-122.280070"><ele>140.8</ele></trkpt><trkpt lat="37.923750" lon="-122.279880"><ele>140.8</ele></trkpt><trkpt lat="37.923720" lon="-122.279790"><ele>140.8</ele></trkpt><trkpt lat="37.923680" lon="-122.279730"><ele>140.8</ele></trkpt><trkpt lat="37.923590" lon="-122.279730"><ele>140.8</ele></trkpt><trkpt lat="37.923400" lon="-122.279830"><ele>140.8</ele></trkpt><trkpt lat="37.923260" lon="-122.279880"><ele>140.6</ele></trkpt><trkpt lat="37.923120" lon="-122.279870"><ele>140.4</ele></trkpt><trkpt lat="37.922910" lon="-122.279820"><ele>140.2</ele></trkpt><trkpt lat="37.922530" lon="-122.279570"><ele>139.2</ele></trkpt><trkpt lat="37.922220" lon="-122.279240"><ele>139.0</ele></trkpt><trkpt lat="37.921870" lon="-122.279200"><ele>139.1</ele></trkpt><trkpt lat="37.921780" lon="-122.279160"><ele>139.2</ele></trkpt><trkpt lat="37.921610" lon="-122.279030"><ele>139.4</ele></trkpt><trkpt lat="37.921200" lon="-122.278820"><ele>140.5</ele></trkpt><trkpt lat="37.921090" lon="-122.278710"><ele>140.9</ele></trkpt><trkpt lat="37.920730" lon="-122.278250"><ele>143.3</ele></trkpt><trkpt lat="37.920570" lon="-122.277990"><ele>144.3</ele></trkpt><trkpt lat="37.920499" lon="-122.277920"><ele>144.6</ele></trkpt><trkpt lat="37.920390" lon="-122.277870"><ele>145.0</ele></trkpt><trkpt lat="37.920240" lon="-122.277850"><ele>145.5</ele></trkpt><trkpt lat="37.920170" lon="-122.277810"><ele>145.7</ele></trkpt><trkpt lat="37.920110" lon="-122.277750"><ele>145.8</ele></trkpt><trkpt lat="37.919759" lon="-122.277200"><ele>146.4</ele></trkpt><trkpt lat="37.919540" lon="-122.276960"><ele>146.5</ele></trkpt><trkpt lat="37.919400" lon="-122.276840"><ele>146.6</ele></trkpt><trkpt lat="37.919170" lon="-122.276600"><ele>146.8</ele></trkpt><trkpt lat="37.918970" lon="-122.276510"><ele>146.9</ele></trkpt><trkpt lat="37.918220" lon="-122.275900"><ele>146.7</ele></trkpt><trkpt lat="37.917750" lon="-122.275640"><ele>147.0</ele></trkpt><trkpt lat="37.917600" lon="-122.275530"><ele>147.2</ele></trkpt><trkpt lat="37.917440" lon="-122.275370"><ele>147.4</ele></trkpt><trkpt lat="37.917319" lon="-122.275160"><ele>147.6</ele></trkpt><trkpt lat="37.917140" lon="-122.274900"><ele>148.0</ele></trkpt><trkpt lat="37.917080" lon="-122.274870"><ele>148.1</ele></trkpt><trkpt lat="37.916810" lon="-122.274820"><ele>148.6</ele></trkpt><trkpt lat="37.916410" lon="-122.274530"><ele>148.9</ele></trkpt><trkpt lat="37.916289" lon="-122.274420"><ele>149.0</ele></trkpt><trkpt lat="37.916200" lon="-122.274270"><ele>149.0</ele></trkpt><trkpt lat="37.915970" lon="-122.273750"><ele>149.1</ele></trkpt><trkpt lat="37.915390" lon="-122.272630"><ele>151.5</ele></trkpt><trkpt lat="37.915330" lon="-122.272450"><ele>152.0</ele></trkpt><trkpt lat="37.915280" lon="-122.272150"><ele>152.7</ele></trkpt><trkpt lat="37.915230" lon="-122.272020"><ele>153.0</ele></trkpt><trkpt lat="37.915090" lon="-122.271830"><ele>153.5</ele></trkpt><trkpt lat="37.914790" lon="-122.271110"><ele>155.6</ele></trkpt><trkpt lat="37.913830" lon="-122.270320"><ele>157.2</ele></trkpt><trkpt lat="37.913469" lon="-122.270080"><ele>157.5</ele></trkpt><trkpt lat="37.913360" lon="-122.269950"><ele>157.7</ele></trkpt><trkpt lat="37.913280" lon="-122.269700"><ele>157.9</ele></trkpt><trkpt lat="37.913089" lon="-122.269310"><ele>157.9</ele></trkpt><trkpt lat="37.912830" lon="-122.268900"><ele>158.0</ele></trkpt><trkpt lat="37.912570" lon="-122.268590"><ele>158.7</ele></trkpt><trkpt lat="37.912340" lon="-122.268410"><ele>159.8</ele></trkpt><trkpt lat="37.912230" lon="-122.268150"><ele>160.8</ele></trkpt><trkpt lat="37.912130" lon="-122.267790"><ele>161.9</ele></trkpt><trkpt lat="37.911730" lon="-122.266910"><ele>165.1</ele></trkpt><trkpt lat="37.911610" lon="-122.266310"><ele>167.9</ele></trkpt><trkpt lat="37.911580" lon="-122.265880"><ele>170.4</ele></trkpt><trkpt lat="37.911600" lon="-122.265570"><ele>172.0</ele></trkpt><trkpt lat="37.911710" lon="-122.265140"><ele>174.1</ele></trkpt><trkpt lat="37.911960" lon="-122.264700"><ele>177.1</ele></trkpt><trkpt lat="37.912320" lon="-122.264520"><ele>179.8</ele></trkpt><trkpt lat="37.912840" lon="-122.264450"><ele>183.1</ele></trkpt><trkpt lat="37.912960" lon="-122.264370"><ele>183.9</ele></trkpt><trkpt lat="37.913020" lon="-122.264260"><ele>184.5</ele></trkpt><trkpt lat="37.913070" lon="-122.264100"><ele>185.2</ele></trkpt><trkpt lat="37.913060" lon="-122.263800"><ele>185.4</ele></trkpt><trkpt lat="37.912990" lon="-122.263630"><ele>185.5</ele></trkpt><trkpt lat="37.912950" lon="-122.263400"><ele>185.6</ele></trkpt><trkpt lat="37.912980" lon="-122.263150"><ele>185.5</ele></trkpt><trkpt lat="37.913290" lon="-122.261970"><ele>185.5</ele></trkpt><trkpt lat="37.913300" lon="-122.261640"><ele>186.0</ele></trkpt><trkpt lat="37.913270" lon="-122.261500"><ele>186.2</ele></trkpt><trkpt lat="37.913160" lon="-122.261380"><ele>186.4</ele></trkpt><trkpt lat="37.912930" lon="-122.261210"><ele>186.7</ele></trkpt><trkpt lat="37.912580" lon="-122.261240"><ele>187.2</ele></trkpt><trkpt lat="37.912190" lon="-122.261210"><ele>188.1</ele></trkpt><trkpt lat="37.911770" lon="-122.261370"><ele>189.4</ele></trkpt><trkpt lat="37.911450" lon="-122.261560"><ele>189.9</ele></trkpt><trkpt lat="37.911110" lon="-122.261970"><ele>190.1</ele></trkpt><trkpt lat="37.910660" lon="-122.262820"><ele>189.9</ele></trkpt><trkpt lat="37.910600" lon="-122.262880"><ele>189.9</ele></trkpt><trkpt lat="37.910360" lon="-122.262850"><ele>190.4</ele></trkpt><trkpt lat="37.909770" lon="-122.262550"><ele>191.7</ele></trkpt><trkpt lat="37.909320" lon="-122.262250"><ele>191.9</ele></trkpt><trkpt lat="37.909110" lon="-122.262150"><ele>191.7</ele></trkpt><trkpt lat="37.908640" lon="-122.262000"><ele>190.9</ele></trkpt><trkpt lat="37.908330" lon="-122.261990"><ele>190.7</ele></trkpt><trkpt lat="37.908000" lon="-122.262030"><ele>190.4</ele></trkpt><trkpt lat="37.907750" lon="-122.262180"><ele>189.6</ele></trkpt><trkpt lat="37.907559" lon="-122.262220"><ele>189.1</ele></trkpt><trkpt lat="37.907380" lon="-122.262180"><ele>188.2</ele></trkpt><trkpt lat="37.907120" lon="-122.262060"><ele>186.6</ele></trkpt><trkpt lat="37.906770" lon="-122.261780"><ele>183.8</ele></trkpt><trkpt lat="37.906529" lon="-122.261480"><ele>181.4</ele></trkpt><trkpt lat="37.906470" lon="-122.261370"><ele>180.7</ele></trkpt><trkpt lat="37.906350" lon="-122.261150"><ele>179.2</ele></trkpt><trkpt lat="37.906180" lon="-122.261050"><ele>178.0</ele></trkpt><trkpt lat="37.905990" lon="-122.261080"><ele>177.1</ele></trkpt><trkpt lat="37.905780" lon="-122.261250"><ele>175.9</ele></trkpt><trkpt lat="37.905690" lon="-122.261140"><ele>175.5</ele></trkpt><trkpt lat="37.905650" lon="-122.261090"><ele>175.4</ele></trkpt><trkpt lat="37.905570" lon="-122.260760"><ele>174.9</ele></trkpt><trkpt lat="37.905500" lon="-122.260660"><ele>174.7</ele></trkpt><trkpt lat="37.905230" lon="-122.260420"><ele>174.7</ele></trkpt><trkpt lat="37.905060" lon="-122.259980"><ele>175.6</ele></trkpt><trkpt lat="37.904840" lon="-122.259870"><ele>177.0</ele></trkpt><trkpt lat="37.904590" lon="-122.259570"><ele>178.7</ele></trkpt><trkpt lat="37.904220" lon="-122.259220"><ele>180.9</ele></trkpt><trkpt lat="37.904050" lon="-122.259120"><ele>182.4</ele></trkpt><trkpt lat="37.903740" lon="-122.258740"><ele>185.7</ele></trkpt><trkpt lat="37.903700" lon="-122.258590"><ele>186.7</ele></trkpt><trkpt lat="37.904080" lon="-122.257750"><ele>190.4</ele></trkpt><trkpt lat="37.904150" lon="-122.257560"><ele>191.4</ele></trkpt><trkpt lat="37.904150" lon="-122.257450"><ele>192.0</ele></trkpt><trkpt lat="37.904110" lon="-122.257110"><ele>193.7</ele></trkpt><trkpt lat="37.904030" lon="-122.256720"><ele>195.8</ele></trkpt><trkpt lat="37.903820" lon="-122.256260"><ele>197.3</ele></trkpt><trkpt lat="37.903680" lon="-122.255650"><ele>197.2</ele></trkpt><trkpt lat="37.903490" lon="-122.255450"><ele>197.8</ele></trkpt><trkpt lat="37.903310" lon="-122.255240"><ele>198.5</ele></trkpt><trkpt lat="37.903160" lon="-122.254980"><ele>199.8</ele></trkpt><trkpt lat="37.902910" lon="-122.254750"><ele>200.9</ele></trkpt><trkpt lat="37.902460" lon="-122.254440"><ele>201.4</ele></trkpt><trkpt lat="37.902270" lon="-122.254220"><ele>202.1</ele></trkpt><trkpt lat="37.901910" lon="-122.253960"><ele>203.3</ele></trkpt><trkpt lat="37.901730" lon="-122.253900"><ele>203.8</ele></trkpt><trkpt lat="37.901550" lon="-122.253880"><ele>204.2</ele></trkpt><trkpt lat="37.901359" lon="-122.253690"><ele>204.2</ele></trkpt><trkpt lat="37.901230" lon="-122.253580"><ele>204.2</ele></trkpt><trkpt lat="37.900810" lon="-122.253450"><ele>204.4</ele></trkpt><trkpt lat="37.900329" lon="-122.253360"><ele>205.3</ele></trkpt><trkpt lat="37.900080" lon="-122.253190"><ele>206.0</ele></trkpt><trkpt lat="37.899960" lon="-122.253160"><ele>206.2</ele></trkpt><trkpt lat="37.899900" lon="-122.253080"><ele>206.3</ele></trkpt><trkpt lat="37.899840" lon="-122.253060"><ele>206.4</ele></trkpt><trkpt lat="37.899740" lon="-122.253050"><ele>206.5</ele></trkpt><trkpt lat="37.899700" lon="-122.253010"><ele>206.5</ele></trkpt><trkpt lat="37.899610" lon="-122.252820"><ele>206.9</ele></trkpt><trkpt lat="37.899470" lon="-122.252730"><ele>207.4</ele></trkpt><trkpt lat="37.898960" lon="-122.252660"><ele>209.9</ele></trkpt><trkpt lat="37.899220" lon="-122.252500"><ele>212.0</ele></trkpt><trkpt lat="37.899360" lon="-122.252470"><ele>213.4</ele></trkpt><trkpt lat="37.899520" lon="-122.252490"><ele>215.1</ele></trkpt><trkpt lat="37.899690" lon="-122.252580"><ele>217.2</ele></trkpt><trkpt lat="37.899830" lon="-122.252620"><ele>218.8</ele></trkpt><trkpt lat="37.899990" lon="-122.252640"><ele>221.0</ele></trkpt><trkpt lat="37.900120" lon="-122.252610"><ele>222.8</ele></trkpt><trkpt lat="37.900380" lon="-122.252500"><ele>226.5</ele></trkpt><trkpt lat="37.900530" lon="-122.252470"><ele>228.6</ele></trkpt><trkpt lat="37.900920" lon="-122.252540"><ele>234.0</ele></trkpt><trkpt lat="37.901300" lon="-122.252500"><ele>240.1</ele></trkpt><trkpt lat="37.901440" lon="-122.252510"><ele>242.3</ele></trkpt><trkpt lat="37.901560" lon="-122.252550"><ele>244.0</ele></trkpt><trkpt lat="37.901660" lon="-122.252620"><ele>245.6</ele></trkpt><trkpt lat="37.901829" lon="-122.252790"><ele>248.5</ele></trkpt><trkpt lat="37.901890" lon="-122.252800"><ele>249.3</ele></trkpt><trkpt lat="37.901940" lon="-122.252780"><ele>250.0</ele></trkpt><trkpt lat="37.901970" lon="-122.252740"><ele>250.5</ele></trkpt><trkpt lat="37.901990" lon="-122.252680"><ele>251.1</ele></trkpt><trkpt lat="37.901990" lon="-122.252500"><ele>252.8</ele></trkpt><trkpt lat="37.901950" lon="-122.252330"><ele>254.5</ele></trkpt><trkpt lat="37.901780" lon="-122.251810"><ele>259.0</ele></trkpt><trkpt lat="37.901739" lon="-122.251550"><ele>261.1</ele></trkpt><trkpt lat="37.901780" lon="-122.251320"><ele>263.4</ele></trkpt><trkpt lat="37.901930" lon="-122.250870"><ele>268.3</ele></trkpt><trkpt lat="37.901980" lon="-122.250220"><ele>274.5</ele></trkpt><trkpt lat="37.902070" lon="-122.249720"><ele>278.4</ele></trkpt><trkpt lat="37.902070" lon="-122.249730"><ele>278.5</ele></trkpt><trkpt lat="37.902090" lon="-122.249610"><ele>279.4</ele></trkpt><trkpt lat="37.902270" lon="-122.249070"><ele>283.0</ele></trkpt><trkpt lat="37.902460" lon="-122.248760"><ele>285.2</ele></trkpt><trkpt lat="37.902650" lon="-122.248570"><ele>286.9</ele></trkpt><trkpt lat="37.902870" lon="-122.248430"><ele>288.3</ele></trkpt><trkpt lat="37.902950" lon="-122.248320"><ele>288.9</ele></trkpt><trkpt lat="37.903070" lon="-122.247980"><ele>290.3</ele></trkpt><trkpt lat="37.903220" lon="-122.247640"><ele>291.5</ele></trkpt><trkpt lat="37.903390" lon="-122.247350"><ele>292.9</ele></trkpt><trkpt lat="37.903460" lon="-122.247260"><ele>293.5</ele></trkpt><trkpt lat="37.903700" lon="-122.247060"><ele>295.2</ele></trkpt><trkpt lat="37.903780" lon="-122.246930"><ele>296.2</ele></trkpt><trkpt lat="37.903630" lon="-122.247050"><ele>297.9</ele></trkpt><trkpt lat="37.903320" lon="-122.247150"><ele>301.0</ele></trkpt><trkpt lat="37.903180" lon="-122.247240"><ele>302.4</ele></trkpt><trkpt lat="37.903080" lon="-122.247340"><ele>303.6</ele></trkpt><trkpt lat="37.902920" lon="-122.247500"><ele>305.4</ele></trkpt><trkpt lat="37.902710" lon="-122.247650"><ele>308.3</ele></trkpt><trkpt lat="37.902650" lon="-122.247750"><ele>309.5</ele></trkpt><trkpt lat="37.902580" lon="-122.247800"><ele>310.4</ele></trkpt><trkpt lat="37.902460" lon="-122.247730"><ele>312.1</ele></trkpt><trkpt lat="37.902450" lon="-122.247630"><ele>313.0</ele></trkpt><trkpt lat="37.902480" lon="-122.247530"><ele>314.0</ele></trkpt><trkpt lat="37.902620" lon="-122.247350"><ele>316.4</ele></trkpt><trkpt lat="37.902750" lon="-122.247140"><ele>319.0</ele></trkpt><trkpt lat="37.902810" lon="-122.247020"><ele>321.3</ele></trkpt><trkpt lat="37.902850" lon="-122.246910"><ele>323.4</ele></trkpt><trkpt lat="37.902870" lon="-122.246790"><ele>325.4</ele></trkpt><trkpt lat="37.902840" lon="-122.246680"><ele>327.3</ele></trkpt><trkpt lat="37.902769" lon="-122.246570"><ele>329.7</ele></trkpt><trkpt lat="37.902670" lon="-122.246540"><ele>331.3</ele></trkpt><trkpt lat="37.902570" lon="-122.246570"><ele>332.8</ele></trkpt><trkpt lat="37.902510" lon="-122.246610"><ele>333.8</ele></trkpt><trkpt lat="37.901570" lon="-122.247730"><ele>353.8</ele></trkpt><trkpt lat="37.901510" lon="-122.247770"><ele>354.9</ele></trkpt><trkpt lat="37.901440" lon="-122.247790"><ele>356.0</ele></trkpt><trkpt lat="37.901390" lon="-122.247770"><ele>356.9</ele></trkpt><trkpt lat="37.901359" lon="-122.247700"><ele>358.0</ele></trkpt><trkpt lat="37.901359" lon="-122.247620"><ele>359.1</ele></trkpt><trkpt lat="37.901390" lon="-122.247420"><ele>361.8</ele></trkpt><trkpt lat="37.901640" lon="-122.246810"><ele>367.6</ele></trkpt><trkpt lat="37.901910" lon="-122.245920"><ele>377.1</ele></trkpt><trkpt lat="37.902040" lon="-122.245380"><ele>383.7</ele></trkpt><trkpt lat="37.902209" lon="-122.244840"><ele>390.5</ele></trkpt><trkpt lat="37.902170" lon="-122.244960"><ele>392.0</ele></trkpt><trkpt lat="37.902170" lon="-122.244950"><ele>392.1</ele></trkpt><trkpt lat="37.902170" lon="-122.244960"><ele>392.2</ele></trkpt><trkpt lat="37.902299" lon="-122.244610"><ele>395.4</ele></trkpt><trkpt lat="37.902310" lon="-122.244470"><ele>396.6</ele></trkpt><trkpt lat="37.902290" lon="-122.244300"><ele>397.9</ele></trkpt><trkpt lat="37.902260" lon="-122.244180"><ele>398.2</ele></trkpt><trkpt lat="37.902060" lon="-122.243740"><ele>399.8</ele></trkpt><trkpt lat="37.901910" lon="-122.243510"><ele>400.4</ele></trkpt><trkpt lat="37.901120" lon="-122.242490"><ele>400.4</ele></trkpt><trkpt lat="37.900920" lon="-122.242250"><ele>399.9</ele></trkpt><trkpt lat="37.900799" lon="-122.242160"><ele>400.1</ele></trkpt><trkpt lat="37.900610" lon="-122.242080"><ele>400.5</ele></trkpt><trkpt lat="37.899910" lon="-122.241860"><ele>403.2</ele></trkpt><trkpt lat="37.899750" lon="-122.241760"><ele>404.5</ele></trkpt><trkpt lat="37.899060" lon="-122.241020"><ele>412.5</ele></trkpt><trkpt lat="37.898390" lon="-122.240260"><ele>420.5</ele></trkpt><trkpt lat="37.898130" lon="-122.239930"><ele>423.4</ele></trkpt><trkpt lat="37.897979" lon="-122.239460"><ele>426.9</ele></trkpt><trkpt lat="37.897810" lon="-122.238820"><ele>430.2</ele></trkpt><trkpt lat="37.897680" lon="-122.238610"><ele>431.5</ele></trkpt><trkpt lat="37.896980" lon="-122.237800"><ele>436.4</ele></trkpt><trkpt lat="37.896820" lon="-122.237640"><ele>437.5</ele></trkpt><trkpt lat="37.896440" lon="-122.237370"><ele>440.6</ele></trkpt><trkpt lat="37.896220" lon="-122.237260"><ele>442.8</ele></trkpt><trkpt lat="37.895660" lon="-122.236910"><ele>449.3</ele></trkpt><trkpt lat="37.895520" lon="-122.236810"><ele>451.2</ele></trkpt><trkpt lat="37.895440" lon="-122.236720"><ele>452.5</ele></trkpt><trkpt lat="37.895380" lon="-122.236590"><ele>454.0</ele></trkpt><trkpt lat="37.895370" lon="-122.236500"><ele>454.9</ele></trkpt><trkpt lat="37.895390" lon="-122.236400"><ele>455.9</ele></trkpt><trkpt lat="37.895440" lon="-122.236300"><ele>457.2</ele></trkpt><trkpt lat="37.895470" lon="-122.236190"><ele>458.7</ele></trkpt><trkpt lat="37.895420" lon="-122.236060"><ele>460.5</ele></trkpt><trkpt lat="37.895359" lon="-122.236040"><ele>461.5</ele></trkpt><trkpt lat="37.895200" lon="-122.236080"><ele>464.1</ele></trkpt><trkpt lat="37.895050" lon="-122.236000"><ele>467.2</ele></trkpt><trkpt lat="37.894960" lon="-122.235900"><ele>469.6</ele></trkpt><trkpt lat="37.894910" lon="-122.235820"><ele>471.3</ele></trkpt><trkpt lat="37.894840" lon="-122.235610"><ele>475.0</ele></trkpt><trkpt lat="37.894720" lon="-122.234980"><ele>483.1</ele></trkpt><trkpt lat="37.894670" lon="-122.234830"><ele>484.8</ele></trkpt><trkpt lat="37.894610" lon="-122.234730"><ele>485.8</ele></trkpt><trkpt lat="37.894100" lon="-122.234230"><ele>491.4</ele></trkpt><trkpt lat="37.893810" lon="-122.233680"><ele>493.2</ele></trkpt><trkpt lat="37.893730" lon="-122.233410"><ele>493.2</ele></trkpt><trkpt lat="37.893690" lon="-122.233310"><ele>493.1</ele></trkpt><trkpt lat="37.893610" lon="-122.233220"><ele>492.6</ele></trkpt><trkpt lat="37.893500" lon="-122.233170"><ele>492.1</ele></trkpt><trkpt lat="37.893360" lon="-122.233170"><ele>491.5</ele></trkpt><trkpt lat="37.893220" lon="-122.233210"><ele>490.8</ele></trkpt><trkpt lat="37.893110" lon="-122.233210"><ele>490.5</ele></trkpt><trkpt lat="37.893020" lon="-122.233160"><ele>490.2</ele></trkpt><trkpt lat="37.892960" lon="-122.233060"><ele>489.9</ele></trkpt><trkpt lat="37.892900" lon="-122.232860"><ele>489.4</ele></trkpt><trkpt lat="37.892900" lon="-122.232480"><ele>488.6</ele></trkpt><trkpt lat="37.892890" lon="-122.232330"><ele>488.2</ele></trkpt><trkpt lat="37.892829" lon="-122.232140"><ele>487.8</ele></trkpt><trkpt lat="37.892620" lon="-122.231650"><ele>485.9</ele></trkpt><trkpt lat="37.892550" lon="-122.231370"><ele>484.9</ele></trkpt><trkpt lat="37.892520" lon="-122.231220"><ele>484.3</ele></trkpt><trkpt lat="37.892530" lon="-122.231040"><ele>483.7</ele></trkpt><trkpt lat="37.892560" lon="-122.230790"><ele>482.7</ele></trkpt><trkpt lat="37.892560" lon="-122.230630"><ele>482.0</ele></trkpt><trkpt lat="37.892539" lon="-122.230540"><ele>481.6</ele></trkpt><trkpt lat="37.892490" lon="-122.230390"><ele>480.9</ele></trkpt><trkpt lat="37.892330" lon="-122.230130"><ele>479.1</ele></trkpt><trkpt lat="37.892290" lon="-122.230040"><ele>478.2</ele></trkpt><trkpt lat="37.892200" lon="-122.229600"><ele>474.3</ele></trkpt><trkpt lat="37.892150" lon="-122.229470"><ele>473.0</ele></trkpt><trkpt lat="37.891970" lon="-122.229230"><ele>470.1</ele></trkpt><trkpt lat="37.891950" lon="-122.229130"><ele>469.2</ele></trkpt><trkpt lat="37.891960" lon="-122.229060"><ele>468.6</ele></trkpt><trkpt lat="37.892060" lon="-122.228770"><ele>466.3</ele></trkpt><trkpt lat="37.892080" lon="-122.228680"><ele>465.7</ele></trkpt><trkpt lat="37.892069" lon="-122.228590"><ele>465.1</ele></trkpt><trkpt lat="37.891930" lon="-122.228260"><ele>462.8</ele></trkpt><trkpt lat="37.891889" lon="-122.228140"><ele>462.3</ele></trkpt><trkpt lat="37.891840" lon="-122.227800"><ele>460.9</ele></trkpt><trkpt lat="37.891800" lon="-122.227660"><ele>460.5</ele></trkpt><trkpt lat="37.891750" lon="-122.227540"><ele>460.5</ele></trkpt><trkpt lat="37.891630" lon="-122.227390"><ele>460.4</ele></trkpt><trkpt lat="37.891530" lon="-122.227330"><ele>460.3</ele></trkpt><trkpt lat="37.891280" lon="-122.227210"><ele>460.8</ele></trkpt><trkpt lat="37.891050" lon="-122.227140"><ele>461.6</ele></trkpt><trkpt lat="37.890949" lon="-122.227080"><ele>461.9</ele></trkpt><trkpt lat="37.890860" lon="-122.226950"><ele>462.8</ele></trkpt><trkpt lat="37.890690" lon="-122.226650"><ele>465.1</ele></trkpt><trkpt lat="37.890590" lon="-122.226510"><ele>466.3</ele></trkpt><trkpt lat="37.890470" lon="-122.226410"><ele>467.9</ele></trkpt><trkpt lat="37.890009" lon="-122.226220"><ele>472.9</ele></trkpt><trkpt lat="37.889620" lon="-122.225960"><ele>476.8</ele></trkpt><trkpt lat="37.889449" lon="-122.225720"><ele>479.2</ele></trkpt><trkpt lat="37.889310" lon="-122.225380"><ele>482.2</ele></trkpt><trkpt lat="37.889249" lon="-122.224860"><ele>485.5</ele></trkpt><trkpt lat="37.888970" lon="-122.224500"><ele>489.0</ele></trkpt><trkpt lat="37.888700" lon="-122.224300"><ele>492.0</ele></trkpt><trkpt lat="37.888599" lon="-122.224290"><ele>492.9</ele></trkpt><trkpt lat="37.888500" lon="-122.224330"><ele>493.8</ele></trkpt><trkpt lat="37.888030" lon="-122.224780"><ele>499.7</ele></trkpt><trkpt lat="37.887930" lon="-122.224820"><ele>500.8</ele></trkpt><trkpt lat="37.887730" lon="-122.224800"><ele>503.0</ele></trkpt><trkpt lat="37.887350" lon="-122.224500"><ele>508.1</ele></trkpt><trkpt lat="37.886880" lon="-122.224210"><ele>514.1</ele></trkpt><trkpt lat="37.886510" lon="-122.223980"><ele>518.2</ele></trkpt><trkpt lat="37.886290" lon="-122.223910"><ele>520.4</ele></trkpt><trkpt lat="37.886050" lon="-122.223910"><ele>522.8</ele></trkpt><trkpt lat="37.885760" lon="-122.223990"><ele>525.9</ele></trkpt><trkpt lat="37.885480" lon="-122.224150"><ele>529.4</ele></trkpt><trkpt lat="37.885350" lon="-122.224150"><ele>530.9</ele></trkpt><trkpt lat="37.885210" lon="-122.224090"><ele>532.5</ele></trkpt><trkpt lat="37.885110" lon="-122.223980"><ele>534.0</ele></trkpt><trkpt lat="37.884760" lon="-122.223010"><ele>543.8</ele></trkpt><trkpt lat="37.884600" lon="-122.222430"><ele>549.0</ele></trkpt><trkpt lat="37.884490" lon="-122.222170"><ele>551.2</ele></trkpt><trkpt lat="37.883980" lon="-122.221220"><ele>556.5</ele></trkpt><trkpt lat="37.883850" lon="-122.221080"><ele>556.6</ele></trkpt><trkpt lat="37.883670" lon="-122.220980"><ele>556.6</ele></trkpt><trkpt lat="37.883240" lon="-122.220980"><ele>555.6</ele></trkpt><trkpt lat="37.882930" lon="-122.221020"><ele>554.4</ele></trkpt><trkpt lat="37.882399" lon="-122.221290"><ele>549.5</ele></trkpt><trkpt lat="37.882250" lon="-122.221340"><ele>547.8</ele></trkpt><trkpt lat="37.882240" lon="-122.221340"><ele>547.7</ele></trkpt><trkpt lat="37.882070" lon="-122.221410"><ele>545.7</ele></trkpt><trkpt lat="37.881910" lon="-122.221370"><ele>543.8</ele></trkpt><trkpt lat="37.881430" lon="-122.220960"><ele>536.1</ele></trkpt><trkpt lat="37.881200" lon="-122.220820"><ele>533.7</ele></trkpt><trkpt lat="37.880850" lon="-122.220710"><ele>530.6</ele></trkpt><trkpt lat="37.880719" lon="-122.220710"><ele>529.8</ele></trkpt><trkpt lat="37.880660" lon="-122.220750"><ele>529.4</ele></trkpt><trkpt lat="37.880640" lon="-122.220840"><ele>529.0</ele></trkpt><trkpt lat="37.880640" lon="-122.220910"><ele>528.6</ele></trkpt><trkpt lat="37.880710" lon="-122.221010"><ele>527.9</ele></trkpt><trkpt lat="37.881100" lon="-122.221090"><ele>525.9</ele></trkpt><trkpt lat="37.881240" lon="-122.221170"><ele>525.2</ele></trkpt><trkpt lat="37.881330" lon="-122.221270"><ele>524.7</ele></trkpt><trkpt lat="37.881580" lon="-122.221620"><ele>523.2</ele></trkpt><trkpt lat="37.881810" lon="-122.221820"><ele>522.0</ele></trkpt><trkpt lat="37.881990" lon="-122.221950"><ele>521.1</ele></trkpt><trkpt lat="37.882060" lon="-122.222040"><ele>520.6</ele></trkpt><trkpt lat="37.882060" lon="-122.222130"><ele>520.0</ele></trkpt><trkpt lat="37.881960" lon="-122.222290"><ele>518.7</ele></trkpt><trkpt lat="37.881880" lon="-122.222310"><ele>518.0</ele></trkpt><trkpt lat="37.881160" lon="-122.222100"><ele>511.4</ele></trkpt><trkpt lat="37.880960" lon="-122.222000"><ele>509.7</ele></trkpt><trkpt lat="37.880760" lon="-122.221960"><ele>508.2</ele></trkpt><trkpt lat="37.880620" lon="-122.221950"><ele>507.1</ele></trkpt><trkpt lat="37.880190" lon="-122.221850"><ele>504.5</ele></trkpt><trkpt lat="37.879959" lon="-122.221720"><ele>503.3</ele></trkpt><trkpt lat="37.879880" lon="-122.221650"><ele>502.8</ele></trkpt><trkpt lat="37.879830" lon="-122.221560"><ele>502.4</ele></trkpt><trkpt lat="37.879570" lon="-122.221790"><ele>501.0</ele></trkpt><trkpt lat="37.879420" lon="-122.221640"><ele>500.1</ele></trkpt><trkpt lat="37.879210" lon="-122.221540"><ele>499.1</ele></trkpt><trkpt lat="37.878650" lon="-122.221410"><ele>496.9</ele></trkpt><trkpt lat="37.878480" lon="-122.221340"><ele>496.2</ele></trkpt><trkpt lat="37.878350" lon="-122.221220"><ele>495.5</ele></trkpt><trkpt lat="37.878080" lon="-122.220860"><ele>494.1</ele></trkpt><trkpt lat="37.877809" lon="-122.220530"><ele>492.8</ele></trkpt><trkpt lat="37.877650" lon="-122.220460"><ele>492.0</ele></trkpt><trkpt lat="37.877080" lon="-122.220430"><ele>489.8</ele></trkpt><trkpt lat="37.876680" lon="-122.220230"><ele>488.7</ele></trkpt><trkpt lat="37.876540" lon="-122.220240"><ele>488.4</ele></trkpt><trkpt lat="37.876420" lon="-122.220290"><ele>488.1</ele></trkpt><trkpt lat="37.876320" lon="-122.220370"><ele>487.8</ele></trkpt><trkpt lat="37.876210" lon="-122.220510"><ele>487.3</ele></trkpt><trkpt lat="37.875790" lon="-122.221180"><ele>484.2</ele></trkpt><trkpt lat="37.875540" lon="-122.221560"><ele>482.1</ele></trkpt><trkpt lat="37.875420" lon="-122.221710"><ele>481.2</ele></trkpt><trkpt lat="37.875290" lon="-122.221790"><ele>480.5</ele></trkpt><trkpt lat="37.875050" lon="-122.221820"><ele>479.2</ele></trkpt><trkpt lat="37.874660" lon="-122.221650"><ele>476.6</ele></trkpt><trkpt lat="37.874400" lon="-122.221600"><ele>474.9</ele></trkpt><trkpt lat="37.874310" lon="-122.221550"><ele>474.2</ele></trkpt><trkpt lat="37.874230" lon="-122.221440"><ele>473.4</ele></trkpt><trkpt lat="37.874010" lon="-122.221040"><ele>471.0</ele></trkpt><trkpt lat="37.873920" lon="-122.220920"><ele>470.2</ele></trkpt><trkpt lat="37.873830" lon="-122.220850"><ele>469.5</ele></trkpt><trkpt lat="37.873620" lon="-122.220770"><ele>468.0</ele></trkpt><trkpt lat="37.873410" lon="-122.220750"><ele>466.6</ele></trkpt><trkpt lat="37.872860" lon="-122.220730"><ele>462.9</ele></trkpt><trkpt lat="37.872670" lon="-122.220690"><ele>461.7</ele></trkpt><trkpt lat="37.872520" lon="-122.220630"><ele>460.8</ele></trkpt><trkpt lat="37.872400" lon="-122.220530"><ele>460.0</ele></trkpt><trkpt lat="37.872320" lon="-122.220410"><ele>459.3</ele></trkpt><trkpt lat="37.872280" lon="-122.220290"><ele>458.7</ele></trkpt><trkpt lat="37.872280" lon="-122.220190"><ele>458.3</ele></trkpt><trkpt lat="37.872390" lon="-122.219600"><ele>455.5</ele></trkpt><trkpt lat="37.872400" lon="-122.219480"><ele>454.8</ele></trkpt><trkpt lat="37.872380" lon="-122.219370"><ele>454.2</ele></trkpt><trkpt lat="37.872330" lon="-122.219280"><ele>453.6</ele></trkpt><trkpt lat="37.871630" lon="-122.218610"><ele>448.8</ele></trkpt><trkpt lat="37.871560" lon="-122.218570"><ele>448.3</ele></trkpt><trkpt lat="37.871470" lon="-122.218570"><ele>447.7</ele></trkpt><trkpt lat="37.871370" lon="-122.218610"><ele>447.1</ele></trkpt><trkpt lat="37.870990" lon="-122.218840"><ele>443.9</ele></trkpt><trkpt lat="37.870900" lon="-122.218870"><ele>443.2</ele></trkpt><trkpt lat="37.870780" lon="-122.218860"><ele>442.3</ele></trkpt><trkpt lat="37.870690" lon="-122.218830"><ele>441.6</ele></trkpt><trkpt lat="37.870410" lon="-122.218560"><ele>439.2</ele></trkpt><trkpt lat="37.870019" lon="-122.218120"><ele>435.5</ele></trkpt><trkpt lat="37.869710" lon="-122.217720"><ele>431.3</ele></trkpt><trkpt lat="37.869270" lon="-122.217230"><ele>425.3</ele></trkpt><trkpt lat="37.869140" lon="-122.217150"><ele>423.9</ele></trkpt><trkpt lat="37.868810" lon="-122.216970"><ele>420.5</ele></trkpt><trkpt lat="37.868609" lon="-122.216840"><ele>418.3</ele></trkpt><trkpt lat="37.868510" lon="-122.216700"><ele>417.0</ele></trkpt><trkpt lat="37.868350" lon="-122.216340"><ele>414.1</ele></trkpt><trkpt lat="37.868280" lon="-122.216210"><ele>413.0</ele></trkpt><trkpt lat="37.868190" lon="-122.216140"><ele>412.1</ele></trkpt><trkpt lat="37.868090" lon="-122.216130"><ele>411.3</ele></trkpt><trkpt lat="37.868010" lon="-122.216140"><ele>410.6</ele></trkpt><trkpt lat="37.867910" lon="-122.216210"><ele>409.6</ele></trkpt><trkpt lat="37.867860" lon="-122.216300"><ele>408.9</ele></trkpt><trkpt lat="37.867830" lon="-122.216400"><ele>408.3</ele></trkpt><trkpt lat="37.867840" lon="-122.216530"><ele>407.6</ele></trkpt><trkpt lat="37.867880" lon="-122.216660"><ele>406.8</ele></trkpt><trkpt lat="37.867970" lon="-122.216800"><ele>405.8</ele></trkpt><trkpt lat="37.868200" lon="-122.217050"><ele>403.8</ele></trkpt><trkpt lat="37.868280" lon="-122.217170"><ele>403.0</ele></trkpt><trkpt lat="37.868340" lon="-122.217290"><ele>402.2</ele></trkpt><trkpt lat="37.868390" lon="-122.217510"><ele>400.9</ele></trkpt><trkpt lat="37.868390" lon="-122.217610"><ele>400.2</ele></trkpt><trkpt lat="37.868350" lon="-122.217850"><ele>398.6</ele></trkpt><trkpt lat="37.868010" lon="-122.217860"><ele>395.4</ele></trkpt><trkpt lat="37.867900" lon="-122.217900"><ele>394.2</ele></trkpt><trkpt lat="37.867320" lon="-122.218270"><ele>386.6</ele></trkpt><trkpt lat="37.866980" lon="-122.218420"><ele>382.1</ele></trkpt><trkpt lat="37.866800" lon="-122.218470"><ele>379.9</ele></trkpt><trkpt lat="37.866540" lon="-122.218490"><ele>376.6</ele></trkpt><trkpt lat="37.866290" lon="-122.218450"><ele>373.2</ele></trkpt><trkpt lat="37.865920" lon="-122.218280"><ele>368.6</ele></trkpt><trkpt lat="37.865360" lon="-122.217980"><ele>362.5</ele></trkpt><trkpt lat="37.864920" lon="-122.217610"><ele>357.2</ele></trkpt><trkpt lat="37.864660" lon="-122.217460"><ele>354.4</ele></trkpt><trkpt lat="37.864260" lon="-122.217330"><ele>350.4</ele></trkpt><trkpt lat="37.864120" lon="-122.217270"><ele>349.0</ele></trkpt><trkpt lat="37.863990" lon="-122.217180"><ele>347.5</ele></trkpt><trkpt lat="37.863880" lon="-122.217060"><ele>346.0</ele></trkpt><trkpt lat="37.863729" lon="-122.216810"><ele>343.5</ele></trkpt><trkpt lat="37.863530" lon="-122.216220"><ele>337.6</ele></trkpt><trkpt lat="37.863280" lon="-122.215710"><ele>333.4</ele></trkpt><trkpt lat="37.862810" lon="-122.214950"><ele>325.5</ele></trkpt><trkpt lat="37.862370" lon="-122.214120"><ele>317.3</ele></trkpt><trkpt lat="37.862020" lon="-122.213640"><ele>312.6</ele></trkpt><trkpt lat="37.861860" lon="-122.213380"><ele>310.1</ele></trkpt><trkpt lat="37.861740" lon="-122.212730"><ele>304.0</ele></trkpt><trkpt lat="37.861690" lon="-122.212570"><ele>302.7</ele></trkpt><trkpt lat="37.861340" lon="-122.211680"><ele>294.9</ele></trkpt><trkpt lat="37.861310" lon="-122.211530"><ele>293.7</ele></trkpt><trkpt lat="37.861370" lon="-122.210760"><ele>287.2</ele></trkpt><trkpt lat="37.861360" lon="-122.210580"><ele>286.0</ele></trkpt><trkpt lat="37.861280" lon="-122.210140"><ele>283.0</ele></trkpt><trkpt lat="37.861090" lon="-122.209460"><ele>280.4</ele></trkpt><trkpt lat="37.861080" lon="-122.209380"><ele>280.4</ele></trkpt><trkpt lat="37.861109" lon="-122.209280"><ele>280.4</ele></trkpt><trkpt lat="37.860770" lon="-122.209230"><ele>280.5</ele></trkpt><trkpt lat="37.860380" lon="-122.209110"><ele>281.9</ele></trkpt><trkpt lat="37.859670" lon="-122.208740"><ele>286.1</ele></trkpt><trkpt lat="37.859139" lon="-122.208580"><ele>289.0</ele></trkpt><trkpt lat="37.858880" lon="-122.208520"><ele>290.7</ele></trkpt><trkpt lat="37.858460" lon="-122.208450"><ele>292.5</ele></trkpt><trkpt lat="37.858220" lon="-122.208370"><ele>293.4</ele></trkpt><trkpt lat="37.858060" lon="-122.208260"><ele>293.8</ele></trkpt><trkpt lat="37.857900" lon="-122.208050"><ele>294.1</ele></trkpt><trkpt lat="37.857760" lon="-122.207910"><ele>294.5</ele></trkpt><trkpt lat="37.857640" lon="-122.207820"><ele>294.8</ele></trkpt><trkpt lat="37.857320" lon="-122.207690"><ele>295.5</ele></trkpt><trkpt lat="37.857150" lon="-122.207580"><ele>296.5</ele></trkpt><trkpt lat="37.857000" lon="-122.207430"><ele>297.7</ele></trkpt><trkpt lat="37.856510" lon="-122.206860"><ele>301.5</ele></trkpt><trkpt lat="37.855650" lon="-122.205590"><ele>313.4</ele></trkpt><trkpt lat="37.855200" lon="-122.204800"><ele>322.3</ele></trkpt><trkpt lat="37.855100" lon="-122.204570"><ele>324.5</ele></trkpt><trkpt lat="37.855030" lon="-122.204360"><ele>326.5</ele></trkpt><trkpt lat="37.854909" lon="-122.203880"><ele>331.0</ele></trkpt><trkpt lat="37.854880" lon="-122.203740"><ele>332.2</ele></trkpt><trkpt lat="37.854880" lon="-122.203400"><ele>335.2</ele></trkpt><trkpt lat="37.854920" lon="-122.203240"><ele>336.8</ele></trkpt><trkpt lat="37.854999" lon="-122.203110"><ele>338.7</ele></trkpt><trkpt lat="37.855110" lon="-122.203020"><ele>340.6</ele></trkpt><trkpt lat="37.855310" lon="-122.202930"><ele>343.6</ele></trkpt><trkpt lat="37.855480" lon="-122.202880"><ele>345.9</ele></trkpt><trkpt lat="37.855780" lon="-122.202860"><ele>349.8</ele></trkpt><trkpt lat="37.856770" lon="-122.202820"><ele>363.9</ele></trkpt><trkpt lat="37.856990" lon="-122.202730"><ele>367.3</ele></trkpt><trkpt lat="37.857180" lon="-122.202620"><ele>370.3</ele></trkpt><trkpt lat="37.857529" lon="-122.202330"><ele>375.9</ele></trkpt><trkpt lat="37.857520" lon="-122.202330"><ele>376.0</ele></trkpt><trkpt lat="37.857750" lon="-122.202080"><ele>379.4</ele></trkpt><trkpt lat="37.857840" lon="-122.201930"><ele>381.3</ele></trkpt><trkpt lat="37.857870" lon="-122.201830"><ele>382.4</ele></trkpt><trkpt lat="37.857880" lon="-122.201570"><ele>385.2</ele></trkpt><trkpt lat="37.857909" lon="-122.201510"><ele>386.0</ele></trkpt><trkpt lat="37.858010" lon="-122.201470"><ele>387.4</ele></trkpt><trkpt lat="37.858060" lon="-122.201500"><ele>388.0</ele></trkpt><trkpt lat="37.858100" lon="-122.201560"><ele>388.5</ele></trkpt><trkpt lat="37.858150" lon="-122.201880"><ele>390.7</ele></trkpt><trkpt lat="37.858180" lon="-122.201930"><ele>391.1</ele></trkpt><trkpt lat="37.858230" lon="-122.201950"><ele>391.5</ele></trkpt><trkpt lat="37.858280" lon="-122.201920"><ele>392.0</ele></trkpt><trkpt lat="37.858320" lon="-122.201860"><ele>392.5</ele></trkpt><trkpt lat="37.858330" lon="-122.201510"><ele>395.2</ele></trkpt><trkpt lat="37.858360" lon="-122.201450"><ele>395.7</ele></trkpt><trkpt lat="37.858410" lon="-122.201420"><ele>396.3</ele></trkpt><trkpt lat="37.858469" lon="-122.201440"><ele>396.8</ele></trkpt><trkpt lat="37.858500" lon="-122.201540"><ele>397.7</ele></trkpt><trkpt lat="37.858490" lon="-122.202020"><ele>401.1</ele></trkpt><trkpt lat="37.858410" lon="-122.202450"><ele>404.2</ele></trkpt><trkpt lat="37.858330" lon="-122.202670"><ele>405.8</ele></trkpt><trkpt lat="37.858300" lon="-122.202970"><ele>407.3</ele></trkpt><trkpt lat="37.858310" lon="-122.203170"><ele>407.9</ele></trkpt><trkpt lat="37.858379" lon="-122.203340"><ele>408.5</ele></trkpt><trkpt lat="37.858450" lon="-122.203390"><ele>408.8</ele></trkpt><trkpt lat="37.858720" lon="-122.203460"><ele>410.3</ele></trkpt><trkpt lat="37.858840" lon="-122.203460"><ele>411.0</ele></trkpt><trkpt lat="37.858990" lon="-122.203400"><ele>411.9</ele></trkpt><trkpt lat="37.859310" lon="-122.203220"><ele>414.4</ele></trkpt><trkpt lat="37.859340" lon="-122.203170"><ele>414.8</ele></trkpt><trkpt lat="37.859350" lon="-122.203100"><ele>415.2</ele></trkpt><trkpt lat="37.859300" lon="-122.202930"><ele>416.3</ele></trkpt><trkpt lat="37.859090" lon="-122.202600"><ele>419.4</ele></trkpt><trkpt lat="37.859030" lon="-122.202330"><ele>421.5</ele></trkpt><trkpt lat="37.859010" lon="-122.202000"><ele>424.1</ele></trkpt><trkpt lat="37.859040" lon="-122.201680"><ele>426.6</ele></trkpt><trkpt lat="37.859120" lon="-122.201320"><ele>431.1</ele></trkpt><trkpt lat="37.859139" lon="-122.201200"><ele>432.6</ele></trkpt><trkpt lat="37.859139" lon="-122.200940"><ele>435.5</ele></trkpt><trkpt lat="37.859120" lon="-122.200670"><ele>437.9</ele></trkpt><trkpt lat="37.859090" lon="-122.200530"><ele>439.2</ele></trkpt><trkpt lat="37.858849" lon="-122.199810"><ele>444.2</ele></trkpt><trkpt lat="37.858400" lon="-122.199810"><ele>446.7</ele></trkpt><trkpt lat="37.858320" lon="-122.199790"><ele>447.1</ele></trkpt><trkpt lat="37.858230" lon="-122.199750"><ele>447.5</ele></trkpt><trkpt lat="37.858090" lon="-122.199650"><ele>448.1</ele></trkpt><trkpt lat="37.858030" lon="-122.199570"><ele>448.4</ele></trkpt><trkpt lat="37.857940" lon="-122.199400"><ele>448.9</ele></trkpt><trkpt lat="37.857850" lon="-122.199170"><ele>449.3</ele></trkpt><trkpt lat="37.857830" lon="-122.199030"><ele>449.4</ele></trkpt><trkpt lat="37.857840" lon="-122.198550"><ele>449.6</ele></trkpt><trkpt lat="37.857830" lon="-122.198400"><ele>449.9</ele></trkpt><trkpt lat="37.857800" lon="-122.198310"><ele>450.0</ele></trkpt><trkpt lat="37.857770" lon="-122.198280"><ele>450.0</ele></trkpt><trkpt lat="37.857690" lon="-122.198260"><ele>450.2</ele></trkpt><trkpt lat="37.857550" lon="-122.198170"><ele>450.5</ele></trkpt><trkpt lat="37.857470" lon="-122.198070"><ele>450.5</ele></trkpt><trkpt lat="37.857310" lon="-122.197810"><ele>450.7</ele></trkpt><trkpt lat="37.857150" lon="-122.197660"><ele>450.8</ele></trkpt><trkpt lat="37.857060" lon="-122.197530"><ele>450.8</ele></trkpt><trkpt lat="37.856960" lon="-122.197120"><ele>450.8</ele></trkpt><trkpt lat="37.856900" lon="-122.196970"><ele>450.7</ele></trkpt><trkpt lat="37.856800" lon="-122.196850"><ele>450.6</ele></trkpt><trkpt lat="37.856490" lon="-122.196650"><ele>450.2</ele></trkpt><trkpt lat="37.856250" lon="-122.196420"><ele>449.8</ele></trkpt><trkpt lat="37.856150" lon="-122.196280"><ele>449.7</ele></trkpt><trkpt lat="37.856070" lon="-122.196080"><ele>449.6</ele></trkpt><trkpt lat="37.856040" lon="-122.195850"><ele>449.7</ele></trkpt><trkpt lat="37.856029" lon="-122.195190"><ele>450.2</ele></trkpt><trkpt lat="37.855960" lon="-122.194920"><ele>450.4</ele></trkpt><trkpt lat="37.855550" lon="-122.194440"><ele>451.1</ele></trkpt><trkpt lat="37.855490" lon="-122.194230"><ele>451.8</ele></trkpt><trkpt lat="37.855350" lon="-122.194010"><ele>452.8</ele></trkpt><trkpt lat="37.855150" lon="-122.193810"><ele>453.9</ele></trkpt><trkpt lat="37.854760" lon="-122.193490"><ele>455.7</ele></trkpt><trkpt lat="37.854439" lon="-122.193180"><ele>457.1</ele></trkpt><trkpt lat="37.854330" lon="-122.193050"><ele>457.5</ele></trkpt><trkpt lat="37.853879" lon="-122.192380"><ele>457.7</ele></trkpt><trkpt lat="37.853630" lon="-122.192250"><ele>457.1</ele></trkpt><trkpt lat="37.853490" lon="-122.192230"><ele>456.6</ele></trkpt><trkpt lat="37.853360" lon="-122.192270"><ele>455.7</ele></trkpt><trkpt lat="37.853260" lon="-122.192350"><ele>454.9</ele></trkpt><trkpt lat="37.852980" lon="-122.192680"><ele>452.6</ele></trkpt><trkpt lat="37.852820" lon="-122.192930"><ele>451.5</ele></trkpt><trkpt lat="37.852670" lon="-122.193240"><ele>450.4</ele></trkpt><trkpt lat="37.852510" lon="-122.193670"><ele>449.3</ele></trkpt><trkpt lat="37.852230" lon="-122.194560"><ele>448.9</ele></trkpt><trkpt lat="37.851970" lon="-122.195210"><ele>449.5</ele></trkpt><trkpt lat="37.851740" lon="-122.195360"><ele>449.8</ele></trkpt><trkpt lat="37.851250" lon="-122.195500"><ele>450.4</ele></trkpt><trkpt lat="37.850879" lon="-122.195550"><ele>450.5</ele></trkpt><trkpt lat="37.850760" lon="-122.195630"><ele>450.5</ele></trkpt><trkpt lat="37.850700" lon="-122.195700"><ele>450.5</ele></trkpt><trkpt lat="37.850650" lon="-122.195780"><ele>450.4</ele></trkpt><trkpt lat="37.850540" lon="-122.195880"><ele>450.1</ele></trkpt><trkpt lat="37.850409" lon="-122.195940"><ele>449.8</ele></trkpt><trkpt lat="37.850210" lon="-122.195980"><ele>449.4</ele></trkpt><trkpt lat="37.849850" lon="-122.195990"><ele>448.5</ele></trkpt><trkpt lat="37.849640" lon="-122.195950"><ele>448.1</ele></trkpt><trkpt lat="37.849550" lon="-122.195910"><ele>447.8</ele></trkpt><trkpt lat="37.849440" lon="-122.195820"><ele>447.4</ele></trkpt><trkpt lat="37.849260" lon="-122.195900"><ele>446.9</ele></trkpt><trkpt lat="37.848940" lon="-122.196150"><ele>445.3</ele></trkpt><trkpt lat="37.848909" lon="-122.196220"><ele>445.0</ele></trkpt><trkpt lat="37.848790" lon="-122.196360"><ele>444.1</ele></trkpt><trkpt lat="37.848610" lon="-122.196500"><ele>442.7</ele></trkpt><trkpt lat="37.848500" lon="-122.196650"><ele>441.4</ele></trkpt><trkpt lat="37.848439" lon="-122.196760"><ele>440.6</ele></trkpt><trkpt lat="37.848430" lon="-122.196880"><ele>439.8</ele></trkpt><trkpt lat="37.848450" lon="-122.197170"><ele>437.7</ele></trkpt><trkpt lat="37.848400" lon="-122.197330"><ele>436.5</ele></trkpt><trkpt lat="37.848330" lon="-122.197510"><ele>435.1</ele></trkpt><trkpt lat="37.848170" lon="-122.197750"><ele>432.8</ele></trkpt><trkpt lat="37.848000" lon="-122.198310"><ele>428.5</ele></trkpt><trkpt lat="37.847930" lon="-122.198430"><ele>427.5</ele></trkpt><trkpt lat="37.847830" lon="-122.198500"><ele>426.5</ele></trkpt><trkpt lat="37.847570" lon="-122.198690"><ele>423.7</ele></trkpt><trkpt lat="37.847370" lon="-122.198690"><ele>421.8</ele></trkpt><trkpt lat="37.847240" lon="-122.198510"><ele>419.9</ele></trkpt><trkpt lat="37.846850" lon="-122.198210"><ele>416.8</ele></trkpt><trkpt lat="37.846530" lon="-122.197770"><ele>413.8</ele></trkpt><trkpt lat="37.846200" lon="-122.197440"><ele>411.5</ele></trkpt><trkpt lat="37.845810" lon="-122.196850"><ele>408.6</ele></trkpt><trkpt lat="37.845590" lon="-122.196710"><ele>407.5</ele></trkpt><trkpt lat="37.845330" lon="-122.196600"><ele>406.4</ele></trkpt><trkpt lat="37.844850" lon="-122.196560"><ele>404.5</ele></trkpt><trkpt lat="37.844589" lon="-122.196600"><ele>403.5</ele></trkpt><trkpt lat="37.844150" lon="-122.196630"><ele>402.6</ele></trkpt><trkpt lat="37.844060" lon="-122.196600"><ele>402.4</ele></trkpt><trkpt lat="37.843980" lon="-122.196530"><ele>402.1</ele></trkpt><trkpt lat="37.843890" lon="-122.196420"><ele>401.3</ele></trkpt><trkpt lat="37.843700" lon="-122.196080"><ele>399.3</ele></trkpt><trkpt lat="37.843620" lon="-122.195860"><ele>398.0</ele></trkpt><trkpt lat="37.843510" lon="-122.195630"><ele>396.6</ele></trkpt><trkpt lat="37.843359" lon="-122.195420"><ele>395.2</ele></trkpt><trkpt lat="37.843210" lon="-122.195290"><ele>394.3</ele></trkpt><trkpt lat="37.842980" lon="-122.195230"><ele>393.1</ele></trkpt><trkpt lat="37.842870" lon="-122.195230"><ele>392.5</ele></trkpt><trkpt lat="37.842790" lon="-122.195280"><ele>392.0</ele></trkpt><trkpt lat="37.842740" lon="-122.195360"><ele>391.5</ele></trkpt><trkpt lat="37.842720" lon="-122.195520"><ele>390.8</ele></trkpt><trkpt lat="37.842750" lon="-122.196040"><ele>388.0</ele></trkpt><trkpt lat="37.842630" lon="-122.197190"><ele>384.6</ele></trkpt><trkpt lat="37.842640" lon="-122.197660"><ele>384.2</ele></trkpt><trkpt lat="37.842630" lon="-122.197760"><ele>384.1</ele></trkpt><trkpt lat="37.842590" lon="-122.197860"><ele>384.0</ele></trkpt><trkpt lat="37.842550" lon="-122.197920"><ele>383.8</ele></trkpt><trkpt lat="37.842490" lon="-122.197950"><ele>383.7</ele></trkpt><trkpt lat="37.842380" lon="-122.197960"><ele>383.4</ele></trkpt><trkpt lat="37.841930" lon="-122.197940"><ele>382.6</ele></trkpt><trkpt lat="37.841790" lon="-122.197970"><ele>382.5</ele></trkpt><trkpt lat="37.841679" lon="-122.198050"><ele>382.3</ele></trkpt><trkpt lat="37.841600" lon="-122.198160"><ele>382.2</ele></trkpt><trkpt lat="37.841440" lon="-122.198520"><ele>382.4</ele></trkpt><trkpt lat="37.841380" lon="-122.198580"><ele>382.5</ele></trkpt><trkpt lat="37.841270" lon="-122.198600"><ele>382.5</ele></trkpt><trkpt lat="37.841090" lon="-122.198520"><ele>382.5</ele></trkpt><trkpt lat="37.840919" lon="-122.198390"><ele>382.5</ele></trkpt><trkpt lat="37.840710" lon="-122.198110"><ele>382.7</ele></trkpt><trkpt lat="37.840649" lon="-122.198050"><ele>382.8</ele></trkpt><trkpt lat="37.840580" lon="-122.198010"><ele>382.9</ele></trkpt><trkpt lat="37.840440" lon="-122.197980"><ele>383.0</ele></trkpt><trkpt lat="37.840330" lon="-122.197900"><ele>383.2</ele></trkpt><trkpt lat="37.840250" lon="-122.197770"><ele>383.6</ele></trkpt><trkpt lat="37.840200" lon="-122.197640"><ele>383.9</ele></trkpt><trkpt lat="37.840190" lon="-122.197530"><ele>384.1</ele></trkpt><trkpt lat="37.840160" lon="-122.197270"><ele>384.7</ele></trkpt><trkpt lat="37.840110" lon="-122.197090"><ele>385.0</ele></trkpt><trkpt lat="37.839940" lon="-122.196650"><ele>385.9</ele></trkpt><trkpt lat="37.839880" lon="-122.196440"><ele>386.1</ele></trkpt><trkpt lat="37.839720" lon="-122.195790"><ele>386.5</ele></trkpt><trkpt lat="37.839640" lon="-122.195280"><ele>386.4</ele></trkpt><trkpt lat="37.839410" lon="-122.194510"><ele>385.3</ele></trkpt><trkpt lat="37.839320" lon="-122.193920"><ele>384.5</ele></trkpt><trkpt lat="37.839260" lon="-122.193830"><ele>384.3</ele></trkpt><trkpt lat="37.838930" lon="-122.193620"><ele>383.7</ele></trkpt><trkpt lat="37.838850" lon="-122.193550"><ele>383.6</ele></trkpt><trkpt lat="37.838790" lon="-122.193460"><ele>383.5</ele></trkpt><trkpt lat="37.838750" lon="-122.193360"><ele>383.4</ele></trkpt><trkpt lat="37.838790" lon="-122.192900"><ele>383.1</ele></trkpt><trkpt lat="37.838760" lon="-122.192760"><ele>383.0</ele></trkpt><trkpt lat="37.838710" lon="-122.192600"><ele>382.9</ele></trkpt><trkpt lat="37.838620" lon="-122.192430"><ele>382.8</ele></trkpt><trkpt lat="37.838220" lon="-122.191930"><ele>382.8</ele></trkpt><trkpt lat="37.838070" lon="-122.191700"><ele>382.8</ele></trkpt><trkpt lat="37.837919" lon="-122.191330"><ele>382.8</ele></trkpt><trkpt lat="37.837820" lon="-122.191210"><ele>382.8</ele></trkpt><trkpt lat="37.837700" lon="-122.191130"><ele>382.8</ele></trkpt><trkpt lat="37.837610" lon="-122.191060"><ele>382.8</ele></trkpt><trkpt lat="37.837570" lon="-122.190950"><ele>382.8</ele></trkpt><trkpt lat="37.837550" lon="-122.190840"><ele>382.8</ele></trkpt><trkpt lat="37.837550" lon="-122.190650"><ele>382.7</ele></trkpt><trkpt lat="37.837530" lon="-122.190500"><ele>382.6</ele></trkpt><trkpt lat="37.837359" lon="-122.190090"><ele>382.6</ele></trkpt><trkpt lat="37.837310" lon="-122.189890"><ele>382.7</ele></trkpt><trkpt lat="37.837269" lon="-122.189770"><ele>382.8</ele></trkpt><trkpt lat="37.837000" lon="-122.189450"><ele>382.8</ele></trkpt><trkpt lat="37.836960" lon="-122.189400"><ele>382.8</ele></trkpt><trkpt lat="37.836940" lon="-122.189330"><ele>382.8</ele></trkpt><trkpt lat="37.836930" lon="-122.189190"><ele>382.8</ele></trkpt><trkpt lat="37.836950" lon="-122.189000"><ele>382.9</ele></trkpt><trkpt lat="37.837110" lon="-122.188430"><ele>383.0</ele></trkpt><trkpt lat="37.837100" lon="-122.188260"><ele>382.7</ele></trkpt><trkpt lat="37.837060" lon="-122.188120"><ele>382.5</ele></trkpt><trkpt lat="37.836970" lon="-122.187940"><ele>382.1</ele></trkpt><trkpt lat="37.836950" lon="-122.187830"><ele>381.9</ele></trkpt><trkpt lat="37.836960" lon="-122.187700"><ele>381.7</ele></trkpt><trkpt lat="37.836990" lon="-122.187540"><ele>381.5</ele></trkpt><trkpt lat="37.836990" lon="-122.187420"><ele>381.3</ele></trkpt><trkpt lat="37.836979" lon="-122.187320"><ele>381.2</ele></trkpt><trkpt lat="37.836780" lon="-122.186900"><ele>380.1</ele></trkpt><trkpt lat="37.836590" lon="-122.186640"><ele>379.2</ele></trkpt><trkpt lat="37.836540" lon="-122.186460"><ele>378.9</ele></trkpt><trkpt lat="37.836540" lon="-122.186300"><ele>378.7</ele></trkpt><trkpt lat="37.836570" lon="-122.186150"><ele>378.5</ele></trkpt><trkpt lat="37.836580" lon="-122.185950"><ele>378.2</ele></trkpt><trkpt lat="37.836540" lon="-122.185810"><ele>377.8</ele></trkpt><trkpt lat="37.836470" lon="-122.185680"><ele>377.5</ele></trkpt><trkpt lat="37.836239" lon="-122.185460"><ele>376.7</ele></trkpt><trkpt lat="37.836110" lon="-122.185250"><ele>376.7</ele></trkpt><trkpt lat="37.835960" lon="-122.184880"><ele>376.7</ele></trkpt><trkpt lat="37.835910" lon="-122.184810"><ele>376.7</ele></trkpt><trkpt lat="37.835960" lon="-122.184880"><ele>376.6</ele></trkpt><trkpt lat="37.836110" lon="-122.185250"><ele>376.5</ele></trkpt><trkpt lat="37.836239" lon="-122.185460"><ele>376.7</ele></trkpt><trkpt lat="37.836470" lon="-122.185680"><ele>377.2</ele></trkpt><trkpt lat="37.836540" lon="-122.185810"><ele>377.4</ele></trkpt><trkpt lat="37.836580" lon="-122.185950"><ele>377.7</ele></trkpt><trkpt lat="37.836570" lon="-122.186150"><ele>378.1</ele></trkpt><trkpt lat="37.836540" lon="-122.186300"><ele>378.3</ele></trkpt><trkpt lat="37.836540" lon="-122.186460"><ele>378.7</ele></trkpt><trkpt lat="37.836590" lon="-122.186640"><ele>379.1</ele></trkpt><trkpt lat="37.836780" lon="-122.186900"><ele>379.8</ele></trkpt><trkpt lat="37.836979" lon="-122.187320"><ele>380.3</ele></trkpt><trkpt lat="37.836990" lon="-122.187420"><ele>380.3</ele></trkpt><trkpt lat="37.836990" lon="-122.187540"><ele>380.4</ele></trkpt><trkpt lat="37.836960" lon="-122.187700"><ele>380.4</ele></trkpt><trkpt lat="37.836950" lon="-122.187830"><ele>380.5</ele></trkpt><trkpt lat="37.836960" lon="-122.187890"><ele>380.5</ele></trkpt><trkpt lat="37.836960" lon="-122.187890"><ele>380.5</ele></trkpt><trkpt lat="37.836950" lon="-122.187830"><ele>380.5</ele></trkpt><trkpt lat="37.836960" lon="-122.187700"><ele>380.6</ele></trkpt><trkpt lat="37.836990" lon="-122.187540"><ele>380.7</ele></trkpt><trkpt lat="37.836990" lon="-122.187420"><ele>380.6</ele></trkpt><trkpt lat="37.836979" lon="-122.187320"><ele>380.5</ele></trkpt><trkpt lat="37.836780" lon="-122.186900"><ele>380.1</ele></trkpt><trkpt lat="37.836590" lon="-122.186640"><ele>379.4</ele></trkpt><trkpt lat="37.836540" lon="-122.186460"><ele>378.9</ele></trkpt><trkpt lat="37.836540" lon="-122.186300"><ele>378.6</ele></trkpt><trkpt lat="37.836570" lon="-122.186150"><ele>378.2</ele></trkpt><trkpt lat="37.836580" lon="-122.185950"><ele>377.6</ele></trkpt><trkpt lat="37.836540" lon="-122.185810"><ele>377.2</ele></trkpt><trkpt lat="37.836470" lon="-122.185680"><ele>376.8</ele></trkpt><trkpt lat="37.836239" lon="-122.185460"><ele>376.9</ele></trkpt><trkpt lat="37.836110" lon="-122.185250"><ele>377.0</ele></trkpt><trkpt lat="37.835960" lon="-122.184880"><ele>377.6</ele></trkpt><trkpt lat="37.835910" lon="-122.184810"><ele>377.8</ele></trkpt><trkpt lat="37.835830" lon="-122.184770"><ele>378.0</ele></trkpt><trkpt lat="37.835750" lon="-122.184790"><ele>378.2</ele></trkpt><trkpt lat="37.835570" lon="-122.184870"><ele>378.2</ele></trkpt><trkpt lat="37.835450" lon="-122.184870"><ele>378.1</ele></trkpt><trkpt lat="37.835350" lon="-122.184800"><ele>378.0</ele></trkpt><trkpt lat="37.835190" lon="-122.184590"><ele>377.9</ele></trkpt><trkpt lat="37.835070" lon="-122.184460"><ele>377.8</ele></trkpt><trkpt lat="37.835000" lon="-122.184430"><ele>377.8</ele></trkpt><trkpt lat="37.834900" lon="-122.184470"><ele>377.7</ele></trkpt><trkpt lat="37.834520" lon="-122.184930"><ele>377.4</ele></trkpt><trkpt lat="37.834420" lon="-122.185100"><ele>377.3</ele></trkpt><trkpt lat="37.834390" lon="-122.185190"><ele>377.3</ele></trkpt><trkpt lat="37.834370" lon="-122.185380"><ele>377.3</ele></trkpt><trkpt lat="37.834359" lon="-122.186160"><ele>377.7</ele></trkpt><trkpt lat="37.834340" lon="-122.186230"><ele>377.8</ele></trkpt><trkpt lat="37.834290" lon="-122.186330"><ele>377.9</ele></trkpt><trkpt lat="37.834260" lon="-122.186370"><ele>377.9</ele></trkpt><trkpt lat="37.834150" lon="-122.186400"><ele>378.1</ele></trkpt><trkpt lat="37.833979" lon="-122.186340"><ele>378.4</ele></trkpt><trkpt lat="37.833910" lon="-122.186330"><ele>378.6</ele></trkpt><trkpt lat="37.833570" lon="-122.186450"><ele>379.4</ele></trkpt><trkpt lat="37.833410" lon="-122.186380"><ele>380.0</ele></trkpt><trkpt lat="37.833190" lon="-122.186100"><ele>381.2</ele></trkpt><trkpt lat="37.833060" lon="-122.186010"><ele>382.0</ele></trkpt><trkpt lat="37.832980" lon="-122.185980"><ele>382.4</ele></trkpt><trkpt lat="37.832680" lon="-122.186020"><ele>383.8</ele></trkpt><trkpt lat="37.832569" lon="-122.186000"><ele>384.1</ele></trkpt><trkpt lat="37.832370" lon="-122.185860"><ele>384.9</ele></trkpt><trkpt lat="37.832270" lon="-122.185810"><ele>385.3</ele></trkpt><trkpt lat="37.831760" lon="-122.185690"><ele>386.1</ele></trkpt><trkpt lat="37.831008" lon="-122.185042"><ele>387.0</ele></trkpt><trkpt lat="37.830976" lon="-122.185068"><ele>387.0</ele></trkpt><trkpt lat="37.830777" lon="-122.185302"><ele>387.7</ele></trkpt><trkpt lat="37.830699" lon="-122.185359"><ele>388.2</ele></trkpt><trkpt lat="37.830556" lon="-122.185422"><ele>389.1</ele></trkpt><trkpt lat="37.830431" lon="-122.185428"><ele>389.8</ele></trkpt><trkpt lat="37.830281" lon="-122.185401"><ele>390.6</ele></trkpt><trkpt lat="37.830225" lon="-122.185376"><ele>390.9</ele></trkpt><trkpt lat="37.830174" lon="-122.185336"><ele>391.2</ele></trkpt><trkpt lat="37.830117" lon="-122.185272"><ele>391.6</ele></trkpt><trkpt lat="37.830065" lon="-122.185270"><ele>391.8</ele></trkpt><trkpt lat="37.830015" lon="-122.185323"><ele>392.2</ele></trkpt><trkpt lat="37.829978" lon="-122.185397"><ele>392.5</ele></trkpt><trkpt lat="37.829972" lon="-122.185474"><ele>392.8</ele></trkpt><trkpt lat="37.829972" lon="-122.185665"><ele>393.3</ele></trkpt><trkpt lat="37.829961" lon="-122.185737"><ele>393.5</ele></trkpt><trkpt lat="37.829874" lon="-122.185891"><ele>394.1</ele></trkpt><trkpt lat="37.829795" lon="-122.186083"><ele>394.6</ele></trkpt><trkpt lat="37.829742" lon="-122.186160"><ele>394.9</ele></trkpt><trkpt lat="37.829691" lon="-122.186213"><ele>395.1</ele></trkpt><trkpt lat="37.829634" lon="-122.186257"><ele>395.4</ele></trkpt><trkpt lat="37.829574" lon="-122.186283"><ele>395.6</ele></trkpt><trkpt lat="37.829471" lon="-122.186289"><ele>395.9</ele></trkpt><trkpt lat="37.829423" lon="-122.186293"><ele>396.1</ele></trkpt><trkpt lat="37.829380" lon="-122.186278"><ele>396.2</ele></trkpt><trkpt lat="37.829353" lon="-122.186253"><ele>396.4</ele></trkpt><trkpt lat="37.829336" lon="-122.186180"><ele>396.6</ele></trkpt><trkpt lat="37.829311" lon="-122.186020"><ele>397.4</ele></trkpt><trkpt lat="37.829307" lon="-122.185890"><ele>398.0</ele></trkpt><trkpt lat="37.829296" lon="-122.185827"><ele>398.3</ele></trkpt><trkpt lat="37.829277" lon="-122.185780"><ele>398.6</ele></trkpt><trkpt lat="37.829249" lon="-122.185750"><ele>398.8</ele></trkpt><trkpt lat="37.829213" lon="-122.185727"><ele>399.0</ele></trkpt><trkpt lat="37.829165" lon="-122.185719"><ele>399.3</ele></trkpt><trkpt lat="37.828965" lon="-122.185785"><ele>400.2</ele></trkpt><trkpt lat="37.828867" lon="-122.185795"><ele>400.4</ele></trkpt><trkpt lat="37.828809" lon="-122.185773"><ele>400.5</ele></trkpt><trkpt lat="37.828782" lon="-122.185734"><ele>400.6</ele></trkpt><trkpt lat="37.828770" lon="-122.185666"><ele>400.7</ele></trkpt><trkpt lat="37.828737" lon="-122.185453"><ele>401.1</ele></trkpt><trkpt lat="37.828700" lon="-122.185363"><ele>400.9</ele></trkpt><trkpt lat="37.828641" lon="-122.185316"><ele>400.8</ele></trkpt><trkpt lat="37.828567" lon="-122.185290"><ele>400.6</ele></trkpt><trkpt lat="37.828486" lon="-122.185293"><ele>400.4</ele></trkpt><trkpt lat="37.828371" lon="-122.185317"><ele>400.2</ele></trkpt><trkpt lat="37.828253" lon="-122.185345"><ele>399.9</ele></trkpt><trkpt lat="37.828165" lon="-122.185387"><ele>400.3</ele></trkpt><trkpt lat="37.828076" lon="-122.185417"><ele>400.7</ele></trkpt><trkpt lat="37.828041" lon="-122.185452"><ele>400.8</ele></trkpt><trkpt lat="37.827992" lon="-122.185463"><ele>401.0</ele></trkpt><trkpt lat="37.827942" lon="-122.185464"><ele>401.2</ele></trkpt><trkpt lat="37.827844" lon="-122.185288"><ele>401.9</ele></trkpt><trkpt lat="37.827788" lon="-122.185243"><ele>402.1</ele></trkpt><trkpt lat="37.827741" lon="-122.185209"><ele>402.2</ele></trkpt><trkpt lat="37.827724" lon="-122.185125"><ele>402.3</ele></trkpt><trkpt lat="37.827750" lon="-122.185029"><ele>402.4</ele></trkpt><trkpt lat="37.827786" lon="-122.184879"><ele>402.6</ele></trkpt><trkpt lat="37.827825" lon="-122.184726"><ele>402.8</ele></trkpt><trkpt lat="37.827857" lon="-122.184614"><ele>403.0</ele></trkpt><trkpt lat="37.827857" lon="-122.184518"><ele>403.1</ele></trkpt><trkpt lat="37.827837" lon="-122.184458"><ele>403.2</ele></trkpt><trkpt lat="37.827795" lon="-122.184408"><ele>403.3</ele></trkpt><trkpt lat="37.827686" lon="-122.184361"><ele>403.5</ele></trkpt><trkpt lat="37.827625" lon="-122.184288"><ele>403.7</ele></trkpt><trkpt lat="37.827595" lon="-122.184186"><ele>403.8</ele></trkpt><trkpt lat="37.827562" lon="-122.184023"><ele>403.5</ele></trkpt><trkpt lat="37.827545" lon="-122.183894"><ele>403.2</ele></trkpt><trkpt lat="37.827554" lon="-122.183770"><ele>402.8</ele></trkpt><trkpt lat="37.827591" lon="-122.183658"><ele>402.5</ele></trkpt><trkpt lat="37.827607" lon="-122.183570"><ele>402.3</ele></trkpt><trkpt lat="37.827597" lon="-122.183492"><ele>402.0</ele></trkpt><trkpt lat="37.827549" lon="-122.183458"><ele>402.1</ele></trkpt><trkpt lat="37.827457" lon="-122.183431"><ele>402.1</ele></trkpt><trkpt lat="37.827327" lon="-122.183463"><ele>402.2</ele></trkpt><trkpt lat="37.827237" lon="-122.183454"><ele>402.2</ele></trkpt><trkpt lat="37.827083" lon="-122.183354"><ele>402.3</ele></trkpt><trkpt lat="37.826952" lon="-122.183306"><ele>402.1</ele></trkpt><trkpt lat="37.826896" lon="-122.183279"><ele>402.0</ele></trkpt><trkpt lat="37.826852" lon="-122.183236"><ele>401.9</ele></trkpt><trkpt lat="37.826828" lon="-122.183169"><ele>401.8</ele></trkpt><trkpt lat="37.826824" lon="-122.182985"><ele>401.6</ele></trkpt><trkpt lat="37.826797" lon="-122.182886"><ele>401.4</ele></trkpt><trkpt lat="37.826753" lon="-122.182799"><ele>401.8</ele></trkpt><trkpt lat="37.826682" lon="-122.182763"><ele>402.3</ele></trkpt><trkpt lat="37.826599" lon="-122.182753"><ele>402.7</ele></trkpt><trkpt lat="37.826524" lon="-122.182747"><ele>403.2</ele></trkpt><trkpt lat="37.826479" lon="-122.182790"><ele>403.5</ele></trkpt><trkpt lat="37.826465" lon="-122.182887"><ele>403.9</ele></trkpt><trkpt lat="37.826469" lon="-122.183054"><ele>404.8</ele></trkpt><trkpt lat="37.826484" lon="-122.183223"><ele>405.9</ele></trkpt><trkpt lat="37.826503" lon="-122.183345"><ele>406.8</ele></trkpt><trkpt lat="37.826532" lon="-122.183453"><ele>407.5</ele></trkpt><trkpt lat="37.826685" lon="-122.183718"><ele>409.6</ele></trkpt><trkpt lat="37.826728" lon="-122.183789"><ele>410.2</ele></trkpt><trkpt lat="37.826746" lon="-122.183872"><ele>410.6</ele></trkpt><trkpt lat="37.826742" lon="-122.183954"><ele>411.1</ele></trkpt><trkpt lat="37.826708" lon="-122.184012"><ele>411.5</ele></trkpt><trkpt lat="37.826654" lon="-122.184086"><ele>412.1</ele></trkpt><trkpt lat="37.826622" lon="-122.184185"><ele>412.7</ele></trkpt><trkpt lat="37.826607" lon="-122.184296"><ele>413.5</ele></trkpt><trkpt lat="37.826609" lon="-122.184404"><ele>414.4</ele></trkpt><trkpt lat="37.826639" lon="-122.184519"><ele>415.5</ele></trkpt><trkpt lat="37.826659" lon="-122.184588"><ele>416.1</ele></trkpt><trkpt lat="37.826651" lon="-122.184643"><ele>416.6</ele></trkpt><trkpt lat="37.826607" lon="-122.184682"><ele>417.2</ele></trkpt><trkpt lat="37.826497" lon="-122.184717"><ele>418.4</ele></trkpt><trkpt lat="37.826380" lon="-122.184819"><ele>420.0</ele></trkpt><trkpt lat="37.826334" lon="-122.184848"><ele>420.6</ele></trkpt><trkpt lat="37.826286" lon="-122.184835"><ele>421.1</ele></trkpt><trkpt lat="37.826227" lon="-122.184782"><ele>421.9</ele></trkpt><trkpt lat="37.826131" lon="-122.184674"><ele>423.4</ele></trkpt><trkpt lat="37.826085" lon="-122.184571"><ele>424.4</ele></trkpt><trkpt lat="37.826050" lon="-122.184527"><ele>424.9</ele></trkpt><trkpt lat="37.825996" lon="-122.184499"><ele>425.2</ele></trkpt><trkpt lat="37.825789" lon="-122.184408"><ele>426.0</ele></trkpt><trkpt lat="37.825720" lon="-122.184383"><ele>426.3</ele></trkpt><trkpt lat="37.825652" lon="-122.184375"><ele>426.6</ele></trkpt><trkpt lat="37.825600" lon="-122.184389"><ele>426.8</ele></trkpt><trkpt lat="37.825504" lon="-122.184453"><ele>426.9</ele></trkpt><trkpt lat="37.825383" lon="-122.184538"><ele>426.5</ele></trkpt><trkpt lat="37.825321" lon="-122.184561"><ele>426.3</ele></trkpt><trkpt lat="37.825259" lon="-122.184552"><ele>426.2</ele></trkpt><trkpt lat="37.825158" lon="-122.184503"><ele>425.9</ele></trkpt><trkpt lat="37.825027" lon="-122.184465"><ele>425.5</ele></trkpt><trkpt lat="37.824985" lon="-122.184434"><ele>425.4</ele></trkpt><trkpt lat="37.824973" lon="-122.184365"><ele>425.4</ele></trkpt><trkpt lat="37.824953" lon="-122.184164"><ele>425.2</ele></trkpt><trkpt lat="37.824926" lon="-122.184067"><ele>425.1</ele></trkpt><trkpt lat="37.824890" lon="-122.183991"><ele>425.0</ele></trkpt><trkpt lat="37.824846" lon="-122.183930"><ele>424.9</ele></trkpt><trkpt lat="37.824792" lon="-122.183887"><ele>424.9</ele></trkpt><trkpt lat="37.824669" lon="-122.183799"><ele>424.7</ele></trkpt><trkpt lat="37.824565" lon="-122.183749"><ele>424.6</ele></trkpt><trkpt lat="37.824474" lon="-122.183685"><ele>424.5</ele></trkpt><trkpt lat="37.824418" lon="-122.183641"><ele>424.4</ele></trkpt><trkpt lat="37.824389" lon="-122.183571"><ele>424.3</ele></trkpt><trkpt lat="37.824368" lon="-122.183455"><ele>424.1</ele></trkpt><trkpt lat="37.824327" lon="-122.183322"><ele>423.7</ele></trkpt><trkpt lat="37.824278" lon="-122.183289"><ele>423.5</ele></trkpt><trkpt lat="37.824233" lon="-122.183280"><ele>423.4</ele></trkpt><trkpt lat="37.824203" lon="-122.183289"><ele>423.3</ele></trkpt><trkpt lat="37.824166" lon="-122.183319"><ele>423.1</ele></trkpt><trkpt lat="37.824141" lon="-122.183355"><ele>423.0</ele></trkpt><trkpt lat="37.824108" lon="-122.183435"><ele>422.8</ele></trkpt><trkpt lat="37.824083" lon="-122.183588"><ele>422.3</ele></trkpt><trkpt lat="37.824033" lon="-122.183717"><ele>421.9</ele></trkpt><trkpt lat="37.823960" lon="-122.183885"><ele>421.3</ele></trkpt><trkpt lat="37.823882" lon="-122.184037"><ele>420.7</ele></trkpt><trkpt lat="37.823801" lon="-122.184182"><ele>420.4</ele></trkpt><trkpt lat="37.823702" lon="-122.184294"><ele>420.5</ele></trkpt><trkpt lat="37.823587" lon="-122.184445"><ele>420.7</ele></trkpt><trkpt lat="37.823537" lon="-122.184542"><ele>420.8</ele></trkpt><trkpt lat="37.823486" lon="-122.184578"><ele>420.9</ele></trkpt><trkpt lat="37.823434" lon="-122.184575"><ele>420.9</ele></trkpt><trkpt lat="37.823346" lon="-122.184521"><ele>421.1</ele></trkpt><trkpt lat="37.823304" lon="-122.184512"><ele>421.2</ele></trkpt><trkpt lat="37.823271" lon="-122.184511"><ele>421.2</ele></trkpt><trkpt lat="37.823232" lon="-122.184538"><ele>421.3</ele></trkpt><trkpt lat="37.823197" lon="-122.184559"><ele>421.4</ele></trkpt><trkpt lat="37.823164" lon="-122.184576"><ele>421.4</ele></trkpt><trkpt lat="37.823061" lon="-122.184595"><ele>421.6</ele></trkpt><trkpt lat="37.823008" lon="-122.184626"><ele>421.7</ele></trkpt><trkpt lat="37.822967" lon="-122.184707"><ele>421.8</ele></trkpt><trkpt lat="37.822945" lon="-122.184795"><ele>421.8</ele></trkpt><trkpt lat="37.822910" lon="-122.185026"><ele>421.7</ele></trkpt><trkpt lat="37.822893" lon="-122.185190"><ele>421.6</ele></trkpt><trkpt lat="37.822897" lon="-122.185355"><ele>421.6</ele></trkpt><trkpt lat="37.822909" lon="-122.185628"><ele>421.2</ele></trkpt><trkpt lat="37.822931" lon="-122.185781"><ele>421.0</ele></trkpt><trkpt lat="37.822938" lon="-122.185854"><ele>420.9</ele></trkpt><trkpt lat="37.822942" lon="-122.185946"><ele>420.8</ele></trkpt><trkpt lat="37.822945" lon="-122.186026"><ele>420.7</ele></trkpt><trkpt lat="37.822971" lon="-122.186168"><ele>421.0</ele></trkpt><trkpt lat="37.822986" lon="-122.186307"><ele>421.5</ele></trkpt><trkpt lat="37.822981" lon="-122.186401"><ele>421.8</ele></trkpt><trkpt lat="37.822961" lon="-122.186465"><ele>422.1</ele></trkpt><trkpt lat="37.822930" lon="-122.186526"><ele>422.3</ele></trkpt><trkpt lat="37.822873" lon="-122.186573"><ele>422.6</ele></trkpt><trkpt lat="37.822820" lon="-122.186607"><ele>422.9</ele></trkpt><trkpt lat="37.822742" lon="-122.186617"><ele>423.2</ele></trkpt><trkpt lat="37.822683" lon="-122.186605"><ele>423.4</ele></trkpt><trkpt lat="37.822637" lon="-122.186576"><ele>423.6</ele></trkpt><trkpt lat="37.822579" lon="-122.186525"><ele>423.8</ele></trkpt><trkpt lat="37.822535" lon="-122.186497"><ele>424.0</ele></trkpt><trkpt lat="37.822487" lon="-122.186479"><ele>424.1</ele></trkpt><trkpt lat="37.822416" lon="-122.186487"><ele>424.4</ele></trkpt><trkpt lat="37.822357" lon="-122.186505"><ele>424.6</ele></trkpt><trkpt lat="37.822304" lon="-122.186509"><ele>424.8</ele></trkpt><trkpt lat="37.822252" lon="-122.186508"><ele>425.0</ele></trkpt><trkpt lat="37.822203" lon="-122.186491"><ele>425.2</ele></trkpt><trkpt lat="37.822151" lon="-122.186477"><ele>425.5</ele></trkpt><trkpt lat="37.822085" lon="-122.186470"><ele>425.9</ele></trkpt><trkpt lat="37.821956" lon="-122.186486"><ele>426.7</ele></trkpt><trkpt lat="37.821866" lon="-122.186507"><ele>427.2</ele></trkpt><trkpt lat="37.821791" lon="-122.186529"><ele>427.6</ele></trkpt><trkpt lat="37.821739" lon="-122.186547"><ele>427.9</ele></trkpt><trkpt lat="37.821705" lon="-122.186582"><ele>428.1</ele></trkpt><trkpt lat="37.821658" lon="-122.186661"><ele>428.4</ele></trkpt><trkpt lat="37.821653" lon="-122.186743"><ele>428.7</ele></trkpt><trkpt lat="37.821638" lon="-122.186781"><ele>428.8</ele></trkpt><trkpt lat="37.821589" lon="-122.186863"><ele>429.1</ele></trkpt><trkpt lat="37.821507" lon="-122.186872"><ele>429.4</ele></trkpt><trkpt lat="37.821416" lon="-122.186899"><ele>429.8</ele></trkpt><trkpt lat="37.821342" lon="-122.186917"><ele>430.1</ele></trkpt><trkpt lat="37.821259" lon="-122.186931"><ele>430.6</ele></trkpt><trkpt lat="37.821172" lon="-122.186963"><ele>431.0</ele></trkpt><trkpt lat="37.821105" lon="-122.186985"><ele>431.4</ele></trkpt><trkpt lat="37.820788" lon="-122.187070"><ele>433.0</ele></trkpt><trkpt lat="37.820483" lon="-122.187202"><ele>434.4</ele></trkpt><trkpt lat="37.820307" lon="-122.187317"><ele>435.3</ele></trkpt><trkpt lat="37.820205" lon="-122.187378"><ele>435.5</ele></trkpt><trkpt lat="37.820078" lon="-122.187426"><ele>435.8</ele></trkpt><trkpt lat="37.819974" lon="-122.187436"><ele>436.1</ele></trkpt><trkpt lat="37.819862" lon="-122.187411"><ele>436.3</ele></trkpt><trkpt lat="37.819725" lon="-122.187365"><ele>436.3</ele></trkpt><trkpt lat="37.819667" lon="-122.187170"><ele>435.9</ele></trkpt><trkpt lat="37.819612" lon="-122.186930"><ele>435.5</ele></trkpt><trkpt lat="37.819555" lon="-122.186642"><ele>434.7</ele></trkpt><trkpt lat="37.819541" lon="-122.186445"><ele>434.1</ele></trkpt><trkpt lat="37.819541" lon="-122.186401"><ele>434.0</ele></trkpt><trkpt lat="37.819502" lon="-122.186350"><ele>433.8</ele></trkpt><trkpt lat="37.819468" lon="-122.186309"><ele>433.6</ele></trkpt><trkpt lat="37.819404" lon="-122.186277"><ele>433.3</ele></trkpt><trkpt lat="37.819360" lon="-122.186215"><ele>433.0</ele></trkpt><trkpt lat="37.819350" lon="-122.186137"><ele>432.6</ele></trkpt><trkpt lat="37.819293" lon="-122.186073"><ele>432.1</ele></trkpt><trkpt lat="37.819223" lon="-122.186051"><ele>431.6</ele></trkpt><trkpt lat="37.819151" lon="-122.186073"><ele>431.1</ele></trkpt><trkpt lat="37.819028" lon="-122.186099"><ele>430.2</ele></trkpt><trkpt lat="37.818964" lon="-122.186097"><ele>429.8</ele></trkpt><trkpt lat="37.818894" lon="-122.186083"><ele>429.3</ele></trkpt><trkpt lat="37.818708" lon="-122.186030"><ele>427.4</ele></trkpt><trkpt lat="37.818683" lon="-122.186104"><ele>426.8</ele></trkpt><trkpt lat="37.818613" lon="-122.186358"><ele>424.8</ele></trkpt><trkpt lat="37.818572" lon="-122.186462"><ele>423.9</ele></trkpt><trkpt lat="37.818486" lon="-122.186644"><ele>422.3</ele></trkpt><trkpt lat="37.818328" lon="-122.186829"><ele>420.2</ele></trkpt><trkpt lat="37.818247" lon="-122.186960"><ele>418.9</ele></trkpt><trkpt lat="37.818187" lon="-122.187189"><ele>417.1</ele></trkpt><trkpt lat="37.818144" lon="-122.187400"><ele>415.5</ele></trkpt><trkpt lat="37.818085" lon="-122.187541"><ele>414.3</ele></trkpt><trkpt lat="37.818052" lon="-122.187654"><ele>413.4</ele></trkpt><trkpt lat="37.818085" lon="-122.187744"><ele>412.6</ele></trkpt><trkpt lat="37.818236" lon="-122.187891"><ele>410.8</ele></trkpt><trkpt lat="37.818363" lon="-122.188096"><ele>408.8</ele></trkpt><trkpt lat="37.818481" lon="-122.188300"><ele>406.6</ele></trkpt><trkpt lat="37.818507" lon="-122.188417"><ele>405.5</ele></trkpt><trkpt lat="37.818509" lon="-122.188573"><ele>404.1</ele></trkpt><trkpt lat="37.818504" lon="-122.188621"><ele>403.6</ele></trkpt><trkpt lat="37.818503" lon="-122.188657"><ele>403.3</ele></trkpt><trkpt lat="37.818483" lon="-122.188659"><ele>403.1</ele></trkpt><trkpt lat="37.818355" lon="-122.188667"><ele>401.5</ele></trkpt><trkpt lat="37.818211" lon="-122.188621"><ele>399.7</ele></trkpt><trkpt lat="37.818095" lon="-122.188562"><ele>398.2</ele></trkpt><trkpt lat="37.818015" lon="-122.188517"><ele>397.2</ele></trkpt><trkpt lat="37.817943" lon="-122.188557"><ele>396.2</ele></trkpt><trkpt lat="37.817883" lon="-122.188568"><ele>395.5</ele></trkpt><trkpt lat="37.817773" lon="-122.188593"><ele>394.3</ele></trkpt><trkpt lat="37.817668" lon="-122.188716"><ele>392.8</ele></trkpt><trkpt lat="37.817575" lon="-122.188794"><ele>391.6</ele></trkpt><trkpt lat="37.817482" lon="-122.188783"><ele>390.6</ele></trkpt><trkpt lat="37.817425" lon="-122.188805"><ele>389.9</ele></trkpt><trkpt lat="37.817237" lon="-122.188775"><ele>387.8</ele></trkpt><trkpt lat="37.817200" lon="-122.188748"><ele>387.3</ele></trkpt><trkpt lat="37.817159" lon="-122.188755"><ele>386.8</ele></trkpt><trkpt lat="37.817110" lon="-122.188777"><ele>386.2</ele></trkpt><trkpt lat="37.817060" lon="-122.188850"><ele>385.4</ele></trkpt><trkpt lat="37.817048" lon="-122.188993"><ele>384.1</ele></trkpt><trkpt lat="37.817033" lon="-122.189061"><ele>383.5</ele></trkpt><trkpt lat="37.817012" lon="-122.189087"><ele>383.2</ele></trkpt><trkpt lat="37.816898" lon="-122.189127"><ele>381.9</ele></trkpt><trkpt lat="37.816782" lon="-122.189219"><ele>380.4</ele></trkpt><trkpt lat="37.816754" lon="-122.189294"><ele>379.7</ele></trkpt><trkpt lat="37.816674" lon="-122.189404"><ele>378.4</ele></trkpt><trkpt lat="37.816673" lon="-122.189538"><ele>377.1</ele></trkpt><trkpt lat="37.816659" lon="-122.189566"><ele>376.7</ele></trkpt><trkpt lat="37.816516" lon="-122.189603"><ele>374.8</ele></trkpt><trkpt lat="37.816379" lon="-122.189655"><ele>372.9</ele></trkpt><trkpt lat="37.816267" lon="-122.189729"><ele>371.2</ele></trkpt><trkpt lat="37.816151" lon="-122.189865"><ele>368.8</ele></trkpt><trkpt lat="37.816085" lon="-122.189977"><ele>367.1</ele></trkpt><trkpt lat="37.816044" lon="-122.190131"><ele>365.2</ele></trkpt><trkpt lat="37.816008" lon="-122.190200"><ele>364.2</ele></trkpt><trkpt lat="37.815960" lon="-122.190231"><ele>363.3</ele></trkpt><trkpt lat="37.815912" lon="-122.190230"><ele>362.5</ele></trkpt><trkpt lat="37.815772" lon="-122.190216"><ele>359.3</ele></trkpt><trkpt lat="37.815563" lon="-122.190236"><ele>354.4</ele></trkpt><trkpt lat="37.815420" lon="-122.190385"><ele>350.1</ele></trkpt><trkpt lat="37.815286" lon="-122.190461"><ele>346.8</ele></trkpt><trkpt lat="37.815138" lon="-122.190669"><ele>341.8</ele></trkpt><trkpt lat="37.815127" lon="-122.190757"><ele>340.2</ele></trkpt><trkpt lat="37.815044" lon="-122.190858"><ele>337.6</ele></trkpt><trkpt lat="37.814993" lon="-122.190968"><ele>334.9</ele></trkpt><trkpt lat="37.814814" lon="-122.191257"><ele>327.3</ele></trkpt><trkpt lat="37.814738" lon="-122.191398"><ele>323.8</ele></trkpt><trkpt lat="37.814699" lon="-122.191486"><ele>322.1</ele></trkpt><trkpt lat="37.814682" lon="-122.191648"><ele>319.4</ele></trkpt><trkpt lat="37.814695" lon="-122.191795"><ele>316.9</ele></trkpt><trkpt lat="37.814674" lon="-122.191811"><ele>316.4</ele></trkpt><trkpt lat="37.814654" lon="-122.191839"><ele>315.8</ele></trkpt><trkpt lat="37.814606" lon="-122.191907"><ele>314.3</ele></trkpt><trkpt lat="37.814551" lon="-122.191934"><ele>313.0</ele></trkpt><trkpt lat="37.814472" lon="-122.191944"><ele>311.7</ele></trkpt><trkpt lat="37.814472" lon="-122.191957"><ele>311.5</ele></trkpt><trkpt lat="37.814472" lon="-122.191997"><ele>311.0</ele></trkpt><trkpt lat="37.814403" lon="-122.192043"><ele>309.8</ele></trkpt><trkpt lat="37.814350" lon="-122.192092"><ele>308.8</ele></trkpt><trkpt lat="37.814295" lon="-122.192249"><ele>306.7</ele></trkpt><trkpt lat="37.814283" lon="-122.192492"><ele>304.0</ele></trkpt><trkpt lat="37.814236" lon="-122.192828"><ele>301.7</ele></trkpt><trkpt lat="37.814244" lon="-122.193109"><ele>299.9</ele></trkpt><trkpt lat="37.814247" lon="-122.193408"><ele>298.1</ele></trkpt><trkpt lat="37.814271" lon="-122.193495"><ele>297.6</ele></trkpt><trkpt lat="37.814430" lon="-122.193747"><ele>295.7</ele></trkpt><trkpt lat="37.814486" lon="-122.193859"><ele>295.0</ele></trkpt><trkpt lat="37.814496" lon="-122.194061"><ele>294.0</ele></trkpt><trkpt lat="37.814540" lon="-122.194233"><ele>293.1</ele></trkpt><trkpt lat="37.814608" lon="-122.194388"><ele>292.3</ele></trkpt><trkpt lat="37.814609" lon="-122.194475"><ele>292.0</ele></trkpt><trkpt lat="37.814596" lon="-122.194633"><ele>291.6</ele></trkpt><trkpt lat="37.814589" lon="-122.194752"><ele>291.3</ele></trkpt><trkpt lat="37.814608" lon="-122.194872"><ele>291.0</ele></trkpt><trkpt lat="37.814618" lon="-122.195009"><ele>290.6</ele></trkpt><trkpt lat="37.814662" lon="-122.195106"><ele>290.1</ele></trkpt><trkpt lat="37.814704" lon="-122.195259"><ele>289.2</ele></trkpt><trkpt lat="37.814710" lon="-122.195433"><ele>288.3</ele></trkpt><trkpt lat="37.814742" lon="-122.195523"><ele>287.8</ele></trkpt><trkpt lat="37.814869" lon="-122.195625"><ele>286.8</ele></trkpt><trkpt lat="37.815169" lon="-122.195892"><ele>283.5</ele></trkpt><trkpt lat="37.815383" lon="-122.196198"><ele>281.6</ele></trkpt><trkpt lat="37.815413" lon="-122.196257"><ele>281.5</ele></trkpt><trkpt lat="37.815487" lon="-122.196498"><ele>281.0</ele></trkpt><trkpt lat="37.815622" lon="-122.196775"><ele>280.7</ele></trkpt><trkpt lat="37.815684" lon="-122.196944"><ele>280.7</ele></trkpt><trkpt lat="37.815852" lon="-122.197190"><ele>280.7</ele></trkpt><trkpt lat="37.815942" lon="-122.197270"><ele>279.9</ele></trkpt><trkpt lat="37.816112" lon="-122.197354"><ele>278.5</ele></trkpt><trkpt lat="37.816198" lon="-122.197338"><ele>277.8</ele></trkpt><trkpt lat="37.816282" lon="-122.197283"><ele>277.1</ele></trkpt><trkpt lat="37.816398" lon="-122.197156"><ele>275.7</ele></trkpt><trkpt lat="37.816476" lon="-122.197057"><ele>274.6</ele></trkpt><trkpt lat="37.816578" lon="-122.196841"><ele>272.7</ele></trkpt><trkpt lat="37.816668" lon="-122.197138"><ele>270.2</ele></trkpt><trkpt lat="37.816766" lon="-122.197458"><ele>267.2</ele></trkpt><trkpt lat="37.816810" lon="-122.197553"><ele>266.3</ele></trkpt><trkpt lat="37.816841" lon="-122.197620"><ele>265.6</ele></trkpt><trkpt lat="37.817380" lon="-122.198211"><ele>253.9</ele></trkpt><trkpt lat="37.817568" lon="-122.198420"><ele>249.8</ele></trkpt><trkpt lat="37.817729" lon="-122.198644"><ele>246.4</ele></trkpt><trkpt lat="37.817831" lon="-122.198940"><ele>243.5</ele></trkpt><trkpt lat="37.817908" lon="-122.199135"><ele>241.5</ele></trkpt><trkpt lat="37.818042" lon="-122.199231"><ele>240.3</ele></trkpt><trkpt lat="37.818188" lon="-122.199263"><ele>239.1</ele></trkpt><trkpt lat="37.818336" lon="-122.199292"><ele>238.0</ele></trkpt><trkpt lat="37.818519" lon="-122.199340"><ele>236.6</ele></trkpt><trkpt lat="37.818694" lon="-122.199460"><ele>235.1</ele></trkpt><trkpt lat="37.818830" lon="-122.199580"><ele>233.9</ele></trkpt><trkpt lat="37.818924" lon="-122.199726"><ele>232.8</ele></trkpt><trkpt lat="37.818992" lon="-122.199898"><ele>231.8</ele></trkpt><trkpt lat="37.819047" lon="-122.200061"><ele>230.8</ele></trkpt><trkpt lat="37.819094" lon="-122.200207"><ele>230.0</ele></trkpt><trkpt lat="37.819192" lon="-122.200369"><ele>228.4</ele></trkpt><trkpt lat="37.819314" lon="-122.200518"><ele>226.5</ele></trkpt><trkpt lat="37.819600" lon="-122.200849"><ele>222.1</ele></trkpt><trkpt lat="37.819692" lon="-122.200959"><ele>220.6</ele></trkpt><trkpt lat="37.819580" lon="-122.201052"><ele>219.1</ele></trkpt><trkpt lat="37.819545" lon="-122.201065"><ele>218.6</ele></trkpt><trkpt lat="37.819219" lon="-122.201181"><ele>214.8</ele></trkpt><trkpt lat="37.819199" lon="-122.201188"><ele>214.5</ele></trkpt><trkpt lat="37.819113" lon="-122.201261"><ele>213.4</ele></trkpt><trkpt lat="37.818903" lon="-122.201440"><ele>210.5</ele></trkpt><trkpt lat="37.818791" lon="-122.201537"><ele>209.0</ele></trkpt><trkpt lat="37.818677" lon="-122.201628"><ele>207.6</ele></trkpt><trkpt lat="37.818527" lon="-122.201749"><ele>205.7</ele></trkpt><trkpt lat="37.818183" lon="-122.202024"><ele>201.4</ele></trkpt><trkpt lat="37.818123" lon="-122.202142"><ele>200.2</ele></trkpt><trkpt lat="37.818102" lon="-122.202215"><ele>199.6</ele></trkpt><trkpt lat="37.818104" lon="-122.202369"><ele>198.7</ele></trkpt><trkpt lat="37.818132" lon="-122.202706"><ele>196.8</ele></trkpt><trkpt lat="37.818161" lon="-122.202970"><ele>195.4</ele></trkpt><trkpt lat="37.818212" lon="-122.203123"><ele>194.4</ele></trkpt><trkpt lat="37.818241" lon="-122.203158"><ele>194.1</ele></trkpt><trkpt lat="37.818339" lon="-122.203258"><ele>193.2</ele></trkpt><trkpt lat="37.818626" lon="-122.203454"><ele>190.7</ele></trkpt><trkpt lat="37.818750" lon="-122.203579"><ele>189.4</ele></trkpt><trkpt lat="37.819250" lon="-122.204427"><ele>183.5</ele></trkpt><trkpt lat="37.819384" lon="-122.204618"><ele>181.8</ele></trkpt><trkpt lat="37.819542" lon="-122.204788"><ele>180.0</ele></trkpt><trkpt lat="37.819688" lon="-122.204903"><ele>178.5</ele></trkpt><trkpt lat="37.819857" lon="-122.204996"><ele>176.8</ele></trkpt><trkpt lat="37.820082" lon="-122.205100"><ele>174.7</ele></trkpt><trkpt lat="37.820166" lon="-122.205092"><ele>174.1</ele></trkpt><trkpt lat="37.820332" lon="-122.205171"><ele>173.1</ele></trkpt><trkpt lat="37.820489" lon="-122.205260"><ele>172.1</ele></trkpt><trkpt lat="37.820645" lon="-122.205354"><ele>171.2</ele></trkpt><trkpt lat="37.820705" lon="-122.205387"><ele>170.9</ele></trkpt><trkpt lat="37.820778" lon="-122.205443"><ele>170.5</ele></trkpt><trkpt lat="37.820864" lon="-122.205509"><ele>170.1</ele></trkpt><trkpt lat="37.820938" lon="-122.205564"><ele>169.7</ele></trkpt><trkpt lat="37.821033" lon="-122.205637"><ele>169.2</ele></trkpt><trkpt lat="37.821265" lon="-122.205825"><ele>168.0</ele></trkpt><trkpt lat="37.821603" lon="-122.206132"><ele>166.6</ele></trkpt><trkpt lat="37.821731" lon="-122.206258"><ele>166.3</ele></trkpt><trkpt lat="37.822045" lon="-122.206595"><ele>165.9</ele></trkpt><trkpt lat="37.822093" lon="-122.206644"><ele>165.9</ele></trkpt><trkpt lat="37.822160" lon="-122.206712"><ele>166.0</ele></trkpt><trkpt lat="37.822510" lon="-122.207081"><ele>166.3</ele></trkpt><trkpt lat="37.822618" lon="-122.207242"><ele>166.5</ele></trkpt><trkpt lat="37.822707" lon="-122.207394"><ele>166.7</ele></trkpt><trkpt lat="37.822761" lon="-122.207486"><ele>166.8</ele></trkpt><trkpt lat="37.822815" lon="-122.207576"><ele>167.1</ele></trkpt><trkpt lat="37.822902" lon="-122.207720"><ele>167.5</ele></trkpt><trkpt lat="37.822983" lon="-122.207819"><ele>167.8</ele></trkpt><trkpt lat="37.823064" lon="-122.207917"><ele>168.1</ele></trkpt><trkpt lat="37.823107" lon="-122.208014"><ele>168.5</ele></trkpt><trkpt lat="37.823164" lon="-122.208060"><ele>168.9</ele></trkpt><trkpt lat="37.824178" lon="-122.208878"><ele>175.5</ele></trkpt><trkpt lat="37.824314" lon="-122.208986"><ele>176.3</ele></trkpt><trkpt lat="37.824342" lon="-122.209009"><ele>176.5</ele></trkpt><trkpt lat="37.824365" lon="-122.209028"><ele>176.6</ele></trkpt><trkpt lat="37.824406" lon="-122.209062"><ele>176.9</ele></trkpt><trkpt lat="37.824737" lon="-122.209338"><ele>178.7</ele></trkpt><trkpt lat="37.825001" lon="-122.209558"><ele>179.9</ele></trkpt><trkpt lat="37.825209" lon="-122.209727"><ele>180.6</ele></trkpt><trkpt lat="37.825265" lon="-122.209773"><ele>180.8</ele></trkpt><trkpt lat="37.825345" lon="-122.209838"><ele>181.0</ele></trkpt><trkpt lat="37.825683" lon="-122.210113"><ele>182.4</ele></trkpt><trkpt lat="37.825812" lon="-122.210218"><ele>182.9</ele></trkpt><trkpt lat="37.826145" lon="-122.210489"><ele>184.7</ele></trkpt><trkpt lat="37.826225" lon="-122.210555"><ele>185.2</ele></trkpt><trkpt lat="37.826300" lon="-122.210615"><ele>185.6</ele></trkpt><trkpt lat="37.826330" lon="-122.210640"><ele>185.8</ele></trkpt><trkpt lat="37.826515" lon="-122.210791"><ele>187.1</ele></trkpt><trkpt lat="37.826839" lon="-122.211054"><ele>189.1</ele></trkpt><trkpt lat="37.826907" lon="-122.211109"><ele>189.4</ele></trkpt><trkpt lat="37.826947" lon="-122.211145"><ele>189.6</ele></trkpt><trkpt lat="37.827447" lon="-122.211549"><ele>191.9</ele></trkpt><trkpt lat="37.827764" lon="-122.211808"><ele>193.0</ele></trkpt><trkpt lat="37.827935" lon="-122.211949"><ele>193.5</ele></trkpt><trkpt lat="37.828048" lon="-122.212042"><ele>193.8</ele></trkpt><trkpt lat="37.828169" lon="-122.212152"><ele>194.0</ele></trkpt><trkpt lat="37.828271" lon="-122.212243"><ele>194.3</ele></trkpt><trkpt lat="37.828749" lon="-122.212689"><ele>194.9</ele></trkpt><trkpt lat="37.829153" lon="-122.213066"><ele>195.6</ele></trkpt><trkpt lat="37.829286" lon="-122.213189"><ele>196.0</ele></trkpt><trkpt lat="37.829409" lon="-122.213303"><ele>196.3</ele></trkpt><trkpt lat="37.830193" lon="-122.214028"><ele>196.3</ele></trkpt><trkpt lat="37.830213" lon="-122.214046"><ele>196.3</ele></trkpt><trkpt lat="37.830236" lon="-122.214067"><ele>196.3</ele></trkpt><trkpt lat="37.830509" lon="-122.214316"><ele>195.1</ele></trkpt><trkpt lat="37.831174" lon="-122.214934"><ele>191.5</ele></trkpt><trkpt lat="37.831258" lon="-122.214995"><ele>191.1</ele></trkpt><trkpt lat="37.831329" lon="-122.215036"><ele>190.8</ele></trkpt><trkpt lat="37.831466" lon="-122.215107"><ele>190.3</ele></trkpt><trkpt lat="37.831536" lon="-122.215143"><ele>190.0</ele></trkpt><trkpt lat="37.831670" lon="-122.215212"><ele>189.5</ele></trkpt><trkpt lat="37.831727" lon="-122.215245"><ele>189.4</ele></trkpt><trkpt lat="37.831791" lon="-122.215289"><ele>189.3</ele></trkpt><trkpt lat="37.831849" lon="-122.215330"><ele>189.2</ele></trkpt><trkpt lat="37.831928" lon="-122.215395"><ele>189.0</ele></trkpt><trkpt lat="37.832015" lon="-122.215511"><ele>188.8</ele></trkpt><trkpt lat="37.832138" lon="-122.215713"><ele>188.3</ele></trkpt><trkpt lat="37.832193" lon="-122.215853"><ele>188.0</ele></trkpt><trkpt lat="37.832661" lon="-122.216992"><ele>189.6</ele></trkpt><trkpt lat="37.832826" lon="-122.217396"><ele>191.4</ele></trkpt><trkpt lat="37.832923" lon="-122.217629"><ele>192.4</ele></trkpt><trkpt lat="37.832960" lon="-122.217738"><ele>192.8</ele></trkpt><trkpt lat="37.832987" lon="-122.217843"><ele>193.2</ele></trkpt><trkpt lat="37.833001" lon="-122.217937"><ele>193.5</ele></trkpt><trkpt lat="37.833008" lon="-122.218037"><ele>193.9</ele></trkpt><trkpt lat="37.833008" lon="-122.218136"><ele>194.3</ele></trkpt><trkpt lat="37.833004" lon="-122.218223"><ele>194.6</ele></trkpt><trkpt lat="37.832994" lon="-122.218343"><ele>195.0</ele></trkpt><trkpt lat="37.832977" lon="-122.218469"><ele>195.5</ele></trkpt><trkpt lat="37.832962" lon="-122.218588"><ele>195.9</ele></trkpt><trkpt lat="37.832944" lon="-122.218730"><ele>196.4</ele></trkpt><trkpt lat="37.832917" lon="-122.218928"><ele>196.7</ele></trkpt><trkpt lat="37.832900" lon="-122.218981"><ele>196.8</ele></trkpt><trkpt lat="37.832879" lon="-122.219037"><ele>196.9</ele></trkpt><trkpt lat="37.832873" lon="-122.219096"><ele>197.0</ele></trkpt><trkpt lat="37.832834" lon="-122.219434"><ele>197.5</ele></trkpt><trkpt lat="37.832656" lon="-122.221145"><ele>194.9</ele></trkpt><trkpt lat="37.832742" lon="-122.221191"><ele>194.7</ele></trkpt><trkpt lat="37.832842" lon="-122.221244"><ele>194.4</ele></trkpt><trkpt lat="37.833191" lon="-122.221430"><ele>193.8</ele></trkpt><trkpt lat="37.833247" lon="-122.221467"><ele>193.7</ele></trkpt><trkpt lat="37.833298" lon="-122.221513"><ele>193.6</ele></trkpt><trkpt lat="37.833337" lon="-122.221565"><ele>193.6</ele></trkpt><trkpt lat="37.833361" lon="-122.221646"><ele>193.6</ele></trkpt><trkpt lat="37.833363" lon="-122.221726"><ele>193.7</ele></trkpt><trkpt lat="37.833357" lon="-122.221806"><ele>193.8</ele></trkpt><trkpt lat="37.833183" lon="-122.222794"><ele>195.2</ele></trkpt><trkpt lat="37.833157" lon="-122.223038"><ele>195.6</ele></trkpt><trkpt lat="37.833170" lon="-122.223267"><ele>195.9</ele></trkpt><trkpt lat="37.833215" lon="-122.223458"><ele>196.2</ele></trkpt><trkpt lat="37.833303" lon="-122.223664"><ele>196.5</ele></trkpt><trkpt lat="37.833455" lon="-122.223854"><ele>197.0</ele></trkpt><trkpt lat="37.833691" lon="-122.224050"><ele>197.6</ele></trkpt><trkpt lat="37.833844" lon="-122.224177"><ele>197.8</ele></trkpt><trkpt lat="37.834220" lon="-122.224513"><ele>198.1</ele></trkpt><trkpt lat="37.834354" lon="-122.224658"><ele>198.1</ele></trkpt><trkpt lat="37.834481" lon="-122.224879"><ele>198.0</ele></trkpt><trkpt lat="37.834824" lon="-122.225566"><ele>196.0</ele></trkpt><trkpt lat="37.834957" lon="-122.225831"><ele>194.7</ele></trkpt><trkpt lat="37.835110" lon="-122.226135"><ele>192.7</ele></trkpt><trkpt lat="37.835308" lon="-122.226523"><ele>189.2</ele></trkpt><trkpt lat="37.835350" lon="-122.226623"><ele>188.2</ele></trkpt><trkpt lat="37.835391" lon="-122.226786"><ele>186.5</ele></trkpt><trkpt lat="37.835458" lon="-122.227146"><ele>182.8</ele></trkpt><trkpt lat="37.835519" lon="-122.227361"><ele>180.5</ele></trkpt><trkpt lat="37.835729" lon="-122.227824"><ele>175.2</ele></trkpt><trkpt lat="37.835827" lon="-122.228066"><ele>173.1</ele></trkpt><trkpt lat="37.835851" lon="-122.228219"><ele>171.9</ele></trkpt><trkpt lat="37.835845" lon="-122.228375"><ele>170.7</ele></trkpt><trkpt lat="37.835829" lon="-122.228483"><ele>169.8</ele></trkpt><trkpt lat="37.835793" lon="-122.228583"><ele>168.8</ele></trkpt><trkpt lat="37.835750" lon="-122.228660"><ele>167.9</ele></trkpt><trkpt lat="37.835680" lon="-122.228759"><ele>166.5</ele></trkpt><trkpt lat="37.835522" lon="-122.228942"><ele>163.9</ele></trkpt><trkpt lat="37.835430" lon="-122.229047"><ele>162.5</ele></trkpt><trkpt lat="37.835375" lon="-122.229169"><ele>161.4</ele></trkpt><trkpt lat="37.835363" lon="-122.229273"><ele>160.5</ele></trkpt><trkpt lat="37.835366" lon="-122.229366"><ele>159.8</ele></trkpt><trkpt lat="37.835387" lon="-122.229444"><ele>159.2</ele></trkpt><trkpt lat="37.835406" lon="-122.229503"><ele>158.7</ele></trkpt><trkpt lat="37.835458" lon="-122.229584"><ele>157.8</ele></trkpt><trkpt lat="37.835546" lon="-122.229679"><ele>156.9</ele></trkpt><trkpt lat="37.835940" lon="-122.230014"><ele>153.0</ele></trkpt><trkpt lat="37.836044" lon="-122.230174"><ele>151.5</ele></trkpt><trkpt lat="37.836113" lon="-122.230321"><ele>150.2</ele></trkpt><trkpt lat="37.836182" lon="-122.230598"><ele>147.9</ele></trkpt><trkpt lat="37.836235" lon="-122.230969"><ele>144.8</ele></trkpt><trkpt lat="37.836263" lon="-122.231171"><ele>143.1</ele></trkpt><trkpt lat="37.836313" lon="-122.231395"><ele>141.3</ele></trkpt><trkpt lat="37.836320" lon="-122.231427"><ele>141.1</ele></trkpt><trkpt lat="37.836380" lon="-122.231647"><ele>139.4</ele></trkpt><trkpt lat="37.836486" lon="-122.231882"><ele>137.4</ele></trkpt><trkpt lat="37.836689" lon="-122.232184"><ele>134.4</ele></trkpt><trkpt lat="37.837043" lon="-122.232570"><ele>130.2</ele></trkpt><trkpt lat="37.837595" lon="-122.233174"><ele>123.1</ele></trkpt><trkpt lat="37.838285" lon="-122.233932"><ele>114.3</ele></trkpt><trkpt lat="37.838488" lon="-122.234159"><ele>112.2</ele></trkpt><trkpt lat="37.838928" lon="-122.234657"><ele>107.5</ele></trkpt><trkpt lat="37.839402" lon="-122.235283"><ele>101.7</ele></trkpt><trkpt lat="37.839959" lon="-122.236124"><ele>94.1</ele></trkpt><trkpt lat="37.840300" lon="-122.236799"><ele>89.5</ele></trkpt><trkpt lat="37.840509" lon="-122.237212"><ele>86.6</ele></trkpt><trkpt lat="37.840588" lon="-122.237367"><ele>85.7</ele></trkpt><trkpt lat="37.840701" lon="-122.237597"><ele>84.7</ele></trkpt><trkpt lat="37.840755" lon="-122.237639"><ele>84.4</ele></trkpt><trkpt lat="37.840801" lon="-122.237656"><ele>84.2</ele></trkpt><trkpt lat="37.840923" lon="-122.237671"><ele>83.7</ele></trkpt><trkpt lat="37.840922" lon="-122.237719"><ele>83.5</ele></trkpt><trkpt lat="37.840908" lon="-122.237934"><ele>83.2</ele></trkpt><trkpt lat="37.840902" lon="-122.238084"><ele>83.0</ele></trkpt><trkpt lat="37.840908" lon="-122.238259"><ele>82.8</ele></trkpt><trkpt lat="37.840921" lon="-122.238624"><ele>82.4</ele></trkpt><trkpt lat="37.840926" lon="-122.238835"><ele>82.2</ele></trkpt><trkpt lat="37.840927" lon="-122.239030"><ele>82.0</ele></trkpt><trkpt lat="37.840922" lon="-122.239168"><ele>81.8</ele></trkpt><trkpt lat="37.840904" lon="-122.239319"><ele>81.6</ele></trkpt><trkpt lat="37.840877" lon="-122.239440"><ele>81.3</ele></trkpt><trkpt lat="37.840842" lon="-122.239560"><ele>81.1</ele></trkpt><trkpt lat="37.840833" lon="-122.239587"><ele>81.1</ele></trkpt><trkpt lat="37.840797" lon="-122.239693"><ele>80.8</ele></trkpt><trkpt lat="37.840741" lon="-122.239817"><ele>80.6</ele></trkpt><trkpt lat="37.840676" lon="-122.239935"><ele>80.4</ele></trkpt><trkpt lat="37.840536" lon="-122.240166"><ele>80.0</ele></trkpt><trkpt lat="37.839949" lon="-122.241097"><ele>79.2</ele></trkpt><trkpt lat="37.839900" lon="-122.241198"><ele>79.2</ele></trkpt><trkpt lat="37.839864" lon="-122.241308"><ele>79.2</ele></trkpt><trkpt lat="37.839711" lon="-122.242093"><ele>79.2</ele></trkpt><trkpt lat="37.839705" lon="-122.242129"><ele>79.2</ele></trkpt><trkpt lat="37.839702" lon="-122.242147"><ele>79.2</ele></trkpt><trkpt lat="37.839696" lon="-122.242174"><ele>79.2</ele></trkpt><trkpt lat="37.839640" lon="-122.242489"><ele>79.2</ele></trkpt><trkpt lat="37.839617" lon="-122.242601"><ele>79.2</ele></trkpt><trkpt lat="37.839376" lon="-122.243758"><ele>76.8</ele></trkpt><trkpt lat="37.839352" lon="-122.243856"><ele>76.5</ele></trkpt><trkpt lat="37.839452" lon="-122.243937"><ele>76.0</ele></trkpt><trkpt lat="37.839478" lon="-122.243955"><ele>75.9</ele></trkpt><trkpt lat="37.839603" lon="-122.244042"><ele>75.3</ele></trkpt><trkpt lat="37.839714" lon="-122.244127"><ele>74.7</ele></trkpt><trkpt lat="37.839812" lon="-122.244214"><ele>74.1</ele></trkpt><trkpt lat="37.839978" lon="-122.244398"><ele>72.9</ele></trkpt><trkpt lat="37.840072" lon="-122.244602"><ele>71.6</ele></trkpt><trkpt lat="37.840713" lon="-122.246265"><ele>60.3</ele></trkpt><trkpt lat="37.840794" lon="-122.246475"><ele>59.0</ele></trkpt><trkpt lat="37.840835" lon="-122.246582"><ele>58.4</ele></trkpt><trkpt lat="37.840868" lon="-122.246664"><ele>57.9</ele></trkpt><trkpt lat="37.840982" lon="-122.246954"><ele>56.4</ele></trkpt><trkpt lat="37.841079" lon="-122.247190"><ele>55.2</ele></trkpt><trkpt lat="37.841141" lon="-122.247345"><ele>54.4</ele></trkpt><trkpt lat="37.841367" lon="-122.247933"><ele>51.5</ele></trkpt><trkpt lat="37.841374" lon="-122.248075"><ele>51.0</ele></trkpt><trkpt lat="37.841334" lon="-122.248251"><ele>50.5</ele></trkpt><trkpt lat="37.841292" lon="-122.248384"><ele>50.1</ele></trkpt><trkpt lat="37.841138" lon="-122.248788"><ele>49.1</ele></trkpt><trkpt lat="37.840841" lon="-122.249557"><ele>48.2</ele></trkpt><trkpt lat="37.840718" lon="-122.249880"><ele>47.8</ele></trkpt><trkpt lat="37.840532" lon="-122.250355"><ele>47.1</ele></trkpt><trkpt lat="37.840353" lon="-122.250826"><ele>46.9</ele></trkpt><trkpt lat="37.840298" lon="-122.250965"><ele>46.9</ele></trkpt><trkpt lat="37.840268" lon="-122.251042"><ele>46.9</ele></trkpt><trkpt lat="37.840198" lon="-122.251226"><ele>47.1</ele></trkpt><trkpt lat="37.840181" lon="-122.251262"><ele>47.1</ele></trkpt><trkpt lat="37.840080" lon="-122.251356"><ele>47.3</ele></trkpt><trkpt lat="37.840238" lon="-122.251372"><ele>47.4</ele></trkpt><trkpt lat="37.840884" lon="-122.251433"><ele>48.5</ele></trkpt><trkpt lat="37.840931" lon="-122.251437"><ele>48.6</ele></trkpt><trkpt lat="37.841041" lon="-122.251447"><ele>48.8</ele></trkpt><trkpt lat="37.841109" lon="-122.251453"><ele>49.0</ele></trkpt><trkpt lat="37.841141" lon="-122.251456"><ele>49.0</ele></trkpt><trkpt lat="37.841624" lon="-122.251504"><ele>50.5</ele></trkpt><trkpt lat="37.841692" lon="-122.251511"><ele>50.7</ele></trkpt><trkpt lat="37.841739" lon="-122.251515"><ele>50.9</ele></trkpt><trkpt lat="37.841804" lon="-122.251521"><ele>51.2</ele></trkpt><trkpt lat="37.841935" lon="-122.251533"><ele>51.7</ele></trkpt><trkpt lat="37.842142" lon="-122.251555"><ele>52.4</ele></trkpt><trkpt lat="37.842206" lon="-122.251562"><ele>52.6</ele></trkpt><trkpt lat="37.842364" lon="-122.251580"><ele>53.1</ele></trkpt><trkpt lat="37.842543" lon="-122.251598"><ele>53.7</ele></trkpt><trkpt lat="37.842615" lon="-122.251606"><ele>53.9</ele></trkpt><trkpt lat="37.842715" lon="-122.251616"><ele>54.1</ele></trkpt><trkpt lat="37.842786" lon="-122.251624"><ele>54.3</ele></trkpt><trkpt lat="37.843241" lon="-122.251669"><ele>55.2</ele></trkpt><trkpt lat="37.843282" lon="-122.251673"><ele>55.3</ele></trkpt><trkpt lat="37.843378" lon="-122.251682"><ele>55.4</ele></trkpt><trkpt lat="37.843451" lon="-122.251690"><ele>55.5</ele></trkpt><trkpt lat="37.843728" lon="-122.251717"><ele>56.1</ele></trkpt><trkpt lat="37.843949" lon="-122.251736"><ele>56.6</ele></trkpt><trkpt lat="37.844020" lon="-122.251744"><ele>56.7</ele></trkpt><trkpt lat="37.844064" lon="-122.251633"><ele>57.0</ele></trkpt><trkpt lat="37.844143" lon="-122.251433"><ele>57.1</ele></trkpt><trkpt lat="37.844147" lon="-122.251422"><ele>57.1</ele></trkpt><trkpt lat="37.844266" lon="-122.251118"><ele>57.2</ele></trkpt><trkpt lat="37.844305" lon="-122.251142"><ele>57.3</ele></trkpt><trkpt lat="37.844317" lon="-122.251150"><ele>57.3</ele></trkpt><trkpt lat="37.844331" lon="-122.251159"><ele>57.3</ele></trkpt><trkpt lat="37.844619" lon="-122.251340"><ele>57.3</ele></trkpt><trkpt lat="37.844927" lon="-122.251527"><ele>57.3</ele></trkpt></trkseg></trk>
</gpx>