<?xml version="1.0" encoding="UTF-8"?>
<gpx version="1.1" creator="north-bay-planning" xmlns="http://www.topografix.com/GPX/1/1">
<metadata><name>Headlands dirt loop from Richmond</name><desc>Richmond Amtrak over the bridge to the Headlands fire roads and back</desc></metadata>
<trk><name>Headlands dirt loop</name><trkseg><trkpt lat="37.936831" lon="-122.353600"><ele>8.2</ele></trkpt><trkpt lat="37.936830" lon="-122.353780"><ele>8.5</ele></trkpt><trkpt lat="37.936899" lon="-122.354163"><ele>9.0</ele></trkpt><trkpt lat="37.936887" lon="-122.354187"><ele>9.0</ele></trkpt><trkpt lat="37.936838" lon="-122.354281"><ele>9.2</ele></trkpt><trkpt lat="37.936838" lon="-122.354406"><ele>9.2</ele></trkpt><trkpt lat="37.936836" lon="-122.355227"><ele>10.0</ele></trkpt><trkpt lat="37.936847" lon="-122.356198"><ele>12.2</ele></trkpt><trkpt lat="37.936883" lon="-122.356199"><ele>12.3</ele></trkpt><trkpt lat="37.936937" lon="-122.356200"><ele>12.5</ele></trkpt><trkpt lat="37.937112" lon="-122.356201"><ele>12.7</ele></trkpt><trkpt lat="37.937585" lon="-122.356206"><ele>13.2</ele></trkpt><trkpt lat="37.938018" lon="-122.356200"><ele>13.7</ele></trkpt><trkpt lat="37.938286" lon="-122.356196"><ele>13.7</ele></trkpt><trkpt lat="37.938362" lon="-122.356195"><ele>13.7</ele></trkpt><trkpt lat="37.938508" lon="-122.356191"><ele>13.7</ele></trkpt><trkpt lat="37.938508" lon="-122.356313"><ele>13.6</ele></trkpt><trkpt lat="37.938508" lon="-122.357008"><ele>11.7</ele></trkpt><trkpt lat="37.938508" lon="-122.357122"><ele>11.5</ele></trkpt><trkpt lat="37.938886" lon="-122.357123"><ele>10.4</ele></trkpt><trkpt lat="37.939510" lon="-122.357131"><ele>9.3</ele></trkpt><trkpt lat="37.939967" lon="-122.357136"><ele>8.6</ele></trkpt><trkpt lat="37.939970" lon="-122.358086"><ele>7.8</ele></trkpt><trkpt lat="37.939967" lon="-122.359044"><ele>7.4</ele></trkpt><trkpt lat="37.939965" lon="-122.359705"><ele>6.9</ele></trkpt><trkpt lat="37.939965" lon="-122.359888"><ele>6.7</ele></trkpt><trkpt lat="37.939967" lon="-122.359904"><ele>6.7</ele></trkpt><trkpt lat="37.939989" lon="-122.359987"><ele>6.6</ele></trkpt><trkpt lat="37.940020" lon="-122.360085"><ele>6.5</ele></trkpt><trkpt lat="37.940316" lon="-122.360714"><ele>5.7</ele></trkpt><trkpt lat="37.940332" lon="-122.360797"><ele>5.5</ele></trkpt><trkpt lat="37.940348" lon="-122.360879"><ele>5.4</ele></trkpt><trkpt lat="37.940354" lon="-122.360961"><ele>5.2</ele></trkpt><trkpt lat="37.940357" lon="-122.360997"><ele>5.1</ele></trkpt><trkpt lat="37.940355" lon="-122.361708"><ele>4.6</ele></trkpt><trkpt lat="37.940356" lon="-122.361798"><ele>4.6</ele></trkpt><trkpt lat="37.940356" lon="-122.361888"><ele>4.6</ele></trkpt><trkpt lat="37.940357" lon="-122.362756"><ele>4.9</ele></trkpt><trkpt lat="37.941010" lon="-122.362758"><ele>4.9</ele></trkpt><trkpt lat="37.941084" lon="-122.362758"><ele>4.9</ele></trkpt><trkpt lat="37.941156" lon="-122.362758"><ele>4.9</ele></trkpt><trkpt lat="37.941463" lon="-122.362756"><ele>5.0</ele></trkpt><trkpt lat="37.941559" lon="-122.362715"><ele>5.1</ele></trkpt><trkpt lat="37.941723" lon="-122.362641"><ele>5.2</ele></trkpt><trkpt lat="37.941762" lon="-122.362623"><ele>5.2</ele></trkpt><trkpt lat="37.941837" lon="-122.362619"><ele>5.2</ele></trkpt><trkpt lat="37.942384" lon="-122.362620"><ele>5.5</ele></trkpt><trkpt lat="37.942500" lon="-122.362617"><ele>5.5</ele></trkpt><trkpt lat="37.942556" lon="-122.362616"><ele>5.5</ele></trkpt><trkpt lat="37.942630" lon="-122.362617"><ele>5.5</ele></trkpt><trkpt lat="37.942706" lon="-122.362618"><ele>5.5</ele></trkpt><trkpt lat="37.942725" lon="-122.362618"><ele>5.5</ele></trkpt><trkpt lat="37.942903" lon="-122.362621"><ele>5.5</ele></trkpt><trkpt lat="37.944158" lon="-122.362613"><ele>6.0</ele></trkpt><trkpt lat="37.944286" lon="-122.362638"><ele>5.9</ele></trkpt><trkpt lat="37.944445" lon="-122.362670"><ele>5.8</ele></trkpt><trkpt lat="37.944585" lon="-122.362715"><ele>5.7</ele></trkpt><trkpt lat="37.944669" lon="-122.362743"><ele>5.7</ele></trkpt><trkpt lat="37.946044" lon="-122.362724"><ele>5.8</ele></trkpt><trkpt lat="37.946149" lon="-122.362723"><ele>5.8</ele></trkpt><trkpt lat="37.946273" lon="-122.362723"><ele>5.9</ele></trkpt><trkpt lat="37.947022" lon="-122.362721"><ele>7.1</ele></trkpt><trkpt lat="37.947198" lon="-122.362730"><ele>7.6</ele></trkpt><trkpt lat="37.947327" lon="-122.362807"><ele>7.7</ele></trkpt><trkpt lat="37.947428" lon="-122.362901"><ele>7.8</ele></trkpt><trkpt lat="37.947530" lon="-122.363047"><ele>7.9</ele></trkpt><trkpt lat="37.947793" lon="-122.363539"><ele>7.5</ele></trkpt><trkpt lat="37.948167" lon="-122.364241"><ele>6.5</ele></trkpt><trkpt lat="37.947715" lon="-122.364718"><ele>5.5</ele></trkpt><trkpt lat="37.947599" lon="-122.364840"><ele>5.1</ele></trkpt><trkpt lat="37.947510" lon="-122.364934"><ele>4.7</ele></trkpt><trkpt lat="37.947400" lon="-122.365050"><ele>4.3</ele></trkpt><trkpt lat="37.947164" lon="-122.365300"><ele>3.7</ele></trkpt><trkpt lat="37.946875" lon="-122.365604"><ele>3.1</ele></trkpt><trkpt lat="37.946654" lon="-122.365837"><ele>2.6</ele></trkpt><trkpt lat="37.946572" lon="-122.365924"><ele>2.4</ele></trkpt><trkpt lat="37.946508" lon="-122.365991"><ele>2.2</ele></trkpt><trkpt lat="37.946406" lon="-122.366086"><ele>2.1</ele></trkpt><trkpt lat="37.946303" lon="-122.366189"><ele>1.9</ele></trkpt><trkpt lat="37.946058" lon="-122.366437"><ele>1.6</ele></trkpt><trkpt lat="37.946004" lon="-122.366491"><ele>1.5</ele></trkpt><trkpt lat="37.945885" lon="-122.366611"><ele>1.3</ele></trkpt><trkpt lat="37.945554" lon="-122.366944"><ele>1.0</ele></trkpt><trkpt lat="37.945472" lon="-122.367055"><ele>1.0</ele></trkpt><trkpt lat="37.945418" lon="-122.367210"><ele>1.1</ele></trkpt><trkpt lat="37.945398" lon="-122.367433"><ele>1.2</ele></trkpt><trkpt lat="37.945474" lon="-122.368110"><ele>1.8</ele></trkpt><trkpt lat="37.945477" lon="-122.368140"><ele>1.8</ele></trkpt><trkpt lat="37.945511" lon="-122.368439"><ele>2.1</ele></trkpt><trkpt lat="37.945540" lon="-122.368701"><ele>2.3</ele></trkpt><trkpt lat="37.945577" lon="-122.369024"><ele>2.5</ele></trkpt><trkpt lat="37.945587" lon="-122.369117"><ele>2.6</ele></trkpt><trkpt lat="37.945607" lon="-122.369293"><ele>2.6</ele></trkpt><trkpt lat="37.945674" lon="-122.369892"><ele>2.4</ele></trkpt><trkpt lat="37.945683" lon="-122.369975"><ele>2.3</ele></trkpt><trkpt lat="37.945717" lon="-122.370271"><ele>2.1</ele></trkpt><trkpt lat="37.945730" lon="-122.370386"><ele>2.0</ele></trkpt><trkpt lat="37.945781" lon="-122.370625"><ele>1.7</ele></trkpt><trkpt lat="37.945870" lon="-122.370823"><ele>1.5</ele></trkpt><trkpt lat="37.945995" lon="-122.371001"><ele>1.3</ele></trkpt><trkpt lat="37.946132" lon="-122.371110"><ele>1.1</ele></trkpt><trkpt lat="37.946267" lon="-122.371184"><ele>1.0</ele></trkpt><trkpt lat="37.946411" lon="-122.371248"><ele>0.9</ele></trkpt><trkpt lat="37.946500" lon="-122.371283"><ele>0.9</ele></trkpt><trkpt lat="37.946699" lon="-122.371401"><ele>0.9</ele></trkpt><trkpt lat="37.946860" lon="-122.371556"><ele>1.0</ele></trkpt><trkpt lat="37.946946" lon="-122.371654"><ele>1.0</ele></trkpt><trkpt lat="37.947024" lon="-122.371792"><ele>1.1</ele></trkpt><trkpt lat="37.946414" lon="-122.372301"><ele>2.1</ele></trkpt><trkpt lat="37.944375" lon="-122.373739"><ele>0.8</ele></trkpt><trkpt lat="37.942377" lon="-122.375185"><ele>0.6</ele></trkpt><trkpt lat="37.941921" lon="-122.375527"><ele>0.3</ele></trkpt><trkpt lat="37.941717" lon="-122.375668"><ele>0.1</ele></trkpt><trkpt lat="37.940939" lon="-122.376226"><ele>0.5</ele></trkpt><trkpt lat="37.939509" lon="-122.377145"><ele>2.5</ele></trkpt><trkpt lat="37.938968" lon="-122.377502"><ele>3.0</ele></trkpt><trkpt lat="37.938988" lon="-122.377662"><ele>3.0</ele></trkpt><trkpt lat="37.938966" lon="-122.377751"><ele>3.0</ele></trkpt><trkpt lat="37.938873" lon="-122.377832"><ele>3.0</ele></trkpt><trkpt lat="37.938807" lon="-122.377929"><ele>3.0</ele></trkpt><trkpt lat="37.938568" lon="-122.378113"><ele>3.0</ele></trkpt><trkpt lat="37.938460" lon="-122.378214"><ele>3.0</ele></trkpt><trkpt lat="37.938270" lon="-122.378381"><ele>2.9</ele></trkpt><trkpt lat="37.938078" lon="-122.378537"><ele>2.7</ele></trkpt><trkpt lat="37.937911" lon="-122.378653"><ele>2.3</ele></trkpt><trkpt lat="37.937772" lon="-122.378759"><ele>1.9</ele></trkpt><trkpt lat="37.937675" lon="-122.378772"><ele>1.7</ele></trkpt><trkpt lat="37.937636" lon="-122.378831"><ele>1.6</ele></trkpt><trkpt lat="37.937612" lon="-122.378898"><ele>1.4</ele></trkpt><trkpt lat="37.937600" lon="-122.379034"><ele>1.1</ele></trkpt><trkpt lat="37.937588" lon="-122.379529"><ele>0.0</ele></trkpt><trkpt lat="37.937585" lon="-122.379624"><ele>-0.0</ele></trkpt><trkpt lat="37.937573" lon="-122.379734"><ele>-0.1</ele></trkpt><trkpt lat="37.937486" lon="-122.379913"><ele>-0.2</ele></trkpt><trkpt lat="37.937379" lon="-122.380058"><ele>-0.3</ele></trkpt><trkpt lat="37.937319" lon="-122.380056"><ele>-0.3</ele></trkpt><trkpt lat="37.937230" lon="-122.380055"><ele>-0.3</ele></trkpt><trkpt lat="37.937108" lon="-122.380050"><ele>-0.3</ele></trkpt><trkpt lat="37.937188" lon="-122.380187"><ele>-0.3</ele></trkpt><trkpt lat="37.937221" lon="-122.380233"><ele>-0.3</ele></trkpt><trkpt lat="37.937228" lon="-122.380514"><ele>-0.2</ele></trkpt><trkpt lat="37.937223" lon="-122.380821"><ele>0.1</ele></trkpt><trkpt lat="37.937202" lon="-122.381185"><ele>0.5</ele></trkpt><trkpt lat="37.937200" lon="-122.381478"><ele>1.0</ele></trkpt><trkpt lat="37.937200" lon="-122.381538"><ele>1.1</ele></trkpt><trkpt lat="37.937189" lon="-122.381790"><ele>1.5</ele></trkpt><trkpt lat="37.937216" lon="-122.381873"><ele>1.7</ele></trkpt><trkpt lat="37.937250" lon="-122.381873"><ele>1.8</ele></trkpt><trkpt lat="37.937288" lon="-122.381870"><ele>1.9</ele></trkpt><trkpt lat="37.937363" lon="-122.381870"><ele>2.0</ele></trkpt><trkpt lat="37.937408" lon="-122.381861"><ele>2.1</ele></trkpt><trkpt lat="37.937379" lon="-122.382778"><ele>2.7</ele></trkpt><trkpt lat="37.937367" lon="-122.383555"><ele>2.7</ele></trkpt><trkpt lat="37.937333" lon="-122.384387"><ele>2.6</ele></trkpt><trkpt lat="37.937302" lon="-122.384926"><ele>2.1</ele></trkpt><trkpt lat="37.937570" lon="-122.384941"><ele>2.1</ele></trkpt><trkpt lat="37.937302" lon="-122.384926"><ele>2.1</ele></trkpt><trkpt lat="37.937333" lon="-122.384387"><ele>2.6</ele></trkpt><trkpt lat="37.937367" lon="-122.383555"><ele>2.7</ele></trkpt><trkpt lat="37.937379" lon="-122.382778"><ele>2.7</ele></trkpt><trkpt lat="37.937408" lon="-122.381861"><ele>2.2</ele></trkpt><trkpt lat="37.937363" lon="-122.381870"><ele>2.1</ele></trkpt><trkpt lat="37.937288" lon="-122.381870"><ele>1.9</ele></trkpt><trkpt lat="37.937250" lon="-122.381873"><ele>1.8</ele></trkpt><trkpt lat="37.937216" lon="-122.381873"><ele>1.7</ele></trkpt><trkpt lat="37.937189" lon="-122.381790"><ele>1.6</ele></trkpt><trkpt lat="37.937200" lon="-122.381538"><ele>1.1</ele></trkpt><trkpt lat="37.937200" lon="-122.381478"><ele>1.0</ele></trkpt><trkpt lat="37.937202" lon="-122.381185"><ele>0.5</ele></trkpt><trkpt lat="37.937223" lon="-122.380821"><ele>0.2</ele></trkpt><trkpt lat="37.937228" lon="-122.380514"><ele>0.1</ele></trkpt><trkpt lat="37.937221" lon="-122.380233"><ele>0.0</ele></trkpt><trkpt lat="37.937188" lon="-122.380187"><ele>0.0</ele></trkpt><trkpt lat="37.937108" lon="-122.380050"><ele>0.0</ele></trkpt><trkpt lat="37.936802" lon="-122.380055"><ele>-0.0</ele></trkpt><trkpt lat="37.936726" lon="-122.380052"><ele>-0.1</ele></trkpt><trkpt lat="37.936549" lon="-122.380092"><ele>-0.2</ele></trkpt><trkpt lat="37.936336" lon="-122.380226"><ele>-0.3</ele></trkpt><trkpt lat="37.935562" lon="-122.380748"><ele>0.3</ele></trkpt><trkpt lat="37.934410" lon="-122.381510"><ele>1.5</ele></trkpt><trkpt lat="37.934213" lon="-122.381645"><ele>1.7</ele></trkpt><trkpt lat="37.933999" lon="-122.381140"><ele>1.9</ele></trkpt><trkpt lat="37.933754" lon="-122.381349"><ele>2.1</ele></trkpt><trkpt lat="37.933064" lon="-122.381973"><ele>2.0</ele></trkpt><trkpt lat="37.932267" lon="-122.382691"><ele>2.1</ele></trkpt><trkpt lat="37.931577" lon="-122.383316"><ele>2.8</ele></trkpt><trkpt lat="37.931471" lon="-122.383411"><ele>3.0</ele></trkpt><trkpt lat="37.931366" lon="-122.383509"><ele>3.0</ele></trkpt><trkpt lat="37.931311" lon="-122.383563"><ele>3.0</ele></trkpt><trkpt lat="37.931263" lon="-122.383609"><ele>3.0</ele></trkpt><trkpt lat="37.931203" lon="-122.383673"><ele>3.0</ele></trkpt><trkpt lat="37.931151" lon="-122.383732"><ele>3.0</ele></trkpt><trkpt lat="37.931098" lon="-122.383797"><ele>3.0</ele></trkpt><trkpt lat="37.931049" lon="-122.383864"><ele>3.0</ele></trkpt><trkpt lat="37.930699" lon="-122.384360"><ele>3.0</ele></trkpt><trkpt lat="37.930236" lon="-122.385016"><ele>3.4</ele></trkpt><trkpt lat="37.930131" lon="-122.385177"><ele>3.8</ele></trkpt><trkpt lat="37.930050" lon="-122.385292"><ele>4.1</ele></trkpt><trkpt lat="37.929803" lon="-122.385653"><ele>4.8</ele></trkpt><trkpt lat="37.929698" lon="-122.385803"><ele>5.0</ele></trkpt><trkpt lat="37.929591" lon="-122.385950"><ele>5.3</ele></trkpt><trkpt lat="37.929547" lon="-122.386008"><ele>5.3</ele></trkpt><trkpt lat="37.929431" lon="-122.386176"><ele>5.5</ele></trkpt><trkpt lat="37.929424" lon="-122.386186"><ele>5.5</ele></trkpt><trkpt lat="37.929309" lon="-122.386351"><ele>5.7</ele></trkpt><trkpt lat="37.929241" lon="-122.386470"><ele>5.9</ele></trkpt><trkpt lat="37.929197" lon="-122.386585"><ele>6.0</ele></trkpt><trkpt lat="37.929167" lon="-122.386699"><ele>6.1</ele></trkpt><trkpt lat="37.929146" lon="-122.386826"><ele>6.2</ele></trkpt><trkpt lat="37.929115" lon="-122.386974"><ele>6.3</ele></trkpt><trkpt lat="37.929090" lon="-122.387046"><ele>6.4</ele></trkpt><trkpt lat="37.929052" lon="-122.387107"><ele>6.6</ele></trkpt><trkpt lat="37.929017" lon="-122.387143"><ele>6.8</ele></trkpt><trkpt lat="37.928964" lon="-122.387153"><ele>7.0</ele></trkpt><trkpt lat="37.928820" lon="-122.387188"><ele>7.5</ele></trkpt><trkpt lat="37.928745" lon="-122.387160"><ele>7.7</ele></trkpt><trkpt lat="37.928791" lon="-122.387386"><ele>8.3</ele></trkpt><trkpt lat="37.928834" lon="-122.387372"><ele>8.4</ele></trkpt><trkpt lat="37.928839" lon="-122.387371"><ele>8.5</ele></trkpt><trkpt lat="37.928885" lon="-122.387373"><ele>8.6</ele></trkpt><trkpt lat="37.928921" lon="-122.387413"><ele>8.7</ele></trkpt><trkpt lat="37.928963" lon="-122.387489"><ele>8.9</ele></trkpt><trkpt lat="37.929139" lon="-122.387870"><ele>9.9</ele></trkpt><trkpt lat="37.929282" lon="-122.388198"><ele>10.6</ele></trkpt><trkpt lat="37.929484" lon="-122.388677"><ele>11.2</ele></trkpt><trkpt lat="37.929623" lon="-122.389053"><ele>11.6</ele></trkpt><trkpt lat="37.929705" lon="-122.389342"><ele>11.9</ele></trkpt><trkpt lat="37.929754" lon="-122.389617"><ele>12.1</ele></trkpt><trkpt lat="37.929780" lon="-122.389887"><ele>12.3</ele></trkpt><trkpt lat="37.929796" lon="-122.390222"><ele>12.4</ele></trkpt><trkpt lat="37.929817" lon="-122.390740"><ele>11.8</ele></trkpt><trkpt lat="37.929825" lon="-122.390854"><ele>11.6</ele></trkpt><trkpt lat="37.929831" lon="-122.391003"><ele>11.3</ele></trkpt><trkpt lat="37.929840" lon="-122.391123"><ele>11.1</ele></trkpt><trkpt lat="37.929891" lon="-122.391282"><ele>10.8</ele></trkpt><trkpt lat="37.930075" lon="-122.391683"><ele>10.0</ele></trkpt><trkpt lat="37.930208" lon="-122.392024"><ele>9.9</ele></trkpt><trkpt lat="37.930228" lon="-122.392085"><ele>9.8</ele></trkpt><trkpt lat="37.930287" lon="-122.392109"><ele>9.8</ele></trkpt><trkpt lat="37.930366" lon="-122.392074"><ele>9.8</ele></trkpt><trkpt lat="37.930467" lon="-122.392031"><ele>9.6</ele></trkpt><trkpt lat="37.931090" lon="-122.391703"><ele>8.8</ele></trkpt><trkpt lat="37.931398" lon="-122.391640"><ele>8.8</ele></trkpt><trkpt lat="37.931490" lon="-122.391660"><ele>9.0</ele></trkpt><trkpt lat="37.931525" lon="-122.391671"><ele>9.0</ele></trkpt><trkpt lat="37.931562" lon="-122.391688"><ele>9.1</ele></trkpt><trkpt lat="37.931592" lon="-122.391713"><ele>9.2</ele></trkpt><trkpt lat="37.931616" lon="-122.391742"><ele>9.2</ele></trkpt><trkpt lat="37.931636" lon="-122.391778"><ele>9.3</ele></trkpt><trkpt lat="37.931651" lon="-122.391818"><ele>9.3</ele></trkpt><trkpt lat="37.931659" lon="-122.391860"><ele>9.4</ele></trkpt><trkpt lat="37.931662" lon="-122.391902"><ele>9.5</ele></trkpt><trkpt lat="37.931664" lon="-122.392002"><ele>9.6</ele></trkpt><trkpt lat="37.931666" lon="-122.392121"><ele>9.8</ele></trkpt><trkpt lat="37.931669" lon="-122.392172"><ele>9.9</ele></trkpt><trkpt lat="37.931676" lon="-122.392206"><ele>10.1</ele></trkpt><trkpt lat="37.932047" lon="-122.393005"><ele>13.6</ele></trkpt><trkpt lat="37.932337" lon="-122.393678"><ele>16.4</ele></trkpt><trkpt lat="37.932461" lon="-122.394040"><ele>17.6</ele></trkpt><trkpt lat="37.932606" lon="-122.394543"><ele>18.8</ele></trkpt><trkpt lat="37.932692" lon="-122.395052"><ele>19.6</ele></trkpt><trkpt lat="37.932762" lon="-122.395458"><ele>19.8</ele></trkpt><trkpt lat="37.932787" lon="-122.395941"><ele>19.8</ele></trkpt><trkpt lat="37.932785" lon="-122.396426"><ele>19.8</ele></trkpt><trkpt lat="37.932759" lon="-122.396821"><ele>19.9</ele></trkpt><trkpt lat="37.932721" lon="-122.397151"><ele>20.1</ele></trkpt><trkpt lat="37.932662" lon="-122.397478"><ele>19.4</ele></trkpt><trkpt lat="37.932568" lon="-122.397894"><ele>18.1</ele></trkpt><trkpt lat="37.932448" lon="-122.398370"><ele>17.0</ele></trkpt><trkpt lat="37.932340" lon="-122.398828"><ele>15.9</ele></trkpt><trkpt lat="37.932267" lon="-122.399162"><ele>15.1</ele></trkpt><trkpt lat="37.932220" lon="-122.399449"><ele>14.5</ele></trkpt><trkpt lat="37.932183" lon="-122.399821"><ele>13.6</ele></trkpt><trkpt lat="37.932177" lon="-122.399881"><ele>13.5</ele></trkpt><trkpt lat="37.932177" lon="-122.399963"><ele>13.3</ele></trkpt><trkpt lat="37.932182" lon="-122.400052"><ele>13.2</ele></trkpt><trkpt lat="37.932192" lon="-122.400159"><ele>13.0</ele></trkpt><trkpt lat="37.932208" lon="-122.400260"><ele>12.8</ele></trkpt><trkpt lat="37.932219" lon="-122.400321"><ele>12.7</ele></trkpt><trkpt lat="37.932236" lon="-122.400395"><ele>12.6</ele></trkpt><trkpt lat="37.932247" lon="-122.400466"><ele>12.4</ele></trkpt><trkpt lat="37.932258" lon="-122.400606"><ele>12.2</ele></trkpt><trkpt lat="37.932285" lon="-122.400959"><ele>12.7</ele></trkpt><trkpt lat="37.932301" lon="-122.401093"><ele>12.9</ele></trkpt><trkpt lat="37.932320" lon="-122.401203"><ele>13.0</ele></trkpt><trkpt lat="37.932347" lon="-122.401309"><ele>13.1</ele></trkpt><trkpt lat="37.932380" lon="-122.401389"><ele>13.2</ele></trkpt><trkpt lat="37.932409" lon="-122.401466"><ele>13.3</ele></trkpt><trkpt lat="37.932420" lon="-122.401506"><ele>13.3</ele></trkpt><trkpt lat="37.932430" lon="-122.401551"><ele>13.4</ele></trkpt><trkpt lat="37.932447" lon="-122.401595"><ele>13.4</ele></trkpt><trkpt lat="37.932494" lon="-122.401690"><ele>13.5</ele></trkpt><trkpt lat="37.932542" lon="-122.401773"><ele>13.6</ele></trkpt><trkpt lat="37.932594" lon="-122.401851"><ele>13.7</ele></trkpt><trkpt lat="37.932654" lon="-122.401936"><ele>13.8</ele></trkpt><trkpt lat="37.932720" lon="-122.402014"><ele>13.8</ele></trkpt><trkpt lat="37.932873" lon="-122.402185"><ele>13.9</ele></trkpt><trkpt lat="37.932985" lon="-122.402325"><ele>14.0</ele></trkpt><trkpt lat="37.933140" lon="-122.402532"><ele>13.8</ele></trkpt><trkpt lat="37.933247" lon="-122.402684"><ele>13.6</ele></trkpt><trkpt lat="37.933325" lon="-122.402791"><ele>13.5</ele></trkpt><trkpt lat="37.933408" lon="-122.402890"><ele>13.2</ele></trkpt><trkpt lat="37.933479" lon="-122.402971"><ele>13.0</ele></trkpt><trkpt lat="37.933579" lon="-122.403079"><ele>12.6</ele></trkpt><trkpt lat="37.933546" lon="-122.403159"><ele>12.4</ele></trkpt><trkpt lat="37.933480" lon="-122.403318"><ele>12.0</ele></trkpt><trkpt lat="37.933386" lon="-122.403437"><ele>11.5</ele></trkpt><trkpt lat="37.933345" lon="-122.403490"><ele>11.3</ele></trkpt><trkpt lat="37.933308" lon="-122.403534"><ele>11.2</ele></trkpt><trkpt lat="37.933253" lon="-122.403583"><ele>10.9</ele></trkpt><trkpt lat="37.933192" lon="-122.403622"><ele>10.7</ele></trkpt><trkpt lat="37.932924" lon="-122.403742"><ele>9.9</ele></trkpt><trkpt lat="37.932856" lon="-122.403778"><ele>9.7</ele></trkpt><trkpt lat="37.932818" lon="-122.403809"><ele>9.6</ele></trkpt><trkpt lat="37.932785" lon="-122.403858"><ele>9.5</ele></trkpt><trkpt lat="37.932767" lon="-122.403918"><ele>9.4</ele></trkpt><trkpt lat="37.932755" lon="-122.403991"><ele>9.2</ele></trkpt><trkpt lat="37.932738" lon="-122.404159"><ele>8.9</ele></trkpt><trkpt lat="37.932714" lon="-122.404536"><ele>8.3</ele></trkpt><trkpt lat="37.932698" lon="-122.404671"><ele>8.0</ele></trkpt><trkpt lat="37.932613" lon="-122.405188"><ele>6.7</ele></trkpt><trkpt lat="37.932607" lon="-122.405344"><ele>6.2</ele></trkpt><trkpt lat="37.932607" lon="-122.405444"><ele>5.8</ele></trkpt><trkpt lat="37.932608" lon="-122.406459"><ele>6.2</ele></trkpt><trkpt lat="37.932662" lon="-122.407495"><ele>5.5</ele></trkpt><trkpt lat="37.932770" lon="-122.409072"><ele>2.1</ele></trkpt><trkpt lat="37.932820" lon="-122.409767"><ele>-0.2</ele></trkpt><trkpt lat="37.932917" lon="-122.411260"><ele>-1.9</ele></trkpt><trkpt lat="37.932988" lon="-122.412350"><ele>-0.1</ele></trkpt><trkpt lat="37.933078" lon="-122.413638"><ele>0.0</ele></trkpt><trkpt lat="37.933161" lon="-122.414774"><ele>0.0</ele></trkpt><trkpt lat="37.933271" lon="-122.416456"><ele>0.0</ele></trkpt><trkpt lat="37.933418" lon="-122.418752"><ele>0.0</ele></trkpt><trkpt lat="37.933481" lon="-122.419747"><ele>0.0</ele></trkpt><trkpt lat="37.933693" lon="-122.423012"><ele>0.0</ele></trkpt><trkpt lat="37.933979" lon="-122.427111"><ele>0.0</ele></trkpt><trkpt lat="37.934175" lon="-122.430197"><ele>0.0</ele></trkpt><trkpt lat="37.934253" lon="-122.431399"><ele>0.0</ele></trkpt><trkpt lat="37.934364" lon="-122.433044"><ele>0.0</ele></trkpt><trkpt lat="37.934441" lon="-122.434292"><ele>0.0</ele></trkpt><trkpt lat="37.934574" lon="-122.436137"><ele>0.0</ele></trkpt><trkpt lat="37.934753" lon="-122.438881"><ele>0.0</ele></trkpt><trkpt lat="37.934893" lon="-122.441045"><ele>0.0</ele></trkpt><trkpt lat="37.935030" lon="-122.443083"><ele>0.0</ele></trkpt><trkpt lat="37.935114" lon="-122.444281"><ele>0.0</ele></trkpt><trkpt lat="37.935238" lon="-122.446141"><ele>0.0</ele></trkpt><trkpt lat="37.935320" lon="-122.447285"><ele>0.0</ele></trkpt><trkpt lat="37.935415" lon="-122.448599"><ele>0.0</ele></trkpt><trkpt lat="37.935501" lon="-122.449461"><ele>0.0</ele></trkpt><trkpt lat="37.935585" lon="-122.450106"><ele>0.0</ele></trkpt><trkpt lat="37.935634" lon="-122.450394"><ele>0.0</ele></trkpt><trkpt lat="37.935817" lon="-122.451483"><ele>0.0</ele></trkpt><trkpt lat="37.936110" lon="-122.452876"><ele>0.0</ele></trkpt><trkpt lat="37.936234" lon="-122.453340"><ele>0.0</ele></trkpt><trkpt lat="37.936502" lon="-122.454366"><ele>0.0</ele></trkpt><trkpt lat="37.936674" lon="-122.454961"><ele>0.0</ele></trkpt><trkpt lat="37.937065" lon="-122.456208"><ele>0.0</ele></trkpt><trkpt lat="37.937545" lon="-122.457731"><ele>0.0</ele></trkpt><trkpt lat="37.937893" lon="-122.458851"><ele>0.0</ele></trkpt><trkpt lat="37.938381" lon="-122.460391"><ele>0.0</ele></trkpt><trkpt lat="37.938865" lon="-122.461944"><ele>0.0</ele></trkpt><trkpt lat="37.939373" lon="-122.463571"><ele>0.0</ele></trkpt><trkpt lat="37.939754" lon="-122.464816"><ele>0.0</ele></trkpt><trkpt lat="37.939930" lon="-122.465385"><ele>0.0</ele></trkpt><trkpt lat="37.940337" lon="-122.466688"><ele>0.0</ele></trkpt><trkpt lat="37.940774" lon="-122.468097"><ele>0.0</ele></trkpt><trkpt lat="37.940877" lon="-122.468413"><ele>0.0</ele></trkpt><trkpt lat="37.941065" lon="-122.469083"><ele>0.0</ele></trkpt><trkpt lat="37.941102" lon="-122.469230"><ele>0.0</ele></trkpt><trkpt lat="37.941293" lon="-122.470083"><ele>0.0</ele></trkpt><trkpt lat="37.941383" lon="-122.470540"><ele>0.0</ele></trkpt><trkpt lat="37.941781" lon="-122.472795"><ele>0.0</ele></trkpt><trkpt lat="37.942210" lon="-122.475174"><ele>0.0</ele></trkpt><trkpt lat="37.942434" lon="-122.476470"><ele>0.7</ele></trkpt><trkpt lat="37.942676" lon="-122.477767"><ele>2.4</ele></trkpt><trkpt lat="37.942941" lon="-122.478559"><ele>2.9</ele></trkpt><trkpt lat="37.943015" lon="-122.478740"><ele>3.4</ele></trkpt><trkpt lat="37.943080" lon="-122.478883"><ele>3.7</ele></trkpt><trkpt lat="37.943792" lon="-122.480102"><ele>3.6</ele></trkpt><trkpt lat="37.943838" lon="-122.480065"><ele>3.6</ele></trkpt><trkpt lat="37.943885" lon="-122.480044"><ele>3.6</ele></trkpt><trkpt lat="37.943935" lon="-122.480039"><ele>3.6</ele></trkpt><trkpt lat="37.943984" lon="-122.480053"><ele>3.5</ele></trkpt><trkpt lat="37.944035" lon="-122.480084"><ele>3.5</ele></trkpt><trkpt lat="37.944154" lon="-122.480205"><ele>3.4</ele></trkpt><trkpt lat="37.944211" lon="-122.480263"><ele>3.4</ele></trkpt><trkpt lat="37.944154" lon="-122.480205"><ele>3.5</ele></trkpt><trkpt lat="37.944035" lon="-122.480084"><ele>3.9</ele></trkpt><trkpt lat="37.943984" lon="-122.480053"><ele>4.1</ele></trkpt><trkpt lat="37.943935" lon="-122.480039"><ele>4.2</ele></trkpt><trkpt lat="37.943885" lon="-122.480044"><ele>4.4</ele></trkpt><trkpt lat="37.943838" lon="-122.480065"><ele>4.5</ele></trkpt><trkpt lat="37.943792" lon="-122.480102"><ele>4.7</ele></trkpt><trkpt lat="37.943792" lon="-122.480243"><ele>4.9</ele></trkpt><trkpt lat="37.943935" lon="-122.480484"><ele>4.9</ele></trkpt><trkpt lat="37.944090" lon="-122.480743"><ele>4.9</ele></trkpt><trkpt lat="37.944198" lon="-122.480926"><ele>5.3</ele></trkpt><trkpt lat="37.944257" lon="-122.481028"><ele>5.5</ele></trkpt><trkpt lat="37.944362" lon="-122.481213"><ele>5.9</ele></trkpt><trkpt lat="37.944402" lon="-122.481287"><ele>6.1</ele></trkpt><trkpt lat="37.944438" lon="-122.481356"><ele>6.1</ele></trkpt><trkpt lat="37.944473" lon="-122.481425"><ele>6.1</ele></trkpt><trkpt lat="37.944506" lon="-122.481492"><ele>6.1</ele></trkpt><trkpt lat="37.944539" lon="-122.481563"><ele>6.1</ele></trkpt><trkpt lat="37.944570" lon="-122.481636"><ele>6.1</ele></trkpt><trkpt lat="37.944600" lon="-122.481711"><ele>6.1</ele></trkpt><trkpt lat="37.944716" lon="-122.482011"><ele>6.3</ele></trkpt><trkpt lat="37.944781" lon="-122.482184"><ele>6.5</ele></trkpt><trkpt lat="37.944918" lon="-122.482559"><ele>7.0</ele></trkpt><trkpt lat="37.945170" lon="-122.483229"><ele>6.7</ele></trkpt><trkpt lat="37.945188" lon="-122.483281"><ele>6.6</ele></trkpt><trkpt lat="37.945207" lon="-122.483337"><ele>6.6</ele></trkpt><trkpt lat="37.945228" lon="-122.483405"><ele>6.6</ele></trkpt><trkpt lat="37.945246" lon="-122.483474"><ele>6.5</ele></trkpt><trkpt lat="37.945261" lon="-122.483534"><ele>6.5</ele></trkpt><trkpt lat="37.945274" lon="-122.483593"><ele>6.5</ele></trkpt><trkpt lat="37.945287" lon="-122.483654"><ele>6.5</ele></trkpt><trkpt lat="37.945298" lon="-122.483717"><ele>6.4</ele></trkpt><trkpt lat="37.945306" lon="-122.483776"><ele>6.4</ele></trkpt><trkpt lat="37.945312" lon="-122.483841"><ele>6.4</ele></trkpt><trkpt lat="37.945317" lon="-122.483909"><ele>6.3</ele></trkpt><trkpt lat="37.945320" lon="-122.483976"><ele>6.2</ele></trkpt><trkpt lat="37.945322" lon="-122.484048"><ele>6.2</ele></trkpt><trkpt lat="37.945323" lon="-122.484118"><ele>6.1</ele></trkpt><trkpt lat="37.945321" lon="-122.484182"><ele>6.0</ele></trkpt><trkpt lat="37.945317" lon="-122.484247"><ele>6.0</ele></trkpt><trkpt lat="37.945311" lon="-122.484310"><ele>5.9</ele></trkpt><trkpt lat="37.945302" lon="-122.484381"><ele>5.9</ele></trkpt><trkpt lat="37.945291" lon="-122.484453"><ele>5.8</ele></trkpt><trkpt lat="37.945281" lon="-122.484517"><ele>5.7</ele></trkpt><trkpt lat="37.945235" lon="-122.484798"><ele>5.5</ele></trkpt><trkpt lat="37.945194" lon="-122.485050"><ele>5.3</ele></trkpt><trkpt lat="37.945169" lon="-122.485284"><ele>5.1</ele></trkpt><trkpt lat="37.945152" lon="-122.485536"><ele>4.8</ele></trkpt><trkpt lat="37.945132" lon="-122.485822"><ele>4.6</ele></trkpt><trkpt lat="37.945102" lon="-122.486323"><ele>4.1</ele></trkpt><trkpt lat="37.945099" lon="-122.486401"><ele>4.0</ele></trkpt><trkpt lat="37.945096" lon="-122.486482"><ele>4.0</ele></trkpt><trkpt lat="37.945088" lon="-122.486655"><ele>3.8</ele></trkpt><trkpt lat="37.945085" lon="-122.486887"><ele>3.6</ele></trkpt><trkpt lat="37.945086" lon="-122.486912"><ele>3.6</ele></trkpt><trkpt lat="37.945094" lon="-122.487103"><ele>3.4</ele></trkpt><trkpt lat="37.945097" lon="-122.487140"><ele>3.4</ele></trkpt><trkpt lat="37.945113" lon="-122.487306"><ele>3.3</ele></trkpt><trkpt lat="37.945134" lon="-122.487465"><ele>3.2</ele></trkpt><trkpt lat="37.945141" lon="-122.487520"><ele>3.2</ele></trkpt><trkpt lat="37.945182" lon="-122.487733"><ele>3.1</ele></trkpt><trkpt lat="37.945240" lon="-122.487971"><ele>3.0</ele></trkpt><trkpt lat="37.945261" lon="-122.488034"><ele>3.0</ele></trkpt><trkpt lat="37.945309" lon="-122.488184"><ele>2.9</ele></trkpt><trkpt lat="37.945384" lon="-122.488384"><ele>2.8</ele></trkpt><trkpt lat="37.945461" lon="-122.488566"><ele>2.7</ele></trkpt><trkpt lat="37.945488" lon="-122.488622"><ele>2.7</ele></trkpt><trkpt lat="37.945449" lon="-122.488646"><ele>2.7</ele></trkpt><trkpt lat="37.945436" lon="-122.488663"><ele>2.7</ele></trkpt><trkpt lat="37.945430" lon="-122.488677"><ele>2.7</ele></trkpt><trkpt lat="37.945433" lon="-122.488694"><ele>2.7</ele></trkpt><trkpt lat="37.945502" lon="-122.488831"><ele>2.7</ele></trkpt><trkpt lat="37.945539" lon="-122.488897"><ele>2.7</ele></trkpt><trkpt lat="37.945628" lon="-122.489044"><ele>2.7</ele></trkpt><trkpt lat="37.945753" lon="-122.489233"><ele>2.6</ele></trkpt><trkpt lat="37.945758" lon="-122.489245"><ele>2.6</ele></trkpt><trkpt lat="37.945758" lon="-122.489261"><ele>2.6</ele></trkpt><trkpt lat="37.945712" lon="-122.489356"><ele>2.6</ele></trkpt><trkpt lat="37.945702" lon="-122.489393"><ele>2.5</ele></trkpt><trkpt lat="37.945710" lon="-122.489432"><ele>2.5</ele></trkpt><trkpt lat="37.945743" lon="-122.489488"><ele>2.5</ele></trkpt><trkpt lat="37.945783" lon="-122.489555"><ele>2.5</ele></trkpt><trkpt lat="37.945825" lon="-122.489622"><ele>2.5</ele></trkpt><trkpt lat="37.945864" lon="-122.489682"><ele>2.5</ele></trkpt><trkpt lat="37.946040" lon="-122.489953"><ele>2.6</ele></trkpt><trkpt lat="37.946081" lon="-122.490018"><ele>2.7</ele></trkpt><trkpt lat="37.946122" lon="-122.490086"><ele>2.7</ele></trkpt><trkpt lat="37.946162" lon="-122.490157"><ele>2.9</ele></trkpt><trkpt lat="37.946199" lon="-122.490226"><ele>3.2</ele></trkpt><trkpt lat="37.946238" lon="-122.490302"><ele>3.5</ele></trkpt><trkpt lat="37.946274" lon="-122.490377"><ele>3.8</ele></trkpt><trkpt lat="37.946306" lon="-122.490451"><ele>4.1</ele></trkpt><trkpt lat="37.946340" lon="-122.490533"><ele>4.5</ele></trkpt><trkpt lat="37.946372" lon="-122.490613"><ele>4.8</ele></trkpt><trkpt lat="37.946399" lon="-122.490692"><ele>5.1</ele></trkpt><trkpt lat="37.946425" lon="-122.490774"><ele>5.5</ele></trkpt><trkpt lat="37.946450" lon="-122.490854"><ele>6.0</ele></trkpt><trkpt lat="37.946472" lon="-122.490937"><ele>6.5</ele></trkpt><trkpt lat="37.946492" lon="-122.491020"><ele>6.9</ele></trkpt><trkpt lat="37.946511" lon="-122.491106"><ele>7.4</ele></trkpt><trkpt lat="37.946527" lon="-122.491188"><ele>7.9</ele></trkpt><trkpt lat="37.946543" lon="-122.491277"><ele>8.4</ele></trkpt><trkpt lat="37.946555" lon="-122.491363"><ele>8.8</ele></trkpt><trkpt lat="37.946566" lon="-122.491446"><ele>9.4</ele></trkpt><trkpt lat="37.946574" lon="-122.491535"><ele>9.9</ele></trkpt><trkpt lat="37.946581" lon="-122.491620"><ele>10.4</ele></trkpt><trkpt lat="37.946586" lon="-122.491713"><ele>11.0</ele></trkpt><trkpt lat="37.946588" lon="-122.491799"><ele>11.5</ele></trkpt><trkpt lat="37.946589" lon="-122.491834"><ele>11.7</ele></trkpt><trkpt lat="37.946589" lon="-122.491890"><ele>12.1</ele></trkpt><trkpt lat="37.946588" lon="-122.491978"><ele>12.6</ele></trkpt><trkpt lat="37.946586" lon="-122.492068"><ele>13.2</ele></trkpt><trkpt lat="37.946581" lon="-122.492213"><ele>14.2</ele></trkpt><trkpt lat="37.946560" lon="-122.492497"><ele>16.3</ele></trkpt><trkpt lat="37.946557" lon="-122.492580"><ele>16.9</ele></trkpt><trkpt lat="37.946558" lon="-122.492691"><ele>17.7</ele></trkpt><trkpt lat="37.946563" lon="-122.492845"><ele>18.9</ele></trkpt><trkpt lat="37.946561" lon="-122.492930"><ele>19.6</ele></trkpt><trkpt lat="37.946543" lon="-122.493046"><ele>20.5</ele></trkpt><trkpt lat="37.946521" lon="-122.493128"><ele>21.2</ele></trkpt><trkpt lat="37.946276" lon="-122.493734"><ele>24.6</ele></trkpt><trkpt lat="37.946232" lon="-122.493731"><ele>24.7</ele></trkpt><trkpt lat="37.946217" lon="-122.493731"><ele>24.8</ele></trkpt><trkpt lat="37.946205" lon="-122.493733"><ele>24.8</ele></trkpt><trkpt lat="37.946186" lon="-122.493734"><ele>24.9</ele></trkpt><trkpt lat="37.946175" lon="-122.493747"><ele>24.9</ele></trkpt><trkpt lat="37.946163" lon="-122.493768"><ele>25.0</ele></trkpt><trkpt lat="37.946131" lon="-122.493821"><ele>25.2</ele></trkpt><trkpt lat="37.946099" lon="-122.493873"><ele>25.3</ele></trkpt><trkpt lat="37.946052" lon="-122.493950"><ele>25.2</ele></trkpt><trkpt lat="37.946039" lon="-122.494012"><ele>25.2</ele></trkpt><trkpt lat="37.946003" lon="-122.494033"><ele>25.2</ele></trkpt><trkpt lat="37.945911" lon="-122.494105"><ele>25.1</ele></trkpt><trkpt lat="37.945667" lon="-122.494433"><ele>24.9</ele></trkpt><trkpt lat="37.945532" lon="-122.494614"><ele>24.8</ele></trkpt><trkpt lat="37.945455" lon="-122.494714"><ele>24.8</ele></trkpt><trkpt lat="37.945365" lon="-122.494838"><ele>24.7</ele></trkpt><trkpt lat="37.945322" lon="-122.494901"><ele>24.5</ele></trkpt><trkpt lat="37.945284" lon="-122.494969"><ele>24.2</ele></trkpt><trkpt lat="37.945237" lon="-122.495056"><ele>23.9</ele></trkpt><trkpt lat="37.945194" lon="-122.495138"><ele>23.5</ele></trkpt><trkpt lat="37.945160" lon="-122.495210"><ele>23.3</ele></trkpt><trkpt lat="37.945140" lon="-122.495243"><ele>23.2</ele></trkpt><trkpt lat="37.945102" lon="-122.495287"><ele>23.0</ele></trkpt><trkpt lat="37.945072" lon="-122.495366"><ele>22.7</ele></trkpt><trkpt lat="37.945045" lon="-122.495442"><ele>22.3</ele></trkpt><trkpt lat="37.945019" lon="-122.495520"><ele>21.9</ele></trkpt><trkpt lat="37.944990" lon="-122.495610"><ele>21.4</ele></trkpt><trkpt lat="37.944734" lon="-122.496444"><ele>17.8</ele></trkpt><trkpt lat="37.944710" lon="-122.496520"><ele>17.5</ele></trkpt><trkpt lat="37.944687" lon="-122.496585"><ele>17.3</ele></trkpt><trkpt lat="37.944663" lon="-122.496648"><ele>17.2</ele></trkpt><trkpt lat="37.944640" lon="-122.496704"><ele>17.0</ele></trkpt><trkpt lat="37.944616" lon="-122.496757"><ele>17.0</ele></trkpt><trkpt lat="37.944590" lon="-122.496809"><ele>16.9</ele></trkpt><trkpt lat="37.944559" lon="-122.496869"><ele>16.9</ele></trkpt><trkpt lat="37.944526" lon="-122.496928"><ele>16.8</ele></trkpt><trkpt lat="37.944488" lon="-122.496991"><ele>16.7</ele></trkpt><trkpt lat="37.944449" lon="-122.497049"><ele>16.7</ele></trkpt><trkpt lat="37.944401" lon="-122.497117"><ele>16.6</ele></trkpt><trkpt lat="37.944351" lon="-122.497183"><ele>16.5</ele></trkpt><trkpt lat="37.944298" lon="-122.497247"><ele>16.4</ele></trkpt><trkpt lat="37.944235" lon="-122.497319"><ele>16.2</ele></trkpt><trkpt lat="37.944175" lon="-122.497379"><ele>16.1</ele></trkpt><trkpt lat="37.944105" lon="-122.497441"><ele>16.0</ele></trkpt><trkpt lat="37.944031" lon="-122.497499"><ele>15.8</ele></trkpt><trkpt lat="37.943955" lon="-122.497552"><ele>15.7</ele></trkpt><trkpt lat="37.943884" lon="-122.497599"><ele>15.5</ele></trkpt><trkpt lat="37.943806" lon="-122.497642"><ele>15.4</ele></trkpt><trkpt lat="37.943738" lon="-122.497677"><ele>15.2</ele></trkpt><trkpt lat="37.943666" lon="-122.497711"><ele>15.0</ele></trkpt><trkpt lat="37.943597" lon="-122.497741"><ele>14.9</ele></trkpt><trkpt lat="37.943537" lon="-122.497765"><ele>14.7</ele></trkpt><trkpt lat="37.943389" lon="-122.497824"><ele>14.4</ele></trkpt><trkpt lat="37.943331" lon="-122.497847"><ele>14.3</ele></trkpt><trkpt lat="37.943287" lon="-122.497867"><ele>14.3</ele></trkpt><trkpt lat="37.943243" lon="-122.497888"><ele>14.3</ele></trkpt><trkpt lat="37.943200" lon="-122.497909"><ele>14.3</ele></trkpt><trkpt lat="37.943164" lon="-122.497928"><ele>14.3</ele></trkpt><trkpt lat="37.943124" lon="-122.497950"><ele>14.3</ele></trkpt><trkpt lat="37.943086" lon="-122.497973"><ele>14.3</ele></trkpt><trkpt lat="37.943047" lon="-122.497998"><ele>14.3</ele></trkpt><trkpt lat="37.943005" lon="-122.498027"><ele>14.3</ele></trkpt><trkpt lat="37.942959" lon="-122.498062"><ele>14.3</ele></trkpt><trkpt lat="37.942907" lon="-122.498103"><ele>14.3</ele></trkpt><trkpt lat="37.942845" lon="-122.498157"><ele>14.2</ele></trkpt><trkpt lat="37.942791" lon="-122.498208"><ele>14.1</ele></trkpt><trkpt lat="37.942740" lon="-122.498264"><ele>14.0</ele></trkpt><trkpt lat="37.942696" lon="-122.498316"><ele>13.9</ele></trkpt><trkpt lat="37.942644" lon="-122.498384"><ele>13.8</ele></trkpt><trkpt lat="37.942600" lon="-122.498449"><ele>13.7</ele></trkpt><trkpt lat="37.942558" lon="-122.498514"><ele>13.6</ele></trkpt><trkpt lat="37.942517" lon="-122.498587"><ele>13.4</ele></trkpt><trkpt lat="37.942499" lon="-122.498622"><ele>13.3</ele></trkpt><trkpt lat="37.942480" lon="-122.498657"><ele>13.2</ele></trkpt><trkpt lat="37.942446" lon="-122.498732"><ele>12.9</ele></trkpt><trkpt lat="37.942412" lon="-122.498811"><ele>12.6</ele></trkpt><trkpt lat="37.942383" lon="-122.498887"><ele>12.3</ele></trkpt><trkpt lat="37.942355" lon="-122.498971"><ele>12.0</ele></trkpt><trkpt lat="37.942339" lon="-122.499023"><ele>11.8</ele></trkpt><trkpt lat="37.942326" lon="-122.499071"><ele>11.6</ele></trkpt><trkpt lat="37.942312" lon="-122.499126"><ele>11.4</ele></trkpt><trkpt lat="37.942300" lon="-122.499183"><ele>11.2</ele></trkpt><trkpt lat="37.942290" lon="-122.499239"><ele>11.0</ele></trkpt><trkpt lat="37.942280" lon="-122.499300"><ele>10.8</ele></trkpt><trkpt lat="37.942272" lon="-122.499355"><ele>10.6</ele></trkpt><trkpt lat="37.942264" lon="-122.499413"><ele>10.3</ele></trkpt><trkpt lat="37.942259" lon="-122.499464"><ele>10.2</ele></trkpt><trkpt lat="37.942254" lon="-122.499516"><ele>10.0</ele></trkpt><trkpt lat="37.942252" lon="-122.499565"><ele>9.8</ele></trkpt><trkpt lat="37.942250" lon="-122.499610"><ele>9.6</ele></trkpt><trkpt lat="37.942251" lon="-122.499661"><ele>9.5</ele></trkpt><trkpt lat="37.942252" lon="-122.499709"><ele>9.3</ele></trkpt><trkpt lat="37.942255" lon="-122.499758"><ele>9.1</ele></trkpt><trkpt lat="37.942259" lon="-122.499803"><ele>8.9</ele></trkpt><trkpt lat="37.942263" lon="-122.499849"><ele>8.8</ele></trkpt><trkpt lat="37.942269" lon="-122.499894"><ele>8.6</ele></trkpt><trkpt lat="37.942275" lon="-122.499936"><ele>8.5</ele></trkpt><trkpt lat="37.942281" lon="-122.499977"><ele>8.5</ele></trkpt><trkpt lat="37.942290" lon="-122.500021"><ele>8.5</ele></trkpt><trkpt lat="37.942300" lon="-122.500070"><ele>8.5</ele></trkpt><trkpt lat="37.942324" lon="-122.500181"><ele>8.4</ele></trkpt><trkpt lat="37.942422" lon="-122.500573"><ele>8.2</ele></trkpt><trkpt lat="37.942444" lon="-122.500652"><ele>8.2</ele></trkpt><trkpt lat="37.942466" lon="-122.500731"><ele>8.2</ele></trkpt><trkpt lat="37.942491" lon="-122.500816"><ele>8.1</ele></trkpt><trkpt lat="37.942517" lon="-122.500896"><ele>8.1</ele></trkpt><trkpt lat="37.942545" lon="-122.500976"><ele>8.0</ele></trkpt><trkpt lat="37.942573" lon="-122.501050"><ele>8.0</ele></trkpt><trkpt lat="37.942607" lon="-122.501128"><ele>8.0</ele></trkpt><trkpt lat="37.942644" lon="-122.501199"><ele>7.9</ele></trkpt><trkpt lat="37.942686" lon="-122.501269"><ele>7.9</ele></trkpt><trkpt lat="37.942730" lon="-122.501335"><ele>7.9</ele></trkpt><trkpt lat="37.942776" lon="-122.501396"><ele>7.9</ele></trkpt><trkpt lat="37.942826" lon="-122.501456"><ele>7.9</ele></trkpt><trkpt lat="37.942876" lon="-122.501510"><ele>7.9</ele></trkpt><trkpt lat="37.942930" lon="-122.501559"><ele>7.9</ele></trkpt><trkpt lat="37.942992" lon="-122.501607"><ele>7.9</ele></trkpt><trkpt lat="37.943050" lon="-122.501645"><ele>7.9</ele></trkpt><trkpt lat="37.943100" lon="-122.501675"><ele>8.1</ele></trkpt><trkpt lat="37.943162" lon="-122.501708"><ele>8.2</ele></trkpt><trkpt lat="37.943228" lon="-122.501741"><ele>8.4</ele></trkpt><trkpt lat="37.943360" lon="-122.501801"><ele>8.7</ele></trkpt><trkpt lat="37.943434" lon="-122.501836"><ele>8.9</ele></trkpt><trkpt lat="37.943467" lon="-122.501852"><ele>9.0</ele></trkpt><trkpt lat="37.943500" lon="-122.501868"><ele>9.0</ele></trkpt><trkpt lat="37.943571" lon="-122.501907"><ele>9.2</ele></trkpt><trkpt lat="37.943604" lon="-122.501926"><ele>9.2</ele></trkpt><trkpt lat="37.943638" lon="-122.501947"><ele>9.3</ele></trkpt><trkpt lat="37.943675" lon="-122.501972"><ele>9.3</ele></trkpt><trkpt lat="37.943711" lon="-122.501996"><ele>9.4</ele></trkpt><trkpt lat="37.943776" lon="-122.502152"><ele>9.5</ele></trkpt><trkpt lat="37.943833" lon="-122.502267"><ele>9.6</ele></trkpt><trkpt lat="37.943935" lon="-122.502481"><ele>9.8</ele></trkpt><trkpt lat="37.943991" lon="-122.502600"><ele>9.8</ele></trkpt><trkpt lat="37.944031" lon="-122.502752"><ele>9.8</ele></trkpt><trkpt lat="37.944051" lon="-122.502907"><ele>9.8</ele></trkpt><trkpt lat="37.944099" lon="-122.503723"><ele>9.7</ele></trkpt><trkpt lat="37.944131" lon="-122.504197"><ele>8.9</ele></trkpt><trkpt lat="37.944149" lon="-122.504461"><ele>8.4</ele></trkpt><trkpt lat="37.944163" lon="-122.504698"><ele>7.8</ele></trkpt><trkpt lat="37.944183" lon="-122.505219"><ele>6.8</ele></trkpt><trkpt lat="37.944200" lon="-122.505730"><ele>6.1</ele></trkpt><trkpt lat="37.944252" lon="-122.506149"><ele>5.4</ele></trkpt><trkpt lat="37.944357" lon="-122.506478"><ele>4.7</ele></trkpt><trkpt lat="37.944510" lon="-122.506814"><ele>4.1</ele></trkpt><trkpt lat="37.944804" lon="-122.507275"><ele>3.8</ele></trkpt><trkpt lat="37.945199" lon="-122.507705"><ele>4.1</ele></trkpt><trkpt lat="37.945397" lon="-122.507904"><ele>4.3</ele></trkpt><trkpt lat="37.945686" lon="-122.508169"><ele>4.3</ele></trkpt><trkpt lat="37.945846" lon="-122.508337"><ele>4.3</ele></trkpt><trkpt lat="37.945999" lon="-122.508542"><ele>4.3</ele></trkpt><trkpt lat="37.946135" lon="-122.508783"><ele>4.3</ele></trkpt><trkpt lat="37.946216" lon="-122.508928"><ele>4.3</ele></trkpt><trkpt lat="37.946238" lon="-122.508990"><ele>4.3</ele></trkpt><trkpt lat="37.946357" lon="-122.509326"><ele>4.3</ele></trkpt><trkpt lat="37.946389" lon="-122.509575"><ele>4.2</ele></trkpt><trkpt lat="37.946375" lon="-122.509897"><ele>4.1</ele></trkpt><trkpt lat="37.946325" lon="-122.510112"><ele>4.0</ele></trkpt><trkpt lat="37.946241" lon="-122.510395"><ele>3.7</ele></trkpt><trkpt lat="37.946215" lon="-122.510465"><ele>3.7</ele></trkpt><trkpt lat="37.946186" lon="-122.510536"><ele>3.6</ele></trkpt><trkpt lat="37.946139" lon="-122.510504"><ele>3.5</ele></trkpt><trkpt lat="37.945978" lon="-122.510401"><ele>3.3</ele></trkpt><trkpt lat="37.945964" lon="-122.510391"><ele>3.3</ele></trkpt><trkpt lat="37.945952" lon="-122.510381"><ele>3.3</ele></trkpt><trkpt lat="37.945936" lon="-122.510364"><ele>3.3</ele></trkpt><trkpt lat="37.945916" lon="-122.510341"><ele>3.3</ele></trkpt><trkpt lat="37.945851" lon="-122.510261"><ele>3.3</ele></trkpt><trkpt lat="37.945830" lon="-122.510231"><ele>3.2</ele></trkpt><trkpt lat="37.945811" lon="-122.510202"><ele>3.2</ele></trkpt><trkpt lat="37.945789" lon="-122.510167"><ele>3.2</ele></trkpt><trkpt lat="37.945767" lon="-122.510138"><ele>3.2</ele></trkpt><trkpt lat="37.945742" lon="-122.510109"><ele>3.2</ele></trkpt><trkpt lat="37.945721" lon="-122.510086"><ele>3.1</ele></trkpt><trkpt lat="37.945696" lon="-122.510064"><ele>3.1</ele></trkpt><trkpt lat="37.945669" lon="-122.510043"><ele>3.1</ele></trkpt><trkpt lat="37.945646" lon="-122.510024"><ele>3.1</ele></trkpt><trkpt lat="37.945623" lon="-122.510003"><ele>3.1</ele></trkpt><trkpt lat="37.945598" lon="-122.509977"><ele>3.1</ele></trkpt><trkpt lat="37.945574" lon="-122.509951"><ele>3.0</ele></trkpt><trkpt lat="37.945514" lon="-122.509833"><ele>3.0</ele></trkpt><trkpt lat="37.945408" lon="-122.509673"><ele>3.0</ele></trkpt><trkpt lat="37.945316" lon="-122.509559"><ele>3.0</ele></trkpt><trkpt lat="37.945284" lon="-122.509536"><ele>3.0</ele></trkpt><trkpt lat="37.945316" lon="-122.509559"><ele>3.0</ele></trkpt><trkpt lat="37.945408" lon="-122.509673"><ele>3.1</ele></trkpt><trkpt lat="37.945514" lon="-122.509833"><ele>3.2</ele></trkpt><trkpt lat="37.945574" lon="-122.509951"><ele>3.2</ele></trkpt><trkpt lat="37.945598" lon="-122.509977"><ele>3.3</ele></trkpt><trkpt lat="37.945623" lon="-122.510003"><ele>3.3</ele></trkpt><trkpt lat="37.945646" lon="-122.510024"><ele>3.3</ele></trkpt><trkpt lat="37.945669" lon="-122.510043"><ele>3.3</ele></trkpt><trkpt lat="37.945696" lon="-122.510064"><ele>3.3</ele></trkpt><trkpt lat="37.945721" lon="-122.510086"><ele>3.3</ele></trkpt><trkpt lat="37.945742" lon="-122.510109"><ele>3.4</ele></trkpt><trkpt lat="37.945767" lon="-122.510138"><ele>3.4</ele></trkpt><trkpt lat="37.945789" lon="-122.510167"><ele>3.5</ele></trkpt><trkpt lat="37.945811" lon="-122.510202"><ele>3.6</ele></trkpt><trkpt lat="37.945830" lon="-122.510231"><ele>3.6</ele></trkpt><trkpt lat="37.945851" lon="-122.510261"><ele>3.7</ele></trkpt><trkpt lat="37.945916" lon="-122.510341"><ele>3.8</ele></trkpt><trkpt lat="37.945936" lon="-122.510364"><ele>3.9</ele></trkpt><trkpt lat="37.945952" lon="-122.510381"><ele>3.9</ele></trkpt><trkpt lat="37.945964" lon="-122.510391"><ele>3.9</ele></trkpt><trkpt lat="37.945978" lon="-122.510401"><ele>4.0</ele></trkpt><trkpt lat="37.946139" lon="-122.510504"><ele>4.3</ele></trkpt><trkpt lat="37.946186" lon="-122.510536"><ele>4.4</ele></trkpt><trkpt lat="37.946163" lon="-122.510576"><ele>4.5</ele></trkpt><trkpt lat="37.946140" lon="-122.510602"><ele>4.5</ele></trkpt><trkpt lat="37.946114" lon="-122.510644"><ele>4.6</ele></trkpt><trkpt lat="37.946095" lon="-122.510674"><ele>4.7</ele></trkpt><trkpt lat="37.946028" lon="-122.510788"><ele>4.9</ele></trkpt><trkpt lat="37.945918" lon="-122.510975"><ele>5.3</ele></trkpt><trkpt lat="37.945888" lon="-122.511031"><ele>5.5</ele></trkpt><trkpt lat="37.945860" lon="-122.511090"><ele>5.5</ele></trkpt><trkpt lat="37.945821" lon="-122.511176"><ele>5.6</ele></trkpt><trkpt lat="37.945792" lon="-122.511240"><ele>5.7</ele></trkpt><trkpt lat="37.945779" lon="-122.511265"><ele>5.7</ele></trkpt><trkpt lat="37.945738" lon="-122.511338"><ele>5.8</ele></trkpt><trkpt lat="37.945702" lon="-122.511409"><ele>5.9</ele></trkpt><trkpt lat="37.945681" lon="-122.511444"><ele>5.9</ele></trkpt><trkpt lat="37.945651" lon="-122.511493"><ele>6.0</ele></trkpt><trkpt lat="37.945634" lon="-122.511520"><ele>6.0</ele></trkpt><trkpt lat="37.945595" lon="-122.511581"><ele>6.1</ele></trkpt><trkpt lat="37.945567" lon="-122.511622"><ele>6.1</ele></trkpt><trkpt lat="37.945530" lon="-122.511668"><ele>6.2</ele></trkpt><trkpt lat="37.945502" lon="-122.511703"><ele>6.2</ele></trkpt><trkpt lat="37.945239" lon="-122.512198"><ele>6.7</ele></trkpt><trkpt lat="37.945119" lon="-122.512419"><ele>6.7</ele></trkpt><trkpt lat="37.945020" lon="-122.512640"><ele>6.7</ele></trkpt><trkpt lat="37.944979" lon="-122.512740"><ele>6.7</ele></trkpt><trkpt lat="37.944932" lon="-122.512846"><ele>6.5</ele></trkpt><trkpt lat="37.944847" lon="-122.512998"><ele>6.3</ele></trkpt><trkpt lat="37.944802" lon="-122.513124"><ele>6.1</ele></trkpt><trkpt lat="37.944768" lon="-122.513240"><ele>5.9</ele></trkpt><trkpt lat="37.944745" lon="-122.513356"><ele>5.8</ele></trkpt><trkpt lat="37.944702" lon="-122.513625"><ele>5.4</ele></trkpt><trkpt lat="37.944644" lon="-122.513827"><ele>5.1</ele></trkpt><trkpt lat="37.944652" lon="-122.513836"><ele>5.1</ele></trkpt><trkpt lat="37.944655" lon="-122.513851"><ele>5.1</ele></trkpt><trkpt lat="37.944656" lon="-122.513867"><ele>5.1</ele></trkpt><trkpt lat="37.944653" lon="-122.513883"><ele>5.0</ele></trkpt><trkpt lat="37.944646" lon="-122.513897"><ele>5.0</ele></trkpt><trkpt lat="37.944636" lon="-122.513909"><ele>5.0</ele></trkpt><trkpt lat="37.944626" lon="-122.513911"><ele>5.0</ele></trkpt><trkpt lat="37.944618" lon="-122.513910"><ele>5.0</ele></trkpt><trkpt lat="37.944597" lon="-122.513955"><ele>4.9</ele></trkpt><trkpt lat="37.944550" lon="-122.514051"><ele>4.7</ele></trkpt><trkpt lat="37.944498" lon="-122.514145"><ele>4.5</ele></trkpt><trkpt lat="37.944444" lon="-122.514233"><ele>4.3</ele></trkpt><trkpt lat="37.944415" lon="-122.514267"><ele>4.2</ele></trkpt><trkpt lat="37.944373" lon="-122.514300"><ele>4.1</ele></trkpt><trkpt lat="37.944320" lon="-122.514331"><ele>4.0</ele></trkpt><trkpt lat="37.944262" lon="-122.514353"><ele>3.8</ele></trkpt><trkpt lat="37.944153" lon="-122.514383"><ele>3.5</ele></trkpt><trkpt lat="37.943638" lon="-122.514502"><ele>2.1</ele></trkpt><trkpt lat="37.943425" lon="-122.514560"><ele>1.6</ele></trkpt><trkpt lat="37.943207" lon="-122.514615"><ele>1.1</ele></trkpt><trkpt lat="37.943026" lon="-122.514677"><ele>0.8</ele></trkpt><trkpt lat="37.942636" lon="-122.514858"><ele>0.3</ele></trkpt><trkpt lat="37.942194" lon="-122.515063"><ele>-0.2</ele></trkpt><trkpt lat="37.941955" lon="-122.515154"><ele>-0.3</ele></trkpt><trkpt lat="37.941782" lon="-122.515205"><ele>-0.3</ele></trkpt><trkpt lat="37.941431" lon="-122.515315"><ele>-0.3</ele></trkpt><trkpt lat="37.941348" lon="-122.515296"><ele>-0.3</ele></trkpt><trkpt lat="37.941307" lon="-122.515265"><ele>-0.3</ele></trkpt><trkpt lat="37.941280" lon="-122.515280"><ele>-0.3</ele></trkpt><trkpt lat="37.941256" lon="-122.515289"><ele>-0.3</ele></trkpt><trkpt lat="37.941122" lon="-122.515331"><ele>-0.3</ele></trkpt><trkpt lat="37.941033" lon="-122.515356"><ele>-0.3</ele></trkpt><trkpt lat="37.940856" lon="-122.515409"><ele>-0.2</ele></trkpt><trkpt lat="37.940689" lon="-122.515457"><ele>-0.1</ele></trkpt><trkpt lat="37.940424" lon="-122.515537"><ele>0.0</ele></trkpt><trkpt lat="37.939772" lon="-122.515731"><ele>0.1</ele></trkpt><trkpt lat="37.939634" lon="-122.515772"><ele>0.2</ele></trkpt><trkpt lat="37.939580" lon="-122.515786"><ele>0.2</ele></trkpt><trkpt lat="37.939549" lon="-122.515796"><ele>0.3</ele></trkpt><trkpt lat="37.939508" lon="-122.515806"><ele>0.3</ele></trkpt><trkpt lat="37.939463" lon="-122.515816"><ele>0.3</ele></trkpt><trkpt lat="37.939421" lon="-122.515824"><ele>0.3</ele></trkpt><trkpt lat="37.939377" lon="-122.515829"><ele>0.4</ele></trkpt><trkpt lat="37.939322" lon="-122.515830"><ele>0.4</ele></trkpt><trkpt lat="37.939285" lon="-122.515829"><ele>0.4</ele></trkpt><trkpt lat="37.939247" lon="-122.515826"><ele>0.4</ele></trkpt><trkpt lat="37.939176" lon="-122.515820"><ele>0.5</ele></trkpt><trkpt lat="37.939120" lon="-122.515813"><ele>0.5</ele></trkpt><trkpt lat="37.939067" lon="-122.515805"><ele>0.5</ele></trkpt><trkpt lat="37.939014" lon="-122.515799"><ele>0.6</ele></trkpt><trkpt lat="37.938959" lon="-122.515794"><ele>0.6</ele></trkpt><trkpt lat="37.938911" lon="-122.515792"><ele>0.6</ele></trkpt><trkpt lat="37.938861" lon="-122.515791"><ele>0.6</ele></trkpt><trkpt lat="37.938812" lon="-122.515792"><ele>0.7</ele></trkpt><trkpt lat="37.938762" lon="-122.515795"><ele>0.7</ele></trkpt><trkpt lat="37.938723" lon="-122.515800"><ele>0.7</ele></trkpt><trkpt lat="37.938682" lon="-122.515807"><ele>0.8</ele></trkpt><trkpt lat="37.938640" lon="-122.515816"><ele>0.8</ele></trkpt><trkpt lat="37.938450" lon="-122.515874"><ele>0.9</ele></trkpt><trkpt lat="37.938300" lon="-122.515920"><ele>1.0</ele></trkpt><trkpt lat="37.938250" lon="-122.515935"><ele>1.0</ele></trkpt><trkpt lat="37.937747" lon="-122.516079"><ele>1.3</ele></trkpt><trkpt lat="37.937540" lon="-122.516139"><ele>1.4</ele></trkpt><trkpt lat="37.937416" lon="-122.516177"><ele>1.5</ele></trkpt><trkpt lat="37.937345" lon="-122.516198"><ele>1.5</ele></trkpt><trkpt lat="37.937287" lon="-122.516214"><ele>1.6</ele></trkpt><trkpt lat="37.937226" lon="-122.516228"><ele>1.7</ele></trkpt><trkpt lat="37.937161" lon="-122.516240"><ele>1.7</ele></trkpt><trkpt lat="37.937109" lon="-122.516247"><ele>1.8</ele></trkpt><trkpt lat="37.937056" lon="-122.516252"><ele>1.8</ele></trkpt><trkpt lat="37.937012" lon="-122.516254"><ele>1.9</ele></trkpt><trkpt lat="37.936970" lon="-122.516253"><ele>1.9</ele></trkpt><trkpt lat="37.936932" lon="-122.516247"><ele>2.0</ele></trkpt><trkpt lat="37.936886" lon="-122.516238"><ele>2.0</ele></trkpt><trkpt lat="37.936846" lon="-122.516227"><ele>2.1</ele></trkpt><trkpt lat="37.936801" lon="-122.516213"><ele>2.1</ele></trkpt><trkpt lat="37.936749" lon="-122.516194"><ele>2.2</ele></trkpt><trkpt lat="37.936693" lon="-122.516173"><ele>2.3</ele></trkpt><trkpt lat="37.936649" lon="-122.516153"><ele>2.3</ele></trkpt><trkpt lat="37.936598" lon="-122.516129"><ele>2.4</ele></trkpt><trkpt lat="37.936548" lon="-122.516104"><ele>2.4</ele></trkpt><trkpt lat="37.936505" lon="-122.516080"><ele>2.5</ele></trkpt><trkpt lat="37.936461" lon="-122.516053"><ele>2.5</ele></trkpt><trkpt lat="37.936189" lon="-122.515873"><ele>2.9</ele></trkpt><trkpt lat="37.936117" lon="-122.515831"><ele>3.1</ele></trkpt><trkpt lat="37.936054" lon="-122.515797"><ele>3.2</ele></trkpt><trkpt lat="37.935997" lon="-122.515767"><ele>3.3</ele></trkpt><trkpt lat="37.935969" lon="-122.515752"><ele>3.4</ele></trkpt><trkpt lat="37.935949" lon="-122.515742"><ele>3.4</ele></trkpt><trkpt lat="37.935898" lon="-122.515720"><ele>3.5</ele></trkpt><trkpt lat="37.935847" lon="-122.515700"><ele>3.6</ele></trkpt><trkpt lat="37.935807" lon="-122.515686"><ele>3.6</ele></trkpt><trkpt lat="37.935767" lon="-122.515674"><ele>3.7</ele></trkpt><trkpt lat="37.935727" lon="-122.515664"><ele>3.7</ele></trkpt><trkpt lat="37.935715" lon="-122.515788"><ele>3.7</ele></trkpt><trkpt lat="37.935685" lon="-122.515820"><ele>3.7</ele></trkpt><trkpt lat="37.935670" lon="-122.515891"><ele>3.7</ele></trkpt><trkpt lat="37.935651" lon="-122.516009"><ele>3.7</ele></trkpt><trkpt lat="37.935588" lon="-122.516244"><ele>3.7</ele></trkpt><trkpt lat="37.935524" lon="-122.516415"><ele>3.7</ele></trkpt><trkpt lat="37.935325" lon="-122.516920"><ele>3.6</ele></trkpt><trkpt lat="37.935317" lon="-122.516948"><ele>3.6</ele></trkpt><trkpt lat="37.935232" lon="-122.517108"><ele>3.5</ele></trkpt><trkpt lat="37.935173" lon="-122.517241"><ele>3.4</ele></trkpt><trkpt lat="37.935092" lon="-122.517441"><ele>3.3</ele></trkpt><trkpt lat="37.935024" lon="-122.517650"><ele>3.2</ele></trkpt><trkpt lat="37.934893" lon="-122.518372"><ele>2.8</ele></trkpt><trkpt lat="37.934881" lon="-122.518475"><ele>2.7</ele></trkpt><trkpt lat="37.934874" lon="-122.518589"><ele>2.6</ele></trkpt><trkpt lat="37.934745" lon="-122.518560"><ele>2.4</ele></trkpt><trkpt lat="37.934404" lon="-122.518474"><ele>2.2</ele></trkpt><trkpt lat="37.934197" lon="-122.518414"><ele>2.1</ele></trkpt><trkpt lat="37.934060" lon="-122.518375"><ele>2.0</ele></trkpt><trkpt lat="37.933987" lon="-122.518354"><ele>2.0</ele></trkpt><trkpt lat="37.933861" lon="-122.518321"><ele>1.9</ele></trkpt><trkpt lat="37.933759" lon="-122.518294"><ele>1.9</ele></trkpt><trkpt lat="37.933715" lon="-122.518283"><ele>1.8</ele></trkpt><trkpt lat="37.933612" lon="-122.518259"><ele>1.8</ele></trkpt><trkpt lat="37.933492" lon="-122.518233"><ele>1.7</ele></trkpt><trkpt lat="37.933446" lon="-122.518224"><ele>1.7</ele></trkpt><trkpt lat="37.933345" lon="-122.518204"><ele>1.6</ele></trkpt><trkpt lat="37.933183" lon="-122.518175"><ele>1.5</ele></trkpt><trkpt lat="37.932998" lon="-122.518144"><ele>1.5</ele></trkpt><trkpt lat="37.932901" lon="-122.518127"><ele>1.5</ele></trkpt><trkpt lat="37.932827" lon="-122.518115"><ele>1.5</ele></trkpt><trkpt lat="37.932689" lon="-122.518094"><ele>1.5</ele></trkpt><trkpt lat="37.932561" lon="-122.518075"><ele>1.5</ele></trkpt><trkpt lat="37.932390" lon="-122.518051"><ele>1.4</ele></trkpt><trkpt lat="37.932078" lon="-122.518006"><ele>1.2</ele></trkpt><trkpt lat="37.931971" lon="-122.517990"><ele>1.2</ele></trkpt><trkpt lat="37.931802" lon="-122.517965"><ele>1.1</ele></trkpt><trkpt lat="37.931722" lon="-122.517954"><ele>1.0</ele></trkpt><trkpt lat="37.931508" lon="-122.517926"><ele>0.9</ele></trkpt><trkpt lat="37.931167" lon="-122.517878"><ele>0.9</ele></trkpt><trkpt lat="37.931101" lon="-122.517869"><ele>0.9</ele></trkpt><trkpt lat="37.931037" lon="-122.517862"><ele>0.9</ele></trkpt><trkpt lat="37.930969" lon="-122.517857"><ele>0.9</ele></trkpt><trkpt lat="37.930894" lon="-122.517853"><ele>0.9</ele></trkpt><trkpt lat="37.930826" lon="-122.517851"><ele>0.8</ele></trkpt><trkpt lat="37.930759" lon="-122.517854"><ele>0.8</ele></trkpt><trkpt lat="37.930689" lon="-122.517859"><ele>0.7</ele></trkpt><trkpt lat="37.930627" lon="-122.517864"><ele>0.7</ele></trkpt><trkpt lat="37.930560" lon="-122.517872"><ele>0.7</ele></trkpt><trkpt lat="37.930492" lon="-122.517884"><ele>0.6</ele></trkpt><trkpt lat="37.930430" lon="-122.517897"><ele>0.6</ele></trkpt><trkpt lat="37.930358" lon="-122.517914"><ele>0.6</ele></trkpt><trkpt lat="37.930295" lon="-122.517930"><ele>0.6</ele></trkpt><trkpt lat="37.930230" lon="-122.517947"><ele>0.6</ele></trkpt><trkpt lat="37.930166" lon="-122.517967"><ele>0.6</ele></trkpt><trkpt lat="37.930100" lon="-122.517989"><ele>0.6</ele></trkpt><trkpt lat="37.930020" lon="-122.518018"><ele>0.6</ele></trkpt><trkpt lat="37.929996" lon="-122.518027"><ele>0.6</ele></trkpt><trkpt lat="37.929960" lon="-122.518037"><ele>0.6</ele></trkpt><trkpt lat="37.929928" lon="-122.518044"><ele>0.6</ele></trkpt><trkpt lat="37.929896" lon="-122.518050"><ele>0.6</ele></trkpt><trkpt lat="37.929851" lon="-122.518057"><ele>0.6</ele></trkpt><trkpt lat="37.929812" lon="-122.518067"><ele>0.5</ele></trkpt><trkpt lat="37.929774" lon="-122.518078"><ele>0.5</ele></trkpt><trkpt lat="37.929756" lon="-122.518085"><ele>0.5</ele></trkpt><trkpt lat="37.929746" lon="-122.518090"><ele>0.5</ele></trkpt><trkpt lat="37.929692" lon="-122.518116"><ele>0.5</ele></trkpt><trkpt lat="37.929635" lon="-122.518177"><ele>0.4</ele></trkpt><trkpt lat="37.929606" lon="-122.518202"><ele>0.4</ele></trkpt><trkpt lat="37.929571" lon="-122.518227"><ele>0.4</ele></trkpt><trkpt lat="37.929524" lon="-122.518258"><ele>0.4</ele></trkpt><trkpt lat="37.929480" lon="-122.518287"><ele>0.3</ele></trkpt><trkpt lat="37.929447" lon="-122.518308"><ele>0.3</ele></trkpt><trkpt lat="37.929409" lon="-122.518333"><ele>0.3</ele></trkpt><trkpt lat="37.929375" lon="-122.518356"><ele>0.3</ele></trkpt><trkpt lat="37.929339" lon="-122.518380"><ele>0.3</ele></trkpt><trkpt lat="37.929308" lon="-122.518403"><ele>0.3</ele></trkpt><trkpt lat="37.929273" lon="-122.518430"><ele>0.3</ele></trkpt><trkpt lat="37.929061" lon="-122.518602"><ele>0.3</ele></trkpt><trkpt lat="37.928865" lon="-122.518712"><ele>0.4</ele></trkpt><trkpt lat="37.928655" lon="-122.518806"><ele>0.5</ele></trkpt><trkpt lat="37.928374" lon="-122.518834"><ele>0.6</ele></trkpt><trkpt lat="37.928298" lon="-122.518804"><ele>0.6</ele></trkpt><trkpt lat="37.928238" lon="-122.518784"><ele>0.6</ele></trkpt><trkpt lat="37.928178" lon="-122.518783"><ele>0.6</ele></trkpt><trkpt lat="37.928058" lon="-122.518779"><ele>0.6</ele></trkpt><trkpt lat="37.928031" lon="-122.518778"><ele>0.6</ele></trkpt><trkpt lat="37.927628" lon="-122.518767"><ele>0.6</ele></trkpt><trkpt lat="37.927329" lon="-122.518758"><ele>0.6</ele></trkpt><trkpt lat="37.927219" lon="-122.518794"><ele>0.7</ele></trkpt><trkpt lat="37.926447" lon="-122.518770"><ele>1.1</ele></trkpt><trkpt lat="37.926378" lon="-122.518767"><ele>1.2</ele></trkpt><trkpt lat="37.926314" lon="-122.518767"><ele>1.2</ele></trkpt><trkpt lat="37.926256" lon="-122.518770"><ele>1.2</ele></trkpt><trkpt lat="37.926192" lon="-122.518776"><ele>1.2</ele></trkpt><trkpt lat="37.926155" lon="-122.518781"><ele>1.2</ele></trkpt><trkpt lat="37.926040" lon="-122.518776"><ele>1.2</ele></trkpt><trkpt lat="37.925933" lon="-122.518791"><ele>1.2</ele></trkpt><trkpt lat="37.925766" lon="-122.518801"><ele>1.2</ele></trkpt><trkpt lat="37.925538" lon="-122.518782"><ele>1.3</ele></trkpt><trkpt lat="37.925298" lon="-122.518772"><ele>1.5</ele></trkpt><trkpt lat="37.925202" lon="-122.518754"><ele>1.5</ele></trkpt><trkpt lat="37.925203" lon="-122.518858"><ele>1.6</ele></trkpt><trkpt lat="37.925220" lon="-122.519106"><ele>1.8</ele></trkpt><trkpt lat="37.925226" lon="-122.519218"><ele>1.9</ele></trkpt><trkpt lat="37.925274" lon="-122.520058"><ele>2.1</ele></trkpt><trkpt lat="37.925307" lon="-122.520619"><ele>2.1</ele></trkpt><trkpt lat="37.925315" lon="-122.520774"><ele>2.1</ele></trkpt><trkpt lat="37.925319" lon="-122.520865"><ele>2.2</ele></trkpt><trkpt lat="37.925387" lon="-122.522239"><ele>5.8</ele></trkpt><trkpt lat="37.925390" lon="-122.522311"><ele>6.1</ele></trkpt><trkpt lat="37.925291" lon="-122.522313"><ele>6.7</ele></trkpt><trkpt lat="37.925223" lon="-122.522318"><ele>7.1</ele></trkpt><trkpt lat="37.924859" lon="-122.522350"><ele>9.4</ele></trkpt><trkpt lat="37.924631" lon="-122.522370"><ele>11.4</ele></trkpt><trkpt lat="37.924439" lon="-122.522387"><ele>13.0</ele></trkpt><trkpt lat="37.924038" lon="-122.522423"><ele>18.2</ele></trkpt><trkpt lat="37.923635" lon="-122.522459"><ele>24.2</ele></trkpt><trkpt lat="37.923478" lon="-122.522473"><ele>26.7</ele></trkpt><trkpt lat="37.922111" lon="-122.522612"><ele>49.6</ele></trkpt><trkpt lat="37.921979" lon="-122.522472"><ele>52.7</ele></trkpt><trkpt lat="37.921035" lon="-122.522413"><ele>70.3</ele></trkpt><trkpt lat="37.920882" lon="-122.522710"><ele>75.4</ele></trkpt><trkpt lat="37.920745" lon="-122.522892"><ele>78.7</ele></trkpt><trkpt lat="37.920556" lon="-122.522975"><ele>81.7</ele></trkpt><trkpt lat="37.920313" lon="-122.522935"><ele>85.5</ele></trkpt><trkpt lat="37.919875" lon="-122.522892"><ele>91.5</ele></trkpt><trkpt lat="37.919674" lon="-122.522750"><ele>93.9</ele></trkpt><trkpt lat="37.919532" lon="-122.522769"><ele>95.1</ele></trkpt><trkpt lat="37.919310" lon="-122.522892"><ele>97.1</ele></trkpt><trkpt lat="37.919387" lon="-122.523288"><ele>97.6</ele></trkpt><trkpt lat="37.919553" lon="-122.523257"><ele>97.8</ele></trkpt><trkpt lat="37.919795" lon="-122.523313"><ele>97.7</ele></trkpt><trkpt lat="37.920245" lon="-122.523608"><ele>97.2</ele></trkpt><trkpt lat="37.920372" lon="-122.523726"><ele>96.9</ele></trkpt><trkpt lat="37.920423" lon="-122.523833"><ele>96.6</ele></trkpt><trkpt lat="37.920402" lon="-122.523941"><ele>96.4</ele></trkpt><trkpt lat="37.920326" lon="-122.523989"><ele>96.2</ele></trkpt><trkpt lat="37.920239" lon="-122.524005"><ele>95.9</ele></trkpt><trkpt lat="37.920112" lon="-122.524118"><ele>95.4</ele></trkpt><trkpt lat="37.920021" lon="-122.524340"><ele>94.7</ele></trkpt><trkpt lat="37.920015" lon="-122.524504"><ele>94.2</ele></trkpt><trkpt lat="37.920057" lon="-122.524665"><ele>93.5</ele></trkpt><trkpt lat="37.920040" lon="-122.524810"><ele>92.9</ele></trkpt><trkpt lat="37.919928" lon="-122.524850"><ele>92.3</ele></trkpt><trkpt lat="37.919782" lon="-122.524759"><ele>91.9</ele></trkpt><trkpt lat="37.919543" lon="-122.524724"><ele>92.9</ele></trkpt><trkpt lat="37.919442" lon="-122.524770"><ele>93.3</ele></trkpt><trkpt lat="37.919383" lon="-122.524835"><ele>93.6</ele></trkpt><trkpt lat="37.919340" lon="-122.524875"><ele>93.8</ele></trkpt><trkpt lat="37.919279" lon="-122.525082"><ele>93.9</ele></trkpt><trkpt lat="37.919211" lon="-122.525210"><ele>93.9</ele></trkpt><trkpt lat="37.919109" lon="-122.525248"><ele>93.9</ele></trkpt><trkpt lat="37.919004" lon="-122.525284"><ele>93.9</ele></trkpt><trkpt lat="37.918838" lon="-122.525255"><ele>94.2</ele></trkpt><trkpt lat="37.918687" lon="-122.524984"><ele>94.8</ele></trkpt><trkpt lat="37.918626" lon="-122.524934"><ele>94.9</ele></trkpt><trkpt lat="37.918499" lon="-122.524850"><ele>95.7</ele></trkpt><trkpt lat="37.918427" lon="-122.524861"><ele>96.3</ele></trkpt><trkpt lat="37.918367" lon="-122.524916"><ele>96.9</ele></trkpt><trkpt lat="37.918350" lon="-122.525306"><ele>99.4</ele></trkpt><trkpt lat="37.918233" lon="-122.525502"><ele>101.5</ele></trkpt><trkpt lat="37.918118" lon="-122.525637"><ele>103.2</ele></trkpt><trkpt lat="37.917995" lon="-122.525754"><ele>104.8</ele></trkpt><trkpt lat="37.917836" lon="-122.525761"><ele>105.5</ele></trkpt><trkpt lat="37.917652" lon="-122.525686"><ele>105.5</ele></trkpt><trkpt lat="37.917545" lon="-122.525679"><ele>105.5</ele></trkpt><trkpt lat="37.917282" lon="-122.525696"><ele>105.7</ele></trkpt><trkpt lat="37.917115" lon="-122.525770"><ele>106.0</ele></trkpt><trkpt lat="37.917034" lon="-122.525677"><ele>106.1</ele></trkpt><trkpt lat="37.916950" lon="-122.525616"><ele>106.3</ele></trkpt><trkpt lat="37.916879" lon="-122.525581"><ele>106.4</ele></trkpt><trkpt lat="37.916772" lon="-122.525561"><ele>106.4</ele></trkpt><trkpt lat="37.916661" lon="-122.525566"><ele>106.4</ele></trkpt><trkpt lat="37.916491" lon="-122.525622"><ele>106.4</ele></trkpt><trkpt lat="37.916367" lon="-122.525713"><ele>106.2</ele></trkpt><trkpt lat="37.916228" lon="-122.525862"><ele>105.3</ele></trkpt><trkpt lat="37.916029" lon="-122.526082"><ele>103.9</ele></trkpt><trkpt lat="37.915770" lon="-122.526377"><ele>102.8</ele></trkpt><trkpt lat="37.915521" lon="-122.526682"><ele>101.8</ele></trkpt><trkpt lat="37.915414" lon="-122.526777"><ele>101.4</ele></trkpt><trkpt lat="37.915284" lon="-122.526854"><ele>100.9</ele></trkpt><trkpt lat="37.915143" lon="-122.526901"><ele>100.4</ele></trkpt><trkpt lat="37.914983" lon="-122.526907"><ele>99.7</ele></trkpt><trkpt lat="37.914835" lon="-122.526869"><ele>99.0</ele></trkpt><trkpt lat="37.914697" lon="-122.526772"><ele>98.3</ele></trkpt><trkpt lat="37.914561" lon="-122.526639"><ele>97.5</ele></trkpt><trkpt lat="37.914350" lon="-122.526354"><ele>95.9</ele></trkpt><trkpt lat="37.914228" lon="-122.526218"><ele>95.1</ele></trkpt><trkpt lat="37.914099" lon="-122.526147"><ele>94.5</ele></trkpt><trkpt lat="37.913983" lon="-122.526134"><ele>94.1</ele></trkpt><trkpt lat="37.913859" lon="-122.526171"><ele>93.6</ele></trkpt><trkpt lat="37.913572" lon="-122.526365"><ele>91.4</ele></trkpt><trkpt lat="37.913420" lon="-122.526495"><ele>89.7</ele></trkpt><trkpt lat="37.913329" lon="-122.526624"><ele>88.4</ele></trkpt><trkpt lat="37.913166" lon="-122.526935"><ele>86.4</ele></trkpt><trkpt lat="37.913107" lon="-122.527018"><ele>85.9</ele></trkpt><trkpt lat="37.913016" lon="-122.527084"><ele>85.3</ele></trkpt><trkpt lat="37.912900" lon="-122.527108"><ele>84.7</ele></trkpt><trkpt lat="37.912688" lon="-122.527116"><ele>84.5</ele></trkpt><trkpt lat="37.912365" lon="-122.527087"><ele>84.1</ele></trkpt><trkpt lat="37.912230" lon="-122.527110"><ele>83.7</ele></trkpt><trkpt lat="37.912105" lon="-122.527185"><ele>83.2</ele></trkpt><trkpt lat="37.912006" lon="-122.527316"><ele>82.7</ele></trkpt><trkpt lat="37.911939" lon="-122.527484"><ele>82.1</ele></trkpt><trkpt lat="37.911908" lon="-122.527701"><ele>80.7</ele></trkpt><trkpt lat="37.911880" lon="-122.527881"><ele>79.6</ele></trkpt><trkpt lat="37.911833" lon="-122.527988"><ele>78.8</ele></trkpt><trkpt lat="37.911766" lon="-122.528056"><ele>78.1</ele></trkpt><trkpt lat="37.911666" lon="-122.528075"><ele>77.6</ele></trkpt><trkpt lat="37.911540" lon="-122.528036"><ele>77.0</ele></trkpt><trkpt lat="37.911378" lon="-122.527920"><ele>76.2</ele></trkpt><trkpt lat="37.911216" lon="-122.527769"><ele>75.5</ele></trkpt><trkpt lat="37.911058" lon="-122.527559"><ele>75.1</ele></trkpt><trkpt lat="37.910942" lon="-122.527449"><ele>74.9</ele></trkpt><trkpt lat="37.910818" lon="-122.527422"><ele>74.6</ele></trkpt><trkpt lat="37.910724" lon="-122.527451"><ele>74.1</ele></trkpt><trkpt lat="37.910654" lon="-122.527514"><ele>73.7</ele></trkpt><trkpt lat="37.910601" lon="-122.527611"><ele>73.2</ele></trkpt><trkpt lat="37.910573" lon="-122.527724"><ele>72.7</ele></trkpt><trkpt lat="37.910579" lon="-122.528011"><ele>71.6</ele></trkpt><trkpt lat="37.910564" lon="-122.528156"><ele>71.2</ele></trkpt><trkpt lat="37.910517" lon="-122.528284"><ele>70.7</ele></trkpt><trkpt lat="37.910417" lon="-122.528403"><ele>70.2</ele></trkpt><trkpt lat="37.910302" lon="-122.528461"><ele>69.6</ele></trkpt><trkpt lat="37.910162" lon="-122.528471"><ele>68.6</ele></trkpt><trkpt lat="37.909622" lon="-122.528430"><ele>64.8</ele></trkpt><trkpt lat="37.909289" lon="-122.528421"><ele>62.8</ele></trkpt><trkpt lat="37.908869" lon="-122.528441"><ele>59.4</ele></trkpt><trkpt lat="37.908756" lon="-122.528433"><ele>58.4</ele></trkpt><trkpt lat="37.908650" lon="-122.528408"><ele>57.4</ele></trkpt><trkpt lat="37.908550" lon="-122.528367"><ele>56.3</ele></trkpt><trkpt lat="37.908439" lon="-122.528311"><ele>55.1</ele></trkpt><trkpt lat="37.908376" lon="-122.528274"><ele>54.4</ele></trkpt><trkpt lat="37.908094" lon="-122.528082"><ele>51.2</ele></trkpt><trkpt lat="37.907965" lon="-122.528035"><ele>49.9</ele></trkpt><trkpt lat="37.907859" lon="-122.528034"><ele>48.9</ele></trkpt><trkpt lat="37.907800" lon="-122.528046"><ele>48.3</ele></trkpt><trkpt lat="37.907749" lon="-122.528066"><ele>47.8</ele></trkpt><trkpt lat="37.907717" lon="-122.528082"><ele>47.5</ele></trkpt><trkpt lat="37.907606" lon="-122.528180"><ele>46.8</ele></trkpt><trkpt lat="37.907550" lon="-122.528236"><ele>46.4</ele></trkpt><trkpt lat="37.907447" lon="-122.528376"><ele>45.8</ele></trkpt><trkpt lat="37.907380" lon="-122.528586"><ele>45.0</ele></trkpt><trkpt lat="37.907349" lon="-122.528802"><ele>44.0</ele></trkpt><trkpt lat="37.907299" lon="-122.528898"><ele>43.5</ele></trkpt><trkpt lat="37.907224" lon="-122.528957"><ele>43.0</ele></trkpt><trkpt lat="37.907127" lon="-122.528967"><ele>42.5</ele></trkpt><trkpt lat="37.906981" lon="-122.528878"><ele>41.5</ele></trkpt><trkpt lat="37.906891" lon="-122.528793"><ele>40.6</ele></trkpt><trkpt lat="37.906526" lon="-122.528358"><ele>36.9</ele></trkpt><trkpt lat="37.906397" lon="-122.528280"><ele>36.1</ele></trkpt><trkpt lat="37.906150" lon="-122.528236"><ele>34.7</ele></trkpt><trkpt lat="37.906058" lon="-122.528185"><ele>34.2</ele></trkpt><trkpt lat="37.906008" lon="-122.528113"><ele>33.8</ele></trkpt><trkpt lat="37.905952" lon="-122.528000"><ele>33.3</ele></trkpt><trkpt lat="37.905848" lon="-122.527751"><ele>32.1</ele></trkpt><trkpt lat="37.905757" lon="-122.527622"><ele>31.3</ele></trkpt><trkpt lat="37.905671" lon="-122.527547"><ele>30.6</ele></trkpt><trkpt lat="37.905493" lon="-122.527476"><ele>29.3</ele></trkpt><trkpt lat="37.905366" lon="-122.527460"><ele>28.5</ele></trkpt><trkpt lat="37.904774" lon="-122.527460"><ele>24.2</ele></trkpt><trkpt lat="37.904663" lon="-122.527424"><ele>23.7</ele></trkpt><trkpt lat="37.904607" lon="-122.527387"><ele>23.4</ele></trkpt><trkpt lat="37.904563" lon="-122.527332"><ele>23.2</ele></trkpt><trkpt lat="37.904320" lon="-122.527032"><ele>21.9</ele></trkpt><trkpt lat="37.904194" lon="-122.526933"><ele>21.2</ele></trkpt><trkpt lat="37.904123" lon="-122.526913"><ele>20.9</ele></trkpt><trkpt lat="37.904024" lon="-122.526899"><ele>20.4</ele></trkpt><trkpt lat="37.903922" lon="-122.526899"><ele>20.0</ele></trkpt><trkpt lat="37.903770" lon="-122.526927"><ele>19.2</ele></trkpt><trkpt lat="37.903432" lon="-122.527044"><ele>17.2</ele></trkpt><trkpt lat="37.903298" lon="-122.527111"><ele>16.4</ele></trkpt><trkpt lat="37.903170" lon="-122.527203"><ele>15.9</ele></trkpt><trkpt lat="37.903088" lon="-122.527274"><ele>15.6</ele></trkpt><trkpt lat="37.903012" lon="-122.527348"><ele>15.3</ele></trkpt><trkpt lat="37.902750" lon="-122.527663"><ele>14.4</ele></trkpt><trkpt lat="37.902634" lon="-122.527767"><ele>14.1</ele></trkpt><trkpt lat="37.902512" lon="-122.527853"><ele>13.9</ele></trkpt><trkpt lat="37.902410" lon="-122.527906"><ele>13.7</ele></trkpt><trkpt lat="37.901395" lon="-122.528285"><ele>11.6</ele></trkpt><trkpt lat="37.901324" lon="-122.528313"><ele>11.5</ele></trkpt><trkpt lat="37.901268" lon="-122.528364"><ele>11.3</ele></trkpt><trkpt lat="37.901178" lon="-122.528404"><ele>11.2</ele></trkpt><trkpt lat="37.901061" lon="-122.528457"><ele>11.0</ele></trkpt><trkpt lat="37.900926" lon="-122.528519"><ele>10.7</ele></trkpt><trkpt lat="37.900562" lon="-122.528673"><ele>10.5</ele></trkpt><trkpt lat="37.900490" lon="-122.528708"><ele>10.4</ele></trkpt><trkpt lat="37.900516" lon="-122.528834"><ele>10.4</ele></trkpt><trkpt lat="37.900561" lon="-122.529051"><ele>10.3</ele></trkpt><trkpt lat="37.900561" lon="-122.529231"><ele>10.2</ele></trkpt><trkpt lat="37.900573" lon="-122.529273"><ele>10.2</ele></trkpt><trkpt lat="37.900596" lon="-122.529371"><ele>10.1</ele></trkpt><trkpt lat="37.900697" lon="-122.529835"><ele>10.1</ele></trkpt><trkpt lat="37.900771" lon="-122.530167"><ele>10.1</ele></trkpt><trkpt lat="37.900878" lon="-122.530595"><ele>10.1</ele></trkpt><trkpt lat="37.900995" lon="-122.530932"><ele>10.2</ele></trkpt><trkpt lat="37.901268" lon="-122.531556"><ele>11.2</ele></trkpt><trkpt lat="37.901690" lon="-122.532485"><ele>12.8</ele></trkpt><trkpt lat="37.901730" lon="-122.532582"><ele>13.0</ele></trkpt><trkpt lat="37.901753" lon="-122.532636"><ele>13.1</ele></trkpt><trkpt lat="37.901759" lon="-122.532649"><ele>13.2</ele></trkpt><trkpt lat="37.901766" lon="-122.532666"><ele>13.2</ele></trkpt><trkpt lat="37.902067" lon="-122.533367"><ele>14.8</ele></trkpt><trkpt lat="37.902122" lon="-122.533479"><ele>15.1</ele></trkpt><trkpt lat="37.902244" lon="-122.533756"><ele>16.0</ele></trkpt><trkpt lat="37.902296" lon="-122.533875"><ele>16.3</ele></trkpt><trkpt lat="37.903520" lon="-122.536339"><ele>19.8</ele></trkpt><trkpt lat="37.903597" lon="-122.536491"><ele>19.6</ele></trkpt><trkpt lat="37.903689" lon="-122.536687"><ele>19.3</ele></trkpt><trkpt lat="37.903735" lon="-122.536817"><ele>19.1</ele></trkpt><trkpt lat="37.903749" lon="-122.536885"><ele>19.0</ele></trkpt><trkpt lat="37.903754" lon="-122.536926"><ele>18.9</ele></trkpt><trkpt lat="37.903757" lon="-122.536962"><ele>18.9</ele></trkpt><trkpt lat="37.903778" lon="-122.538141"><ele>17.3</ele></trkpt><trkpt lat="37.903780" lon="-122.538386"><ele>17.0</ele></trkpt><trkpt lat="37.903777" lon="-122.538725"><ele>16.5</ele></trkpt><trkpt lat="37.903775" lon="-122.539119"><ele>16.5</ele></trkpt><trkpt lat="37.903774" lon="-122.539328"><ele>16.5</ele></trkpt><trkpt lat="37.903773" lon="-122.539393"><ele>16.5</ele></trkpt><trkpt lat="37.903774" lon="-122.539458"><ele>16.5</ele></trkpt><trkpt lat="37.903777" lon="-122.539748"><ele>16.7</ele></trkpt><trkpt lat="37.903780" lon="-122.540453"><ele>17.5</ele></trkpt><trkpt lat="37.903780" lon="-122.540929"><ele>18.2</ele></trkpt><trkpt lat="37.903794" lon="-122.541018"><ele>18.3</ele></trkpt><trkpt lat="37.903814" lon="-122.541083"><ele>18.4</ele></trkpt><trkpt lat="37.903968" lon="-122.541421"><ele>18.9</ele></trkpt><trkpt lat="37.904072" lon="-122.541646"><ele>19.1</ele></trkpt><trkpt lat="37.904253" lon="-122.542046"><ele>19.5</ele></trkpt><trkpt lat="37.904349" lon="-122.542248"><ele>19.5</ele></trkpt><trkpt lat="37.904460" lon="-122.542494"><ele>19.5</ele></trkpt><trkpt lat="37.904833" lon="-122.543299"><ele>20.2</ele></trkpt><trkpt lat="37.905085" lon="-122.543748"><ele>20.7</ele></trkpt><trkpt lat="37.905092" lon="-122.543762"><ele>20.7</ele></trkpt><trkpt lat="37.905232" lon="-122.544011"><ele>21.0</ele></trkpt><trkpt lat="37.905265" lon="-122.544063"><ele>21.1</ele></trkpt><trkpt lat="37.905286" lon="-122.544096"><ele>21.1</ele></trkpt><trkpt lat="37.905339" lon="-122.544184"><ele>21.2</ele></trkpt><trkpt lat="37.905731" lon="-122.544839"><ele>22.2</ele></trkpt><trkpt lat="37.905762" lon="-122.544892"><ele>22.3</ele></trkpt><trkpt lat="37.905999" lon="-122.545285"><ele>22.7</ele></trkpt><trkpt lat="37.906027" lon="-122.545203"><ele>22.8</ele></trkpt><trkpt lat="37.906034" lon="-122.545114"><ele>22.8</ele></trkpt><trkpt lat="37.906034" lon="-122.545000"><ele>22.8</ele></trkpt><trkpt lat="37.906034" lon="-122.545114"><ele>22.7</ele></trkpt><trkpt lat="37.906027" lon="-122.545203"><ele>22.7</ele></trkpt><trkpt lat="37.905999" lon="-122.545285"><ele>22.7</ele></trkpt><trkpt lat="37.905762" lon="-122.544892"><ele>22.3</ele></trkpt><trkpt lat="37.905731" lon="-122.544839"><ele>22.3</ele></trkpt><trkpt lat="37.905339" lon="-122.544184"><ele>21.1</ele></trkpt><trkpt lat="37.905286" lon="-122.544096"><ele>20.9</ele></trkpt><trkpt lat="37.905265" lon="-122.544063"><ele>20.9</ele></trkpt><trkpt lat="37.905232" lon="-122.544011"><ele>20.7</ele></trkpt><trkpt lat="37.905092" lon="-122.543762"><ele>20.3</ele></trkpt><trkpt lat="37.905085" lon="-122.543748"><ele>20.3</ele></trkpt><trkpt lat="37.904833" lon="-122.543299"><ele>19.4</ele></trkpt><trkpt lat="37.904460" lon="-122.542494"><ele>17.9</ele></trkpt><trkpt lat="37.904374" lon="-122.542555"><ele>17.8</ele></trkpt><trkpt lat="37.903611" lon="-122.543102"><ele>18.3</ele></trkpt><trkpt lat="37.903427" lon="-122.543253"><ele>18.3</ele></trkpt><trkpt lat="37.903362" lon="-122.543298"><ele>18.3</ele></trkpt><trkpt lat="37.903324" lon="-122.543324"><ele>18.3</ele></trkpt><trkpt lat="37.903266" lon="-122.543368"><ele>18.2</ele></trkpt><trkpt lat="37.903187" lon="-122.543426"><ele>18.1</ele></trkpt><trkpt lat="37.903150" lon="-122.543454"><ele>18.0</ele></trkpt><trkpt lat="37.902954" lon="-122.543169"><ele>17.7</ele></trkpt><trkpt lat="37.902818" lon="-122.543023"><ele>17.6</ele></trkpt><trkpt lat="37.902676" lon="-122.542903"><ele>17.5</ele></trkpt><trkpt lat="37.902521" lon="-122.542768"><ele>17.4</ele></trkpt><trkpt lat="37.902419" lon="-122.542680"><ele>17.1</ele></trkpt><trkpt lat="37.902243" lon="-122.542525"><ele>16.7</ele></trkpt><trkpt lat="37.902231" lon="-122.542513"><ele>16.6</ele></trkpt><trkpt lat="37.902013" lon="-122.542285"><ele>16.0</ele></trkpt><trkpt lat="37.901939" lon="-122.542202"><ele>15.7</ele></trkpt><trkpt lat="37.901620" lon="-122.541844"><ele>14.5</ele></trkpt><trkpt lat="37.901473" lon="-122.541681"><ele>14.1</ele></trkpt><trkpt lat="37.901391" lon="-122.541589"><ele>13.8</ele></trkpt><trkpt lat="37.900112" lon="-122.540149"><ele>12.6</ele></trkpt><trkpt lat="37.899759" lon="-122.539767"><ele>12.3</ele></trkpt><trkpt lat="37.899125" lon="-122.539039"><ele>10.8</ele></trkpt><trkpt lat="37.898858" lon="-122.538701"><ele>9.5</ele></trkpt><trkpt lat="37.898811" lon="-122.538643"><ele>9.3</ele></trkpt><trkpt lat="37.898736" lon="-122.538556"><ele>8.9</ele></trkpt><trkpt lat="37.898682" lon="-122.538497"><ele>8.7</ele></trkpt><trkpt lat="37.898638" lon="-122.538450"><ele>8.5</ele></trkpt><trkpt lat="37.898588" lon="-122.538397"><ele>8.3</ele></trkpt><trkpt lat="37.898540" lon="-122.538345"><ele>8.1</ele></trkpt><trkpt lat="37.898326" lon="-122.538107"><ele>7.4</ele></trkpt><trkpt lat="37.898240" lon="-122.538009"><ele>7.2</ele></trkpt><trkpt lat="37.898142" lon="-122.537899"><ele>7.0</ele></trkpt><trkpt lat="37.898013" lon="-122.537752"><ele>6.7</ele></trkpt><trkpt lat="37.897944" lon="-122.537672"><ele>6.4</ele></trkpt><trkpt lat="37.897894" lon="-122.537611"><ele>6.3</ele></trkpt><trkpt lat="37.897850" lon="-122.537551"><ele>6.1</ele></trkpt><trkpt lat="37.897804" lon="-122.537484"><ele>6.0</ele></trkpt><trkpt lat="37.897760" lon="-122.537426"><ele>5.8</ele></trkpt><trkpt lat="37.897547" lon="-122.537188"><ele>5.2</ele></trkpt><trkpt lat="37.897543" lon="-122.537184"><ele>5.2</ele></trkpt><trkpt lat="37.897522" lon="-122.537159"><ele>5.1</ele></trkpt><trkpt lat="37.897459" lon="-122.537089"><ele>4.9</ele></trkpt><trkpt lat="37.897403" lon="-122.537029"><ele>4.8</ele></trkpt><trkpt lat="37.897297" lon="-122.536912"><ele>4.4</ele></trkpt><trkpt lat="37.896993" lon="-122.536577"><ele>3.9</ele></trkpt><trkpt lat="37.896830" lon="-122.536397"><ele>3.7</ele></trkpt><trkpt lat="37.896749" lon="-122.536309"><ele>3.7</ele></trkpt><trkpt lat="37.896670" lon="-122.536227"><ele>3.7</ele></trkpt><trkpt lat="37.896610" lon="-122.536165"><ele>3.7</ele></trkpt><trkpt lat="37.896554" lon="-122.536105"><ele>3.7</ele></trkpt><trkpt lat="37.896462" lon="-122.536007"><ele>3.7</ele></trkpt><trkpt lat="37.896358" lon="-122.535895"><ele>3.7</ele></trkpt><trkpt lat="37.896253" lon="-122.535779"><ele>3.8</ele></trkpt><trkpt lat="37.896211" lon="-122.535733"><ele>3.8</ele></trkpt><trkpt lat="37.896159" lon="-122.535675"><ele>3.8</ele></trkpt><trkpt lat="37.896080" lon="-122.535584"><ele>3.9</ele></trkpt><trkpt lat="37.895985" lon="-122.535476"><ele>4.0</ele></trkpt><trkpt lat="37.895938" lon="-122.535422"><ele>4.1</ele></trkpt><trkpt lat="37.895890" lon="-122.535368"><ele>4.2</ele></trkpt><trkpt lat="37.895694" lon="-122.535153"><ele>4.7</ele></trkpt><trkpt lat="37.895642" lon="-122.535097"><ele>4.8</ele></trkpt><trkpt lat="37.895592" lon="-122.535043"><ele>4.9</ele></trkpt><trkpt lat="37.895542" lon="-122.534984"><ele>5.1</ele></trkpt><trkpt lat="37.895505" lon="-122.534940"><ele>5.2</ele></trkpt><trkpt lat="37.895448" lon="-122.534865"><ele>5.4</ele></trkpt><trkpt lat="37.895408" lon="-122.534808"><ele>5.5</ele></trkpt><trkpt lat="37.895362" lon="-122.534736"><ele>5.7</ele></trkpt><trkpt lat="37.895319" lon="-122.534667"><ele>5.8</ele></trkpt><trkpt lat="37.895287" lon="-122.534616"><ele>5.9</ele></trkpt><trkpt lat="37.895254" lon="-122.534559"><ele>6.0</ele></trkpt><trkpt lat="37.895224" lon="-122.534502"><ele>6.1</ele></trkpt><trkpt lat="37.895191" lon="-122.534438"><ele>6.2</ele></trkpt><trkpt lat="37.895162" lon="-122.534374"><ele>6.3</ele></trkpt><trkpt lat="37.895137" lon="-122.534320"><ele>6.4</ele></trkpt><trkpt lat="37.895096" lon="-122.534232"><ele>6.6</ele></trkpt><trkpt lat="37.895060" lon="-122.534160"><ele>6.7</ele></trkpt><trkpt lat="37.895024" lon="-122.534091"><ele>6.8</ele></trkpt><trkpt lat="37.894986" lon="-122.534022"><ele>6.9</ele></trkpt><trkpt lat="37.894948" lon="-122.533957"><ele>7.0</ele></trkpt><trkpt lat="37.894907" lon="-122.533889"><ele>7.1</ele></trkpt><trkpt lat="37.894626" lon="-122.533425"><ele>7.3</ele></trkpt><trkpt lat="37.894585" lon="-122.533357"><ele>7.3</ele></trkpt><trkpt lat="37.894543" lon="-122.533292"><ele>7.3</ele></trkpt><trkpt lat="37.894499" lon="-122.533229"><ele>7.3</ele></trkpt><trkpt lat="37.894476" lon="-122.533196"><ele>7.3</ele></trkpt><trkpt lat="37.894455" lon="-122.533166"><ele>7.3</ele></trkpt><trkpt lat="37.894410" lon="-122.533103"><ele>7.3</ele></trkpt><trkpt lat="37.894355" lon="-122.533026"><ele>7.3</ele></trkpt><trkpt lat="37.894303" lon="-122.532954"><ele>7.3</ele></trkpt><trkpt lat="37.894270" lon="-122.532908"><ele>7.3</ele></trkpt><trkpt lat="37.894234" lon="-122.532854"><ele>7.3</ele></trkpt><trkpt lat="37.894174" lon="-122.532770"><ele>7.2</ele></trkpt><trkpt lat="37.893965" lon="-122.532481"><ele>6.8</ele></trkpt><trkpt lat="37.893824" lon="-122.532285"><ele>6.6</ele></trkpt><trkpt lat="37.893780" lon="-122.532221"><ele>6.5</ele></trkpt><trkpt lat="37.893737" lon="-122.532158"><ele>6.4</ele></trkpt><trkpt lat="37.893694" lon="-122.532092"><ele>6.3</ele></trkpt><trkpt lat="37.893641" lon="-122.532009"><ele>6.3</ele></trkpt><trkpt lat="37.893591" lon="-122.531925"><ele>6.2</ele></trkpt><trkpt lat="37.893541" lon="-122.531839"><ele>6.1</ele></trkpt><trkpt lat="37.893514" lon="-122.531790"><ele>6.0</ele></trkpt><trkpt lat="37.893493" lon="-122.531752"><ele>6.0</ele></trkpt><trkpt lat="37.893446" lon="-122.531663"><ele>5.9</ele></trkpt><trkpt lat="37.893313" lon="-122.531406"><ele>5.6</ele></trkpt><trkpt lat="37.893263" lon="-122.531318"><ele>5.5</ele></trkpt><trkpt lat="37.893214" lon="-122.531231"><ele>5.4</ele></trkpt><trkpt lat="37.893175" lon="-122.531155"><ele>5.3</ele></trkpt><trkpt lat="37.893144" lon="-122.531091"><ele>5.3</ele></trkpt><trkpt lat="37.893102" lon="-122.531005"><ele>5.2</ele></trkpt><trkpt lat="37.893071" lon="-122.530935"><ele>5.1</ele></trkpt><trkpt lat="37.892976" lon="-122.530716"><ele>4.9</ele></trkpt><trkpt lat="37.892885" lon="-122.530506"><ele>4.5</ele></trkpt><trkpt lat="37.892880" lon="-122.530496"><ele>4.4</ele></trkpt><trkpt lat="37.892837" lon="-122.530401"><ele>4.2</ele></trkpt><trkpt lat="37.892824" lon="-122.530369"><ele>4.2</ele></trkpt><trkpt lat="37.892798" lon="-122.530304"><ele>4.0</ele></trkpt><trkpt lat="37.892771" lon="-122.530228"><ele>3.9</ele></trkpt><trkpt lat="37.892764" lon="-122.530204"><ele>3.8</ele></trkpt><trkpt lat="37.892729" lon="-122.530079"><ele>3.6</ele></trkpt><trkpt lat="37.892707" lon="-122.529979"><ele>3.4</ele></trkpt><trkpt lat="37.892685" lon="-122.529884"><ele>3.1</ele></trkpt><trkpt lat="37.892669" lon="-122.529824"><ele>3.0</ele></trkpt><trkpt lat="37.892650" lon="-122.529749"><ele>2.8</ele></trkpt><trkpt lat="37.892626" lon="-122.529669"><ele>2.6</ele></trkpt><trkpt lat="37.892599" lon="-122.529592"><ele>2.4</ele></trkpt><trkpt lat="37.892569" lon="-122.529517"><ele>2.2</ele></trkpt><trkpt lat="37.892537" lon="-122.529442"><ele>2.1</ele></trkpt><trkpt lat="37.892504" lon="-122.529373"><ele>1.9</ele></trkpt><trkpt lat="37.892467" lon="-122.529301"><ele>1.7</ele></trkpt><trkpt lat="37.892430" lon="-122.529232"><ele>1.5</ele></trkpt><trkpt lat="37.892253" lon="-122.528906"><ele>0.6</ele></trkpt><trkpt lat="37.892094" lon="-122.528610"><ele>0.5</ele></trkpt><trkpt lat="37.891884" lon="-122.528223"><ele>0.2</ele></trkpt><trkpt lat="37.891258" lon="-122.527081"><ele>0.5</ele></trkpt><trkpt lat="37.891037" lon="-122.526682"><ele>0.9</ele></trkpt><trkpt lat="37.890791" lon="-122.526246"><ele>2.0</ele></trkpt><trkpt lat="37.890752" lon="-122.526178"><ele>2.2</ele></trkpt><trkpt lat="37.890712" lon="-122.526108"><ele>2.4</ele></trkpt><trkpt lat="37.890673" lon="-122.526041"><ele>2.5</ele></trkpt><trkpt lat="37.890632" lon="-122.525975"><ele>2.6</ele></trkpt><trkpt lat="37.890589" lon="-122.525909"><ele>2.7</ele></trkpt><trkpt lat="37.890542" lon="-122.525846"><ele>2.9</ele></trkpt><trkpt lat="37.890494" lon="-122.525788"><ele>3.0</ele></trkpt><trkpt lat="37.890442" lon="-122.525732"><ele>3.1</ele></trkpt><trkpt lat="37.890390" lon="-122.525681"><ele>3.2</ele></trkpt><trkpt lat="37.890334" lon="-122.525633"><ele>3.3</ele></trkpt><trkpt lat="37.890278" lon="-122.525587"><ele>3.4</ele></trkpt><trkpt lat="37.890220" lon="-122.525545"><ele>3.4</ele></trkpt><trkpt lat="37.890161" lon="-122.525508"><ele>3.5</ele></trkpt><trkpt lat="37.890101" lon="-122.525472"><ele>3.5</ele></trkpt><trkpt lat="37.890039" lon="-122.525440"><ele>3.5</ele></trkpt><trkpt lat="37.889976" lon="-122.525412"><ele>3.6</ele></trkpt><trkpt lat="37.889912" lon="-122.525387"><ele>3.6</ele></trkpt><trkpt lat="37.889847" lon="-122.525365"><ele>3.6</ele></trkpt><trkpt lat="37.889780" lon="-122.525347"><ele>3.7</ele></trkpt><trkpt lat="37.889715" lon="-122.525334"><ele>3.8</ele></trkpt><trkpt lat="37.889305" lon="-122.525266"><ele>4.5</ele></trkpt><trkpt lat="37.889226" lon="-122.525252"><ele>4.7</ele></trkpt><trkpt lat="37.888612" lon="-122.525133"><ele>6.0</ele></trkpt><trkpt lat="37.888502" lon="-122.525113"><ele>6.2</ele></trkpt><trkpt lat="37.888402" lon="-122.525097"><ele>6.4</ele></trkpt><trkpt lat="37.887900" lon="-122.525018"><ele>7.1</ele></trkpt><trkpt lat="37.887816" lon="-122.525003"><ele>7.2</ele></trkpt><trkpt lat="37.887725" lon="-122.524986"><ele>7.3</ele></trkpt><trkpt lat="37.887668" lon="-122.524976"><ele>7.3</ele></trkpt><trkpt lat="37.887609" lon="-122.524961"><ele>7.5</ele></trkpt><trkpt lat="37.887551" lon="-122.524943"><ele>7.7</ele></trkpt><trkpt lat="37.887495" lon="-122.524923"><ele>7.8</ele></trkpt><trkpt lat="37.887446" lon="-122.524902"><ele>8.0</ele></trkpt><trkpt lat="37.887352" lon="-122.524858"><ele>8.3</ele></trkpt><trkpt lat="37.887275" lon="-122.524815"><ele>8.5</ele></trkpt><trkpt lat="37.887194" lon="-122.524765"><ele>8.7</ele></trkpt><trkpt lat="37.887131" lon="-122.524724"><ele>8.8</ele></trkpt><trkpt lat="37.887070" lon="-122.524680"><ele>8.8</ele></trkpt><trkpt lat="37.887015" lon="-122.524635"><ele>8.7</ele></trkpt><trkpt lat="37.886954" lon="-122.524583"><ele>8.7</ele></trkpt><trkpt lat="37.886895" lon="-122.524532"><ele>8.7</ele></trkpt><trkpt lat="37.886751" lon="-122.524403"><ele>8.6</ele></trkpt><trkpt lat="37.886608" lon="-122.524276"><ele>8.5</ele></trkpt><trkpt lat="37.886359" lon="-122.524050"><ele>8.3</ele></trkpt><trkpt lat="37.886306" lon="-122.523997"><ele>8.3</ele></trkpt><trkpt lat="37.886180" lon="-122.523862"><ele>8.2</ele></trkpt><trkpt lat="37.886130" lon="-122.523822"><ele>8.2</ele></trkpt><trkpt lat="37.886078" lon="-122.523784"><ele>8.2</ele></trkpt><trkpt lat="37.886030" lon="-122.523751"><ele>8.2</ele></trkpt><trkpt lat="37.885980" lon="-122.523721"><ele>8.2</ele></trkpt><trkpt lat="37.885927" lon="-122.523694"><ele>8.2</ele></trkpt><trkpt lat="37.885874" lon="-122.523671"><ele>8.2</ele></trkpt><trkpt lat="37.885817" lon="-122.523651"><ele>8.2</ele></trkpt><trkpt lat="37.885761" lon="-122.523635"><ele>8.2</ele></trkpt><trkpt lat="37.885707" lon="-122.523623"><ele>8.1</ele></trkpt><trkpt lat="37.885655" lon="-122.523613"><ele>8.0</ele></trkpt><trkpt lat="37.885601" lon="-122.523607"><ele>7.9</ele></trkpt><trkpt lat="37.885546" lon="-122.523603"><ele>7.8</ele></trkpt><trkpt lat="37.885486" lon="-122.523604"><ele>7.7</ele></trkpt><trkpt lat="37.885430" lon="-122.523609"><ele>7.6</ele></trkpt><trkpt lat="37.885373" lon="-122.523619"><ele>7.5</ele></trkpt><trkpt lat="37.885312" lon="-122.523633"><ele>7.4</ele></trkpt><trkpt lat="37.885254" lon="-122.523650"><ele>7.3</ele></trkpt><trkpt lat="37.885196" lon="-122.523670"><ele>7.2</ele></trkpt><trkpt lat="37.885137" lon="-122.523696"><ele>7.2</ele></trkpt><trkpt lat="37.885075" lon="-122.523726"><ele>7.1</ele></trkpt><trkpt lat="37.885014" lon="-122.523762"><ele>7.0</ele></trkpt><trkpt lat="37.884958" lon="-122.523801"><ele>6.9</ele></trkpt><trkpt lat="37.884905" lon="-122.523842"><ele>6.9</ele></trkpt><trkpt lat="37.884853" lon="-122.523887"><ele>6.8</ele></trkpt><trkpt lat="37.884803" lon="-122.523938"><ele>6.7</ele></trkpt><trkpt lat="37.884752" lon="-122.523996"><ele>6.7</ele></trkpt><trkpt lat="37.884704" lon="-122.524057"><ele>6.6</ele></trkpt><trkpt lat="37.884655" lon="-122.524126"><ele>6.5</ele></trkpt><trkpt lat="37.884588" lon="-122.524225"><ele>6.4</ele></trkpt><trkpt lat="37.884515" lon="-122.524330"><ele>6.2</ele></trkpt><trkpt lat="37.884476" lon="-122.524387"><ele>6.2</ele></trkpt><trkpt lat="37.884434" lon="-122.524441"><ele>6.1</ele></trkpt><trkpt lat="37.884421" lon="-122.524456"><ele>6.1</ele></trkpt><trkpt lat="37.884345" lon="-122.524542"><ele>6.0</ele></trkpt><trkpt lat="37.884287" lon="-122.524594"><ele>5.9</ele></trkpt><trkpt lat="37.884243" lon="-122.524629"><ele>5.8</ele></trkpt><trkpt lat="37.884198" lon="-122.524658"><ele>5.8</ele></trkpt><trkpt lat="37.884143" lon="-122.524687"><ele>5.7</ele></trkpt><trkpt lat="37.884076" lon="-122.524712"><ele>5.6</ele></trkpt><trkpt lat="37.884050" lon="-122.524716"><ele>5.6</ele></trkpt><trkpt lat="37.883952" lon="-122.524734"><ele>5.5</ele></trkpt><trkpt lat="37.883881" lon="-122.524736"><ele>5.3</ele></trkpt><trkpt lat="37.883807" lon="-122.524735"><ele>5.1</ele></trkpt><trkpt lat="37.883688" lon="-122.524730"><ele>4.8</ele></trkpt><trkpt lat="37.883578" lon="-122.524722"><ele>4.5</ele></trkpt><trkpt lat="37.883494" lon="-122.524713"><ele>4.2</ele></trkpt><trkpt lat="37.883407" lon="-122.524706"><ele>4.0</ele></trkpt><trkpt lat="37.883322" lon="-122.524700"><ele>3.9</ele></trkpt><trkpt lat="37.883236" lon="-122.524701"><ele>3.9</ele></trkpt><trkpt lat="37.883145" lon="-122.524705"><ele>3.8</ele></trkpt><trkpt lat="37.883036" lon="-122.524718"><ele>3.8</ele></trkpt><trkpt lat="37.882925" lon="-122.524738"><ele>3.7</ele></trkpt><trkpt lat="37.882817" lon="-122.524761"><ele>3.7</ele></trkpt><trkpt lat="37.882706" lon="-122.524788"><ele>3.7</ele></trkpt><trkpt lat="37.882608" lon="-122.524814"><ele>3.8</ele></trkpt><trkpt lat="37.882444" lon="-122.524859"><ele>3.9</ele></trkpt><trkpt lat="37.882278" lon="-122.524908"><ele>4.0</ele></trkpt><trkpt lat="37.882218" lon="-122.524920"><ele>4.1</ele></trkpt><trkpt lat="37.882185" lon="-122.524923"><ele>4.1</ele></trkpt><trkpt lat="37.882149" lon="-122.524924"><ele>4.2</ele></trkpt><trkpt lat="37.882117" lon="-122.524923"><ele>4.2</ele></trkpt><trkpt lat="37.882103" lon="-122.524979"><ele>4.2</ele></trkpt><trkpt lat="37.882088" lon="-122.525029"><ele>4.3</ele></trkpt><trkpt lat="37.882070" lon="-122.525077"><ele>4.3</ele></trkpt><trkpt lat="37.882050" lon="-122.525126"><ele>4.4</ele></trkpt><trkpt lat="37.882035" lon="-122.525155"><ele>4.4</ele></trkpt><trkpt lat="37.881995" lon="-122.525233"><ele>4.5</ele></trkpt><trkpt lat="37.881962" lon="-122.525295"><ele>4.6</ele></trkpt><trkpt lat="37.881930" lon="-122.525353"><ele>4.6</ele></trkpt><trkpt lat="37.881909" lon="-122.525390"><ele>4.6</ele></trkpt><trkpt lat="37.881891" lon="-122.525420"><ele>4.6</ele></trkpt><trkpt lat="37.881831" lon="-122.525522"><ele>4.6</ele></trkpt><trkpt lat="37.881785" lon="-122.525596"><ele>4.6</ele></trkpt><trkpt lat="37.881750" lon="-122.525664"><ele>4.6</ele></trkpt><trkpt lat="37.881675" lon="-122.525775"><ele>4.6</ele></trkpt><trkpt lat="37.881623" lon="-122.525860"><ele>4.6</ele></trkpt><trkpt lat="37.881535" lon="-122.525995"><ele>4.8</ele></trkpt><trkpt lat="37.881436" lon="-122.526139"><ele>4.9</ele></trkpt><trkpt lat="37.881315" lon="-122.526298"><ele>5.1</ele></trkpt><trkpt lat="37.881156" lon="-122.526504"><ele>5.0</ele></trkpt><trkpt lat="37.881076" lon="-122.526595"><ele>4.9</ele></trkpt><trkpt lat="37.881028" lon="-122.526470"><ele>4.7</ele></trkpt><trkpt lat="37.880972" lon="-122.526416"><ele>4.7</ele></trkpt><trkpt lat="37.880813" lon="-122.526262"><ele>4.4</ele></trkpt><trkpt lat="37.880717" lon="-122.526188"><ele>4.2</ele></trkpt><trkpt lat="37.880631" lon="-122.526133"><ele>4.0</ele></trkpt><trkpt lat="37.880531" lon="-122.526083"><ele>3.8</ele></trkpt><trkpt lat="37.880428" lon="-122.526038"><ele>3.7</ele></trkpt><trkpt lat="37.880316" lon="-122.526011"><ele>3.5</ele></trkpt><trkpt lat="37.880201" lon="-122.525993"><ele>3.4</ele></trkpt><trkpt lat="37.880033" lon="-122.525992"><ele>3.2</ele></trkpt><trkpt lat="37.879921" lon="-122.525999"><ele>3.1</ele></trkpt><trkpt lat="37.879814" lon="-122.526032"><ele>3.0</ele></trkpt><trkpt lat="37.878835" lon="-122.526437"><ele>2.1</ele></trkpt><trkpt lat="37.878808" lon="-122.526448"><ele>2.1</ele></trkpt><trkpt lat="37.878571" lon="-122.526548"><ele>2.0</ele></trkpt><trkpt lat="37.878301" lon="-122.526657"><ele>1.8</ele></trkpt><trkpt lat="37.877646" lon="-122.526931"><ele>1.8</ele></trkpt><trkpt lat="37.877103" lon="-122.527155"><ele>2.9</ele></trkpt><trkpt lat="37.877071" lon="-122.527162"><ele>3.0</ele></trkpt><trkpt lat="37.877043" lon="-122.527159"><ele>3.1</ele></trkpt><trkpt lat="37.876995" lon="-122.527140"><ele>3.2</ele></trkpt><trkpt lat="37.876912" lon="-122.527086"><ele>3.4</ele></trkpt><trkpt lat="37.876843" lon="-122.527044"><ele>3.6</ele></trkpt><trkpt lat="37.876940" lon="-122.526756"><ele>4.5</ele></trkpt><trkpt lat="37.876975" lon="-122.526622"><ele>4.9</ele></trkpt><trkpt lat="37.876983" lon="-122.526582"><ele>5.0</ele></trkpt><trkpt lat="37.876994" lon="-122.526490"><ele>5.3</ele></trkpt><trkpt lat="37.876992" lon="-122.526434"><ele>5.5</ele></trkpt><trkpt lat="37.876862" lon="-122.526444"><ele>6.0</ele></trkpt><trkpt lat="37.876758" lon="-122.526443"><ele>6.3</ele></trkpt><trkpt lat="37.876664" lon="-122.526438"><ele>6.6</ele></trkpt><trkpt lat="37.876594" lon="-122.526418"><ele>6.9</ele></trkpt><trkpt lat="37.876518" lon="-122.526377"><ele>7.2</ele></trkpt><trkpt lat="37.876420" lon="-122.526297"><ele>7.5</ele></trkpt><trkpt lat="37.876245" lon="-122.526138"><ele>7.8</ele></trkpt><trkpt lat="37.876132" lon="-122.526047"><ele>8.0</ele></trkpt><trkpt lat="37.876010" lon="-122.525963"><ele>8.1</ele></trkpt><trkpt lat="37.875923" lon="-122.525923"><ele>8.2</ele></trkpt><trkpt lat="37.875851" lon="-122.525895"><ele>8.3</ele></trkpt><trkpt lat="37.875758" lon="-122.525887"><ele>8.3</ele></trkpt><trkpt lat="37.875675" lon="-122.525889"><ele>8.4</ele></trkpt><trkpt lat="37.875593" lon="-122.525905"><ele>8.4</ele></trkpt><trkpt lat="37.875401" lon="-122.525970"><ele>8.5</ele></trkpt><trkpt lat="37.875162" lon="-122.526045"><ele>8.5</ele></trkpt><trkpt lat="37.875073" lon="-122.526060"><ele>8.5</ele></trkpt><trkpt lat="37.874984" lon="-122.526069"><ele>8.5</ele></trkpt><trkpt lat="37.874892" lon="-122.526064"><ele>8.5</ele></trkpt><trkpt lat="37.874800" lon="-122.526056"><ele>8.4</ele></trkpt><trkpt lat="37.874379" lon="-122.525985"><ele>8.0</ele></trkpt><trkpt lat="37.874314" lon="-122.525983"><ele>7.9</ele></trkpt><trkpt lat="37.874231" lon="-122.525985"><ele>7.8</ele></trkpt><trkpt lat="37.874058" lon="-122.526000"><ele>7.6</ele></trkpt><trkpt lat="37.873962" lon="-122.526004"><ele>7.5</ele></trkpt><trkpt lat="37.873841" lon="-122.525995"><ele>7.4</ele></trkpt><trkpt lat="37.873689" lon="-122.525971"><ele>7.4</ele></trkpt><trkpt lat="37.873510" lon="-122.525941"><ele>7.5</ele></trkpt><trkpt lat="37.873394" lon="-122.525913"><ele>7.5</ele></trkpt><trkpt lat="37.873120" lon="-122.525833"><ele>7.6</ele></trkpt><trkpt lat="37.873060" lon="-122.525819"><ele>7.6</ele></trkpt><trkpt lat="37.873005" lon="-122.525818"><ele>7.6</ele></trkpt><trkpt lat="37.872935" lon="-122.525832"><ele>7.6</ele></trkpt><trkpt lat="37.872387" lon="-122.526039"><ele>8.4</ele></trkpt><trkpt lat="37.872011" lon="-122.526191"><ele>9.3</ele></trkpt><trkpt lat="37.871356" lon="-122.526495"><ele>9.8</ele></trkpt><trkpt lat="37.870932" lon="-122.526683"><ele>9.6</ele></trkpt><trkpt lat="37.870522" lon="-122.526853"><ele>9.4</ele></trkpt><trkpt lat="37.870409" lon="-122.526901"><ele>9.3</ele></trkpt><trkpt lat="37.870304" lon="-122.526953"><ele>9.2</ele></trkpt><trkpt lat="37.870222" lon="-122.527005"><ele>9.2</ele></trkpt><trkpt lat="37.870140" lon="-122.527070"><ele>9.0</ele></trkpt><trkpt lat="37.870050" lon="-122.527166"><ele>8.6</ele></trkpt><trkpt lat="37.869866" lon="-122.527393"><ele>7.7</ele></trkpt><trkpt lat="37.869544" lon="-122.527798"><ele>7.5</ele></trkpt><trkpt lat="37.869476" lon="-122.527886"><ele>7.6</ele></trkpt><trkpt lat="37.869388" lon="-122.528001"><ele>7.7</ele></trkpt><trkpt lat="37.869209" lon="-122.528213"><ele>8.7</ele></trkpt><trkpt lat="37.869069" lon="-122.528359"><ele>9.4</ele></trkpt><trkpt lat="37.868932" lon="-122.528490"><ele>10.1</ele></trkpt><trkpt lat="37.868807" lon="-122.528602"><ele>10.9</ele></trkpt><trkpt lat="37.868599" lon="-122.528804"><ele>12.2</ele></trkpt><trkpt lat="37.868425" lon="-122.528979"><ele>13.4</ele></trkpt><trkpt lat="37.868328" lon="-122.529089"><ele>14.0</ele></trkpt><trkpt lat="37.868258" lon="-122.529193"><ele>14.6</ele></trkpt><trkpt lat="37.868072" lon="-122.529548"><ele>16.8</ele></trkpt><trkpt lat="37.867999" lon="-122.529665"><ele>17.8</ele></trkpt><trkpt lat="37.867925" lon="-122.529757"><ele>18.6</ele></trkpt><trkpt lat="37.867704" lon="-122.529962"><ele>20.3</ele></trkpt><trkpt lat="37.867599" lon="-122.530084"><ele>21.0</ele></trkpt><trkpt lat="37.867128" lon="-122.530760"><ele>24.9</ele></trkpt><trkpt lat="37.867030" lon="-122.530892"><ele>26.2</ele></trkpt><trkpt lat="37.866910" lon="-122.531039"><ele>28.0</ele></trkpt><trkpt lat="37.866799" lon="-122.531152"><ele>29.7</ele></trkpt><trkpt lat="37.866681" lon="-122.531241"><ele>31.2</ele></trkpt><trkpt lat="37.866591" lon="-122.531293"><ele>31.8</ele></trkpt><trkpt lat="37.866373" lon="-122.531386"><ele>32.8</ele></trkpt><trkpt lat="37.866300" lon="-122.531425"><ele>33.1</ele></trkpt><trkpt lat="37.866232" lon="-122.531474"><ele>33.5</ele></trkpt><trkpt lat="37.866166" lon="-122.531540"><ele>33.8</ele></trkpt><trkpt lat="37.866001" lon="-122.531760"><ele>34.5</ele></trkpt><trkpt lat="37.865909" lon="-122.531894"><ele>34.9</ele></trkpt><trkpt lat="37.865763" lon="-122.532078"><ele>35.6</ele></trkpt><trkpt lat="37.865673" lon="-122.532206"><ele>36.2</ele></trkpt><trkpt lat="37.865450" lon="-122.532574"><ele>37.9</ele></trkpt><trkpt lat="37.865375" lon="-122.532679"><ele>38.5</ele></trkpt><trkpt lat="37.865302" lon="-122.532762"><ele>39.0</ele></trkpt><trkpt lat="37.865204" lon="-122.532840"><ele>39.7</ele></trkpt><trkpt lat="37.865089" lon="-122.532911"><ele>40.4</ele></trkpt><trkpt lat="37.864878" lon="-122.533018"><ele>40.6</ele></trkpt><trkpt lat="37.864776" lon="-122.533062"><ele>40.4</ele></trkpt><trkpt lat="37.864617" lon="-122.533124"><ele>40.1</ele></trkpt><trkpt lat="37.864515" lon="-122.533166"><ele>39.9</ele></trkpt><trkpt lat="37.864416" lon="-122.533226"><ele>40.5</ele></trkpt><trkpt lat="37.864163" lon="-122.533412"><ele>42.4</ele></trkpt><trkpt lat="37.864044" lon="-122.533481"><ele>43.2</ele></trkpt><trkpt lat="37.863900" lon="-122.533543"><ele>44.2</ele></trkpt><trkpt lat="37.863562" lon="-122.533653"><ele>46.6</ele></trkpt><trkpt lat="37.863436" lon="-122.533704"><ele>47.2</ele></trkpt><trkpt lat="37.862942" lon="-122.533938"><ele>49.3</ele></trkpt><trkpt lat="37.862838" lon="-122.533984"><ele>49.6</ele></trkpt><trkpt lat="37.862754" lon="-122.534032"><ele>49.9</ele></trkpt><trkpt lat="37.862660" lon="-122.534099"><ele>50.3</ele></trkpt><trkpt lat="37.862575" lon="-122.534173"><ele>50.7</ele></trkpt><trkpt lat="37.862502" lon="-122.534249"><ele>51.0</ele></trkpt><trkpt lat="37.862428" lon="-122.534341"><ele>51.6</ele></trkpt><trkpt lat="37.862364" lon="-122.534441"><ele>52.2</ele></trkpt><trkpt lat="37.862297" lon="-122.534553"><ele>52.8</ele></trkpt><trkpt lat="37.862235" lon="-122.534644"><ele>53.4</ele></trkpt><trkpt lat="37.862160" lon="-122.534741"><ele>54.0</ele></trkpt><trkpt lat="37.862069" lon="-122.534845"><ele>54.5</ele></trkpt><trkpt lat="37.861968" lon="-122.534927"><ele>55.0</ele></trkpt><trkpt lat="37.861826" lon="-122.535029"><ele>55.8</ele></trkpt><trkpt lat="37.861651" lon="-122.535124"><ele>56.6</ele></trkpt><trkpt lat="37.861581" lon="-122.535160"><ele>56.8</ele></trkpt><trkpt lat="37.861522" lon="-122.535196"><ele>57.0</ele></trkpt><trkpt lat="37.861467" lon="-122.535237"><ele>57.3</ele></trkpt><trkpt lat="37.861414" lon="-122.535279"><ele>57.5</ele></trkpt><trkpt lat="37.861368" lon="-122.535320"><ele>57.7</ele></trkpt><trkpt lat="37.861317" lon="-122.535367"><ele>57.9</ele></trkpt><trkpt lat="37.861222" lon="-122.535465"><ele>58.3</ele></trkpt><trkpt lat="37.861128" lon="-122.535567"><ele>58.5</ele></trkpt><trkpt lat="37.861031" lon="-122.535678"><ele>58.7</ele></trkpt><trkpt lat="37.860939" lon="-122.535781"><ele>58.9</ele></trkpt><trkpt lat="37.860840" lon="-122.535885"><ele>59.1</ele></trkpt><trkpt lat="37.860755" lon="-122.535969"><ele>59.1</ele></trkpt><trkpt lat="37.860549" lon="-122.536165"><ele>58.9</ele></trkpt><trkpt lat="37.860360" lon="-122.536345"><ele>58.8</ele></trkpt><trkpt lat="37.860328" lon="-122.536379"><ele>58.8</ele></trkpt><trkpt lat="37.860190" lon="-122.536531"><ele>58.7</ele></trkpt><trkpt lat="37.860101" lon="-122.536630"><ele>58.6</ele></trkpt><trkpt lat="37.860018" lon="-122.536725"><ele>58.5</ele></trkpt><trkpt lat="37.859945" lon="-122.536809"><ele>58.1</ele></trkpt><trkpt lat="37.859867" lon="-122.536892"><ele>57.4</ele></trkpt><trkpt lat="37.859794" lon="-122.536965"><ele>56.8</ele></trkpt><trkpt lat="37.859709" lon="-122.537038"><ele>56.1</ele></trkpt><trkpt lat="37.859614" lon="-122.537106"><ele>55.4</ele></trkpt><trkpt lat="37.859154" lon="-122.537413"><ele>52.1</ele></trkpt><trkpt lat="37.858730" lon="-122.537690"><ele>49.8</ele></trkpt><trkpt lat="37.858630" lon="-122.537754"><ele>49.3</ele></trkpt><trkpt lat="37.858539" lon="-122.537817"><ele>48.9</ele></trkpt><trkpt lat="37.858456" lon="-122.537879"><ele>48.6</ele></trkpt><trkpt lat="37.858378" lon="-122.537943"><ele>48.3</ele></trkpt><trkpt lat="37.858300" lon="-122.538017"><ele>47.9</ele></trkpt><trkpt lat="37.858230" lon="-122.538091"><ele>47.6</ele></trkpt><trkpt lat="37.858167" lon="-122.538163"><ele>47.3</ele></trkpt><trkpt lat="37.858099" lon="-122.538247"><ele>47.0</ele></trkpt><trkpt lat="37.858026" lon="-122.538342"><ele>46.8</ele></trkpt><trkpt lat="37.857835" lon="-122.538603"><ele>46.0</ele></trkpt><trkpt lat="37.857769" lon="-122.538689"><ele>45.8</ele></trkpt><trkpt lat="37.857701" lon="-122.538767"><ele>46.2</ele></trkpt><trkpt lat="37.857636" lon="-122.538838"><ele>46.6</ele></trkpt><trkpt lat="37.857583" lon="-122.538885"><ele>46.9</ele></trkpt><trkpt lat="37.857526" lon="-122.538929"><ele>47.2</ele></trkpt><trkpt lat="37.857471" lon="-122.538964"><ele>47.5</ele></trkpt><trkpt lat="37.857412" lon="-122.538995"><ele>47.7</ele></trkpt><trkpt lat="37.857448" lon="-122.539108"><ele>48.2</ele></trkpt><trkpt lat="37.857488" lon="-122.539243"><ele>48.7</ele></trkpt><trkpt lat="37.857521" lon="-122.539359"><ele>49.1</ele></trkpt><trkpt lat="37.857547" lon="-122.539465"><ele>49.5</ele></trkpt><trkpt lat="37.857568" lon="-122.539566"><ele>49.9</ele></trkpt><trkpt lat="37.857586" lon="-122.539674"><ele>50.3</ele></trkpt><trkpt lat="37.857603" lon="-122.539782"><ele>50.7</ele></trkpt><trkpt lat="37.857621" lon="-122.539877"><ele>51.1</ele></trkpt><trkpt lat="37.857645" lon="-122.539966"><ele>51.4</ele></trkpt><trkpt lat="37.857684" lon="-122.540044"><ele>51.8</ele></trkpt><trkpt lat="37.857730" lon="-122.540122"><ele>52.2</ele></trkpt><trkpt lat="37.857811" lon="-122.540229"><ele>52.8</ele></trkpt><trkpt lat="37.857912" lon="-122.540351"><ele>53.5</ele></trkpt><trkpt lat="37.857972" lon="-122.540443"><ele>54.1</ele></trkpt><trkpt lat="37.858012" lon="-122.540523"><ele>54.5</ele></trkpt><trkpt lat="37.858088" lon="-122.540711"><ele>55.4</ele></trkpt><trkpt lat="37.858147" lon="-122.540856"><ele>56.2</ele></trkpt><trkpt lat="37.858200" lon="-122.540950"><ele>56.7</ele></trkpt><trkpt lat="37.858332" lon="-122.541129"><ele>57.6</ele></trkpt><trkpt lat="37.858570" lon="-122.541430"><ele>59.3</ele></trkpt><trkpt lat="37.858663" lon="-122.541559"><ele>60.0</ele></trkpt><trkpt lat="37.858877" lon="-122.541865"><ele>61.6</ele></trkpt><trkpt lat="37.858966" lon="-122.541972"><ele>62.4</ele></trkpt><trkpt lat="37.859153" lon="-122.542170"><ele>64.1</ele></trkpt><trkpt lat="37.859239" lon="-122.542271"><ele>64.9</ele></trkpt><trkpt lat="37.859290" lon="-122.542355"><ele>65.4</ele></trkpt><trkpt lat="37.859353" lon="-122.542466"><ele>66.0</ele></trkpt><trkpt lat="37.859637" lon="-122.543095"><ele>69.1</ele></trkpt><trkpt lat="37.859701" lon="-122.543220"><ele>69.9</ele></trkpt><trkpt lat="37.859763" lon="-122.543319"><ele>70.6</ele></trkpt><trkpt lat="37.859847" lon="-122.543445"><ele>71.4</ele></trkpt><trkpt lat="37.860223" lon="-122.543894"><ele>74.5</ele></trkpt><trkpt lat="37.860605" lon="-122.544293"><ele>76.8</ele></trkpt><trkpt lat="37.860783" lon="-122.544451"><ele>77.7</ele></trkpt><trkpt lat="37.860924" lon="-122.544558"><ele>78.1</ele></trkpt><trkpt lat="37.861087" lon="-122.544651"><ele>78.6</ele></trkpt><trkpt lat="37.861139" lon="-122.544669"><ele>78.8</ele></trkpt><trkpt lat="37.861193" lon="-122.544677"><ele>78.9</ele></trkpt><trkpt lat="37.861294" lon="-122.544675"><ele>79.5</ele></trkpt><trkpt lat="37.861440" lon="-122.544660"><ele>80.3</ele></trkpt><trkpt lat="37.861487" lon="-122.544667"><ele>80.5</ele></trkpt><trkpt lat="37.861529" lon="-122.544686"><ele>80.8</ele></trkpt><trkpt lat="37.861558" lon="-122.544717"><ele>81.0</ele></trkpt><trkpt lat="37.861585" lon="-122.544765"><ele>81.3</ele></trkpt><trkpt lat="37.861593" lon="-122.544817"><ele>81.5</ele></trkpt><trkpt lat="37.861594" lon="-122.544878"><ele>81.8</ele></trkpt><trkpt lat="37.861579" lon="-122.544948"><ele>82.0</ele></trkpt><trkpt lat="37.861542" lon="-122.545003"><ele>82.0</ele></trkpt><trkpt lat="37.861482" lon="-122.545065"><ele>82.1</ele></trkpt><trkpt lat="37.861122" lon="-122.545375"><ele>82.2</ele></trkpt><trkpt lat="37.861080" lon="-122.545422"><ele>82.2</ele></trkpt><trkpt lat="37.861010" lon="-122.545530"><ele>82.1</ele></trkpt><trkpt lat="37.860938" lon="-122.545671"><ele>81.9</ele></trkpt><trkpt lat="37.860922" lon="-122.545698"><ele>81.9</ele></trkpt><trkpt lat="37.860909" lon="-122.545716"><ele>81.9</ele></trkpt><trkpt lat="37.860893" lon="-122.545726"><ele>81.8</ele></trkpt><trkpt lat="37.860875" lon="-122.545730"><ele>81.8</ele></trkpt><trkpt lat="37.858280" lon="-122.538010"><ele>56.4</ele></trkpt><trkpt lat="37.858560" lon="-122.537780"><ele>53.6</ele></trkpt><trkpt lat="37.859570" lon="-122.537140"><ele>54.1</ele></trkpt><trkpt lat="37.859850" lon="-122.536920"><ele>56.1</ele></trkpt><trkpt lat="37.860420" lon="-122.536290"><ele>59.4</ele></trkpt><trkpt lat="37.860760" lon="-122.535960"><ele>62.0</ele></trkpt><trkpt lat="37.860570" lon="-122.535580"><ele>64.5</ele></trkpt><trkpt lat="37.860550" lon="-122.535290"><ele>66.1</ele></trkpt><trkpt lat="37.860580" lon="-122.535040"><ele>67.4</ele></trkpt><trkpt lat="37.860540" lon="-122.534950"><ele>68.1</ele></trkpt><trkpt lat="37.860760" lon="-122.534910"><ele>69.8</ele></trkpt><trkpt lat="37.861000" lon="-122.534670"><ele>72.4</ele></trkpt><trkpt lat="37.861300" lon="-122.534540"><ele>75.7</ele></trkpt><trkpt lat="37.861560" lon="-122.534150"><ele>78.3</ele></trkpt><trkpt lat="37.862230" lon="-122.532880"><ele>89.5</ele></trkpt><trkpt lat="37.863000" lon="-122.532000"><ele>97.2</ele></trkpt><trkpt lat="37.863420" lon="-122.531690"><ele>104.2</ele></trkpt><trkpt lat="37.863770" lon="-122.531310"><ele>110.6</ele></trkpt><trkpt lat="37.864220" lon="-122.531070"><ele>115.2</ele></trkpt><trkpt lat="37.864490" lon="-122.530630"><ele>119.9</ele></trkpt><trkpt lat="37.864820" lon="-122.529910"><ele>130.2</ele></trkpt><trkpt lat="37.864890" lon="-122.529540"><ele>133.6</ele></trkpt><trkpt lat="37.865110" lon="-122.528830"><ele>139.5</ele></trkpt><trkpt lat="37.865110" lon="-122.528520"><ele>141.8</ele></trkpt><trkpt lat="37.865050" lon="-122.528160"><ele>144.6</ele></trkpt><trkpt lat="37.864980" lon="-122.528000"><ele>146.7</ele></trkpt><trkpt lat="37.864990" lon="-122.527550"><ele>152.1</ele></trkpt><trkpt lat="37.864850" lon="-122.527310"><ele>155.1</ele></trkpt><trkpt lat="37.864560" lon="-122.526960"><ele>159.6</ele></trkpt><trkpt lat="37.863820" lon="-122.526340"><ele>169.9</ele></trkpt><trkpt lat="37.863200" lon="-122.525910"><ele>179.0</ele></trkpt><trkpt lat="37.862620" lon="-122.525370"><ele>184.6</ele></trkpt><trkpt lat="37.862150" lon="-122.524810"><ele>191.2</ele></trkpt><trkpt lat="37.861740" lon="-122.524080"><ele>198.3</ele></trkpt><trkpt lat="37.861060" lon="-122.522120"><ele>216.3</ele></trkpt><trkpt lat="37.860650" lon="-122.521460"><ele>223.0</ele></trkpt><trkpt lat="37.860280" lon="-122.521290"><ele>226.7</ele></trkpt><trkpt lat="37.859730" lon="-122.521140"><ele>233.6</ele></trkpt><trkpt lat="37.859110" lon="-122.521160"><ele>241.6</ele></trkpt><trkpt lat="37.858640" lon="-122.521330"><ele>245.8</ele></trkpt><trkpt lat="37.858280" lon="-122.521220"><ele>248.4</ele></trkpt><trkpt lat="37.858090" lon="-122.521100"><ele>250.0</ele></trkpt><trkpt lat="37.857810" lon="-122.520860"><ele>252.7</ele></trkpt><trkpt lat="37.857540" lon="-122.520330"><ele>256.2</ele></trkpt><trkpt lat="37.856930" lon="-122.518510"><ele>262.2</ele></trkpt><trkpt lat="37.856830" lon="-122.517730"><ele>264.2</ele></trkpt><trkpt lat="37.856890" lon="-122.517080"><ele>264.2</ele></trkpt><trkpt lat="37.856790" lon="-122.516370"><ele>263.1</ele></trkpt><trkpt lat="37.856660" lon="-122.515930"><ele>261.8</ele></trkpt><trkpt lat="37.856280" lon="-122.515210"><ele>258.1</ele></trkpt><trkpt lat="37.855800" lon="-122.513300"><ele>246.8</ele></trkpt><trkpt lat="37.855660" lon="-122.513020"><ele>244.8</ele></trkpt><trkpt lat="37.855170" lon="-122.512240"><ele>240.3</ele></trkpt><trkpt lat="37.855000" lon="-122.511940"><ele>238.7</ele></trkpt><trkpt lat="37.854910" lon="-122.511520"><ele>236.4</ele></trkpt><trkpt lat="37.854880" lon="-122.511410"><ele>235.7</ele></trkpt><trkpt lat="37.854900" lon="-122.511240"><ele>235.0</ele></trkpt><trkpt lat="37.855000" lon="-122.511090"><ele>234.4</ele></trkpt><trkpt lat="37.855240" lon="-122.510980"><ele>233.4</ele></trkpt><trkpt lat="37.855360" lon="-122.510890"><ele>232.8</ele></trkpt><trkpt lat="37.855540" lon="-122.510280"><ele>229.7</ele></trkpt><trkpt lat="37.855740" lon="-122.509530"><ele>223.9</ele></trkpt><trkpt lat="37.855800" lon="-122.509130"><ele>220.8</ele></trkpt><trkpt lat="37.855840" lon="-122.508610"><ele>218.0</ele></trkpt><trkpt lat="37.855820" lon="-122.508090"><ele>216.4</ele></trkpt><trkpt lat="37.855710" lon="-122.507410"><ele>216.2</ele></trkpt><trkpt lat="37.855620" lon="-122.507090"><ele>216.6</ele></trkpt><trkpt lat="37.854950" lon="-122.505150"><ele>224.0</ele></trkpt><trkpt lat="37.854720" lon="-122.504780"><ele>224.2</ele></trkpt><trkpt lat="37.854670" lon="-122.504580"><ele>224.3</ele></trkpt><trkpt lat="37.854720" lon="-122.504780"><ele>224.2</ele></trkpt><trkpt lat="37.854950" lon="-122.505150"><ele>224.0</ele></trkpt><trkpt lat="37.855200" lon="-122.505870"><ele>224.0</ele></trkpt><trkpt lat="37.855200" lon="-122.505870"><ele>224.0</ele></trkpt><trkpt lat="37.855200" lon="-122.505870"><ele>224.0</ele></trkpt><trkpt lat="37.854950" lon="-122.505150"><ele>223.6</ele></trkpt><trkpt lat="37.854720" lon="-122.504780"><ele>223.4</ele></trkpt><trkpt lat="37.854670" lon="-122.504580"><ele>223.0</ele></trkpt><trkpt lat="37.854460" lon="-122.504360"><ele>222.2</ele></trkpt><trkpt lat="37.854310" lon="-122.503970"><ele>221.1</ele></trkpt><trkpt lat="37.854190" lon="-122.503720"><ele>220.4</ele></trkpt><trkpt lat="37.854010" lon="-122.503590"><ele>219.5</ele></trkpt><trkpt lat="37.853850" lon="-122.503570"><ele>218.8</ele></trkpt><trkpt lat="37.853610" lon="-122.503680"><ele>217.6</ele></trkpt><trkpt lat="37.853380" lon="-122.503850"><ele>216.4</ele></trkpt><trkpt lat="37.853250" lon="-122.504000"><ele>215.7</ele></trkpt><trkpt lat="37.853170" lon="-122.504240"><ele>214.8</ele></trkpt><trkpt lat="37.853110" lon="-122.504750"><ele>213.2</ele></trkpt><trkpt lat="37.853030" lon="-122.505000"><ele>211.3</ele></trkpt><trkpt lat="37.852980" lon="-122.505090"><ele>210.5</ele></trkpt><trkpt lat="37.852890" lon="-122.505160"><ele>209.4</ele></trkpt><trkpt lat="37.852750" lon="-122.505210"><ele>208.0</ele></trkpt><trkpt lat="37.852570" lon="-122.505220"><ele>206.8</ele></trkpt><trkpt lat="37.852510" lon="-122.505160"><ele>206.2</ele></trkpt><trkpt lat="37.852330" lon="-122.504690"><ele>203.6</ele></trkpt><trkpt lat="37.851830" lon="-122.504140"><ele>199.8</ele></trkpt><trkpt lat="37.851620" lon="-122.504160"><ele>198.3</ele></trkpt><trkpt lat="37.851430" lon="-122.504340"><ele>196.3</ele></trkpt><trkpt lat="37.851320" lon="-122.504650"><ele>193.8</ele></trkpt><trkpt lat="37.851130" lon="-122.504950"><ele>192.3</ele></trkpt><trkpt lat="37.850950" lon="-122.505120"><ele>192.0</ele></trkpt><trkpt lat="37.850760" lon="-122.505190"><ele>191.5</ele></trkpt><trkpt lat="37.850580" lon="-122.505220"><ele>190.8</ele></trkpt><trkpt lat="37.850330" lon="-122.505140"><ele>189.8</ele></trkpt><trkpt lat="37.849910" lon="-122.505070"><ele>188.3</ele></trkpt><trkpt lat="37.849090" lon="-122.504680"><ele>184.5</ele></trkpt><trkpt lat="37.848940" lon="-122.504550"><ele>182.8</ele></trkpt><trkpt lat="37.848820" lon="-122.504410"><ele>181.4</ele></trkpt><trkpt lat="37.848720" lon="-122.504390"><ele>180.5</ele></trkpt><trkpt lat="37.848660" lon="-122.504410"><ele>180.0</ele></trkpt><trkpt lat="37.848620" lon="-122.504500"><ele>179.3</ele></trkpt><trkpt lat="37.848650" lon="-122.504900"><ele>176.6</ele></trkpt><trkpt lat="37.848610" lon="-122.505120"><ele>174.6</ele></trkpt><trkpt lat="37.848500" lon="-122.505440"><ele>171.5</ele></trkpt><trkpt lat="37.848460" lon="-122.505820"><ele>167.3</ele></trkpt><trkpt lat="37.848420" lon="-122.505980"><ele>165.3</ele></trkpt><trkpt lat="37.848320" lon="-122.506040"><ele>163.6</ele></trkpt><trkpt lat="37.848190" lon="-122.506050"><ele>161.7</ele></trkpt><trkpt lat="37.847750" lon="-122.506170"><ele>155.6</ele></trkpt><trkpt lat="37.847620" lon="-122.506290"><ele>153.8</ele></trkpt><trkpt lat="37.847620" lon="-122.506400"><ele>152.9</ele></trkpt><trkpt lat="37.847660" lon="-122.506480"><ele>152.1</ele></trkpt><trkpt lat="37.847710" lon="-122.506570"><ele>151.2</ele></trkpt><trkpt lat="37.847820" lon="-122.506660"><ele>149.9</ele></trkpt><trkpt lat="37.847840" lon="-122.506760"><ele>149.0</ele></trkpt><trkpt lat="37.847790" lon="-122.506880"><ele>147.8</ele></trkpt><trkpt lat="37.847660" lon="-122.506920"><ele>146.3</ele></trkpt><trkpt lat="37.847180" lon="-122.506760"><ele>140.3</ele></trkpt><trkpt lat="37.846960" lon="-122.506830"><ele>137.3</ele></trkpt><trkpt lat="37.846790" lon="-122.506920"><ele>134.9</ele></trkpt><trkpt lat="37.846650" lon="-122.507110"><ele>132.5</ele></trkpt><trkpt lat="37.846340" lon="-122.507820"><ele>125.3</ele></trkpt><trkpt lat="37.846210" lon="-122.508000"><ele>123.2</ele></trkpt><trkpt lat="37.846110" lon="-122.508230"><ele>120.7</ele></trkpt><trkpt lat="37.846130" lon="-122.508520"><ele>118.1</ele></trkpt><trkpt lat="37.846090" lon="-122.508690"><ele>116.5</ele></trkpt><trkpt lat="37.845980" lon="-122.508760"><ele>115.1</ele></trkpt><trkpt lat="37.845660" lon="-122.508890"><ele>111.3</ele></trkpt><trkpt lat="37.845410" lon="-122.508890"><ele>108.7</ele></trkpt><trkpt lat="37.845120" lon="-122.508760"><ele>105.6</ele></trkpt><trkpt lat="37.844860" lon="-122.508460"><ele>101.6</ele></trkpt><trkpt lat="37.844400" lon="-122.507810"><ele>93.9</ele></trkpt><trkpt lat="37.844350" lon="-122.507630"><ele>92.4</ele></trkpt><trkpt lat="37.844320" lon="-122.507260"><ele>89.5</ele></trkpt><trkpt lat="37.844250" lon="-122.507210"><ele>88.8</ele></trkpt><trkpt lat="37.844150" lon="-122.507200"><ele>87.7</ele></trkpt><trkpt lat="37.843830" lon="-122.507620"><ele>82.2</ele></trkpt><trkpt lat="37.843450" lon="-122.508430"><ele>75.2</ele></trkpt><trkpt lat="37.843170" lon="-122.509190"><ele>70.5</ele></trkpt><trkpt lat="37.843080" lon="-122.509580"><ele>68.2</ele></trkpt><trkpt lat="37.842890" lon="-122.510090"><ele>64.9</ele></trkpt><trkpt lat="37.842670" lon="-122.510550"><ele>61.9</ele></trkpt><trkpt lat="37.842320" lon="-122.511090"><ele>57.8</ele></trkpt><trkpt lat="37.842210" lon="-122.511430"><ele>55.5</ele></trkpt><trkpt lat="37.842000" lon="-122.512180"><ele>50.0</ele></trkpt><trkpt lat="37.842050" lon="-122.512700"><ele>46.8</ele></trkpt><trkpt lat="37.841980" lon="-122.513010"><ele>45.3</ele></trkpt><trkpt lat="37.841880" lon="-122.513260"><ele>44.1</ele></trkpt><trkpt lat="37.841650" lon="-122.513590"><ele>42.1</ele></trkpt><trkpt lat="37.841110" lon="-122.514000"><ele>39.4</ele></trkpt><trkpt lat="37.840950" lon="-122.514090"><ele>38.8</ele></trkpt><trkpt lat="37.840150" lon="-122.514260"><ele>35.8</ele></trkpt><trkpt lat="37.839910" lon="-122.514390"><ele>34.7</ele></trkpt><trkpt lat="37.839760" lon="-122.514610"><ele>33.7</ele></trkpt><trkpt lat="37.839730" lon="-122.514970"><ele>32.6</ele></trkpt><trkpt lat="37.839690" lon="-122.515210"><ele>32.0</ele></trkpt><trkpt lat="37.839620" lon="-122.515360"><ele>31.6</ele></trkpt><trkpt lat="37.839410" lon="-122.515630"><ele>30.5</ele></trkpt><trkpt lat="37.839230" lon="-122.515750"><ele>29.6</ele></trkpt><trkpt lat="37.837740" lon="-122.516370"><ele>22.2</ele></trkpt><trkpt lat="37.836220" lon="-122.517190"><ele>14.4</ele></trkpt><trkpt lat="37.835440" lon="-122.517860"><ele>14.3</ele></trkpt><trkpt lat="37.835220" lon="-122.517910"><ele>14.5</ele></trkpt><trkpt lat="37.835000" lon="-122.517940"><ele>14.8</ele></trkpt><trkpt lat="37.834620" lon="-122.517850"><ele>15.2</ele></trkpt><trkpt lat="37.834450" lon="-122.517670"><ele>16.0</ele></trkpt><trkpt lat="37.834280" lon="-122.517010"><ele>18.0</ele></trkpt><trkpt lat="37.834190" lon="-122.516790"><ele>18.5</ele></trkpt><trkpt lat="37.834060" lon="-122.516580"><ele>18.9</ele></trkpt><trkpt lat="37.833940" lon="-122.516330"><ele>19.1</ele></trkpt><trkpt lat="37.833860" lon="-122.516020"><ele>19.2</ele></trkpt><trkpt lat="37.833760" lon="-122.515750"><ele>19.1</ele></trkpt><trkpt lat="37.833500" lon="-122.515440"><ele>18.9</ele></trkpt><trkpt lat="37.833280" lon="-122.515100"><ele>18.7</ele></trkpt><trkpt lat="37.833210" lon="-122.514780"><ele>18.5</ele></trkpt><trkpt lat="37.833120" lon="-122.514780"><ele>18.5</ele></trkpt><trkpt lat="37.832960" lon="-122.514830"><ele>18.4</ele></trkpt><trkpt lat="37.832630" lon="-122.514900"><ele>18.5</ele></trkpt><trkpt lat="37.832540" lon="-122.514980"><ele>18.6</ele></trkpt><trkpt lat="37.832320" lon="-122.515270"><ele>19.0</ele></trkpt><trkpt lat="37.832260" lon="-122.515290"><ele>19.1</ele></trkpt><trkpt lat="37.832190" lon="-122.515130"><ele>19.4</ele></trkpt><trkpt lat="37.832080" lon="-122.514990"><ele>19.6</ele></trkpt><trkpt lat="37.831910" lon="-122.514860"><ele>20.3</ele></trkpt><trkpt lat="37.831730" lon="-122.514880"><ele>21.4</ele></trkpt><trkpt lat="37.831650" lon="-122.514140"><ele>24.7</ele></trkpt><trkpt lat="37.831610" lon="-122.513580"><ele>27.3</ele></trkpt><trkpt lat="37.831610" lon="-122.513100"><ele>29.3</ele></trkpt><trkpt lat="37.831680" lon="-122.512560"><ele>31.0</ele></trkpt><trkpt lat="37.831750" lon="-122.512220"><ele>31.8</ele></trkpt><trkpt lat="37.831670" lon="-122.512110"><ele>32.1</ele></trkpt><trkpt lat="37.831550" lon="-122.511570"><ele>33.1</ele></trkpt><trkpt lat="37.831460" lon="-122.511070"><ele>33.9</ele></trkpt><trkpt lat="37.831390" lon="-122.510800"><ele>34.5</ele></trkpt><trkpt lat="37.831200" lon="-122.510310"><ele>36.2</ele></trkpt><trkpt lat="37.830600" lon="-122.507830"><ele>52.7</ele></trkpt><trkpt lat="37.830410" lon="-122.506890"><ele>60.3</ele></trkpt><trkpt lat="37.830360" lon="-122.506610"><ele>62.3</ele></trkpt><trkpt lat="37.830350" lon="-122.506400"><ele>63.6</ele></trkpt><trkpt lat="37.830300" lon="-122.506260"><ele>64.6</ele></trkpt><trkpt lat="37.830320" lon="-122.506170"><ele>65.1</ele></trkpt><trkpt lat="37.830380" lon="-122.505980"><ele>66.5</ele></trkpt><trkpt lat="37.830410" lon="-122.505820"><ele>67.8</ele></trkpt><trkpt lat="37.830400" lon="-122.505780"><ele>68.1</ele></trkpt><trkpt lat="37.830290" lon="-122.505720"><ele>69.4</ele></trkpt><trkpt lat="37.830260" lon="-122.505680"><ele>69.8</ele></trkpt><trkpt lat="37.830250" lon="-122.505600"><ele>70.5</ele></trkpt><trkpt lat="37.830290" lon="-122.505210"><ele>73.9</ele></trkpt><trkpt lat="37.830290" lon="-122.504910"><ele>76.6</ele></trkpt><trkpt lat="37.830300" lon="-122.504710"><ele>78.2</ele></trkpt><trkpt lat="37.830250" lon="-122.504080"><ele>82.5</ele></trkpt><trkpt lat="37.830270" lon="-122.503680"><ele>85.5</ele></trkpt><trkpt lat="37.830260" lon="-122.503250"><ele>88.7</ele></trkpt><trkpt lat="37.830300" lon="-122.503170"><ele>89.3</ele></trkpt><trkpt lat="37.830380" lon="-122.503180"><ele>90.1</ele></trkpt><trkpt lat="37.830630" lon="-122.503630"><ele>94.0</ele></trkpt><trkpt lat="37.830830" lon="-122.503880"><ele>96.6</ele></trkpt><trkpt lat="37.831010" lon="-122.504070"><ele>98.4</ele></trkpt><trkpt lat="37.831190" lon="-122.504320"><ele>100.4</ele></trkpt><trkpt lat="37.831820" lon="-122.504860"><ele>105.7</ele></trkpt><trkpt lat="37.831940" lon="-122.505010"><ele>106.7</ele></trkpt><trkpt lat="37.832020" lon="-122.505170"><ele>107.5</ele></trkpt><trkpt lat="37.832100" lon="-122.505250"><ele>108.1</ele></trkpt><trkpt lat="37.832150" lon="-122.505240"><ele>108.4</ele></trkpt><trkpt lat="37.832210" lon="-122.505220"><ele>108.7</ele></trkpt><trkpt lat="37.832260" lon="-122.505160"><ele>109.1</ele></trkpt><trkpt lat="37.832360" lon="-122.505000"><ele>109.9</ele></trkpt><trkpt lat="37.832430" lon="-122.504740"><ele>111.0</ele></trkpt><trkpt lat="37.832530" lon="-122.504470"><ele>112.0</ele></trkpt><trkpt lat="37.832660" lon="-122.504200"><ele>113.1</ele></trkpt><trkpt lat="37.832710" lon="-122.503960"><ele>114.1</ele></trkpt><trkpt lat="37.832650" lon="-122.503640"><ele>115.4</ele></trkpt><trkpt lat="37.832670" lon="-122.503400"><ele>116.4</ele></trkpt><trkpt lat="37.832650" lon="-122.503070"><ele>117.9</ele></trkpt><trkpt lat="37.832670" lon="-122.502800"><ele>119.1</ele></trkpt><trkpt lat="37.832690" lon="-122.502680"><ele>119.7</ele></trkpt><trkpt lat="37.832770" lon="-122.502480"><ele>120.7</ele></trkpt><trkpt lat="37.832830" lon="-122.502360"><ele>121.3</ele></trkpt><trkpt lat="37.833190" lon="-122.501990"><ele>123.8</ele></trkpt><trkpt lat="37.833310" lon="-122.501920"><ele>124.4</ele></trkpt><trkpt lat="37.833480" lon="-122.501900"><ele>125.1</ele></trkpt><trkpt lat="37.833600" lon="-122.501920"><ele>125.5</ele></trkpt><trkpt lat="37.834040" lon="-122.502090"><ele>126.8</ele></trkpt><trkpt lat="37.834200" lon="-122.502070"><ele>127.4</ele></trkpt><trkpt lat="37.834430" lon="-122.501790"><ele>128.6</ele></trkpt><trkpt lat="37.834500" lon="-122.501570"><ele>129.6</ele></trkpt><trkpt lat="37.834480" lon="-122.501390"><ele>130.4</ele></trkpt><trkpt lat="37.834360" lon="-122.501210"><ele>131.4</ele></trkpt><trkpt lat="37.834160" lon="-122.500990"><ele>132.9</ele></trkpt><trkpt lat="37.834090" lon="-122.500840"><ele>133.7</ele></trkpt><trkpt lat="37.833950" lon="-122.500670"><ele>135.0</ele></trkpt><trkpt lat="37.833380" lon="-122.500250"><ele>140.8</ele></trkpt><trkpt lat="37.833330" lon="-122.500190"><ele>141.5</ele></trkpt><trkpt lat="37.833300" lon="-122.500120"><ele>142.1</ele></trkpt><trkpt lat="37.833090" lon="-122.499880"><ele>144.8</ele></trkpt><trkpt lat="37.832990" lon="-122.499790"><ele>146.0</ele></trkpt><trkpt lat="37.832810" lon="-122.499570"><ele>148.3</ele></trkpt><trkpt lat="37.832760" lon="-122.499460"><ele>149.3</ele></trkpt><trkpt lat="37.832740" lon="-122.499380"><ele>149.7</ele></trkpt><trkpt lat="37.832740" lon="-122.499280"><ele>150.2</ele></trkpt><trkpt lat="37.832770" lon="-122.499210"><ele>150.6</ele></trkpt><trkpt lat="37.833410" lon="-122.498650"><ele>156.0</ele></trkpt><trkpt lat="37.833500" lon="-122.498550"><ele>156.8</ele></trkpt><trkpt lat="37.833550" lon="-122.498430"><ele>157.2</ele></trkpt><trkpt lat="37.833660" lon="-122.498300"><ele>157.9</ele></trkpt><trkpt lat="37.833740" lon="-122.498260"><ele>158.3</ele></trkpt><trkpt lat="37.834070" lon="-122.498240"><ele>159.4</ele></trkpt><trkpt lat="37.834220" lon="-122.498300"><ele>159.8</ele></trkpt><trkpt lat="37.834520" lon="-122.498290"><ele>160.4</ele></trkpt><trkpt lat="37.834570" lon="-122.498160"><ele>160.6</ele></trkpt><trkpt lat="37.834680" lon="-122.497830"><ele>161.1</ele></trkpt><trkpt lat="37.834700" lon="-122.497670"><ele>161.5</ele></trkpt><trkpt lat="37.834630" lon="-122.497440"><ele>162.5</ele></trkpt><trkpt lat="37.834360" lon="-122.496700"><ele>165.4</ele></trkpt><trkpt lat="37.834290" lon="-122.496440"><ele>166.3</ele></trkpt><trkpt lat="37.834270" lon="-122.496330"><ele>166.8</ele></trkpt><trkpt lat="37.834150" lon="-122.496030"><ele>168.3</ele></trkpt><trkpt lat="37.834110" lon="-122.495660"><ele>170.2</ele></trkpt><trkpt lat="37.834070" lon="-122.495480"><ele>171.3</ele></trkpt><trkpt lat="37.833960" lon="-122.495280"><ele>172.7</ele></trkpt><trkpt lat="37.833930" lon="-122.495210"><ele>173.2</ele></trkpt><trkpt lat="37.833840" lon="-122.494710"><ele>175.2</ele></trkpt><trkpt lat="37.833850" lon="-122.494630"><ele>175.5</ele></trkpt><trkpt lat="37.833890" lon="-122.494560"><ele>175.8</ele></trkpt><trkpt lat="37.833830" lon="-122.494510"><ele>175.8</ele></trkpt><trkpt lat="37.833800" lon="-122.494370"><ele>175.8</ele></trkpt><trkpt lat="37.833700" lon="-122.494180"><ele>175.7</ele></trkpt><trkpt lat="37.833740" lon="-122.494150"><ele>175.6</ele></trkpt><trkpt lat="37.833780" lon="-122.494100"><ele>175.6</ele></trkpt><trkpt lat="37.833790" lon="-122.494030"><ele>175.6</ele></trkpt><trkpt lat="37.833790" lon="-122.493960"><ele>175.6</ele></trkpt><trkpt lat="37.833750" lon="-122.493880"><ele>175.6</ele></trkpt><trkpt lat="37.833720" lon="-122.493860"><ele>175.6</ele></trkpt><trkpt lat="37.833670" lon="-122.493800"><ele>175.6</ele></trkpt><trkpt lat="37.833600" lon="-122.493630"><ele>175.6</ele></trkpt><trkpt lat="37.833410" lon="-122.492400"><ele>174.0</ele></trkpt><trkpt lat="37.833360" lon="-122.492270"><ele>173.8</ele></trkpt><trkpt lat="37.833300" lon="-122.492160"><ele>173.5</ele></trkpt><trkpt lat="37.833120" lon="-122.492020"><ele>173.4</ele></trkpt><trkpt lat="37.833030" lon="-122.491970"><ele>173.4</ele></trkpt><trkpt lat="37.833030" lon="-122.491960"><ele>173.4</ele></trkpt><trkpt lat="37.833120" lon="-122.492010"><ele>173.4</ele></trkpt><trkpt lat="37.833300" lon="-122.492160"><ele>173.5</ele></trkpt><trkpt lat="37.833360" lon="-122.492260"><ele>173.8</ele></trkpt><trkpt lat="37.833420" lon="-122.492390"><ele>174.0</ele></trkpt><trkpt lat="37.833510" lon="-122.493010"><ele>175.3</ele></trkpt><trkpt lat="37.833600" lon="-122.493630"><ele>176.1</ele></trkpt><trkpt lat="37.833590" lon="-122.493820"><ele>176.0</ele></trkpt><trkpt lat="37.833540" lon="-122.493920"><ele>175.9</ele></trkpt><trkpt lat="37.833520" lon="-122.494030"><ele>175.9</ele></trkpt><trkpt lat="37.833560" lon="-122.494130"><ele>175.9</ele></trkpt><trkpt lat="37.833600" lon="-122.494170"><ele>175.9</ele></trkpt><trkpt lat="37.833700" lon="-122.494180"><ele>175.9</ele></trkpt><trkpt lat="37.833750" lon="-122.494150"><ele>175.9</ele></trkpt><trkpt lat="37.833780" lon="-122.494100"><ele>175.9</ele></trkpt><trkpt lat="37.833800" lon="-122.494030"><ele>175.9</ele></trkpt><trkpt lat="37.833790" lon="-122.493960"><ele>175.9</ele></trkpt><trkpt lat="37.833750" lon="-122.493880"><ele>175.9</ele></trkpt><trkpt lat="37.833720" lon="-122.493850"><ele>175.8</ele></trkpt><trkpt lat="37.833680" lon="-122.493790"><ele>175.7</ele></trkpt><trkpt lat="37.833600" lon="-122.493630"><ele>175.5</ele></trkpt><trkpt lat="37.833510" lon="-122.493010"><ele>174.0</ele></trkpt><trkpt lat="37.833420" lon="-122.492390"><ele>171.5</ele></trkpt><trkpt lat="37.833360" lon="-122.492260"><ele>170.9</ele></trkpt><trkpt lat="37.833300" lon="-122.492160"><ele>170.4</ele></trkpt><trkpt lat="37.833230" lon="-122.492090"><ele>170.0</ele></trkpt><trkpt lat="37.833120" lon="-122.492010"><ele>169.4</ele></trkpt><trkpt lat="37.832780" lon="-122.491820"><ele>168.3</ele></trkpt><trkpt lat="37.832650" lon="-122.491710"><ele>167.9</ele></trkpt><trkpt lat="37.832540" lon="-122.491590"><ele>167.4</ele></trkpt><trkpt lat="37.832470" lon="-122.491450"><ele>167.0</ele></trkpt><trkpt lat="37.832420" lon="-122.491300"><ele>166.5</ele></trkpt><trkpt lat="37.832430" lon="-122.491170"><ele>166.2</ele></trkpt><trkpt lat="37.832500" lon="-122.490980"><ele>165.7</ele></trkpt><trkpt lat="37.832550" lon="-122.490920"><ele>165.5</ele></trkpt><trkpt lat="37.832750" lon="-122.490750"><ele>164.8</ele></trkpt><trkpt lat="37.832830" lon="-122.490660"><ele>164.6</ele></trkpt><trkpt lat="37.832870" lon="-122.490580"><ele>164.5</ele></trkpt><trkpt lat="37.832890" lon="-122.490460"><ele>164.5</ele></trkpt><trkpt lat="37.832880" lon="-122.490350"><ele>164.4</ele></trkpt><trkpt lat="37.832840" lon="-122.490260"><ele>164.4</ele></trkpt><trkpt lat="37.832680" lon="-122.490000"><ele>164.0</ele></trkpt><trkpt lat="37.832630" lon="-122.489810"><ele>163.6</ele></trkpt><trkpt lat="37.832640" lon="-122.489690"><ele>163.3</ele></trkpt><trkpt lat="37.832680" lon="-122.489550"><ele>163.0</ele></trkpt><trkpt lat="37.832910" lon="-122.489050"><ele>161.9</ele></trkpt><trkpt lat="37.832930" lon="-122.488950"><ele>161.7</ele></trkpt><trkpt lat="37.832930" lon="-122.488850"><ele>161.6</ele></trkpt><trkpt lat="37.832900" lon="-122.488750"><ele>161.1</ele></trkpt><trkpt lat="37.832720" lon="-122.488450"><ele>159.4</ele></trkpt><trkpt lat="37.832580" lon="-122.488320"><ele>158.4</ele></trkpt><trkpt lat="37.832400" lon="-122.488190"><ele>157.4</ele></trkpt><trkpt lat="37.832330" lon="-122.488120"><ele>156.9</ele></trkpt><trkpt lat="37.832160" lon="-122.487860"><ele>155.6</ele></trkpt><trkpt lat="37.832090" lon="-122.487770"><ele>155.0</ele></trkpt><trkpt lat="37.832000" lon="-122.487680"><ele>154.5</ele></trkpt><trkpt lat="37.831680" lon="-122.487460"><ele>152.8</ele></trkpt><trkpt lat="37.831380" lon="-122.487320"><ele>151.9</ele></trkpt><trkpt lat="37.830950" lon="-122.487000"><ele>149.7</ele></trkpt><trkpt lat="37.830840" lon="-122.486960"><ele>149.1</ele></trkpt><trkpt lat="37.830660" lon="-122.486930"><ele>148.4</ele></trkpt><trkpt lat="37.830410" lon="-122.486940"><ele>147.7</ele></trkpt><trkpt lat="37.829840" lon="-122.486910"><ele>145.3</ele></trkpt><trkpt lat="37.829510" lon="-122.486920"><ele>143.4</ele></trkpt><trkpt lat="37.829410" lon="-122.486910"><ele>142.7</ele></trkpt><trkpt lat="37.829310" lon="-122.486870"><ele>142.0</ele></trkpt><trkpt lat="37.829110" lon="-122.486620"><ele>140.0</ele></trkpt><trkpt lat="37.828920" lon="-122.486320"><ele>137.8</ele></trkpt><trkpt lat="37.828860" lon="-122.486190"><ele>136.9</ele></trkpt><trkpt lat="37.828830" lon="-122.486060"><ele>136.3</ele></trkpt><trkpt lat="37.828860" lon="-122.485930"><ele>135.7</ele></trkpt><trkpt lat="37.828900" lon="-122.485830"><ele>135.2</ele></trkpt><trkpt lat="37.829360" lon="-122.485270"><ele>131.8</ele></trkpt><trkpt lat="37.829480" lon="-122.485110"><ele>131.0</ele></trkpt><trkpt lat="37.829520" lon="-122.484900"><ele>130.3</ele></trkpt><trkpt lat="37.829490" lon="-122.483810"><ele>126.0</ele></trkpt><trkpt lat="37.829500" lon="-122.483730"><ele>125.5</ele></trkpt><trkpt lat="37.829550" lon="-122.483600"><ele>124.8</ele></trkpt><trkpt lat="37.829640" lon="-122.483490"><ele>124.0</ele></trkpt><trkpt lat="37.829740" lon="-122.483440"><ele>123.2</ele></trkpt><trkpt lat="37.829860" lon="-122.483430"><ele>122.5</ele></trkpt><trkpt lat="37.829920" lon="-122.483450"><ele>122.0</ele></trkpt><trkpt lat="37.830050" lon="-122.483570"><ele>120.8</ele></trkpt><trkpt lat="37.830320" lon="-122.483930"><ele>117.9</ele></trkpt><trkpt lat="37.830410" lon="-122.484010"><ele>116.9</ele></trkpt><trkpt lat="37.830590" lon="-122.484070"><ele>115.2</ele></trkpt><trkpt lat="37.830990" lon="-122.484060"><ele>111.3</ele></trkpt><trkpt lat="37.831220" lon="-122.484020"><ele>109.0</ele></trkpt><trkpt lat="37.831490" lon="-122.483930"><ele>106.3</ele></trkpt><trkpt lat="37.831760" lon="-122.483800"><ele>103.6</ele></trkpt><trkpt lat="37.832450" lon="-122.483410"><ele>96.5</ele></trkpt><trkpt lat="37.832630" lon="-122.483360"><ele>94.7</ele></trkpt><trkpt lat="37.832870" lon="-122.483380"><ele>92.2</ele></trkpt><trkpt lat="37.833210" lon="-122.483490"><ele>88.5</ele></trkpt><trkpt lat="37.833220" lon="-122.483420"><ele>87.9</ele></trkpt><trkpt lat="37.833200" lon="-122.483260"><ele>86.6</ele></trkpt><trkpt lat="37.833160" lon="-122.483160"><ele>86.0</ele></trkpt><trkpt lat="37.833050" lon="-122.482990"><ele>84.8</ele></trkpt><trkpt lat="37.832970" lon="-122.482780"><ele>83.5</ele></trkpt><trkpt lat="37.832890" lon="-122.482440"><ele>82.5</ele></trkpt><trkpt lat="37.832840" lon="-122.482320"><ele>82.2</ele></trkpt><trkpt lat="37.832800" lon="-122.482160"><ele>81.9</ele></trkpt><trkpt lat="37.832690" lon="-122.481960"><ele>81.6</ele></trkpt><trkpt lat="37.832796" lon="-122.482158"><ele>81.4</ele></trkpt><trkpt lat="37.832836" lon="-122.482317"><ele>81.2</ele></trkpt><trkpt lat="37.832852" lon="-122.482344"><ele>81.2</ele></trkpt><trkpt lat="37.832867" lon="-122.482372"><ele>81.2</ele></trkpt><trkpt lat="37.832882" lon="-122.482403"><ele>81.1</ele></trkpt><trkpt lat="37.832895" lon="-122.482437"><ele>81.1</ele></trkpt><trkpt lat="37.832907" lon="-122.482470"><ele>81.1</ele></trkpt><trkpt lat="37.832918" lon="-122.482509"><ele>81.1</ele></trkpt><trkpt lat="37.832929" lon="-122.482554"><ele>81.1</ele></trkpt><trkpt lat="37.832980" lon="-122.482779"><ele>81.2</ele></trkpt><trkpt lat="37.832992" lon="-122.482835"><ele>81.2</ele></trkpt><trkpt lat="37.833008" lon="-122.482883"><ele>81.3</ele></trkpt><trkpt lat="37.833025" lon="-122.482926"><ele>81.3</ele></trkpt><trkpt lat="37.833045" lon="-122.482970"><ele>81.3</ele></trkpt><trkpt lat="37.833066" lon="-122.483009"><ele>81.3</ele></trkpt><trkpt lat="37.833086" lon="-122.483044"><ele>81.4</ele></trkpt><trkpt lat="37.833146" lon="-122.483137"><ele>81.5</ele></trkpt><trkpt lat="37.833164" lon="-122.483167"><ele>81.6</ele></trkpt><trkpt lat="37.833182" lon="-122.483202"><ele>81.7</ele></trkpt><trkpt lat="37.833197" lon="-122.483241"><ele>81.8</ele></trkpt><trkpt lat="37.833205" lon="-122.483274"><ele>81.9</ele></trkpt><trkpt lat="37.833214" lon="-122.483315"><ele>82.0</ele></trkpt><trkpt lat="37.833232" lon="-122.483427"><ele>82.2</ele></trkpt><trkpt lat="37.833237" lon="-122.483488"><ele>82.4</ele></trkpt><trkpt lat="37.833271" lon="-122.483511"><ele>82.5</ele></trkpt><trkpt lat="37.833303" lon="-122.483536"><ele>82.6</ele></trkpt><trkpt lat="37.833438" lon="-122.483647"><ele>83.0</ele></trkpt><trkpt lat="37.833502" lon="-122.483701"><ele>83.1</ele></trkpt><trkpt lat="37.833514" lon="-122.483710"><ele>83.1</ele></trkpt><trkpt lat="37.833529" lon="-122.483721"><ele>83.2</ele></trkpt><trkpt lat="37.833544" lon="-122.483731"><ele>83.2</ele></trkpt><trkpt lat="37.833559" lon="-122.483738"><ele>83.2</ele></trkpt><trkpt lat="37.833575" lon="-122.483743"><ele>83.2</ele></trkpt><trkpt lat="37.833590" lon="-122.483747"><ele>83.3</ele></trkpt><trkpt lat="37.833603" lon="-122.483747"><ele>83.3</ele></trkpt><trkpt lat="37.833620" lon="-122.483747"><ele>83.3</ele></trkpt><trkpt lat="37.833634" lon="-122.483744"><ele>83.3</ele></trkpt><trkpt lat="37.833650" lon="-122.483739"><ele>83.4</ele></trkpt><trkpt lat="37.833666" lon="-122.483732"><ele>83.4</ele></trkpt><trkpt lat="37.833679" lon="-122.483725"><ele>83.4</ele></trkpt><trkpt lat="37.833693" lon="-122.483716"><ele>83.5</ele></trkpt><trkpt lat="37.833707" lon="-122.483705"><ele>83.5</ele></trkpt><trkpt lat="37.833734" lon="-122.483682"><ele>83.5</ele></trkpt><trkpt lat="37.833785" lon="-122.483633"><ele>83.6</ele></trkpt><trkpt lat="37.833845" lon="-122.483726"><ele>83.8</ele></trkpt><trkpt lat="37.833904" lon="-122.483815"><ele>83.7</ele></trkpt><trkpt lat="37.833962" lon="-122.483899"><ele>83.6</ele></trkpt><trkpt lat="37.834101" lon="-122.484098"><ele>83.4</ele></trkpt><trkpt lat="37.834135" lon="-122.484148"><ele>83.3</ele></trkpt><trkpt lat="37.834175" lon="-122.484209"><ele>83.3</ele></trkpt><trkpt lat="37.834212" lon="-122.484268"><ele>83.2</ele></trkpt><trkpt lat="37.834243" lon="-122.484322"><ele>83.2</ele></trkpt><trkpt lat="37.834273" lon="-122.484377"><ele>83.2</ele></trkpt><trkpt lat="37.834327" lon="-122.484477"><ele>83.2</ele></trkpt><trkpt lat="37.834378" lon="-122.484563"><ele>83.2</ele></trkpt><trkpt lat="37.834424" lon="-122.484640"><ele>83.2</ele></trkpt><trkpt lat="37.834444" lon="-122.484669"><ele>83.2</ele></trkpt><trkpt lat="37.834469" lon="-122.484701"><ele>83.2</ele></trkpt><trkpt lat="37.834492" lon="-122.484732"><ele>83.2</ele></trkpt><trkpt lat="37.834519" lon="-122.484763"><ele>83.2</ele></trkpt><trkpt lat="37.834544" lon="-122.484790"><ele>83.2</ele></trkpt><trkpt lat="37.834571" lon="-122.484815"><ele>83.2</ele></trkpt><trkpt lat="37.834597" lon="-122.484838"><ele>83.2</ele></trkpt><trkpt lat="37.834628" lon="-122.484863"><ele>83.2</ele></trkpt><trkpt lat="37.834655" lon="-122.484882"><ele>83.2</ele></trkpt><trkpt lat="37.834685" lon="-122.484902"><ele>83.2</ele></trkpt><trkpt lat="37.834712" lon="-122.484918"><ele>83.2</ele></trkpt><trkpt lat="37.834739" lon="-122.484933"><ele>83.2</ele></trkpt><trkpt lat="37.834769" lon="-122.484947"><ele>83.2</ele></trkpt><trkpt lat="37.834797" lon="-122.484960"><ele>83.2</ele></trkpt><trkpt lat="37.834826" lon="-122.484972"><ele>83.2</ele></trkpt><trkpt lat="37.834853" lon="-122.484981"><ele>83.2</ele></trkpt><trkpt lat="37.834880" lon="-122.484990"><ele>83.2</ele></trkpt><trkpt lat="37.834910" lon="-122.484997"><ele>83.2</ele></trkpt><trkpt lat="37.834941" lon="-122.485004"><ele>83.2</ele></trkpt><trkpt lat="37.834969" lon="-122.485008"><ele>83.2</ele></trkpt><trkpt lat="37.834996" lon="-122.485011"><ele>83.2</ele></trkpt><trkpt lat="37.835024" lon="-122.485013"><ele>83.2</ele></trkpt><trkpt lat="37.835054" lon="-122.485013"><ele>83.2</ele></trkpt><trkpt lat="37.835084" lon="-122.485012"><ele>83.2</ele></trkpt><trkpt lat="37.835118" lon="-122.485010"><ele>83.2</ele></trkpt><trkpt lat="37.835154" lon="-122.485007"><ele>83.1</ele></trkpt><trkpt lat="37.835189" lon="-122.485003"><ele>83.1</ele></trkpt><trkpt lat="37.835243" lon="-122.484992"><ele>83.1</ele></trkpt><trkpt lat="37.835296" lon="-122.484977"><ele>83.1</ele></trkpt><trkpt lat="37.835344" lon="-122.484958"><ele>83.0</ele></trkpt><trkpt lat="37.835390" lon="-122.484935"><ele>83.0</ele></trkpt><trkpt lat="37.835430" lon="-122.484911"><ele>83.0</ele></trkpt><trkpt lat="37.835466" lon="-122.484886"><ele>83.0</ele></trkpt><trkpt lat="37.835501" lon="-122.484859"><ele>82.9</ele></trkpt><trkpt lat="37.835526" lon="-122.484836"><ele>82.9</ele></trkpt><trkpt lat="37.835550" lon="-122.484812"><ele>82.9</ele></trkpt><trkpt lat="37.835577" lon="-122.484784"><ele>82.9</ele></trkpt><trkpt lat="37.835600" lon="-122.484757"><ele>82.9</ele></trkpt><trkpt lat="37.835625" lon="-122.484726"><ele>82.9</ele></trkpt><trkpt lat="37.835651" lon="-122.484693"><ele>82.9</ele></trkpt><trkpt lat="37.835678" lon="-122.484656"><ele>82.9</ele></trkpt><trkpt lat="37.835704" lon="-122.484617"><ele>82.9</ele></trkpt><trkpt lat="37.835731" lon="-122.484573"><ele>82.9</ele></trkpt><trkpt lat="37.835758" lon="-122.484526"><ele>82.9</ele></trkpt><trkpt lat="37.835818" lon="-122.484411"><ele>82.9</ele></trkpt><trkpt lat="37.835900" lon="-122.484254"><ele>82.8</ele></trkpt><trkpt lat="37.835990" lon="-122.484075"><ele>82.3</ele></trkpt><trkpt lat="37.836040" lon="-122.483978"><ele>81.9</ele></trkpt><trkpt lat="37.836070" lon="-122.483921"><ele>81.8</ele></trkpt><trkpt lat="37.836079" lon="-122.483904"><ele>81.7</ele></trkpt><trkpt lat="37.836176" lon="-122.483727"><ele>81.1</ele></trkpt><trkpt lat="37.836213" lon="-122.483661"><ele>80.7</ele></trkpt><trkpt lat="37.836250" lon="-122.483605"><ele>80.3</ele></trkpt><trkpt lat="37.836286" lon="-122.483554"><ele>79.9</ele></trkpt><trkpt lat="37.836322" lon="-122.483510"><ele>79.5</ele></trkpt><trkpt lat="37.836365" lon="-122.483460"><ele>79.1</ele></trkpt><trkpt lat="37.836403" lon="-122.483420"><ele>78.7</ele></trkpt><trkpt lat="37.836444" lon="-122.483380"><ele>78.3</ele></trkpt><trkpt lat="37.836486" lon="-122.483343"><ele>78.0</ele></trkpt><trkpt lat="37.836524" lon="-122.483313"><ele>77.6</ele></trkpt><trkpt lat="37.836574" lon="-122.483275"><ele>77.2</ele></trkpt><trkpt lat="37.836627" lon="-122.483238"><ele>76.8</ele></trkpt><trkpt lat="37.836678" lon="-122.483205"><ele>76.5</ele></trkpt><trkpt lat="37.836736" lon="-122.483170"><ele>76.1</ele></trkpt><trkpt lat="37.836788" lon="-122.483137"><ele>75.7</ele></trkpt><trkpt lat="37.836851" lon="-122.483102"><ele>75.3</ele></trkpt><trkpt lat="37.836929" lon="-122.483065"><ele>74.8</ele></trkpt><trkpt lat="37.837080" lon="-122.483017"><ele>73.9</ele></trkpt><trkpt lat="37.837170" lon="-122.482999"><ele>72.9</ele></trkpt><trkpt lat="37.837245" lon="-122.482993"><ele>72.1</ele></trkpt><trkpt lat="37.837380" lon="-122.482995"><ele>70.5</ele></trkpt><trkpt lat="37.837449" lon="-122.483002"><ele>69.8</ele></trkpt><trkpt lat="37.837775" lon="-122.483030"><ele>65.8</ele></trkpt><trkpt lat="37.837865" lon="-122.483038"><ele>64.6</ele></trkpt><trkpt lat="37.837988" lon="-122.483048"><ele>63.0</ele></trkpt><trkpt lat="37.838074" lon="-122.483053"><ele>61.9</ele></trkpt><trkpt lat="37.838295" lon="-122.483063"><ele>59.6</ele></trkpt><trkpt lat="37.838360" lon="-122.483065"><ele>59.1</ele></trkpt><trkpt lat="37.838421" lon="-122.483063"><ele>58.5</ele></trkpt><trkpt lat="37.838485" lon="-122.483057"><ele>58.0</ele></trkpt><trkpt lat="37.838540" lon="-122.483051"><ele>57.5</ele></trkpt><trkpt lat="37.838606" lon="-122.483037"><ele>57.0</ele></trkpt><trkpt lat="37.838669" lon="-122.483022"><ele>56.4</ele></trkpt><trkpt lat="37.838736" lon="-122.483002"><ele>56.1</ele></trkpt><trkpt lat="37.838800" lon="-122.482979"><ele>56.1</ele></trkpt><trkpt lat="37.838865" lon="-122.482951"><ele>56.1</ele></trkpt><trkpt lat="37.838925" lon="-122.482922"><ele>56.1</ele></trkpt><trkpt lat="37.838998" lon="-122.482882"><ele>56.1</ele></trkpt><trkpt lat="37.839061" lon="-122.482842"><ele>56.1</ele></trkpt><trkpt lat="37.839177" lon="-122.482749"><ele>56.1</ele></trkpt><trkpt lat="37.839290" lon="-122.482642"><ele>56.2</ele></trkpt><trkpt lat="37.839399" lon="-122.482526"><ele>56.4</ele></trkpt><trkpt lat="37.839500" lon="-122.482397"><ele>56.5</ele></trkpt><trkpt lat="37.839588" lon="-122.482256"><ele>56.7</ele></trkpt><trkpt lat="37.839660" lon="-122.482121"><ele>57.0</ele></trkpt><trkpt lat="37.839735" lon="-122.481961"><ele>57.3</ele></trkpt><trkpt lat="37.839804" lon="-122.481779"><ele>57.7</ele></trkpt><trkpt lat="37.839854" lon="-122.481592"><ele>58.1</ele></trkpt><trkpt lat="37.839887" lon="-122.481413"><ele>58.6</ele></trkpt><trkpt lat="37.839905" lon="-122.481224"><ele>59.1</ele></trkpt><trkpt lat="37.839910" lon="-122.481031"><ele>59.6</ele></trkpt><trkpt lat="37.839905" lon="-122.480839"><ele>60.2</ele></trkpt><trkpt lat="37.839891" lon="-122.480559"><ele>61.1</ele></trkpt><trkpt lat="37.839853" lon="-122.479523"><ele>62.7</ele></trkpt><trkpt lat="37.839849" lon="-122.479372"><ele>63.0</ele></trkpt><trkpt lat="37.839846" lon="-122.479203"><ele>63.4</ele></trkpt><trkpt lat="37.839857" lon="-122.479062"><ele>63.7</ele></trkpt><trkpt lat="37.839881" lon="-122.478905"><ele>64.0</ele></trkpt><trkpt lat="37.839917" lon="-122.478748"><ele>64.1</ele></trkpt><trkpt lat="37.839957" lon="-122.478615"><ele>64.2</ele></trkpt><trkpt lat="37.840003" lon="-122.478500"><ele>64.2</ele></trkpt><trkpt lat="37.840037" lon="-122.478422"><ele>64.3</ele></trkpt><trkpt lat="37.840079" lon="-122.478338"><ele>64.3</ele></trkpt><trkpt lat="37.840139" lon="-122.478234"><ele>64.1</ele></trkpt><trkpt lat="37.840194" lon="-122.478152"><ele>64.0</ele></trkpt><trkpt lat="37.840243" lon="-122.478088"><ele>63.8</ele></trkpt><trkpt lat="37.840294" lon="-122.478027"><ele>63.6</ele></trkpt><trkpt lat="37.840358" lon="-122.477954"><ele>63.4</ele></trkpt><trkpt lat="37.840434" lon="-122.477883"><ele>63.2</ele></trkpt><trkpt lat="37.840486" lon="-122.477839"><ele>63.1</ele></trkpt><trkpt lat="37.840554" lon="-122.477789"><ele>62.6</ele></trkpt><trkpt lat="37.840628" lon="-122.477743"><ele>62.1</ele></trkpt><trkpt lat="37.840690" lon="-122.477710"><ele>61.6</ele></trkpt><trkpt lat="37.840816" lon="-122.477655"><ele>60.8</ele></trkpt><trkpt lat="37.840878" lon="-122.477632"><ele>60.4</ele></trkpt><trkpt lat="37.840937" lon="-122.477616"><ele>60.0</ele></trkpt><trkpt lat="37.841006" lon="-122.477599"><ele>59.6</ele></trkpt><trkpt lat="37.841079" lon="-122.477589"><ele>59.1</ele></trkpt><trkpt lat="37.841142" lon="-122.477583"><ele>58.7</ele></trkpt><trkpt lat="37.841196" lon="-122.477581"><ele>58.3</ele></trkpt><trkpt lat="37.841261" lon="-122.477584"><ele>57.8</ele></trkpt><trkpt lat="37.841324" lon="-122.477590"><ele>57.4</ele></trkpt><trkpt lat="37.841403" lon="-122.477601"><ele>56.9</ele></trkpt><trkpt lat="37.841478" lon="-122.477616"><ele>56.4</ele></trkpt><trkpt lat="37.841538" lon="-122.477633"><ele>55.9</ele></trkpt><trkpt lat="37.841602" lon="-122.477657"><ele>55.1</ele></trkpt><trkpt lat="37.841667" lon="-122.477684"><ele>54.4</ele></trkpt><trkpt lat="37.841742" lon="-122.477720"><ele>53.5</ele></trkpt><trkpt lat="37.841851" lon="-122.477777"><ele>52.2</ele></trkpt><trkpt lat="37.842272" lon="-122.477984"><ele>47.7</ele></trkpt><trkpt lat="37.842523" lon="-122.478111"><ele>45.2</ele></trkpt><trkpt lat="37.842671" lon="-122.478183"><ele>44.5</ele></trkpt><trkpt lat="37.842747" lon="-122.478216"><ele>44.1</ele></trkpt><trkpt lat="37.842828" lon="-122.478246"><ele>43.7</ele></trkpt><trkpt lat="37.842894" lon="-122.478267"><ele>43.4</ele></trkpt><trkpt lat="37.842951" lon="-122.478285"><ele>43.1</ele></trkpt><trkpt lat="37.843005" lon="-122.478300"><ele>42.9</ele></trkpt><trkpt lat="37.843069" lon="-122.478311"><ele>42.6</ele></trkpt><trkpt lat="37.843123" lon="-122.478317"><ele>42.5</ele></trkpt><trkpt lat="37.843173" lon="-122.478323"><ele>42.3</ele></trkpt><trkpt lat="37.843219" lon="-122.478325"><ele>42.2</ele></trkpt><trkpt lat="37.843283" lon="-122.478323"><ele>42.0</ele></trkpt><trkpt lat="37.843347" lon="-122.478318"><ele>41.9</ele></trkpt><trkpt lat="37.843406" lon="-122.478310"><ele>41.7</ele></trkpt><trkpt lat="37.843464" lon="-122.478297"><ele>41.5</ele></trkpt><trkpt lat="37.843519" lon="-122.478284"><ele>41.4</ele></trkpt><trkpt lat="37.843596" lon="-122.478257"><ele>41.2</ele></trkpt><trkpt lat="37.843696" lon="-122.478221"><ele>40.8</ele></trkpt><trkpt lat="37.843803" lon="-122.478183"><ele>40.3</ele></trkpt><trkpt lat="37.843921" lon="-122.478141"><ele>39.8</ele></trkpt><trkpt lat="37.844178" lon="-122.478054"><ele>38.9</ele></trkpt><trkpt lat="37.844310" lon="-122.478010"><ele>38.7</ele></trkpt><trkpt lat="37.844432" lon="-122.477965"><ele>38.5</ele></trkpt><trkpt lat="37.844511" lon="-122.477937"><ele>38.3</ele></trkpt><trkpt lat="37.844575" lon="-122.477911"><ele>38.2</ele></trkpt><trkpt lat="37.844628" lon="-122.477894"><ele>38.1</ele></trkpt><trkpt lat="37.844676" lon="-122.477886"><ele>38.1</ele></trkpt><trkpt lat="37.844730" lon="-122.477879"><ele>38.0</ele></trkpt><trkpt lat="37.844784" lon="-122.477874"><ele>38.0</ele></trkpt><trkpt lat="37.844801" lon="-122.477872"><ele>38.0</ele></trkpt><trkpt lat="37.844872" lon="-122.477867"><ele>38.0</ele></trkpt><trkpt lat="37.844945" lon="-122.477867"><ele>37.9</ele></trkpt><trkpt lat="37.845024" lon="-122.477869"><ele>37.9</ele></trkpt><trkpt lat="37.845126" lon="-122.477877"><ele>37.8</ele></trkpt><trkpt lat="37.845199" lon="-122.477885"><ele>37.7</ele></trkpt><trkpt lat="37.845302" lon="-122.477899"><ele>37.4</ele></trkpt><trkpt lat="37.845402" lon="-122.477914"><ele>37.2</ele></trkpt><trkpt lat="37.845483" lon="-122.477933"><ele>36.9</ele></trkpt><trkpt lat="37.845602" lon="-122.477964"><ele>36.6</ele></trkpt><trkpt lat="37.845730" lon="-122.478000"><ele>36.2</ele></trkpt><trkpt lat="37.845903" lon="-122.478051"><ele>35.1</ele></trkpt><trkpt lat="37.846037" lon="-122.478093"><ele>34.2</ele></trkpt><trkpt lat="37.846122" lon="-122.478123"><ele>33.7</ele></trkpt><trkpt lat="37.846174" lon="-122.478142"><ele>33.4</ele></trkpt><trkpt lat="37.846224" lon="-122.478168"><ele>33.0</ele></trkpt><trkpt lat="37.846286" lon="-122.478201"><ele>32.6</ele></trkpt><trkpt lat="37.846367" lon="-122.478259"><ele>32.1</ele></trkpt><trkpt lat="37.846443" lon="-122.478329"><ele>31.6</ele></trkpt><trkpt lat="37.846809" lon="-122.478704"><ele>28.9</ele></trkpt><trkpt lat="37.846877" lon="-122.478784"><ele>28.4</ele></trkpt><trkpt lat="37.846922" lon="-122.478867"><ele>28.0</ele></trkpt><trkpt lat="37.846956" lon="-122.478961"><ele>27.5</ele></trkpt><trkpt lat="37.846976" lon="-122.479044"><ele>27.1</ele></trkpt><trkpt lat="37.846981" lon="-122.479150"><ele>26.7</ele></trkpt><trkpt lat="37.846987" lon="-122.479908"><ele>23.6</ele></trkpt><trkpt lat="37.846989" lon="-122.480148"><ele>22.6</ele></trkpt><trkpt lat="37.846992" lon="-122.480379"><ele>21.7</ele></trkpt><trkpt lat="37.846990" lon="-122.480534"><ele>21.1</ele></trkpt><trkpt lat="37.846996" lon="-122.480621"><ele>20.7</ele></trkpt><trkpt lat="37.847007" lon="-122.480681"><ele>20.5</ele></trkpt><trkpt lat="37.847030" lon="-122.480732"><ele>20.2</ele></trkpt><trkpt lat="37.847057" lon="-122.480763"><ele>20.1</ele></trkpt><trkpt lat="37.847090" lon="-122.480781"><ele>19.9</ele></trkpt><trkpt lat="37.847124" lon="-122.480789"><ele>19.7</ele></trkpt><trkpt lat="37.847179" lon="-122.480791"><ele>19.4</ele></trkpt><trkpt lat="37.847241" lon="-122.480792"><ele>19.1</ele></trkpt><trkpt lat="37.847291" lon="-122.480792"><ele>18.8</ele></trkpt><trkpt lat="37.847894" lon="-122.480786"><ele>15.2</ele></trkpt><trkpt lat="37.847952" lon="-122.480784"><ele>14.9</ele></trkpt><trkpt lat="37.848003" lon="-122.480784"><ele>14.6</ele></trkpt><trkpt lat="37.848438" lon="-122.480778"><ele>11.9</ele></trkpt><trkpt lat="37.848691" lon="-122.480775"><ele>10.9</ele></trkpt><trkpt lat="37.848910" lon="-122.480773"><ele>10.0</ele></trkpt><trkpt lat="37.849092" lon="-122.480767"><ele>9.2</ele></trkpt><trkpt lat="37.849287" lon="-122.480761"><ele>8.4</ele></trkpt><trkpt lat="37.849449" lon="-122.480760"><ele>7.6</ele></trkpt><trkpt lat="37.849594" lon="-122.480760"><ele>7.4</ele></trkpt><trkpt lat="37.849877" lon="-122.480764"><ele>7.7</ele></trkpt><trkpt lat="37.849869" lon="-122.480099"><ele>8.7</ele></trkpt><trkpt lat="37.849870" lon="-122.480065"><ele>8.8</ele></trkpt><trkpt lat="37.849873" lon="-122.480032"><ele>8.8</ele></trkpt><trkpt lat="37.849880" lon="-122.479997"><ele>8.9</ele></trkpt><trkpt lat="37.849888" lon="-122.479962"><ele>9.0</ele></trkpt><trkpt lat="37.849899" lon="-122.479934"><ele>9.0</ele></trkpt><trkpt lat="37.849912" lon="-122.479907"><ele>9.1</ele></trkpt><trkpt lat="37.849927" lon="-122.479883"><ele>9.1</ele></trkpt><trkpt lat="37.849942" lon="-122.479864"><ele>9.2</ele></trkpt><trkpt lat="37.849962" lon="-122.479844"><ele>9.2</ele></trkpt><trkpt lat="37.849984" lon="-122.479828"><ele>9.2</ele></trkpt><trkpt lat="37.850008" lon="-122.479814"><ele>9.2</ele></trkpt><trkpt lat="37.850033" lon="-122.479801"><ele>9.2</ele></trkpt><trkpt lat="37.850313" lon="-122.479698"><ele>9.4</ele></trkpt><trkpt lat="37.850359" lon="-122.479678"><ele>9.4</ele></trkpt><trkpt lat="37.850408" lon="-122.479653"><ele>9.4</ele></trkpt><trkpt lat="37.850456" lon="-122.479624"><ele>9.4</ele></trkpt><trkpt lat="37.850504" lon="-122.479590"><ele>9.3</ele></trkpt><trkpt lat="37.850825" lon="-122.479360"><ele>8.7</ele></trkpt><trkpt lat="37.850857" lon="-122.479338"><ele>8.6</ele></trkpt><trkpt lat="37.850895" lon="-122.479315"><ele>8.6</ele></trkpt><trkpt lat="37.850932" lon="-122.479295"><ele>8.6</ele></trkpt><trkpt lat="37.851499" lon="-122.478984"><ele>10.0</ele></trkpt><trkpt lat="37.851526" lon="-122.478971"><ele>10.0</ele></trkpt><trkpt lat="37.851550" lon="-122.478961"><ele>10.0</ele></trkpt><trkpt lat="37.851575" lon="-122.478955"><ele>10.0</ele></trkpt><trkpt lat="37.851599" lon="-122.478950"><ele>9.9</ele></trkpt><trkpt lat="37.851623" lon="-122.478949"><ele>9.9</ele></trkpt><trkpt lat="37.851649" lon="-122.478949"><ele>9.9</ele></trkpt><trkpt lat="37.854547" lon="-122.478950"><ele>5.2</ele></trkpt><trkpt lat="37.854810" lon="-122.478950"><ele>5.2</ele></trkpt><trkpt lat="37.854834" lon="-122.478952"><ele>5.2</ele></trkpt><trkpt lat="37.854856" lon="-122.478954"><ele>5.2</ele></trkpt><trkpt lat="37.854878" lon="-122.478958"><ele>5.2</ele></trkpt><trkpt lat="37.854901" lon="-122.478965"><ele>5.2</ele></trkpt><trkpt lat="37.854922" lon="-122.478973"><ele>5.2</ele></trkpt><trkpt lat="37.854943" lon="-122.478982"><ele>5.2</ele></trkpt><trkpt lat="37.854975" lon="-122.478997"><ele>5.2</ele></trkpt><trkpt lat="37.855016" lon="-122.479020"><ele>5.2</ele></trkpt><trkpt lat="37.855144" lon="-122.479094"><ele>5.2</ele></trkpt><trkpt lat="37.855300" lon="-122.479186"><ele>5.4</ele></trkpt><trkpt lat="37.855783" lon="-122.479468"><ele>6.4</ele></trkpt><trkpt lat="37.855803" lon="-122.479391"><ele>6.5</ele></trkpt><trkpt lat="37.855820" lon="-122.479385"><ele>6.6</ele></trkpt><trkpt lat="37.855828" lon="-122.479371"><ele>6.6</ele></trkpt><trkpt lat="37.855830" lon="-122.479000"><ele>7.2</ele></trkpt><trkpt lat="37.855828" lon="-122.479371"><ele>7.6</ele></trkpt><trkpt lat="37.855820" lon="-122.479385"><ele>7.6</ele></trkpt><trkpt lat="37.855879" lon="-122.479425"><ele>7.7</ele></trkpt><trkpt lat="37.855874" lon="-122.479526"><ele>7.8</ele></trkpt><trkpt lat="37.855915" lon="-122.479554"><ele>7.8</ele></trkpt><trkpt lat="37.855976" lon="-122.479596"><ele>7.9</ele></trkpt><trkpt lat="37.856400" lon="-122.479890"><ele>8.5</ele></trkpt><trkpt lat="37.856429" lon="-122.479908"><ele>8.5</ele></trkpt><trkpt lat="37.856461" lon="-122.479928"><ele>8.6</ele></trkpt><trkpt lat="37.856528" lon="-122.479967"><ele>8.8</ele></trkpt><trkpt lat="37.856575" lon="-122.479997"><ele>8.9</ele></trkpt><trkpt lat="37.856621" lon="-122.480032"><ele>9.1</ele></trkpt><trkpt lat="37.856661" lon="-122.480071"><ele>9.2</ele></trkpt><trkpt lat="37.856698" lon="-122.480115"><ele>9.4</ele></trkpt><trkpt lat="37.856737" lon="-122.480166"><ele>9.5</ele></trkpt><trkpt lat="37.856772" lon="-122.480216"><ele>9.7</ele></trkpt><trkpt lat="37.856937" lon="-122.480470"><ele>10.0</ele></trkpt><trkpt lat="37.856978" lon="-122.480533"><ele>10.0</ele></trkpt><trkpt lat="37.857024" lon="-122.480604"><ele>9.9</ele></trkpt><trkpt lat="37.857109" lon="-122.480733"><ele>9.8</ele></trkpt><trkpt lat="37.857213" lon="-122.480887"><ele>9.7</ele></trkpt><trkpt lat="37.857304" lon="-122.481016"><ele>9.7</ele></trkpt><trkpt lat="37.857378" lon="-122.481122"><ele>9.6</ele></trkpt><trkpt lat="37.857455" lon="-122.481227"><ele>9.5</ele></trkpt><trkpt lat="37.857463" lon="-122.481236"><ele>9.5</ele></trkpt><trkpt lat="37.857529" lon="-122.481323"><ele>9.5</ele></trkpt><trkpt lat="37.857677" lon="-122.481506"><ele>9.2</ele></trkpt><trkpt lat="37.857741" lon="-122.481588"><ele>9.0</ele></trkpt><trkpt lat="37.857805" lon="-122.481672"><ele>8.9</ele></trkpt><trkpt lat="37.857865" lon="-122.481754"><ele>8.7</ele></trkpt><trkpt lat="37.857919" lon="-122.481833"><ele>8.6</ele></trkpt><trkpt lat="37.857972" lon="-122.481917"><ele>8.4</ele></trkpt><trkpt lat="37.858025" lon="-122.482006"><ele>8.2</ele></trkpt><trkpt lat="37.858146" lon="-122.482211"><ele>7.8</ele></trkpt><trkpt lat="37.858183" lon="-122.482278"><ele>7.6</ele></trkpt><trkpt lat="37.858218" lon="-122.482349"><ele>7.5</ele></trkpt><trkpt lat="37.858249" lon="-122.482424"><ele>7.3</ele></trkpt><trkpt lat="37.858310" lon="-122.482598"><ele>6.7</ele></trkpt><trkpt lat="37.858339" lon="-122.482680"><ele>6.5</ele></trkpt><trkpt lat="37.858366" lon="-122.482763"><ele>6.2</ele></trkpt><trkpt lat="37.858379" lon="-122.482808"><ele>6.0</ele></trkpt><trkpt lat="37.858387" lon="-122.482837"><ele>5.9</ele></trkpt><trkpt lat="37.858405" lon="-122.482910"><ele>5.7</ele></trkpt><trkpt lat="37.858422" lon="-122.482983"><ele>5.5</ele></trkpt><trkpt lat="37.858441" lon="-122.483060"><ele>5.2</ele></trkpt><trkpt lat="37.858474" lon="-122.483163"><ele>5.0</ele></trkpt><trkpt lat="37.858499" lon="-122.483238"><ele>4.9</ele></trkpt><trkpt lat="37.858531" lon="-122.483329"><ele>4.7</ele></trkpt><trkpt lat="37.858566" lon="-122.483430"><ele>4.5</ele></trkpt><trkpt lat="37.858744" lon="-122.483939"><ele>3.6</ele></trkpt><trkpt lat="37.858772" lon="-122.484019"><ele>3.5</ele></trkpt><trkpt lat="37.858803" lon="-122.484105"><ele>3.4</ele></trkpt><trkpt lat="37.858835" lon="-122.484189"><ele>3.2</ele></trkpt><trkpt lat="37.858868" lon="-122.484271"><ele>3.1</ele></trkpt><trkpt lat="37.858901" lon="-122.484349"><ele>3.0</ele></trkpt><trkpt lat="37.858937" lon="-122.484433"><ele>2.9</ele></trkpt><trkpt lat="37.858952" lon="-122.484469"><ele>2.9</ele></trkpt><trkpt lat="37.859126" lon="-122.484867"><ele>2.5</ele></trkpt><trkpt lat="37.859159" lon="-122.484941"><ele>2.4</ele></trkpt><trkpt lat="37.859196" lon="-122.485020"><ele>2.3</ele></trkpt><trkpt lat="37.859282" lon="-122.485201"><ele>2.1</ele></trkpt><trkpt lat="37.859431" lon="-122.485511"><ele>1.8</ele></trkpt><trkpt lat="37.859551" lon="-122.485760"><ele>2.0</ele></trkpt><trkpt lat="37.859587" lon="-122.485836"><ele>2.0</ele></trkpt><trkpt lat="37.859623" lon="-122.485917"><ele>2.0</ele></trkpt><trkpt lat="37.859648" lon="-122.485975"><ele>2.1</ele></trkpt><trkpt lat="37.859742" lon="-122.486189"><ele>2.1</ele></trkpt><trkpt lat="37.859955" lon="-122.486666"><ele>2.1</ele></trkpt><trkpt lat="37.859982" lon="-122.486727"><ele>2.1</ele></trkpt><trkpt lat="37.860021" lon="-122.486821"><ele>2.1</ele></trkpt><trkpt lat="37.860074" lon="-122.486937"><ele>2.1</ele></trkpt><trkpt lat="37.860155" lon="-122.487116"><ele>2.1</ele></trkpt><trkpt lat="37.860236" lon="-122.487295"><ele>2.1</ele></trkpt><trkpt lat="37.860363" lon="-122.487572"><ele>2.1</ele></trkpt><trkpt lat="37.860400" lon="-122.487653"><ele>2.1</ele></trkpt><trkpt lat="37.860433" lon="-122.487725"><ele>2.1</ele></trkpt><trkpt lat="37.860778" lon="-122.488454"><ele>2.7</ele></trkpt><trkpt lat="37.860826" lon="-122.488557"><ele>2.9</ele></trkpt><trkpt lat="37.860853" lon="-122.488613"><ele>3.0</ele></trkpt><trkpt lat="37.860978" lon="-122.488869"><ele>3.4</ele></trkpt><trkpt lat="37.861034" lon="-122.488985"><ele>3.6</ele></trkpt><trkpt lat="37.861101" lon="-122.489123"><ele>3.8</ele></trkpt><trkpt lat="37.861152" lon="-122.489229"><ele>4.0</ele></trkpt><trkpt lat="37.861205" lon="-122.489335"><ele>4.3</ele></trkpt><trkpt lat="37.861253" lon="-122.489434"><ele>4.5</ele></trkpt><trkpt lat="37.861308" lon="-122.489490"><ele>4.6</ele></trkpt><trkpt lat="37.861332" lon="-122.489532"><ele>4.7</ele></trkpt><trkpt lat="37.861417" lon="-122.489718"><ele>5.1</ele></trkpt><trkpt lat="37.861479" lon="-122.489855"><ele>5.3</ele></trkpt><trkpt lat="37.861492" lon="-122.489886"><ele>5.3</ele></trkpt><trkpt lat="37.861539" lon="-122.490002"><ele>5.5</ele></trkpt><trkpt lat="37.861592" lon="-122.490151"><ele>5.7</ele></trkpt><trkpt lat="37.861638" lon="-122.490303"><ele>5.9</ele></trkpt><trkpt lat="37.861659" lon="-122.490381"><ele>6.0</ele></trkpt><trkpt lat="37.861680" lon="-122.490461"><ele>6.2</ele></trkpt><trkpt lat="37.861693" lon="-122.490513"><ele>6.2</ele></trkpt><trkpt lat="37.861718" lon="-122.490618"><ele>6.4</ele></trkpt><trkpt lat="37.861753" lon="-122.490775"><ele>6.6</ele></trkpt><trkpt lat="37.861783" lon="-122.490936"><ele>6.8</ele></trkpt><trkpt lat="37.861810" lon="-122.491097"><ele>7.1</ele></trkpt><trkpt lat="37.861833" lon="-122.491258"><ele>7.4</ele></trkpt><trkpt lat="37.861853" lon="-122.491420"><ele>7.7</ele></trkpt><trkpt lat="37.861869" lon="-122.491585"><ele>7.9</ele></trkpt><trkpt lat="37.861881" lon="-122.491748"><ele>7.8</ele></trkpt><trkpt lat="37.861889" lon="-122.491912"><ele>7.8</ele></trkpt><trkpt lat="37.861893" lon="-122.492076"><ele>7.7</ele></trkpt><trkpt lat="37.861921" lon="-122.493199"><ele>6.4</ele></trkpt><trkpt lat="37.861927" lon="-122.493448"><ele>6.2</ele></trkpt><trkpt lat="37.861930" lon="-122.493562"><ele>6.1</ele></trkpt><trkpt lat="37.861931" lon="-122.493597"><ele>6.1</ele></trkpt><trkpt lat="37.861932" lon="-122.493616"><ele>6.1</ele></trkpt><trkpt lat="37.861990" lon="-122.493585"><ele>6.0</ele></trkpt><trkpt lat="37.862010" lon="-122.493616"><ele>6.0</ele></trkpt><trkpt lat="37.862048" lon="-122.493657"><ele>5.9</ele></trkpt><trkpt lat="37.862087" lon="-122.493734"><ele>5.8</ele></trkpt><trkpt lat="37.862129" lon="-122.493856"><ele>5.7</ele></trkpt><trkpt lat="37.862180" lon="-122.494022"><ele>5.5</ele></trkpt><trkpt lat="37.862226" lon="-122.494157"><ele>5.4</ele></trkpt><trkpt lat="37.862253" lon="-122.494217"><ele>5.4</ele></trkpt><trkpt lat="37.862276" lon="-122.494252"><ele>5.3</ele></trkpt><trkpt lat="37.862300" lon="-122.494274"><ele>5.3</ele></trkpt><trkpt lat="37.862341" lon="-122.494296"><ele>5.2</ele></trkpt><trkpt lat="37.862390" lon="-122.494425"><ele>5.1</ele></trkpt><trkpt lat="37.862434" lon="-122.494503"><ele>5.0</ele></trkpt><trkpt lat="37.862466" lon="-122.494563"><ele>4.9</ele></trkpt><trkpt lat="37.862532" lon="-122.494650"><ele>4.9</ele></trkpt><trkpt lat="37.862578" lon="-122.494703"><ele>4.9</ele></trkpt><trkpt lat="37.862642" lon="-122.494782"><ele>4.9</ele></trkpt><trkpt lat="37.862735" lon="-122.494898"><ele>4.9</ele></trkpt><trkpt lat="37.863473" lon="-122.495803"><ele>4.3</ele></trkpt><trkpt lat="37.863496" lon="-122.495836"><ele>4.3</ele></trkpt><trkpt lat="37.863544" lon="-122.495871"><ele>4.3</ele></trkpt><trkpt lat="37.863586" lon="-122.495912"><ele>4.3</ele></trkpt><trkpt lat="37.863601" lon="-122.495927"><ele>4.3</ele></trkpt><trkpt lat="37.863876" lon="-122.496262"><ele>4.3</ele></trkpt><trkpt lat="37.863883" lon="-122.496271"><ele>4.3</ele></trkpt><trkpt lat="37.864374" lon="-122.496864"><ele>4.3</ele></trkpt><trkpt lat="37.864515" lon="-122.497035"><ele>4.2</ele></trkpt><trkpt lat="37.864493" lon="-122.497062"><ele>4.2</ele></trkpt><trkpt lat="37.864466" lon="-122.497099"><ele>4.1</ele></trkpt><trkpt lat="37.864312" lon="-122.497304"><ele>3.9</ele></trkpt><trkpt lat="37.864293" lon="-122.497329"><ele>3.8</ele></trkpt><trkpt lat="37.864217" lon="-122.497429"><ele>3.7</ele></trkpt><trkpt lat="37.864234" lon="-122.497555"><ele>3.7</ele></trkpt><trkpt lat="37.864504" lon="-122.497872"><ele>4.1</ele></trkpt><trkpt lat="37.864704" lon="-122.498101"><ele>4.2</ele></trkpt><trkpt lat="37.864879" lon="-122.498310"><ele>4.0</ele></trkpt><trkpt lat="37.864924" lon="-122.498345"><ele>4.0</ele></trkpt><trkpt lat="37.864953" lon="-122.498365"><ele>4.0</ele></trkpt><trkpt lat="37.864985" lon="-122.498372"><ele>4.0</ele></trkpt><trkpt lat="37.865122" lon="-122.498381"><ele>3.8</ele></trkpt><trkpt lat="37.865134" lon="-122.498393"><ele>3.8</ele></trkpt><trkpt lat="37.865706" lon="-122.499006"><ele>2.9</ele></trkpt><trkpt lat="37.866217" lon="-122.499554"><ele>2.2</ele></trkpt><trkpt lat="37.866256" lon="-122.499594"><ele>2.2</ele></trkpt><trkpt lat="37.866667" lon="-122.500019"><ele>1.9</ele></trkpt><trkpt lat="37.866813" lon="-122.500180"><ele>1.8</ele></trkpt><trkpt lat="37.866948" lon="-122.500328"><ele>1.8</ele></trkpt><trkpt lat="37.867033" lon="-122.500424"><ele>1.8</ele></trkpt><trkpt lat="37.867126" lon="-122.500529"><ele>1.8</ele></trkpt><trkpt lat="37.866956" lon="-122.500755"><ele>1.8</ele></trkpt><trkpt lat="37.866946" lon="-122.500769"><ele>1.8</ele></trkpt><trkpt lat="37.866984" lon="-122.500811"><ele>1.8</ele></trkpt><trkpt lat="37.867023" lon="-122.500854"><ele>1.8</ele></trkpt><trkpt lat="37.867370" lon="-122.501191"><ele>1.8</ele></trkpt><trkpt lat="37.867707" lon="-122.501534"><ele>1.9</ele></trkpt><trkpt lat="37.867928" lon="-122.501776"><ele>2.1</ele></trkpt><trkpt lat="37.867959" lon="-122.501813"><ele>2.1</ele></trkpt><trkpt lat="37.868063" lon="-122.501935"><ele>2.1</ele></trkpt><trkpt lat="37.868202" lon="-122.502086"><ele>2.1</ele></trkpt><trkpt lat="37.868455" lon="-122.502324"><ele>2.2</ele></trkpt><trkpt lat="37.868611" lon="-122.502459"><ele>2.4</ele></trkpt><trkpt lat="37.868657" lon="-122.502503"><ele>2.5</ele></trkpt><trkpt lat="37.868724" lon="-122.502556"><ele>2.6</ele></trkpt><trkpt lat="37.868774" lon="-122.502600"><ele>2.6</ele></trkpt><trkpt lat="37.868945" lon="-122.502724"><ele>2.8</ele></trkpt><trkpt lat="37.868990" lon="-122.502757"><ele>2.8</ele></trkpt><trkpt lat="37.869024" lon="-122.502761"><ele>2.9</ele></trkpt><trkpt lat="37.869222" lon="-122.502872"><ele>3.0</ele></trkpt><trkpt lat="37.869273" lon="-122.502912"><ele>3.0</ele></trkpt><trkpt lat="37.869316" lon="-122.502957"><ele>3.0</ele></trkpt><trkpt lat="37.869361" lon="-122.502985"><ele>3.1</ele></trkpt><trkpt lat="37.869493" lon="-122.503055"><ele>3.3</ele></trkpt><trkpt lat="37.869743" lon="-122.503174"><ele>3.5</ele></trkpt><trkpt lat="37.869954" lon="-122.503277"><ele>3.9</ele></trkpt><trkpt lat="37.870414" lon="-122.503480"><ele>5.0</ele></trkpt><trkpt lat="37.870549" lon="-122.503540"><ele>5.4</ele></trkpt><trkpt lat="37.870587" lon="-122.503556"><ele>5.5</ele></trkpt><trkpt lat="37.870645" lon="-122.503580"><ele>5.6</ele></trkpt><trkpt lat="37.870709" lon="-122.503611"><ele>5.8</ele></trkpt><trkpt lat="37.870780" lon="-122.503638"><ele>5.9</ele></trkpt><trkpt lat="37.870815" lon="-122.503651"><ele>6.0</ele></trkpt><trkpt lat="37.870937" lon="-122.503717"><ele>6.1</ele></trkpt><trkpt lat="37.871254" lon="-122.503899"><ele>6.3</ele></trkpt><trkpt lat="37.871618" lon="-122.504168"><ele>6.2</ele></trkpt><trkpt lat="37.871671" lon="-122.504225"><ele>6.2</ele></trkpt><trkpt lat="37.871775" lon="-122.504334"><ele>6.1</ele></trkpt><trkpt lat="37.872112" lon="-122.504728"><ele>5.6</ele></trkpt><trkpt lat="37.872449" lon="-122.505200"><ele>4.3</ele></trkpt><trkpt lat="37.872598" lon="-122.505455"><ele>3.8</ele></trkpt><trkpt lat="37.872683" lon="-122.505600"><ele>3.7</ele></trkpt><trkpt lat="37.872740" lon="-122.505680"><ele>3.6</ele></trkpt><trkpt lat="37.872768" lon="-122.505719"><ele>3.5</ele></trkpt><trkpt lat="37.873191" lon="-122.506508"><ele>3.7</ele></trkpt><trkpt lat="37.873227" lon="-122.506571"><ele>3.7</ele></trkpt><trkpt lat="37.873297" lon="-122.506685"><ele>3.7</ele></trkpt><trkpt lat="37.873345" lon="-122.506755"><ele>3.7</ele></trkpt><trkpt lat="37.873387" lon="-122.506810"><ele>3.7</ele></trkpt><trkpt lat="37.873416" lon="-122.506844"><ele>3.7</ele></trkpt><trkpt lat="37.873444" lon="-122.506876"><ele>3.7</ele></trkpt><trkpt lat="37.873475" lon="-122.506910"><ele>3.7</ele></trkpt><trkpt lat="37.873511" lon="-122.506949"><ele>3.7</ele></trkpt><trkpt lat="37.873545" lon="-122.506990"><ele>3.7</ele></trkpt><trkpt lat="37.873577" lon="-122.507029"><ele>3.7</ele></trkpt><trkpt lat="37.873611" lon="-122.507072"><ele>3.7</ele></trkpt><trkpt lat="37.873649" lon="-122.507122"><ele>3.7</ele></trkpt><trkpt lat="37.873683" lon="-122.507170"><ele>3.7</ele></trkpt><trkpt lat="37.873717" lon="-122.507222"><ele>3.7</ele></trkpt><trkpt lat="37.873752" lon="-122.507276"><ele>3.7</ele></trkpt><trkpt lat="37.873790" lon="-122.507330"><ele>3.7</ele></trkpt><trkpt lat="37.873844" lon="-122.507403"><ele>3.7</ele></trkpt><trkpt lat="37.874123" lon="-122.507767"><ele>3.7</ele></trkpt><trkpt lat="37.874505" lon="-122.508269"><ele>3.1</ele></trkpt><trkpt lat="37.875296" lon="-122.509298"><ele>1.3</ele></trkpt><trkpt lat="37.875831" lon="-122.509993"><ele>2.0</ele></trkpt><trkpt lat="37.876262" lon="-122.510556"><ele>2.8</ele></trkpt><trkpt lat="37.876709" lon="-122.511137"><ele>3.6</ele></trkpt><trkpt lat="37.877704" lon="-122.512432"><ele>3.9</ele></trkpt><trkpt lat="37.878049" lon="-122.512883"><ele>3.7</ele></trkpt><trkpt lat="37.878330" lon="-122.513251"><ele>3.4</ele></trkpt><trkpt lat="37.878518" lon="-122.513496"><ele>3.2</ele></trkpt><trkpt lat="37.878678" lon="-122.513703"><ele>2.9</ele></trkpt><trkpt lat="37.878852" lon="-122.513924"><ele>2.8</ele></trkpt><trkpt lat="37.878977" lon="-122.514078"><ele>2.9</ele></trkpt><trkpt lat="37.879095" lon="-122.514230"><ele>3.0</ele></trkpt><trkpt lat="37.879330" lon="-122.514539"><ele>3.3</ele></trkpt><trkpt lat="37.879358" lon="-122.514577"><ele>3.3</ele></trkpt><trkpt lat="37.879385" lon="-122.514620"><ele>3.4</ele></trkpt><trkpt lat="37.879408" lon="-122.514661"><ele>3.4</ele></trkpt><trkpt lat="37.879426" lon="-122.514705"><ele>3.5</ele></trkpt><trkpt lat="37.879441" lon="-122.514751"><ele>3.5</ele></trkpt><trkpt lat="37.879446" lon="-122.514779"><ele>3.6</ele></trkpt><trkpt lat="37.879447" lon="-122.514812"><ele>3.6</ele></trkpt><trkpt lat="37.879560" lon="-122.514962"><ele>3.7</ele></trkpt><trkpt lat="37.879647" lon="-122.515077"><ele>3.7</ele></trkpt><trkpt lat="37.879676" lon="-122.515081"><ele>3.7</ele></trkpt><trkpt lat="37.879733" lon="-122.515099"><ele>3.7</ele></trkpt><trkpt lat="37.879768" lon="-122.515116"><ele>3.7</ele></trkpt><trkpt lat="37.879797" lon="-122.515140"><ele>3.7</ele></trkpt><trkpt lat="37.879836" lon="-122.515185"><ele>3.7</ele></trkpt><trkpt lat="37.880170" lon="-122.515620"><ele>3.0</ele></trkpt><trkpt lat="37.881214" lon="-122.516975"><ele>1.0</ele></trkpt><trkpt lat="37.881799" lon="-122.517737"><ele>0.3</ele></trkpt><trkpt lat="37.882013" lon="-122.518028"><ele>0.5</ele></trkpt><trkpt lat="37.882230" lon="-122.518328"><ele>0.7</ele></trkpt><trkpt lat="37.882508" lon="-122.518687"><ele>0.9</ele></trkpt><trkpt lat="37.882680" lon="-122.518910"><ele>1.1</ele></trkpt><trkpt lat="37.882702" lon="-122.518937"><ele>1.2</ele></trkpt><trkpt lat="37.882917" lon="-122.519216"><ele>1.5</ele></trkpt><trkpt lat="37.884016" lon="-122.520640"><ele>2.1</ele></trkpt><trkpt lat="37.884131" lon="-122.520797"><ele>2.2</ele></trkpt><trkpt lat="37.884185" lon="-122.520869"><ele>2.2</ele></trkpt><trkpt lat="37.884681" lon="-122.521488"><ele>2.6</ele></trkpt><trkpt lat="37.885261" lon="-122.522238"><ele>4.2</ele></trkpt><trkpt lat="37.885334" lon="-122.522335"><ele>4.5</ele></trkpt><trkpt lat="37.885761" lon="-122.522893"><ele>6.3</ele></trkpt><trkpt lat="37.886027" lon="-122.523246"><ele>7.3</ele></trkpt><trkpt lat="37.886301" lon="-122.523594"><ele>8.2</ele></trkpt><trkpt lat="37.886427" lon="-122.523737"><ele>8.5</ele></trkpt><trkpt lat="37.886538" lon="-122.523853"><ele>8.7</ele></trkpt><trkpt lat="37.886763" lon="-122.524062"><ele>9.1</ele></trkpt><trkpt lat="37.887025" lon="-122.524263"><ele>9.0</ele></trkpt><trkpt lat="37.887120" lon="-122.524322"><ele>8.9</ele></trkpt><trkpt lat="37.887216" lon="-122.524374"><ele>8.8</ele></trkpt><trkpt lat="37.887414" lon="-122.524467"><ele>8.6</ele></trkpt><trkpt lat="37.887678" lon="-122.524575"><ele>8.3</ele></trkpt><trkpt lat="37.887787" lon="-122.524606"><ele>8.2</ele></trkpt><trkpt lat="37.887990" lon="-122.524664"><ele>7.9</ele></trkpt><trkpt lat="37.888357" lon="-122.524764"><ele>7.5</ele></trkpt><trkpt lat="37.888731" lon="-122.524836"><ele>6.8</ele></trkpt><trkpt lat="37.889571" lon="-122.524978"><ele>5.1</ele></trkpt><trkpt lat="37.889827" lon="-122.525017"><ele>4.7</ele></trkpt><trkpt lat="37.889827" lon="-122.525052"><ele>4.6</ele></trkpt><trkpt lat="37.889823" lon="-122.525154"><ele>4.4</ele></trkpt><trkpt lat="37.889821" lon="-122.525183"><ele>4.4</ele></trkpt><trkpt lat="37.889816" lon="-122.525256"><ele>4.3</ele></trkpt><trkpt lat="37.889845" lon="-122.525263"><ele>4.2</ele></trkpt><trkpt lat="37.889909" lon="-122.525280"><ele>4.1</ele></trkpt><trkpt lat="37.889972" lon="-122.525300"><ele>3.9</ele></trkpt><trkpt lat="37.890034" lon="-122.525323"><ele>3.8</ele></trkpt><trkpt lat="37.890099" lon="-122.525352"><ele>3.6</ele></trkpt><trkpt lat="37.890160" lon="-122.525384"><ele>3.5</ele></trkpt><trkpt lat="37.890222" lon="-122.525420"><ele>3.3</ele></trkpt><trkpt lat="37.890279" lon="-122.525458"><ele>3.2</ele></trkpt><trkpt lat="37.890339" lon="-122.525500"><ele>3.1</ele></trkpt><trkpt lat="37.890393" lon="-122.525542"><ele>3.0</ele></trkpt><trkpt lat="37.890451" lon="-122.525593"><ele>2.9</ele></trkpt><trkpt lat="37.890502" lon="-122.525641"><ele>2.7</ele></trkpt><trkpt lat="37.890552" lon="-122.525693"><ele>2.6</ele></trkpt><trkpt lat="37.890603" lon="-122.525750"><ele>2.5</ele></trkpt><trkpt lat="37.890653" lon="-122.525810"><ele>2.4</ele></trkpt><trkpt lat="37.890697" lon="-122.525869"><ele>2.3</ele></trkpt><trkpt lat="37.890741" lon="-122.525933"><ele>2.2</ele></trkpt><trkpt lat="37.890784" lon="-122.526002"><ele>2.1</ele></trkpt><trkpt lat="37.890822" lon="-122.526069"><ele>2.0</ele></trkpt><trkpt lat="37.891119" lon="-122.526609"><ele>1.5</ele></trkpt><trkpt lat="37.891678" lon="-122.527629"><ele>0.9</ele></trkpt><trkpt lat="37.891965" lon="-122.528152"><ele>1.0</ele></trkpt><trkpt lat="37.892121" lon="-122.528440"><ele>1.1</ele></trkpt><trkpt lat="37.892288" lon="-122.528747"><ele>1.3</ele></trkpt><trkpt lat="37.892493" lon="-122.529127"><ele>1.5</ele></trkpt><trkpt lat="37.892532" lon="-122.529198"><ele>1.6</ele></trkpt><trkpt lat="37.892567" lon="-122.529264"><ele>1.6</ele></trkpt><trkpt lat="37.892604" lon="-122.529338"><ele>1.7</ele></trkpt><trkpt lat="37.892639" lon="-122.529414"><ele>1.8</ele></trkpt><trkpt lat="37.892671" lon="-122.529483"><ele>1.9</ele></trkpt><trkpt lat="37.892703" lon="-122.529559"><ele>2.0</ele></trkpt><trkpt lat="37.892754" lon="-122.529693"><ele>2.1</ele></trkpt><trkpt lat="37.892830" lon="-122.529896"><ele>2.3</ele></trkpt><trkpt lat="37.892877" lon="-122.529997"><ele>2.4</ele></trkpt><trkpt lat="37.892907" lon="-122.530069"><ele>2.5</ele></trkpt><trkpt lat="37.892956" lon="-122.530178"><ele>2.6</ele></trkpt><trkpt lat="37.892997" lon="-122.530257"><ele>2.6</ele></trkpt><trkpt lat="37.893174" lon="-122.530585"><ele>3.0</ele></trkpt><trkpt lat="37.893257" lon="-122.530740"><ele>3.2</ele></trkpt><trkpt lat="37.893325" lon="-122.530867"><ele>3.3</ele></trkpt><trkpt lat="37.893570" lon="-122.531323"><ele>3.1</ele></trkpt><trkpt lat="37.893635" lon="-122.531444"><ele>3.1</ele></trkpt><trkpt lat="37.893717" lon="-122.531597"><ele>3.2</ele></trkpt><trkpt lat="37.893788" lon="-122.531725"><ele>3.3</ele></trkpt><trkpt lat="37.893864" lon="-122.531861"><ele>3.5</ele></trkpt><trkpt lat="37.893943" lon="-122.531994"><ele>3.6</ele></trkpt><trkpt lat="37.894025" lon="-122.532131"><ele>3.8</ele></trkpt><trkpt lat="37.894072" lon="-122.532210"><ele>3.9</ele></trkpt><trkpt lat="37.894130" lon="-122.532304"><ele>4.0</ele></trkpt><trkpt lat="37.894191" lon="-122.532406"><ele>4.1</ele></trkpt><trkpt lat="37.894242" lon="-122.532490"><ele>4.2</ele></trkpt><trkpt lat="37.894323" lon="-122.532623"><ele>4.3</ele></trkpt><trkpt lat="37.894370" lon="-122.532701"><ele>4.3</ele></trkpt><trkpt lat="37.894432" lon="-122.532806"><ele>4.4</ele></trkpt><trkpt lat="37.894491" lon="-122.532906"><ele>4.5</ele></trkpt><trkpt lat="37.894552" lon="-122.533006"><ele>4.5</ele></trkpt><trkpt lat="37.894633" lon="-122.533141"><ele>4.6</ele></trkpt><trkpt lat="37.894740" lon="-122.533318"><ele>4.7</ele></trkpt><trkpt lat="37.894834" lon="-122.533474"><ele>4.8</ele></trkpt><trkpt lat="37.894894" lon="-122.533572"><ele>4.8</ele></trkpt><trkpt lat="37.894955" lon="-122.533672"><ele>4.9</ele></trkpt><trkpt lat="37.894997" lon="-122.533741"><ele>4.8</ele></trkpt><trkpt lat="37.895037" lon="-122.533805"><ele>4.8</ele></trkpt><trkpt lat="37.895112" lon="-122.533923"><ele>4.7</ele></trkpt><trkpt lat="37.895251" lon="-122.534138"><ele>4.6</ele></trkpt><trkpt lat="37.895295" lon="-122.534207"><ele>4.6</ele></trkpt><trkpt lat="37.895344" lon="-122.534283"><ele>4.5</ele></trkpt><trkpt lat="37.895395" lon="-122.534368"><ele>4.4</ele></trkpt><trkpt lat="37.895448" lon="-122.534461"><ele>4.3</ele></trkpt><trkpt lat="37.895467" lon="-122.534491"><ele>4.2</ele></trkpt><trkpt lat="37.895535" lon="-122.534599"><ele>4.1</ele></trkpt><trkpt lat="37.895623" lon="-122.534732"><ele>4.0</ele></trkpt><trkpt lat="37.895651" lon="-122.534775"><ele>3.9</ele></trkpt><trkpt lat="37.895764" lon="-122.534941"><ele>3.7</ele></trkpt><trkpt lat="37.895823" lon="-122.535029"><ele>3.6</ele></trkpt><trkpt lat="37.895867" lon="-122.535094"><ele>3.5</ele></trkpt><trkpt lat="37.895912" lon="-122.535156"><ele>3.5</ele></trkpt><trkpt lat="37.895935" lon="-122.535188"><ele>3.4</ele></trkpt><trkpt lat="37.895960" lon="-122.535218"><ele>3.4</ele></trkpt><trkpt lat="37.895981" lon="-122.535244"><ele>3.4</ele></trkpt><trkpt lat="37.896034" lon="-122.535305"><ele>3.4</ele></trkpt><trkpt lat="37.896124" lon="-122.535405"><ele>3.4</ele></trkpt><trkpt lat="37.896244" lon="-122.535541"><ele>3.4</ele></trkpt><trkpt lat="37.896351" lon="-122.535661"><ele>3.4</ele></trkpt><trkpt lat="37.896639" lon="-122.535986"><ele>3.5</ele></trkpt><trkpt lat="37.896694" lon="-122.536047"><ele>3.6</ele></trkpt><trkpt lat="37.896751" lon="-122.536109"><ele>3.6</ele></trkpt><trkpt lat="37.896908" lon="-122.536286"><ele>3.8</ele></trkpt><trkpt lat="37.897282" lon="-122.536708"><ele>4.5</ele></trkpt><trkpt lat="37.897404" lon="-122.536844"><ele>4.9</ele></trkpt><trkpt lat="37.897454" lon="-122.536901"><ele>5.1</ele></trkpt><trkpt lat="37.897475" lon="-122.536925"><ele>5.1</ele></trkpt><trkpt lat="37.897532" lon="-122.536989"><ele>5.3</ele></trkpt><trkpt lat="37.897593" lon="-122.537058"><ele>5.5</ele></trkpt><trkpt lat="37.898233" lon="-122.537772"><ele>7.0</ele></trkpt><trkpt lat="37.898285" lon="-122.537830"><ele>7.1</ele></trkpt><trkpt lat="37.898705" lon="-122.538303"><ele>8.0</ele></trkpt><trkpt lat="37.898769" lon="-122.538377"><ele>8.1</ele></trkpt><trkpt lat="37.898836" lon="-122.538462"><ele>8.3</ele></trkpt><trkpt lat="37.898887" lon="-122.538533"><ele>8.5</ele></trkpt><trkpt lat="37.898932" lon="-122.538596"><ele>8.6</ele></trkpt><trkpt lat="37.899019" lon="-122.538708"><ele>8.9</ele></trkpt><trkpt lat="37.899068" lon="-122.538769"><ele>9.0</ele></trkpt><trkpt lat="37.899156" lon="-122.538873"><ele>9.3</ele></trkpt><trkpt lat="37.899204" lon="-122.538931"><ele>9.5</ele></trkpt><trkpt lat="37.899243" lon="-122.538978"><ele>9.6</ele></trkpt><trkpt lat="37.899332" lon="-122.539084"><ele>9.8</ele></trkpt><trkpt lat="37.899425" lon="-122.539192"><ele>10.0</ele></trkpt><trkpt lat="37.899636" lon="-122.539432"><ele>10.4</ele></trkpt><trkpt lat="37.899838" lon="-122.539660"><ele>10.7</ele></trkpt><trkpt lat="37.900116" lon="-122.539974"><ele>11.2</ele></trkpt><trkpt lat="37.900183" lon="-122.540049"><ele>11.3</ele></trkpt><trkpt lat="37.900336" lon="-122.540221"><ele>11.5</ele></trkpt><trkpt lat="37.900600" lon="-122.540516"><ele>11.9</ele></trkpt><trkpt lat="37.900637" lon="-122.540558"><ele>11.9</ele></trkpt><trkpt lat="37.900808" lon="-122.540750"><ele>12.2</ele></trkpt><trkpt lat="37.900916" lon="-122.540874"><ele>12.3</ele></trkpt><trkpt lat="37.901463" lon="-122.541486"><ele>13.1</ele></trkpt><trkpt lat="37.901628" lon="-122.541671"><ele>13.5</ele></trkpt><trkpt lat="37.902058" lon="-122.542150"><ele>14.7</ele></trkpt><trkpt lat="37.902177" lon="-122.542284"><ele>15.1</ele></trkpt><trkpt lat="37.902310" lon="-122.542434"><ele>15.5</ele></trkpt><trkpt lat="37.902446" lon="-122.542553"><ele>15.9</ele></trkpt><trkpt lat="37.902589" lon="-122.542658"><ele>16.0</ele></trkpt><trkpt lat="37.902715" lon="-122.542750"><ele>16.2</ele></trkpt><trkpt lat="37.903025" lon="-122.543028"><ele>16.6</ele></trkpt><trkpt lat="37.903131" lon="-122.543115"><ele>16.8</ele></trkpt><trkpt lat="37.903324" lon="-122.543324"><ele>17.1</ele></trkpt><trkpt lat="37.903362" lon="-122.543298"><ele>17.1</ele></trkpt><trkpt lat="37.903427" lon="-122.543253"><ele>17.2</ele></trkpt><trkpt lat="37.903611" lon="-122.543102"><ele>17.4</ele></trkpt><trkpt lat="37.904374" lon="-122.542555"><ele>17.8</ele></trkpt><trkpt lat="37.904460" lon="-122.542494"><ele>17.9</ele></trkpt><trkpt lat="37.904833" lon="-122.543299"><ele>19.5</ele></trkpt><trkpt lat="37.905085" lon="-122.543748"><ele>20.3</ele></trkpt><trkpt lat="37.905092" lon="-122.543762"><ele>20.4</ele></trkpt><trkpt lat="37.905232" lon="-122.544011"><ele>20.8</ele></trkpt><trkpt lat="37.905265" lon="-122.544063"><ele>20.9</ele></trkpt><trkpt lat="37.905286" lon="-122.544096"><ele>21.0</ele></trkpt><trkpt lat="37.905339" lon="-122.544184"><ele>21.2</ele></trkpt><trkpt lat="37.905731" lon="-122.544839"><ele>22.5</ele></trkpt><trkpt lat="37.905762" lon="-122.544892"><ele>22.6</ele></trkpt><trkpt lat="37.905999" lon="-122.545285"><ele>23.3</ele></trkpt><trkpt lat="37.906027" lon="-122.545203"><ele>23.5</ele></trkpt><trkpt lat="37.906034" lon="-122.545114"><ele>23.6</ele></trkpt><trkpt lat="37.906034" lon="-122.545000"><ele>23.8</ele></trkpt><trkpt lat="37.906034" lon="-122.545114"><ele>24.0</ele></trkpt><trkpt lat="37.906027" lon="-122.545203"><ele>24.2</ele></trkpt><trkpt lat="37.906100" lon="-122.545287"><ele>24.4</ele></trkpt><trkpt lat="37.906103" lon="-122.545117"><ele>24.7</ele></trkpt><trkpt lat="37.906096" lon="-122.544111"><ele>26.5</ele></trkpt><trkpt lat="37.906077" lon="-122.542245"><ele>29.9</ele></trkpt><trkpt lat="37.906058" lon="-122.541605"><ele>30.8</ele></trkpt><trkpt lat="37.906062" lon="-122.541059"><ele>30.9</ele></trkpt><trkpt lat="37.906068" lon="-122.541002"><ele>30.9</ele></trkpt><trkpt lat="37.906111" lon="-122.541013"><ele>30.9</ele></trkpt><trkpt lat="37.906148" lon="-122.541025"><ele>30.9</ele></trkpt><trkpt lat="37.906186" lon="-122.541029"><ele>30.8</ele></trkpt><trkpt lat="37.906253" lon="-122.541023"><ele>30.8</ele></trkpt><trkpt lat="37.906453" lon="-122.540993"><ele>30.5</ele></trkpt><trkpt lat="37.906331" lon="-122.540627"><ele>30.0</ele></trkpt><trkpt lat="37.906301" lon="-122.540278"><ele>29.3</ele></trkpt><trkpt lat="37.906312" lon="-122.540040"><ele>28.7</ele></trkpt><trkpt lat="37.906344" lon="-122.539848"><ele>28.3</ele></trkpt><trkpt lat="37.906389" lon="-122.539690"><ele>28.1</ele></trkpt><trkpt lat="37.906454" lon="-122.539461"><ele>27.8</ele></trkpt><trkpt lat="37.906589" lon="-122.539194"><ele>27.3</ele></trkpt><trkpt lat="37.906799" lon="-122.538970"><ele>26.3</ele></trkpt><trkpt lat="37.906844" lon="-122.538932"><ele>26.2</ele></trkpt><trkpt lat="37.906885" lon="-122.538838"><ele>25.9</ele></trkpt><trkpt lat="37.906992" lon="-122.538747"><ele>25.5</ele></trkpt><trkpt lat="37.907181" lon="-122.538586"><ele>25.1</ele></trkpt><trkpt lat="37.907368" lon="-122.538450"><ele>24.8</ele></trkpt><trkpt lat="37.907508" lon="-122.538342"><ele>24.8</ele></trkpt><trkpt lat="37.907554" lon="-122.538188"><ele>25.0</ele></trkpt><trkpt lat="37.907704" lon="-122.537298"><ele>26.7</ele></trkpt><trkpt lat="37.908867" lon="-122.537006"><ele>30.1</ele></trkpt><trkpt lat="37.909174" lon="-122.536936"><ele>31.7</ele></trkpt><trkpt lat="37.909356" lon="-122.536896"><ele>32.6</ele></trkpt><trkpt lat="37.909597" lon="-122.536754"><ele>34.4</ele></trkpt><trkpt lat="37.909694" lon="-122.536635"><ele>35.4</ele></trkpt><trkpt lat="37.909724" lon="-122.536433"><ele>36.5</ele></trkpt><trkpt lat="37.910085" lon="-122.536172"><ele>40.0</ele></trkpt><trkpt lat="37.910351" lon="-122.536042"><ele>42.2</ele></trkpt><trkpt lat="37.910559" lon="-122.535940"><ele>43.8</ele></trkpt><trkpt lat="37.910778" lon="-122.535802"><ele>45.4</ele></trkpt><trkpt lat="37.910850" lon="-122.535648"><ele>46.5</ele></trkpt><trkpt lat="37.911086" lon="-122.535061"><ele>51.2</ele></trkpt><trkpt lat="37.911671" lon="-122.534375"><ele>62.1</ele></trkpt><trkpt lat="37.911741" lon="-122.534251"><ele>63.7</ele></trkpt><trkpt lat="37.911766" lon="-122.534097"><ele>65.4</ele></trkpt><trkpt lat="37.911752" lon="-122.533924"><ele>67.3</ele></trkpt><trkpt lat="37.911687" lon="-122.533636"><ele>70.5</ele></trkpt><trkpt lat="37.911722" lon="-122.533225"><ele>76.0</ele></trkpt><trkpt lat="37.911761" lon="-122.533080"><ele>78.1</ele></trkpt><trkpt lat="37.911786" lon="-122.532992"><ele>79.3</ele></trkpt><trkpt lat="37.911659" lon="-122.533038"><ele>81.8</ele></trkpt><trkpt lat="37.911558" lon="-122.533057"><ele>83.8</ele></trkpt><trkpt lat="37.911441" lon="-122.533047"><ele>86.1</ele></trkpt><trkpt lat="37.911355" lon="-122.533027"><ele>87.8</ele></trkpt><trkpt lat="37.911356" lon="-122.532989"><ele>88.4</ele></trkpt><trkpt lat="37.911479" lon="-122.532828"><ele>91.6</ele></trkpt><trkpt lat="37.911534" lon="-122.532676"><ele>93.0</ele></trkpt><trkpt lat="37.911531" lon="-122.532506"><ele>94.5</ele></trkpt><trkpt lat="37.911509" lon="-122.532460"><ele>94.9</ele></trkpt><trkpt lat="37.911471" lon="-122.532392"><ele>95.6</ele></trkpt><trkpt lat="37.911389" lon="-122.532215"><ele>97.5</ele></trkpt><trkpt lat="37.911228" lon="-122.532039"><ele>100.4</ele></trkpt><trkpt lat="37.911140" lon="-122.531918"><ele>102.2</ele></trkpt><trkpt lat="37.911132" lon="-122.531846"><ele>103.0</ele></trkpt><trkpt lat="37.911172" lon="-122.531804"><ele>103.7</ele></trkpt><trkpt lat="37.911386" lon="-122.531651"><ele>105.7</ele></trkpt><trkpt lat="37.911476" lon="-122.531521"><ele>106.6</ele></trkpt><trkpt lat="37.911477" lon="-122.531385"><ele>107.2</ele></trkpt><trkpt lat="37.911429" lon="-122.531270"><ele>107.9</ele></trkpt><trkpt lat="37.911337" lon="-122.531182"><ele>108.3</ele></trkpt><trkpt lat="37.911208" lon="-122.531093"><ele>108.8</ele></trkpt><trkpt lat="37.911087" lon="-122.531111"><ele>109.2</ele></trkpt><trkpt lat="37.910949" lon="-122.530955"><ele>109.7</ele></trkpt><trkpt lat="37.911022" lon="-122.530870"><ele>109.5</ele></trkpt><trkpt lat="37.911177" lon="-122.530781"><ele>109.2</ele></trkpt><trkpt lat="37.911256" lon="-122.530672"><ele>109.0</ele></trkpt><trkpt lat="37.911210" lon="-122.530490"><ele>108.8</ele></trkpt><trkpt lat="37.911285" lon="-122.530384"><ele>109.0</ele></trkpt><trkpt lat="37.911402" lon="-122.530129"><ele>109.2</ele></trkpt><trkpt lat="37.911449" lon="-122.529984"><ele>109.4</ele></trkpt><trkpt lat="37.911489" lon="-122.529745"><ele>109.1</ele></trkpt><trkpt lat="37.911447" lon="-122.529642"><ele>108.9</ele></trkpt><trkpt lat="37.911381" lon="-122.529622"><ele>108.7</ele></trkpt><trkpt lat="37.911294" lon="-122.529576"><ele>108.5</ele></trkpt><trkpt lat="37.911279" lon="-122.529527"><ele>108.4</ele></trkpt><trkpt lat="37.911301" lon="-122.529346"><ele>108.4</ele></trkpt><trkpt lat="37.911355" lon="-122.529309"><ele>108.6</ele></trkpt><trkpt lat="37.911452" lon="-122.529274"><ele>108.9</ele></trkpt><trkpt lat="37.911723" lon="-122.529175"><ele>109.9</ele></trkpt><trkpt lat="37.911826" lon="-122.529139"><ele>110.4</ele></trkpt><trkpt lat="37.912183" lon="-122.528984"><ele>112.7</ele></trkpt><trkpt lat="37.912566" lon="-122.528805"><ele>117.1</ele></trkpt><trkpt lat="37.912794" lon="-122.528671"><ele>120.1</ele></trkpt><trkpt lat="37.912873" lon="-122.528635"><ele>121.2</ele></trkpt><trkpt lat="37.912958" lon="-122.528619"><ele>122.3</ele></trkpt><trkpt lat="37.913370" lon="-122.528687"><ele>127.7</ele></trkpt><trkpt lat="37.913549" lon="-122.528721"><ele>130.1</ele></trkpt><trkpt lat="37.913754" lon="-122.528719"><ele>132.8</ele></trkpt><trkpt lat="37.913911" lon="-122.528601"><ele>135.0</ele></trkpt><trkpt lat="37.914071" lon="-122.528445"><ele>137.4</ele></trkpt><trkpt lat="37.914159" lon="-122.528387"><ele>138.5</ele></trkpt><trkpt lat="37.914258" lon="-122.528354"><ele>139.7</ele></trkpt><trkpt lat="37.914379" lon="-122.528320"><ele>141.0</ele></trkpt><trkpt lat="37.914504" lon="-122.528333"><ele>142.0</ele></trkpt><trkpt lat="37.914621" lon="-122.528448"><ele>143.3</ele></trkpt><trkpt lat="37.914712" lon="-122.528556"><ele>144.4</ele></trkpt><trkpt lat="37.914888" lon="-122.528724"><ele>145.8</ele></trkpt><trkpt lat="37.914999" lon="-122.528769"><ele>146.4</ele></trkpt><trkpt lat="37.915027" lon="-122.528780"><ele>146.5</ele></trkpt><trkpt lat="37.915266" lon="-122.528678"><ele>147.8</ele></trkpt><trkpt lat="37.915493" lon="-122.528549"><ele>147.1</ele></trkpt><trkpt lat="37.915712" lon="-122.528446"><ele>146.5</ele></trkpt><trkpt lat="37.915930" lon="-122.528376"><ele>145.0</ele></trkpt><trkpt lat="37.915969" lon="-122.528364"><ele>144.7</ele></trkpt><trkpt lat="37.916119" lon="-122.528244"><ele>143.4</ele></trkpt><trkpt lat="37.916212" lon="-122.527977"><ele>141.2</ele></trkpt><trkpt lat="37.916241" lon="-122.527843"><ele>139.6</ele></trkpt><trkpt lat="37.916310" lon="-122.527641"><ele>137.1</ele></trkpt><trkpt lat="37.916361" lon="-122.527429"><ele>134.7</ele></trkpt><trkpt lat="37.916422" lon="-122.527130"><ele>130.5</ele></trkpt><trkpt lat="37.916444" lon="-122.527007"><ele>128.8</ele></trkpt><trkpt lat="37.916479" lon="-122.526903"><ele>127.3</ele></trkpt><trkpt lat="37.916493" lon="-122.526834"><ele>126.4</ele></trkpt><trkpt lat="37.916495" lon="-122.526764"><ele>125.4</ele></trkpt><trkpt lat="37.916491" lon="-122.526697"><ele>124.5</ele></trkpt><trkpt lat="37.916496" lon="-122.526629"><ele>123.6</ele></trkpt><trkpt lat="37.916531" lon="-122.526514"><ele>121.9</ele></trkpt><trkpt lat="37.916633" lon="-122.526282"><ele>118.3</ele></trkpt><trkpt lat="37.916671" lon="-122.526216"><ele>117.2</ele></trkpt><trkpt lat="37.916701" lon="-122.526153"><ele>116.2</ele></trkpt><trkpt lat="37.916710" lon="-122.526100"><ele>115.6</ele></trkpt><trkpt lat="37.916706" lon="-122.526059"><ele>115.3</ele></trkpt><trkpt lat="37.916692" lon="-122.526025"><ele>115.0</ele></trkpt><trkpt lat="37.916645" lon="-122.525979"><ele>114.4</ele></trkpt><trkpt lat="37.916606" lon="-122.525959"><ele>113.9</ele></trkpt><trkpt lat="37.916543" lon="-122.525926"><ele>113.2</ele></trkpt><trkpt lat="37.916463" lon="-122.525911"><ele>112.4</ele></trkpt><trkpt lat="37.916402" lon="-122.525910"><ele>111.8</ele></trkpt><trkpt lat="37.916370" lon="-122.525923"><ele>111.5</ele></trkpt><trkpt lat="37.916344" lon="-122.525939"><ele>111.2</ele></trkpt><trkpt lat="37.916269" lon="-122.526016"><ele>110.3</ele></trkpt><trkpt lat="37.916227" lon="-122.526074"><ele>110.0</ele></trkpt><trkpt lat="37.916173" lon="-122.526119"><ele>109.8</ele></trkpt><trkpt lat="37.916134" lon="-122.526128"><ele>109.6</ele></trkpt><trkpt lat="37.916116" lon="-122.526125"><ele>109.5</ele></trkpt><trkpt lat="37.916084" lon="-122.526107"><ele>109.4</ele></trkpt><trkpt lat="37.916029" lon="-122.526082"><ele>109.2</ele></trkpt><trkpt lat="37.916228" lon="-122.525862"><ele>108.2</ele></trkpt><trkpt lat="37.916367" lon="-122.525713"><ele>108.1</ele></trkpt><trkpt lat="37.916491" lon="-122.525622"><ele>108.0</ele></trkpt><trkpt lat="37.916661" lon="-122.525566"><ele>107.9</ele></trkpt><trkpt lat="37.916772" lon="-122.525561"><ele>107.6</ele></trkpt><trkpt lat="37.916879" lon="-122.525581"><ele>107.2</ele></trkpt><trkpt lat="37.916950" lon="-122.525616"><ele>107.0</ele></trkpt><trkpt lat="37.917034" lon="-122.525677"><ele>106.7</ele></trkpt><trkpt lat="37.917115" lon="-122.525770"><ele>106.3</ele></trkpt><trkpt lat="37.917282" lon="-122.525696"><ele>106.3</ele></trkpt><trkpt lat="37.917545" lon="-122.525679"><ele>106.9</ele></trkpt><trkpt lat="37.917652" lon="-122.525686"><ele>107.2</ele></trkpt><trkpt lat="37.917836" lon="-122.525761"><ele>106.4</ele></trkpt><trkpt lat="37.917995" lon="-122.525754"><ele>105.3</ele></trkpt><trkpt lat="37.918118" lon="-122.525637"><ele>104.2</ele></trkpt><trkpt lat="37.918233" lon="-122.525502"><ele>102.9</ele></trkpt><trkpt lat="37.918350" lon="-122.525306"><ele>100.9</ele></trkpt><trkpt lat="37.918367" lon="-122.524916"><ele>97.7</ele></trkpt><trkpt lat="37.918427" lon="-122.524861"><ele>97.4</ele></trkpt><trkpt lat="37.918499" lon="-122.524850"><ele>97.0</ele></trkpt><trkpt lat="37.918626" lon="-122.524934"><ele>96.3</ele></trkpt><trkpt lat="37.918687" lon="-122.524984"><ele>95.9</ele></trkpt><trkpt lat="37.918838" lon="-122.525255"><ele>94.9</ele></trkpt><trkpt lat="37.919004" lon="-122.525284"><ele>94.6</ele></trkpt><trkpt lat="37.919109" lon="-122.525248"><ele>94.4</ele></trkpt><trkpt lat="37.919211" lon="-122.525210"><ele>94.3</ele></trkpt><trkpt lat="37.919279" lon="-122.525082"><ele>93.9</ele></trkpt><trkpt lat="37.919340" lon="-122.524875"><ele>93.2</ele></trkpt><trkpt lat="37.919383" lon="-122.524835"><ele>93.0</ele></trkpt><trkpt lat="37.919442" lon="-122.524770"><ele>92.7</ele></trkpt><trkpt lat="37.919543" lon="-122.524724"><ele>92.3</ele></trkpt><trkpt lat="37.919782" lon="-122.524759"><ele>92.3</ele></trkpt><trkpt lat="37.919928" lon="-122.524850"><ele>92.4</ele></trkpt><trkpt lat="37.920040" lon="-122.524810"><ele>92.6</ele></trkpt><trkpt lat="37.920057" lon="-122.524665"><ele>92.8</ele></trkpt><trkpt lat="37.920015" lon="-122.524504"><ele>93.6</ele></trkpt><trkpt lat="37.920021" lon="-122.524340"><ele>94.3</ele></trkpt><trkpt lat="37.920112" lon="-122.524118"><ele>95.5</ele></trkpt><trkpt lat="37.920239" lon="-122.524005"><ele>96.0</ele></trkpt><trkpt lat="37.920326" lon="-122.523989"><ele>96.2</ele></trkpt><trkpt lat="37.920402" lon="-122.523941"><ele>96.4</ele></trkpt><trkpt lat="37.920423" lon="-122.523833"><ele>96.6</ele></trkpt><trkpt lat="37.920372" lon="-122.523726"><ele>96.8</ele></trkpt><trkpt lat="37.920245" lon="-122.523608"><ele>97.1</ele></trkpt><trkpt lat="37.919795" lon="-122.523313"><ele>98.1</ele></trkpt><trkpt lat="37.919553" lon="-122.523257"><ele>97.8</ele></trkpt><trkpt lat="37.919387" lon="-122.523288"><ele>97.6</ele></trkpt><trkpt lat="37.919310" lon="-122.522892"><ele>96.6</ele></trkpt><trkpt lat="37.919532" lon="-122.522769"><ele>95.6</ele></trkpt><trkpt lat="37.919674" lon="-122.522750"><ele>94.4</ele></trkpt><trkpt lat="37.919875" lon="-122.522892"><ele>91.8</ele></trkpt><trkpt lat="37.920313" lon="-122.522935"><ele>85.9</ele></trkpt><trkpt lat="37.920556" lon="-122.522975"><ele>82.1</ele></trkpt><trkpt lat="37.920745" lon="-122.522892"><ele>78.9</ele></trkpt><trkpt lat="37.920882" lon="-122.522710"><ele>75.6</ele></trkpt><trkpt lat="37.921035" lon="-122.522413"><ele>70.9</ele></trkpt><trkpt lat="37.921979" lon="-122.522472"><ele>53.5</ele></trkpt><trkpt lat="37.922111" lon="-122.522612"><ele>50.3</ele></trkpt><trkpt lat="37.923478" lon="-122.522473"><ele>26.8</ele></trkpt><trkpt lat="37.923635" lon="-122.522459"><ele>24.2</ele></trkpt><trkpt lat="37.924038" lon="-122.522423"><ele>18.1</ele></trkpt><trkpt lat="37.924439" lon="-122.522387"><ele>13.2</ele></trkpt><trkpt lat="37.924631" lon="-122.522370"><ele>11.1</ele></trkpt><trkpt lat="37.924859" lon="-122.522350"><ele>9.2</ele></trkpt><trkpt lat="37.925223" lon="-122.522318"><ele>7.0</ele></trkpt><trkpt lat="37.925291" lon="-122.522313"><ele>6.6</ele></trkpt><trkpt lat="37.925288" lon="-122.522244"><ele>6.3</ele></trkpt><trkpt lat="37.925273" lon="-122.521925"><ele>5.0</ele></trkpt><trkpt lat="37.925258" lon="-122.521630"><ele>3.9</ele></trkpt><trkpt lat="37.925248" lon="-122.521452"><ele>3.6</ele></trkpt><trkpt lat="37.925235" lon="-122.521191"><ele>3.1</ele></trkpt><trkpt lat="37.925219" lon="-122.520872"><ele>2.7</ele></trkpt><trkpt lat="37.925210" lon="-122.520713"><ele>2.7</ele></trkpt><trkpt lat="37.925185" lon="-122.520371"><ele>2.7</ele></trkpt><trkpt lat="37.925148" lon="-122.519633"><ele>2.7</ele></trkpt><trkpt lat="37.925142" lon="-122.519514"><ele>2.6</ele></trkpt><trkpt lat="37.925109" lon="-122.518858"><ele>1.8</ele></trkpt><trkpt lat="37.925099" lon="-122.518709"><ele>1.6</ele></trkpt><trkpt lat="37.925200" lon="-122.518655"><ele>1.5</ele></trkpt><trkpt lat="37.925291" lon="-122.518644"><ele>1.4</ele></trkpt><trkpt lat="37.925363" lon="-122.518645"><ele>1.3</ele></trkpt><trkpt lat="37.925548" lon="-122.518655"><ele>1.2</ele></trkpt><trkpt lat="37.925941" lon="-122.518672"><ele>0.9</ele></trkpt><trkpt lat="37.926037" lon="-122.518672"><ele>0.9</ele></trkpt><trkpt lat="37.927230" lon="-122.518709"><ele>0.3</ele></trkpt><trkpt lat="37.927329" lon="-122.518758"><ele>0.3</ele></trkpt><trkpt lat="37.927628" lon="-122.518767"><ele>0.3</ele></trkpt><trkpt lat="37.928031" lon="-122.518778"><ele>0.5</ele></trkpt><trkpt lat="37.928058" lon="-122.518779"><ele>0.6</ele></trkpt><trkpt lat="37.928178" lon="-122.518783"><ele>0.6</ele></trkpt><trkpt lat="37.928238" lon="-122.518784"><ele>0.6</ele></trkpt><trkpt lat="37.928298" lon="-122.518755"><ele>0.6</ele></trkpt><trkpt lat="37.928371" lon="-122.518732"><ele>0.6</ele></trkpt><trkpt lat="37.928517" lon="-122.518734"><ele>0.6</ele></trkpt><trkpt lat="37.928673" lon="-122.518715"><ele>0.6</ele></trkpt><trkpt lat="37.928861" lon="-122.518647"><ele>0.5</ele></trkpt><trkpt lat="37.929086" lon="-122.518516"><ele>0.4</ele></trkpt><trkpt lat="37.929250" lon="-122.518386"><ele>0.3</ele></trkpt><trkpt lat="37.929314" lon="-122.518326"><ele>0.4</ele></trkpt><trkpt lat="37.929347" lon="-122.518296"><ele>0.4</ele></trkpt><trkpt lat="37.929378" lon="-122.518270"><ele>0.4</ele></trkpt><trkpt lat="37.929409" lon="-122.518246"><ele>0.5</ele></trkpt><trkpt lat="37.929450" lon="-122.518214"><ele>0.5</ele></trkpt><trkpt lat="37.929494" lon="-122.518183"><ele>0.5</ele></trkpt><trkpt lat="37.929542" lon="-122.518152"><ele>0.5</ele></trkpt><trkpt lat="37.929583" lon="-122.518134"><ele>0.6</ele></trkpt><trkpt lat="37.929620" lon="-122.518123"><ele>0.6</ele></trkpt><trkpt lat="37.929692" lon="-122.518116"><ele>0.6</ele></trkpt><trkpt lat="37.929746" lon="-122.518090"><ele>0.6</ele></trkpt><trkpt lat="37.929756" lon="-122.518085"><ele>0.6</ele></trkpt><trkpt lat="37.929774" lon="-122.518078"><ele>0.6</ele></trkpt><trkpt lat="37.929812" lon="-122.518067"><ele>0.6</ele></trkpt><trkpt lat="37.929851" lon="-122.518057"><ele>0.6</ele></trkpt><trkpt lat="37.929896" lon="-122.518050"><ele>0.6</ele></trkpt><trkpt lat="37.929928" lon="-122.518044"><ele>0.6</ele></trkpt><trkpt lat="37.929960" lon="-122.518037"><ele>0.6</ele></trkpt><trkpt lat="37.929996" lon="-122.518027"><ele>0.6</ele></trkpt><trkpt lat="37.930020" lon="-122.518018"><ele>0.6</ele></trkpt><trkpt lat="37.930100" lon="-122.517989"><ele>0.6</ele></trkpt><trkpt lat="37.930166" lon="-122.517967"><ele>0.6</ele></trkpt><trkpt lat="37.930230" lon="-122.517947"><ele>0.6</ele></trkpt><trkpt lat="37.930295" lon="-122.517930"><ele>0.6</ele></trkpt><trkpt lat="37.930358" lon="-122.517914"><ele>0.6</ele></trkpt><trkpt lat="37.930430" lon="-122.517897"><ele>0.6</ele></trkpt><trkpt lat="37.930492" lon="-122.517884"><ele>0.6</ele></trkpt><trkpt lat="37.930560" lon="-122.517872"><ele>0.6</ele></trkpt><trkpt lat="37.930627" lon="-122.517864"><ele>0.6</ele></trkpt><trkpt lat="37.930689" lon="-122.517859"><ele>0.6</ele></trkpt><trkpt lat="37.930759" lon="-122.517854"><ele>0.6</ele></trkpt><trkpt lat="37.930826" lon="-122.517851"><ele>0.6</ele></trkpt><trkpt lat="37.930894" lon="-122.517853"><ele>0.6</ele></trkpt><trkpt lat="37.930969" lon="-122.517857"><ele>0.6</ele></trkpt><trkpt lat="37.931037" lon="-122.517862"><ele>0.6</ele></trkpt><trkpt lat="37.931101" lon="-122.517869"><ele>0.6</ele></trkpt><trkpt lat="37.931167" lon="-122.517878"><ele>0.6</ele></trkpt><trkpt lat="37.931508" lon="-122.517926"><ele>0.7</ele></trkpt><trkpt lat="37.931722" lon="-122.517954"><ele>0.9</ele></trkpt><trkpt lat="37.931802" lon="-122.517965"><ele>0.9</ele></trkpt><trkpt lat="37.931971" lon="-122.517990"><ele>1.0</ele></trkpt><trkpt lat="37.932078" lon="-122.518006"><ele>1.1</ele></trkpt><trkpt lat="37.932390" lon="-122.518051"><ele>1.2</ele></trkpt><trkpt lat="37.932561" lon="-122.518075"><ele>1.3</ele></trkpt><trkpt lat="37.932689" lon="-122.518094"><ele>1.4</ele></trkpt><trkpt lat="37.932827" lon="-122.518115"><ele>1.5</ele></trkpt><trkpt lat="37.932901" lon="-122.518127"><ele>1.5</ele></trkpt><trkpt lat="37.932998" lon="-122.518144"><ele>1.5</ele></trkpt><trkpt lat="37.933183" lon="-122.518175"><ele>1.5</ele></trkpt><trkpt lat="37.933345" lon="-122.518204"><ele>1.5</ele></trkpt><trkpt lat="37.933446" lon="-122.518224"><ele>1.6</ele></trkpt><trkpt lat="37.933492" lon="-122.518233"><ele>1.6</ele></trkpt><trkpt lat="37.933612" lon="-122.518259"><ele>1.7</ele></trkpt><trkpt lat="37.933715" lon="-122.518283"><ele>1.9</ele></trkpt><trkpt lat="37.933759" lon="-122.518294"><ele>1.9</ele></trkpt><trkpt lat="37.933861" lon="-122.518321"><ele>2.0</ele></trkpt><trkpt lat="37.933987" lon="-122.518354"><ele>2.1</ele></trkpt><trkpt lat="37.934060" lon="-122.518375"><ele>2.1</ele></trkpt><trkpt lat="37.934197" lon="-122.518414"><ele>2.1</ele></trkpt><trkpt lat="37.934404" lon="-122.518474"><ele>2.1</ele></trkpt><trkpt lat="37.934745" lon="-122.518560"><ele>2.4</ele></trkpt><trkpt lat="37.934874" lon="-122.518589"><ele>2.6</ele></trkpt><trkpt lat="37.934881" lon="-122.518475"><ele>2.7</ele></trkpt><trkpt lat="37.934893" lon="-122.518372"><ele>2.8</ele></trkpt><trkpt lat="37.935024" lon="-122.517650"><ele>3.4</ele></trkpt><trkpt lat="37.935092" lon="-122.517441"><ele>3.5</ele></trkpt><trkpt lat="37.935173" lon="-122.517241"><ele>3.6</ele></trkpt><trkpt lat="37.935232" lon="-122.517108"><ele>3.7</ele></trkpt><trkpt lat="37.935317" lon="-122.516948"><ele>3.7</ele></trkpt><trkpt lat="37.935325" lon="-122.516920"><ele>3.7</ele></trkpt><trkpt lat="37.935524" lon="-122.516415"><ele>3.7</ele></trkpt><trkpt lat="37.935588" lon="-122.516244"><ele>3.7</ele></trkpt><trkpt lat="37.935651" lon="-122.516009"><ele>3.7</ele></trkpt><trkpt lat="37.935670" lon="-122.515891"><ele>3.7</ele></trkpt><trkpt lat="37.935685" lon="-122.515820"><ele>3.6</ele></trkpt><trkpt lat="37.935715" lon="-122.515788"><ele>3.6</ele></trkpt><trkpt lat="37.935727" lon="-122.515664"><ele>3.4</ele></trkpt><trkpt lat="37.935767" lon="-122.515674"><ele>3.4</ele></trkpt><trkpt lat="37.935807" lon="-122.515686"><ele>3.4</ele></trkpt><trkpt lat="37.935847" lon="-122.515700"><ele>3.3</ele></trkpt><trkpt lat="37.935898" lon="-122.515720"><ele>3.2</ele></trkpt><trkpt lat="37.935949" lon="-122.515742"><ele>3.2</ele></trkpt><trkpt lat="37.935969" lon="-122.515752"><ele>3.2</ele></trkpt><trkpt lat="37.935997" lon="-122.515767"><ele>3.1</ele></trkpt><trkpt lat="37.936054" lon="-122.515797"><ele>3.1</ele></trkpt><trkpt lat="37.936117" lon="-122.515831"><ele>2.9</ele></trkpt><trkpt lat="37.936189" lon="-122.515873"><ele>2.7</ele></trkpt><trkpt lat="37.936461" lon="-122.516053"><ele>2.1</ele></trkpt><trkpt lat="37.936505" lon="-122.516080"><ele>1.9</ele></trkpt><trkpt lat="37.936548" lon="-122.516104"><ele>1.8</ele></trkpt><trkpt lat="37.936598" lon="-122.516129"><ele>1.8</ele></trkpt><trkpt lat="37.936649" lon="-122.516153"><ele>1.8</ele></trkpt><trkpt lat="37.936693" lon="-122.516173"><ele>1.7</ele></trkpt><trkpt lat="37.936749" lon="-122.516194"><ele>1.7</ele></trkpt><trkpt lat="37.936801" lon="-122.516213"><ele>1.7</ele></trkpt><trkpt lat="37.936846" lon="-122.516227"><ele>1.7</ele></trkpt><trkpt lat="37.936886" lon="-122.516238"><ele>1.6</ele></trkpt><trkpt lat="37.936932" lon="-122.516247"><ele>1.6</ele></trkpt><trkpt lat="37.936970" lon="-122.516253"><ele>1.6</ele></trkpt><trkpt lat="37.937012" lon="-122.516254"><ele>1.6</ele></trkpt><trkpt lat="37.937056" lon="-122.516252"><ele>1.5</ele></trkpt><trkpt lat="37.937109" lon="-122.516247"><ele>1.5</ele></trkpt><trkpt lat="37.937161" lon="-122.516240"><ele>1.4</ele></trkpt><trkpt lat="37.937226" lon="-122.516228"><ele>1.4</ele></trkpt><trkpt lat="37.937287" lon="-122.516214"><ele>1.3</ele></trkpt><trkpt lat="37.937345" lon="-122.516198"><ele>1.2</ele></trkpt><trkpt lat="37.937416" lon="-122.516177"><ele>1.1</ele></trkpt><trkpt lat="37.937540" lon="-122.516139"><ele>1.0</ele></trkpt><trkpt lat="37.937747" lon="-122.516079"><ele>0.9</ele></trkpt><trkpt lat="37.938250" lon="-122.515935"><ele>0.9</ele></trkpt><trkpt lat="37.938300" lon="-122.515920"><ele>0.8</ele></trkpt><trkpt lat="37.938450" lon="-122.515874"><ele>0.7</ele></trkpt><trkpt lat="37.938640" lon="-122.515816"><ele>0.6</ele></trkpt><trkpt lat="37.938682" lon="-122.515807"><ele>0.6</ele></trkpt><trkpt lat="37.938723" lon="-122.515800"><ele>0.6</ele></trkpt><trkpt lat="37.938762" lon="-122.515795"><ele>0.6</ele></trkpt><trkpt lat="37.938812" lon="-122.515792"><ele>0.5</ele></trkpt><trkpt lat="37.938861" lon="-122.515791"><ele>0.5</ele></trkpt><trkpt lat="37.938911" lon="-122.515792"><ele>0.5</ele></trkpt><trkpt lat="37.938959" lon="-122.515794"><ele>0.4</ele></trkpt><trkpt lat="37.939014" lon="-122.515799"><ele>0.4</ele></trkpt><trkpt lat="37.939067" lon="-122.515805"><ele>0.4</ele></trkpt><trkpt lat="37.939120" lon="-122.515813"><ele>0.4</ele></trkpt><trkpt lat="37.939176" lon="-122.515820"><ele>0.3</ele></trkpt><trkpt lat="37.939247" lon="-122.515826"><ele>0.3</ele></trkpt><trkpt lat="37.939285" lon="-122.515829"><ele>0.3</ele></trkpt><trkpt lat="37.939322" lon="-122.515830"><ele>0.3</ele></trkpt><trkpt lat="37.939377" lon="-122.515829"><ele>0.3</ele></trkpt><trkpt lat="37.939421" lon="-122.515824"><ele>0.3</ele></trkpt><trkpt lat="37.939463" lon="-122.515816"><ele>0.3</ele></trkpt><trkpt lat="37.939508" lon="-122.515806"><ele>0.3</ele></trkpt><trkpt lat="37.939549" lon="-122.515796"><ele>0.3</ele></trkpt><trkpt lat="37.939580" lon="-122.515786"><ele>0.3</ele></trkpt><trkpt lat="37.939634" lon="-122.515772"><ele>0.3</ele></trkpt><trkpt lat="37.939772" lon="-122.515731"><ele>0.3</ele></trkpt><trkpt lat="37.940424" lon="-122.515537"><ele>0.0</ele></trkpt><trkpt lat="37.940689" lon="-122.515457"><ele>0.0</ele></trkpt><trkpt lat="37.940856" lon="-122.515409"><ele>-0.0</ele></trkpt><trkpt lat="37.941033" lon="-122.515356"><ele>-0.1</ele></trkpt><trkpt lat="37.941122" lon="-122.515331"><ele>-0.2</ele></trkpt><trkpt lat="37.941256" lon="-122.515289"><ele>-0.3</ele></trkpt><trkpt lat="37.941280" lon="-122.515280"><ele>-0.3</ele></trkpt><trkpt lat="37.941307" lon="-122.515265"><ele>-0.3</ele></trkpt><trkpt lat="37.941348" lon="-122.515296"><ele>-0.3</ele></trkpt><trkpt lat="37.941431" lon="-122.515315"><ele>-0.3</ele></trkpt><trkpt lat="37.941782" lon="-122.515205"><ele>-0.3</ele></trkpt><trkpt lat="37.941955" lon="-122.515154"><ele>-0.3</ele></trkpt><trkpt lat="37.942194" lon="-122.515063"><ele>-0.3</ele></trkpt><trkpt lat="37.942636" lon="-122.514858"><ele>0.0</ele></trkpt><trkpt lat="37.943026" lon="-122.514677"><ele>0.7</ele></trkpt><trkpt lat="37.943207" lon="-122.514615"><ele>1.1</ele></trkpt><trkpt lat="37.943425" lon="-122.514560"><ele>1.6</ele></trkpt><trkpt lat="37.943638" lon="-122.514502"><ele>2.1</ele></trkpt><trkpt lat="37.944153" lon="-122.514383"><ele>3.4</ele></trkpt><trkpt lat="37.944262" lon="-122.514353"><ele>3.7</ele></trkpt><trkpt lat="37.944320" lon="-122.514331"><ele>3.9</ele></trkpt><trkpt lat="37.944373" lon="-122.514300"><ele>4.0</ele></trkpt><trkpt lat="37.944415" lon="-122.514267"><ele>4.2</ele></trkpt><trkpt lat="37.944444" lon="-122.514233"><ele>4.3</ele></trkpt><trkpt lat="37.944498" lon="-122.514145"><ele>4.5</ele></trkpt><trkpt lat="37.944550" lon="-122.514051"><ele>4.8</ele></trkpt><trkpt lat="37.944597" lon="-122.513955"><ele>5.0</ele></trkpt><trkpt lat="37.944618" lon="-122.513910"><ele>5.2</ele></trkpt><trkpt lat="37.944611" lon="-122.513903"><ele>5.2</ele></trkpt><trkpt lat="37.944606" lon="-122.513894"><ele>5.2</ele></trkpt><trkpt lat="37.944603" lon="-122.513882"><ele>5.2</ele></trkpt><trkpt lat="37.944605" lon="-122.513868"><ele>5.3</ele></trkpt><trkpt lat="37.944609" lon="-122.513855"><ele>5.3</ele></trkpt><trkpt lat="37.944614" lon="-122.513843"><ele>5.3</ele></trkpt><trkpt lat="37.944622" lon="-122.513831"><ele>5.4</ele></trkpt><trkpt lat="37.944633" lon="-122.513826"><ele>5.4</ele></trkpt><trkpt lat="37.944644" lon="-122.513827"><ele>5.4</ele></trkpt><trkpt lat="37.944702" lon="-122.513625"><ele>5.9</ele></trkpt><trkpt lat="37.944745" lon="-122.513356"><ele>6.2</ele></trkpt><trkpt lat="37.944768" lon="-122.513240"><ele>6.4</ele></trkpt><trkpt lat="37.944802" lon="-122.513124"><ele>6.6</ele></trkpt><trkpt lat="37.944847" lon="-122.512998"><ele>6.7</ele></trkpt><trkpt lat="37.944932" lon="-122.512846"><ele>6.8</ele></trkpt><trkpt lat="37.944979" lon="-122.512740"><ele>6.9</ele></trkpt><trkpt lat="37.945020" lon="-122.512640"><ele>6.9</ele></trkpt><trkpt lat="37.945119" lon="-122.512419"><ele>7.0</ele></trkpt><trkpt lat="37.945239" lon="-122.512198"><ele>6.9</ele></trkpt><trkpt lat="37.945502" lon="-122.511703"><ele>6.6</ele></trkpt><trkpt lat="37.945530" lon="-122.511668"><ele>6.6</ele></trkpt><trkpt lat="37.945567" lon="-122.511622"><ele>6.6</ele></trkpt><trkpt lat="37.945595" lon="-122.511581"><ele>6.5</ele></trkpt><trkpt lat="37.945634" lon="-122.511520"><ele>6.5</ele></trkpt><trkpt lat="37.945651" lon="-122.511493"><ele>6.5</ele></trkpt><trkpt lat="37.945681" lon="-122.511444"><ele>6.5</ele></trkpt><trkpt lat="37.945702" lon="-122.511409"><ele>6.4</ele></trkpt><trkpt lat="37.945738" lon="-122.511338"><ele>6.4</ele></trkpt><trkpt lat="37.945779" lon="-122.511265"><ele>6.3</ele></trkpt><trkpt lat="37.945792" lon="-122.511240"><ele>6.2</ele></trkpt><trkpt lat="37.945821" lon="-122.511176"><ele>6.1</ele></trkpt><trkpt lat="37.945860" lon="-122.511090"><ele>5.9</ele></trkpt><trkpt lat="37.945888" lon="-122.511031"><ele>5.8</ele></trkpt><trkpt lat="37.945918" lon="-122.510975"><ele>5.7</ele></trkpt><trkpt lat="37.946028" lon="-122.510788"><ele>5.3</ele></trkpt><trkpt lat="37.946095" lon="-122.510674"><ele>5.0</ele></trkpt><trkpt lat="37.946114" lon="-122.510644"><ele>4.9</ele></trkpt><trkpt lat="37.946140" lon="-122.510602"><ele>4.9</ele></trkpt><trkpt lat="37.946163" lon="-122.510576"><ele>4.8</ele></trkpt><trkpt lat="37.946186" lon="-122.510536"><ele>4.7</ele></trkpt><trkpt lat="37.946139" lon="-122.510504"><ele>4.6</ele></trkpt><trkpt lat="37.945978" lon="-122.510401"><ele>4.2</ele></trkpt><trkpt lat="37.945964" lon="-122.510391"><ele>4.1</ele></trkpt><trkpt lat="37.945952" lon="-122.510381"><ele>4.1</ele></trkpt><trkpt lat="37.945936" lon="-122.510364"><ele>4.0</ele></trkpt><trkpt lat="37.945916" lon="-122.510341"><ele>4.0</ele></trkpt><trkpt lat="37.945851" lon="-122.510261"><ele>3.8</ele></trkpt><trkpt lat="37.945830" lon="-122.510231"><ele>3.8</ele></trkpt><trkpt lat="37.945811" lon="-122.510202"><ele>3.7</ele></trkpt><trkpt lat="37.945789" lon="-122.510167"><ele>3.7</ele></trkpt><trkpt lat="37.945767" lon="-122.510138"><ele>3.6</ele></trkpt><trkpt lat="37.945742" lon="-122.510109"><ele>3.5</ele></trkpt><trkpt lat="37.945721" lon="-122.510086"><ele>3.5</ele></trkpt><trkpt lat="37.945696" lon="-122.510064"><ele>3.5</ele></trkpt><trkpt lat="37.945669" lon="-122.510043"><ele>3.4</ele></trkpt><trkpt lat="37.945646" lon="-122.510024"><ele>3.3</ele></trkpt><trkpt lat="37.945623" lon="-122.510003"><ele>3.3</ele></trkpt><trkpt lat="37.945598" lon="-122.509977"><ele>3.2</ele></trkpt><trkpt lat="37.945574" lon="-122.509951"><ele>3.2</ele></trkpt><trkpt lat="37.945514" lon="-122.509833"><ele>3.0</ele></trkpt><trkpt lat="37.945408" lon="-122.509673"><ele>2.9</ele></trkpt><trkpt lat="37.945316" lon="-122.509559"><ele>2.9</ele></trkpt><trkpt lat="37.945284" lon="-122.509536"><ele>2.8</ele></trkpt><trkpt lat="37.945316" lon="-122.509559"><ele>2.8</ele></trkpt><trkpt lat="37.945408" lon="-122.509673"><ele>2.8</ele></trkpt><trkpt lat="37.945514" lon="-122.509833"><ele>2.7</ele></trkpt><trkpt lat="37.945574" lon="-122.509951"><ele>2.7</ele></trkpt><trkpt lat="37.945598" lon="-122.509977"><ele>2.7</ele></trkpt><trkpt lat="37.945623" lon="-122.510003"><ele>2.7</ele></trkpt><trkpt lat="37.945646" lon="-122.510024"><ele>2.7</ele></trkpt><trkpt lat="37.945669" lon="-122.510043"><ele>2.7</ele></trkpt><trkpt lat="37.945696" lon="-122.510064"><ele>2.7</ele></trkpt><trkpt lat="37.945721" lon="-122.510086"><ele>2.7</ele></trkpt><trkpt lat="37.945742" lon="-122.510109"><ele>2.7</ele></trkpt><trkpt lat="37.945767" lon="-122.510138"><ele>2.7</ele></trkpt><trkpt lat="37.945789" lon="-122.510167"><ele>2.7</ele></trkpt><trkpt lat="37.945811" lon="-122.510202"><ele>2.8</ele></trkpt><trkpt lat="37.945830" lon="-122.510231"><ele>2.8</ele></trkpt><trkpt lat="37.945851" lon="-122.510261"><ele>2.8</ele></trkpt><trkpt lat="37.945916" lon="-122.510341"><ele>2.8</ele></trkpt><trkpt lat="37.945936" lon="-122.510364"><ele>2.9</ele></trkpt><trkpt lat="37.945952" lon="-122.510381"><ele>2.9</ele></trkpt><trkpt lat="37.945964" lon="-122.510391"><ele>2.9</ele></trkpt><trkpt lat="37.945978" lon="-122.510401"><ele>2.9</ele></trkpt><trkpt lat="37.946139" lon="-122.510504"><ele>3.0</ele></trkpt><trkpt lat="37.946186" lon="-122.510536"><ele>3.0</ele></trkpt><trkpt lat="37.946215" lon="-122.510465"><ele>3.1</ele></trkpt><trkpt lat="37.946241" lon="-122.510395"><ele>3.2</ele></trkpt><trkpt lat="37.946325" lon="-122.510112"><ele>3.6</ele></trkpt><trkpt lat="37.946375" lon="-122.509897"><ele>3.9</ele></trkpt><trkpt lat="37.946389" lon="-122.509575"><ele>4.1</ele></trkpt><trkpt lat="37.946357" lon="-122.509326"><ele>4.2</ele></trkpt><trkpt lat="37.946238" lon="-122.508990"><ele>4.3</ele></trkpt><trkpt lat="37.946216" lon="-122.508928"><ele>4.3</ele></trkpt><trkpt lat="37.946135" lon="-122.508783"><ele>4.3</ele></trkpt><trkpt lat="37.945999" lon="-122.508542"><ele>4.3</ele></trkpt><trkpt lat="37.945846" lon="-122.508337"><ele>4.3</ele></trkpt><trkpt lat="37.945686" lon="-122.508169"><ele>4.3</ele></trkpt><trkpt lat="37.945397" lon="-122.507904"><ele>4.3</ele></trkpt><trkpt lat="37.945199" lon="-122.507705"><ele>4.3</ele></trkpt><trkpt lat="37.944804" lon="-122.507275"><ele>4.0</ele></trkpt><trkpt lat="37.944510" lon="-122.506814"><ele>3.7</ele></trkpt><trkpt lat="37.944478" lon="-122.506811"><ele>3.7</ele></trkpt><trkpt lat="37.944379" lon="-122.506780"><ele>3.7</ele></trkpt><trkpt lat="37.944302" lon="-122.506627"><ele>4.1</ele></trkpt><trkpt lat="37.944357" lon="-122.506478"><ele>4.4</ele></trkpt><trkpt lat="37.944252" lon="-122.506149"><ele>5.0</ele></trkpt><trkpt lat="37.944200" lon="-122.505730"><ele>5.7</ele></trkpt><trkpt lat="37.944183" lon="-122.505219"><ele>6.5</ele></trkpt><trkpt lat="37.944163" lon="-122.504698"><ele>7.3</ele></trkpt><trkpt lat="37.944149" lon="-122.504461"><ele>7.9</ele></trkpt><trkpt lat="37.944131" lon="-122.504197"><ele>8.5</ele></trkpt><trkpt lat="37.944099" lon="-122.503723"><ele>9.3</ele></trkpt><trkpt lat="37.944051" lon="-122.502907"><ele>9.8</ele></trkpt><trkpt lat="37.944031" lon="-122.502752"><ele>9.8</ele></trkpt><trkpt lat="37.943991" lon="-122.502600"><ele>9.8</ele></trkpt><trkpt lat="37.943935" lon="-122.502481"><ele>9.8</ele></trkpt><trkpt lat="37.943833" lon="-122.502267"><ele>9.8</ele></trkpt><trkpt lat="37.943776" lon="-122.502152"><ele>9.7</ele></trkpt><trkpt lat="37.943711" lon="-122.501996"><ele>9.4</ele></trkpt><trkpt lat="37.943675" lon="-122.501972"><ele>9.4</ele></trkpt><trkpt lat="37.943638" lon="-122.501947"><ele>9.3</ele></trkpt><trkpt lat="37.943604" lon="-122.501926"><ele>9.2</ele></trkpt><trkpt lat="37.943571" lon="-122.501907"><ele>9.2</ele></trkpt><trkpt lat="37.943500" lon="-122.501868"><ele>9.0</ele></trkpt><trkpt lat="37.943467" lon="-122.501852"><ele>9.0</ele></trkpt><trkpt lat="37.943434" lon="-122.501836"><ele>8.9</ele></trkpt><trkpt lat="37.943360" lon="-122.501801"><ele>8.8</ele></trkpt><trkpt lat="37.943228" lon="-122.501741"><ele>8.5</ele></trkpt><trkpt lat="37.943162" lon="-122.501708"><ele>8.3</ele></trkpt><trkpt lat="37.943100" lon="-122.501675"><ele>8.2</ele></trkpt><trkpt lat="37.943050" lon="-122.501645"><ele>8.0</ele></trkpt><trkpt lat="37.942992" lon="-122.501607"><ele>7.9</ele></trkpt><trkpt lat="37.942930" lon="-122.501559"><ele>7.7</ele></trkpt><trkpt lat="37.942876" lon="-122.501510"><ele>7.6</ele></trkpt><trkpt lat="37.942826" lon="-122.501456"><ele>7.6</ele></trkpt><trkpt lat="37.942776" lon="-122.501396"><ele>7.6</ele></trkpt><trkpt lat="37.942730" lon="-122.501335"><ele>7.6</ele></trkpt><trkpt lat="37.942686" lon="-122.501269"><ele>7.6</ele></trkpt><trkpt lat="37.942644" lon="-122.501199"><ele>7.6</ele></trkpt><trkpt lat="37.942607" lon="-122.501128"><ele>7.6</ele></trkpt><trkpt lat="37.942573" lon="-122.501050"><ele>7.6</ele></trkpt><trkpt lat="37.942545" lon="-122.500976"><ele>7.6</ele></trkpt><trkpt lat="37.942517" lon="-122.500896"><ele>7.7</ele></trkpt><trkpt lat="37.942491" lon="-122.500816"><ele>7.8</ele></trkpt><trkpt lat="37.942466" lon="-122.500731"><ele>7.9</ele></trkpt><trkpt lat="37.942444" lon="-122.500652"><ele>8.0</ele></trkpt><trkpt lat="37.942422" lon="-122.500573"><ele>8.0</ele></trkpt><trkpt lat="37.942324" lon="-122.500181"><ele>8.3</ele></trkpt><trkpt lat="37.942300" lon="-122.500070"><ele>8.4</ele></trkpt><trkpt lat="37.942290" lon="-122.500021"><ele>8.4</ele></trkpt><trkpt lat="37.942281" lon="-122.499977"><ele>8.4</ele></trkpt><trkpt lat="37.942275" lon="-122.499936"><ele>8.4</ele></trkpt><trkpt lat="37.942269" lon="-122.499894"><ele>8.4</ele></trkpt><trkpt lat="37.942263" lon="-122.499849"><ele>8.5</ele></trkpt><trkpt lat="37.942259" lon="-122.499803"><ele>8.5</ele></trkpt><trkpt lat="37.942255" lon="-122.499758"><ele>8.5</ele></trkpt><trkpt lat="37.942252" lon="-122.499709"><ele>8.5</ele></trkpt><trkpt lat="37.942251" lon="-122.499661"><ele>8.7</ele></trkpt><trkpt lat="37.942250" lon="-122.499610"><ele>8.9</ele></trkpt><trkpt lat="37.942252" lon="-122.499565"><ele>9.1</ele></trkpt><trkpt lat="37.942254" lon="-122.499516"><ele>9.3</ele></trkpt><trkpt lat="37.942259" lon="-122.499464"><ele>9.5</ele></trkpt><trkpt lat="37.942264" lon="-122.499413"><ele>9.7</ele></trkpt><trkpt lat="37.942272" lon="-122.499355"><ele>9.9</ele></trkpt><trkpt lat="37.942280" lon="-122.499300"><ele>10.1</ele></trkpt><trkpt lat="37.942290" lon="-122.499239"><ele>10.4</ele></trkpt><trkpt lat="37.942300" lon="-122.499183"><ele>10.6</ele></trkpt><trkpt lat="37.942312" lon="-122.499126"><ele>10.8</ele></trkpt><trkpt lat="37.942326" lon="-122.499071"><ele>11.0</ele></trkpt><trkpt lat="37.942339" lon="-122.499023"><ele>11.2</ele></trkpt><trkpt lat="37.942355" lon="-122.498971"><ele>11.4</ele></trkpt><trkpt lat="37.942383" lon="-122.498887"><ele>11.7</ele></trkpt><trkpt lat="37.942412" lon="-122.498811"><ele>12.0</ele></trkpt><trkpt lat="37.942446" lon="-122.498732"><ele>12.3</ele></trkpt><trkpt lat="37.942480" lon="-122.498657"><ele>12.5</ele></trkpt><trkpt lat="37.942499" lon="-122.498622"><ele>12.7</ele></trkpt><trkpt lat="37.942517" lon="-122.498587"><ele>12.8</ele></trkpt><trkpt lat="37.942558" lon="-122.498514"><ele>13.1</ele></trkpt><trkpt lat="37.942600" lon="-122.498449"><ele>13.3</ele></trkpt><trkpt lat="37.942644" lon="-122.498384"><ele>13.5</ele></trkpt><trkpt lat="37.942696" lon="-122.498316"><ele>13.6</ele></trkpt><trkpt lat="37.942740" lon="-122.498264"><ele>13.6</ele></trkpt><trkpt lat="37.942791" lon="-122.498208"><ele>13.7</ele></trkpt><trkpt lat="37.942845" lon="-122.498157"><ele>13.8</ele></trkpt><trkpt lat="37.942907" lon="-122.498103"><ele>13.9</ele></trkpt><trkpt lat="37.942959" lon="-122.498062"><ele>13.9</ele></trkpt><trkpt lat="37.943005" lon="-122.498027"><ele>14.0</ele></trkpt><trkpt lat="37.943047" lon="-122.497998"><ele>14.0</ele></trkpt><trkpt lat="37.943086" lon="-122.497973"><ele>14.0</ele></trkpt><trkpt lat="37.943124" lon="-122.497950"><ele>14.0</ele></trkpt><trkpt lat="37.943164" lon="-122.497928"><ele>14.0</ele></trkpt><trkpt lat="37.943200" lon="-122.497909"><ele>14.0</ele></trkpt><trkpt lat="37.943243" lon="-122.497888"><ele>14.0</ele></trkpt><trkpt lat="37.943287" lon="-122.497867"><ele>14.0</ele></trkpt><trkpt lat="37.943331" lon="-122.497847"><ele>14.0</ele></trkpt><trkpt lat="37.943389" lon="-122.497824"><ele>14.0</ele></trkpt><trkpt lat="37.943537" lon="-122.497765"><ele>14.0</ele></trkpt><trkpt lat="37.943597" lon="-122.497741"><ele>14.1</ele></trkpt><trkpt lat="37.943666" lon="-122.497711"><ele>14.2</ele></trkpt><trkpt lat="37.943738" lon="-122.497677"><ele>14.4</ele></trkpt><trkpt lat="37.943806" lon="-122.497642"><ele>14.5</ele></trkpt><trkpt lat="37.943884" lon="-122.497599"><ele>14.6</ele></trkpt><trkpt lat="37.943955" lon="-122.497552"><ele>14.8</ele></trkpt><trkpt lat="37.944031" lon="-122.497499"><ele>14.9</ele></trkpt><trkpt lat="37.944105" lon="-122.497441"><ele>15.1</ele></trkpt><trkpt lat="37.944175" lon="-122.497379"><ele>15.2</ele></trkpt><trkpt lat="37.944235" lon="-122.497319"><ele>15.3</ele></trkpt><trkpt lat="37.944298" lon="-122.497247"><ele>15.5</ele></trkpt><trkpt lat="37.944351" lon="-122.497183"><ele>15.6</ele></trkpt><trkpt lat="37.944401" lon="-122.497117"><ele>15.7</ele></trkpt><trkpt lat="37.944449" lon="-122.497049"><ele>15.9</ele></trkpt><trkpt lat="37.944488" lon="-122.496991"><ele>15.9</ele></trkpt><trkpt lat="37.944526" lon="-122.496928"><ele>16.0</ele></trkpt><trkpt lat="37.944559" lon="-122.496869"><ele>16.1</ele></trkpt><trkpt lat="37.944590" lon="-122.496809"><ele>16.1</ele></trkpt><trkpt lat="37.944616" lon="-122.496757"><ele>16.2</ele></trkpt><trkpt lat="37.944640" lon="-122.496704"><ele>16.2</ele></trkpt><trkpt lat="37.944663" lon="-122.496648"><ele>16.3</ele></trkpt><trkpt lat="37.944687" lon="-122.496585"><ele>16.4</ele></trkpt><trkpt lat="37.944710" lon="-122.496520"><ele>16.4</ele></trkpt><trkpt lat="37.944734" lon="-122.496444"><ele>16.6</ele></trkpt><trkpt lat="37.944990" lon="-122.495610"><ele>20.1</ele></trkpt><trkpt lat="37.945019" lon="-122.495520"><ele>20.5</ele></trkpt><trkpt lat="37.945045" lon="-122.495442"><ele>21.0</ele></trkpt><trkpt lat="37.945072" lon="-122.495366"><ele>21.4</ele></trkpt><trkpt lat="37.945102" lon="-122.495287"><ele>21.8</ele></trkpt><trkpt lat="37.945110" lon="-122.495215"><ele>22.2</ele></trkpt><trkpt lat="37.945120" lon="-122.495180"><ele>22.3</ele></trkpt><trkpt lat="37.945152" lon="-122.495097"><ele>22.6</ele></trkpt><trkpt lat="37.945189" lon="-122.495007"><ele>22.9</ele></trkpt><trkpt lat="37.945225" lon="-122.494926"><ele>23.2</ele></trkpt><trkpt lat="37.945262" lon="-122.494849"><ele>23.5</ele></trkpt><trkpt lat="37.945299" lon="-122.494779"><ele>23.8</ele></trkpt><trkpt lat="37.945340" lon="-122.494707"><ele>24.0</ele></trkpt><trkpt lat="37.945384" lon="-122.494635"><ele>24.3</ele></trkpt><trkpt lat="37.945428" lon="-122.494570"><ele>24.4</ele></trkpt><trkpt lat="37.945472" lon="-122.494508"><ele>24.5</ele></trkpt><trkpt lat="37.945690" lon="-122.494222"><ele>24.6</ele></trkpt><trkpt lat="37.945700" lon="-122.494209"><ele>24.6</ele></trkpt><trkpt lat="37.945766" lon="-122.494121"><ele>24.7</ele></trkpt><trkpt lat="37.945833" lon="-122.494028"><ele>24.6</ele></trkpt><trkpt lat="37.945899" lon="-122.493932"><ele>24.5</ele></trkpt><trkpt lat="37.945964" lon="-122.493832"><ele>24.3</ele></trkpt><trkpt lat="37.946032" lon="-122.493719"><ele>24.2</ele></trkpt><trkpt lat="37.946061" lon="-122.493668"><ele>24.2</ele></trkpt><trkpt lat="37.946086" lon="-122.493620"><ele>24.1</ele></trkpt><trkpt lat="37.946121" lon="-122.493550"><ele>23.9</ele></trkpt><trkpt lat="37.946156" lon="-122.493478"><ele>23.4</ele></trkpt><trkpt lat="37.946188" lon="-122.493405"><ele>22.9</ele></trkpt><trkpt lat="37.946219" lon="-122.493332"><ele>22.4</ele></trkpt><trkpt lat="37.946247" lon="-122.493259"><ele>21.9</ele></trkpt><trkpt lat="37.946275" lon="-122.493183"><ele>21.4</ele></trkpt><trkpt lat="37.946298" lon="-122.493107"><ele>21.0</ele></trkpt><trkpt lat="37.946317" lon="-122.493036"><ele>20.5</ele></trkpt><trkpt lat="37.946336" lon="-122.492957"><ele>20.0</ele></trkpt><trkpt lat="37.946352" lon="-122.492882"><ele>19.6</ele></trkpt><trkpt lat="37.946368" lon="-122.492800"><ele>19.1</ele></trkpt><trkpt lat="37.946382" lon="-122.492722"><ele>18.6</ele></trkpt><trkpt lat="37.946391" lon="-122.492654"><ele>18.2</ele></trkpt><trkpt lat="37.946397" lon="-122.492580"><ele>17.8</ele></trkpt><trkpt lat="37.946399" lon="-122.492518"><ele>17.4</ele></trkpt><trkpt lat="37.946398" lon="-122.492442"><ele>17.0</ele></trkpt><trkpt lat="37.946396" lon="-122.492385"><ele>16.7</ele></trkpt><trkpt lat="37.946390" lon="-122.492316"><ele>16.2</ele></trkpt><trkpt lat="37.946380" lon="-122.492232"><ele>15.9</ele></trkpt><trkpt lat="37.946370" lon="-122.492157"><ele>15.5</ele></trkpt><trkpt lat="37.946360" lon="-122.492094"><ele>15.2</ele></trkpt><trkpt lat="37.946344" lon="-122.492009"><ele>14.9</ele></trkpt><trkpt lat="37.946324" lon="-122.491930"><ele>14.5</ele></trkpt><trkpt lat="37.946303" lon="-122.491858"><ele>14.2</ele></trkpt><trkpt lat="37.946275" lon="-122.491780"><ele>13.8</ele></trkpt><trkpt lat="37.946247" lon="-122.491708"><ele>13.4</ele></trkpt><trkpt lat="37.946215" lon="-122.491633"><ele>13.1</ele></trkpt><trkpt lat="37.946180" lon="-122.491559"><ele>13.1</ele></trkpt><trkpt lat="37.946150" lon="-122.491498"><ele>13.0</ele></trkpt><trkpt lat="37.946084" lon="-122.491363"><ele>13.0</ele></trkpt><trkpt lat="37.945996" lon="-122.491187"><ele>12.9</ele></trkpt><trkpt lat="37.945898" lon="-122.490995"><ele>12.8</ele></trkpt><trkpt lat="37.945590" lon="-122.490400"><ele>12.9</ele></trkpt><trkpt lat="37.945519" lon="-122.490261"><ele>13.1</ele></trkpt><trkpt lat="37.945445" lon="-122.490117"><ele>13.2</ele></trkpt><trkpt lat="37.945367" lon="-122.489959"><ele>13.4</ele></trkpt><trkpt lat="37.945308" lon="-122.489831"><ele>13.3</ele></trkpt><trkpt lat="37.945248" lon="-122.489696"><ele>13.2</ele></trkpt><trkpt lat="37.945185" lon="-122.489542"><ele>13.0</ele></trkpt><trkpt lat="37.945128" lon="-122.489389"><ele>12.9</ele></trkpt><trkpt lat="37.945073" lon="-122.489219"><ele>12.6</ele></trkpt><trkpt lat="37.945035" lon="-122.489097"><ele>12.2</ele></trkpt><trkpt lat="37.945005" lon="-122.488996"><ele>11.9</ele></trkpt><trkpt lat="37.944977" lon="-122.488896"><ele>11.6</ele></trkpt><trkpt lat="37.944955" lon="-122.488815"><ele>11.4</ele></trkpt><trkpt lat="37.944932" lon="-122.488733"><ele>11.2</ele></trkpt><trkpt lat="37.944900" lon="-122.488580"><ele>10.5</ele></trkpt><trkpt lat="37.944878" lon="-122.488433"><ele>9.8</ele></trkpt><trkpt lat="37.944862" lon="-122.488275"><ele>9.0</ele></trkpt><trkpt lat="37.944834" lon="-122.488112"><ele>8.2</ele></trkpt><trkpt lat="37.944810" lon="-122.487947"><ele>7.4</ele></trkpt><trkpt lat="37.944790" lon="-122.487785"><ele>6.9</ele></trkpt><trkpt lat="37.944774" lon="-122.487619"><ele>6.3</ele></trkpt><trkpt lat="37.944762" lon="-122.487452"><ele>5.7</ele></trkpt><trkpt lat="37.944752" lon="-122.487287"><ele>5.2</ele></trkpt><trkpt lat="37.944747" lon="-122.487122"><ele>5.4</ele></trkpt><trkpt lat="37.944746" lon="-122.486956"><ele>5.5</ele></trkpt><trkpt lat="37.944749" lon="-122.486788"><ele>5.7</ele></trkpt><trkpt lat="37.944756" lon="-122.486623"><ele>5.8</ele></trkpt><trkpt lat="37.944764" lon="-122.486457"><ele>6.1</ele></trkpt><trkpt lat="37.944773" lon="-122.486291"><ele>6.4</ele></trkpt><trkpt lat="37.944852" lon="-122.484804"><ele>12.2</ele></trkpt><trkpt lat="37.944859" lon="-122.484640"><ele>13.1</ele></trkpt><trkpt lat="37.944861" lon="-122.484475"><ele>13.9</ele></trkpt><trkpt lat="37.944859" lon="-122.484309"><ele>14.8</ele></trkpt><trkpt lat="37.944756" lon="-122.483818"><ele>17.0</ele></trkpt><trkpt lat="37.944718" lon="-122.483641"><ele>17.4</ele></trkpt><trkpt lat="37.944680" lon="-122.483473"><ele>17.8</ele></trkpt><trkpt lat="37.944637" lon="-122.483308"><ele>18.2</ele></trkpt><trkpt lat="37.944591" lon="-122.483145"><ele>18.1</ele></trkpt><trkpt lat="37.944557" lon="-122.483031"><ele>18.0</ele></trkpt><trkpt lat="37.944514" lon="-122.482904"><ele>17.8</ele></trkpt><trkpt lat="37.944470" lon="-122.482783"><ele>17.6</ele></trkpt><trkpt lat="37.944433" lon="-122.482685"><ele>17.5</ele></trkpt><trkpt lat="37.944394" lon="-122.482587"><ele>17.3</ele></trkpt><trkpt lat="37.944352" lon="-122.482489"><ele>17.0</ele></trkpt><trkpt lat="37.944313" lon="-122.482399"><ele>16.8</ele></trkpt><trkpt lat="37.944270" lon="-122.482310"><ele>16.6</ele></trkpt><trkpt lat="37.944221" lon="-122.482213"><ele>16.3</ele></trkpt><trkpt lat="37.944170" lon="-122.482118"><ele>16.0</ele></trkpt><trkpt lat="37.944119" lon="-122.482030"><ele>15.7</ele></trkpt><trkpt lat="37.944060" lon="-122.481931"><ele>15.1</ele></trkpt><trkpt lat="37.943982" lon="-122.481802"><ele>14.3</ele></trkpt><trkpt lat="37.943660" lon="-122.481295"><ele>11.4</ele></trkpt><trkpt lat="37.943384" lon="-122.480859"><ele>9.0</ele></trkpt><trkpt lat="37.943318" lon="-122.480755"><ele>8.3</ele></trkpt><trkpt lat="37.943228" lon="-122.480609"><ele>7.5</ele></trkpt><trkpt lat="37.943792" lon="-122.480243"><ele>5.9</ele></trkpt><trkpt lat="37.943845" lon="-122.480191"><ele>5.8</ele></trkpt><trkpt lat="37.943880" lon="-122.480150"><ele>5.7</ele></trkpt><trkpt lat="37.943910" lon="-122.480145"><ele>5.6</ele></trkpt><trkpt lat="37.943933" lon="-122.480153"><ele>5.5</ele></trkpt><trkpt lat="37.943968" lon="-122.480186"><ele>5.3</ele></trkpt><trkpt lat="37.944091" lon="-122.480306"><ele>4.8</ele></trkpt><trkpt lat="37.944154" lon="-122.480205"><ele>4.5</ele></trkpt><trkpt lat="37.944211" lon="-122.480263"><ele>4.2</ele></trkpt><trkpt lat="37.944154" lon="-122.480205"><ele>4.0</ele></trkpt><trkpt lat="37.944035" lon="-122.480084"><ele>3.9</ele></trkpt><trkpt lat="37.943984" lon="-122.480053"><ele>3.8</ele></trkpt><trkpt lat="37.943935" lon="-122.480039"><ele>3.8</ele></trkpt><trkpt lat="37.943885" lon="-122.480044"><ele>3.8</ele></trkpt><trkpt lat="37.943838" lon="-122.480065"><ele>3.8</ele></trkpt><trkpt lat="37.943792" lon="-122.480102"><ele>3.7</ele></trkpt><trkpt lat="37.943080" lon="-122.478883"><ele>3.9</ele></trkpt><trkpt lat="37.943015" lon="-122.478740"><ele>3.6</ele></trkpt><trkpt lat="37.942941" lon="-122.478559"><ele>3.2</ele></trkpt><trkpt lat="37.942676" lon="-122.477767"><ele>2.4</ele></trkpt><trkpt lat="37.942434" lon="-122.476470"><ele>0.9</ele></trkpt><trkpt lat="37.942210" lon="-122.475174"><ele>0.0</ele></trkpt><trkpt lat="37.941781" lon="-122.472795"><ele>0.0</ele></trkpt><trkpt lat="37.941383" lon="-122.470540"><ele>0.0</ele></trkpt><trkpt lat="37.941293" lon="-122.470083"><ele>0.0</ele></trkpt><trkpt lat="37.941102" lon="-122.469230"><ele>0.0</ele></trkpt><trkpt lat="37.941065" lon="-122.469083"><ele>0.0</ele></trkpt><trkpt lat="37.940877" lon="-122.468413"><ele>0.0</ele></trkpt><trkpt lat="37.940774" lon="-122.468097"><ele>0.0</ele></trkpt><trkpt lat="37.940337" lon="-122.466688"><ele>0.0</ele></trkpt><trkpt lat="37.939930" lon="-122.465385"><ele>0.0</ele></trkpt><trkpt lat="37.939754" lon="-122.464816"><ele>0.0</ele></trkpt><trkpt lat="37.939373" lon="-122.463571"><ele>0.0</ele></trkpt><trkpt lat="37.938865" lon="-122.461944"><ele>0.0</ele></trkpt><trkpt lat="37.938381" lon="-122.460391"><ele>0.0</ele></trkpt><trkpt lat="37.937893" lon="-122.458851"><ele>0.0</ele></trkpt><trkpt lat="37.937545" lon="-122.457731"><ele>0.0</ele></trkpt><trkpt lat="37.937065" lon="-122.456208"><ele>0.0</ele></trkpt><trkpt lat="37.936674" lon="-122.454961"><ele>0.0</ele></trkpt><trkpt lat="37.936502" lon="-122.454366"><ele>0.0</ele></trkpt><trkpt lat="37.936234" lon="-122.453340"><ele>0.0</ele></trkpt><trkpt lat="37.936110" lon="-122.452876"><ele>0.0</ele></trkpt><trkpt lat="37.935817" lon="-122.451483"><ele>0.0</ele></trkpt><trkpt lat="37.935634" lon="-122.450394"><ele>0.0</ele></trkpt><trkpt lat="37.935585" lon="-122.450106"><ele>0.0</ele></trkpt><trkpt lat="37.935501" lon="-122.449461"><ele>0.0</ele></trkpt><trkpt lat="37.935415" lon="-122.448599"><ele>0.0</ele></trkpt><trkpt lat="37.935320" lon="-122.447285"><ele>0.0</ele></trkpt><trkpt lat="37.935238" lon="-122.446141"><ele>0.0</ele></trkpt><trkpt lat="37.935114" lon="-122.444281"><ele>0.0</ele></trkpt><trkpt lat="37.935030" lon="-122.443083"><ele>0.0</ele></trkpt><trkpt lat="37.934893" lon="-122.441045"><ele>0.0</ele></trkpt><trkpt lat="37.934753" lon="-122.438881"><ele>0.0</ele></trkpt><trkpt lat="37.934574" lon="-122.436137"><ele>0.0</ele></trkpt><trkpt lat="37.934441" lon="-122.434292"><ele>0.0</ele></trkpt><trkpt lat="37.934364" lon="-122.433044"><ele>0.0</ele></trkpt><trkpt lat="37.934253" lon="-122.431399"><ele>0.0</ele></trkpt><trkpt lat="37.934175" lon="-122.430197"><ele>0.0</ele></trkpt><trkpt lat="37.933979" lon="-122.427111"><ele>0.0</ele></trkpt><trkpt lat="37.933693" lon="-122.423012"><ele>0.0</ele></trkpt><trkpt lat="37.933481" lon="-122.419747"><ele>0.0</ele></trkpt><trkpt lat="37.933418" lon="-122.418752"><ele>0.0</ele></trkpt><trkpt lat="37.933271" lon="-122.416456"><ele>0.0</ele></trkpt><trkpt lat="37.933161" lon="-122.414774"><ele>0.0</ele></trkpt><trkpt lat="37.933078" lon="-122.413638"><ele>0.0</ele></trkpt><trkpt lat="37.932988" lon="-122.412350"><ele>0.3</ele></trkpt><trkpt lat="37.932917" lon="-122.411260"><ele>-1.4</ele></trkpt><trkpt lat="37.932820" lon="-122.409767"><ele>0.5</ele></trkpt><trkpt lat="37.932770" lon="-122.409072"><ele>2.4</ele></trkpt><trkpt lat="37.932662" lon="-122.407495"><ele>8.2</ele></trkpt><trkpt lat="37.932608" lon="-122.406459"><ele>8.5</ele></trkpt><trkpt lat="37.932607" lon="-122.405444"><ele>7.9</ele></trkpt><trkpt lat="37.932607" lon="-122.405344"><ele>7.9</ele></trkpt><trkpt lat="37.932613" lon="-122.405188"><ele>7.9</ele></trkpt><trkpt lat="37.932698" lon="-122.404671"><ele>8.1</ele></trkpt><trkpt lat="37.932714" lon="-122.404536"><ele>8.2</ele></trkpt><trkpt lat="37.932738" lon="-122.404159"><ele>8.7</ele></trkpt><trkpt lat="37.932755" lon="-122.403991"><ele>9.0</ele></trkpt><trkpt lat="37.932767" lon="-122.403918"><ele>9.2</ele></trkpt><trkpt lat="37.932785" lon="-122.403858"><ele>9.4</ele></trkpt><trkpt lat="37.932818" lon="-122.403809"><ele>9.5</ele></trkpt><trkpt lat="37.932856" lon="-122.403778"><ele>9.6</ele></trkpt><trkpt lat="37.932924" lon="-122.403742"><ele>9.8</ele></trkpt><trkpt lat="37.933192" lon="-122.403622"><ele>10.7</ele></trkpt><trkpt lat="37.933253" lon="-122.403583"><ele>10.9</ele></trkpt><trkpt lat="37.933308" lon="-122.403534"><ele>11.2</ele></trkpt><trkpt lat="37.933345" lon="-122.403490"><ele>11.3</ele></trkpt><trkpt lat="37.933386" lon="-122.403437"><ele>11.5</ele></trkpt><trkpt lat="37.933480" lon="-122.403318"><ele>12.0</ele></trkpt><trkpt lat="37.933546" lon="-122.403159"><ele>12.4</ele></trkpt><trkpt lat="37.933579" lon="-122.403079"><ele>12.5</ele></trkpt><trkpt lat="37.933479" lon="-122.402971"><ele>12.8</ele></trkpt><trkpt lat="37.933408" lon="-122.402890"><ele>13.0</ele></trkpt><trkpt lat="37.933325" lon="-122.402791"><ele>13.3</ele></trkpt><trkpt lat="37.933247" lon="-122.402684"><ele>13.5</ele></trkpt><trkpt lat="37.933140" lon="-122.402532"><ele>13.7</ele></trkpt><trkpt lat="37.932985" lon="-122.402325"><ele>13.9</ele></trkpt><trkpt lat="37.932873" lon="-122.402185"><ele>14.0</ele></trkpt><trkpt lat="37.932720" lon="-122.402014"><ele>13.9</ele></trkpt><trkpt lat="37.932654" lon="-122.401936"><ele>13.8</ele></trkpt><trkpt lat="37.932594" lon="-122.401851"><ele>13.8</ele></trkpt><trkpt lat="37.932542" lon="-122.401773"><ele>13.7</ele></trkpt><trkpt lat="37.932494" lon="-122.401690"><ele>13.6</ele></trkpt><trkpt lat="37.932447" lon="-122.401595"><ele>13.5</ele></trkpt><trkpt lat="37.932430" lon="-122.401551"><ele>13.5</ele></trkpt><trkpt lat="37.932420" lon="-122.401506"><ele>13.4</ele></trkpt><trkpt lat="37.932409" lon="-122.401466"><ele>13.4</ele></trkpt><trkpt lat="37.932380" lon="-122.401389"><ele>13.3</ele></trkpt><trkpt lat="37.932347" lon="-122.401309"><ele>13.2</ele></trkpt><trkpt lat="37.932320" lon="-122.401203"><ele>13.1</ele></trkpt><trkpt lat="37.932301" lon="-122.401093"><ele>13.0</ele></trkpt><trkpt lat="37.932285" lon="-122.400959"><ele>12.8</ele></trkpt><trkpt lat="37.932258" lon="-122.400606"><ele>12.4</ele></trkpt><trkpt lat="37.932247" lon="-122.400466"><ele>12.2</ele></trkpt><trkpt lat="37.932236" lon="-122.400395"><ele>12.3</ele></trkpt><trkpt lat="37.932219" lon="-122.400321"><ele>12.5</ele></trkpt><trkpt lat="37.932208" lon="-122.400260"><ele>12.6</ele></trkpt><trkpt lat="37.932192" lon="-122.400159"><ele>12.8</ele></trkpt><trkpt lat="37.932182" lon="-122.400052"><ele>12.9</ele></trkpt><trkpt lat="37.932177" lon="-122.399963"><ele>13.1</ele></trkpt><trkpt lat="37.932177" lon="-122.399881"><ele>13.3</ele></trkpt><trkpt lat="37.932183" lon="-122.399821"><ele>13.4</ele></trkpt><trkpt lat="37.932220" lon="-122.399449"><ele>14.0</ele></trkpt><trkpt lat="37.932267" lon="-122.399162"><ele>14.6</ele></trkpt><trkpt lat="37.932340" lon="-122.398828"><ele>15.3</ele></trkpt><trkpt lat="37.932448" lon="-122.398370"><ele>16.4</ele></trkpt><trkpt lat="37.932568" lon="-122.397894"><ele>17.5</ele></trkpt><trkpt lat="37.932662" lon="-122.397478"><ele>18.8</ele></trkpt><trkpt lat="37.932721" lon="-122.397151"><ele>19.8</ele></trkpt><trkpt lat="37.932759" lon="-122.396821"><ele>19.7</ele></trkpt><trkpt lat="37.932785" lon="-122.396426"><ele>19.5</ele></trkpt><trkpt lat="37.932787" lon="-122.395941"><ele>19.7</ele></trkpt><trkpt lat="37.932762" lon="-122.395458"><ele>19.5</ele></trkpt><trkpt lat="37.932692" lon="-122.395052"><ele>19.2</ele></trkpt><trkpt lat="37.932606" lon="-122.394543"><ele>18.9</ele></trkpt><trkpt lat="37.932461" lon="-122.394040"><ele>17.3</ele></trkpt><trkpt lat="37.932337" lon="-122.393678"><ele>16.0</ele></trkpt><trkpt lat="37.932047" lon="-122.393005"><ele>13.1</ele></trkpt><trkpt lat="37.931676" lon="-122.392206"><ele>10.0</ele></trkpt><trkpt lat="37.931669" lon="-122.392172"><ele>9.9</ele></trkpt><trkpt lat="37.931666" lon="-122.392121"><ele>9.8</ele></trkpt><trkpt lat="37.931664" lon="-122.392002"><ele>9.4</ele></trkpt><trkpt lat="37.931662" lon="-122.391902"><ele>9.3</ele></trkpt><trkpt lat="37.931659" lon="-122.391860"><ele>9.2</ele></trkpt><trkpt lat="37.931651" lon="-122.391818"><ele>9.1</ele></trkpt><trkpt lat="37.931636" lon="-122.391778"><ele>9.0</ele></trkpt><trkpt lat="37.931616" lon="-122.391742"><ele>9.0</ele></trkpt><trkpt lat="37.931592" lon="-122.391713"><ele>8.9</ele></trkpt><trkpt lat="37.931562" lon="-122.391688"><ele>8.8</ele></trkpt><trkpt lat="37.931525" lon="-122.391671"><ele>8.7</ele></trkpt><trkpt lat="37.931490" lon="-122.391660"><ele>8.6</ele></trkpt><trkpt lat="37.931398" lon="-122.391640"><ele>8.4</ele></trkpt><trkpt lat="37.931090" lon="-122.391703"><ele>8.6</ele></trkpt><trkpt lat="37.930467" lon="-122.392031"><ele>9.7</ele></trkpt><trkpt lat="37.930366" lon="-122.392074"><ele>9.9</ele></trkpt><trkpt lat="37.930287" lon="-122.392109"><ele>10.1</ele></trkpt><trkpt lat="37.930228" lon="-122.392085"><ele>10.2</ele></trkpt><trkpt lat="37.930208" lon="-122.392024"><ele>10.3</ele></trkpt><trkpt lat="37.930075" lon="-122.391683"><ele>11.0</ele></trkpt><trkpt lat="37.929891" lon="-122.391282"><ele>12.7</ele></trkpt><trkpt lat="37.929840" lon="-122.391123"><ele>13.6</ele></trkpt><trkpt lat="37.929747" lon="-122.390953"><ele>14.6</ele></trkpt><trkpt lat="37.929707" lon="-122.390930"><ele>14.8</ele></trkpt><trkpt lat="37.929652" lon="-122.390964"><ele>15.0</ele></trkpt><trkpt lat="37.929462" lon="-122.390442"><ele>16.8</ele></trkpt><trkpt lat="37.929402" lon="-122.390210"><ele>17.2</ele></trkpt><trkpt lat="37.929234" lon="-122.389455"><ele>17.5</ele></trkpt><trkpt lat="37.928956" lon="-122.388157"><ele>14.3</ele></trkpt><trkpt lat="37.928795" lon="-122.387402"><ele>10.6</ele></trkpt><trkpt lat="37.928791" lon="-122.387386"><ele>10.5</ele></trkpt><trkpt lat="37.928745" lon="-122.387160"><ele>9.4</ele></trkpt><trkpt lat="37.928804" lon="-122.387100"><ele>8.9</ele></trkpt><trkpt lat="37.928854" lon="-122.387086"><ele>8.6</ele></trkpt><trkpt lat="37.928887" lon="-122.387073"><ele>8.4</ele></trkpt><trkpt lat="37.928917" lon="-122.387052"><ele>8.2</ele></trkpt><trkpt lat="37.928942" lon="-122.387026"><ele>8.0</ele></trkpt><trkpt lat="37.928958" lon="-122.386997"><ele>7.8</ele></trkpt><trkpt lat="37.928974" lon="-122.386960"><ele>7.6</ele></trkpt><trkpt lat="37.929012" lon="-122.386846"><ele>7.0</ele></trkpt><trkpt lat="37.929013" lon="-122.386810"><ele>6.8</ele></trkpt><trkpt lat="37.929017" lon="-122.386769"><ele>6.6</ele></trkpt><trkpt lat="37.929023" lon="-122.386725"><ele>6.4</ele></trkpt><trkpt lat="37.929030" lon="-122.386640"><ele>6.1</ele></trkpt><trkpt lat="37.929072" lon="-122.386448"><ele>5.8</ele></trkpt><trkpt lat="37.929165" lon="-122.386230"><ele>5.5</ele></trkpt><trkpt lat="37.929252" lon="-122.386085"><ele>5.2</ele></trkpt><trkpt lat="37.929330" lon="-122.385977"><ele>5.1</ele></trkpt><trkpt lat="37.929415" lon="-122.385861"><ele>4.9</ele></trkpt><trkpt lat="37.929509" lon="-122.385744"><ele>4.8</ele></trkpt><trkpt lat="37.929602" lon="-122.385627"><ele>4.6</ele></trkpt><trkpt lat="37.929683" lon="-122.385521"><ele>4.5</ele></trkpt><trkpt lat="37.929774" lon="-122.385401"><ele>4.3</ele></trkpt><trkpt lat="37.929863" lon="-122.385280"><ele>4.0</ele></trkpt><trkpt lat="37.930038" lon="-122.385039"><ele>3.6</ele></trkpt><trkpt lat="37.930062" lon="-122.385008"><ele>3.6</ele></trkpt><trkpt lat="37.930090" lon="-122.384972"><ele>3.5</ele></trkpt><trkpt lat="37.930119" lon="-122.384938"><ele>3.4</ele></trkpt><trkpt lat="37.930193" lon="-122.384846"><ele>3.2</ele></trkpt><trkpt lat="37.930225" lon="-122.384805"><ele>3.2</ele></trkpt><trkpt lat="37.930260" lon="-122.384761"><ele>3.1</ele></trkpt><trkpt lat="37.930306" lon="-122.384697"><ele>3.0</ele></trkpt><trkpt lat="37.930623" lon="-122.384249"><ele>2.9</ele></trkpt><trkpt lat="37.930911" lon="-122.383828"><ele>3.2</ele></trkpt><trkpt lat="37.931074" lon="-122.383628"><ele>3.3</ele></trkpt><trkpt lat="37.931182" lon="-122.383521"><ele>3.3</ele></trkpt><trkpt lat="37.931230" lon="-122.383469"><ele>3.2</ele></trkpt><trkpt lat="37.931275" lon="-122.383422"><ele>3.1</ele></trkpt><trkpt lat="37.931334" lon="-122.383360"><ele>3.1</ele></trkpt><trkpt lat="37.931395" lon="-122.383301"><ele>3.0</ele></trkpt><trkpt lat="37.931465" lon="-122.383235"><ele>2.9</ele></trkpt><trkpt lat="37.931536" lon="-122.383170"><ele>2.8</ele></trkpt><trkpt lat="37.932199" lon="-122.382571"><ele>1.9</ele></trkpt><trkpt lat="37.932914" lon="-122.381928"><ele>1.5</ele></trkpt><trkpt lat="37.933052" lon="-122.381804"><ele>1.5</ele></trkpt><trkpt lat="37.933685" lon="-122.381233"><ele>2.0</ele></trkpt><trkpt lat="37.933928" lon="-122.381013"><ele>2.0</ele></trkpt><trkpt lat="37.933999" lon="-122.381140"><ele>1.9</ele></trkpt><trkpt lat="37.934213" lon="-122.381645"><ele>1.7</ele></trkpt><trkpt lat="37.934410" lon="-122.381510"><ele>1.6</ele></trkpt><trkpt lat="37.935562" lon="-122.380748"><ele>0.6</ele></trkpt><trkpt lat="37.936336" lon="-122.380226"><ele>-0.3</ele></trkpt><trkpt lat="37.936549" lon="-122.380092"><ele>-0.2</ele></trkpt><trkpt lat="37.936726" lon="-122.380052"><ele>-0.1</ele></trkpt><trkpt lat="37.936802" lon="-122.380055"><ele>-0.1</ele></trkpt><trkpt lat="37.937108" lon="-122.380050"><ele>0.1</ele></trkpt><trkpt lat="37.937188" lon="-122.380187"><ele>0.2</ele></trkpt><trkpt lat="37.937221" lon="-122.380233"><ele>0.2</ele></trkpt><trkpt lat="37.937228" lon="-122.380514"><ele>0.3</ele></trkpt><trkpt lat="37.937223" lon="-122.380821"><ele>0.5</ele></trkpt><trkpt lat="37.937202" lon="-122.381185"><ele>0.7</ele></trkpt><trkpt lat="37.937200" lon="-122.381478"><ele>1.2</ele></trkpt><trkpt lat="37.937200" lon="-122.381538"><ele>1.3</ele></trkpt><trkpt lat="37.937189" lon="-122.381790"><ele>1.8</ele></trkpt><trkpt lat="37.937216" lon="-122.381873"><ele>1.9</ele></trkpt><trkpt lat="37.937250" lon="-122.381873"><ele>2.0</ele></trkpt><trkpt lat="37.937288" lon="-122.381870"><ele>2.0</ele></trkpt><trkpt lat="37.937363" lon="-122.381870"><ele>2.2</ele></trkpt><trkpt lat="37.937408" lon="-122.381861"><ele>2.2</ele></trkpt><trkpt lat="37.937379" lon="-122.382778"><ele>3.0</ele></trkpt><trkpt lat="37.937367" lon="-122.383555"><ele>2.8</ele></trkpt><trkpt lat="37.937333" lon="-122.384387"><ele>2.6</ele></trkpt><trkpt lat="37.937302" lon="-122.384926"><ele>2.2</ele></trkpt><trkpt lat="37.937570" lon="-122.384941"><ele>2.1</ele></trkpt><trkpt lat="37.937302" lon="-122.384926"><ele>2.1</ele></trkpt><trkpt lat="37.937333" lon="-122.384387"><ele>2.6</ele></trkpt><trkpt lat="37.937367" lon="-122.383555"><ele>2.7</ele></trkpt><trkpt lat="37.937379" lon="-122.382778"><ele>2.7</ele></trkpt><trkpt lat="37.937408" lon="-122.381861"><ele>2.2</ele></trkpt><trkpt lat="37.937363" lon="-122.381870"><ele>2.1</ele></trkpt><trkpt lat="37.937288" lon="-122.381870"><ele>2.0</ele></trkpt><trkpt lat="37.937250" lon="-122.381873"><ele>1.9</ele></trkpt><trkpt lat="37.937216" lon="-122.381873"><ele>1.8</ele></trkpt><trkpt lat="37.937189" lon="-122.381790"><ele>1.6</ele></trkpt><trkpt lat="37.937200" lon="-122.381538"><ele>1.2</ele></trkpt><trkpt lat="37.937200" lon="-122.381478"><ele>1.1</ele></trkpt><trkpt lat="37.937202" lon="-122.381185"><ele>0.5</ele></trkpt><trkpt lat="37.937223" lon="-122.380821"><ele>0.2</ele></trkpt><trkpt lat="37.937228" lon="-122.380514"><ele>0.1</ele></trkpt><trkpt lat="37.937221" lon="-122.380233"><ele>0.0</ele></trkpt><trkpt lat="37.937188" lon="-122.380187"><ele>0.0</ele></trkpt><trkpt lat="37.937108" lon="-122.380050"><ele>0.0</ele></trkpt><trkpt lat="37.936802" lon="-122.380055"><ele>-0.0</ele></trkpt><trkpt lat="37.936726" lon="-122.380052"><ele>-0.1</ele></trkpt><trkpt lat="37.936549" lon="-122.380092"><ele>-0.2</ele></trkpt><trkpt lat="37.936336" lon="-122.380226"><ele>-0.3</ele></trkpt><trkpt lat="37.935562" lon="-122.380748"><ele>0.4</ele></trkpt><trkpt lat="37.934410" lon="-122.381510"><ele>0.9</ele></trkpt><trkpt lat="37.934213" lon="-122.381645"><ele>0.9</ele></trkpt><trkpt lat="37.933999" lon="-122.381140"><ele>1.0</ele></trkpt><trkpt lat="37.933928" lon="-122.381013"><ele>1.1</ele></trkpt><trkpt lat="37.934983" lon="-122.380132"><ele>1.7</ele></trkpt><trkpt lat="37.935630" lon="-122.379657"><ele>2.8</ele></trkpt><trkpt lat="37.936210" lon="-122.379263"><ele>3.2</ele></trkpt><trkpt lat="37.937070" lon="-122.378719"><ele>2.6</ele></trkpt><trkpt lat="37.937769" lon="-122.378235"><ele>1.9</ele></trkpt><trkpt lat="37.939526" lon="-122.377043"><ele>1.9</ele></trkpt><trkpt lat="37.939875" lon="-122.376799"><ele>1.5</ele></trkpt><trkpt lat="37.940974" lon="-122.376029"><ele>0.2</ele></trkpt><trkpt lat="37.941317" lon="-122.375784"><ele>-0.0</ele></trkpt><trkpt lat="37.941677" lon="-122.375527"><ele>-0.3</ele></trkpt><trkpt lat="37.941858" lon="-122.375387"><ele>-0.1</ele></trkpt><trkpt lat="37.946363" lon="-122.372175"><ele>1.9</ele></trkpt><trkpt lat="37.946699" lon="-122.371896"><ele>1.3</ele></trkpt><trkpt lat="37.946946" lon="-122.371654"><ele>0.9</ele></trkpt><trkpt lat="37.946860" lon="-122.371556"><ele>0.9</ele></trkpt><trkpt lat="37.946699" lon="-122.371401"><ele>0.9</ele></trkpt><trkpt lat="37.946500" lon="-122.371283"><ele>0.9</ele></trkpt><trkpt lat="37.946411" lon="-122.371248"><ele>1.0</ele></trkpt><trkpt lat="37.946267" lon="-122.371184"><ele>1.1</ele></trkpt><trkpt lat="37.946132" lon="-122.371110"><ele>1.2</ele></trkpt><trkpt lat="37.945995" lon="-122.371001"><ele>1.3</ele></trkpt><trkpt lat="37.945870" lon="-122.370823"><ele>1.5</ele></trkpt><trkpt lat="37.945781" lon="-122.370625"><ele>1.7</ele></trkpt><trkpt lat="37.945730" lon="-122.370386"><ele>1.9</ele></trkpt><trkpt lat="37.945717" lon="-122.370271"><ele>1.9</ele></trkpt><trkpt lat="37.945683" lon="-122.369975"><ele>2.1</ele></trkpt><trkpt lat="37.945674" lon="-122.369892"><ele>2.1</ele></trkpt><trkpt lat="37.945607" lon="-122.369293"><ele>2.6</ele></trkpt><trkpt lat="37.945587" lon="-122.369117"><ele>2.7</ele></trkpt><trkpt lat="37.945577" lon="-122.369024"><ele>2.6</ele></trkpt><trkpt lat="37.945540" lon="-122.368701"><ele>2.3</ele></trkpt><trkpt lat="37.945511" lon="-122.368439"><ele>2.1</ele></trkpt><trkpt lat="37.945477" lon="-122.368140"><ele>1.8</ele></trkpt><trkpt lat="37.945474" lon="-122.368110"><ele>1.8</ele></trkpt><trkpt lat="37.945398" lon="-122.367433"><ele>1.2</ele></trkpt><trkpt lat="37.945418" lon="-122.367210"><ele>1.0</ele></trkpt><trkpt lat="37.945472" lon="-122.367055"><ele>1.0</ele></trkpt><trkpt lat="37.945554" lon="-122.366944"><ele>1.1</ele></trkpt><trkpt lat="37.945885" lon="-122.366611"><ele>1.5</ele></trkpt><trkpt lat="37.946004" lon="-122.366491"><ele>1.5</ele></trkpt><trkpt lat="37.946058" lon="-122.366437"><ele>1.5</ele></trkpt><trkpt lat="37.946303" lon="-122.366189"><ele>1.7</ele></trkpt><trkpt lat="37.946406" lon="-122.366086"><ele>2.0</ele></trkpt><trkpt lat="37.946508" lon="-122.365991"><ele>2.2</ele></trkpt><trkpt lat="37.946572" lon="-122.365924"><ele>2.4</ele></trkpt><trkpt lat="37.946654" lon="-122.365837"><ele>2.7</ele></trkpt><trkpt lat="37.946875" lon="-122.365604"><ele>3.2</ele></trkpt><trkpt lat="37.947164" lon="-122.365300"><ele>3.9</ele></trkpt><trkpt lat="37.947400" lon="-122.365050"><ele>4.6</ele></trkpt><trkpt lat="37.947510" lon="-122.364934"><ele>4.9</ele></trkpt><trkpt lat="37.947599" lon="-122.364840"><ele>5.1</ele></trkpt><trkpt lat="37.947715" lon="-122.364718"><ele>5.5</ele></trkpt><trkpt lat="37.948167" lon="-122.364241"><ele>6.6</ele></trkpt><trkpt lat="37.947793" lon="-122.363539"><ele>7.3</ele></trkpt><trkpt lat="37.947530" lon="-122.363047"><ele>7.5</ele></trkpt><trkpt lat="37.947428" lon="-122.362901"><ele>7.6</ele></trkpt><trkpt lat="37.947327" lon="-122.362807"><ele>7.4</ele></trkpt><trkpt lat="37.947198" lon="-122.362730"><ele>7.1</ele></trkpt><trkpt lat="37.947022" lon="-122.362721"><ele>6.7</ele></trkpt><trkpt lat="37.946273" lon="-122.362723"><ele>5.4</ele></trkpt><trkpt lat="37.946149" lon="-122.362723"><ele>5.2</ele></trkpt><trkpt lat="37.946044" lon="-122.362724"><ele>5.1</ele></trkpt><trkpt lat="37.944669" lon="-122.362743"><ele>5.3</ele></trkpt><trkpt lat="37.944585" lon="-122.362715"><ele>5.4</ele></trkpt><trkpt lat="37.944445" lon="-122.362670"><ele>5.5</ele></trkpt><trkpt lat="37.944286" lon="-122.362638"><ele>5.7</ele></trkpt><trkpt lat="37.944158" lon="-122.362613"><ele>5.8</ele></trkpt><trkpt lat="37.942903" lon="-122.362621"><ele>5.3</ele></trkpt><trkpt lat="37.942725" lon="-122.362618"><ele>5.0</ele></trkpt><trkpt lat="37.942706" lon="-122.362618"><ele>5.0</ele></trkpt><trkpt lat="37.942630" lon="-122.362617"><ele>4.9</ele></trkpt><trkpt lat="37.942556" lon="-122.362616"><ele>4.9</ele></trkpt><trkpt lat="37.942500" lon="-122.362617"><ele>4.9</ele></trkpt><trkpt lat="37.942384" lon="-122.362620"><ele>4.9</ele></trkpt><trkpt lat="37.941837" lon="-122.362619"><ele>4.9</ele></trkpt><trkpt lat="37.941762" lon="-122.362623"><ele>4.9</ele></trkpt><trkpt lat="37.941753" lon="-122.362548"><ele>4.9</ele></trkpt><trkpt lat="37.941752" lon="-122.362535"><ele>4.9</ele></trkpt><trkpt lat="37.941750" lon="-122.361836"><ele>4.9</ele></trkpt><trkpt lat="37.941750" lon="-122.361756"><ele>4.9</ele></trkpt><trkpt lat="37.941703" lon="-122.361758"><ele>4.9</ele></trkpt><trkpt lat="37.941141" lon="-122.361781"><ele>5.4</ele></trkpt><trkpt lat="37.941085" lon="-122.361784"><ele>5.5</ele></trkpt><trkpt lat="37.941022" lon="-122.361784"><ele>5.6</ele></trkpt><trkpt lat="37.940439" lon="-122.361796"><ele>6.1</ele></trkpt><trkpt lat="37.940430" lon="-122.361796"><ele>6.1</ele></trkpt><trkpt lat="37.940356" lon="-122.361798"><ele>6.1</ele></trkpt><trkpt lat="37.940290" lon="-122.361799"><ele>6.1</ele></trkpt><trkpt lat="37.940268" lon="-122.361800"><ele>6.1</ele></trkpt><trkpt lat="37.939657" lon="-122.361801"><ele>6.3</ele></trkpt><trkpt lat="37.939192" lon="-122.361813"><ele>6.7</ele></trkpt><trkpt lat="37.938867" lon="-122.361825"><ele>7.0</ele></trkpt><trkpt lat="37.938702" lon="-122.361832"><ele>7.0</ele></trkpt><trkpt lat="37.938575" lon="-122.361836"><ele>7.0</ele></trkpt><trkpt lat="37.938506" lon="-122.361839"><ele>7.0</ele></trkpt><trkpt lat="37.938356" lon="-122.361860"><ele>7.0</ele></trkpt><trkpt lat="37.938356" lon="-122.361766"><ele>7.0</ele></trkpt><trkpt lat="37.938357" lon="-122.360755"><ele>7.4</ele></trkpt><trkpt lat="37.938357" lon="-122.360660"><ele>7.5</ele></trkpt><trkpt lat="37.938357" lon="-122.360208"><ele>7.5</ele></trkpt><trkpt lat="37.938359" lon="-122.360113"><ele>7.4</ele></trkpt><trkpt lat="37.938361" lon="-122.359999"><ele>7.4</ele></trkpt><trkpt lat="37.938357" lon="-122.359899"><ele>7.3</ele></trkpt><trkpt lat="37.938358" lon="-122.359384"><ele>7.7</ele></trkpt><trkpt lat="37.938359" lon="-122.359131"><ele>7.9</ele></trkpt><trkpt lat="37.938359" lon="-122.358529"><ele>9.0</ele></trkpt><trkpt lat="37.938360" lon="-122.358172"><ele>9.5</ele></trkpt><trkpt lat="37.938360" lon="-122.358075"><ele>9.7</ele></trkpt><trkpt lat="37.938360" lon="-122.357993"><ele>9.8</ele></trkpt><trkpt lat="37.938361" lon="-122.356510"><ele>12.8</ele></trkpt><trkpt lat="37.938362" lon="-122.356316"><ele>13.1</ele></trkpt><trkpt lat="37.938362" lon="-122.356195"><ele>13.2</ele></trkpt><trkpt lat="37.938286" lon="-122.356196"><ele>13.2</ele></trkpt><trkpt lat="37.938018" lon="-122.356200"><ele>13.4</ele></trkpt><trkpt lat="37.937585" lon="-122.356206"><ele>13.2</ele></trkpt><trkpt lat="37.937112" lon="-122.356201"><ele>12.7</ele></trkpt><trkpt lat="37.936937" lon="-122.356200"><ele>12.5</ele></trkpt><trkpt lat="37.936883" lon="-122.356199"><ele>12.5</ele></trkpt><trkpt lat="37.936847" lon="-122.356198"><ele>12.3</ele></trkpt><trkpt lat="37.936836" lon="-122.355227"><ele>10.2</ele></trkpt><trkpt lat="37.936838" lon="-122.354406"><ele>9.5</ele></trkpt><trkpt lat="37.936838" lon="-122.354281"><ele>9.5</ele></trkpt><trkpt lat="37.936887" lon="-122.354187"><ele>9.4</ele></trkpt><trkpt lat="37.936899" lon="-122.354163"><ele>9.4</ele></trkpt><trkpt lat="37.936830" lon="-122.353780"><ele>9.4</ele></trkpt><trkpt lat="37.936831" lon="-122.353600"><ele>9.4</ele></trkpt></trkseg></trk>
</gpx>