<?xml version="1.0" encoding="UTF-8"?>
<gpx version="1.1" creator="north-bay-planning" xmlns="http://www.topografix.com/GPX/1/1">
<metadata><name>Martinez to Richmond over Briones</name><desc>Station to station over Briones and Tilden</desc></metadata>
<trk><name>Martinez to Richmond over Briones</name><trkseg><trkpt lat="38.018991" lon="-122.137994"><ele>3.0</ele></trkpt><trkpt lat="38.019053" lon="-122.137855"><ele>3.1</ele></trkpt><trkpt lat="38.019106" lon="-122.137906"><ele>3.2</ele></trkpt><trkpt lat="38.019131" lon="-122.137852"><ele>3.2</ele></trkpt><trkpt lat="38.019076" lon="-122.137806"><ele>3.2</ele></trkpt><trkpt lat="38.018592" lon="-122.137428"><ele>3.7</ele></trkpt><trkpt lat="38.018550" lon="-122.137393"><ele>3.8</ele></trkpt><trkpt lat="38.018518" lon="-122.137368"><ele>3.8</ele></trkpt><trkpt lat="38.018018" lon="-122.136977"><ele>4.2</ele></trkpt><trkpt lat="38.017962" lon="-122.136935"><ele>4.3</ele></trkpt><trkpt lat="38.017914" lon="-122.136899"><ele>4.3</ele></trkpt><trkpt lat="38.017683" lon="-122.136717"><ele>4.6</ele></trkpt><trkpt lat="38.017660" lon="-122.136701"><ele>4.7</ele></trkpt><trkpt lat="38.017429" lon="-122.136521"><ele>5.0</ele></trkpt><trkpt lat="38.017378" lon="-122.136480"><ele>5.0</ele></trkpt><trkpt lat="38.017344" lon="-122.136546"><ele>5.1</ele></trkpt><trkpt lat="38.017266" lon="-122.136708"><ele>5.3</ele></trkpt><trkpt lat="38.017154" lon="-122.136918"><ele>5.5</ele></trkpt><trkpt lat="38.016862" lon="-122.137394"><ele>5.8</ele></trkpt><trkpt lat="38.016821" lon="-122.137461"><ele>5.8</ele></trkpt><trkpt lat="38.016784" lon="-122.137522"><ele>5.8</ele></trkpt><trkpt lat="38.016436" lon="-122.138112"><ele>5.9</ele></trkpt><trkpt lat="38.016399" lon="-122.138177"><ele>5.9</ele></trkpt><trkpt lat="38.016360" lon="-122.138239"><ele>5.9</ele></trkpt><trkpt lat="38.016182" lon="-122.138532"><ele>6.1</ele></trkpt><trkpt lat="38.016156" lon="-122.138575"><ele>6.2</ele></trkpt><trkpt lat="38.016067" lon="-122.138724"><ele>6.5</ele></trkpt><trkpt lat="38.016025" lon="-122.138794"><ele>6.6</ele></trkpt><trkpt lat="38.016005" lon="-122.138826"><ele>6.7</ele></trkpt><trkpt lat="38.015972" lon="-122.138881"><ele>6.8</ele></trkpt><trkpt lat="38.015927" lon="-122.138840"><ele>7.0</ele></trkpt><trkpt lat="38.015421" lon="-122.138355"><ele>7.6</ele></trkpt><trkpt lat="38.014918" lon="-122.137873"><ele>10.7</ele></trkpt><trkpt lat="38.014865" lon="-122.137823"><ele>10.7</ele></trkpt><trkpt lat="38.014833" lon="-122.137791"><ele>10.7</ele></trkpt><trkpt lat="38.014326" lon="-122.137297"><ele>12.7</ele></trkpt><trkpt lat="38.013859" lon="-122.136839"><ele>14.9</ele></trkpt><trkpt lat="38.013820" lon="-122.136802"><ele>14.9</ele></trkpt><trkpt lat="38.013771" lon="-122.136754"><ele>14.9</ele></trkpt><trkpt lat="38.013671" lon="-122.136657"><ele>14.9</ele></trkpt><trkpt lat="38.013229" lon="-122.136231"><ele>17.0</ele></trkpt><trkpt lat="38.013225" lon="-122.136226"><ele>17.1</ele></trkpt><trkpt lat="38.012797" lon="-122.135813"><ele>15.0</ele></trkpt><trkpt lat="38.012726" lon="-122.135745"><ele>15.0</ele></trkpt><trkpt lat="38.012675" lon="-122.135695"><ele>15.1</ele></trkpt><trkpt lat="38.012121" lon="-122.135186"><ele>13.9</ele></trkpt><trkpt lat="38.012077" lon="-122.135145"><ele>13.6</ele></trkpt><trkpt lat="38.011905" lon="-122.134976"><ele>12.5</ele></trkpt><trkpt lat="38.011563" lon="-122.134649"><ele>12.8</ele></trkpt><trkpt lat="38.011005" lon="-122.134118"><ele>11.7</ele></trkpt><trkpt lat="38.010460" lon="-122.133583"><ele>12.6</ele></trkpt><trkpt lat="38.010005" lon="-122.133156"><ele>13.1</ele></trkpt><trkpt lat="38.009907" lon="-122.133065"><ele>13.2</ele></trkpt><trkpt lat="38.009601" lon="-122.132774"><ele>13.5</ele></trkpt><trkpt lat="38.009348" lon="-122.132533"><ele>13.7</ele></trkpt><trkpt lat="38.008796" lon="-122.132001"><ele>14.3</ele></trkpt><trkpt lat="38.008748" lon="-122.131956"><ele>14.3</ele></trkpt><trkpt lat="38.008241" lon="-122.131483"><ele>14.6</ele></trkpt><trkpt lat="38.008028" lon="-122.131317"><ele>14.9</ele></trkpt><trkpt lat="38.007530" lon="-122.130927"><ele>15.6</ele></trkpt><trkpt lat="38.007410" lon="-122.130862"><ele>15.7</ele></trkpt><trkpt lat="38.007362" lon="-122.130836"><ele>15.8</ele></trkpt><trkpt lat="38.007225" lon="-122.130809"><ele>15.9</ele></trkpt><trkpt lat="38.007101" lon="-122.130802"><ele>16.1</ele></trkpt><trkpt lat="38.006976" lon="-122.130822"><ele>16.2</ele></trkpt><trkpt lat="38.006861" lon="-122.130845"><ele>16.3</ele></trkpt><trkpt lat="38.006531" lon="-122.130890"><ele>16.4</ele></trkpt><trkpt lat="38.006470" lon="-122.130898"><ele>16.5</ele></trkpt><trkpt lat="38.006426" lon="-122.130907"><ele>16.5</ele></trkpt><trkpt lat="38.006105" lon="-122.130974"><ele>16.9</ele></trkpt><trkpt lat="38.005908" lon="-122.131006"><ele>17.1</ele></trkpt><trkpt lat="38.005661" lon="-122.131051"><ele>17.1</ele></trkpt><trkpt lat="38.005503" lon="-122.131079"><ele>17.1</ele></trkpt><trkpt lat="38.005480" lon="-122.131083"><ele>17.1</ele></trkpt><trkpt lat="38.005113" lon="-122.131104"><ele>17.1</ele></trkpt><trkpt lat="38.005065" lon="-122.131113"><ele>17.1</ele></trkpt><trkpt lat="38.003823" lon="-122.131326"><ele>18.3</ele></trkpt><trkpt lat="38.003770" lon="-122.131335"><ele>18.3</ele></trkpt><trkpt lat="38.003689" lon="-122.131350"><ele>18.5</ele></trkpt><trkpt lat="38.003074" lon="-122.131467"><ele>19.5</ele></trkpt><trkpt lat="38.002449" lon="-122.131578"><ele>20.6</ele></trkpt><trkpt lat="38.002389" lon="-122.131588"><ele>20.7</ele></trkpt><trkpt lat="38.002236" lon="-122.131611"><ele>20.9</ele></trkpt><trkpt lat="38.001985" lon="-122.131655"><ele>21.3</ele></trkpt><trkpt lat="38.001682" lon="-122.131711"><ele>21.6</ele></trkpt><trkpt lat="38.001088" lon="-122.131813"><ele>22.3</ele></trkpt><trkpt lat="38.001015" lon="-122.131825"><ele>22.4</ele></trkpt><trkpt lat="38.000864" lon="-122.131848"><ele>22.5</ele></trkpt><trkpt lat="38.000522" lon="-122.131899"><ele>22.9</ele></trkpt><trkpt lat="38.000303" lon="-122.131942"><ele>23.2</ele></trkpt><trkpt lat="38.000028" lon="-122.131991"><ele>23.5</ele></trkpt><trkpt lat="37.999681" lon="-122.132041"><ele>24.1</ele></trkpt><trkpt lat="37.999045" lon="-122.132124"><ele>24.9</ele></trkpt><trkpt lat="37.998924" lon="-122.132147"><ele>25.1</ele></trkpt><trkpt lat="37.998721" lon="-122.132175"><ele>25.4</ele></trkpt><trkpt lat="37.998488" lon="-122.132216"><ele>25.8</ele></trkpt><trkpt lat="37.998413" lon="-122.132230"><ele>25.9</ele></trkpt><trkpt lat="37.998127" lon="-122.132283"><ele>26.2</ele></trkpt><trkpt lat="37.997951" lon="-122.132323"><ele>26.4</ele></trkpt><trkpt lat="37.997652" lon="-122.132364"><ele>26.6</ele></trkpt><trkpt lat="37.997228" lon="-122.132450"><ele>26.9</ele></trkpt><trkpt lat="37.996811" lon="-122.132515"><ele>27.1</ele></trkpt><trkpt lat="37.996648" lon="-122.132526"><ele>27.3</ele></trkpt><trkpt lat="37.996382" lon="-122.132513"><ele>27.6</ele></trkpt><trkpt lat="37.996269" lon="-122.132492"><ele>27.7</ele></trkpt><trkpt lat="37.995961" lon="-122.132434"><ele>28.1</ele></trkpt><trkpt lat="37.995816" lon="-122.132387"><ele>28.2</ele></trkpt><trkpt lat="37.995637" lon="-122.132310"><ele>28.4</ele></trkpt><trkpt lat="37.995537" lon="-122.132267"><ele>28.5</ele></trkpt><trkpt lat="37.995461" lon="-122.132234"><ele>28.5</ele></trkpt><trkpt lat="37.995391" lon="-122.132203"><ele>28.6</ele></trkpt><trkpt lat="37.995323" lon="-122.132164"><ele>28.6</ele></trkpt><trkpt lat="37.995109" lon="-122.132067"><ele>28.8</ele></trkpt><trkpt lat="37.994793" lon="-122.131924"><ele>29.2</ele></trkpt><trkpt lat="37.994504" lon="-122.131792"><ele>29.8</ele></trkpt><trkpt lat="37.994395" lon="-122.131742"><ele>30.0</ele></trkpt><trkpt lat="37.994083" lon="-122.131599"><ele>30.7</ele></trkpt><trkpt lat="37.994066" lon="-122.131591"><ele>30.7</ele></trkpt><trkpt lat="37.993775" lon="-122.131459"><ele>31.3</ele></trkpt><trkpt lat="37.993677" lon="-122.131414"><ele>31.4</ele></trkpt><trkpt lat="37.993502" lon="-122.131335"><ele>31.6</ele></trkpt><trkpt lat="37.993224" lon="-122.131207"><ele>31.9</ele></trkpt><trkpt lat="37.993086" lon="-122.131145"><ele>32.2</ele></trkpt><trkpt lat="37.992702" lon="-122.130969"><ele>32.9</ele></trkpt><trkpt lat="37.992528" lon="-122.130890"><ele>33.2</ele></trkpt><trkpt lat="37.992483" lon="-122.130869"><ele>33.3</ele></trkpt><trkpt lat="37.992360" lon="-122.130813"><ele>33.5</ele></trkpt><trkpt lat="37.992248" lon="-122.130762"><ele>33.7</ele></trkpt><trkpt lat="37.992144" lon="-122.130715"><ele>33.9</ele></trkpt><trkpt lat="37.992087" lon="-122.130689"><ele>34.0</ele></trkpt><trkpt lat="37.992009" lon="-122.130653"><ele>34.2</ele></trkpt><trkpt lat="37.991887" lon="-122.130597"><ele>34.5</ele></trkpt><trkpt lat="37.991776" lon="-122.130554"><ele>34.8</ele></trkpt><trkpt lat="37.991368" lon="-122.130411"><ele>35.7</ele></trkpt><trkpt lat="37.991194" lon="-122.130348"><ele>36.1</ele></trkpt><trkpt lat="37.991050" lon="-122.130292"><ele>36.5</ele></trkpt><trkpt lat="37.990971" lon="-122.130261"><ele>36.7</ele></trkpt><trkpt lat="37.990900" lon="-122.130232"><ele>36.9</ele></trkpt><trkpt lat="37.990076" lon="-122.129856"><ele>41.8</ele></trkpt><trkpt lat="37.989961" lon="-122.129803"><ele>42.0</ele></trkpt><trkpt lat="37.989903" lon="-122.129775"><ele>42.1</ele></trkpt><trkpt lat="37.989847" lon="-122.129743"><ele>42.2</ele></trkpt><trkpt lat="37.989539" lon="-122.129552"><ele>43.0</ele></trkpt><trkpt lat="37.989362" lon="-122.129391"><ele>44.0</ele></trkpt><trkpt lat="37.989260" lon="-122.129331"><ele>44.5</ele></trkpt><trkpt lat="37.989055" lon="-122.129231"><ele>45.5</ele></trkpt><trkpt lat="37.988898" lon="-122.129155"><ele>46.4</ele></trkpt><trkpt lat="37.988736" lon="-122.129075"><ele>47.2</ele></trkpt><trkpt lat="37.987767" lon="-122.128613"><ele>49.4</ele></trkpt><trkpt lat="37.987584" lon="-122.128524"><ele>49.8</ele></trkpt><trkpt lat="37.986972" lon="-122.128124"><ele>53.5</ele></trkpt><trkpt lat="37.986733" lon="-122.127968"><ele>53.4</ele></trkpt><trkpt lat="37.986030" lon="-122.127568"><ele>54.2</ele></trkpt><trkpt lat="37.984675" lon="-122.126755"><ele>55.5</ele></trkpt><trkpt lat="37.984509" lon="-122.126618"><ele>55.7</ele></trkpt><trkpt lat="37.984481" lon="-122.126595"><ele>55.7</ele></trkpt><trkpt lat="37.984225" lon="-122.126471"><ele>56.0</ele></trkpt><trkpt lat="37.983991" lon="-122.126255"><ele>56.9</ele></trkpt><trkpt lat="37.983958" lon="-122.126213"><ele>57.1</ele></trkpt><trkpt lat="37.983937" lon="-122.126185"><ele>57.2</ele></trkpt><trkpt lat="37.983806" lon="-122.126017"><ele>57.8</ele></trkpt><trkpt lat="37.983694" lon="-122.125833"><ele>57.7</ele></trkpt><trkpt lat="37.983635" lon="-122.125881"><ele>57.7</ele></trkpt><trkpt lat="37.983534" lon="-122.125913"><ele>57.5</ele></trkpt><trkpt lat="37.983399" lon="-122.125915"><ele>57.4</ele></trkpt><trkpt lat="37.983150" lon="-122.125795"><ele>59.0</ele></trkpt><trkpt lat="37.982792" lon="-122.125634"><ele>61.9</ele></trkpt><trkpt lat="37.982490" lon="-122.125492"><ele>62.1</ele></trkpt><trkpt lat="37.982378" lon="-122.125438"><ele>62.1</ele></trkpt><trkpt lat="37.982071" lon="-122.125289"><ele>63.8</ele></trkpt><trkpt lat="37.981682" lon="-122.125101"><ele>66.1</ele></trkpt><trkpt lat="37.981439" lon="-122.124995"><ele>67.1</ele></trkpt><trkpt lat="37.981006" lon="-122.124804"><ele>69.9</ele></trkpt><trkpt lat="37.980867" lon="-122.124784"><ele>70.9</ele></trkpt><trkpt lat="37.980458" lon="-122.124792"><ele>73.9</ele></trkpt><trkpt lat="37.980165" lon="-122.124832"><ele>76.1</ele></trkpt><trkpt lat="37.979989" lon="-122.124896"><ele>77.8</ele></trkpt><trkpt lat="37.979913" lon="-122.124946"><ele>78.6</ele></trkpt><trkpt lat="37.979776" lon="-122.125036"><ele>80.0</ele></trkpt><trkpt lat="37.979175" lon="-122.125691"><ele>82.3</ele></trkpt><trkpt lat="37.979092" lon="-122.125761"><ele>82.3</ele></trkpt><trkpt lat="37.978710" lon="-122.126037"><ele>81.1</ele></trkpt><trkpt lat="37.978249" lon="-122.126250"><ele>78.1</ele></trkpt><trkpt lat="37.978081" lon="-122.126302"><ele>77.2</ele></trkpt><trkpt lat="37.977860" lon="-122.126266"><ele>75.9</ele></trkpt><trkpt lat="37.977658" lon="-122.126245"><ele>75.3</ele></trkpt><trkpt lat="37.977478" lon="-122.126280"><ele>74.8</ele></trkpt><trkpt lat="37.977247" lon="-122.126352"><ele>74.6</ele></trkpt><trkpt lat="37.976990" lon="-122.126433"><ele>75.3</ele></trkpt><trkpt lat="37.976812" lon="-122.126453"><ele>75.8</ele></trkpt><trkpt lat="37.976577" lon="-122.126442"><ele>77.4</ele></trkpt><trkpt lat="37.976371" lon="-122.126450"><ele>78.9</ele></trkpt><trkpt lat="37.976182" lon="-122.126487"><ele>80.0</ele></trkpt><trkpt lat="37.975941" lon="-122.126568"><ele>80.8</ele></trkpt><trkpt lat="37.975358" lon="-122.127077"><ele>82.7</ele></trkpt><trkpt lat="37.975234" lon="-122.127151"><ele>83.1</ele></trkpt><trkpt lat="37.975050" lon="-122.127209"><ele>83.6</ele></trkpt><trkpt lat="37.974544" lon="-122.127283"><ele>83.8</ele></trkpt><trkpt lat="37.974346" lon="-122.127313"><ele>83.2</ele></trkpt><trkpt lat="37.974130" lon="-122.127346"><ele>82.1</ele></trkpt><trkpt lat="37.973877" lon="-122.127430"><ele>80.2</ele></trkpt><trkpt lat="37.973804" lon="-122.127448"><ele>79.7</ele></trkpt><trkpt lat="37.973741" lon="-122.127452"><ele>79.3</ele></trkpt><trkpt lat="37.973649" lon="-122.127442"><ele>78.7</ele></trkpt><trkpt lat="37.973589" lon="-122.127412"><ele>78.3</ele></trkpt><trkpt lat="37.973504" lon="-122.127285"><ele>77.6</ele></trkpt><trkpt lat="37.973243" lon="-122.126859"><ele>75.2</ele></trkpt><trkpt lat="37.973099" lon="-122.126624"><ele>74.0</ele></trkpt><trkpt lat="37.972962" lon="-122.126404"><ele>73.0</ele></trkpt><trkpt lat="37.972902" lon="-122.126314"><ele>72.7</ele></trkpt><trkpt lat="37.972801" lon="-122.126212"><ele>72.2</ele></trkpt><trkpt lat="37.972694" lon="-122.126160"><ele>71.8</ele></trkpt><trkpt lat="37.972525" lon="-122.126162"><ele>71.3</ele></trkpt><trkpt lat="37.972350" lon="-122.126168"><ele>70.7</ele></trkpt><trkpt lat="37.972219" lon="-122.126171"><ele>70.2</ele></trkpt><trkpt lat="37.971690" lon="-122.126179"><ele>70.2</ele></trkpt><trkpt lat="37.969930" lon="-122.126184"><ele>73.6</ele></trkpt><trkpt lat="37.969637" lon="-122.126194"><ele>74.1</ele></trkpt><trkpt lat="37.969160" lon="-122.126211"><ele>74.7</ele></trkpt><trkpt lat="37.969043" lon="-122.126215"><ele>74.7</ele></trkpt><trkpt lat="37.969001" lon="-122.126215"><ele>74.7</ele></trkpt><trkpt lat="37.968065" lon="-122.126223"><ele>75.4</ele></trkpt><trkpt lat="37.967249" lon="-122.126213"><ele>76.8</ele></trkpt><trkpt lat="37.966771" lon="-122.126218"><ele>77.5</ele></trkpt><trkpt lat="37.966719" lon="-122.126387"><ele>77.7</ele></trkpt><trkpt lat="37.966583" lon="-122.126826"><ele>78.1</ele></trkpt><trkpt lat="37.966268" lon="-122.127848"><ele>79.5</ele></trkpt><trkpt lat="37.966214" lon="-122.128129"><ele>80.0</ele></trkpt><trkpt lat="37.966027" lon="-122.128137"><ele>80.4</ele></trkpt><trkpt lat="37.965921" lon="-122.128170"><ele>80.6</ele></trkpt><trkpt lat="37.965759" lon="-122.128274"><ele>80.8</ele></trkpt><trkpt lat="37.965609" lon="-122.128402"><ele>81.0</ele></trkpt><trkpt lat="37.965202" lon="-122.128701"><ele>83.2</ele></trkpt><trkpt lat="37.965084" lon="-122.128807"><ele>84.0</ele></trkpt><trkpt lat="37.964895" lon="-122.129021"><ele>85.6</ele></trkpt><trkpt lat="37.964685" lon="-122.129199"><ele>87.1</ele></trkpt><trkpt lat="37.964514" lon="-122.129276"><ele>87.8</ele></trkpt><trkpt lat="37.964404" lon="-122.129300"><ele>88.1</ele></trkpt><trkpt lat="37.964265" lon="-122.129330"><ele>88.5</ele></trkpt><trkpt lat="37.963976" lon="-122.129311"><ele>89.2</ele></trkpt><trkpt lat="37.963870" lon="-122.129336"><ele>89.4</ele></trkpt><trkpt lat="37.963806" lon="-122.129376"><ele>89.5</ele></trkpt><trkpt lat="37.963742" lon="-122.129484"><ele>89.7</ele></trkpt><trkpt lat="37.963733" lon="-122.129574"><ele>89.8</ele></trkpt><trkpt lat="37.963767" lon="-122.129705"><ele>90.4</ele></trkpt><trkpt lat="37.963902" lon="-122.130029"><ele>93.3</ele></trkpt><trkpt lat="37.963930" lon="-122.130208"><ele>94.8</ele></trkpt><trkpt lat="37.963913" lon="-122.130343"><ele>95.5</ele></trkpt><trkpt lat="37.963812" lon="-122.130587"><ele>96.0</ele></trkpt><trkpt lat="37.963571" lon="-122.130987"><ele>97.7</ele></trkpt><trkpt lat="37.963309" lon="-122.131305"><ele>101.0</ele></trkpt><trkpt lat="37.963190" lon="-122.131408"><ele>102.4</ele></trkpt><trkpt lat="37.962857" lon="-122.131759"><ele>107.1</ele></trkpt><trkpt lat="37.962352" lon="-122.132189"><ele>115.2</ele></trkpt><trkpt lat="37.962282" lon="-122.132176"><ele>115.5</ele></trkpt><trkpt lat="37.962059" lon="-122.132023"><ele>116.8</ele></trkpt><trkpt lat="37.961893" lon="-122.131932"><ele>117.9</ele></trkpt><trkpt lat="37.961753" lon="-122.131887"><ele>120.0</ele></trkpt><trkpt lat="37.961681" lon="-122.131891"><ele>121.1</ele></trkpt><trkpt lat="37.961487" lon="-122.132016"><ele>124.4</ele></trkpt><trkpt lat="37.961417" lon="-122.132038"><ele>125.4</ele></trkpt><trkpt lat="37.961309" lon="-122.132037"><ele>126.5</ele></trkpt><trkpt lat="37.961209" lon="-122.131983"><ele>127.4</ele></trkpt><trkpt lat="37.961030" lon="-122.131828"><ele>129.1</ele></trkpt><trkpt lat="37.960928" lon="-122.131783"><ele>129.9</ele></trkpt><trkpt lat="37.960828" lon="-122.131827"><ele>131.2</ele></trkpt><trkpt lat="37.960761" lon="-122.131863"><ele>132.2</ele></trkpt><trkpt lat="37.960527" lon="-122.132080"><ele>136.2</ele></trkpt><trkpt lat="37.960335" lon="-122.132414"><ele>140.4</ele></trkpt><trkpt lat="37.960256" lon="-122.132508"><ele>141.8</ele></trkpt><trkpt lat="37.960092" lon="-122.132591"><ele>144.0</ele></trkpt><trkpt lat="37.959852" lon="-122.132712"><ele>147.4</ele></trkpt><trkpt lat="37.959508" lon="-122.132885"><ele>151.8</ele></trkpt><trkpt lat="37.959316" lon="-122.132982"><ele>153.3</ele></trkpt><trkpt lat="37.958898" lon="-122.133162"><ele>156.8</ele></trkpt><trkpt lat="37.958842" lon="-122.133166"><ele>157.4</ele></trkpt><trkpt lat="37.958555" lon="-122.133172"><ele>160.3</ele></trkpt><trkpt lat="37.958484" lon="-122.133188"><ele>161.0</ele></trkpt><trkpt lat="37.958381" lon="-122.133233"><ele>162.1</ele></trkpt><trkpt lat="37.958298" lon="-122.133323"><ele>163.2</ele></trkpt><trkpt lat="37.958267" lon="-122.133407"><ele>163.9</ele></trkpt><trkpt lat="37.958265" lon="-122.133498"><ele>164.6</ele></trkpt><trkpt lat="37.958340" lon="-122.133699"><ele>166.4</ele></trkpt><trkpt lat="37.958420" lon="-122.133914"><ele>168.1</ele></trkpt><trkpt lat="37.958448" lon="-122.134095"><ele>169.4</ele></trkpt><trkpt lat="37.958431" lon="-122.134231"><ele>170.4</ele></trkpt><trkpt lat="37.958367" lon="-122.134341"><ele>171.6</ele></trkpt><trkpt lat="37.958300" lon="-122.134373"><ele>172.6</ele></trkpt><trkpt lat="37.958050" lon="-122.134328"><ele>176.2</ele></trkpt><trkpt lat="37.957977" lon="-122.134328"><ele>177.2</ele></trkpt><trkpt lat="37.957907" lon="-122.134352"><ele>178.2</ele></trkpt><trkpt lat="37.957826" lon="-122.134445"><ele>180.4</ele></trkpt><trkpt lat="37.957765" lon="-122.134560"><ele>182.7</ele></trkpt><trkpt lat="37.957719" lon="-122.134685"><ele>185.1</ele></trkpt><trkpt lat="37.957698" lon="-122.134821"><ele>187.4</ele></trkpt><trkpt lat="37.957701" lon="-122.135052"><ele>191.2</ele></trkpt><trkpt lat="37.957792" lon="-122.135546"><ele>198.3</ele></trkpt><trkpt lat="37.958043" lon="-122.136213"><ele>205.5</ele></trkpt><trkpt lat="37.958219" lon="-122.136564"><ele>209.2</ele></trkpt><trkpt lat="37.958741" lon="-122.137206"><ele>215.8</ele></trkpt><trkpt lat="37.958802" lon="-122.137320"><ele>216.5</ele></trkpt><trkpt lat="37.958814" lon="-122.137411"><ele>216.8</ele></trkpt><trkpt lat="37.958775" lon="-122.137537"><ele>217.1</ele></trkpt><trkpt lat="37.958667" lon="-122.137660"><ele>217.6</ele></trkpt><trkpt lat="37.958528" lon="-122.137763"><ele>218.2</ele></trkpt><trkpt lat="37.958387" lon="-122.137811"><ele>219.0</ele></trkpt><trkpt lat="37.958313" lon="-122.137814"><ele>219.5</ele></trkpt><trkpt lat="37.958238" lon="-122.137811"><ele>219.9</ele></trkpt><trkpt lat="37.958133" lon="-122.137763"><ele>220.6</ele></trkpt><trkpt lat="37.958077" lon="-122.137702"><ele>221.1</ele></trkpt><trkpt lat="37.958044" lon="-122.137617"><ele>221.6</ele></trkpt><trkpt lat="37.957974" lon="-122.137200"><ele>223.6</ele></trkpt><trkpt lat="37.957912" lon="-122.137030"><ele>224.5</ele></trkpt><trkpt lat="37.957813" lon="-122.136970"><ele>225.4</ele></trkpt><trkpt lat="37.957635" lon="-122.137023"><ele>227.3</ele></trkpt><trkpt lat="37.957446" lon="-122.137171"><ele>229.7</ele></trkpt><trkpt lat="37.957273" lon="-122.137256"><ele>231.4</ele></trkpt><trkpt lat="37.957161" lon="-122.137255"><ele>232.1</ele></trkpt><trkpt lat="37.957110" lon="-122.137194"><ele>232.6</ele></trkpt><trkpt lat="37.957102" lon="-122.137148"><ele>232.8</ele></trkpt><trkpt lat="37.957116" lon="-122.137056"><ele>233.4</ele></trkpt><trkpt lat="37.957282" lon="-122.136743"><ele>236.0</ele></trkpt><trkpt lat="37.957347" lon="-122.136554"><ele>237.9</ele></trkpt><trkpt lat="37.957350" lon="-122.136503"><ele>238.3</ele></trkpt><trkpt lat="37.957336" lon="-122.136401"><ele>239.3</ele></trkpt><trkpt lat="37.957254" lon="-122.136225"><ele>241.1</ele></trkpt><trkpt lat="37.956990" lon="-122.135946"><ele>244.7</ele></trkpt><trkpt lat="37.956740" lon="-122.135582"><ele>249.4</ele></trkpt><trkpt lat="37.956572" lon="-122.135386"><ele>252.5</ele></trkpt><trkpt lat="37.956333" lon="-122.135268"><ele>255.1</ele></trkpt><trkpt lat="37.956018" lon="-122.135150"><ele>257.9</ele></trkpt><trkpt lat="37.955586" lon="-122.134900"><ele>263.0</ele></trkpt><trkpt lat="37.955496" lon="-122.134875"><ele>264.0</ele></trkpt><trkpt lat="37.955408" lon="-122.134850"><ele>264.3</ele></trkpt><trkpt lat="37.955335" lon="-122.134848"><ele>264.4</ele></trkpt><trkpt lat="37.955119" lon="-122.134892"><ele>264.7</ele></trkpt><trkpt lat="37.954776" lon="-122.135049"><ele>265.5</ele></trkpt><trkpt lat="37.954415" lon="-122.135276"><ele>266.9</ele></trkpt><trkpt lat="37.954312" lon="-122.135329"><ele>267.4</ele></trkpt><trkpt lat="37.954259" lon="-122.135349"><ele>267.6</ele></trkpt><trkpt lat="37.954215" lon="-122.135355"><ele>267.7</ele></trkpt><trkpt lat="37.954180" lon="-122.135340"><ele>267.9</ele></trkpt><trkpt lat="37.954150" lon="-122.135325"><ele>268.0</ele></trkpt><trkpt lat="37.954065" lon="-122.135242"><ele>268.4</ele></trkpt><trkpt lat="37.953993" lon="-122.135241"><ele>268.7</ele></trkpt><trkpt lat="37.953934" lon="-122.135209"><ele>268.7</ele></trkpt><trkpt lat="37.953868" lon="-122.135159"><ele>268.4</ele></trkpt><trkpt lat="37.953846" lon="-122.135110"><ele>268.2</ele></trkpt><trkpt lat="37.953846" lon="-122.135063"><ele>268.1</ele></trkpt><trkpt lat="37.953724" lon="-122.135026"><ele>267.6</ele></trkpt><trkpt lat="37.953611" lon="-122.134972"><ele>267.1</ele></trkpt><trkpt lat="37.953437" lon="-122.134839"><ele>267.3</ele></trkpt><trkpt lat="37.953325" lon="-122.134753"><ele>268.1</ele></trkpt><trkpt lat="37.953239" lon="-122.134729"><ele>268.7</ele></trkpt><trkpt lat="37.953139" lon="-122.134761"><ele>269.3</ele></trkpt><trkpt lat="37.953072" lon="-122.134818"><ele>269.8</ele></trkpt><trkpt lat="37.953017" lon="-122.134818"><ele>270.3</ele></trkpt><trkpt lat="37.952966" lon="-122.134782"><ele>271.2</ele></trkpt><trkpt lat="37.952889" lon="-122.134806"><ele>272.5</ele></trkpt><trkpt lat="37.952684" lon="-122.134944"><ele>276.4</ele></trkpt><trkpt lat="37.952559" lon="-122.135009"><ele>278.6</ele></trkpt><trkpt lat="37.952421" lon="-122.135111"><ele>281.5</ele></trkpt><trkpt lat="37.952322" lon="-122.135225"><ele>284.0</ele></trkpt><trkpt lat="37.952255" lon="-122.135306"><ele>285.8</ele></trkpt><trkpt lat="37.952120" lon="-122.135359"><ele>288.4</ele></trkpt><trkpt lat="37.951969" lon="-122.135440"><ele>289.2</ele></trkpt><trkpt lat="37.951857" lon="-122.135465"><ele>289.4</ele></trkpt><trkpt lat="37.951780" lon="-122.135428"><ele>289.5</ele></trkpt><trkpt lat="37.951713" lon="-122.135355"><ele>289.6</ele></trkpt><trkpt lat="37.951661" lon="-122.135229"><ele>289.8</ele></trkpt><trkpt lat="37.951613" lon="-122.135079"><ele>291.0</ele></trkpt><trkpt lat="37.951560" lon="-122.134898"><ele>292.5</ele></trkpt><trkpt lat="37.951541" lon="-122.134874"><ele>292.8</ele></trkpt><trkpt lat="37.951581" lon="-122.134734"><ele>294.0</ele></trkpt><trkpt lat="37.951653" lon="-122.134364"><ele>294.9</ele></trkpt><trkpt lat="37.951691" lon="-122.134248"><ele>294.6</ele></trkpt><trkpt lat="37.951744" lon="-122.134138"><ele>294.3</ele></trkpt><trkpt lat="37.951764" lon="-122.134099"><ele>294.2</ele></trkpt><trkpt lat="37.951834" lon="-122.134023"><ele>293.9</ele></trkpt><trkpt lat="37.951908" lon="-122.133937"><ele>293.1</ele></trkpt><trkpt lat="37.952076" lon="-122.133695"><ele>290.3</ele></trkpt><trkpt lat="37.952201" lon="-122.133525"><ele>288.3</ele></trkpt><trkpt lat="37.952352" lon="-122.133326"><ele>285.3</ele></trkpt><trkpt lat="37.952358" lon="-122.133288"><ele>284.8</ele></trkpt><trkpt lat="37.952348" lon="-122.133256"><ele>284.4</ele></trkpt><trkpt lat="37.952317" lon="-122.133242"><ele>283.9</ele></trkpt><trkpt lat="37.952235" lon="-122.133271"><ele>282.7</ele></trkpt><trkpt lat="37.952139" lon="-122.133278"><ele>281.3</ele></trkpt><trkpt lat="37.952037" lon="-122.133255"><ele>279.8</ele></trkpt><trkpt lat="37.951937" lon="-122.133190"><ele>278.8</ele></trkpt><trkpt lat="37.951794" lon="-122.133067"><ele>277.3</ele></trkpt><trkpt lat="37.951714" lon="-122.132947"><ele>276.3</ele></trkpt><trkpt lat="37.951686" lon="-122.132878"><ele>275.8</ele></trkpt><trkpt lat="37.951697" lon="-122.132836"><ele>275.5</ele></trkpt><trkpt lat="37.951737" lon="-122.132822"><ele>275.0</ele></trkpt><trkpt lat="37.951862" lon="-122.132843"><ele>273.2</ele></trkpt><trkpt lat="37.952057" lon="-122.132915"><ele>270.2</ele></trkpt><trkpt lat="37.952121" lon="-122.132906"><ele>269.2</ele></trkpt><trkpt lat="37.952184" lon="-122.132872"><ele>268.2</ele></trkpt><trkpt lat="37.952229" lon="-122.132824"><ele>267.4</ele></trkpt><trkpt lat="37.952234" lon="-122.132784"><ele>267.0</ele></trkpt><trkpt lat="37.952225" lon="-122.132746"><ele>266.6</ele></trkpt><trkpt lat="37.952192" lon="-122.132703"><ele>266.0</ele></trkpt><trkpt lat="37.952045" lon="-122.132556"><ele>263.7</ele></trkpt><trkpt lat="37.951966" lon="-122.132369"><ele>261.7</ele></trkpt><trkpt lat="37.951963" lon="-122.132220"><ele>260.2</ele></trkpt><trkpt lat="37.951866" lon="-122.131937"><ele>257.2</ele></trkpt><trkpt lat="37.951752" lon="-122.131598"><ele>253.4</ele></trkpt><trkpt lat="37.951684" lon="-122.131285"><ele>248.7</ele></trkpt><trkpt lat="37.951650" lon="-122.131269"><ele>248.1</ele></trkpt><trkpt lat="37.951594" lon="-122.131303"><ele>247.0</ele></trkpt><trkpt lat="37.951454" lon="-122.131425"><ele>244.0</ele></trkpt><trkpt lat="37.951388" lon="-122.131432"><ele>243.3</ele></trkpt><trkpt lat="37.951328" lon="-122.131404"><ele>242.6</ele></trkpt><trkpt lat="37.951151" lon="-122.131309"><ele>240.6</ele></trkpt><trkpt lat="37.951058" lon="-122.131279"><ele>239.6</ele></trkpt><trkpt lat="37.951008" lon="-122.131292"><ele>239.1</ele></trkpt><trkpt lat="37.950974" lon="-122.131286"><ele>238.7</ele></trkpt><trkpt lat="37.950940" lon="-122.131297"><ele>238.3</ele></trkpt><trkpt lat="37.950897" lon="-122.131319"><ele>238.0</ele></trkpt><trkpt lat="37.950787" lon="-122.131446"><ele>237.0</ele></trkpt><trkpt lat="37.950686" lon="-122.131623"><ele>235.8</ele></trkpt><trkpt lat="37.950668" lon="-122.131642"><ele>235.7</ele></trkpt><trkpt lat="37.950607" lon="-122.131609"><ele>235.2</ele></trkpt><trkpt lat="37.950512" lon="-122.131613"><ele>234.5</ele></trkpt><trkpt lat="37.950495" lon="-122.131642"><ele>234.1</ele></trkpt><trkpt lat="37.950504" lon="-122.131696"><ele>233.4</ele></trkpt><trkpt lat="37.950541" lon="-122.131793"><ele>232.2</ele></trkpt><trkpt lat="37.950583" lon="-122.131913"><ele>230.8</ele></trkpt><trkpt lat="37.950626" lon="-122.132004"><ele>229.6</ele></trkpt><trkpt lat="37.950573" lon="-122.132017"><ele>228.8</ele></trkpt><trkpt lat="37.950526" lon="-122.132007"><ele>228.1</ele></trkpt><trkpt lat="37.950423" lon="-122.131935"><ele>226.8</ele></trkpt><trkpt lat="37.950304" lon="-122.131956"><ele>226.0</ele></trkpt><trkpt lat="37.950148" lon="-122.131932"><ele>224.9</ele></trkpt><trkpt lat="37.949988" lon="-122.131731"><ele>223.4</ele></trkpt><trkpt lat="37.949895" lon="-122.131607"><ele>224.0</ele></trkpt><trkpt lat="37.949786" lon="-122.131513"><ele>224.5</ele></trkpt><trkpt lat="37.949706" lon="-122.131359"><ele>225.0</ele></trkpt><trkpt lat="37.949646" lon="-122.131533"><ele>225.7</ele></trkpt><trkpt lat="37.949594" lon="-122.131729"><ele>227.1</ele></trkpt><trkpt lat="37.949609" lon="-122.131881"><ele>228.1</ele></trkpt><trkpt lat="37.949685" lon="-122.131995"><ele>229.1</ele></trkpt><trkpt lat="37.949639" lon="-122.132142"><ele>230.3</ele></trkpt><trkpt lat="37.949541" lon="-122.132211"><ele>232.2</ele></trkpt><trkpt lat="37.949488" lon="-122.132202"><ele>233.1</ele></trkpt><trkpt lat="37.949401" lon="-122.132187"><ele>234.6</ele></trkpt><trkpt lat="37.949298" lon="-122.132196"><ele>236.3</ele></trkpt><trkpt lat="37.949165" lon="-122.132196"><ele>238.6</ele></trkpt><trkpt lat="37.949077" lon="-122.132173"><ele>240.5</ele></trkpt><trkpt lat="37.949022" lon="-122.132219"><ele>242.0</ele></trkpt><trkpt lat="37.948992" lon="-122.132313"><ele>243.9</ele></trkpt><trkpt lat="37.948974" lon="-122.132453"><ele>246.6</ele></trkpt><trkpt lat="37.948985" lon="-122.132658"><ele>250.5</ele></trkpt><trkpt lat="37.948981" lon="-122.132873"><ele>254.6</ele></trkpt><trkpt lat="37.948941" lon="-122.133009"><ele>257.4</ele></trkpt><trkpt lat="37.948863" lon="-122.133135"><ele>260.5</ele></trkpt><trkpt lat="37.948813" lon="-122.133227"><ele>262.6</ele></trkpt><trkpt lat="37.948797" lon="-122.133256"><ele>263.3</ele></trkpt><trkpt lat="37.948790" lon="-122.133378"><ele>265.6</ele></trkpt><trkpt lat="37.948849" lon="-122.133513"><ele>268.3</ele></trkpt><trkpt lat="37.948904" lon="-122.133602"><ele>270.2</ele></trkpt><trkpt lat="37.948952" lon="-122.133705"><ele>272.2</ele></trkpt><trkpt lat="37.948948" lon="-122.133793"><ele>273.7</ele></trkpt><trkpt lat="37.948904" lon="-122.133831"><ele>274.9</ele></trkpt><trkpt lat="37.948834" lon="-122.133910"><ele>276.9</ele></trkpt><trkpt lat="37.948764" lon="-122.133919"><ele>277.8</ele></trkpt><trkpt lat="37.948698" lon="-122.133961"><ele>278.7</ele></trkpt><trkpt lat="37.948650" lon="-122.134045"><ele>279.7</ele></trkpt><trkpt lat="37.948609" lon="-122.134130"><ele>280.6</ele></trkpt><trkpt lat="37.948547" lon="-122.134130"><ele>281.3</ele></trkpt><trkpt lat="37.948477" lon="-122.134116"><ele>282.2</ele></trkpt><trkpt lat="37.948407" lon="-122.134181"><ele>283.2</ele></trkpt><trkpt lat="37.948320" lon="-122.134290"><ele>285.1</ele></trkpt><trkpt lat="37.948263" lon="-122.134391"><ele>286.7</ele></trkpt><trkpt lat="37.948219" lon="-122.134484"><ele>288.0</ele></trkpt><trkpt lat="37.948167" lon="-122.134554"><ele>289.3</ele></trkpt><trkpt lat="37.948116" lon="-122.134540"><ele>290.1</ele></trkpt><trkpt lat="37.948079" lon="-122.134489"><ele>291.0</ele></trkpt><trkpt lat="37.948039" lon="-122.134405"><ele>292.2</ele></trkpt><trkpt lat="37.947980" lon="-122.134358"><ele>293.4</ele></trkpt><trkpt lat="37.947932" lon="-122.134302"><ele>294.5</ele></trkpt><trkpt lat="37.947869" lon="-122.134204"><ele>296.2</ele></trkpt><trkpt lat="37.947814" lon="-122.134050"><ele>298.5</ele></trkpt><trkpt lat="37.947782" lon="-122.134013"><ele>299.2</ele></trkpt><trkpt lat="37.947755" lon="-122.133980"><ele>299.8</ele></trkpt><trkpt lat="37.947674" lon="-122.133994"><ele>301.2</ele></trkpt><trkpt lat="37.947589" lon="-122.134050"><ele>302.2</ele></trkpt><trkpt lat="37.947527" lon="-122.134045"><ele>302.8</ele></trkpt><trkpt lat="37.947427" lon="-122.134027"><ele>303.7</ele></trkpt><trkpt lat="37.947368" lon="-122.133999"><ele>304.3</ele></trkpt><trkpt lat="37.947335" lon="-122.133961"><ele>304.7</ele></trkpt><trkpt lat="37.947350" lon="-122.133877"><ele>305.3</ele></trkpt><trkpt lat="37.947343" lon="-122.133779"><ele>306.0</ele></trkpt><trkpt lat="37.947291" lon="-122.133691"><ele>307.1</ele></trkpt><trkpt lat="37.947225" lon="-122.133667"><ele>308.1</ele></trkpt><trkpt lat="37.947166" lon="-122.133639"><ele>309.1</ele></trkpt><trkpt lat="37.947144" lon="-122.133527"><ele>310.5</ele></trkpt><trkpt lat="37.947137" lon="-122.133453"><ele>311.4</ele></trkpt><trkpt lat="37.947158" lon="-122.133364"><ele>312.6</ele></trkpt><trkpt lat="37.947154" lon="-122.133234"><ele>314.2</ele></trkpt><trkpt lat="37.947081" lon="-122.133229"><ele>315.4</ele></trkpt><trkpt lat="37.947021" lon="-122.133333"><ele>317.3</ele></trkpt><trkpt lat="37.946955" lon="-122.133449"><ele>319.4</ele></trkpt><trkpt lat="37.946919" lon="-122.133606"><ele>321.8</ele></trkpt><trkpt lat="37.946871" lon="-122.133588"><ele>322.8</ele></trkpt><trkpt lat="37.946856" lon="-122.133518"><ele>323.9</ele></trkpt><trkpt lat="37.946827" lon="-122.133378"><ele>325.4</ele></trkpt><trkpt lat="37.946790" lon="-122.133205"><ele>326.7</ele></trkpt><trkpt lat="37.946757" lon="-122.133107"><ele>327.5</ele></trkpt><trkpt lat="37.946691" lon="-122.133023"><ele>328.3</ele></trkpt><trkpt lat="37.946624" lon="-122.132948"><ele>329.2</ele></trkpt><trkpt lat="37.946554" lon="-122.132948"><ele>329.8</ele></trkpt><trkpt lat="37.946488" lon="-122.133009"><ele>330.4</ele></trkpt><trkpt lat="37.946424" lon="-122.133074"><ele>331.0</ele></trkpt><trkpt lat="37.946377" lon="-122.133060"><ele>331.4</ele></trkpt><trkpt lat="37.946356" lon="-122.133009"><ele>331.7</ele></trkpt><trkpt lat="37.946289" lon="-122.132925"><ele>332.4</ele></trkpt><trkpt lat="37.946212" lon="-122.132808"><ele>333.3</ele></trkpt><trkpt lat="37.946135" lon="-122.132765"><ele>333.9</ele></trkpt><trkpt lat="37.946031" lon="-122.132873"><ele>334.8</ele></trkpt><trkpt lat="37.945893" lon="-122.133086"><ele>336.2</ele></trkpt><trkpt lat="37.945833" lon="-122.133253"><ele>337.2</ele></trkpt><trkpt lat="37.945823" lon="-122.133388"><ele>337.4</ele></trkpt><trkpt lat="37.945908" lon="-122.133642"><ele>337.2</ele></trkpt><trkpt lat="37.946100" lon="-122.134032"><ele>337.1</ele></trkpt><trkpt lat="37.946145" lon="-122.134223"><ele>337.1</ele></trkpt><trkpt lat="37.945967" lon="-122.134561"><ele>337.2</ele></trkpt><trkpt lat="37.945840" lon="-122.134707"><ele>337.4</ele></trkpt><trkpt lat="37.945700" lon="-122.134804"><ele>337.5</ele></trkpt><trkpt lat="37.945549" lon="-122.134849"><ele>337.7</ele></trkpt><trkpt lat="37.945310" lon="-122.134869"><ele>338.0</ele></trkpt><trkpt lat="37.945067" lon="-122.134943"><ele>338.3</ele></trkpt><trkpt lat="37.944656" lon="-122.135148"><ele>339.0</ele></trkpt><trkpt lat="37.944246" lon="-122.135325"><ele>340.2</ele></trkpt><trkpt lat="37.944015" lon="-122.135435"><ele>341.0</ele></trkpt><trkpt lat="37.943799" lon="-122.135559"><ele>342.1</ele></trkpt><trkpt lat="37.942785" lon="-122.136769"><ele>349.2</ele></trkpt><trkpt lat="37.942630" lon="-122.137037"><ele>353.2</ele></trkpt><trkpt lat="37.942587" lon="-122.137159"><ele>354.8</ele></trkpt><trkpt lat="37.942560" lon="-122.137343"><ele>357.1</ele></trkpt><trkpt lat="37.942575" lon="-122.137523"><ele>358.8</ele></trkpt><trkpt lat="37.942666" lon="-122.137713"><ele>360.9</ele></trkpt><trkpt lat="37.942723" lon="-122.137874"><ele>362.5</ele></trkpt><trkpt lat="37.942758" lon="-122.137979"><ele>363.6</ele></trkpt><trkpt lat="37.942740" lon="-122.138009"><ele>363.9</ele></trkpt><trkpt lat="37.942722" lon="-122.138061"><ele>364.4</ele></trkpt><trkpt lat="37.942709" lon="-122.138113"><ele>364.9</ele></trkpt><trkpt lat="37.942704" lon="-122.138157"><ele>365.2</ele></trkpt><trkpt lat="37.942702" lon="-122.138192"><ele>365.5</ele></trkpt><trkpt lat="37.942710" lon="-122.138238"><ele>365.9</ele></trkpt><trkpt lat="37.942714" lon="-122.138265"><ele>366.2</ele></trkpt><trkpt lat="37.942731" lon="-122.138326"><ele>366.7</ele></trkpt><trkpt lat="37.942759" lon="-122.138423"><ele>367.6</ele></trkpt><trkpt lat="37.942783" lon="-122.138481"><ele>368.2</ele></trkpt><trkpt lat="37.942821" lon="-122.138552"><ele>368.9</ele></trkpt><trkpt lat="37.942870" lon="-122.138607"><ele>369.6</ele></trkpt><trkpt lat="37.942913" lon="-122.138662"><ele>370.2</ele></trkpt><trkpt lat="37.942961" lon="-122.138748"><ele>371.0</ele></trkpt><trkpt lat="37.943031" lon="-122.138838"><ele>372.0</ele></trkpt><trkpt lat="37.943078" lon="-122.138926"><ele>372.8</ele></trkpt><trkpt lat="37.943132" lon="-122.139082"><ele>374.1</ele></trkpt><trkpt lat="37.943140" lon="-122.139135"><ele>374.5</ele></trkpt><trkpt lat="37.943180" lon="-122.139315"><ele>375.4</ele></trkpt><trkpt lat="37.943192" lon="-122.139352"><ele>375.6</ele></trkpt><trkpt lat="37.943231" lon="-122.139396"><ele>375.8</ele></trkpt><trkpt lat="37.943268" lon="-122.139457"><ele>376.1</ele></trkpt><trkpt lat="37.943316" lon="-122.139572"><ele>376.7</ele></trkpt><trkpt lat="37.943323" lon="-122.139614"><ele>376.8</ele></trkpt><trkpt lat="37.943324" lon="-122.139644"><ele>376.9</ele></trkpt><trkpt lat="37.943298" lon="-122.139938"><ele>377.6</ele></trkpt><trkpt lat="37.943282" lon="-122.140009"><ele>377.6</ele></trkpt><trkpt lat="37.943267" lon="-122.140110"><ele>377.5</ele></trkpt><trkpt lat="37.943246" lon="-122.140203"><ele>377.5</ele></trkpt><trkpt lat="37.943207" lon="-122.140307"><ele>377.4</ele></trkpt><trkpt lat="37.943177" lon="-122.140484"><ele>377.3</ele></trkpt><trkpt lat="37.943163" lon="-122.140537"><ele>377.3</ele></trkpt><trkpt lat="37.943155" lon="-122.140600"><ele>377.3</ele></trkpt><trkpt lat="37.943136" lon="-122.140681"><ele>377.2</ele></trkpt><trkpt lat="37.943120" lon="-122.140731"><ele>377.2</ele></trkpt><trkpt lat="37.943109" lon="-122.140806"><ele>377.2</ele></trkpt><trkpt lat="37.943080" lon="-122.140923"><ele>377.1</ele></trkpt><trkpt lat="37.943045" lon="-122.141088"><ele>377.1</ele></trkpt><trkpt lat="37.943031" lon="-122.141181"><ele>377.2</ele></trkpt><trkpt lat="37.943004" lon="-122.141279"><ele>377.7</ele></trkpt><trkpt lat="37.942995" lon="-122.141361"><ele>378.0</ele></trkpt><trkpt lat="37.942952" lon="-122.141513"><ele>378.7</ele></trkpt><trkpt lat="37.942943" lon="-122.141572"><ele>378.9</ele></trkpt><trkpt lat="37.942922" lon="-122.141650"><ele>379.2</ele></trkpt><trkpt lat="37.942904" lon="-122.141755"><ele>379.7</ele></trkpt><trkpt lat="37.942869" lon="-122.141899"><ele>381.3</ele></trkpt><trkpt lat="37.942852" lon="-122.142023"><ele>382.8</ele></trkpt><trkpt lat="37.942829" lon="-122.142102"><ele>383.8</ele></trkpt><trkpt lat="37.942747" lon="-122.142563"><ele>389.7</ele></trkpt><trkpt lat="37.942717" lon="-122.142666"><ele>391.1</ele></trkpt><trkpt lat="37.942653" lon="-122.142906"><ele>394.4</ele></trkpt><trkpt lat="37.942597" lon="-122.143194"><ele>398.4</ele></trkpt><trkpt lat="37.942593" lon="-122.143243"><ele>399.0</ele></trkpt><trkpt lat="37.942620" lon="-122.143303"><ele>399.9</ele></trkpt><trkpt lat="37.942670" lon="-122.143380"><ele>401.3</ele></trkpt><trkpt lat="37.942996" lon="-122.143767"><ele>408.2</ele></trkpt><trkpt lat="37.943286" lon="-122.144183"><ele>413.6</ele></trkpt><trkpt lat="37.943522" lon="-122.144459"><ele>416.4</ele></trkpt><trkpt lat="37.944298" lon="-122.145261"><ele>416.4</ele></trkpt><trkpt lat="37.944582" lon="-122.145451"><ele>414.4</ele></trkpt><trkpt lat="37.944691" lon="-122.145475"><ele>413.1</ele></trkpt><trkpt lat="37.944735" lon="-122.145475"><ele>412.7</ele></trkpt><trkpt lat="37.944690" lon="-122.145514"><ele>412.1</ele></trkpt><trkpt lat="37.944615" lon="-122.145649"><ele>410.6</ele></trkpt><trkpt lat="37.944289" lon="-122.145997"><ele>406.9</ele></trkpt><trkpt lat="37.944099" lon="-122.146264"><ele>404.7</ele></trkpt><trkpt lat="37.943977" lon="-122.146502"><ele>402.3</ele></trkpt><trkpt lat="37.943913" lon="-122.146676"><ele>400.7</ele></trkpt><trkpt lat="37.943777" lon="-122.147162"><ele>396.1</ele></trkpt><trkpt lat="37.943748" lon="-122.147337"><ele>394.4</ele></trkpt><trkpt lat="37.943711" lon="-122.147733"><ele>392.7</ele></trkpt><trkpt lat="37.943682" lon="-122.147881"><ele>392.5</ele></trkpt><trkpt lat="37.943613" lon="-122.148035"><ele>392.4</ele></trkpt><trkpt lat="37.943445" lon="-122.148305"><ele>392.3</ele></trkpt><trkpt lat="37.943338" lon="-122.148512"><ele>392.3</ele></trkpt><trkpt lat="37.943295" lon="-122.148682"><ele>392.3</ele></trkpt><trkpt lat="37.943287" lon="-122.148806"><ele>392.5</ele></trkpt><trkpt lat="37.943293" lon="-122.148953"><ele>392.9</ele></trkpt><trkpt lat="37.943369" lon="-122.149370"><ele>394.1</ele></trkpt><trkpt lat="37.943347" lon="-122.149533"><ele>393.3</ele></trkpt><trkpt lat="37.943312" lon="-122.149633"><ele>392.8</ele></trkpt><trkpt lat="37.943271" lon="-122.149700"><ele>392.4</ele></trkpt><trkpt lat="37.943069" lon="-122.149880"><ele>390.9</ele></trkpt><trkpt lat="37.942909" lon="-122.149987"><ele>390.0</ele></trkpt><trkpt lat="37.942739" lon="-122.150157"><ele>389.1</ele></trkpt><trkpt lat="37.942638" lon="-122.150297"><ele>388.4</ele></trkpt><trkpt lat="37.942592" lon="-122.150395"><ele>387.3</ele></trkpt><trkpt lat="37.942409" lon="-122.150790"><ele>382.4</ele></trkpt><trkpt lat="37.942241" lon="-122.150983"><ele>378.3</ele></trkpt><trkpt lat="37.942037" lon="-122.151219"><ele>372.5</ele></trkpt><trkpt lat="37.941698" lon="-122.151854"><ele>358.3</ele></trkpt><trkpt lat="37.941667" lon="-122.152044"><ele>355.3</ele></trkpt><trkpt lat="37.941577" lon="-122.152584"><ele>349.4</ele></trkpt><trkpt lat="37.941455" lon="-122.152893"><ele>343.3</ele></trkpt><trkpt lat="37.941290" lon="-122.153104"><ele>337.8</ele></trkpt><trkpt lat="37.941023" lon="-122.153418"><ele>330.4</ele></trkpt><trkpt lat="37.940895" lon="-122.153602"><ele>326.5</ele></trkpt><trkpt lat="37.940713" lon="-122.153976"><ele>321.3</ele></trkpt><trkpt lat="37.940639" lon="-122.154174"><ele>318.8</ele></trkpt><trkpt lat="37.940655" lon="-122.154330"><ele>316.7</ele></trkpt><trkpt lat="37.940688" lon="-122.154667"><ele>311.4</ele></trkpt><trkpt lat="37.940636" lon="-122.154878"><ele>307.9</ele></trkpt><trkpt lat="37.940183" lon="-122.155454"><ele>299.3</ele></trkpt><trkpt lat="37.940070" lon="-122.155596"><ele>298.3</ele></trkpt><trkpt lat="37.940038" lon="-122.155644"><ele>298.0</ele></trkpt><trkpt lat="37.940023" lon="-122.155698"><ele>297.7</ele></trkpt><trkpt lat="37.940025" lon="-122.155747"><ele>297.4</ele></trkpt><trkpt lat="37.940080" lon="-122.156078"><ele>294.9</ele></trkpt><trkpt lat="37.940121" lon="-122.156326"><ele>291.4</ele></trkpt><trkpt lat="37.940144" lon="-122.156469"><ele>289.3</ele></trkpt><trkpt lat="37.940168" lon="-122.156623"><ele>287.2</ele></trkpt><trkpt lat="37.940144" lon="-122.156469"><ele>288.4</ele></trkpt><trkpt lat="37.940121" lon="-122.156326"><ele>289.5</ele></trkpt><trkpt lat="37.940080" lon="-122.156078"><ele>291.6</ele></trkpt><trkpt lat="37.940025" lon="-122.155747"><ele>293.7</ele></trkpt><trkpt lat="37.940023" lon="-122.155698"><ele>294.0</ele></trkpt><trkpt lat="37.940038" lon="-122.155644"><ele>294.3</ele></trkpt><trkpt lat="37.940070" lon="-122.155596"><ele>294.6</ele></trkpt><trkpt lat="37.940183" lon="-122.155454"><ele>295.7</ele></trkpt><trkpt lat="37.940636" lon="-122.154878"><ele>307.5</ele></trkpt><trkpt lat="37.940688" lon="-122.154667"><ele>311.0</ele></trkpt><trkpt lat="37.940655" lon="-122.154330"><ele>316.3</ele></trkpt><trkpt lat="37.940639" lon="-122.154174"><ele>318.6</ele></trkpt><trkpt lat="37.940713" lon="-122.153976"><ele>321.0</ele></trkpt><trkpt lat="37.940895" lon="-122.153602"><ele>326.1</ele></trkpt><trkpt lat="37.941023" lon="-122.153418"><ele>330.0</ele></trkpt><trkpt lat="37.941290" lon="-122.153104"><ele>337.3</ele></trkpt><trkpt lat="37.941455" lon="-122.152893"><ele>342.8</ele></trkpt><trkpt lat="37.941577" lon="-122.152584"><ele>349.1</ele></trkpt><trkpt lat="37.941667" lon="-122.152044"><ele>355.0</ele></trkpt><trkpt lat="37.941698" lon="-122.151854"><ele>356.8</ele></trkpt><trkpt lat="37.942037" lon="-122.151219"><ele>361.9</ele></trkpt><trkpt lat="37.942241" lon="-122.150983"><ele>364.2</ele></trkpt><trkpt lat="37.941588" lon="-122.150902"><ele>368.0</ele></trkpt><trkpt lat="37.941541" lon="-122.150870"><ele>368.3</ele></trkpt><trkpt lat="37.940938" lon="-122.151128"><ele>371.9</ele></trkpt><trkpt lat="37.939690" lon="-122.151453"><ele>381.6</ele></trkpt><trkpt lat="37.938899" lon="-122.151376"><ele>381.6</ele></trkpt><trkpt lat="37.938813" lon="-122.151375"><ele>380.7</ele></trkpt><trkpt lat="37.938728" lon="-122.151400"><ele>379.8</ele></trkpt><trkpt lat="37.938640" lon="-122.151471"><ele>378.7</ele></trkpt><trkpt lat="37.938340" lon="-122.151912"><ele>374.1</ele></trkpt><trkpt lat="37.938166" lon="-122.152135"><ele>371.8</ele></trkpt><trkpt lat="37.937873" lon="-122.152437"><ele>367.8</ele></trkpt><trkpt lat="37.937692" lon="-122.152738"><ele>364.8</ele></trkpt><trkpt lat="37.937647" lon="-122.152800"><ele>364.5</ele></trkpt><trkpt lat="37.937599" lon="-122.152843"><ele>364.2</ele></trkpt><trkpt lat="37.937538" lon="-122.152875"><ele>363.8</ele></trkpt><trkpt lat="37.937206" lon="-122.153000"><ele>361.6</ele></trkpt><trkpt lat="37.936940" lon="-122.153007"><ele>358.5</ele></trkpt><trkpt lat="37.936497" lon="-122.152935"><ele>354.1</ele></trkpt><trkpt lat="37.936304" lon="-122.152970"><ele>352.7</ele></trkpt><trkpt lat="37.936088" lon="-122.153038"><ele>350.9</ele></trkpt><trkpt lat="37.935784" lon="-122.153076"><ele>348.1</ele></trkpt><trkpt lat="37.935206" lon="-122.153108"><ele>344.7</ele></trkpt><trkpt lat="37.935071" lon="-122.153004"><ele>343.8</ele></trkpt><trkpt lat="37.934887" lon="-122.153041"><ele>342.6</ele></trkpt><trkpt lat="37.934672" lon="-122.153042"><ele>341.1</ele></trkpt><trkpt lat="37.934435" lon="-122.153091"><ele>340.9</ele></trkpt><trkpt lat="37.934287" lon="-122.153168"><ele>341.3</ele></trkpt><trkpt lat="37.934066" lon="-122.153339"><ele>342.2</ele></trkpt><trkpt lat="37.933985" lon="-122.153379"><ele>342.9</ele></trkpt><trkpt lat="37.933865" lon="-122.153408"><ele>343.9</ele></trkpt><trkpt lat="37.933541" lon="-122.153576"><ele>346.7</ele></trkpt><trkpt lat="37.933375" lon="-122.153603"><ele>347.1</ele></trkpt><trkpt lat="37.933173" lon="-122.153713"><ele>347.7</ele></trkpt><trkpt lat="37.933115" lon="-122.153727"><ele>347.9</ele></trkpt><trkpt lat="37.933067" lon="-122.153689"><ele>348.1</ele></trkpt><trkpt lat="37.933048" lon="-122.153639"><ele>348.0</ele></trkpt><trkpt lat="37.933020" lon="-122.153460"><ele>347.7</ele></trkpt><trkpt lat="37.932913" lon="-122.153182"><ele>347.1</ele></trkpt><trkpt lat="37.932848" lon="-122.153100"><ele>346.9</ele></trkpt><trkpt lat="37.932782" lon="-122.153068"><ele>346.3</ele></trkpt><trkpt lat="37.932541" lon="-122.153059"><ele>344.0</ele></trkpt><trkpt lat="37.932188" lon="-122.153108"><ele>339.2</ele></trkpt><trkpt lat="37.931918" lon="-122.153006"><ele>332.9</ele></trkpt><trkpt lat="37.931665" lon="-122.152945"><ele>326.6</ele></trkpt><trkpt lat="37.931102" lon="-122.153025"><ele>311.1</ele></trkpt><trkpt lat="37.930912" lon="-122.152979"><ele>306.4</ele></trkpt><trkpt lat="37.930730" lon="-122.152973"><ele>302.0</ele></trkpt><trkpt lat="37.930474" lon="-122.152932"><ele>293.8</ele></trkpt><trkpt lat="37.930019" lon="-122.152699"><ele>279.5</ele></trkpt><trkpt lat="37.929768" lon="-122.152621"><ele>274.1</ele></trkpt><trkpt lat="37.929554" lon="-122.152605"><ele>269.7</ele></trkpt><trkpt lat="37.928805" lon="-122.152654"><ele>254.7</ele></trkpt><trkpt lat="37.928645" lon="-122.152647"><ele>251.4</ele></trkpt><trkpt lat="37.928424" lon="-122.152602"><ele>247.6</ele></trkpt><trkpt lat="37.928418" lon="-122.152622"><ele>247.3</ele></trkpt><trkpt lat="37.928202" lon="-122.153319"><ele>240.0</ele></trkpt><trkpt lat="37.928147" lon="-122.153495"><ele>239.0</ele></trkpt><trkpt lat="37.928218" lon="-122.153845"><ele>237.1</ele></trkpt><trkpt lat="37.928221" lon="-122.153982"><ele>236.5</ele></trkpt><trkpt lat="37.928189" lon="-122.154208"><ele>235.5</ele></trkpt><trkpt lat="37.928128" lon="-122.154424"><ele>234.4</ele></trkpt><trkpt lat="37.927956" lon="-122.154774"><ele>232.5</ele></trkpt><trkpt lat="37.927654" lon="-122.155290"><ele>229.3</ele></trkpt><trkpt lat="37.927553" lon="-122.155441"><ele>228.3</ele></trkpt><trkpt lat="37.927490" lon="-122.155536"><ele>227.7</ele></trkpt><trkpt lat="37.927459" lon="-122.155607"><ele>227.4</ele></trkpt><trkpt lat="37.927439" lon="-122.155665"><ele>227.1</ele></trkpt><trkpt lat="37.927416" lon="-122.155724"><ele>226.8</ele></trkpt><trkpt lat="37.927328" lon="-122.155997"><ele>225.5</ele></trkpt><trkpt lat="37.927267" lon="-122.156370"><ele>223.4</ele></trkpt><trkpt lat="37.927262" lon="-122.156675"><ele>221.6</ele></trkpt><trkpt lat="37.927274" lon="-122.156998"><ele>219.7</ele></trkpt><trkpt lat="37.927271" lon="-122.157136"><ele>218.8</ele></trkpt><trkpt lat="37.927255" lon="-122.157270"><ele>218.0</ele></trkpt><trkpt lat="37.927227" lon="-122.157403"><ele>217.2</ele></trkpt><trkpt lat="37.927186" lon="-122.157527"><ele>216.9</ele></trkpt><trkpt lat="37.927085" lon="-122.157727"><ele>217.5</ele></trkpt><trkpt lat="37.927081" lon="-122.157791"><ele>217.7</ele></trkpt><trkpt lat="37.927037" lon="-122.157879"><ele>218.0</ele></trkpt><trkpt lat="37.926992" lon="-122.157934"><ele>218.2</ele></trkpt><trkpt lat="37.926911" lon="-122.158189"><ele>218.9</ele></trkpt><trkpt lat="37.926899" lon="-122.158371"><ele>219.3</ele></trkpt><trkpt lat="37.926915" lon="-122.158507"><ele>219.6</ele></trkpt><trkpt lat="37.927117" lon="-122.159196"><ele>220.7</ele></trkpt><trkpt lat="37.927127" lon="-122.159287"><ele>220.9</ele></trkpt><trkpt lat="37.927101" lon="-122.159467"><ele>221.2</ele></trkpt><trkpt lat="37.927043" lon="-122.159635"><ele>221.5</ele></trkpt><trkpt lat="37.926806" lon="-122.160149"><ele>222.4</ele></trkpt><trkpt lat="37.926704" lon="-122.160492"><ele>222.7</ele></trkpt><trkpt lat="37.926650" lon="-122.160609"><ele>222.7</ele></trkpt><trkpt lat="37.926596" lon="-122.160670"><ele>222.2</ele></trkpt><trkpt lat="37.926532" lon="-122.160712"><ele>221.7</ele></trkpt><trkpt lat="37.926438" lon="-122.160757"><ele>221.0</ele></trkpt><trkpt lat="37.926293" lon="-122.160826"><ele>220.0</ele></trkpt><trkpt lat="37.926126" lon="-122.160905"><ele>218.9</ele></trkpt><trkpt lat="37.926041" lon="-122.160990"><ele>218.4</ele></trkpt><trkpt lat="37.925953" lon="-122.161136"><ele>217.8</ele></trkpt><trkpt lat="37.925887" lon="-122.161397"><ele>216.8</ele></trkpt><trkpt lat="37.925765" lon="-122.162629"><ele>215.0</ele></trkpt><trkpt lat="37.925755" lon="-122.162726"><ele>214.9</ele></trkpt><trkpt lat="37.925314" lon="-122.162691"><ele>212.4</ele></trkpt><trkpt lat="37.925044" lon="-122.162696"><ele>211.3</ele></trkpt><trkpt lat="37.924753" lon="-122.162736"><ele>210.6</ele></trkpt><trkpt lat="37.924489" lon="-122.162803"><ele>209.5</ele></trkpt><trkpt lat="37.924230" lon="-122.162890"><ele>208.0</ele></trkpt><trkpt lat="37.923994" lon="-122.162988"><ele>206.7</ele></trkpt><trkpt lat="37.923641" lon="-122.163180"><ele>204.7</ele></trkpt><trkpt lat="37.923411" lon="-122.163335"><ele>202.6</ele></trkpt><trkpt lat="37.922582" lon="-122.163926"><ele>199.7</ele></trkpt><trkpt lat="37.922196" lon="-122.164159"><ele>198.2</ele></trkpt><trkpt lat="37.921962" lon="-122.164272"><ele>197.6</ele></trkpt><trkpt lat="37.921557" lon="-122.164451"><ele>196.6</ele></trkpt><trkpt lat="37.921306" lon="-122.164561"><ele>195.6</ele></trkpt><trkpt lat="37.920998" lon="-122.164716"><ele>195.2</ele></trkpt><trkpt lat="37.920827" lon="-122.164821"><ele>195.3</ele></trkpt><trkpt lat="37.920624" lon="-122.164967"><ele>195.3</ele></trkpt><trkpt lat="37.920435" lon="-122.165149"><ele>194.9</ele></trkpt><trkpt lat="37.920264" lon="-122.165349"><ele>194.5</ele></trkpt><trkpt lat="37.920162" lon="-122.165487"><ele>194.3</ele></trkpt><trkpt lat="37.920073" lon="-122.165606"><ele>194.2</ele></trkpt><trkpt lat="37.919875" lon="-122.165978"><ele>193.8</ele></trkpt><trkpt lat="37.919743" lon="-122.166305"><ele>193.5</ele></trkpt><trkpt lat="37.919633" lon="-122.166660"><ele>193.8</ele></trkpt><trkpt lat="37.919484" lon="-122.167173"><ele>196.0</ele></trkpt><trkpt lat="37.919321" lon="-122.167734"><ele>197.9</ele></trkpt><trkpt lat="37.919006" lon="-122.168811"><ele>204.2</ele></trkpt><trkpt lat="37.918109" lon="-122.171889"><ele>226.4</ele></trkpt><trkpt lat="37.918019" lon="-122.172291"><ele>227.7</ele></trkpt><trkpt lat="37.917925" lon="-122.173381"><ele>242.1</ele></trkpt><trkpt lat="37.917920" lon="-122.173538"><ele>244.1</ele></trkpt><trkpt lat="37.917908" lon="-122.173937"><ele>248.8</ele></trkpt><trkpt lat="37.917991" lon="-122.174925"><ele>260.3</ele></trkpt><trkpt lat="37.918043" lon="-122.175356"><ele>265.4</ele></trkpt><trkpt lat="37.918180" lon="-122.176501"><ele>276.4</ele></trkpt><trkpt lat="37.918230" lon="-122.176916"><ele>277.1</ele></trkpt><trkpt lat="37.918281" lon="-122.177344"><ele>278.0</ele></trkpt><trkpt lat="37.918407" lon="-122.178393"><ele>278.9</ele></trkpt><trkpt lat="37.918497" lon="-122.179146"><ele>279.9</ele></trkpt><trkpt lat="37.918528" lon="-122.179408"><ele>279.2</ele></trkpt><trkpt lat="37.918684" lon="-122.180708"><ele>278.2</ele></trkpt><trkpt lat="37.918831" lon="-122.181934"><ele>279.4</ele></trkpt><trkpt lat="37.918917" lon="-122.182648"><ele>278.7</ele></trkpt><trkpt lat="37.919028" lon="-122.183574"><ele>274.6</ele></trkpt><trkpt lat="37.919052" lon="-122.183779"><ele>273.0</ele></trkpt><trkpt lat="37.919086" lon="-122.184065"><ele>270.7</ele></trkpt><trkpt lat="37.919100" lon="-122.184180"><ele>269.8</ele></trkpt><trkpt lat="37.919128" lon="-122.184414"><ele>267.9</ele></trkpt><trkpt lat="37.919225" lon="-122.185115"><ele>262.7</ele></trkpt><trkpt lat="37.919352" lon="-122.185730"><ele>258.4</ele></trkpt><trkpt lat="37.919437" lon="-122.186057"><ele>257.0</ele></trkpt><trkpt lat="37.919619" lon="-122.186750"><ele>255.6</ele></trkpt><trkpt lat="37.919697" lon="-122.187000"><ele>255.5</ele></trkpt><trkpt lat="37.919740" lon="-122.187136"><ele>255.4</ele></trkpt><trkpt lat="37.919816" lon="-122.187378"><ele>255.3</ele></trkpt><trkpt lat="37.920004" lon="-122.187977"><ele>255.0</ele></trkpt><trkpt lat="37.920216" lon="-122.188677"><ele>256.0</ele></trkpt><trkpt lat="37.920336" lon="-122.189204"><ele>257.6</ele></trkpt><trkpt lat="37.920427" lon="-122.189697"><ele>258.5</ele></trkpt><trkpt lat="37.920661" lon="-122.192018"><ele>273.5</ele></trkpt><trkpt lat="37.920762" lon="-122.192394"><ele>275.5</ele></trkpt><trkpt lat="37.920876" lon="-122.192702"><ele>274.9</ele></trkpt><trkpt lat="37.921148" lon="-122.193110"><ele>274.5</ele></trkpt><trkpt lat="37.921416" lon="-122.193470"><ele>275.0</ele></trkpt><trkpt lat="37.921659" lon="-122.193827"><ele>275.6</ele></trkpt><trkpt lat="37.921778" lon="-122.194002"><ele>275.8</ele></trkpt><trkpt lat="37.921971" lon="-122.194285"><ele>274.9</ele></trkpt><trkpt lat="37.922104" lon="-122.194599"><ele>274.0</ele></trkpt><trkpt lat="37.922178" lon="-122.194910"><ele>272.5</ele></trkpt><trkpt lat="37.922209" lon="-122.195230"><ele>271.3</ele></trkpt><trkpt lat="37.922187" lon="-122.195565"><ele>271.6</ele></trkpt><trkpt lat="37.922120" lon="-122.195850"><ele>271.9</ele></trkpt><trkpt lat="37.922009" lon="-122.196173"><ele>270.8</ele></trkpt><trkpt lat="37.921798" lon="-122.196528"><ele>269.5</ele></trkpt><trkpt lat="37.921682" lon="-122.196643"><ele>269.0</ele></trkpt><trkpt lat="37.921585" lon="-122.196739"><ele>268.6</ele></trkpt><trkpt lat="37.921322" lon="-122.196911"><ele>267.5</ele></trkpt><trkpt lat="37.921031" lon="-122.197011"><ele>266.3</ele></trkpt><trkpt lat="37.920587" lon="-122.197089"><ele>261.7</ele></trkpt><trkpt lat="37.919875" lon="-122.197214"><ele>256.3</ele></trkpt><trkpt lat="37.919641" lon="-122.197300"><ele>254.5</ele></trkpt><trkpt lat="37.919435" lon="-122.197457"><ele>252.6</ele></trkpt><trkpt lat="37.919193" lon="-122.197704"><ele>250.2</ele></trkpt><trkpt lat="37.918970" lon="-122.198011"><ele>247.6</ele></trkpt><trkpt lat="37.918925" lon="-122.198091"><ele>247.0</ele></trkpt><trkpt lat="37.918692" lon="-122.198503"><ele>243.8</ele></trkpt><trkpt lat="37.918184" lon="-122.199401"><ele>237.0</ele></trkpt><trkpt lat="37.917797" lon="-122.199921"><ele>235.8</ele></trkpt><trkpt lat="37.917529" lon="-122.200149"><ele>235.9</ele></trkpt><trkpt lat="37.917385" lon="-122.200267"><ele>235.9</ele></trkpt><trkpt lat="37.917189" lon="-122.200347"><ele>235.9</ele></trkpt><trkpt lat="37.916965" lon="-122.200400"><ele>235.2</ele></trkpt><trkpt lat="37.916739" lon="-122.200423"><ele>233.9</ele></trkpt><trkpt lat="37.916364" lon="-122.200405"><ele>232.8</ele></trkpt><trkpt lat="37.916295" lon="-122.200402"><ele>232.7</ele></trkpt><trkpt lat="37.914873" lon="-122.200409"><ele>217.5</ele></trkpt><trkpt lat="37.914589" lon="-122.200460"><ele>212.7</ele></trkpt><trkpt lat="37.914266" lon="-122.200598"><ele>208.8</ele></trkpt><trkpt lat="37.914100" lon="-122.200711"><ele>208.0</ele></trkpt><trkpt lat="37.914041" lon="-122.200751"><ele>207.7</ele></trkpt><trkpt lat="37.912602" lon="-122.201738"><ele>202.6</ele></trkpt><trkpt lat="37.910646" lon="-122.203088"><ele>191.7</ele></trkpt><trkpt lat="37.910353" lon="-122.203291"><ele>189.7</ele></trkpt><trkpt lat="37.910199" lon="-122.203395"><ele>188.7</ele></trkpt><trkpt lat="37.909793" lon="-122.203670"><ele>185.0</ele></trkpt><trkpt lat="37.909537" lon="-122.203851"><ele>182.5</ele></trkpt><trkpt lat="37.909187" lon="-122.204127"><ele>179.5</ele></trkpt><trkpt lat="37.908953" lon="-122.204348"><ele>177.3</ele></trkpt><trkpt lat="37.908740" lon="-122.204678"><ele>174.6</ele></trkpt><trkpt lat="37.908582" lon="-122.205029"><ele>172.5</ele></trkpt><trkpt lat="37.908526" lon="-122.205237"><ele>171.3</ele></trkpt><trkpt lat="37.908475" lon="-122.205456"><ele>169.2</ele></trkpt><trkpt lat="37.908460" lon="-122.205599"><ele>167.9</ele></trkpt><trkpt lat="37.908433" lon="-122.205856"><ele>165.6</ele></trkpt><trkpt lat="37.908451" lon="-122.206178"><ele>162.4</ele></trkpt><trkpt lat="37.908534" lon="-122.206672"><ele>157.0</ele></trkpt><trkpt lat="37.908634" lon="-122.207268"><ele>149.1</ele></trkpt><trkpt lat="37.908945" lon="-122.208744"><ele>128.0</ele></trkpt><trkpt lat="37.908951" lon="-122.208918"><ele>125.6</ele></trkpt><trkpt lat="37.908952" lon="-122.208967"><ele>124.9</ele></trkpt><trkpt lat="37.908945" lon="-122.209173"><ele>122.0</ele></trkpt><trkpt lat="37.908920" lon="-122.209441"><ele>119.0</ele></trkpt><trkpt lat="37.908899" lon="-122.209582"><ele>117.5</ele></trkpt><trkpt lat="37.908872" lon="-122.209731"><ele>115.9</ele></trkpt><trkpt lat="37.908817" lon="-122.209903"><ele>114.0</ele></trkpt><trkpt lat="37.908774" lon="-122.210032"><ele>113.0</ele></trkpt><trkpt lat="37.908708" lon="-122.210183"><ele>111.8</ele></trkpt><trkpt lat="37.908579" lon="-122.210432"><ele>109.6</ele></trkpt><trkpt lat="37.908438" lon="-122.210649"><ele>108.4</ele></trkpt><trkpt lat="37.908260" lon="-122.210836"><ele>107.4</ele></trkpt><trkpt lat="37.908097" lon="-122.210977"><ele>106.5</ele></trkpt><trkpt lat="37.907842" lon="-122.211139"><ele>105.0</ele></trkpt><trkpt lat="37.907518" lon="-122.211267"><ele>103.9</ele></trkpt><trkpt lat="37.907307" lon="-122.211301"><ele>103.9</ele></trkpt><trkpt lat="37.907133" lon="-122.211310"><ele>103.9</ele></trkpt><trkpt lat="37.906936" lon="-122.211294"><ele>104.2</ele></trkpt><trkpt lat="37.906802" lon="-122.211248"><ele>104.5</ele></trkpt><trkpt lat="37.906704" lon="-122.211214"><ele>104.6</ele></trkpt><trkpt lat="37.906387" lon="-122.211069"><ele>106.0</ele></trkpt><trkpt lat="37.906067" lon="-122.210804"><ele>108.0</ele></trkpt><trkpt lat="37.905918" lon="-122.210641"><ele>108.4</ele></trkpt><trkpt lat="37.905412" lon="-122.210010"><ele>111.2</ele></trkpt><trkpt lat="37.904415" lon="-122.208692"><ele>116.3</ele></trkpt><trkpt lat="37.904413" lon="-122.208691"><ele>116.3</ele></trkpt><trkpt lat="37.903832" lon="-122.208014"><ele>117.0</ele></trkpt><trkpt lat="37.903550" lon="-122.207744"><ele>116.0</ele></trkpt><trkpt lat="37.903486" lon="-122.207700"><ele>115.8</ele></trkpt><trkpt lat="37.903285" lon="-122.207564"><ele>115.0</ele></trkpt><trkpt lat="37.902535" lon="-122.207184"><ele>111.9</ele></trkpt><trkpt lat="37.902367" lon="-122.207129"><ele>111.2</ele></trkpt><trkpt lat="37.902209" lon="-122.207083"><ele>110.6</ele></trkpt><trkpt lat="37.901983" lon="-122.207056"><ele>109.8</ele></trkpt><trkpt lat="37.901848" lon="-122.207057"><ele>109.4</ele></trkpt><trkpt lat="37.901643" lon="-122.207093"><ele>109.3</ele></trkpt><trkpt lat="37.901385" lon="-122.207137"><ele>109.6</ele></trkpt><trkpt lat="37.901205" lon="-122.207215"><ele>109.9</ele></trkpt><trkpt lat="37.901066" lon="-122.207363"><ele>110.5</ele></trkpt><trkpt lat="37.900961" lon="-122.207565"><ele>111.2</ele></trkpt><trkpt lat="37.900919" lon="-122.207746"><ele>111.6</ele></trkpt><trkpt lat="37.900968" lon="-122.208260"><ele>112.8</ele></trkpt><trkpt lat="37.900932" lon="-122.208668"><ele>113.8</ele></trkpt><trkpt lat="37.900697" lon="-122.209120"><ele>115.8</ele></trkpt><trkpt lat="37.900422" lon="-122.209897"><ele>120.6</ele></trkpt><trkpt lat="37.900232" lon="-122.210128"><ele>121.8</ele></trkpt><trkpt lat="37.899997" lon="-122.210262"><ele>122.7</ele></trkpt><trkpt lat="37.899939" lon="-122.210289"><ele>122.9</ele></trkpt><trkpt lat="37.899912" lon="-122.210301"><ele>123.0</ele></trkpt><trkpt lat="37.899776" lon="-122.210364"><ele>123.4</ele></trkpt><trkpt lat="37.899605" lon="-122.210443"><ele>124.4</ele></trkpt><trkpt lat="37.899518" lon="-122.210495"><ele>125.1</ele></trkpt><trkpt lat="37.899414" lon="-122.210571"><ele>126.0</ele></trkpt><trkpt lat="37.899404" lon="-122.210580"><ele>126.1</ele></trkpt><trkpt lat="37.899353" lon="-122.210655"><ele>126.7</ele></trkpt><trkpt lat="37.899310" lon="-122.210749"><ele>127.3</ele></trkpt><trkpt lat="37.899294" lon="-122.210848"><ele>128.1</ele></trkpt><trkpt lat="37.899294" lon="-122.210972"><ele>129.5</ele></trkpt><trkpt lat="37.899328" lon="-122.211169"><ele>131.7</ele></trkpt><trkpt lat="37.899480" lon="-122.211865"><ele>139.5</ele></trkpt><trkpt lat="37.899629" lon="-122.212562"><ele>143.3</ele></trkpt><trkpt lat="37.899689" lon="-122.212875"><ele>144.6</ele></trkpt><trkpt lat="37.899709" lon="-122.213037"><ele>146.4</ele></trkpt><trkpt lat="37.899733" lon="-122.213278"><ele>149.0</ele></trkpt><trkpt lat="37.899758" lon="-122.213389"><ele>150.3</ele></trkpt><trkpt lat="37.899803" lon="-122.213489"><ele>151.6</ele></trkpt><trkpt lat="37.899899" lon="-122.213607"><ele>153.9</ele></trkpt><trkpt lat="37.899978" lon="-122.213693"><ele>155.6</ele></trkpt><trkpt lat="37.900043" lon="-122.213771"><ele>157.2</ele></trkpt><trkpt lat="37.900094" lon="-122.213880"><ele>158.9</ele></trkpt><trkpt lat="37.900124" lon="-122.214000"><ele>160.3</ele></trkpt><trkpt lat="37.900123" lon="-122.214110"><ele>160.4</ele></trkpt><trkpt lat="37.900097" lon="-122.214257"><ele>160.6</ele></trkpt><trkpt lat="37.900048" lon="-122.214380"><ele>160.7</ele></trkpt><trkpt lat="37.899945" lon="-122.214566"><ele>160.9</ele></trkpt><trkpt lat="37.899844" lon="-122.214732"><ele>161.0</ele></trkpt><trkpt lat="37.899782" lon="-122.214868"><ele>161.1</ele></trkpt><trkpt lat="37.899751" lon="-122.214983"><ele>161.1</ele></trkpt><trkpt lat="37.899721" lon="-122.215195"><ele>161.2</ele></trkpt><trkpt lat="37.899714" lon="-122.215313"><ele>162.3</ele></trkpt><trkpt lat="37.899728" lon="-122.215386"><ele>163.2</ele></trkpt><trkpt lat="37.899761" lon="-122.215453"><ele>164.2</ele></trkpt><trkpt lat="37.899820" lon="-122.215497"><ele>165.2</ele></trkpt><trkpt lat="37.899909" lon="-122.215516"><ele>166.6</ele></trkpt><trkpt lat="37.900039" lon="-122.215528"><ele>168.6</ele></trkpt><trkpt lat="37.900140" lon="-122.215563"><ele>169.8</ele></trkpt><trkpt lat="37.900199" lon="-122.215611"><ele>170.3</ele></trkpt><trkpt lat="37.900242" lon="-122.215691"><ele>170.8</ele></trkpt><trkpt lat="37.900271" lon="-122.215803"><ele>171.4</ele></trkpt><trkpt lat="37.900288" lon="-122.215960"><ele>172.3</ele></trkpt><trkpt lat="37.900288" lon="-122.216171"><ele>173.2</ele></trkpt><trkpt lat="37.900267" lon="-122.216352"><ele>173.3</ele></trkpt><trkpt lat="37.900183" lon="-122.216829"><ele>174.1</ele></trkpt><trkpt lat="37.900155" lon="-122.216987"><ele>176.1</ele></trkpt><trkpt lat="37.900118" lon="-122.217091"><ele>177.5</ele></trkpt><trkpt lat="37.900027" lon="-122.217198"><ele>179.4</ele></trkpt><trkpt lat="37.899955" lon="-122.217245"><ele>180.6</ele></trkpt><trkpt lat="37.899861" lon="-122.217291"><ele>182.2</ele></trkpt><trkpt lat="37.899713" lon="-122.217324"><ele>184.7</ele></trkpt><trkpt lat="37.899494" lon="-122.217328"><ele>188.4</ele></trkpt><trkpt lat="37.899386" lon="-122.217345"><ele>190.3</ele></trkpt><trkpt lat="37.899281" lon="-122.217386"><ele>191.8</ele></trkpt><trkpt lat="37.899194" lon="-122.217470"><ele>193.2</ele></trkpt><trkpt lat="37.899143" lon="-122.217552"><ele>194.2</ele></trkpt><trkpt lat="37.899107" lon="-122.217641"><ele>195.1</ele></trkpt><trkpt lat="37.899056" lon="-122.217806"><ele>196.8</ele></trkpt><trkpt lat="37.899007" lon="-122.217915"><ele>198.0</ele></trkpt><trkpt lat="37.898948" lon="-122.217981"><ele>198.8</ele></trkpt><trkpt lat="37.898820" lon="-122.218097"><ele>200.4</ele></trkpt><trkpt lat="37.898747" lon="-122.218183"><ele>201.4</ele></trkpt><trkpt lat="37.898688" lon="-122.218277"><ele>202.4</ele></trkpt><trkpt lat="37.898573" lon="-122.218500"><ele>205.3</ele></trkpt><trkpt lat="37.898503" lon="-122.218609"><ele>207.2</ele></trkpt><trkpt lat="37.898419" lon="-122.218698"><ele>209.0</ele></trkpt><trkpt lat="37.898329" lon="-122.218779"><ele>210.8</ele></trkpt><trkpt lat="37.898220" lon="-122.218867"><ele>212.7</ele></trkpt><trkpt lat="37.897941" lon="-122.219058"><ele>216.3</ele></trkpt><trkpt lat="37.897788" lon="-122.219135"><ele>218.1</ele></trkpt><trkpt lat="37.897729" lon="-122.219185"><ele>218.5</ele></trkpt><trkpt lat="37.897688" lon="-122.219258"><ele>218.8</ele></trkpt><trkpt lat="37.897675" lon="-122.219355"><ele>219.2</ele></trkpt><trkpt lat="37.897710" lon="-122.219426"><ele>219.5</ele></trkpt><trkpt lat="37.897765" lon="-122.219477"><ele>219.8</ele></trkpt><trkpt lat="37.897842" lon="-122.219492"><ele>220.1</ele></trkpt><trkpt lat="37.897939" lon="-122.219496"><ele>220.5</ele></trkpt><trkpt lat="37.898037" lon="-122.219509"><ele>220.4</ele></trkpt><trkpt lat="37.898141" lon="-122.219536"><ele>220.0</ele></trkpt><trkpt lat="37.898242" lon="-122.219574"><ele>219.6</ele></trkpt><trkpt lat="37.898446" lon="-122.219668"><ele>218.7</ele></trkpt><trkpt lat="37.898575" lon="-122.219757"><ele>218.2</ele></trkpt><trkpt lat="37.898667" lon="-122.219838"><ele>217.9</ele></trkpt><trkpt lat="37.898771" lon="-122.219893"><ele>217.6</ele></trkpt><trkpt lat="37.898885" lon="-122.219928"><ele>217.3</ele></trkpt><trkpt lat="37.899049" lon="-122.219955"><ele>217.2</ele></trkpt><trkpt lat="37.899154" lon="-122.219974"><ele>217.5</ele></trkpt><trkpt lat="37.899223" lon="-122.219997"><ele>217.7</ele></trkpt><trkpt lat="37.899279" lon="-122.220040"><ele>217.9</ele></trkpt><trkpt lat="37.899321" lon="-122.220111"><ele>218.1</ele></trkpt><trkpt lat="37.899333" lon="-122.220198"><ele>218.3</ele></trkpt><trkpt lat="37.899326" lon="-122.220290"><ele>218.5</ele></trkpt><trkpt lat="37.899272" lon="-122.220595"><ele>217.8</ele></trkpt><trkpt lat="37.899211" lon="-122.220984"><ele>216.7</ele></trkpt><trkpt lat="37.899152" lon="-122.221515"><ele>218.4</ele></trkpt><trkpt lat="37.899152" lon="-122.221707"><ele>219.4</ele></trkpt><trkpt lat="37.899175" lon="-122.221874"><ele>221.1</ele></trkpt><trkpt lat="37.899223" lon="-122.222035"><ele>222.9</ele></trkpt><trkpt lat="37.899272" lon="-122.222207"><ele>224.8</ele></trkpt><trkpt lat="37.899308" lon="-122.222361"><ele>226.6</ele></trkpt><trkpt lat="37.899315" lon="-122.222482"><ele>228.3</ele></trkpt><trkpt lat="37.899302" lon="-122.222591"><ele>229.8</ele></trkpt><trkpt lat="37.899277" lon="-122.222666"><ele>230.9</ele></trkpt><trkpt lat="37.899248" lon="-122.222737"><ele>232.0</ele></trkpt><trkpt lat="37.899185" lon="-122.222815"><ele>233.5</ele></trkpt><trkpt lat="37.899102" lon="-122.222877"><ele>235.1</ele></trkpt><trkpt lat="37.899008" lon="-122.222901"><ele>235.5</ele></trkpt><trkpt lat="37.898914" lon="-122.222902"><ele>235.7</ele></trkpt><trkpt lat="37.898827" lon="-122.222879"><ele>235.9</ele></trkpt><trkpt lat="37.898672" lon="-122.222798"><ele>236.3</ele></trkpt><trkpt lat="37.898583" lon="-122.222757"><ele>236.5</ele></trkpt><trkpt lat="37.898490" lon="-122.222736"><ele>237.7</ele></trkpt><trkpt lat="37.898418" lon="-122.222749"><ele>238.6</ele></trkpt><trkpt lat="37.898350" lon="-122.222789"><ele>239.6</ele></trkpt><trkpt lat="37.898287" lon="-122.222860"><ele>240.7</ele></trkpt><trkpt lat="37.898236" lon="-122.222968"><ele>242.0</ele></trkpt><trkpt lat="37.898210" lon="-122.223081"><ele>243.2</ele></trkpt><trkpt lat="37.898193" lon="-122.223235"><ele>244.0</ele></trkpt><trkpt lat="37.898198" lon="-122.223408"><ele>244.7</ele></trkpt><trkpt lat="37.898226" lon="-122.223523"><ele>245.2</ele></trkpt><trkpt lat="37.898283" lon="-122.223636"><ele>245.8</ele></trkpt><trkpt lat="37.898404" lon="-122.223840"><ele>247.3</ele></trkpt><trkpt lat="37.898457" lon="-122.223938"><ele>248.3</ele></trkpt><trkpt lat="37.898501" lon="-122.224060"><ele>249.4</ele></trkpt><trkpt lat="37.898557" lon="-122.224271"><ele>251.3</ele></trkpt><trkpt lat="37.898630" lon="-122.224493"><ele>252.5</ele></trkpt><trkpt lat="37.898695" lon="-122.224684"><ele>253.0</ele></trkpt><trkpt lat="37.898721" lon="-122.224821"><ele>253.4</ele></trkpt><trkpt lat="37.898747" lon="-122.225053"><ele>254.2</ele></trkpt><trkpt lat="37.898752" lon="-122.225130"><ele>254.6</ele></trkpt><trkpt lat="37.898768" lon="-122.225200"><ele>255.1</ele></trkpt><trkpt lat="37.898815" lon="-122.225289"><ele>255.7</ele></trkpt><trkpt lat="37.898996" lon="-122.225631"><ele>257.8</ele></trkpt><trkpt lat="37.899061" lon="-122.225751"><ele>257.5</ele></trkpt><trkpt lat="37.899124" lon="-122.225841"><ele>257.2</ele></trkpt><trkpt lat="37.899280" lon="-122.225988"><ele>256.7</ele></trkpt><trkpt lat="37.899468" lon="-122.226160"><ele>255.9</ele></trkpt><trkpt lat="37.899615" lon="-122.226324"><ele>255.3</ele></trkpt><trkpt lat="37.899792" lon="-122.226530"><ele>254.5</ele></trkpt><trkpt lat="37.899889" lon="-122.226645"><ele>254.3</ele></trkpt><trkpt lat="37.899967" lon="-122.226759"><ele>254.1</ele></trkpt><trkpt lat="37.900026" lon="-122.226872"><ele>253.9</ele></trkpt><trkpt lat="37.900089" lon="-122.227025"><ele>253.6</ele></trkpt><trkpt lat="37.900105" lon="-122.227162"><ele>253.5</ele></trkpt><trkpt lat="37.900094" lon="-122.227359"><ele>253.3</ele></trkpt><trkpt lat="37.900062" lon="-122.227567"><ele>253.1</ele></trkpt><trkpt lat="37.900026" lon="-122.227805"><ele>253.3</ele></trkpt><trkpt lat="37.899963" lon="-122.228063"><ele>254.2</ele></trkpt><trkpt lat="37.899844" lon="-122.228363"><ele>255.4</ele></trkpt><trkpt lat="37.899704" lon="-122.228626"><ele>258.2</ele></trkpt><trkpt lat="37.899577" lon="-122.228795"><ele>260.3</ele></trkpt><trkpt lat="37.899508" lon="-122.228887"><ele>261.4</ele></trkpt><trkpt lat="37.899442" lon="-122.228958"><ele>262.4</ele></trkpt><trkpt lat="37.899362" lon="-122.229004"><ele>263.5</ele></trkpt><trkpt lat="37.899171" lon="-122.229113"><ele>266.0</ele></trkpt><trkpt lat="37.899060" lon="-122.229201"><ele>267.5</ele></trkpt><trkpt lat="37.898989" lon="-122.229264"><ele>268.2</ele></trkpt><trkpt lat="37.898915" lon="-122.229366"><ele>268.8</ele></trkpt><trkpt lat="37.898847" lon="-122.229479"><ele>269.4</ele></trkpt><trkpt lat="37.898786" lon="-122.229596"><ele>270.1</ele></trkpt><trkpt lat="37.898722" lon="-122.229735"><ele>270.8</ele></trkpt><trkpt lat="37.898662" lon="-122.229829"><ele>271.5</ele></trkpt><trkpt lat="37.898614" lon="-122.229888"><ele>272.2</ele></trkpt><trkpt lat="37.898541" lon="-122.229930"><ele>272.9</ele></trkpt><trkpt lat="37.898445" lon="-122.229967"><ele>273.9</ele></trkpt><trkpt lat="37.898380" lon="-122.230031"><ele>274.7</ele></trkpt><trkpt lat="37.898354" lon="-122.230104"><ele>275.3</ele></trkpt><trkpt lat="37.898352" lon="-122.230179"><ele>275.9</ele></trkpt><trkpt lat="37.898390" lon="-122.230257"><ele>276.4</ele></trkpt><trkpt lat="37.898538" lon="-122.230418"><ele>277.4</ele></trkpt><trkpt lat="37.898672" lon="-122.230619"><ele>278.4</ele></trkpt><trkpt lat="37.898832" lon="-122.230933"><ele>280.8</ele></trkpt><trkpt lat="37.898961" lon="-122.231221"><ele>283.1</ele></trkpt><trkpt lat="37.899010" lon="-122.231330"><ele>283.8</ele></trkpt><trkpt lat="37.899050" lon="-122.231448"><ele>283.8</ele></trkpt><trkpt lat="37.899072" lon="-122.231533"><ele>283.9</ele></trkpt><trkpt lat="37.899080" lon="-122.231625"><ele>283.9</ele></trkpt><trkpt lat="37.899076" lon="-122.231719"><ele>284.0</ele></trkpt><trkpt lat="37.899038" lon="-122.231939"><ele>284.1</ele></trkpt><trkpt lat="37.899002" lon="-122.232140"><ele>284.4</ele></trkpt><trkpt lat="37.898981" lon="-122.232311"><ele>284.7</ele></trkpt><trkpt lat="37.898976" lon="-122.232617"><ele>285.3</ele></trkpt><trkpt lat="37.898989" lon="-122.232751"><ele>285.3</ele></trkpt><trkpt lat="37.899010" lon="-122.232859"><ele>285.3</ele></trkpt><trkpt lat="37.899053" lon="-122.232971"><ele>285.3</ele></trkpt><trkpt lat="37.899158" lon="-122.233186"><ele>285.3</ele></trkpt><trkpt lat="37.899302" lon="-122.233529"><ele>286.0</ele></trkpt><trkpt lat="37.899378" lon="-122.233733"><ele>286.5</ele></trkpt><trkpt lat="37.899438" lon="-122.233921"><ele>286.8</ele></trkpt><trkpt lat="37.899480" lon="-122.234125"><ele>286.6</ele></trkpt><trkpt lat="37.899493" lon="-122.234371"><ele>286.4</ele></trkpt><trkpt lat="37.899476" lon="-122.234720"><ele>287.4</ele></trkpt><trkpt lat="37.899484" lon="-122.234924"><ele>288.8</ele></trkpt><trkpt lat="37.899518" lon="-122.235106"><ele>290.0</ele></trkpt><trkpt lat="37.899556" lon="-122.235256"><ele>291.0</ele></trkpt><trkpt lat="37.899632" lon="-122.235482"><ele>292.5</ele></trkpt><trkpt lat="37.899704" lon="-122.235632"><ele>293.5</ele></trkpt><trkpt lat="37.899789" lon="-122.235793"><ele>294.6</ele></trkpt><trkpt lat="37.899865" lon="-122.235895"><ele>295.5</ele></trkpt><trkpt lat="37.899975" lon="-122.235991"><ele>296.6</ele></trkpt><trkpt lat="37.900475" lon="-122.236254"><ele>299.3</ele></trkpt><trkpt lat="37.900564" lon="-122.236329"><ele>299.3</ele></trkpt><trkpt lat="37.900627" lon="-122.236399"><ele>299.3</ele></trkpt><trkpt lat="37.900682" lon="-122.236501"><ele>299.3</ele></trkpt><trkpt lat="37.900708" lon="-122.236630"><ele>299.4</ele></trkpt><trkpt lat="37.900801" lon="-122.237129"><ele>299.9</ele></trkpt><trkpt lat="37.900839" lon="-122.237279"><ele>299.9</ele></trkpt><trkpt lat="37.900890" lon="-122.237413"><ele>299.9</ele></trkpt><trkpt lat="37.900966" lon="-122.237552"><ele>299.9</ele></trkpt><trkpt lat="37.901144" lon="-122.237869"><ele>300.1</ele></trkpt><trkpt lat="37.901228" lon="-122.238100"><ele>300.5</ele></trkpt><trkpt lat="37.901271" lon="-122.238303"><ele>300.9</ele></trkpt><trkpt lat="37.901283" lon="-122.238513"><ele>301.1</ele></trkpt><trkpt lat="37.901262" lon="-122.239049"><ele>301.1</ele></trkpt><trkpt lat="37.901271" lon="-122.239194"><ele>301.5</ele></trkpt><trkpt lat="37.901393" lon="-122.239897"><ele>304.5</ele></trkpt><trkpt lat="37.901419" lon="-122.239982"><ele>304.9</ele></trkpt><trkpt lat="37.901474" lon="-122.240095"><ele>305.5</ele></trkpt><trkpt lat="37.901588" lon="-122.240235"><ele>306.3</ele></trkpt><trkpt lat="37.901715" lon="-122.240369"><ele>307.3</ele></trkpt><trkpt lat="37.901846" lon="-122.240465"><ele>308.2</ele></trkpt><trkpt lat="37.902041" lon="-122.240567"><ele>309.6</ele></trkpt><trkpt lat="37.902172" lon="-122.240642"><ele>310.5</ele></trkpt><trkpt lat="37.902303" lon="-122.240744"><ele>311.7</ele></trkpt><trkpt lat="37.902435" lon="-122.240900"><ele>313.1</ele></trkpt><trkpt lat="37.902524" lon="-122.241045"><ele>314.3</ele></trkpt><trkpt lat="37.902617" lon="-122.241259"><ele>315.6</ele></trkpt><trkpt lat="37.902667" lon="-122.241361"><ele>316.3</ele></trkpt><trkpt lat="37.902756" lon="-122.241458"><ele>317.0</ele></trkpt><trkpt lat="37.902972" lon="-122.241624"><ele>318.1</ele></trkpt><trkpt lat="37.903160" lon="-122.241749"><ele>317.9</ele></trkpt><trkpt lat="37.903330" lon="-122.241863"><ele>317.7</ele></trkpt><trkpt lat="37.903599" lon="-122.242042"><ele>318.3</ele></trkpt><trkpt lat="37.903855" lon="-122.242201"><ele>319.1</ele></trkpt><trkpt lat="37.904204" lon="-122.242407"><ele>318.3</ele></trkpt><trkpt lat="37.904481" lon="-122.242586"><ele>317.6</ele></trkpt><trkpt lat="37.904704" lon="-122.242727"><ele>317.0</ele></trkpt><trkpt lat="37.904878" lon="-122.242849"><ele>316.5</ele></trkpt><trkpt lat="37.904949" lon="-122.242932"><ele>316.1</ele></trkpt><trkpt lat="37.905000" lon="-122.243024"><ele>315.8</ele></trkpt><trkpt lat="37.905035" lon="-122.243143"><ele>315.4</ele></trkpt><trkpt lat="37.905043" lon="-122.243279"><ele>314.9</ele></trkpt><trkpt lat="37.905034" lon="-122.243416"><ele>314.6</ele></trkpt><trkpt lat="37.904976" lon="-122.243902"><ele>317.5</ele></trkpt><trkpt lat="37.904972" lon="-122.243931"><ele>317.7</ele></trkpt><trkpt lat="37.904964" lon="-122.243990"><ele>318.0</ele></trkpt><trkpt lat="37.904947" lon="-122.244107"><ele>318.4</ele></trkpt><trkpt lat="37.904926" lon="-122.244223"><ele>318.2</ele></trkpt><trkpt lat="37.904889" lon="-122.244365"><ele>318.0</ele></trkpt><trkpt lat="37.904848" lon="-122.244471"><ele>317.8</ele></trkpt><trkpt lat="37.904828" lon="-122.244520"><ele>317.7</ele></trkpt><trkpt lat="37.904778" lon="-122.244621"><ele>317.4</ele></trkpt><trkpt lat="37.904859" lon="-122.244710"><ele>317.2</ele></trkpt><trkpt lat="37.904882" lon="-122.244826"><ele>317.1</ele></trkpt><trkpt lat="37.904879" lon="-122.244903"><ele>317.1</ele></trkpt><trkpt lat="37.904879" lon="-122.244953"><ele>317.0</ele></trkpt><trkpt lat="37.904877" lon="-122.245046"><ele>317.0</ele></trkpt><trkpt lat="37.904863" lon="-122.245123"><ele>316.9</ele></trkpt><trkpt lat="37.904807" lon="-122.245311"><ele>316.7</ele></trkpt><trkpt lat="37.903700" lon="-122.247060"><ele>297.9</ele></trkpt><trkpt lat="37.903460" lon="-122.247260"><ele>294.8</ele></trkpt><trkpt lat="37.903390" lon="-122.247350"><ele>293.8</ele></trkpt><trkpt lat="37.903220" lon="-122.247640"><ele>291.9</ele></trkpt><trkpt lat="37.903070" lon="-122.247980"><ele>290.0</ele></trkpt><trkpt lat="37.902950" lon="-122.248320"><ele>288.5</ele></trkpt><trkpt lat="37.902870" lon="-122.248430"><ele>287.9</ele></trkpt><trkpt lat="37.902650" lon="-122.248570"><ele>286.4</ele></trkpt><trkpt lat="37.902460" lon="-122.248760"><ele>284.8</ele></trkpt><trkpt lat="37.902270" lon="-122.249070"><ele>282.5</ele></trkpt><trkpt lat="37.902090" lon="-122.249610"><ele>278.7</ele></trkpt><trkpt lat="37.902070" lon="-122.249730"><ele>277.8</ele></trkpt><trkpt lat="37.902070" lon="-122.249720"><ele>277.7</ele></trkpt><trkpt lat="37.901980" lon="-122.250220"><ele>273.7</ele></trkpt><trkpt lat="37.901930" lon="-122.250870"><ele>267.6</ele></trkpt><trkpt lat="37.901780" lon="-122.251320"><ele>262.8</ele></trkpt><trkpt lat="37.901739" lon="-122.251550"><ele>260.6</ele></trkpt><trkpt lat="37.901780" lon="-122.251810"><ele>258.6</ele></trkpt><trkpt lat="37.901950" lon="-122.252330"><ele>253.9</ele></trkpt><trkpt lat="37.901990" lon="-122.252500"><ele>252.2</ele></trkpt><trkpt lat="37.901990" lon="-122.252680"><ele>250.5</ele></trkpt><trkpt lat="37.901970" lon="-122.252740"><ele>249.9</ele></trkpt><trkpt lat="37.901940" lon="-122.252780"><ele>249.4</ele></trkpt><trkpt lat="37.901890" lon="-122.252800"><ele>248.7</ele></trkpt><trkpt lat="37.901829" lon="-122.252790"><ele>247.9</ele></trkpt><trkpt lat="37.901660" lon="-122.252620"><ele>245.0</ele></trkpt><trkpt lat="37.901560" lon="-122.252550"><ele>243.5</ele></trkpt><trkpt lat="37.901440" lon="-122.252510"><ele>241.7</ele></trkpt><trkpt lat="37.901300" lon="-122.252500"><ele>239.4</ele></trkpt><trkpt lat="37.900920" lon="-122.252540"><ele>233.2</ele></trkpt><trkpt lat="37.900530" lon="-122.252470"><ele>227.9</ele></trkpt><trkpt lat="37.900380" lon="-122.252500"><ele>225.8</ele></trkpt><trkpt lat="37.900120" lon="-122.252610"><ele>222.0</ele></trkpt><trkpt lat="37.899990" lon="-122.252640"><ele>220.2</ele></trkpt><trkpt lat="37.899830" lon="-122.252620"><ele>218.1</ele></trkpt><trkpt lat="37.899690" lon="-122.252580"><ele>216.6</ele></trkpt><trkpt lat="37.899520" lon="-122.252490"><ele>214.6</ele></trkpt><trkpt lat="37.899360" lon="-122.252470"><ele>212.9</ele></trkpt><trkpt lat="37.899220" lon="-122.252500"><ele>211.7</ele></trkpt><trkpt lat="37.898960" lon="-122.252660"><ele>209.4</ele></trkpt><trkpt lat="37.899470" lon="-122.252730"><ele>206.9</ele></trkpt><trkpt lat="37.899610" lon="-122.252820"><ele>206.3</ele></trkpt><trkpt lat="37.899700" lon="-122.253010"><ele>206.0</ele></trkpt><trkpt lat="37.899740" lon="-122.253050"><ele>206.0</ele></trkpt><trkpt lat="37.899840" lon="-122.253060"><ele>205.8</ele></trkpt><trkpt lat="37.899900" lon="-122.253080"><ele>205.7</ele></trkpt><trkpt lat="37.899960" lon="-122.253160"><ele>205.5</ele></trkpt><trkpt lat="37.900080" lon="-122.253190"><ele>205.3</ele></trkpt><trkpt lat="37.900329" lon="-122.253360"><ele>204.7</ele></trkpt><trkpt lat="37.900810" lon="-122.253450"><ele>204.1</ele></trkpt><trkpt lat="37.901230" lon="-122.253580"><ele>203.9</ele></trkpt><trkpt lat="37.901359" lon="-122.253690"><ele>203.9</ele></trkpt><trkpt lat="37.901550" lon="-122.253880"><ele>203.8</ele></trkpt><trkpt lat="37.901730" lon="-122.253900"><ele>203.4</ele></trkpt><trkpt lat="37.901910" lon="-122.253960"><ele>203.0</ele></trkpt><trkpt lat="37.902270" lon="-122.254220"><ele>201.9</ele></trkpt><trkpt lat="37.902460" lon="-122.254440"><ele>201.2</ele></trkpt><trkpt lat="37.902910" lon="-122.254750"><ele>200.9</ele></trkpt><trkpt lat="37.903160" lon="-122.254980"><ele>199.5</ele></trkpt><trkpt lat="37.903310" lon="-122.255240"><ele>198.2</ele></trkpt><trkpt lat="37.903490" lon="-122.255450"><ele>197.6</ele></trkpt><trkpt lat="37.903680" lon="-122.255650"><ele>197.1</ele></trkpt><trkpt lat="37.903820" lon="-122.256260"><ele>197.4</ele></trkpt><trkpt lat="37.904030" lon="-122.256720"><ele>195.4</ele></trkpt><trkpt lat="37.904110" lon="-122.257110"><ele>193.3</ele></trkpt><trkpt lat="37.904150" lon="-122.257450"><ele>191.6</ele></trkpt><trkpt lat="37.904150" lon="-122.257560"><ele>191.1</ele></trkpt><trkpt lat="37.904080" lon="-122.257750"><ele>190.2</ele></trkpt><trkpt lat="37.903700" lon="-122.258590"><ele>186.1</ele></trkpt><trkpt lat="37.903740" lon="-122.258740"><ele>185.2</ele></trkpt><trkpt lat="37.904050" lon="-122.259120"><ele>181.9</ele></trkpt><trkpt lat="37.904220" lon="-122.259220"><ele>180.5</ele></trkpt><trkpt lat="37.904590" lon="-122.259570"><ele>178.5</ele></trkpt><trkpt lat="37.904840" lon="-122.259870"><ele>176.6</ele></trkpt><trkpt lat="37.905060" lon="-122.259980"><ele>175.1</ele></trkpt><trkpt lat="37.905230" lon="-122.260420"><ele>174.5</ele></trkpt><trkpt lat="37.905500" lon="-122.260660"><ele>174.6</ele></trkpt><trkpt lat="37.905570" lon="-122.260760"><ele>174.8</ele></trkpt><trkpt lat="37.905650" lon="-122.261090"><ele>175.4</ele></trkpt><trkpt lat="37.905690" lon="-122.261140"><ele>175.5</ele></trkpt><trkpt lat="37.905780" lon="-122.261250"><ele>176.2</ele></trkpt><trkpt lat="37.905990" lon="-122.261080"><ele>177.4</ele></trkpt><trkpt lat="37.906180" lon="-122.261050"><ele>178.4</ele></trkpt><trkpt lat="37.906350" lon="-122.261150"><ele>179.8</ele></trkpt><trkpt lat="37.906470" lon="-122.261370"><ele>181.4</ele></trkpt><trkpt lat="37.906529" lon="-122.261480"><ele>182.2</ele></trkpt><trkpt lat="37.906770" lon="-122.261780"><ele>184.6</ele></trkpt><trkpt lat="37.907120" lon="-122.262060"><ele>187.3</ele></trkpt><trkpt lat="37.907380" lon="-122.262180"><ele>188.9</ele></trkpt><trkpt lat="37.907559" lon="-122.262220"><ele>189.6</ele></trkpt><trkpt lat="37.907750" lon="-122.262180"><ele>190.3</ele></trkpt><trkpt lat="37.908000" lon="-122.262030"><ele>191.1</ele></trkpt><trkpt lat="37.908330" lon="-122.261990"><ele>191.3</ele></trkpt><trkpt lat="37.908640" lon="-122.262000"><ele>191.6</ele></trkpt><trkpt lat="37.909110" lon="-122.262150"><ele>192.1</ele></trkpt><trkpt lat="37.909320" lon="-122.262250"><ele>192.2</ele></trkpt><trkpt lat="37.909770" lon="-122.262550"><ele>191.3</ele></trkpt><trkpt lat="37.910360" lon="-122.262850"><ele>189.4</ele></trkpt><trkpt lat="37.910600" lon="-122.262880"><ele>189.0</ele></trkpt><trkpt lat="37.910660" lon="-122.262820"><ele>189.0</ele></trkpt><trkpt lat="37.911110" lon="-122.261970"><ele>189.0</ele></trkpt><trkpt lat="37.911450" lon="-122.261560"><ele>189.2</ele></trkpt><trkpt lat="37.911770" lon="-122.261370"><ele>189.1</ele></trkpt><trkpt lat="37.912190" lon="-122.261210"><ele>188.6</ele></trkpt><trkpt lat="37.912580" lon="-122.261240"><ele>187.9</ele></trkpt><trkpt lat="37.912930" lon="-122.261210"><ele>188.8</ele></trkpt><trkpt lat="37.913160" lon="-122.261380"><ele>190.0</ele></trkpt><trkpt lat="37.913270" lon="-122.261500"><ele>190.0</ele></trkpt><trkpt lat="37.913300" lon="-122.261640"><ele>189.8</ele></trkpt><trkpt lat="37.913290" lon="-122.261970"><ele>189.4</ele></trkpt><trkpt lat="37.912980" lon="-122.263150"><ele>188.6</ele></trkpt><trkpt lat="37.912950" lon="-122.263400"><ele>188.6</ele></trkpt><trkpt lat="37.912990" lon="-122.263630"><ele>188.5</ele></trkpt><trkpt lat="37.913060" lon="-122.263800"><ele>188.5</ele></trkpt><trkpt lat="37.913070" lon="-122.264100"><ele>187.4</ele></trkpt><trkpt lat="37.913020" lon="-122.264260"><ele>185.9</ele></trkpt><trkpt lat="37.912960" lon="-122.264370"><ele>184.7</ele></trkpt><trkpt lat="37.912840" lon="-122.264450"><ele>183.2</ele></trkpt><trkpt lat="37.912320" lon="-122.264520"><ele>179.3</ele></trkpt><trkpt lat="37.911960" lon="-122.264700"><ele>176.5</ele></trkpt><trkpt lat="37.911710" lon="-122.265140"><ele>173.7</ele></trkpt><trkpt lat="37.911600" lon="-122.265570"><ele>171.7</ele></trkpt><trkpt lat="37.911580" lon="-122.265880"><ele>169.9</ele></trkpt><trkpt lat="37.911610" lon="-122.266310"><ele>167.5</ele></trkpt><trkpt lat="37.911730" lon="-122.266910"><ele>164.7</ele></trkpt><trkpt lat="37.912130" lon="-122.267790"><ele>161.6</ele></trkpt><trkpt lat="37.912230" lon="-122.268150"><ele>160.6</ele></trkpt><trkpt lat="37.912340" lon="-122.268410"><ele>159.6</ele></trkpt><trkpt lat="37.912570" lon="-122.268590"><ele>158.3</ele></trkpt><trkpt lat="37.912830" lon="-122.268900"><ele>157.5</ele></trkpt><trkpt lat="37.913089" lon="-122.269310"><ele>157.0</ele></trkpt><trkpt lat="37.913280" lon="-122.269700"><ele>157.0</ele></trkpt><trkpt lat="37.913360" lon="-122.269950"><ele>156.7</ele></trkpt><trkpt lat="37.913469" lon="-122.270080"><ele>156.5</ele></trkpt><trkpt lat="37.913830" lon="-122.270320"><ele>156.2</ele></trkpt><trkpt lat="37.914790" lon="-122.271110"><ele>154.7</ele></trkpt><trkpt lat="37.915090" lon="-122.271830"><ele>153.1</ele></trkpt><trkpt lat="37.915230" lon="-122.272020"><ele>152.5</ele></trkpt><trkpt lat="37.915280" lon="-122.272150"><ele>152.2</ele></trkpt><trkpt lat="37.915330" lon="-122.272450"><ele>151.5</ele></trkpt><trkpt lat="37.915390" lon="-122.272630"><ele>151.0</ele></trkpt><trkpt lat="37.915970" lon="-122.273750"><ele>148.8</ele></trkpt><trkpt lat="37.916200" lon="-122.274270"><ele>149.0</ele></trkpt><trkpt lat="37.916289" lon="-122.274420"><ele>149.0</ele></trkpt><trkpt lat="37.916410" lon="-122.274530"><ele>148.9</ele></trkpt><trkpt lat="37.916810" lon="-122.274820"><ele>148.5</ele></trkpt><trkpt lat="37.917080" lon="-122.274870"><ele>148.0</ele></trkpt><trkpt lat="37.917140" lon="-122.274900"><ele>147.9</ele></trkpt><trkpt lat="37.917319" lon="-122.275160"><ele>147.6</ele></trkpt><trkpt lat="37.917440" lon="-122.275370"><ele>147.3</ele></trkpt><trkpt lat="37.917600" lon="-122.275530"><ele>147.1</ele></trkpt><trkpt lat="37.917750" lon="-122.275640"><ele>146.9</ele></trkpt><trkpt lat="37.918220" lon="-122.275900"><ele>146.8</ele></trkpt><trkpt lat="37.918970" lon="-122.276510"><ele>146.9</ele></trkpt><trkpt lat="37.919170" lon="-122.276600"><ele>147.1</ele></trkpt><trkpt lat="37.919400" lon="-122.276840"><ele>147.2</ele></trkpt><trkpt lat="37.919540" lon="-122.276960"><ele>147.0</ele></trkpt><trkpt lat="37.919759" lon="-122.277200"><ele>146.7</ele></trkpt><trkpt lat="37.920110" lon="-122.277750"><ele>146.0</ele></trkpt><trkpt lat="37.920170" lon="-122.277810"><ele>145.9</ele></trkpt><trkpt lat="37.920240" lon="-122.277850"><ele>145.6</ele></trkpt><trkpt lat="37.920390" lon="-122.277870"><ele>145.0</ele></trkpt><trkpt lat="37.920499" lon="-122.277920"><ele>144.5</ele></trkpt><trkpt lat="37.920570" lon="-122.277990"><ele>144.2</ele></trkpt><trkpt lat="37.920730" lon="-122.278250"><ele>143.0</ele></trkpt><trkpt lat="37.921090" lon="-122.278710"><ele>140.8</ele></trkpt><trkpt lat="37.921200" lon="-122.278820"><ele>140.2</ele></trkpt><trkpt lat="37.921610" lon="-122.279030"><ele>139.2</ele></trkpt><trkpt lat="37.921780" lon="-122.279160"><ele>139.1</ele></trkpt><trkpt lat="37.921870" lon="-122.279200"><ele>139.0</ele></trkpt><trkpt lat="37.922220" lon="-122.279240"><ele>139.0</ele></trkpt><trkpt lat="37.922530" lon="-122.279570"><ele>139.4</ele></trkpt><trkpt lat="37.922910" lon="-122.279820"><ele>140.3</ele></trkpt><trkpt lat="37.923120" lon="-122.279870"><ele>140.5</ele></trkpt><trkpt lat="37.923260" lon="-122.279880"><ele>140.7</ele></trkpt><trkpt lat="37.923400" lon="-122.279830"><ele>140.8</ele></trkpt><trkpt lat="37.923590" lon="-122.279730"><ele>140.9</ele></trkpt><trkpt lat="37.923680" lon="-122.279730"><ele>141.0</ele></trkpt><trkpt lat="37.923720" lon="-122.279790"><ele>141.0</ele></trkpt><trkpt lat="37.923750" lon="-122.279880"><ele>141.1</ele></trkpt><trkpt lat="37.923720" lon="-122.280070"><ele>141.0</ele></trkpt><trkpt lat="37.923670" lon="-122.280300"><ele>140.6</ele></trkpt><trkpt lat="37.923680" lon="-122.280490"><ele>140.2</ele></trkpt><trkpt lat="37.923730" lon="-122.280600"><ele>140.0</ele></trkpt><trkpt lat="37.923780" lon="-122.280690"><ele>139.7</ele></trkpt><trkpt lat="37.923990" lon="-122.280880"><ele>138.5</ele></trkpt><trkpt lat="37.924030" lon="-122.280950"><ele>138.2</ele></trkpt><trkpt lat="37.924040" lon="-122.281000"><ele>138.0</ele></trkpt><trkpt lat="37.924100" lon="-122.281130"><ele>137.5</ele></trkpt><trkpt lat="37.924210" lon="-122.281330"><ele>136.8</ele></trkpt><trkpt lat="37.924470" lon="-122.281630"><ele>135.7</ele></trkpt><trkpt lat="37.924550" lon="-122.281660"><ele>135.6</ele></trkpt><trkpt lat="37.924890" lon="-122.281730"><ele>135.2</ele></trkpt><trkpt lat="37.925050" lon="-122.281850"><ele>135.0</ele></trkpt><trkpt lat="37.925340" lon="-122.281880"><ele>135.0</ele></trkpt><trkpt lat="37.925720" lon="-122.281990"><ele>135.4</ele></trkpt><trkpt lat="37.926580" lon="-122.282010"><ele>138.3</ele></trkpt><trkpt lat="37.926670" lon="-122.282030"><ele>138.5</ele></trkpt><trkpt lat="37.926720" lon="-122.282060"><ele>138.5</ele></trkpt><trkpt lat="37.926850" lon="-122.282330"><ele>138.8</ele></trkpt><trkpt lat="37.926900" lon="-122.282410"><ele>138.9</ele></trkpt><trkpt lat="37.927070" lon="-122.282570"><ele>139.0</ele></trkpt><trkpt lat="37.927180" lon="-122.282710"><ele>139.0</ele></trkpt><trkpt lat="37.927230" lon="-122.282860"><ele>139.0</ele></trkpt><trkpt lat="37.927330" lon="-122.283020"><ele>139.0</ele></trkpt><trkpt lat="37.927680" lon="-122.283490"><ele>138.4</ele></trkpt><trkpt lat="37.927790" lon="-122.283590"><ele>138.6</ele></trkpt><trkpt lat="37.928019" lon="-122.283680"><ele>139.0</ele></trkpt><trkpt lat="37.928570" lon="-122.283720"><ele>139.9</ele></trkpt><trkpt lat="37.928870" lon="-122.284000"><ele>140.9</ele></trkpt><trkpt lat="37.929130" lon="-122.284120"><ele>141.8</ele></trkpt><trkpt lat="37.929229" lon="-122.284140"><ele>142.2</ele></trkpt><trkpt lat="37.929519" lon="-122.284110"><ele>143.5</ele></trkpt><trkpt lat="37.929609" lon="-122.284120"><ele>143.9</ele></trkpt><trkpt lat="37.929870" lon="-122.284250"><ele>145.3</ele></trkpt><trkpt lat="37.930169" lon="-122.284310"><ele>146.8</ele></trkpt><trkpt lat="37.930210" lon="-122.284340"><ele>147.1</ele></trkpt><trkpt lat="37.930680" lon="-122.285020"><ele>148.3</ele></trkpt><trkpt lat="37.931080" lon="-122.285370"><ele>147.8</ele></trkpt><trkpt lat="37.931370" lon="-122.285660"><ele>147.6</ele></trkpt><trkpt lat="37.931720" lon="-122.286080"><ele>145.5</ele></trkpt><trkpt lat="37.931850" lon="-122.286170"><ele>144.7</ele></trkpt><trkpt lat="37.932220" lon="-122.286240"><ele>142.7</ele></trkpt><trkpt lat="37.932330" lon="-122.286290"><ele>142.0</ele></trkpt><trkpt lat="37.932480" lon="-122.286410"><ele>140.9</ele></trkpt><trkpt lat="37.932609" lon="-122.286590"><ele>139.6</ele></trkpt><trkpt lat="37.932850" lon="-122.286990"><ele>136.1</ele></trkpt><trkpt lat="37.933050" lon="-122.287200"><ele>133.1</ele></trkpt><trkpt lat="37.933390" lon="-122.287450"><ele>128.5</ele></trkpt><trkpt lat="37.933480" lon="-122.287560"><ele>127.0</ele></trkpt><trkpt lat="37.933670" lon="-122.287880"><ele>123.9</ele></trkpt><trkpt lat="37.933980" lon="-122.288600"><ele>119.3</ele></trkpt><trkpt lat="37.934030" lon="-122.288900"><ele>118.0</ele></trkpt><trkpt lat="37.934200" lon="-122.289360"><ele>116.1</ele></trkpt><trkpt lat="37.934520" lon="-122.290050"><ele>116.6</ele></trkpt><trkpt lat="37.934740" lon="-122.291030"><ele>116.7</ele></trkpt><trkpt lat="37.934820" lon="-122.291160"><ele>116.7</ele></trkpt><trkpt lat="37.935250" lon="-122.291750"><ele>116.0</ele></trkpt><trkpt lat="37.935310" lon="-122.291850"><ele>115.8</ele></trkpt><trkpt lat="37.935370" lon="-122.292010"><ele>115.7</ele></trkpt><trkpt lat="37.935440" lon="-122.292320"><ele>115.6</ele></trkpt><trkpt lat="37.935590" lon="-122.292770"><ele>115.0</ele></trkpt><trkpt lat="37.935590" lon="-122.292770"><ele>115.0</ele></trkpt><trkpt lat="37.935450" lon="-122.292310"><ele>114.4</ele></trkpt><trkpt lat="37.935680" lon="-122.293040"><ele>115.3</ele></trkpt><trkpt lat="37.935770" lon="-122.293230"><ele>115.4</ele></trkpt><trkpt lat="37.936050" lon="-122.293370"><ele>115.6</ele></trkpt><trkpt lat="37.936120" lon="-122.293480"><ele>115.6</ele></trkpt><trkpt lat="37.936160" lon="-122.293930"><ele>115.8</ele></trkpt><trkpt lat="37.936210" lon="-122.294140"><ele>115.6</ele></trkpt><trkpt lat="37.936300" lon="-122.294340"><ele>115.4</ele></trkpt><trkpt lat="37.936470" lon="-122.294590"><ele>115.3</ele></trkpt><trkpt lat="37.936670" lon="-122.294960"><ele>115.7</ele></trkpt><trkpt lat="37.936830" lon="-122.295470"><ele>116.0</ele></trkpt><trkpt lat="37.936860" lon="-122.295670"><ele>116.1</ele></trkpt><trkpt lat="37.936850" lon="-122.296240"><ele>116.6</ele></trkpt><trkpt lat="37.936890" lon="-122.296420"><ele>116.8</ele></trkpt><trkpt lat="37.937070" lon="-122.296700"><ele>116.9</ele></trkpt><trkpt lat="37.937190" lon="-122.296820"><ele>117.0</ele></trkpt><trkpt lat="37.937290" lon="-122.296980"><ele>117.0</ele></trkpt><trkpt lat="37.937370" lon="-122.297180"><ele>117.0</ele></trkpt><trkpt lat="37.937470" lon="-122.297310"><ele>117.0</ele></trkpt><trkpt lat="37.938000" lon="-122.298160"><ele>115.1</ele></trkpt><trkpt lat="37.938150" lon="-122.298330"><ele>115.0</ele></trkpt><trkpt lat="37.938380" lon="-122.298460"><ele>114.7</ele></trkpt><trkpt lat="37.938610" lon="-122.298460"><ele>114.2</ele></trkpt><trkpt lat="37.938809" lon="-122.298370"><ele>113.7</ele></trkpt><trkpt lat="37.938930" lon="-122.298270"><ele>113.5</ele></trkpt><trkpt lat="37.939040" lon="-122.298240"><ele>113.4</ele></trkpt><trkpt lat="37.939120" lon="-122.298320"><ele>113.3</ele></trkpt><trkpt lat="37.939140" lon="-122.298750"><ele>113.1</ele></trkpt><trkpt lat="37.939190" lon="-122.298930"><ele>113.1</ele></trkpt><trkpt lat="37.939340" lon="-122.299130"><ele>113.1</ele></trkpt><trkpt lat="37.939500" lon="-122.299260"><ele>113.0</ele></trkpt><trkpt lat="37.939630" lon="-122.299470"><ele>112.9</ele></trkpt><trkpt lat="37.939850" lon="-122.299760"><ele>112.5</ele></trkpt><trkpt lat="37.940330" lon="-122.300030"><ele>111.9</ele></trkpt><trkpt lat="37.940540" lon="-122.300220"><ele>111.9</ele></trkpt><trkpt lat="37.940930" lon="-122.300740"><ele>111.9</ele></trkpt><trkpt lat="37.941339" lon="-122.301640"><ele>110.5</ele></trkpt><trkpt lat="37.941520" lon="-122.301960"><ele>110.1</ele></trkpt><trkpt lat="37.941600" lon="-122.302060"><ele>110.2</ele></trkpt><trkpt lat="37.941730" lon="-122.302130"><ele>111.0</ele></trkpt><trkpt lat="37.942050" lon="-122.302140"><ele>112.6</ele></trkpt><trkpt lat="37.942250" lon="-122.302220"><ele>112.4</ele></trkpt><trkpt lat="37.942450" lon="-122.302470"><ele>111.7</ele></trkpt><trkpt lat="37.942610" lon="-122.302570"><ele>110.6</ele></trkpt><trkpt lat="37.942770" lon="-122.302590"><ele>109.0</ele></trkpt><trkpt lat="37.942839" lon="-122.302700"><ele>107.8</ele></trkpt><trkpt lat="37.942970" lon="-122.303110"><ele>105.7</ele></trkpt><trkpt lat="37.943190" lon="-122.304090"><ele>107.3</ele></trkpt><trkpt lat="37.943300" lon="-122.304700"><ele>107.0</ele></trkpt><trkpt lat="37.943420" lon="-122.305040"><ele>107.5</ele></trkpt><trkpt lat="37.943500" lon="-122.305260"><ele>108.6</ele></trkpt><trkpt lat="37.943730" lon="-122.305650"><ele>112.2</ele></trkpt><trkpt lat="37.943990" lon="-122.305970"><ele>117.3</ele></trkpt><trkpt lat="37.944260" lon="-122.306240"><ele>119.5</ele></trkpt><trkpt lat="37.944899" lon="-122.306690"><ele>120.7</ele></trkpt><trkpt lat="37.945540" lon="-122.307150"><ele>119.8</ele></trkpt><trkpt lat="37.946170" lon="-122.307610"><ele>122.6</ele></trkpt><trkpt lat="37.946810" lon="-122.308070"><ele>129.1</ele></trkpt><trkpt lat="37.947450" lon="-122.308520"><ele>136.4</ele></trkpt><trkpt lat="37.948040" lon="-122.308940"><ele>137.8</ele></trkpt><trkpt lat="37.948640" lon="-122.309360"><ele>130.8</ele></trkpt><trkpt lat="37.949240" lon="-122.309780"><ele>123.9</ele></trkpt><trkpt lat="37.949750" lon="-122.310170"><ele>117.6</ele></trkpt><trkpt lat="37.950260" lon="-122.310570"><ele>113.6</ele></trkpt><trkpt lat="37.951040" lon="-122.311110"><ele>112.4</ele></trkpt><trkpt lat="37.951370" lon="-122.311310"><ele>111.6</ele></trkpt><trkpt lat="37.951520" lon="-122.311500"><ele>111.0</ele></trkpt><trkpt lat="37.951659" lon="-122.311780"><ele>109.5</ele></trkpt><trkpt lat="37.952000" lon="-122.312570"><ele>105.8</ele></trkpt><trkpt lat="37.952200" lon="-122.313160"><ele>100.9</ele></trkpt><trkpt lat="37.952400" lon="-122.313750"><ele>95.5</ele></trkpt><trkpt lat="37.952450" lon="-122.314350"><ele>91.4</ele></trkpt><trkpt lat="37.952450" lon="-122.314650"><ele>89.6</ele></trkpt><trkpt lat="37.952419" lon="-122.314860"><ele>88.1</ele></trkpt><trkpt lat="37.952360" lon="-122.315020"><ele>86.9</ele></trkpt><trkpt lat="37.952360" lon="-122.315020"><ele>86.9</ele></trkpt><trkpt lat="37.952140" lon="-122.315570"><ele>82.4</ele></trkpt><trkpt lat="37.951930" lon="-122.316110"><ele>79.0</ele></trkpt><trkpt lat="37.951850" lon="-122.316410"><ele>77.7</ele></trkpt><trkpt lat="37.951830" lon="-122.316750"><ele>75.6</ele></trkpt><trkpt lat="37.951840" lon="-122.317020"><ele>73.8</ele></trkpt><trkpt lat="37.951990" lon="-122.318100"><ele>60.3</ele></trkpt><trkpt lat="37.952010" lon="-122.318350"><ele>58.2</ele></trkpt><trkpt lat="37.951960" lon="-122.318770"><ele>55.6</ele></trkpt><trkpt lat="37.951810" lon="-122.319300"><ele>53.2</ele></trkpt><trkpt lat="37.951810" lon="-122.319300"><ele>53.2</ele></trkpt><trkpt lat="37.951720" lon="-122.319600"><ele>52.7</ele></trkpt><trkpt lat="37.951780" lon="-122.320540"><ele>51.6</ele></trkpt><trkpt lat="37.951720" lon="-122.320980"><ele>53.0</ele></trkpt><trkpt lat="37.951560" lon="-122.321520"><ele>53.5</ele></trkpt><trkpt lat="37.951310" lon="-122.322260"><ele>52.0</ele></trkpt><trkpt lat="37.951200" lon="-122.322410"><ele>51.4</ele></trkpt><trkpt lat="37.950980" lon="-122.322580"><ele>50.4</ele></trkpt><trkpt lat="37.950390" lon="-122.322810"><ele>48.2</ele></trkpt><trkpt lat="37.949800" lon="-122.323040"><ele>45.6</ele></trkpt><trkpt lat="37.949670" lon="-122.323120"><ele>45.0</ele></trkpt><trkpt lat="37.949570" lon="-122.323220"><ele>44.5</ele></trkpt><trkpt lat="37.949460" lon="-122.323480"><ele>43.6</ele></trkpt><trkpt lat="37.949370" lon="-122.323740"><ele>42.7</ele></trkpt><trkpt lat="37.949090" lon="-122.324730"><ele>39.9</ele></trkpt><trkpt lat="37.948800" lon="-122.325710"><ele>37.4</ele></trkpt><trkpt lat="37.947990" lon="-122.325320"><ele>36.4</ele></trkpt><trkpt lat="37.947190" lon="-122.324930"><ele>35.4</ele></trkpt><trkpt lat="37.946380" lon="-122.324550"><ele>34.8</ele></trkpt><trkpt lat="37.945580" lon="-122.324160"><ele>33.3</ele></trkpt><trkpt lat="37.944770" lon="-122.323780"><ele>31.9</ele></trkpt><trkpt lat="37.943960" lon="-122.323390"><ele>30.9</ele></trkpt><trkpt lat="37.943160" lon="-122.323010"><ele>30.5</ele></trkpt><trkpt lat="37.942590" lon="-122.322820"><ele>31.1</ele></trkpt><trkpt lat="37.941890" lon="-122.322480"><ele>31.1</ele></trkpt><trkpt lat="37.941620" lon="-122.323360"><ele>31.0</ele></trkpt><trkpt lat="37.941560" lon="-122.323520"><ele>30.8</ele></trkpt><trkpt lat="37.941500" lon="-122.323610"><ele>30.7</ele></trkpt><trkpt lat="37.941380" lon="-122.323700"><ele>30.6</ele></trkpt><trkpt lat="37.940650" lon="-122.324050"><ele>28.7</ele></trkpt><trkpt lat="37.939920" lon="-122.324390"><ele>27.4</ele></trkpt><trkpt lat="37.939440" lon="-122.324600"><ele>26.9</ele></trkpt><trkpt lat="37.938960" lon="-122.324800"><ele>27.2</ele></trkpt><trkpt lat="37.938870" lon="-122.324530"><ele>27.4</ele></trkpt><trkpt lat="37.938800" lon="-122.324460"><ele>27.5</ele></trkpt><trkpt lat="37.938460" lon="-122.324330"><ele>27.7</ele></trkpt><trkpt lat="37.938270" lon="-122.324220"><ele>27.9</ele></trkpt><trkpt lat="37.938120" lon="-122.324170"><ele>28.0</ele></trkpt><trkpt lat="37.937779" lon="-122.324150"><ele>28.4</ele></trkpt><trkpt lat="37.937560" lon="-122.324110"><ele>28.7</ele></trkpt><trkpt lat="37.936740" lon="-122.323720"><ele>28.9</ele></trkpt><trkpt lat="37.935930" lon="-122.323320"><ele>28.4</ele></trkpt><trkpt lat="37.935110" lon="-122.322930"><ele>27.6</ele></trkpt><trkpt lat="37.934669" lon="-122.322760"><ele>27.2</ele></trkpt><trkpt lat="37.934410" lon="-122.322700"><ele>26.8</ele></trkpt><trkpt lat="37.934160" lon="-122.322660"><ele>26.4</ele></trkpt><trkpt lat="37.933760" lon="-122.322650"><ele>26.0</ele></trkpt><trkpt lat="37.933360" lon="-122.322610"><ele>25.7</ele></trkpt><trkpt lat="37.933050" lon="-122.322480"><ele>25.6</ele></trkpt><trkpt lat="37.932540" lon="-122.322200"><ele>25.6</ele></trkpt><trkpt lat="37.932210" lon="-122.321960"><ele>25.6</ele></trkpt><trkpt lat="37.932070" lon="-122.321830"><ele>25.7</ele></trkpt><trkpt lat="37.931520" lon="-122.321410"><ele>26.1</ele></trkpt><trkpt lat="37.930980" lon="-122.320980"><ele>26.4</ele></trkpt><trkpt lat="37.930440" lon="-122.320560"><ele>26.3</ele></trkpt><trkpt lat="37.930169" lon="-122.320220"><ele>25.9</ele></trkpt><trkpt lat="37.930120" lon="-122.320440"><ele>25.7</ele></trkpt><trkpt lat="37.930040" lon="-122.320510"><ele>25.5</ele></trkpt><trkpt lat="37.930060" lon="-122.320570"><ele>25.4</ele></trkpt><trkpt lat="37.930070" lon="-122.320640"><ele>25.3</ele></trkpt><trkpt lat="37.930230" lon="-122.320780"><ele>24.8</ele></trkpt><trkpt lat="37.930490" lon="-122.321240"><ele>23.8</ele></trkpt><trkpt lat="37.930790" lon="-122.321640"><ele>22.9</ele></trkpt><trkpt lat="37.930810" lon="-122.321840"><ele>22.5</ele></trkpt><trkpt lat="37.930770" lon="-122.321950"><ele>22.3</ele></trkpt><trkpt lat="37.930670" lon="-122.322120"><ele>21.9</ele></trkpt><trkpt lat="37.930580" lon="-122.322330"><ele>21.5</ele></trkpt><trkpt lat="37.930770" lon="-122.322920"><ele>20.5</ele></trkpt><trkpt lat="37.930960" lon="-122.323510"><ele>20.0</ele></trkpt><trkpt lat="37.931040" lon="-122.323610"><ele>20.0</ele></trkpt><trkpt lat="37.931160" lon="-122.323650"><ele>19.9</ele></trkpt><trkpt lat="37.931250" lon="-122.323710"><ele>19.9</ele></trkpt><trkpt lat="37.931320" lon="-122.323850"><ele>19.8</ele></trkpt><trkpt lat="37.931370" lon="-122.324130"><ele>20.0</ele></trkpt><trkpt lat="37.931410" lon="-122.324470"><ele>20.1</ele></trkpt><trkpt lat="37.931410" lon="-122.325560"><ele>20.4</ele></trkpt><trkpt lat="37.931410" lon="-122.326650"><ele>20.0</ele></trkpt><trkpt lat="37.931370" lon="-122.326970"><ele>19.7</ele></trkpt><trkpt lat="37.931260" lon="-122.327530"><ele>19.2</ele></trkpt><trkpt lat="37.931160" lon="-122.328090"><ele>18.8</ele></trkpt><trkpt lat="37.931150" lon="-122.328090"><ele>18.8</ele></trkpt><trkpt lat="37.931120" lon="-122.328230"><ele>18.7</ele></trkpt><trkpt lat="37.931109" lon="-122.328810"><ele>18.6</ele></trkpt><trkpt lat="37.931170" lon="-122.329450"><ele>18.7</ele></trkpt><trkpt lat="37.931210" lon="-122.329700"><ele>18.8</ele></trkpt><trkpt lat="37.931290" lon="-122.330770"><ele>18.9</ele></trkpt><trkpt lat="37.931290" lon="-122.336670"><ele>16.2</ele></trkpt><trkpt lat="37.931300" lon="-122.338440"><ele>15.5</ele></trkpt><trkpt lat="37.931280" lon="-122.342520"><ele>15.7</ele></trkpt><trkpt lat="37.931290" lon="-122.345560"><ele>14.0</ele></trkpt><trkpt lat="37.931310" lon="-122.345880"><ele>13.9</ele></trkpt><trkpt lat="37.931320" lon="-122.345940"><ele>13.9</ele></trkpt><trkpt lat="37.931430" lon="-122.346160"><ele>13.7</ele></trkpt><trkpt lat="37.931430" lon="-122.346220"><ele>13.7</ele></trkpt><trkpt lat="37.931440" lon="-122.346380"><ele>13.6</ele></trkpt><trkpt lat="37.931410" lon="-122.346600"><ele>13.5</ele></trkpt><trkpt lat="37.930900" lon="-122.345830"><ele>13.1</ele></trkpt><trkpt lat="37.930840" lon="-122.345910"><ele>13.1</ele></trkpt><trkpt lat="37.931500" lon="-122.346910"><ele>13.1</ele></trkpt><trkpt lat="37.931850" lon="-122.347380"><ele>13.1</ele></trkpt><trkpt lat="37.932070" lon="-122.347590"><ele>13.1</ele></trkpt><trkpt lat="37.932110" lon="-122.347480"><ele>13.1</ele></trkpt><trkpt lat="37.932370" lon="-122.346950"><ele>13.3</ele></trkpt><trkpt lat="37.932580" lon="-122.346560"><ele>13.5</ele></trkpt><trkpt lat="37.932680" lon="-122.346600"><ele>13.6</ele></trkpt><trkpt lat="37.934120" lon="-122.346600"><ele>13.7</ele></trkpt><trkpt lat="37.934130" lon="-122.347570"><ele>13.4</ele></trkpt><trkpt lat="37.934060" lon="-122.347600"><ele>13.3</ele></trkpt><trkpt lat="37.933830" lon="-122.347640"><ele>13.1</ele></trkpt><trkpt lat="37.933060" lon="-122.347890"><ele>12.6</ele></trkpt><trkpt lat="37.932740" lon="-122.347910"><ele>12.5</ele></trkpt><trkpt lat="37.932180" lon="-122.347910"><ele>12.5</ele></trkpt><trkpt lat="37.931820" lon="-122.347880"><ele>12.5</ele></trkpt><trkpt lat="37.931060" lon="-122.347610"><ele>12.5</ele></trkpt><trkpt lat="37.930830" lon="-122.347600"><ele>12.5</ele></trkpt><trkpt lat="37.930750" lon="-122.347670"><ele>12.5</ele></trkpt><trkpt lat="37.930850" lon="-122.347740"><ele>12.5</ele></trkpt><trkpt lat="37.930870" lon="-122.347850"><ele>12.5</ele></trkpt><trkpt lat="37.930850" lon="-122.347910"><ele>12.5</ele></trkpt><trkpt lat="37.931040" lon="-122.347910"><ele>12.5</ele></trkpt><trkpt lat="37.931510" lon="-122.348140"><ele>12.1</ele></trkpt><trkpt lat="37.931480" lon="-122.350450"><ele>10.6</ele></trkpt><trkpt lat="37.931470" lon="-122.354560"><ele>8.8</ele></trkpt></trkseg></trk>
</gpx>