<?xml version="1.0" encoding="UTF-8"?>
<gpx version="1.1" creator="north-bay-planning" xmlns="http://www.topografix.com/GPX/1/1">
<metadata><name>Two bridges Headlands dirt</name><desc>Same ends, via the Headlands fire roads to Tennessee Valley</desc></metadata>
<trk><name>Two bridges Headlands dirt</name><trkseg><trkpt lat="37.792869" lon="-122.396860"><ele>34.1</ele></trkpt><trkpt lat="37.792579" lon="-122.397225"><ele>41.3</ele></trkpt><trkpt lat="37.792575" lon="-122.397264"><ele>41.9</ele></trkpt><trkpt lat="37.792558" lon="-122.397431"><ele>43.9</ele></trkpt><trkpt lat="37.792554" lon="-122.397473"><ele>44.2</ele></trkpt><trkpt lat="37.792544" lon="-122.397602"><ele>45.1</ele></trkpt><trkpt lat="37.792514" lon="-122.397832"><ele>46.8</ele></trkpt><trkpt lat="37.792486" lon="-122.398051"><ele>48.3</ele></trkpt><trkpt lat="37.792458" lon="-122.398271"><ele>48.7</ele></trkpt><trkpt lat="37.792431" lon="-122.398484"><ele>49.0</ele></trkpt><trkpt lat="37.792426" lon="-122.398516"><ele>49.1</ele></trkpt><trkpt lat="37.792413" lon="-122.398610"><ele>49.2</ele></trkpt><trkpt lat="37.792399" lon="-122.398719"><ele>49.3</ele></trkpt><trkpt lat="37.792334" lon="-122.399223"><ele>54.2</ele></trkpt><trkpt lat="37.792305" lon="-122.399445"><ele>56.1</ele></trkpt><trkpt lat="37.792278" lon="-122.399655"><ele>56.3</ele></trkpt><trkpt lat="37.792274" lon="-122.399686"><ele>56.3</ele></trkpt><trkpt lat="37.792261" lon="-122.399785"><ele>56.4</ele></trkpt><trkpt lat="37.792248" lon="-122.399888"><ele>56.5</ele></trkpt><trkpt lat="37.792219" lon="-122.400115"><ele>56.5</ele></trkpt><trkpt lat="37.792127" lon="-122.400869"><ele>52.9</ele></trkpt><trkpt lat="37.792116" lon="-122.400959"><ele>52.5</ele></trkpt><trkpt lat="37.792191" lon="-122.400974"><ele>52.2</ele></trkpt><trkpt lat="37.792367" lon="-122.401010"><ele>51.2</ele></trkpt><trkpt lat="37.792979" lon="-122.401134"><ele>52.8</ele></trkpt><trkpt lat="37.793058" lon="-122.401150"><ele>52.7</ele></trkpt><trkpt lat="37.793067" lon="-122.401152"><ele>52.6</ele></trkpt><trkpt lat="37.793085" lon="-122.401156"><ele>52.4</ele></trkpt><trkpt lat="37.793158" lon="-122.401170"><ele>51.5</ele></trkpt><trkpt lat="37.793196" lon="-122.401178"><ele>51.1</ele></trkpt><trkpt lat="37.793299" lon="-122.401198"><ele>50.0</ele></trkpt><trkpt lat="37.793471" lon="-122.401233"><ele>48.1</ele></trkpt><trkpt lat="37.793547" lon="-122.401248"><ele>47.2</ele></trkpt><trkpt lat="37.793702" lon="-122.401278"><ele>45.6</ele></trkpt><trkpt lat="37.793908" lon="-122.401319"><ele>43.5</ele></trkpt><trkpt lat="37.793944" lon="-122.401327"><ele>43.1</ele></trkpt><trkpt lat="37.793996" lon="-122.401337"><ele>42.6</ele></trkpt><trkpt lat="37.794056" lon="-122.401350"><ele>41.9</ele></trkpt><trkpt lat="37.794374" lon="-122.401415"><ele>38.7</ele></trkpt><trkpt lat="37.794433" lon="-122.401427"><ele>38.0</ele></trkpt><trkpt lat="37.794536" lon="-122.401449"><ele>37.0</ele></trkpt><trkpt lat="37.794603" lon="-122.401462"><ele>36.3</ele></trkpt><trkpt lat="37.794695" lon="-122.401482"><ele>35.1</ele></trkpt><trkpt lat="37.794770" lon="-122.401497"><ele>34.0</ele></trkpt><trkpt lat="37.794856" lon="-122.401516"><ele>32.8</ele></trkpt><trkpt lat="37.794937" lon="-122.401532"><ele>31.6</ele></trkpt><trkpt lat="37.795049" lon="-122.401555"><ele>30.0</ele></trkpt><trkpt lat="37.795239" lon="-122.401595"><ele>27.6</ele></trkpt><trkpt lat="37.795321" lon="-122.401612"><ele>26.8</ele></trkpt><trkpt lat="37.795652" lon="-122.401680"><ele>23.5</ele></trkpt><trkpt lat="37.795725" lon="-122.401694"><ele>22.8</ele></trkpt><trkpt lat="37.795712" lon="-122.401801"><ele>22.1</ele></trkpt><trkpt lat="37.795688" lon="-122.402044"><ele>20.7</ele></trkpt><trkpt lat="37.795682" lon="-122.402100"><ele>20.4</ele></trkpt><trkpt lat="37.795607" lon="-122.402744"><ele>18.2</ele></trkpt><trkpt lat="37.795546" lon="-122.403238"><ele>17.3</ele></trkpt><trkpt lat="37.795535" lon="-122.403327"><ele>17.1</ele></trkpt><trkpt lat="37.795661" lon="-122.403475"><ele>16.7</ele></trkpt><trkpt lat="37.795757" lon="-122.403619"><ele>16.5</ele></trkpt><trkpt lat="37.795849" lon="-122.403752"><ele>16.9</ele></trkpt><trkpt lat="37.796074" lon="-122.404081"><ele>17.9</ele></trkpt><trkpt lat="37.796085" lon="-122.404097"><ele>17.9</ele></trkpt><trkpt lat="37.796144" lon="-122.404184"><ele>18.0</ele></trkpt><trkpt lat="37.796183" lon="-122.404242"><ele>18.1</ele></trkpt><trkpt lat="37.796264" lon="-122.404357"><ele>18.1</ele></trkpt><trkpt lat="37.796308" lon="-122.404428"><ele>18.2</ele></trkpt><trkpt lat="37.796358" lon="-122.404503"><ele>18.2</ele></trkpt><trkpt lat="37.796384" lon="-122.404543"><ele>18.2</ele></trkpt><trkpt lat="37.796724" lon="-122.405036"><ele>19.3</ele></trkpt><trkpt lat="37.796823" lon="-122.405180"><ele>19.7</ele></trkpt><trkpt lat="37.796894" lon="-122.405282"><ele>20.2</ele></trkpt><trkpt lat="37.797072" lon="-122.405542"><ele>21.6</ele></trkpt><trkpt lat="37.797157" lon="-122.405665"><ele>22.2</ele></trkpt><trkpt lat="37.797254" lon="-122.405805"><ele>22.6</ele></trkpt><trkpt lat="37.797516" lon="-122.406184"><ele>23.5</ele></trkpt><trkpt lat="37.797549" lon="-122.406198"><ele>23.5</ele></trkpt><trkpt lat="37.797579" lon="-122.406222"><ele>23.6</ele></trkpt><trkpt lat="37.797807" lon="-122.406532"><ele>24.2</ele></trkpt><trkpt lat="37.797875" lon="-122.406634"><ele>24.3</ele></trkpt><trkpt lat="37.797972" lon="-122.406777"><ele>25.0</ele></trkpt><trkpt lat="37.798074" lon="-122.406916"><ele>25.8</ele></trkpt><trkpt lat="37.798098" lon="-122.406962"><ele>26.0</ele></trkpt><trkpt lat="37.798112" lon="-122.407002"><ele>26.2</ele></trkpt><trkpt lat="37.798116" lon="-122.407011"><ele>26.2</ele></trkpt><trkpt lat="37.798133" lon="-122.407075"><ele>26.5</ele></trkpt><trkpt lat="37.798229" lon="-122.407211"><ele>27.2</ele></trkpt><trkpt lat="37.798630" lon="-122.407807"><ele>29.2</ele></trkpt><trkpt lat="37.798696" lon="-122.407889"><ele>29.4</ele></trkpt><trkpt lat="37.798770" lon="-122.407986"><ele>29.6</ele></trkpt><trkpt lat="37.799217" lon="-122.408639"><ele>30.4</ele></trkpt><trkpt lat="37.799284" lon="-122.408734"><ele>30.5</ele></trkpt><trkpt lat="37.799337" lon="-122.408810"><ele>30.3</ele></trkpt><trkpt lat="37.799487" lon="-122.409001"><ele>30.0</ele></trkpt><trkpt lat="37.799559" lon="-122.409040"><ele>29.9</ele></trkpt><trkpt lat="37.799620" lon="-122.409133"><ele>29.7</ele></trkpt><trkpt lat="37.799673" lon="-122.409217"><ele>29.6</ele></trkpt><trkpt lat="37.800262" lon="-122.410059"><ele>28.7</ele></trkpt><trkpt lat="37.800326" lon="-122.410151"><ele>28.7</ele></trkpt><trkpt lat="37.800314" lon="-122.410286"><ele>28.7</ele></trkpt><trkpt lat="37.800305" lon="-122.410393"><ele>28.8</ele></trkpt><trkpt lat="37.800280" lon="-122.410576"><ele>29.1</ele></trkpt><trkpt lat="37.800260" lon="-122.410746"><ele>29.3</ele></trkpt><trkpt lat="37.800244" lon="-122.410851"><ele>29.5</ele></trkpt><trkpt lat="37.800234" lon="-122.410937"><ele>29.6</ele></trkpt><trkpt lat="37.800142" lon="-122.411654"><ele>33.2</ele></trkpt><trkpt lat="37.800052" lon="-122.412367"><ele>39.2</ele></trkpt><trkpt lat="37.800049" lon="-122.412387"><ele>39.4</ele></trkpt><trkpt lat="37.800039" lon="-122.412463"><ele>40.0</ele></trkpt><trkpt lat="37.800037" lon="-122.412483"><ele>40.2</ele></trkpt><trkpt lat="37.800034" lon="-122.412507"><ele>40.4</ele></trkpt><trkpt lat="37.800027" lon="-122.412574"><ele>41.1</ele></trkpt><trkpt lat="37.800014" lon="-122.412665"><ele>41.9</ele></trkpt><trkpt lat="37.799965" lon="-122.413053"><ele>45.5</ele></trkpt><trkpt lat="37.799955" lon="-122.413126"><ele>46.3</ele></trkpt><trkpt lat="37.799848" lon="-122.413979"><ele>55.4</ele></trkpt><trkpt lat="37.799845" lon="-122.414001"><ele>55.6</ele></trkpt><trkpt lat="37.799840" lon="-122.414038"><ele>56.1</ele></trkpt><trkpt lat="37.799829" lon="-122.414131"><ele>57.1</ele></trkpt><trkpt lat="37.799816" lon="-122.414227"><ele>58.2</ele></trkpt><trkpt lat="37.799812" lon="-122.414261"><ele>58.6</ele></trkpt><trkpt lat="37.799810" lon="-122.414279"><ele>58.8</ele></trkpt><trkpt lat="37.799690" lon="-122.415223"><ele>69.5</ele></trkpt><trkpt lat="37.799639" lon="-122.415624"><ele>73.9</ele></trkpt><trkpt lat="37.799637" lon="-122.415646"><ele>74.1</ele></trkpt><trkpt lat="37.799634" lon="-122.415665"><ele>74.3</ele></trkpt><trkpt lat="37.799621" lon="-122.415774"><ele>75.4</ele></trkpt><trkpt lat="37.799609" lon="-122.415864"><ele>76.3</ele></trkpt><trkpt lat="37.799605" lon="-122.415901"><ele>76.7</ele></trkpt><trkpt lat="37.799600" lon="-122.415936"><ele>77.1</ele></trkpt><trkpt lat="37.799524" lon="-122.416540"><ele>82.5</ele></trkpt><trkpt lat="37.799429" lon="-122.417294"><ele>86.7</ele></trkpt><trkpt lat="37.799429" lon="-122.417317"><ele>86.8</ele></trkpt><trkpt lat="37.799413" lon="-122.417422"><ele>87.2</ele></trkpt><trkpt lat="37.799401" lon="-122.417511"><ele>87.5</ele></trkpt><trkpt lat="37.799397" lon="-122.417544"><ele>87.6</ele></trkpt><trkpt lat="37.799395" lon="-122.417560"><ele>87.7</ele></trkpt><trkpt lat="37.799378" lon="-122.417700"><ele>88.1</ele></trkpt><trkpt lat="37.799309" lon="-122.418246"><ele>87.6</ele></trkpt><trkpt lat="37.799220" lon="-122.418945"><ele>85.3</ele></trkpt><trkpt lat="37.799218" lon="-122.418967"><ele>85.2</ele></trkpt><trkpt lat="37.799207" lon="-122.419048"><ele>84.9</ele></trkpt><trkpt lat="37.799205" lon="-122.419065"><ele>84.8</ele></trkpt><trkpt lat="37.799203" lon="-122.419084"><ele>84.6</ele></trkpt><trkpt lat="37.799195" lon="-122.419155"><ele>84.2</ele></trkpt><trkpt lat="37.799188" lon="-122.419204"><ele>83.9</ele></trkpt><trkpt lat="37.799074" lon="-122.420101"><ele>77.2</ele></trkpt><trkpt lat="37.799041" lon="-122.420361"><ele>75.0</ele></trkpt><trkpt lat="37.799040" lon="-122.420374"><ele>74.8</ele></trkpt><trkpt lat="37.799013" lon="-122.420587"><ele>72.7</ele></trkpt><trkpt lat="37.799010" lon="-122.420608"><ele>72.4</ele></trkpt><trkpt lat="37.799008" lon="-122.420622"><ele>72.3</ele></trkpt><trkpt lat="37.798986" lon="-122.420709"><ele>71.4</ele></trkpt><trkpt lat="37.798965" lon="-122.420789"><ele>70.5</ele></trkpt><trkpt lat="37.798963" lon="-122.420799"><ele>70.4</ele></trkpt><trkpt lat="37.798782" lon="-122.422239"><ele>55.5</ele></trkpt><trkpt lat="37.798766" lon="-122.422355"><ele>54.2</ele></trkpt><trkpt lat="37.798753" lon="-122.422454"><ele>53.0</ele></trkpt><trkpt lat="37.798749" lon="-122.422491"><ele>52.6</ele></trkpt><trkpt lat="37.798731" lon="-122.422631"><ele>50.9</ele></trkpt><trkpt lat="37.798582" lon="-122.423811"><ele>39.4</ele></trkpt><trkpt lat="37.798571" lon="-122.423896"><ele>38.8</ele></trkpt><trkpt lat="37.798557" lon="-122.424003"><ele>38.1</ele></trkpt><trkpt lat="37.798544" lon="-122.424106"><ele>37.4</ele></trkpt><trkpt lat="37.798533" lon="-122.424197"><ele>36.7</ele></trkpt><trkpt lat="37.798528" lon="-122.424237"><ele>36.5</ele></trkpt><trkpt lat="37.798500" lon="-122.424457"><ele>35.1</ele></trkpt><trkpt lat="37.798486" lon="-122.424572"><ele>34.5</ele></trkpt><trkpt lat="37.798408" lon="-122.425184"><ele>31.8</ele></trkpt><trkpt lat="37.798362" lon="-122.425541"><ele>31.2</ele></trkpt><trkpt lat="37.798349" lon="-122.425644"><ele>31.0</ele></trkpt><trkpt lat="37.798334" lon="-122.425763"><ele>30.8</ele></trkpt><trkpt lat="37.798218" lon="-122.426679"><ele>30.9</ele></trkpt><trkpt lat="37.798193" lon="-122.426882"><ele>31.0</ele></trkpt><trkpt lat="37.798162" lon="-122.427116"><ele>31.1</ele></trkpt><trkpt lat="37.798152" lon="-122.427195"><ele>31.1</ele></trkpt><trkpt lat="37.798140" lon="-122.427288"><ele>31.1</ele></trkpt><trkpt lat="37.798129" lon="-122.427376"><ele>31.1</ele></trkpt><trkpt lat="37.798125" lon="-122.427408"><ele>31.1</ele></trkpt><trkpt lat="37.798094" lon="-122.427667"><ele>31.1</ele></trkpt><trkpt lat="37.797946" lon="-122.428818"><ele>31.5</ele></trkpt><trkpt lat="37.797944" lon="-122.428835"><ele>31.5</ele></trkpt><trkpt lat="37.797931" lon="-122.428932"><ele>31.3</ele></trkpt><trkpt lat="37.797920" lon="-122.429021"><ele>31.2</ele></trkpt><trkpt lat="37.797916" lon="-122.429056"><ele>31.2</ele></trkpt><trkpt lat="37.797778" lon="-122.430127"><ele>28.8</ele></trkpt><trkpt lat="37.797737" lon="-122.430463"><ele>28.1</ele></trkpt><trkpt lat="37.797735" lon="-122.430479"><ele>28.0</ele></trkpt><trkpt lat="37.797722" lon="-122.430575"><ele>27.9</ele></trkpt><trkpt lat="37.797711" lon="-122.430668"><ele>27.8</ele></trkpt><trkpt lat="37.797706" lon="-122.430702"><ele>27.7</ele></trkpt><trkpt lat="37.797661" lon="-122.431056"><ele>27.2</ele></trkpt><trkpt lat="37.797612" lon="-122.431446"><ele>26.6</ele></trkpt><trkpt lat="37.797571" lon="-122.431765"><ele>26.0</ele></trkpt><trkpt lat="37.797527" lon="-122.432112"><ele>25.8</ele></trkpt><trkpt lat="37.797525" lon="-122.432128"><ele>25.8</ele></trkpt><trkpt lat="37.797513" lon="-122.432220"><ele>25.7</ele></trkpt><trkpt lat="37.797501" lon="-122.432315"><ele>25.7</ele></trkpt><trkpt lat="37.797497" lon="-122.432350"><ele>25.7</ele></trkpt><trkpt lat="37.797453" lon="-122.432700"><ele>25.6</ele></trkpt><trkpt lat="37.797448" lon="-122.432741"><ele>25.6</ele></trkpt><trkpt lat="37.797440" lon="-122.432802"><ele>25.6</ele></trkpt><trkpt lat="37.797322" lon="-122.433728"><ele>25.9</ele></trkpt><trkpt lat="37.797319" lon="-122.433755"><ele>25.9</ele></trkpt><trkpt lat="37.797317" lon="-122.433767"><ele>25.9</ele></trkpt><trkpt lat="37.797305" lon="-122.433865"><ele>25.9</ele></trkpt><trkpt lat="37.797292" lon="-122.433964"><ele>26.0</ele></trkpt><trkpt lat="37.797289" lon="-122.433987"><ele>26.0</ele></trkpt><trkpt lat="37.797286" lon="-122.434012"><ele>26.0</ele></trkpt><trkpt lat="37.797145" lon="-122.435121"><ele>25.9</ele></trkpt><trkpt lat="37.797137" lon="-122.435182"><ele>25.9</ele></trkpt><trkpt lat="37.797108" lon="-122.435411"><ele>25.5</ele></trkpt><trkpt lat="37.797096" lon="-122.435509"><ele>25.3</ele></trkpt><trkpt lat="37.797083" lon="-122.435607"><ele>25.1</ele></trkpt><trkpt lat="37.797054" lon="-122.435837"><ele>24.7</ele></trkpt><trkpt lat="37.797027" lon="-122.436046"><ele>24.3</ele></trkpt><trkpt lat="37.796898" lon="-122.437058"><ele>21.9</ele></trkpt><trkpt lat="37.796886" lon="-122.437152"><ele>21.7</ele></trkpt><trkpt lat="37.796967" lon="-122.437168"><ele>21.4</ele></trkpt><trkpt lat="37.797139" lon="-122.437203"><ele>20.5</ele></trkpt><trkpt lat="37.797248" lon="-122.437225"><ele>20.0</ele></trkpt><trkpt lat="37.797745" lon="-122.437326"><ele>17.6</ele></trkpt><trkpt lat="37.797819" lon="-122.437341"><ele>17.3</ele></trkpt><trkpt lat="37.797893" lon="-122.437356"><ele>16.9</ele></trkpt><trkpt lat="37.797905" lon="-122.437359"><ele>16.9</ele></trkpt><trkpt lat="37.798285" lon="-122.437436"><ele>16.0</ele></trkpt><trkpt lat="37.798659" lon="-122.437512"><ele>15.2</ele></trkpt><trkpt lat="37.798674" lon="-122.437515"><ele>15.1</ele></trkpt><trkpt lat="37.798752" lon="-122.437531"><ele>14.9</ele></trkpt><trkpt lat="37.798843" lon="-122.437549"><ele>14.7</ele></trkpt><trkpt lat="37.798852" lon="-122.437551"><ele>14.6</ele></trkpt><trkpt lat="37.799128" lon="-122.437607"><ele>13.9</ele></trkpt><trkpt lat="37.799215" lon="-122.437625"><ele>13.8</ele></trkpt><trkpt lat="37.799442" lon="-122.437671"><ele>13.4</ele></trkpt><trkpt lat="37.799518" lon="-122.437686"><ele>13.3</ele></trkpt><trkpt lat="37.799593" lon="-122.437701"><ele>13.1</ele></trkpt><trkpt lat="37.799687" lon="-122.437721"><ele>13.0</ele></trkpt><trkpt lat="37.799763" lon="-122.437736"><ele>12.9</ele></trkpt><trkpt lat="37.800408" lon="-122.437867"><ele>12.2</ele></trkpt><trkpt lat="37.800524" lon="-122.437891"><ele>12.1</ele></trkpt><trkpt lat="37.800547" lon="-122.437895"><ele>12.0</ele></trkpt><trkpt lat="37.800611" lon="-122.437908"><ele>12.0</ele></trkpt><trkpt lat="37.800600" lon="-122.437996"><ele>11.9</ele></trkpt><trkpt lat="37.800595" lon="-122.438031"><ele>11.8</ele></trkpt><trkpt lat="37.800426" lon="-122.439363"><ele>9.1</ele></trkpt><trkpt lat="37.800423" lon="-122.439386"><ele>9.1</ele></trkpt><trkpt lat="37.800417" lon="-122.439436"><ele>9.1</ele></trkpt><trkpt lat="37.800406" lon="-122.439522"><ele>9.0</ele></trkpt><trkpt lat="37.800393" lon="-122.439623"><ele>8.9</ele></trkpt><trkpt lat="37.800389" lon="-122.439658"><ele>8.8</ele></trkpt><trkpt lat="37.800386" lon="-122.439676"><ele>8.8</ele></trkpt><trkpt lat="37.800336" lon="-122.440069"><ele>8.5</ele></trkpt><trkpt lat="37.800303" lon="-122.440328"><ele>8.2</ele></trkpt><trkpt lat="37.800292" lon="-122.440413"><ele>8.2</ele></trkpt><trkpt lat="37.800211" lon="-122.441058"><ele>7.6</ele></trkpt><trkpt lat="37.800204" lon="-122.441108"><ele>7.5</ele></trkpt><trkpt lat="37.800193" lon="-122.441196"><ele>7.5</ele></trkpt><trkpt lat="37.800180" lon="-122.441297"><ele>7.4</ele></trkpt><trkpt lat="37.800176" lon="-122.441331"><ele>7.3</ele></trkpt><trkpt lat="37.800001" lon="-122.442704"><ele>7.6</ele></trkpt><trkpt lat="37.799999" lon="-122.442720"><ele>7.6</ele></trkpt><trkpt lat="37.799994" lon="-122.442760"><ele>7.6</ele></trkpt><trkpt lat="37.799981" lon="-122.442864"><ele>7.5</ele></trkpt><trkpt lat="37.800070" lon="-122.442883"><ele>7.5</ele></trkpt><trkpt lat="37.800085" lon="-122.442885"><ele>7.5</ele></trkpt><trkpt lat="37.800099" lon="-122.442888"><ele>7.5</ele></trkpt><trkpt lat="37.800796" lon="-122.443030"><ele>7.1</ele></trkpt><trkpt lat="37.800828" lon="-122.443036"><ele>7.1</ele></trkpt><trkpt lat="37.800839" lon="-122.443038"><ele>7.1</ele></trkpt><trkpt lat="37.800917" lon="-122.443054"><ele>7.0</ele></trkpt><trkpt lat="37.801002" lon="-122.443071"><ele>7.0</ele></trkpt><trkpt lat="37.801010" lon="-122.443073"><ele>7.0</ele></trkpt><trkpt lat="37.801016" lon="-122.443074"><ele>7.0</ele></trkpt><trkpt lat="37.801061" lon="-122.443083"><ele>7.0</ele></trkpt><trkpt lat="37.801760" lon="-122.443224"><ele>7.0</ele></trkpt><trkpt lat="37.801777" lon="-122.443228"><ele>7.0</ele></trkpt><trkpt lat="37.801847" lon="-122.443242"><ele>7.0</ele></trkpt><trkpt lat="37.801922" lon="-122.443258"><ele>7.0</ele></trkpt><trkpt lat="37.801942" lon="-122.443262"><ele>7.0</ele></trkpt><trkpt lat="37.801951" lon="-122.443264"><ele>7.0</ele></trkpt><trkpt lat="37.802690" lon="-122.443414"><ele>6.6</ele></trkpt><trkpt lat="37.802706" lon="-122.443418"><ele>6.6</ele></trkpt><trkpt lat="37.802777" lon="-122.443432"><ele>6.6</ele></trkpt><trkpt lat="37.802860" lon="-122.443449"><ele>6.5</ele></trkpt><trkpt lat="37.802876" lon="-122.443452"><ele>6.5</ele></trkpt><trkpt lat="37.802892" lon="-122.443455"><ele>6.5</ele></trkpt><trkpt lat="37.803623" lon="-122.443603"><ele>6.7</ele></trkpt><trkpt lat="37.803639" lon="-122.443606"><ele>6.7</ele></trkpt><trkpt lat="37.803711" lon="-122.443621"><ele>6.7</ele></trkpt><trkpt lat="37.803795" lon="-122.443638"><ele>6.7</ele></trkpt><trkpt lat="37.803806" lon="-122.443640"><ele>6.7</ele></trkpt><trkpt lat="37.803921" lon="-122.443664"><ele>6.7</ele></trkpt><trkpt lat="37.804554" lon="-122.443792"><ele>5.8</ele></trkpt><trkpt lat="37.804569" lon="-122.443796"><ele>5.7</ele></trkpt><trkpt lat="37.804645" lon="-122.443811"><ele>5.6</ele></trkpt><trkpt lat="37.804731" lon="-122.443828"><ele>5.5</ele></trkpt><trkpt lat="37.804736" lon="-122.443829"><ele>5.5</ele></trkpt><trkpt lat="37.805471" lon="-122.443978"><ele>5.0</ele></trkpt><trkpt lat="37.805587" lon="-122.444002"><ele>5.0</ele></trkpt><trkpt lat="37.805393" lon="-122.445521"><ele>3.7</ele></trkpt><trkpt lat="37.805386" lon="-122.445578"><ele>3.7</ele></trkpt><trkpt lat="37.805375" lon="-122.445665"><ele>3.8</ele></trkpt><trkpt lat="37.805359" lon="-122.445787"><ele>3.9</ele></trkpt><trkpt lat="37.805181" lon="-122.447184"><ele>4.3</ele></trkpt><trkpt lat="37.805177" lon="-122.447218"><ele>4.3</ele></trkpt><trkpt lat="37.805165" lon="-122.447310"><ele>4.3</ele></trkpt><trkpt lat="37.805149" lon="-122.447434"><ele>4.3</ele></trkpt><trkpt lat="37.805133" lon="-122.447560"><ele>4.3</ele></trkpt><trkpt lat="37.805120" lon="-122.447648"><ele>4.2</ele></trkpt><trkpt lat="37.805124" lon="-122.447747"><ele>4.1</ele></trkpt><trkpt lat="37.805123" lon="-122.447836"><ele>4.0</ele></trkpt><trkpt lat="37.805117" lon="-122.447929"><ele>3.9</ele></trkpt><trkpt lat="37.805106" lon="-122.448020"><ele>3.9</ele></trkpt><trkpt lat="37.805092" lon="-122.448103"><ele>3.8</ele></trkpt><trkpt lat="37.805062" lon="-122.448223"><ele>3.7</ele></trkpt><trkpt lat="37.805055" lon="-122.448250"><ele>3.6</ele></trkpt><trkpt lat="37.805028" lon="-122.448325"><ele>3.5</ele></trkpt><trkpt lat="37.804996" lon="-122.448383"><ele>3.4</ele></trkpt><trkpt lat="37.804981" lon="-122.448503"><ele>3.3</ele></trkpt><trkpt lat="37.804969" lon="-122.448601"><ele>3.2</ele></trkpt><trkpt lat="37.804956" lon="-122.448694"><ele>3.0</ele></trkpt><trkpt lat="37.804928" lon="-122.448870"><ele>2.8</ele></trkpt><trkpt lat="37.804884" lon="-122.449118"><ele>2.5</ele></trkpt><trkpt lat="37.804848" lon="-122.449349"><ele>2.3</ele></trkpt><trkpt lat="37.804815" lon="-122.449570"><ele>2.1</ele></trkpt><trkpt lat="37.804787" lon="-122.449782"><ele>1.9</ele></trkpt><trkpt lat="37.804739" lon="-122.450143"><ele>1.6</ele></trkpt><trkpt lat="37.804736" lon="-122.450168"><ele>1.6</ele></trkpt><trkpt lat="37.804797" lon="-122.450180"><ele>1.5</ele></trkpt><trkpt lat="37.805627" lon="-122.450355"><ele>0.3</ele></trkpt><trkpt lat="37.805853" lon="-122.450393"><ele>0.3</ele></trkpt><trkpt lat="37.806045" lon="-122.450433"><ele>0.3</ele></trkpt><trkpt lat="37.806011" lon="-122.450704"><ele>0.3</ele></trkpt><trkpt lat="37.805980" lon="-122.450939"><ele>0.3</ele></trkpt><trkpt lat="37.805944" lon="-122.451207"><ele>0.3</ele></trkpt><trkpt lat="37.805910" lon="-122.451468"><ele>0.3</ele></trkpt><trkpt lat="37.805879" lon="-122.451718"><ele>0.4</ele></trkpt><trkpt lat="37.805850" lon="-122.451947"><ele>0.5</ele></trkpt><trkpt lat="37.805846" lon="-122.451976"><ele>0.5</ele></trkpt><trkpt lat="37.805812" lon="-122.452243"><ele>0.6</ele></trkpt><trkpt lat="37.805784" lon="-122.452453"><ele>0.8</ele></trkpt><trkpt lat="37.805748" lon="-122.452453"><ele>0.9</ele></trkpt><trkpt lat="37.805675" lon="-122.453013"><ele>1.3</ele></trkpt><trkpt lat="37.805640" lon="-122.453345"><ele>1.4</ele></trkpt><trkpt lat="37.805613" lon="-122.453613"><ele>1.5</ele></trkpt><trkpt lat="37.805573" lon="-122.453947"><ele>1.5</ele></trkpt><trkpt lat="37.805558" lon="-122.454061"><ele>1.5</ele></trkpt><trkpt lat="37.805520" lon="-122.454353"><ele>1.5</ele></trkpt><trkpt lat="37.805488" lon="-122.454586"><ele>1.5</ele></trkpt><trkpt lat="37.805355" lon="-122.455621"><ele>2.1</ele></trkpt><trkpt lat="37.805247" lon="-122.456451"><ele>2.1</ele></trkpt><trkpt lat="37.805179" lon="-122.456972"><ele>2.2</ele></trkpt><trkpt lat="37.805132" lon="-122.457338"><ele>2.3</ele></trkpt><trkpt lat="37.805090" lon="-122.457671"><ele>2.4</ele></trkpt><trkpt lat="37.805008" lon="-122.458320"><ele>2.1</ele></trkpt><trkpt lat="37.804928" lon="-122.458952"><ele>2.2</ele></trkpt><trkpt lat="37.804812" lon="-122.459842"><ele>2.7</ele></trkpt><trkpt lat="37.804725" lon="-122.460505"><ele>2.4</ele></trkpt><trkpt lat="37.804652" lon="-122.460971"><ele>1.8</ele></trkpt><trkpt lat="37.804610" lon="-122.461202"><ele>1.8</ele></trkpt><trkpt lat="37.804128" lon="-122.463630"><ele>0.4</ele></trkpt><trkpt lat="37.803569" lon="-122.466433"><ele>3.4</ele></trkpt><trkpt lat="37.803572" lon="-122.466482"><ele>3.5</ele></trkpt><trkpt lat="37.803573" lon="-122.466527"><ele>3.6</ele></trkpt><trkpt lat="37.803579" lon="-122.466578"><ele>3.7</ele></trkpt><trkpt lat="37.803658" lon="-122.467064"><ele>4.8</ele></trkpt><trkpt lat="37.803687" lon="-122.467243"><ele>5.4</ele></trkpt><trkpt lat="37.803694" lon="-122.467280"><ele>5.5</ele></trkpt><trkpt lat="37.803704" lon="-122.467314"><ele>5.6</ele></trkpt><trkpt lat="37.803717" lon="-122.467348"><ele>5.7</ele></trkpt><trkpt lat="37.803740" lon="-122.467385"><ele>5.9</ele></trkpt><trkpt lat="37.803779" lon="-122.467447"><ele>6.1</ele></trkpt><trkpt lat="37.803772" lon="-122.467459"><ele>6.2</ele></trkpt><trkpt lat="37.803746" lon="-122.467498"><ele>6.3</ele></trkpt><trkpt lat="37.803707" lon="-122.467557"><ele>6.6</ele></trkpt><trkpt lat="37.803694" lon="-122.467577"><ele>6.7</ele></trkpt><trkpt lat="37.803565" lon="-122.467777"><ele>7.8</ele></trkpt><trkpt lat="37.803548" lon="-122.467814"><ele>7.9</ele></trkpt><trkpt lat="37.803541" lon="-122.467836"><ele>8.0</ele></trkpt><trkpt lat="37.803532" lon="-122.467861"><ele>8.1</ele></trkpt><trkpt lat="37.803527" lon="-122.467905"><ele>8.3</ele></trkpt><trkpt lat="37.803524" lon="-122.467954"><ele>8.5</ele></trkpt><trkpt lat="37.803530" lon="-122.468022"><ele>8.8</ele></trkpt><trkpt lat="37.803547" lon="-122.468087"><ele>9.1</ele></trkpt><trkpt lat="37.803622" lon="-122.468306"><ele>10.5</ele></trkpt><trkpt lat="37.803654" lon="-122.468401"><ele>11.1</ele></trkpt><trkpt lat="37.803706" lon="-122.468568"><ele>12.2</ele></trkpt><trkpt lat="37.803728" lon="-122.468632"><ele>12.6</ele></trkpt><trkpt lat="37.803754" lon="-122.468682"><ele>13.0</ele></trkpt><trkpt lat="37.803785" lon="-122.468726"><ele>13.4</ele></trkpt><trkpt lat="37.803819" lon="-122.468765"><ele>13.9</ele></trkpt><trkpt lat="37.803860" lon="-122.468802"><ele>14.5</ele></trkpt><trkpt lat="37.804190" lon="-122.469106"><ele>19.1</ele></trkpt><trkpt lat="37.804236" lon="-122.469153"><ele>19.7</ele></trkpt><trkpt lat="37.804274" lon="-122.469198"><ele>20.1</ele></trkpt><trkpt lat="37.804311" lon="-122.469254"><ele>20.6</ele></trkpt><trkpt lat="37.804344" lon="-122.469317"><ele>21.1</ele></trkpt><trkpt lat="37.804413" lon="-122.469458"><ele>22.3</ele></trkpt><trkpt lat="37.804446" lon="-122.469522"><ele>22.8</ele></trkpt><trkpt lat="37.804481" lon="-122.469588"><ele>23.3</ele></trkpt><trkpt lat="37.804519" lon="-122.469645"><ele>23.8</ele></trkpt><trkpt lat="37.804558" lon="-122.469695"><ele>24.3</ele></trkpt><trkpt lat="37.804602" lon="-122.469736"><ele>24.8</ele></trkpt><trkpt lat="37.804647" lon="-122.469770"><ele>25.3</ele></trkpt><trkpt lat="37.804699" lon="-122.469799"><ele>25.9</ele></trkpt><trkpt lat="37.804750" lon="-122.469820"><ele>26.4</ele></trkpt><trkpt lat="37.804795" lon="-122.469835"><ele>26.8</ele></trkpt><trkpt lat="37.804830" lon="-122.469846"><ele>27.2</ele></trkpt><trkpt lat="37.804848" lon="-122.469858"><ele>27.4</ele></trkpt><trkpt lat="37.804860" lon="-122.469869"><ele>27.5</ele></trkpt><trkpt lat="37.804872" lon="-122.469881"><ele>27.7</ele></trkpt><trkpt lat="37.804882" lon="-122.469900"><ele>27.9</ele></trkpt><trkpt lat="37.804894" lon="-122.469927"><ele>28.1</ele></trkpt><trkpt lat="37.804903" lon="-122.469955"><ele>28.3</ele></trkpt><trkpt lat="37.804994" lon="-122.469919"><ele>29.2</ele></trkpt><trkpt lat="37.805084" lon="-122.469895"><ele>30.0</ele></trkpt><trkpt lat="37.805173" lon="-122.469885"><ele>30.6</ele></trkpt><trkpt lat="37.805261" lon="-122.469885"><ele>31.3</ele></trkpt><trkpt lat="37.805347" lon="-122.469890"><ele>32.0</ele></trkpt><trkpt lat="37.805438" lon="-122.469902"><ele>32.7</ele></trkpt><trkpt lat="37.805515" lon="-122.469917"><ele>33.3</ele></trkpt><trkpt lat="37.805593" lon="-122.469941"><ele>33.8</ele></trkpt><trkpt lat="37.805661" lon="-122.469969"><ele>34.3</ele></trkpt><trkpt lat="37.805726" lon="-122.470002"><ele>34.7</ele></trkpt><trkpt lat="37.805794" lon="-122.470045"><ele>35.2</ele></trkpt><trkpt lat="37.805867" lon="-122.470106"><ele>35.7</ele></trkpt><trkpt lat="37.805913" lon="-122.470157"><ele>36.1</ele></trkpt><trkpt lat="37.805947" lon="-122.470204"><ele>36.4</ele></trkpt><trkpt lat="37.805989" lon="-122.470282"><ele>36.9</ele></trkpt><trkpt lat="37.806037" lon="-122.470387"><ele>37.2</ele></trkpt><trkpt lat="37.806064" lon="-122.470460"><ele>37.4</ele></trkpt><trkpt lat="37.806100" lon="-122.470565"><ele>37.7</ele></trkpt><trkpt lat="37.806134" lon="-122.470674"><ele>38.1</ele></trkpt><trkpt lat="37.806270" lon="-122.471112"><ele>39.3</ele></trkpt><trkpt lat="37.806298" lon="-122.471196"><ele>39.6</ele></trkpt><trkpt lat="37.806329" lon="-122.471285"><ele>39.8</ele></trkpt><trkpt lat="37.806362" lon="-122.471365"><ele>40.0</ele></trkpt><trkpt lat="37.806396" lon="-122.471440"><ele>40.3</ele></trkpt><trkpt lat="37.806444" lon="-122.471530"><ele>40.5</ele></trkpt><trkpt lat="37.806498" lon="-122.471623"><ele>40.7</ele></trkpt><trkpt lat="37.806548" lon="-122.471704"><ele>40.8</ele></trkpt><trkpt lat="37.806597" lon="-122.471783"><ele>41.0</ele></trkpt><trkpt lat="37.806607" lon="-122.471798"><ele>41.0</ele></trkpt><trkpt lat="37.806642" lon="-122.471854"><ele>41.1</ele></trkpt><trkpt lat="37.806666" lon="-122.471893"><ele>41.2</ele></trkpt><trkpt lat="37.806770" lon="-122.472062"><ele>41.5</ele></trkpt><trkpt lat="37.806815" lon="-122.472139"><ele>41.7</ele></trkpt><trkpt lat="37.806856" lon="-122.472226"><ele>41.9</ele></trkpt><trkpt lat="37.806889" lon="-122.472317"><ele>42.1</ele></trkpt><trkpt lat="37.806912" lon="-122.472399"><ele>42.3</ele></trkpt><trkpt lat="37.806922" lon="-122.472487"><ele>42.5</ele></trkpt><trkpt lat="37.806920" lon="-122.472573"><ele>42.7</ele></trkpt><trkpt lat="37.806910" lon="-122.472669"><ele>42.9</ele></trkpt><trkpt lat="37.806892" lon="-122.472784"><ele>43.1</ele></trkpt><trkpt lat="37.806853" lon="-122.472936"><ele>43.3</ele></trkpt><trkpt lat="37.806787" lon="-122.473161"><ele>43.6</ele></trkpt><trkpt lat="37.806790" lon="-122.473264"><ele>43.8</ele></trkpt><trkpt lat="37.806798" lon="-122.473335"><ele>43.9</ele></trkpt><trkpt lat="37.806807" lon="-122.473390"><ele>44.0</ele></trkpt><trkpt lat="37.806825" lon="-122.473440"><ele>44.1</ele></trkpt><trkpt lat="37.806851" lon="-122.473489"><ele>44.2</ele></trkpt><trkpt lat="37.806885" lon="-122.473534"><ele>44.3</ele></trkpt><trkpt lat="37.807163" lon="-122.473831"><ele>45.1</ele></trkpt><trkpt lat="37.807213" lon="-122.473886"><ele>45.4</ele></trkpt><trkpt lat="37.807254" lon="-122.473934"><ele>45.6</ele></trkpt><trkpt lat="37.807279" lon="-122.473964"><ele>45.8</ele></trkpt><trkpt lat="37.807365" lon="-122.474060"><ele>46.3</ele></trkpt><trkpt lat="37.807513" lon="-122.474223"><ele>47.2</ele></trkpt><trkpt lat="37.807571" lon="-122.474292"><ele>47.6</ele></trkpt><trkpt lat="37.807617" lon="-122.474354"><ele>47.6</ele></trkpt><trkpt lat="37.807646" lon="-122.474410"><ele>47.6</ele></trkpt><trkpt lat="37.807672" lon="-122.474463"><ele>47.6</ele></trkpt><trkpt lat="37.807691" lon="-122.474529"><ele>47.7</ele></trkpt><trkpt lat="37.807704" lon="-122.474602"><ele>47.7</ele></trkpt><trkpt lat="37.807699" lon="-122.474689"><ele>47.8</ele></trkpt><trkpt lat="37.807677" lon="-122.474750"><ele>47.8</ele></trkpt><trkpt lat="37.807645" lon="-122.474801"><ele>47.8</ele></trkpt><trkpt lat="37.807628" lon="-122.474832"><ele>47.8</ele></trkpt><trkpt lat="37.807599" lon="-122.474877"><ele>47.9</ele></trkpt><trkpt lat="37.807563" lon="-122.474936"><ele>48.0</ele></trkpt><trkpt lat="37.807580" lon="-122.474953"><ele>48.0</ele></trkpt><trkpt lat="37.807584" lon="-122.474958"><ele>48.0</ele></trkpt><trkpt lat="37.807593" lon="-122.474966"><ele>48.0</ele></trkpt><trkpt lat="37.807601" lon="-122.474975"><ele>48.0</ele></trkpt><trkpt lat="37.807633" lon="-122.474928"><ele>48.1</ele></trkpt><trkpt lat="37.807728" lon="-122.475028"><ele>48.3</ele></trkpt><trkpt lat="37.807763" lon="-122.475037"><ele>48.4</ele></trkpt><trkpt lat="37.807801" lon="-122.475002"><ele>48.5</ele></trkpt><trkpt lat="37.807763" lon="-122.475037"><ele>48.5</ele></trkpt><trkpt lat="37.807787" lon="-122.475063"><ele>48.6</ele></trkpt><trkpt lat="37.807982" lon="-122.475271"><ele>48.9</ele></trkpt><trkpt lat="37.808013" lon="-122.475297"><ele>49.0</ele></trkpt><trkpt lat="37.808046" lon="-122.475312"><ele>49.0</ele></trkpt><trkpt lat="37.808077" lon="-122.475314"><ele>49.0</ele></trkpt><trkpt lat="37.808109" lon="-122.475306"><ele>49.1</ele></trkpt><trkpt lat="37.808137" lon="-122.475291"><ele>49.1</ele></trkpt><trkpt lat="37.808160" lon="-122.475270"><ele>49.2</ele></trkpt><trkpt lat="37.808226" lon="-122.475191"><ele>49.3</ele></trkpt><trkpt lat="37.808256" lon="-122.475231"><ele>49.3</ele></trkpt><trkpt lat="37.808290" lon="-122.475261"><ele>49.4</ele></trkpt><trkpt lat="37.808320" lon="-122.475282"><ele>49.4</ele></trkpt><trkpt lat="37.808364" lon="-122.475305"><ele>49.5</ele></trkpt><trkpt lat="37.808392" lon="-122.475315"><ele>49.5</ele></trkpt><trkpt lat="37.808431" lon="-122.475326"><ele>49.6</ele></trkpt><trkpt lat="37.808463" lon="-122.475344"><ele>49.7</ele></trkpt><trkpt lat="37.808488" lon="-122.475359"><ele>49.7</ele></trkpt><trkpt lat="37.808515" lon="-122.475381"><ele>49.8</ele></trkpt><trkpt lat="37.808540" lon="-122.475408"><ele>49.8</ele></trkpt><trkpt lat="37.808564" lon="-122.475439"><ele>49.9</ele></trkpt><trkpt lat="37.808585" lon="-122.475473"><ele>49.9</ele></trkpt><trkpt lat="37.808603" lon="-122.475510"><ele>50.0</ele></trkpt><trkpt lat="37.808609" lon="-122.475527"><ele>50.0</ele></trkpt><trkpt lat="37.808617" lon="-122.475546"><ele>50.0</ele></trkpt><trkpt lat="37.808628" lon="-122.475586"><ele>50.1</ele></trkpt><trkpt lat="37.808637" lon="-122.475626"><ele>50.2</ele></trkpt><trkpt lat="37.808637" lon="-122.475632"><ele>50.2</ele></trkpt><trkpt lat="37.808641" lon="-122.475668"><ele>50.2</ele></trkpt><trkpt lat="37.808642" lon="-122.475711"><ele>50.3</ele></trkpt><trkpt lat="37.808641" lon="-122.475753"><ele>50.3</ele></trkpt><trkpt lat="37.808637" lon="-122.475794"><ele>50.4</ele></trkpt><trkpt lat="37.808629" lon="-122.475833"><ele>50.4</ele></trkpt><trkpt lat="37.808618" lon="-122.475872"><ele>50.4</ele></trkpt><trkpt lat="37.808602" lon="-122.475922"><ele>50.5</ele></trkpt><trkpt lat="37.808583" lon="-122.475968"><ele>50.5</ele></trkpt><trkpt lat="37.808557" lon="-122.476018"><ele>50.6</ele></trkpt><trkpt lat="37.808526" lon="-122.476070"><ele>50.6</ele></trkpt><trkpt lat="37.808411" lon="-122.476245"><ele>50.8</ele></trkpt><trkpt lat="37.808379" lon="-122.476295"><ele>50.9</ele></trkpt><trkpt lat="37.808352" lon="-122.476346"><ele>50.9</ele></trkpt><trkpt lat="37.808266" lon="-122.476494"><ele>50.7</ele></trkpt><trkpt lat="37.808201" lon="-122.476591"><ele>50.6</ele></trkpt><trkpt lat="37.808169" lon="-122.476646"><ele>50.5</ele></trkpt><trkpt lat="37.808138" lon="-122.476702"><ele>50.5</ele></trkpt><trkpt lat="37.808112" lon="-122.476755"><ele>50.4</ele></trkpt><trkpt lat="37.808088" lon="-122.476814"><ele>50.3</ele></trkpt><trkpt lat="37.808067" lon="-122.476863"><ele>50.3</ele></trkpt><trkpt lat="37.808041" lon="-122.476905"><ele>50.1</ele></trkpt><trkpt lat="37.808009" lon="-122.476942"><ele>49.9</ele></trkpt><trkpt lat="37.807979" lon="-122.476965"><ele>49.7</ele></trkpt><trkpt lat="37.807948" lon="-122.476981"><ele>49.5</ele></trkpt><trkpt lat="37.807915" lon="-122.476986"><ele>49.4</ele></trkpt><trkpt lat="37.807883" lon="-122.476981"><ele>49.2</ele></trkpt><trkpt lat="37.807854" lon="-122.476970"><ele>49.1</ele></trkpt><trkpt lat="37.807830" lon="-122.476954"><ele>48.9</ele></trkpt><trkpt lat="37.807809" lon="-122.476931"><ele>48.8</ele></trkpt><trkpt lat="37.807796" lon="-122.476902"><ele>48.6</ele></trkpt><trkpt lat="37.807793" lon="-122.476880"><ele>48.5</ele></trkpt><trkpt lat="37.807797" lon="-122.476858"><ele>48.5</ele></trkpt><trkpt lat="37.807809" lon="-122.476839"><ele>48.4</ele></trkpt><trkpt lat="37.807874" lon="-122.476784"><ele>48.0</ele></trkpt><trkpt lat="37.807896" lon="-122.476762"><ele>47.8</ele></trkpt><trkpt lat="37.807915" lon="-122.476730"><ele>47.7</ele></trkpt><trkpt lat="37.807929" lon="-122.476699"><ele>47.5</ele></trkpt><trkpt lat="37.807967" lon="-122.476622"><ele>46.9</ele></trkpt><trkpt lat="37.808009" lon="-122.476654"><ele>46.5</ele></trkpt><trkpt lat="37.808374" lon="-122.476944"><ele>42.7</ele></trkpt><trkpt lat="37.808484" lon="-122.477031"><ele>41.1</ele></trkpt><trkpt lat="37.808595" lon="-122.477111"><ele>39.5</ele></trkpt><trkpt lat="37.808715" lon="-122.477188"><ele>37.8</ele></trkpt><trkpt lat="37.808834" lon="-122.477254"><ele>36.1</ele></trkpt><trkpt lat="37.808963" lon="-122.477319"><ele>33.4</ele></trkpt><trkpt lat="37.809082" lon="-122.477373"><ele>30.9</ele></trkpt><trkpt lat="37.809191" lon="-122.477412"><ele>28.6</ele></trkpt><trkpt lat="37.809296" lon="-122.477446"><ele>26.5</ele></trkpt><trkpt lat="37.809410" lon="-122.477474"><ele>24.7</ele></trkpt><trkpt lat="37.809522" lon="-122.477497"><ele>23.5</ele></trkpt><trkpt lat="37.809632" lon="-122.477514"><ele>22.3</ele></trkpt><trkpt lat="37.813922" lon="-122.478018"><ele>0.0</ele></trkpt><trkpt lat="37.813918" lon="-122.478058"><ele>0.0</ele></trkpt><trkpt lat="37.813949" lon="-122.478090"><ele>0.0</ele></trkpt><trkpt lat="37.813984" lon="-122.478108"><ele>0.0</ele></trkpt><trkpt lat="37.814010" lon="-122.478113"><ele>0.0</ele></trkpt><trkpt lat="37.814041" lon="-122.478109"><ele>0.0</ele></trkpt><trkpt lat="37.814067" lon="-122.478085"><ele>0.0</ele></trkpt><trkpt lat="37.814076" lon="-122.478060"><ele>0.0</ele></trkpt><trkpt lat="37.814079" lon="-122.478034"><ele>0.0</ele></trkpt><trkpt lat="37.825406" lon="-122.479354"><ele>12.7</ele></trkpt><trkpt lat="37.825405" lon="-122.479401"><ele>13.6</ele></trkpt><trkpt lat="37.825434" lon="-122.479433"><ele>14.4</ele></trkpt><trkpt lat="37.825463" lon="-122.479447"><ele>15.0</ele></trkpt><trkpt lat="37.825489" lon="-122.479452"><ele>15.5</ele></trkpt><trkpt lat="37.825516" lon="-122.479448"><ele>16.0</ele></trkpt><trkpt lat="37.825558" lon="-122.479430"><ele>16.9</ele></trkpt><trkpt lat="37.825572" lon="-122.479413"><ele>17.2</ele></trkpt><trkpt lat="37.825577" lon="-122.479375"><ele>17.8</ele></trkpt><trkpt lat="37.828906" lon="-122.479769"><ele>45.6</ele></trkpt><trkpt lat="37.830275" lon="-122.479929"><ele>29.0</ele></trkpt><trkpt lat="37.830423" lon="-122.479947"><ele>29.1</ele></trkpt><trkpt lat="37.830581" lon="-122.479968"><ele>29.3</ele></trkpt><trkpt lat="37.830706" lon="-122.479988"><ele>29.5</ele></trkpt><trkpt lat="37.830832" lon="-122.480017"><ele>30.2</ele></trkpt><trkpt lat="37.830965" lon="-122.480051"><ele>32.6</ele></trkpt><trkpt lat="37.831086" lon="-122.480092"><ele>34.8</ele></trkpt><trkpt lat="37.831210" lon="-122.480146"><ele>37.1</ele></trkpt><trkpt lat="37.831329" lon="-122.480202"><ele>39.3</ele></trkpt><trkpt lat="37.831445" lon="-122.480265"><ele>41.1</ele></trkpt><trkpt lat="37.831559" lon="-122.480334"><ele>43.0</ele></trkpt><trkpt lat="37.831691" lon="-122.480424"><ele>45.2</ele></trkpt><trkpt lat="37.831796" lon="-122.480505"><ele>47.1</ele></trkpt><trkpt lat="37.831910" lon="-122.480601"><ele>49.9</ele></trkpt><trkpt lat="37.832013" lon="-122.480696"><ele>52.6</ele></trkpt><trkpt lat="37.832135" lon="-122.480819"><ele>55.8</ele></trkpt><trkpt lat="37.832255" lon="-122.480952"><ele>59.2</ele></trkpt><trkpt lat="37.832380" lon="-122.481119"><ele>63.0</ele></trkpt><trkpt lat="37.832401" lon="-122.481155"><ele>63.7</ele></trkpt><trkpt lat="37.832421" lon="-122.481194"><ele>64.5</ele></trkpt><trkpt lat="37.832437" lon="-122.481229"><ele>65.2</ele></trkpt><trkpt lat="37.832450" lon="-122.481263"><ele>65.8</ele></trkpt><trkpt lat="37.832462" lon="-122.481304"><ele>66.5</ele></trkpt><trkpt lat="37.832472" lon="-122.481344"><ele>67.2</ele></trkpt><trkpt lat="37.832480" lon="-122.481389"><ele>68.0</ele></trkpt><trkpt lat="37.832486" lon="-122.481436"><ele>68.8</ele></trkpt><trkpt lat="37.832487" lon="-122.481482"><ele>69.6</ele></trkpt><trkpt lat="37.832483" lon="-122.481526"><ele>70.1</ele></trkpt><trkpt lat="37.832473" lon="-122.481568"><ele>70.6</ele></trkpt><trkpt lat="37.832706" lon="-122.481994"><ele>76.5</ele></trkpt><trkpt lat="37.832800" lon="-122.482160"><ele>78.2</ele></trkpt><trkpt lat="37.832840" lon="-122.482320"><ele>79.3</ele></trkpt><trkpt lat="37.832890" lon="-122.482440"><ele>80.2</ele></trkpt><trkpt lat="37.832970" lon="-122.482780"><ele>82.5</ele></trkpt><trkpt lat="37.833050" lon="-122.482990"><ele>84.1</ele></trkpt><trkpt lat="37.833160" lon="-122.483160"><ele>85.6</ele></trkpt><trkpt lat="37.833200" lon="-122.483260"><ele>86.3</ele></trkpt><trkpt lat="37.833220" lon="-122.483420"><ele>87.7</ele></trkpt><trkpt lat="37.833210" lon="-122.483490"><ele>88.3</ele></trkpt><trkpt lat="37.832870" lon="-122.483380"><ele>92.0</ele></trkpt><trkpt lat="37.832630" lon="-122.483360"><ele>94.5</ele></trkpt><trkpt lat="37.832450" lon="-122.483410"><ele>96.3</ele></trkpt><trkpt lat="37.831760" lon="-122.483800"><ele>104.2</ele></trkpt><trkpt lat="37.831490" lon="-122.483930"><ele>106.8</ele></trkpt><trkpt lat="37.831220" lon="-122.484020"><ele>109.4</ele></trkpt><trkpt lat="37.830990" lon="-122.484060"><ele>111.8</ele></trkpt><trkpt lat="37.830590" lon="-122.484070"><ele>115.6</ele></trkpt><trkpt lat="37.830410" lon="-122.484010"><ele>117.3</ele></trkpt><trkpt lat="37.830320" lon="-122.483930"><ele>118.2</ele></trkpt><trkpt lat="37.830050" lon="-122.483570"><ele>121.2</ele></trkpt><trkpt lat="37.829920" lon="-122.483450"><ele>122.4</ele></trkpt><trkpt lat="37.829860" lon="-122.483430"><ele>122.9</ele></trkpt><trkpt lat="37.829740" lon="-122.483440"><ele>123.5</ele></trkpt><trkpt lat="37.829640" lon="-122.483490"><ele>124.2</ele></trkpt><trkpt lat="37.829550" lon="-122.483600"><ele>124.9</ele></trkpt><trkpt lat="37.829500" lon="-122.483730"><ele>125.5</ele></trkpt><trkpt lat="37.829490" lon="-122.483810"><ele>125.9</ele></trkpt><trkpt lat="37.829520" lon="-122.484900"><ele>130.2</ele></trkpt><trkpt lat="37.829480" lon="-122.485110"><ele>130.9</ele></trkpt><trkpt lat="37.829360" lon="-122.485270"><ele>131.7</ele></trkpt><trkpt lat="37.828900" lon="-122.485830"><ele>135.1</ele></trkpt><trkpt lat="37.828860" lon="-122.485930"><ele>135.6</ele></trkpt><trkpt lat="37.828830" lon="-122.486060"><ele>136.2</ele></trkpt><trkpt lat="37.828860" lon="-122.486190"><ele>136.8</ele></trkpt><trkpt lat="37.828920" lon="-122.486320"><ele>137.6</ele></trkpt><trkpt lat="37.829110" lon="-122.486620"><ele>139.8</ele></trkpt><trkpt lat="37.829310" lon="-122.486870"><ele>141.8</ele></trkpt><trkpt lat="37.829410" lon="-122.486910"><ele>142.5</ele></trkpt><trkpt lat="37.829510" lon="-122.486920"><ele>143.2</ele></trkpt><trkpt lat="37.829840" lon="-122.486910"><ele>145.2</ele></trkpt><trkpt lat="37.830410" lon="-122.486940"><ele>147.7</ele></trkpt><trkpt lat="37.830660" lon="-122.486930"><ele>148.4</ele></trkpt><trkpt lat="37.830840" lon="-122.486960"><ele>149.0</ele></trkpt><trkpt lat="37.830950" lon="-122.487000"><ele>149.6</ele></trkpt><trkpt lat="37.831380" lon="-122.487320"><ele>151.8</ele></trkpt><trkpt lat="37.831680" lon="-122.487460"><ele>152.7</ele></trkpt><trkpt lat="37.832000" lon="-122.487680"><ele>154.4</ele></trkpt><trkpt lat="37.832090" lon="-122.487770"><ele>155.0</ele></trkpt><trkpt lat="37.832160" lon="-122.487860"><ele>155.5</ele></trkpt><trkpt lat="37.832330" lon="-122.488120"><ele>156.8</ele></trkpt><trkpt lat="37.832400" lon="-122.488190"><ele>157.3</ele></trkpt><trkpt lat="37.832580" lon="-122.488320"><ele>158.3</ele></trkpt><trkpt lat="37.832720" lon="-122.488450"><ele>159.2</ele></trkpt><trkpt lat="37.832900" lon="-122.488750"><ele>160.9</ele></trkpt><trkpt lat="37.832930" lon="-122.488850"><ele>161.4</ele></trkpt><trkpt lat="37.832930" lon="-122.488950"><ele>161.7</ele></trkpt><trkpt lat="37.832910" lon="-122.489050"><ele>161.9</ele></trkpt><trkpt lat="37.832680" lon="-122.489550"><ele>162.9</ele></trkpt><trkpt lat="37.832640" lon="-122.489690"><ele>163.3</ele></trkpt><trkpt lat="37.832630" lon="-122.489810"><ele>163.5</ele></trkpt><trkpt lat="37.832680" lon="-122.490000"><ele>164.0</ele></trkpt><trkpt lat="37.832840" lon="-122.490260"><ele>164.4</ele></trkpt><trkpt lat="37.832880" lon="-122.490350"><ele>164.4</ele></trkpt><trkpt lat="37.832890" lon="-122.490460"><ele>164.5</ele></trkpt><trkpt lat="37.832870" lon="-122.490580"><ele>164.5</ele></trkpt><trkpt lat="37.832830" lon="-122.490660"><ele>164.6</ele></trkpt><trkpt lat="37.832750" lon="-122.490750"><ele>164.7</ele></trkpt><trkpt lat="37.832550" lon="-122.490920"><ele>165.4</ele></trkpt><trkpt lat="37.832500" lon="-122.490980"><ele>165.6</ele></trkpt><trkpt lat="37.832430" lon="-122.491170"><ele>166.1</ele></trkpt><trkpt lat="37.832420" lon="-122.491300"><ele>166.4</ele></trkpt><trkpt lat="37.832470" lon="-122.491450"><ele>166.9</ele></trkpt><trkpt lat="37.832540" lon="-122.491590"><ele>167.3</ele></trkpt><trkpt lat="37.832650" lon="-122.491710"><ele>167.8</ele></trkpt><trkpt lat="37.832780" lon="-122.491820"><ele>168.3</ele></trkpt><trkpt lat="37.833120" lon="-122.492010"><ele>169.3</ele></trkpt><trkpt lat="37.833230" lon="-122.492090"><ele>169.8</ele></trkpt><trkpt lat="37.833300" lon="-122.492160"><ele>170.4</ele></trkpt><trkpt lat="37.833360" lon="-122.492260"><ele>170.9</ele></trkpt><trkpt lat="37.833420" lon="-122.492390"><ele>171.6</ele></trkpt><trkpt lat="37.833510" lon="-122.493010"><ele>174.0</ele></trkpt><trkpt lat="37.833600" lon="-122.493630"><ele>175.6</ele></trkpt><trkpt lat="37.833680" lon="-122.493790"><ele>175.9</ele></trkpt><trkpt lat="37.833720" lon="-122.493850"><ele>176.1</ele></trkpt><trkpt lat="37.833750" lon="-122.493880"><ele>176.2</ele></trkpt><trkpt lat="37.833790" lon="-122.493960"><ele>176.2</ele></trkpt><trkpt lat="37.833800" lon="-122.494030"><ele>176.2</ele></trkpt><trkpt lat="37.833780" lon="-122.494100"><ele>176.2</ele></trkpt><trkpt lat="37.833750" lon="-122.494150"><ele>176.2</ele></trkpt><trkpt lat="37.833700" lon="-122.494180"><ele>176.2</ele></trkpt><trkpt lat="37.833600" lon="-122.494170"><ele>176.2</ele></trkpt><trkpt lat="37.833560" lon="-122.494130"><ele>176.2</ele></trkpt><trkpt lat="37.833520" lon="-122.494030"><ele>176.2</ele></trkpt><trkpt lat="37.833540" lon="-122.493920"><ele>176.2</ele></trkpt><trkpt lat="37.833590" lon="-122.493820"><ele>176.2</ele></trkpt><trkpt lat="37.833600" lon="-122.493630"><ele>176.2</ele></trkpt><trkpt lat="37.833510" lon="-122.493010"><ele>175.3</ele></trkpt><trkpt lat="37.833420" lon="-122.492390"><ele>174.1</ele></trkpt><trkpt lat="37.833360" lon="-122.492260"><ele>173.8</ele></trkpt><trkpt lat="37.833300" lon="-122.492160"><ele>173.6</ele></trkpt><trkpt lat="37.833120" lon="-122.492010"><ele>173.4</ele></trkpt><trkpt lat="37.833030" lon="-122.491960"><ele>173.4</ele></trkpt><trkpt lat="37.833030" lon="-122.491970"><ele>173.4</ele></trkpt><trkpt lat="37.833120" lon="-122.492020"><ele>173.4</ele></trkpt><trkpt lat="37.833300" lon="-122.492160"><ele>173.5</ele></trkpt><trkpt lat="37.833360" lon="-122.492270"><ele>173.7</ele></trkpt><trkpt lat="37.833410" lon="-122.492400"><ele>174.0</ele></trkpt><trkpt lat="37.833600" lon="-122.493630"><ele>175.6</ele></trkpt><trkpt lat="37.833670" lon="-122.493800"><ele>175.6</ele></trkpt><trkpt lat="37.833720" lon="-122.493860"><ele>175.6</ele></trkpt><trkpt lat="37.833750" lon="-122.493880"><ele>175.6</ele></trkpt><trkpt lat="37.833790" lon="-122.493960"><ele>175.6</ele></trkpt><trkpt lat="37.833790" lon="-122.494030"><ele>175.6</ele></trkpt><trkpt lat="37.833780" lon="-122.494100"><ele>175.5</ele></trkpt><trkpt lat="37.833740" lon="-122.494150"><ele>175.4</ele></trkpt><trkpt lat="37.833700" lon="-122.494180"><ele>175.3</ele></trkpt><trkpt lat="37.833800" lon="-122.494370"><ele>175.0</ele></trkpt><trkpt lat="37.833830" lon="-122.494510"><ele>174.8</ele></trkpt><trkpt lat="37.833890" lon="-122.494560"><ele>174.7</ele></trkpt><trkpt lat="37.833850" lon="-122.494630"><ele>174.4</ele></trkpt><trkpt lat="37.833840" lon="-122.494710"><ele>174.1</ele></trkpt><trkpt lat="37.833930" lon="-122.495210"><ele>172.3</ele></trkpt><trkpt lat="37.833960" lon="-122.495280"><ele>171.9</ele></trkpt><trkpt lat="37.834070" lon="-122.495480"><ele>170.4</ele></trkpt><trkpt lat="37.834110" lon="-122.495660"><ele>169.2</ele></trkpt><trkpt lat="37.834150" lon="-122.496030"><ele>167.3</ele></trkpt><trkpt lat="37.834270" lon="-122.496330"><ele>165.9</ele></trkpt><trkpt lat="37.834290" lon="-122.496440"><ele>165.5</ele></trkpt><trkpt lat="37.834360" lon="-122.496700"><ele>164.5</ele></trkpt><trkpt lat="37.834630" lon="-122.497440"><ele>162.3</ele></trkpt><trkpt lat="37.834700" lon="-122.497670"><ele>161.7</ele></trkpt><trkpt lat="37.834680" lon="-122.497830"><ele>161.4</ele></trkpt><trkpt lat="37.834570" lon="-122.498160"><ele>161.0</ele></trkpt><trkpt lat="37.834520" lon="-122.498290"><ele>160.8</ele></trkpt><trkpt lat="37.834220" lon="-122.498300"><ele>160.0</ele></trkpt><trkpt lat="37.834070" lon="-122.498240"><ele>159.6</ele></trkpt><trkpt lat="37.833740" lon="-122.498260"><ele>158.3</ele></trkpt><trkpt lat="37.833660" lon="-122.498300"><ele>157.9</ele></trkpt><trkpt lat="37.833550" lon="-122.498430"><ele>157.1</ele></trkpt><trkpt lat="37.833500" lon="-122.498550"><ele>156.6</ele></trkpt><trkpt lat="37.833410" lon="-122.498650"><ele>155.8</ele></trkpt><trkpt lat="37.832770" lon="-122.499210"><ele>150.7</ele></trkpt><trkpt lat="37.832740" lon="-122.499280"><ele>150.3</ele></trkpt><trkpt lat="37.832740" lon="-122.499380"><ele>149.8</ele></trkpt><trkpt lat="37.832760" lon="-122.499460"><ele>149.5</ele></trkpt><trkpt lat="37.832810" lon="-122.499570"><ele>148.6</ele></trkpt><trkpt lat="37.832990" lon="-122.499790"><ele>146.2</ele></trkpt><trkpt lat="37.833090" lon="-122.499880"><ele>145.0</ele></trkpt><trkpt lat="37.833300" lon="-122.500120"><ele>142.3</ele></trkpt><trkpt lat="37.833330" lon="-122.500190"><ele>141.6</ele></trkpt><trkpt lat="37.833380" lon="-122.500250"><ele>141.0</ele></trkpt><trkpt lat="37.833950" lon="-122.500670"><ele>135.2</ele></trkpt><trkpt lat="37.834090" lon="-122.500840"><ele>133.9</ele></trkpt><trkpt lat="37.834160" lon="-122.500990"><ele>133.1</ele></trkpt><trkpt lat="37.834360" lon="-122.501210"><ele>131.6</ele></trkpt><trkpt lat="37.834480" lon="-122.501390"><ele>130.5</ele></trkpt><trkpt lat="37.834500" lon="-122.501570"><ele>129.7</ele></trkpt><trkpt lat="37.834430" lon="-122.501790"><ele>128.6</ele></trkpt><trkpt lat="37.834200" lon="-122.502070"><ele>127.3</ele></trkpt><trkpt lat="37.834040" lon="-122.502090"><ele>126.7</ele></trkpt><trkpt lat="37.833600" lon="-122.501920"><ele>125.4</ele></trkpt><trkpt lat="37.833480" lon="-122.501900"><ele>125.2</ele></trkpt><trkpt lat="37.833310" lon="-122.501920"><ele>124.5</ele></trkpt><trkpt lat="37.833190" lon="-122.501990"><ele>123.9</ele></trkpt><trkpt lat="37.832830" lon="-122.502360"><ele>121.3</ele></trkpt><trkpt lat="37.832770" lon="-122.502480"><ele>120.6</ele></trkpt><trkpt lat="37.832690" lon="-122.502680"><ele>119.5</ele></trkpt><trkpt lat="37.832670" lon="-122.502800"><ele>118.9</ele></trkpt><trkpt lat="37.832650" lon="-122.503070"><ele>117.8</ele></trkpt><trkpt lat="37.832670" lon="-122.503400"><ele>116.5</ele></trkpt><trkpt lat="37.832650" lon="-122.503640"><ele>115.6</ele></trkpt><trkpt lat="37.832710" lon="-122.503960"><ele>114.2</ele></trkpt><trkpt lat="37.832660" lon="-122.504200"><ele>113.3</ele></trkpt><trkpt lat="37.832530" lon="-122.504470"><ele>112.1</ele></trkpt><trkpt lat="37.832430" lon="-122.504740"><ele>111.0</ele></trkpt><trkpt lat="37.832360" lon="-122.505000"><ele>110.0</ele></trkpt><trkpt lat="37.832260" lon="-122.505160"><ele>109.2</ele></trkpt><trkpt lat="37.832210" lon="-122.505220"><ele>108.8</ele></trkpt><trkpt lat="37.832150" lon="-122.505240"><ele>108.5</ele></trkpt><trkpt lat="37.832100" lon="-122.505250"><ele>108.3</ele></trkpt><trkpt lat="37.832020" lon="-122.505170"><ele>107.7</ele></trkpt><trkpt lat="37.831940" lon="-122.505010"><ele>106.8</ele></trkpt><trkpt lat="37.831820" lon="-122.504860"><ele>105.9</ele></trkpt><trkpt lat="37.831190" lon="-122.504320"><ele>100.5</ele></trkpt><trkpt lat="37.831010" lon="-122.504070"><ele>98.5</ele></trkpt><trkpt lat="37.830830" lon="-122.503880"><ele>96.7</ele></trkpt><trkpt lat="37.830630" lon="-122.503630"><ele>94.2</ele></trkpt><trkpt lat="37.830380" lon="-122.503180"><ele>90.3</ele></trkpt><trkpt lat="37.830300" lon="-122.503170"><ele>89.6</ele></trkpt><trkpt lat="37.830260" lon="-122.503250"><ele>88.9</ele></trkpt><trkpt lat="37.830270" lon="-122.503680"><ele>85.7</ele></trkpt><trkpt lat="37.830250" lon="-122.504080"><ele>82.7</ele></trkpt><trkpt lat="37.830300" lon="-122.504710"><ele>78.4</ele></trkpt><trkpt lat="37.830290" lon="-122.504910"><ele>76.9</ele></trkpt><trkpt lat="37.830290" lon="-122.505210"><ele>74.2</ele></trkpt><trkpt lat="37.830250" lon="-122.505600"><ele>70.8</ele></trkpt><trkpt lat="37.830260" lon="-122.505680"><ele>70.1</ele></trkpt><trkpt lat="37.830290" lon="-122.505720"><ele>69.7</ele></trkpt><trkpt lat="37.830400" lon="-122.505780"><ele>68.4</ele></trkpt><trkpt lat="37.830410" lon="-122.505820"><ele>68.1</ele></trkpt><trkpt lat="37.830380" lon="-122.505980"><ele>66.8</ele></trkpt><trkpt lat="37.830320" lon="-122.506170"><ele>65.3</ele></trkpt><trkpt lat="37.830300" lon="-122.506260"><ele>64.7</ele></trkpt><trkpt lat="37.830350" lon="-122.506400"><ele>63.8</ele></trkpt><trkpt lat="37.830360" lon="-122.506610"><ele>62.5</ele></trkpt><trkpt lat="37.830410" lon="-122.506890"><ele>60.5</ele></trkpt><trkpt lat="37.830600" lon="-122.507830"><ele>53.0</ele></trkpt><trkpt lat="37.831200" lon="-122.510310"><ele>36.3</ele></trkpt><trkpt lat="37.831390" lon="-122.510800"><ele>34.6</ele></trkpt><trkpt lat="37.831460" lon="-122.511070"><ele>34.0</ele></trkpt><trkpt lat="37.831550" lon="-122.511570"><ele>33.1</ele></trkpt><trkpt lat="37.831670" lon="-122.512110"><ele>32.2</ele></trkpt><trkpt lat="37.831750" lon="-122.512220"><ele>31.9</ele></trkpt><trkpt lat="37.831680" lon="-122.512560"><ele>31.1</ele></trkpt><trkpt lat="37.831610" lon="-122.513100"><ele>29.3</ele></trkpt><trkpt lat="37.831610" lon="-122.513580"><ele>27.3</ele></trkpt><trkpt lat="37.831650" lon="-122.514140"><ele>24.8</ele></trkpt><trkpt lat="37.831730" lon="-122.514880"><ele>21.5</ele></trkpt><trkpt lat="37.831910" lon="-122.514860"><ele>20.5</ele></trkpt><trkpt lat="37.832080" lon="-122.514990"><ele>19.7</ele></trkpt><trkpt lat="37.832190" lon="-122.515130"><ele>19.4</ele></trkpt><trkpt lat="37.832260" lon="-122.515290"><ele>19.2</ele></trkpt><trkpt lat="37.832320" lon="-122.515270"><ele>19.1</ele></trkpt><trkpt lat="37.832540" lon="-122.514980"><ele>18.7</ele></trkpt><trkpt lat="37.832630" lon="-122.514900"><ele>18.5</ele></trkpt><trkpt lat="37.832960" lon="-122.514830"><ele>18.4</ele></trkpt><trkpt lat="37.833120" lon="-122.514780"><ele>18.4</ele></trkpt><trkpt lat="37.833210" lon="-122.514780"><ele>18.5</ele></trkpt><trkpt lat="37.833280" lon="-122.515100"><ele>18.6</ele></trkpt><trkpt lat="37.833500" lon="-122.515440"><ele>18.8</ele></trkpt><trkpt lat="37.833760" lon="-122.515750"><ele>19.0</ele></trkpt><trkpt lat="37.833860" lon="-122.516020"><ele>19.2</ele></trkpt><trkpt lat="37.833940" lon="-122.516330"><ele>19.1</ele></trkpt><trkpt lat="37.834060" lon="-122.516580"><ele>19.0</ele></trkpt><trkpt lat="37.834190" lon="-122.516790"><ele>18.6</ele></trkpt><trkpt lat="37.834280" lon="-122.517010"><ele>18.0</ele></trkpt><trkpt lat="37.834450" lon="-122.517670"><ele>16.1</ele></trkpt><trkpt lat="37.834620" lon="-122.517850"><ele>15.2</ele></trkpt><trkpt lat="37.835000" lon="-122.517940"><ele>14.8</ele></trkpt><trkpt lat="37.835220" lon="-122.517910"><ele>14.6</ele></trkpt><trkpt lat="37.835440" lon="-122.517860"><ele>14.3</ele></trkpt><trkpt lat="37.836220" lon="-122.517190"><ele>14.6</ele></trkpt><trkpt lat="37.837740" lon="-122.516370"><ele>23.0</ele></trkpt><trkpt lat="37.839230" lon="-122.515750"><ele>29.9</ele></trkpt><trkpt lat="37.839410" lon="-122.515630"><ele>30.6</ele></trkpt><trkpt lat="37.839620" lon="-122.515360"><ele>31.6</ele></trkpt><trkpt lat="37.839690" lon="-122.515210"><ele>32.0</ele></trkpt><trkpt lat="37.839730" lon="-122.514970"><ele>32.5</ele></trkpt><trkpt lat="37.839760" lon="-122.514610"><ele>33.6</ele></trkpt><trkpt lat="37.839910" lon="-122.514390"><ele>34.6</ele></trkpt><trkpt lat="37.840150" lon="-122.514260"><ele>35.7</ele></trkpt><trkpt lat="37.840950" lon="-122.514090"><ele>38.7</ele></trkpt><trkpt lat="37.841110" lon="-122.514000"><ele>39.3</ele></trkpt><trkpt lat="37.841650" lon="-122.513590"><ele>41.9</ele></trkpt><trkpt lat="37.841880" lon="-122.513260"><ele>43.9</ele></trkpt><trkpt lat="37.841980" lon="-122.513010"><ele>45.2</ele></trkpt><trkpt lat="37.842050" lon="-122.512700"><ele>46.6</ele></trkpt><trkpt lat="37.842000" lon="-122.512180"><ele>49.8</ele></trkpt><trkpt lat="37.842210" lon="-122.511430"><ele>55.3</ele></trkpt><trkpt lat="37.842320" lon="-122.511090"><ele>57.6</ele></trkpt><trkpt lat="37.842670" lon="-122.510550"><ele>61.7</ele></trkpt><trkpt lat="37.842890" lon="-122.510090"><ele>64.8</ele></trkpt><trkpt lat="37.843080" lon="-122.509580"><ele>68.0</ele></trkpt><trkpt lat="37.843170" lon="-122.509190"><ele>70.3</ele></trkpt><trkpt lat="37.843450" lon="-122.508430"><ele>75.0</ele></trkpt><trkpt lat="37.843830" lon="-122.507620"><ele>82.0</ele></trkpt><trkpt lat="37.844150" lon="-122.507200"><ele>87.4</ele></trkpt><trkpt lat="37.844250" lon="-122.507210"><ele>88.5</ele></trkpt><trkpt lat="37.844320" lon="-122.507260"><ele>89.3</ele></trkpt><trkpt lat="37.844350" lon="-122.507630"><ele>92.1</ele></trkpt><trkpt lat="37.844400" lon="-122.507810"><ele>93.6</ele></trkpt><trkpt lat="37.844860" lon="-122.508460"><ele>101.4</ele></trkpt><trkpt lat="37.845120" lon="-122.508760"><ele>105.4</ele></trkpt><trkpt lat="37.845410" lon="-122.508890"><ele>108.5</ele></trkpt><trkpt lat="37.845660" lon="-122.508890"><ele>111.0</ele></trkpt><trkpt lat="37.845980" lon="-122.508760"><ele>114.7</ele></trkpt><trkpt lat="37.846090" lon="-122.508690"><ele>116.1</ele></trkpt><trkpt lat="37.846130" lon="-122.508520"><ele>117.8</ele></trkpt><trkpt lat="37.846110" lon="-122.508230"><ele>120.7</ele></trkpt><trkpt lat="37.846210" lon="-122.508000"><ele>123.2</ele></trkpt><trkpt lat="37.846340" lon="-122.507820"><ele>125.4</ele></trkpt><trkpt lat="37.846650" lon="-122.507110"><ele>132.7</ele></trkpt><trkpt lat="37.846790" lon="-122.506920"><ele>135.4</ele></trkpt><trkpt lat="37.846960" lon="-122.506830"><ele>137.8</ele></trkpt><trkpt lat="37.847180" lon="-122.506760"><ele>140.7</ele></trkpt><trkpt lat="37.847660" lon="-122.506920"><ele>146.8</ele></trkpt><trkpt lat="37.847790" lon="-122.506880"><ele>148.3</ele></trkpt><trkpt lat="37.847840" lon="-122.506760"><ele>149.5</ele></trkpt><trkpt lat="37.847820" lon="-122.506660"><ele>150.3</ele></trkpt><trkpt lat="37.847710" lon="-122.506570"><ele>151.6</ele></trkpt><trkpt lat="37.847660" lon="-122.506480"><ele>152.4</ele></trkpt><trkpt lat="37.847620" lon="-122.506400"><ele>153.1</ele></trkpt><trkpt lat="37.847620" lon="-122.506290"><ele>153.9</ele></trkpt><trkpt lat="37.847750" lon="-122.506170"><ele>155.6</ele></trkpt><trkpt lat="37.848190" lon="-122.506050"><ele>161.7</ele></trkpt><trkpt lat="37.848320" lon="-122.506040"><ele>163.5</ele></trkpt><trkpt lat="37.848420" lon="-122.505980"><ele>165.1</ele></trkpt><trkpt lat="37.848460" lon="-122.505820"><ele>167.1</ele></trkpt><trkpt lat="37.848500" lon="-122.505440"><ele>171.3</ele></trkpt><trkpt lat="37.848610" lon="-122.505120"><ele>174.3</ele></trkpt><trkpt lat="37.848650" lon="-122.504900"><ele>176.3</ele></trkpt><trkpt lat="37.848620" lon="-122.504500"><ele>179.1</ele></trkpt><trkpt lat="37.848660" lon="-122.504410"><ele>179.8</ele></trkpt><trkpt lat="37.848720" lon="-122.504390"><ele>180.3</ele></trkpt><trkpt lat="37.848820" lon="-122.504410"><ele>181.2</ele></trkpt><trkpt lat="37.848940" lon="-122.504550"><ele>182.6</ele></trkpt><trkpt lat="37.849090" lon="-122.504680"><ele>184.3</ele></trkpt><trkpt lat="37.849910" lon="-122.505070"><ele>188.3</ele></trkpt><trkpt lat="37.850330" lon="-122.505140"><ele>189.7</ele></trkpt><trkpt lat="37.850580" lon="-122.505220"><ele>190.7</ele></trkpt><trkpt lat="37.850760" lon="-122.505190"><ele>191.4</ele></trkpt><trkpt lat="37.850950" lon="-122.505120"><ele>191.9</ele></trkpt><trkpt lat="37.851130" lon="-122.504950"><ele>192.3</ele></trkpt><trkpt lat="37.851320" lon="-122.504650"><ele>193.7</ele></trkpt><trkpt lat="37.851430" lon="-122.504340"><ele>196.1</ele></trkpt><trkpt lat="37.851620" lon="-122.504160"><ele>198.0</ele></trkpt><trkpt lat="37.851830" lon="-122.504140"><ele>199.6</ele></trkpt><trkpt lat="37.852330" lon="-122.504690"><ele>203.6</ele></trkpt><trkpt lat="37.852510" lon="-122.505160"><ele>206.3</ele></trkpt><trkpt lat="37.852570" lon="-122.505220"><ele>206.9</ele></trkpt><trkpt lat="37.852750" lon="-122.505210"><ele>208.2</ele></trkpt><trkpt lat="37.852890" lon="-122.505160"><ele>209.6</ele></trkpt><trkpt lat="37.852980" lon="-122.505090"><ele>210.6</ele></trkpt><trkpt lat="37.853030" lon="-122.505000"><ele>211.4</ele></trkpt><trkpt lat="37.853110" lon="-122.504750"><ele>213.4</ele></trkpt><trkpt lat="37.853170" lon="-122.504240"><ele>215.0</ele></trkpt><trkpt lat="37.853250" lon="-122.504000"><ele>215.9</ele></trkpt><trkpt lat="37.853380" lon="-122.503850"><ele>216.7</ele></trkpt><trkpt lat="37.853610" lon="-122.503680"><ele>217.9</ele></trkpt><trkpt lat="37.853850" lon="-122.503570"><ele>219.0</ele></trkpt><trkpt lat="37.854010" lon="-122.503590"><ele>219.7</ele></trkpt><trkpt lat="37.854190" lon="-122.503720"><ele>220.5</ele></trkpt><trkpt lat="37.854310" lon="-122.503970"><ele>221.2</ele></trkpt><trkpt lat="37.854460" lon="-122.504360"><ele>222.2</ele></trkpt><trkpt lat="37.854670" lon="-122.504580"><ele>222.9</ele></trkpt><trkpt lat="37.854720" lon="-122.504780"><ele>223.4</ele></trkpt><trkpt lat="37.854950" lon="-122.505150"><ele>223.6</ele></trkpt><trkpt lat="37.855200" lon="-122.505870"><ele>224.0</ele></trkpt><trkpt lat="37.855200" lon="-122.505870"><ele>224.0</ele></trkpt><trkpt lat="37.855200" lon="-122.505870"><ele>224.0</ele></trkpt><trkpt lat="37.854950" lon="-122.505150"><ele>224.0</ele></trkpt><trkpt lat="37.854720" lon="-122.504780"><ele>224.2</ele></trkpt><trkpt lat="37.854670" lon="-122.504580"><ele>224.3</ele></trkpt><trkpt lat="37.854720" lon="-122.504780"><ele>224.2</ele></trkpt><trkpt lat="37.854950" lon="-122.505150"><ele>223.8</ele></trkpt><trkpt lat="37.855620" lon="-122.507090"><ele>216.9</ele></trkpt><trkpt lat="37.855710" lon="-122.507410"><ele>216.5</ele></trkpt><trkpt lat="37.855820" lon="-122.508090"><ele>216.8</ele></trkpt><trkpt lat="37.855840" lon="-122.508610"><ele>218.5</ele></trkpt><trkpt lat="37.855800" lon="-122.509130"><ele>221.3</ele></trkpt><trkpt lat="37.855740" lon="-122.509530"><ele>224.4</ele></trkpt><trkpt lat="37.855540" lon="-122.510280"><ele>229.5</ele></trkpt><trkpt lat="37.855360" lon="-122.510890"><ele>232.6</ele></trkpt><trkpt lat="37.855240" lon="-122.510980"><ele>233.3</ele></trkpt><trkpt lat="37.855000" lon="-122.511090"><ele>234.3</ele></trkpt><trkpt lat="37.854900" lon="-122.511240"><ele>235.0</ele></trkpt><trkpt lat="37.854880" lon="-122.511410"><ele>235.6</ele></trkpt><trkpt lat="37.854910" lon="-122.511520"><ele>236.2</ele></trkpt><trkpt lat="37.855000" lon="-122.511940"><ele>238.5</ele></trkpt><trkpt lat="37.855170" lon="-122.512240"><ele>240.1</ele></trkpt><trkpt lat="37.855660" lon="-122.513020"><ele>244.7</ele></trkpt><trkpt lat="37.855800" lon="-122.513300"><ele>246.7</ele></trkpt><trkpt lat="37.856280" lon="-122.515210"><ele>258.0</ele></trkpt><trkpt lat="37.856660" lon="-122.515930"><ele>261.7</ele></trkpt><trkpt lat="37.856790" lon="-122.516370"><ele>263.0</ele></trkpt><trkpt lat="37.856890" lon="-122.517080"><ele>264.1</ele></trkpt><trkpt lat="37.856830" lon="-122.517730"><ele>264.2</ele></trkpt><trkpt lat="37.856930" lon="-122.518510"><ele>262.3</ele></trkpt><trkpt lat="37.857540" lon="-122.520330"><ele>256.4</ele></trkpt><trkpt lat="37.857810" lon="-122.520860"><ele>252.9</ele></trkpt><trkpt lat="37.858090" lon="-122.521100"><ele>250.2</ele></trkpt><trkpt lat="37.858280" lon="-122.521220"><ele>248.6</ele></trkpt><trkpt lat="37.858640" lon="-122.521330"><ele>245.9</ele></trkpt><trkpt lat="37.859110" lon="-122.521160"><ele>241.8</ele></trkpt><trkpt lat="37.859730" lon="-122.521140"><ele>233.9</ele></trkpt><trkpt lat="37.860280" lon="-122.521290"><ele>226.9</ele></trkpt><trkpt lat="37.860650" lon="-122.521460"><ele>223.2</ele></trkpt><trkpt lat="37.861060" lon="-122.522120"><ele>216.6</ele></trkpt><trkpt lat="37.861740" lon="-122.524080"><ele>198.5</ele></trkpt><trkpt lat="37.862150" lon="-122.524810"><ele>191.5</ele></trkpt><trkpt lat="37.862620" lon="-122.525370"><ele>184.8</ele></trkpt><trkpt lat="37.863200" lon="-122.525910"><ele>179.2</ele></trkpt><trkpt lat="37.863820" lon="-122.526340"><ele>170.3</ele></trkpt><trkpt lat="37.864560" lon="-122.526960"><ele>159.8</ele></trkpt><trkpt lat="37.864850" lon="-122.527310"><ele>155.3</ele></trkpt><trkpt lat="37.864990" lon="-122.527550"><ele>152.6</ele></trkpt><trkpt lat="37.864980" lon="-122.528000"><ele>147.1</ele></trkpt><trkpt lat="37.865050" lon="-122.528160"><ele>144.9</ele></trkpt><trkpt lat="37.865110" lon="-122.528520"><ele>142.0</ele></trkpt><trkpt lat="37.865110" lon="-122.528830"><ele>139.7</ele></trkpt><trkpt lat="37.864890" lon="-122.529540"><ele>133.9</ele></trkpt><trkpt lat="37.864820" lon="-122.529910"><ele>130.5</ele></trkpt><trkpt lat="37.864490" lon="-122.530630"><ele>120.4</ele></trkpt><trkpt lat="37.864220" lon="-122.531070"><ele>115.4</ele></trkpt><trkpt lat="37.863770" lon="-122.531310"><ele>110.8</ele></trkpt><trkpt lat="37.863420" lon="-122.531690"><ele>104.7</ele></trkpt><trkpt lat="37.863000" lon="-122.532000"><ele>97.4</ele></trkpt><trkpt lat="37.862230" lon="-122.532880"><ele>89.6</ele></trkpt><trkpt lat="37.861560" lon="-122.534150"><ele>78.1</ele></trkpt><trkpt lat="37.861300" lon="-122.534540"><ele>75.6</ele></trkpt><trkpt lat="37.861000" lon="-122.534670"><ele>72.6</ele></trkpt><trkpt lat="37.860760" lon="-122.534910"><ele>70.0</ele></trkpt><trkpt lat="37.860540" lon="-122.534950"><ele>68.3</ele></trkpt><trkpt lat="37.860580" lon="-122.535040"><ele>67.6</ele></trkpt><trkpt lat="37.860550" lon="-122.535290"><ele>66.2</ele></trkpt><trkpt lat="37.860570" lon="-122.535580"><ele>64.7</ele></trkpt><trkpt lat="37.860760" lon="-122.535960"><ele>62.1</ele></trkpt><trkpt lat="37.860420" lon="-122.536290"><ele>59.4</ele></trkpt><trkpt lat="37.859850" lon="-122.536920"><ele>56.3</ele></trkpt><trkpt lat="37.859570" lon="-122.537140"><ele>54.2</ele></trkpt><trkpt lat="37.858560" lon="-122.537780"><ele>48.7</ele></trkpt><trkpt lat="37.858280" lon="-122.538010"><ele>47.7</ele></trkpt><trkpt lat="37.857630" lon="-122.538870"><ele>50.3</ele></trkpt><trkpt lat="37.860893" lon="-122.545726"><ele>81.7</ele></trkpt><trkpt lat="37.860909" lon="-122.545716"><ele>81.7</ele></trkpt><trkpt lat="37.860922" lon="-122.545698"><ele>81.7</ele></trkpt><trkpt lat="37.860938" lon="-122.545671"><ele>81.7</ele></trkpt><trkpt lat="37.861010" lon="-122.545530"><ele>81.7</ele></trkpt><trkpt lat="37.861080" lon="-122.545422"><ele>81.7</ele></trkpt><trkpt lat="37.861122" lon="-122.545375"><ele>81.7</ele></trkpt><trkpt lat="37.861482" lon="-122.545065"><ele>81.7</ele></trkpt><trkpt lat="37.861542" lon="-122.545003"><ele>81.7</ele></trkpt><trkpt lat="37.861579" lon="-122.544948"><ele>81.5</ele></trkpt><trkpt lat="37.861594" lon="-122.544878"><ele>81.3</ele></trkpt><trkpt lat="37.861593" lon="-122.544817"><ele>81.1</ele></trkpt><trkpt lat="37.861585" lon="-122.544765"><ele>80.9</ele></trkpt><trkpt lat="37.861558" lon="-122.544717"><ele>80.7</ele></trkpt><trkpt lat="37.861529" lon="-122.544686"><ele>80.5</ele></trkpt><trkpt lat="37.861487" lon="-122.544667"><ele>80.3</ele></trkpt><trkpt lat="37.861440" lon="-122.544660"><ele>80.1</ele></trkpt><trkpt lat="37.861294" lon="-122.544675"><ele>79.4</ele></trkpt><trkpt lat="37.861193" lon="-122.544677"><ele>79.1</ele></trkpt><trkpt lat="37.861139" lon="-122.544669"><ele>78.9</ele></trkpt><trkpt lat="37.861087" lon="-122.544651"><ele>78.8</ele></trkpt><trkpt lat="37.860924" lon="-122.544558"><ele>78.3</ele></trkpt><trkpt lat="37.860783" lon="-122.544451"><ele>77.8</ele></trkpt><trkpt lat="37.860605" lon="-122.544293"><ele>76.9</ele></trkpt><trkpt lat="37.860223" lon="-122.543894"><ele>74.5</ele></trkpt><trkpt lat="37.859847" lon="-122.543445"><ele>71.5</ele></trkpt><trkpt lat="37.859763" lon="-122.543319"><ele>70.7</ele></trkpt><trkpt lat="37.859701" lon="-122.543220"><ele>70.1</ele></trkpt><trkpt lat="37.859637" lon="-122.543095"><ele>69.4</ele></trkpt><trkpt lat="37.859353" lon="-122.542466"><ele>66.4</ele></trkpt><trkpt lat="37.859290" lon="-122.542355"><ele>65.7</ele></trkpt><trkpt lat="37.859239" lon="-122.542271"><ele>65.1</ele></trkpt><trkpt lat="37.859153" lon="-122.542170"><ele>64.2</ele></trkpt><trkpt lat="37.858966" lon="-122.541972"><ele>62.4</ele></trkpt><trkpt lat="37.858877" lon="-122.541865"><ele>61.7</ele></trkpt><trkpt lat="37.858663" lon="-122.541559"><ele>59.8</ele></trkpt><trkpt lat="37.858570" lon="-122.541430"><ele>59.1</ele></trkpt><trkpt lat="37.858332" lon="-122.541129"><ele>57.6</ele></trkpt><trkpt lat="37.858200" lon="-122.540950"><ele>56.7</ele></trkpt><trkpt lat="37.858147" lon="-122.540856"><ele>56.3</ele></trkpt><trkpt lat="37.858088" lon="-122.540711"><ele>55.6</ele></trkpt><trkpt lat="37.858012" lon="-122.540523"><ele>54.7</ele></trkpt><trkpt lat="37.857972" lon="-122.540443"><ele>54.4</ele></trkpt><trkpt lat="37.857912" lon="-122.540351"><ele>53.9</ele></trkpt><trkpt lat="37.857811" lon="-122.540229"><ele>53.1</ele></trkpt><trkpt lat="37.857730" lon="-122.540122"><ele>52.4</ele></trkpt><trkpt lat="37.857684" lon="-122.540044"><ele>52.0</ele></trkpt><trkpt lat="37.857645" lon="-122.539966"><ele>51.6</ele></trkpt><trkpt lat="37.857621" lon="-122.539877"><ele>51.1</ele></trkpt><trkpt lat="37.857603" lon="-122.539782"><ele>50.7</ele></trkpt><trkpt lat="37.857586" lon="-122.539674"><ele>50.3</ele></trkpt><trkpt lat="37.857568" lon="-122.539566"><ele>49.8</ele></trkpt><trkpt lat="37.857547" lon="-122.539465"><ele>49.4</ele></trkpt><trkpt lat="37.857521" lon="-122.539359"><ele>49.0</ele></trkpt><trkpt lat="37.857488" lon="-122.539243"><ele>48.5</ele></trkpt><trkpt lat="37.857448" lon="-122.539108"><ele>47.9</ele></trkpt><trkpt lat="37.857412" lon="-122.538995"><ele>47.6</ele></trkpt><trkpt lat="37.857471" lon="-122.538964"><ele>47.3</ele></trkpt><trkpt lat="37.857526" lon="-122.538929"><ele>47.1</ele></trkpt><trkpt lat="37.857583" lon="-122.538885"><ele>46.8</ele></trkpt><trkpt lat="37.857636" lon="-122.538838"><ele>46.6</ele></trkpt><trkpt lat="37.857701" lon="-122.538767"><ele>46.2</ele></trkpt><trkpt lat="37.857769" lon="-122.538689"><ele>46.1</ele></trkpt><trkpt lat="37.857835" lon="-122.538603"><ele>46.3</ele></trkpt><trkpt lat="37.858026" lon="-122.538342"><ele>47.0</ele></trkpt><trkpt lat="37.858099" lon="-122.538247"><ele>47.2</ele></trkpt><trkpt lat="37.858167" lon="-122.538163"><ele>47.5</ele></trkpt><trkpt lat="37.858230" lon="-122.538091"><ele>47.8</ele></trkpt><trkpt lat="37.858300" lon="-122.538017"><ele>48.1</ele></trkpt><trkpt lat="37.858378" lon="-122.537943"><ele>48.4</ele></trkpt><trkpt lat="37.858456" lon="-122.537879"><ele>48.7</ele></trkpt><trkpt lat="37.858539" lon="-122.537817"><ele>49.1</ele></trkpt><trkpt lat="37.858630" lon="-122.537754"><ele>49.5</ele></trkpt><trkpt lat="37.858730" lon="-122.537690"><ele>50.0</ele></trkpt><trkpt lat="37.859154" lon="-122.537413"><ele>52.4</ele></trkpt><trkpt lat="37.859614" lon="-122.537106"><ele>55.7</ele></trkpt><trkpt lat="37.859709" lon="-122.537038"><ele>56.4</ele></trkpt><trkpt lat="37.859794" lon="-122.536965"><ele>57.1</ele></trkpt><trkpt lat="37.859867" lon="-122.536892"><ele>57.8</ele></trkpt><trkpt lat="37.859945" lon="-122.536809"><ele>58.5</ele></trkpt><trkpt lat="37.860018" lon="-122.536725"><ele>58.6</ele></trkpt><trkpt lat="37.860101" lon="-122.536630"><ele>58.6</ele></trkpt><trkpt lat="37.860190" lon="-122.536531"><ele>58.7</ele></trkpt><trkpt lat="37.860328" lon="-122.536379"><ele>58.8</ele></trkpt><trkpt lat="37.860360" lon="-122.536345"><ele>58.8</ele></trkpt><trkpt lat="37.860549" lon="-122.536165"><ele>59.1</ele></trkpt><trkpt lat="37.860755" lon="-122.535969"><ele>59.4</ele></trkpt><trkpt lat="37.860840" lon="-122.535885"><ele>59.3</ele></trkpt><trkpt lat="37.860939" lon="-122.535781"><ele>59.1</ele></trkpt><trkpt lat="37.861031" lon="-122.535678"><ele>58.9</ele></trkpt><trkpt lat="37.861128" lon="-122.535567"><ele>58.7</ele></trkpt><trkpt lat="37.861222" lon="-122.535465"><ele>58.4</ele></trkpt><trkpt lat="37.861317" lon="-122.535367"><ele>58.1</ele></trkpt><trkpt lat="37.861368" lon="-122.535320"><ele>57.9</ele></trkpt><trkpt lat="37.861414" lon="-122.535279"><ele>57.8</ele></trkpt><trkpt lat="37.861467" lon="-122.535237"><ele>57.6</ele></trkpt><trkpt lat="37.861522" lon="-122.535196"><ele>57.4</ele></trkpt><trkpt lat="37.861581" lon="-122.535160"><ele>57.2</ele></trkpt><trkpt lat="37.861651" lon="-122.535124"><ele>57.0</ele></trkpt><trkpt lat="37.861826" lon="-122.535029"><ele>56.2</ele></trkpt><trkpt lat="37.861968" lon="-122.534927"><ele>55.4</ele></trkpt><trkpt lat="37.862069" lon="-122.534845"><ele>54.9</ele></trkpt><trkpt lat="37.862160" lon="-122.534741"><ele>54.3</ele></trkpt><trkpt lat="37.862235" lon="-122.534644"><ele>53.7</ele></trkpt><trkpt lat="37.862297" lon="-122.534553"><ele>53.2</ele></trkpt><trkpt lat="37.862364" lon="-122.534441"><ele>52.5</ele></trkpt><trkpt lat="37.862428" lon="-122.534341"><ele>52.0</ele></trkpt><trkpt lat="37.862502" lon="-122.534249"><ele>51.4</ele></trkpt><trkpt lat="37.862575" lon="-122.534173"><ele>51.0</ele></trkpt><trkpt lat="37.862660" lon="-122.534099"><ele>50.5</ele></trkpt><trkpt lat="37.862754" lon="-122.534032"><ele>50.0</ele></trkpt><trkpt lat="37.862838" lon="-122.533984"><ele>49.6</ele></trkpt><trkpt lat="37.862942" lon="-122.533938"><ele>49.1</ele></trkpt><trkpt lat="37.863436" lon="-122.533704"><ele>47.0</ele></trkpt><trkpt lat="37.863562" lon="-122.533653"><ele>46.2</ele></trkpt><trkpt lat="37.863900" lon="-122.533543"><ele>43.9</ele></trkpt><trkpt lat="37.864044" lon="-122.533481"><ele>42.9</ele></trkpt><trkpt lat="37.864163" lon="-122.533412"><ele>42.1</ele></trkpt><trkpt lat="37.864416" lon="-122.533226"><ele>40.2</ele></trkpt><trkpt lat="37.864515" lon="-122.533166"><ele>40.0</ele></trkpt><trkpt lat="37.864617" lon="-122.533124"><ele>40.2</ele></trkpt><trkpt lat="37.864776" lon="-122.533062"><ele>40.5</ele></trkpt><trkpt lat="37.864878" lon="-122.533018"><ele>40.7</ele></trkpt><trkpt lat="37.865089" lon="-122.532911"><ele>40.1</ele></trkpt><trkpt lat="37.865204" lon="-122.532840"><ele>39.4</ele></trkpt><trkpt lat="37.865302" lon="-122.532762"><ele>38.8</ele></trkpt><trkpt lat="37.865375" lon="-122.532679"><ele>38.2</ele></trkpt><trkpt lat="37.865450" lon="-122.532574"><ele>37.7</ele></trkpt><trkpt lat="37.865673" lon="-122.532206"><ele>36.0</ele></trkpt><trkpt lat="37.865763" lon="-122.532078"><ele>35.4</ele></trkpt><trkpt lat="37.865909" lon="-122.531894"><ele>34.8</ele></trkpt><trkpt lat="37.866001" lon="-122.531760"><ele>34.4</ele></trkpt><trkpt lat="37.866166" lon="-122.531540"><ele>33.6</ele></trkpt><trkpt lat="37.866232" lon="-122.531474"><ele>33.2</ele></trkpt><trkpt lat="37.866300" lon="-122.531425"><ele>32.9</ele></trkpt><trkpt lat="37.866373" lon="-122.531386"><ele>32.5</ele></trkpt><trkpt lat="37.866591" lon="-122.531293"><ele>31.5</ele></trkpt><trkpt lat="37.866681" lon="-122.531241"><ele>30.5</ele></trkpt><trkpt lat="37.866799" lon="-122.531152"><ele>29.0</ele></trkpt><trkpt lat="37.866910" lon="-122.531039"><ele>27.5</ele></trkpt><trkpt lat="37.867030" lon="-122.530892"><ele>25.6</ele></trkpt><trkpt lat="37.867128" lon="-122.530760"><ele>24.6</ele></trkpt><trkpt lat="37.867599" lon="-122.530084"><ele>20.8</ele></trkpt><trkpt lat="37.867704" lon="-122.529962"><ele>20.0</ele></trkpt><trkpt lat="37.867925" lon="-122.529757"><ele>18.2</ele></trkpt><trkpt lat="37.867999" lon="-122.529665"><ele>17.4</ele></trkpt><trkpt lat="37.868072" lon="-122.529548"><ele>16.5</ele></trkpt><trkpt lat="37.868258" lon="-122.529193"><ele>14.2</ele></trkpt><trkpt lat="37.868328" lon="-122.529089"><ele>13.6</ele></trkpt><trkpt lat="37.868425" lon="-122.528979"><ele>12.9</ele></trkpt><trkpt lat="37.868599" lon="-122.528804"><ele>11.7</ele></trkpt><trkpt lat="37.868807" lon="-122.528602"><ele>10.5</ele></trkpt><trkpt lat="37.868932" lon="-122.528490"><ele>9.9</ele></trkpt><trkpt lat="37.869069" lon="-122.528359"><ele>9.2</ele></trkpt><trkpt lat="37.869209" lon="-122.528213"><ele>8.4</ele></trkpt><trkpt lat="37.869388" lon="-122.528001"><ele>7.6</ele></trkpt><trkpt lat="37.869476" lon="-122.527886"><ele>7.4</ele></trkpt><trkpt lat="37.869544" lon="-122.527798"><ele>7.3</ele></trkpt><trkpt lat="37.869866" lon="-122.527393"><ele>7.7</ele></trkpt><trkpt lat="37.870050" lon="-122.527166"><ele>8.7</ele></trkpt><trkpt lat="37.870140" lon="-122.527070"><ele>9.1</ele></trkpt><trkpt lat="37.870222" lon="-122.527005"><ele>9.3</ele></trkpt><trkpt lat="37.870304" lon="-122.526953"><ele>9.4</ele></trkpt><trkpt lat="37.870409" lon="-122.526901"><ele>9.5</ele></trkpt><trkpt lat="37.870522" lon="-122.526853"><ele>9.6</ele></trkpt><trkpt lat="37.870932" lon="-122.526683"><ele>9.9</ele></trkpt><trkpt lat="37.871356" lon="-122.526495"><ele>10.2</ele></trkpt><trkpt lat="37.872011" lon="-122.526191"><ele>9.5</ele></trkpt><trkpt lat="37.872387" lon="-122.526039"><ele>8.6</ele></trkpt><trkpt lat="37.872935" lon="-122.525832"><ele>7.8</ele></trkpt><trkpt lat="37.873005" lon="-122.525818"><ele>7.7</ele></trkpt><trkpt lat="37.873060" lon="-122.525819"><ele>7.7</ele></trkpt><trkpt lat="37.873120" lon="-122.525833"><ele>7.7</ele></trkpt><trkpt lat="37.873394" lon="-122.525913"><ele>7.5</ele></trkpt><trkpt lat="37.873510" lon="-122.525941"><ele>7.5</ele></trkpt><trkpt lat="37.873689" lon="-122.525971"><ele>7.4</ele></trkpt><trkpt lat="37.873841" lon="-122.525995"><ele>7.4</ele></trkpt><trkpt lat="37.873962" lon="-122.526004"><ele>7.6</ele></trkpt><trkpt lat="37.874058" lon="-122.526000"><ele>7.7</ele></trkpt><trkpt lat="37.874231" lon="-122.525985"><ele>7.9</ele></trkpt><trkpt lat="37.874314" lon="-122.525983"><ele>8.0</ele></trkpt><trkpt lat="37.874379" lon="-122.525985"><ele>8.0</ele></trkpt><trkpt lat="37.874800" lon="-122.526056"><ele>8.5</ele></trkpt><trkpt lat="37.874892" lon="-122.526064"><ele>8.5</ele></trkpt><trkpt lat="37.874984" lon="-122.526069"><ele>8.5</ele></trkpt><trkpt lat="37.875073" lon="-122.526060"><ele>8.5</ele></trkpt><trkpt lat="37.875162" lon="-122.526045"><ele>8.5</ele></trkpt><trkpt lat="37.875401" lon="-122.525970"><ele>8.5</ele></trkpt><trkpt lat="37.875593" lon="-122.525905"><ele>8.4</ele></trkpt><trkpt lat="37.875675" lon="-122.525889"><ele>8.4</ele></trkpt><trkpt lat="37.875758" lon="-122.525887"><ele>8.3</ele></trkpt><trkpt lat="37.875851" lon="-122.525895"><ele>8.3</ele></trkpt><trkpt lat="37.875923" lon="-122.525923"><ele>8.2</ele></trkpt><trkpt lat="37.876010" lon="-122.525963"><ele>8.1</ele></trkpt><trkpt lat="37.876132" lon="-122.526047"><ele>7.9</ele></trkpt><trkpt lat="37.876245" lon="-122.526138"><ele>7.8</ele></trkpt><trkpt lat="37.876420" lon="-122.526297"><ele>7.4</ele></trkpt><trkpt lat="37.876518" lon="-122.526377"><ele>7.1</ele></trkpt><trkpt lat="37.876594" lon="-122.526418"><ele>6.9</ele></trkpt><trkpt lat="37.876664" lon="-122.526438"><ele>6.7</ele></trkpt><trkpt lat="37.876758" lon="-122.526443"><ele>6.4</ele></trkpt><trkpt lat="37.876862" lon="-122.526444"><ele>6.1</ele></trkpt><trkpt lat="37.876992" lon="-122.526434"><ele>5.6</ele></trkpt><trkpt lat="37.876994" lon="-122.526490"><ele>5.5</ele></trkpt><trkpt lat="37.876983" lon="-122.526582"><ele>5.2</ele></trkpt><trkpt lat="37.876975" lon="-122.526622"><ele>5.0</ele></trkpt><trkpt lat="37.876940" lon="-122.526756"><ele>4.6</ele></trkpt><trkpt lat="37.876843" lon="-122.527044"><ele>3.8</ele></trkpt><trkpt lat="37.876912" lon="-122.527086"><ele>3.6</ele></trkpt><trkpt lat="37.876995" lon="-122.527140"><ele>3.4</ele></trkpt><trkpt lat="37.877043" lon="-122.527159"><ele>3.3</ele></trkpt><trkpt lat="37.877071" lon="-122.527162"><ele>3.2</ele></trkpt><trkpt lat="37.877103" lon="-122.527155"><ele>3.1</ele></trkpt><trkpt lat="37.877646" lon="-122.526931"><ele>2.1</ele></trkpt><trkpt lat="37.878301" lon="-122.526657"><ele>2.1</ele></trkpt><trkpt lat="37.878571" lon="-122.526548"><ele>2.1</ele></trkpt><trkpt lat="37.878808" lon="-122.526448"><ele>2.1</ele></trkpt><trkpt lat="37.878835" lon="-122.526437"><ele>2.2</ele></trkpt><trkpt lat="37.879814" lon="-122.526032"><ele>3.0</ele></trkpt><trkpt lat="37.879921" lon="-122.525999"><ele>3.3</ele></trkpt><trkpt lat="37.880033" lon="-122.525992"><ele>3.7</ele></trkpt><trkpt lat="37.880201" lon="-122.525993"><ele>4.3</ele></trkpt><trkpt lat="37.880316" lon="-122.526011"><ele>4.6</ele></trkpt><trkpt lat="37.880428" lon="-122.526038"><ele>5.2</ele></trkpt><trkpt lat="37.880531" lon="-122.526083"><ele>6.1</ele></trkpt><trkpt lat="37.880631" lon="-122.526133"><ele>7.0</ele></trkpt><trkpt lat="37.880717" lon="-122.526188"><ele>7.7</ele></trkpt><trkpt lat="37.880813" lon="-122.526262"><ele>8.6</ele></trkpt><trkpt lat="37.880972" lon="-122.526416"><ele>10.3</ele></trkpt><trkpt lat="37.881028" lon="-122.526470"><ele>10.9</ele></trkpt><trkpt lat="37.881076" lon="-122.526595"><ele>11.8</ele></trkpt><trkpt lat="37.881109" lon="-122.526690"><ele>12.5</ele></trkpt><trkpt lat="37.881164" lon="-122.526762"><ele>13.2</ele></trkpt><trkpt lat="37.881307" lon="-122.526922"><ele>14.7</ele></trkpt><trkpt lat="37.881674" lon="-122.527330"><ele>18.4</ele></trkpt><trkpt lat="37.882308" lon="-122.526322"><ele>21.6</ele></trkpt><trkpt lat="37.882446" lon="-122.526105"><ele>20.0</ele></trkpt><trkpt lat="37.882571" lon="-122.525922"><ele>18.6</ele></trkpt><trkpt lat="37.882615" lon="-122.525875"><ele>18.2</ele></trkpt><trkpt lat="37.882664" lon="-122.525848"><ele>17.8</ele></trkpt><trkpt lat="37.882768" lon="-122.525824"><ele>16.9</ele></trkpt><trkpt lat="37.882914" lon="-122.525808"><ele>15.7</ele></trkpt><trkpt lat="37.882825" lon="-122.524843"><ele>9.7</ele></trkpt><trkpt lat="37.882817" lon="-122.524761"><ele>9.2</ele></trkpt><trkpt lat="37.882925" lon="-122.524738"><ele>8.6</ele></trkpt><trkpt lat="37.883036" lon="-122.524718"><ele>7.9</ele></trkpt><trkpt lat="37.883145" lon="-122.524705"><ele>7.3</ele></trkpt><trkpt lat="37.883236" lon="-122.524701"><ele>6.8</ele></trkpt><trkpt lat="37.883322" lon="-122.524700"><ele>6.3</ele></trkpt><trkpt lat="37.883407" lon="-122.524706"><ele>6.0</ele></trkpt><trkpt lat="37.883494" lon="-122.524713"><ele>5.9</ele></trkpt><trkpt lat="37.883578" lon="-122.524722"><ele>5.7</ele></trkpt><trkpt lat="37.883688" lon="-122.524730"><ele>5.6</ele></trkpt><trkpt lat="37.883807" lon="-122.524735"><ele>5.4</ele></trkpt><trkpt lat="37.883881" lon="-122.524736"><ele>5.2</ele></trkpt><trkpt lat="37.883952" lon="-122.524734"><ele>5.2</ele></trkpt><trkpt lat="37.884050" lon="-122.524716"><ele>5.3</ele></trkpt><trkpt lat="37.884076" lon="-122.524712"><ele>5.4</ele></trkpt><trkpt lat="37.884143" lon="-122.524687"><ele>5.4</ele></trkpt><trkpt lat="37.884198" lon="-122.524658"><ele>5.5</ele></trkpt><trkpt lat="37.884243" lon="-122.524629"><ele>5.6</ele></trkpt><trkpt lat="37.884287" lon="-122.524594"><ele>5.6</ele></trkpt><trkpt lat="37.884345" lon="-122.524542"><ele>5.7</ele></trkpt><trkpt lat="37.884421" lon="-122.524456"><ele>5.8</ele></trkpt><trkpt lat="37.884434" lon="-122.524441"><ele>5.8</ele></trkpt><trkpt lat="37.884476" lon="-122.524387"><ele>5.9</ele></trkpt><trkpt lat="37.884515" lon="-122.524330"><ele>6.0</ele></trkpt><trkpt lat="37.884588" lon="-122.524225"><ele>6.1</ele></trkpt><trkpt lat="37.884655" lon="-122.524126"><ele>6.2</ele></trkpt><trkpt lat="37.884704" lon="-122.524057"><ele>6.3</ele></trkpt><trkpt lat="37.884752" lon="-122.523996"><ele>6.4</ele></trkpt><trkpt lat="37.884803" lon="-122.523938"><ele>6.5</ele></trkpt><trkpt lat="37.884853" lon="-122.523887"><ele>6.6</ele></trkpt><trkpt lat="37.884905" lon="-122.523842"><ele>6.7</ele></trkpt><trkpt lat="37.884958" lon="-122.523801"><ele>6.8</ele></trkpt><trkpt lat="37.885014" lon="-122.523762"><ele>6.9</ele></trkpt><trkpt lat="37.885075" lon="-122.523726"><ele>7.0</ele></trkpt><trkpt lat="37.885137" lon="-122.523696"><ele>7.1</ele></trkpt><trkpt lat="37.885196" lon="-122.523670"><ele>7.2</ele></trkpt><trkpt lat="37.885254" lon="-122.523650"><ele>7.3</ele></trkpt><trkpt lat="37.885312" lon="-122.523633"><ele>7.4</ele></trkpt><trkpt lat="37.885373" lon="-122.523619"><ele>7.5</ele></trkpt><trkpt lat="37.885430" lon="-122.523609"><ele>7.5</ele></trkpt><trkpt lat="37.885486" lon="-122.523604"><ele>7.6</ele></trkpt><trkpt lat="37.885546" lon="-122.523603"><ele>7.7</ele></trkpt><trkpt lat="37.885601" lon="-122.523607"><ele>7.7</ele></trkpt><trkpt lat="37.885655" lon="-122.523613"><ele>7.8</ele></trkpt><trkpt lat="37.885707" lon="-122.523623"><ele>7.8</ele></trkpt><trkpt lat="37.885761" lon="-122.523635"><ele>7.9</ele></trkpt><trkpt lat="37.885817" lon="-122.523651"><ele>7.9</ele></trkpt><trkpt lat="37.885874" lon="-122.523671"><ele>8.0</ele></trkpt><trkpt lat="37.885927" lon="-122.523694"><ele>8.0</ele></trkpt><trkpt lat="37.885980" lon="-122.523721"><ele>8.0</ele></trkpt><trkpt lat="37.886030" lon="-122.523751"><ele>8.1</ele></trkpt><trkpt lat="37.886078" lon="-122.523784"><ele>8.1</ele></trkpt><trkpt lat="37.886130" lon="-122.523822"><ele>8.1</ele></trkpt><trkpt lat="37.886180" lon="-122.523862"><ele>8.2</ele></trkpt><trkpt lat="37.886323" lon="-122.523957"><ele>8.3</ele></trkpt><trkpt lat="37.886381" lon="-122.523999"><ele>8.3</ele></trkpt><trkpt lat="37.886640" lon="-122.524207"><ele>8.5</ele></trkpt><trkpt lat="37.886826" lon="-122.524358"><ele>8.6</ele></trkpt><trkpt lat="37.886925" lon="-122.524439"><ele>8.7</ele></trkpt><trkpt lat="37.887052" lon="-122.524548"><ele>8.8</ele></trkpt><trkpt lat="37.887314" lon="-122.524729"><ele>8.4</ele></trkpt><trkpt lat="37.887389" lon="-122.524766"><ele>8.1</ele></trkpt><trkpt lat="37.887648" lon="-122.524854"><ele>7.2</ele></trkpt><trkpt lat="37.887745" lon="-122.524883"><ele>7.0</ele></trkpt><trkpt lat="37.888002" lon="-122.524940"><ele>6.7</ele></trkpt><trkpt lat="37.888092" lon="-122.524961"><ele>6.6</ele></trkpt><trkpt lat="37.888364" lon="-122.525008"><ele>6.2</ele></trkpt><trkpt lat="37.889709" lon="-122.525235"><ele>3.7</ele></trkpt><trkpt lat="37.889816" lon="-122.525256"><ele>3.4</ele></trkpt><trkpt lat="37.889845" lon="-122.525263"><ele>3.4</ele></trkpt><trkpt lat="37.889909" lon="-122.525280"><ele>3.4</ele></trkpt><trkpt lat="37.889972" lon="-122.525300"><ele>3.4</ele></trkpt><trkpt lat="37.890034" lon="-122.525323"><ele>3.4</ele></trkpt><trkpt lat="37.890099" lon="-122.525352"><ele>3.4</ele></trkpt><trkpt lat="37.890160" lon="-122.525384"><ele>3.4</ele></trkpt><trkpt lat="37.890222" lon="-122.525420"><ele>3.4</ele></trkpt><trkpt lat="37.890279" lon="-122.525458"><ele>3.4</ele></trkpt><trkpt lat="37.890339" lon="-122.525500"><ele>3.4</ele></trkpt><trkpt lat="37.890393" lon="-122.525542"><ele>3.3</ele></trkpt><trkpt lat="37.890451" lon="-122.525593"><ele>3.1</ele></trkpt><trkpt lat="37.890502" lon="-122.525641"><ele>3.0</ele></trkpt><trkpt lat="37.890552" lon="-122.525693"><ele>2.9</ele></trkpt><trkpt lat="37.890603" lon="-122.525750"><ele>2.8</ele></trkpt><trkpt lat="37.890653" lon="-122.525810"><ele>2.7</ele></trkpt><trkpt lat="37.890697" lon="-122.525869"><ele>2.6</ele></trkpt><trkpt lat="37.890741" lon="-122.525933"><ele>2.5</ele></trkpt><trkpt lat="37.890784" lon="-122.526002"><ele>2.4</ele></trkpt><trkpt lat="37.890822" lon="-122.526069"><ele>2.2</ele></trkpt><trkpt lat="37.891119" lon="-122.526609"><ele>1.4</ele></trkpt><trkpt lat="37.891678" lon="-122.527629"><ele>0.6</ele></trkpt><trkpt lat="37.891965" lon="-122.528152"><ele>0.6</ele></trkpt><trkpt lat="37.892121" lon="-122.528440"><ele>0.6</ele></trkpt><trkpt lat="37.892288" lon="-122.528747"><ele>0.6</ele></trkpt><trkpt lat="37.892493" lon="-122.529127"><ele>1.2</ele></trkpt><trkpt lat="37.892532" lon="-122.529198"><ele>1.3</ele></trkpt><trkpt lat="37.892567" lon="-122.529264"><ele>1.4</ele></trkpt><trkpt lat="37.892604" lon="-122.529338"><ele>1.5</ele></trkpt><trkpt lat="37.892639" lon="-122.529414"><ele>1.6</ele></trkpt><trkpt lat="37.892671" lon="-122.529483"><ele>1.7</ele></trkpt><trkpt lat="37.892703" lon="-122.529559"><ele>1.8</ele></trkpt><trkpt lat="37.892754" lon="-122.529693"><ele>1.9</ele></trkpt><trkpt lat="37.892830" lon="-122.529896"><ele>2.1</ele></trkpt><trkpt lat="37.892877" lon="-122.529997"><ele>2.2</ele></trkpt><trkpt lat="37.892907" lon="-122.530069"><ele>2.3</ele></trkpt><trkpt lat="37.892956" lon="-122.530178"><ele>2.5</ele></trkpt><trkpt lat="37.892997" lon="-122.530257"><ele>2.6</ele></trkpt><trkpt lat="37.893174" lon="-122.530585"><ele>3.1</ele></trkpt><trkpt lat="37.893257" lon="-122.530740"><ele>3.2</ele></trkpt><trkpt lat="37.893325" lon="-122.530867"><ele>3.2</ele></trkpt><trkpt lat="37.893570" lon="-122.531323"><ele>3.5</ele></trkpt><trkpt lat="37.893635" lon="-122.531444"><ele>3.5</ele></trkpt><trkpt lat="37.893717" lon="-122.531597"><ele>3.6</ele></trkpt><trkpt lat="37.893788" lon="-122.531725"><ele>3.7</ele></trkpt><trkpt lat="37.893864" lon="-122.531861"><ele>3.8</ele></trkpt><trkpt lat="37.893943" lon="-122.531994"><ele>3.8</ele></trkpt><trkpt lat="37.894025" lon="-122.532131"><ele>3.9</ele></trkpt><trkpt lat="37.894072" lon="-122.532210"><ele>4.0</ele></trkpt><trkpt lat="37.894130" lon="-122.532304"><ele>4.0</ele></trkpt><trkpt lat="37.894191" lon="-122.532406"><ele>4.1</ele></trkpt><trkpt lat="37.894242" lon="-122.532490"><ele>4.1</ele></trkpt><trkpt lat="37.894323" lon="-122.532623"><ele>4.2</ele></trkpt><trkpt lat="37.894370" lon="-122.532701"><ele>4.2</ele></trkpt><trkpt lat="37.894432" lon="-122.532806"><ele>4.3</ele></trkpt><trkpt lat="37.894491" lon="-122.532906"><ele>4.4</ele></trkpt><trkpt lat="37.894552" lon="-122.533006"><ele>4.4</ele></trkpt><trkpt lat="37.894633" lon="-122.533141"><ele>4.5</ele></trkpt><trkpt lat="37.894740" lon="-122.533318"><ele>4.6</ele></trkpt><trkpt lat="37.894834" lon="-122.533474"><ele>4.7</ele></trkpt><trkpt lat="37.894894" lon="-122.533572"><ele>4.7</ele></trkpt><trkpt lat="37.894955" lon="-122.533672"><ele>4.8</ele></trkpt><trkpt lat="37.894997" lon="-122.533741"><ele>4.8</ele></trkpt><trkpt lat="37.895037" lon="-122.533805"><ele>4.9</ele></trkpt><trkpt lat="37.895112" lon="-122.533923"><ele>4.8</ele></trkpt><trkpt lat="37.895251" lon="-122.534138"><ele>4.7</ele></trkpt><trkpt lat="37.895295" lon="-122.534207"><ele>4.7</ele></trkpt><trkpt lat="37.895344" lon="-122.534283"><ele>4.6</ele></trkpt><trkpt lat="37.895395" lon="-122.534368"><ele>4.6</ele></trkpt><trkpt lat="37.895448" lon="-122.534461"><ele>4.4</ele></trkpt><trkpt lat="37.895467" lon="-122.534491"><ele>4.4</ele></trkpt><trkpt lat="37.895535" lon="-122.534599"><ele>4.2</ele></trkpt><trkpt lat="37.895623" lon="-122.534732"><ele>3.9</ele></trkpt><trkpt lat="37.895651" lon="-122.534775"><ele>3.9</ele></trkpt><trkpt lat="37.895764" lon="-122.534941"><ele>3.7</ele></trkpt><trkpt lat="37.895823" lon="-122.535029"><ele>3.7</ele></trkpt><trkpt lat="37.895867" lon="-122.535094"><ele>3.7</ele></trkpt><trkpt lat="37.895912" lon="-122.535156"><ele>3.7</ele></trkpt><trkpt lat="37.895935" lon="-122.535188"><ele>3.7</ele></trkpt><trkpt lat="37.895960" lon="-122.535218"><ele>3.7</ele></trkpt><trkpt lat="37.895981" lon="-122.535244"><ele>3.7</ele></trkpt><trkpt lat="37.896034" lon="-122.535305"><ele>3.7</ele></trkpt><trkpt lat="37.896124" lon="-122.535405"><ele>3.7</ele></trkpt><trkpt lat="37.896244" lon="-122.535541"><ele>3.7</ele></trkpt><trkpt lat="37.896351" lon="-122.535661"><ele>3.7</ele></trkpt><trkpt lat="37.896639" lon="-122.535986"><ele>3.7</ele></trkpt><trkpt lat="37.896694" lon="-122.536047"><ele>3.7</ele></trkpt><trkpt lat="37.896751" lon="-122.536109"><ele>3.7</ele></trkpt><trkpt lat="37.896908" lon="-122.536286"><ele>3.7</ele></trkpt><trkpt lat="37.897282" lon="-122.536708"><ele>4.5</ele></trkpt><trkpt lat="37.897404" lon="-122.536844"><ele>4.8</ele></trkpt><trkpt lat="37.897454" lon="-122.536901"><ele>4.9</ele></trkpt><trkpt lat="37.897475" lon="-122.536925"><ele>4.9</ele></trkpt><trkpt lat="37.897532" lon="-122.536989"><ele>5.1</ele></trkpt><trkpt lat="37.897593" lon="-122.537058"><ele>5.2</ele></trkpt><trkpt lat="37.898233" lon="-122.537772"><ele>6.9</ele></trkpt><trkpt lat="37.898285" lon="-122.537830"><ele>6.9</ele></trkpt><trkpt lat="37.898705" lon="-122.538303"><ele>7.8</ele></trkpt><trkpt lat="37.898769" lon="-122.538377"><ele>8.0</ele></trkpt><trkpt lat="37.898836" lon="-122.538462"><ele>8.3</ele></trkpt><trkpt lat="37.898887" lon="-122.538533"><ele>8.4</ele></trkpt><trkpt lat="37.898932" lon="-122.538596"><ele>8.6</ele></trkpt><trkpt lat="37.899019" lon="-122.538708"><ele>8.9</ele></trkpt><trkpt lat="37.899068" lon="-122.538769"><ele>9.0</ele></trkpt><trkpt lat="37.899156" lon="-122.538873"><ele>9.3</ele></trkpt><trkpt lat="37.899204" lon="-122.538931"><ele>9.4</ele></trkpt><trkpt lat="37.899243" lon="-122.538978"><ele>9.5</ele></trkpt><trkpt lat="37.899332" lon="-122.539084"><ele>9.8</ele></trkpt><trkpt lat="37.899425" lon="-122.539192"><ele>10.0</ele></trkpt><trkpt lat="37.899636" lon="-122.539432"><ele>10.5</ele></trkpt><trkpt lat="37.899838" lon="-122.539660"><ele>10.9</ele></trkpt><trkpt lat="37.900116" lon="-122.539974"><ele>11.3</ele></trkpt><trkpt lat="37.900183" lon="-122.540049"><ele>11.4</ele></trkpt><trkpt lat="37.900336" lon="-122.540221"><ele>11.6</ele></trkpt><trkpt lat="37.900600" lon="-122.540516"><ele>12.0</ele></trkpt><trkpt lat="37.900637" lon="-122.540558"><ele>12.1</ele></trkpt><trkpt lat="37.900808" lon="-122.540750"><ele>12.3</ele></trkpt><trkpt lat="37.900916" lon="-122.540874"><ele>12.5</ele></trkpt><trkpt lat="37.901463" lon="-122.541486"><ele>12.9</ele></trkpt><trkpt lat="37.901628" lon="-122.541671"><ele>13.4</ele></trkpt><trkpt lat="37.902058" lon="-122.542150"><ele>14.7</ele></trkpt><trkpt lat="37.902177" lon="-122.542284"><ele>15.0</ele></trkpt><trkpt lat="37.902310" lon="-122.542434"><ele>15.3</ele></trkpt><trkpt lat="37.902446" lon="-122.542553"><ele>15.6</ele></trkpt><trkpt lat="37.902589" lon="-122.542658"><ele>15.9</ele></trkpt><trkpt lat="37.902715" lon="-122.542750"><ele>16.0</ele></trkpt><trkpt lat="37.903025" lon="-122.543028"><ele>16.5</ele></trkpt><trkpt lat="37.903131" lon="-122.543115"><ele>16.7</ele></trkpt><trkpt lat="37.903324" lon="-122.543324"><ele>17.3</ele></trkpt><trkpt lat="37.903362" lon="-122.543298"><ele>17.4</ele></trkpt><trkpt lat="37.903427" lon="-122.543253"><ele>17.6</ele></trkpt><trkpt lat="37.903611" lon="-122.543102"><ele>17.7</ele></trkpt><trkpt lat="37.904374" lon="-122.542555"><ele>17.7</ele></trkpt><trkpt lat="37.904460" lon="-122.542494"><ele>17.8</ele></trkpt><trkpt lat="37.904833" lon="-122.543299"><ele>19.5</ele></trkpt><trkpt lat="37.905085" lon="-122.543748"><ele>20.5</ele></trkpt><trkpt lat="37.905092" lon="-122.543762"><ele>20.5</ele></trkpt><trkpt lat="37.905232" lon="-122.544011"><ele>21.0</ele></trkpt><trkpt lat="37.905265" lon="-122.544063"><ele>21.1</ele></trkpt><trkpt lat="37.905286" lon="-122.544096"><ele>21.2</ele></trkpt><trkpt lat="37.905339" lon="-122.544184"><ele>21.4</ele></trkpt><trkpt lat="37.905731" lon="-122.544839"><ele>22.5</ele></trkpt><trkpt lat="37.905762" lon="-122.544892"><ele>22.6</ele></trkpt><trkpt lat="37.905999" lon="-122.545285"><ele>23.3</ele></trkpt><trkpt lat="37.906027" lon="-122.545203"><ele>23.5</ele></trkpt><trkpt lat="37.906034" lon="-122.545114"><ele>23.7</ele></trkpt><trkpt lat="37.906034" lon="-122.545000"><ele>23.9</ele></trkpt><trkpt lat="37.906034" lon="-122.545114"><ele>24.2</ele></trkpt><trkpt lat="37.906027" lon="-122.545203"><ele>24.4</ele></trkpt><trkpt lat="37.906100" lon="-122.545287"><ele>24.7</ele></trkpt><trkpt lat="37.906103" lon="-122.545117"><ele>24.9</ele></trkpt><trkpt lat="37.906096" lon="-122.544111"><ele>26.5</ele></trkpt><trkpt lat="37.906077" lon="-122.542245"><ele>29.7</ele></trkpt><trkpt lat="37.906058" lon="-122.541605"><ele>30.5</ele></trkpt><trkpt lat="37.906062" lon="-122.541059"><ele>31.0</ele></trkpt><trkpt lat="37.906068" lon="-122.541002"><ele>31.0</ele></trkpt><trkpt lat="37.906111" lon="-122.541013"><ele>31.0</ele></trkpt><trkpt lat="37.906148" lon="-122.541025"><ele>31.0</ele></trkpt><trkpt lat="37.906186" lon="-122.541029"><ele>30.9</ele></trkpt><trkpt lat="37.906253" lon="-122.541023"><ele>30.9</ele></trkpt><trkpt lat="37.906453" lon="-122.540993"><ele>30.8</ele></trkpt><trkpt lat="37.906331" lon="-122.540627"><ele>30.1</ele></trkpt><trkpt lat="37.906301" lon="-122.540278"><ele>29.5</ele></trkpt><trkpt lat="37.906312" lon="-122.540040"><ele>29.0</ele></trkpt><trkpt lat="37.906344" lon="-122.539848"><ele>28.7</ele></trkpt><trkpt lat="37.906389" lon="-122.539690"><ele>28.4</ele></trkpt><trkpt lat="37.906454" lon="-122.539461"><ele>27.9</ele></trkpt><trkpt lat="37.906589" lon="-122.539194"><ele>27.4</ele></trkpt><trkpt lat="37.906799" lon="-122.538970"><ele>26.6</ele></trkpt><trkpt lat="37.906844" lon="-122.538932"><ele>26.4</ele></trkpt><trkpt lat="37.906885" lon="-122.538838"><ele>26.1</ele></trkpt><trkpt lat="37.906992" lon="-122.538747"><ele>25.7</ele></trkpt><trkpt lat="37.907181" lon="-122.538586"><ele>25.2</ele></trkpt><trkpt lat="37.907368" lon="-122.538450"><ele>24.9</ele></trkpt><trkpt lat="37.907508" lon="-122.538342"><ele>24.7</ele></trkpt><trkpt lat="37.907554" lon="-122.538188"><ele>24.9</ele></trkpt><trkpt lat="37.907704" lon="-122.537298"><ele>26.8</ele></trkpt><trkpt lat="37.908867" lon="-122.537006"><ele>30.3</ele></trkpt><trkpt lat="37.909174" lon="-122.536936"><ele>31.8</ele></trkpt><trkpt lat="37.909356" lon="-122.536896"><ele>32.9</ele></trkpt><trkpt lat="37.909597" lon="-122.536754"><ele>34.4</ele></trkpt><trkpt lat="37.909694" lon="-122.536635"><ele>35.5</ele></trkpt><trkpt lat="37.909724" lon="-122.536433"><ele>36.8</ele></trkpt><trkpt lat="37.910085" lon="-122.536172"><ele>40.3</ele></trkpt><trkpt lat="37.910351" lon="-122.536042"><ele>42.9</ele></trkpt><trkpt lat="37.910559" lon="-122.535940"><ele>44.5</ele></trkpt><trkpt lat="37.910778" lon="-122.535802"><ele>46.2</ele></trkpt><trkpt lat="37.910850" lon="-122.535648"><ele>47.2</ele></trkpt><trkpt lat="37.911086" lon="-122.535061"><ele>52.1</ele></trkpt><trkpt lat="37.911671" lon="-122.534375"><ele>62.5</ele></trkpt><trkpt lat="37.911741" lon="-122.534251"><ele>64.1</ele></trkpt><trkpt lat="37.911766" lon="-122.534097"><ele>65.7</ele></trkpt><trkpt lat="37.911752" lon="-122.533924"><ele>67.5</ele></trkpt><trkpt lat="37.911687" lon="-122.533636"><ele>70.7</ele></trkpt><trkpt lat="37.911722" lon="-122.533225"><ele>75.6</ele></trkpt><trkpt lat="37.911761" lon="-122.533080"><ele>77.9</ele></trkpt><trkpt lat="37.911786" lon="-122.532992"><ele>79.3</ele></trkpt><trkpt lat="37.911659" lon="-122.533038"><ele>81.8</ele></trkpt><trkpt lat="37.911558" lon="-122.533057"><ele>83.6</ele></trkpt><trkpt lat="37.911441" lon="-122.533047"><ele>85.6</ele></trkpt><trkpt lat="37.911355" lon="-122.533027"><ele>87.0</ele></trkpt><trkpt lat="37.911356" lon="-122.532989"><ele>87.5</ele></trkpt><trkpt lat="37.911479" lon="-122.532828"><ele>90.4</ele></trkpt><trkpt lat="37.911534" lon="-122.532676"><ele>92.5</ele></trkpt><trkpt lat="37.911531" lon="-122.532506"><ele>94.0</ele></trkpt><trkpt lat="37.911509" lon="-122.532460"><ele>94.5</ele></trkpt><trkpt lat="37.911471" lon="-122.532392"><ele>95.3</ele></trkpt><trkpt lat="37.911389" lon="-122.532215"><ele>97.1</ele></trkpt><trkpt lat="37.911228" lon="-122.532039"><ele>99.5</ele></trkpt><trkpt lat="37.911140" lon="-122.531918"><ele>100.9</ele></trkpt><trkpt lat="37.911132" lon="-122.531846"><ele>101.6</ele></trkpt><trkpt lat="37.911172" lon="-122.531804"><ele>102.1</ele></trkpt><trkpt lat="37.911386" lon="-122.531651"><ele>104.7</ele></trkpt><trkpt lat="37.911476" lon="-122.531521"><ele>105.5</ele></trkpt><trkpt lat="37.911477" lon="-122.531385"><ele>106.1</ele></trkpt><trkpt lat="37.911429" lon="-122.531270"><ele>106.7</ele></trkpt><trkpt lat="37.911337" lon="-122.531182"><ele>107.3</ele></trkpt><trkpt lat="37.911208" lon="-122.531093"><ele>107.9</ele></trkpt><trkpt lat="37.911087" lon="-122.531111"><ele>108.2</ele></trkpt><trkpt lat="37.910949" lon="-122.530955"><ele>108.7</ele></trkpt><trkpt lat="37.911022" lon="-122.530870"><ele>109.0</ele></trkpt><trkpt lat="37.911177" lon="-122.530781"><ele>109.1</ele></trkpt><trkpt lat="37.911256" lon="-122.530672"><ele>109.1</ele></trkpt><trkpt lat="37.911210" lon="-122.530490"><ele>109.1</ele></trkpt><trkpt lat="37.911285" lon="-122.530384"><ele>109.1</ele></trkpt><trkpt lat="37.911402" lon="-122.530129"><ele>109.0</ele></trkpt><trkpt lat="37.911449" lon="-122.529984"><ele>108.9</ele></trkpt><trkpt lat="37.911489" lon="-122.529745"><ele>108.8</ele></trkpt><trkpt lat="37.911447" lon="-122.529642"><ele>108.8</ele></trkpt><trkpt lat="37.911381" lon="-122.529622"><ele>108.8</ele></trkpt><trkpt lat="37.911294" lon="-122.529576"><ele>108.8</ele></trkpt><trkpt lat="37.911279" lon="-122.529527"><ele>108.8</ele></trkpt><trkpt lat="37.911301" lon="-122.529346"><ele>108.8</ele></trkpt><trkpt lat="37.911355" lon="-122.529309"><ele>108.8</ele></trkpt><trkpt lat="37.911452" lon="-122.529274"><ele>109.1</ele></trkpt><trkpt lat="37.911723" lon="-122.529175"><ele>110.5</ele></trkpt><trkpt lat="37.911826" lon="-122.529139"><ele>111.0</ele></trkpt><trkpt lat="37.912183" lon="-122.528984"><ele>113.2</ele></trkpt><trkpt lat="37.912566" lon="-122.528805"><ele>116.6</ele></trkpt><trkpt lat="37.912794" lon="-122.528671"><ele>119.9</ele></trkpt><trkpt lat="37.912873" lon="-122.528635"><ele>121.0</ele></trkpt><trkpt lat="37.912958" lon="-122.528619"><ele>122.1</ele></trkpt><trkpt lat="37.913370" lon="-122.528687"><ele>128.0</ele></trkpt><trkpt lat="37.913549" lon="-122.528721"><ele>130.4</ele></trkpt><trkpt lat="37.913754" lon="-122.528719"><ele>132.7</ele></trkpt><trkpt lat="37.913911" lon="-122.528601"><ele>134.8</ele></trkpt><trkpt lat="37.914071" lon="-122.528445"><ele>137.1</ele></trkpt><trkpt lat="37.914159" lon="-122.528387"><ele>138.2</ele></trkpt><trkpt lat="37.914258" lon="-122.528354"><ele>139.3</ele></trkpt><trkpt lat="37.914379" lon="-122.528320"><ele>140.6</ele></trkpt><trkpt lat="37.914504" lon="-122.528333"><ele>141.9</ele></trkpt><trkpt lat="37.914621" lon="-122.528448"><ele>143.2</ele></trkpt><trkpt lat="37.914712" lon="-122.528556"><ele>144.2</ele></trkpt><trkpt lat="37.914888" lon="-122.528724"><ele>146.1</ele></trkpt><trkpt lat="37.914999" lon="-122.528769"><ele>146.6</ele></trkpt><trkpt lat="37.915027" lon="-122.528780"><ele>146.6</ele></trkpt><trkpt lat="37.915266" lon="-122.528678"><ele>147.4</ele></trkpt><trkpt lat="37.915493" lon="-122.528549"><ele>147.5</ele></trkpt><trkpt lat="37.915712" lon="-122.528446"><ele>146.4</ele></trkpt><trkpt lat="37.915930" lon="-122.528376"><ele>145.4</ele></trkpt><trkpt lat="37.915969" lon="-122.528364"><ele>145.1</ele></trkpt><trkpt lat="37.916119" lon="-122.528244"><ele>143.3</ele></trkpt><trkpt lat="37.916212" lon="-122.527977"><ele>140.9</ele></trkpt><trkpt lat="37.916241" lon="-122.527843"><ele>139.7</ele></trkpt><trkpt lat="37.916310" lon="-122.527641"><ele>137.2</ele></trkpt><trkpt lat="37.916361" lon="-122.527429"><ele>134.6</ele></trkpt><trkpt lat="37.916422" lon="-122.527130"><ele>130.8</ele></trkpt><trkpt lat="37.916444" lon="-122.527007"><ele>129.1</ele></trkpt><trkpt lat="37.916479" lon="-122.526903"><ele>127.6</ele></trkpt><trkpt lat="37.916493" lon="-122.526834"><ele>126.6</ele></trkpt><trkpt lat="37.916495" lon="-122.526764"><ele>125.6</ele></trkpt><trkpt lat="37.916491" lon="-122.526697"><ele>124.7</ele></trkpt><trkpt lat="37.916496" lon="-122.526629"><ele>123.8</ele></trkpt><trkpt lat="37.916531" lon="-122.526514"><ele>122.1</ele></trkpt><trkpt lat="37.916633" lon="-122.526282"><ele>118.7</ele></trkpt><trkpt lat="37.916671" lon="-122.526216"><ele>117.6</ele></trkpt><trkpt lat="37.916701" lon="-122.526153"><ele>116.7</ele></trkpt><trkpt lat="37.916710" lon="-122.526100"><ele>116.0</ele></trkpt><trkpt lat="37.916706" lon="-122.526059"><ele>115.4</ele></trkpt><trkpt lat="37.916692" lon="-122.526025"><ele>114.9</ele></trkpt><trkpt lat="37.916645" lon="-122.525979"><ele>114.0</ele></trkpt><trkpt lat="37.916606" lon="-122.525959"><ele>113.5</ele></trkpt><trkpt lat="37.916543" lon="-122.525926"><ele>113.0</ele></trkpt><trkpt lat="37.916463" lon="-122.525911"><ele>112.4</ele></trkpt><trkpt lat="37.916402" lon="-122.525910"><ele>112.0</ele></trkpt><trkpt lat="37.916370" lon="-122.525923"><ele>111.7</ele></trkpt><trkpt lat="37.916344" lon="-122.525939"><ele>111.5</ele></trkpt><trkpt lat="37.916269" lon="-122.526016"><ele>110.8</ele></trkpt><trkpt lat="37.916227" lon="-122.526074"><ele>110.3</ele></trkpt><trkpt lat="37.916173" lon="-122.526119"><ele>109.8</ele></trkpt><trkpt lat="37.916134" lon="-122.526128"><ele>109.7</ele></trkpt><trkpt lat="37.916116" lon="-122.526125"><ele>109.6</ele></trkpt><trkpt lat="37.916084" lon="-122.526107"><ele>109.6</ele></trkpt><trkpt lat="37.916029" lon="-122.526082"><ele>109.4</ele></trkpt><trkpt lat="37.916228" lon="-122.525862"><ele>108.8</ele></trkpt><trkpt lat="37.916367" lon="-122.525713"><ele>108.4</ele></trkpt><trkpt lat="37.916491" lon="-122.525622"><ele>108.1</ele></trkpt><trkpt lat="37.916661" lon="-122.525566"><ele>107.7</ele></trkpt><trkpt lat="37.916772" lon="-122.525561"><ele>107.5</ele></trkpt><trkpt lat="37.916879" lon="-122.525581"><ele>107.2</ele></trkpt><trkpt lat="37.916950" lon="-122.525616"><ele>107.0</ele></trkpt><trkpt lat="37.917034" lon="-122.525677"><ele>106.7</ele></trkpt><trkpt lat="37.917115" lon="-122.525770"><ele>106.4</ele></trkpt><trkpt lat="37.917282" lon="-122.525696"><ele>105.9</ele></trkpt><trkpt lat="37.917545" lon="-122.525679"><ele>106.1</ele></trkpt><trkpt lat="37.917652" lon="-122.525686"><ele>106.3</ele></trkpt><trkpt lat="37.917836" lon="-122.525761"><ele>106.6</ele></trkpt><trkpt lat="37.917995" lon="-122.525754"><ele>105.3</ele></trkpt><trkpt lat="37.918118" lon="-122.525637"><ele>103.8</ele></trkpt><trkpt lat="37.918233" lon="-122.525502"><ele>102.3</ele></trkpt><trkpt lat="37.918350" lon="-122.525306"><ele>100.4</ele></trkpt><trkpt lat="37.918367" lon="-122.524916"><ele>97.6</ele></trkpt><trkpt lat="37.918427" lon="-122.524861"><ele>96.9</ele></trkpt><trkpt lat="37.918499" lon="-122.524850"><ele>96.3</ele></trkpt><trkpt lat="37.918626" lon="-122.524934"><ele>95.8</ele></trkpt><trkpt lat="37.918687" lon="-122.524984"><ele>95.6</ele></trkpt><trkpt lat="37.918838" lon="-122.525255"><ele>94.7</ele></trkpt><trkpt lat="37.919004" lon="-122.525284"><ele>94.4</ele></trkpt><trkpt lat="37.919109" lon="-122.525248"><ele>94.4</ele></trkpt><trkpt lat="37.919211" lon="-122.525210"><ele>94.3</ele></trkpt><trkpt lat="37.919279" lon="-122.525082"><ele>94.2</ele></trkpt><trkpt lat="37.919340" lon="-122.524875"><ele>93.8</ele></trkpt><trkpt lat="37.919383" lon="-122.524835"><ele>93.6</ele></trkpt><trkpt lat="37.919442" lon="-122.524770"><ele>93.2</ele></trkpt><trkpt lat="37.919543" lon="-122.524724"><ele>92.7</ele></trkpt><trkpt lat="37.919782" lon="-122.524759"><ele>91.8</ele></trkpt><trkpt lat="37.919928" lon="-122.524850"><ele>92.5</ele></trkpt><trkpt lat="37.920040" lon="-122.524810"><ele>92.9</ele></trkpt><trkpt lat="37.920057" lon="-122.524665"><ele>93.4</ele></trkpt><trkpt lat="37.920015" lon="-122.524504"><ele>93.9</ele></trkpt><trkpt lat="37.920021" lon="-122.524340"><ele>94.5</ele></trkpt><trkpt lat="37.920112" lon="-122.524118"><ele>95.4</ele></trkpt><trkpt lat="37.920239" lon="-122.524005"><ele>96.1</ele></trkpt><trkpt lat="37.920326" lon="-122.523989"><ele>96.4</ele></trkpt><trkpt lat="37.920402" lon="-122.523941"><ele>96.6</ele></trkpt><trkpt lat="37.920423" lon="-122.523833"><ele>96.8</ele></trkpt><trkpt lat="37.920372" lon="-122.523726"><ele>97.0</ele></trkpt><trkpt lat="37.920245" lon="-122.523608"><ele>97.4</ele></trkpt><trkpt lat="37.919795" lon="-122.523313"><ele>98.0</ele></trkpt><trkpt lat="37.919553" lon="-122.523257"><ele>98.1</ele></trkpt><trkpt lat="37.919387" lon="-122.523288"><ele>98.0</ele></trkpt><trkpt lat="37.919310" lon="-122.522892"><ele>97.2</ele></trkpt><trkpt lat="37.919532" lon="-122.522769"><ele>95.4</ele></trkpt><trkpt lat="37.919674" lon="-122.522750"><ele>94.4</ele></trkpt><trkpt lat="37.919875" lon="-122.522892"><ele>91.7</ele></trkpt><trkpt lat="37.920313" lon="-122.522935"><ele>85.8</ele></trkpt><trkpt lat="37.920556" lon="-122.522975"><ele>82.1</ele></trkpt><trkpt lat="37.920745" lon="-122.522892"><ele>79.0</ele></trkpt><trkpt lat="37.920882" lon="-122.522710"><ele>75.5</ele></trkpt><trkpt lat="37.921035" lon="-122.522413"><ele>70.4</ele></trkpt><trkpt lat="37.921979" lon="-122.522472"><ele>52.9</ele></trkpt><trkpt lat="37.922111" lon="-122.522612"><ele>49.8</ele></trkpt><trkpt lat="37.923478" lon="-122.522473"><ele>27.0</ele></trkpt><trkpt lat="37.923635" lon="-122.522459"><ele>24.5</ele></trkpt><trkpt lat="37.924038" lon="-122.522423"><ele>18.6</ele></trkpt><trkpt lat="37.924439" lon="-122.522387"><ele>13.5</ele></trkpt><trkpt lat="37.924631" lon="-122.522370"><ele>11.6</ele></trkpt><trkpt lat="37.924859" lon="-122.522350"><ele>9.4</ele></trkpt><trkpt lat="37.925223" lon="-122.522318"><ele>7.2</ele></trkpt><trkpt lat="37.925291" lon="-122.522313"><ele>6.9</ele></trkpt><trkpt lat="37.925288" lon="-122.522244"><ele>6.5</ele></trkpt><trkpt lat="37.925273" lon="-122.521925"><ele>5.3</ele></trkpt><trkpt lat="37.925258" lon="-122.521630"><ele>4.3</ele></trkpt><trkpt lat="37.925248" lon="-122.521452"><ele>3.7</ele></trkpt><trkpt lat="37.925235" lon="-122.521191"><ele>3.3</ele></trkpt><trkpt lat="37.925219" lon="-122.520872"><ele>2.9</ele></trkpt><trkpt lat="37.925210" lon="-122.520713"><ele>2.8</ele></trkpt><trkpt lat="37.925185" lon="-122.520371"><ele>2.9</ele></trkpt><trkpt lat="37.925148" lon="-122.519633"><ele>2.8</ele></trkpt><trkpt lat="37.925142" lon="-122.519514"><ele>2.8</ele></trkpt><trkpt lat="37.925109" lon="-122.518858"><ele>2.0</ele></trkpt><trkpt lat="37.925099" lon="-122.518709"><ele>1.8</ele></trkpt><trkpt lat="37.925200" lon="-122.518655"><ele>1.8</ele></trkpt><trkpt lat="37.925291" lon="-122.518644"><ele>1.7</ele></trkpt><trkpt lat="37.925363" lon="-122.518645"><ele>1.7</ele></trkpt><trkpt lat="37.925548" lon="-122.518655"><ele>1.6</ele></trkpt><trkpt lat="37.925941" lon="-122.518672"><ele>1.3</ele></trkpt><trkpt lat="37.926037" lon="-122.518672"><ele>1.3</ele></trkpt><trkpt lat="37.927230" lon="-122.518709"><ele>0.6</ele></trkpt><trkpt lat="37.927329" lon="-122.518758"><ele>0.6</ele></trkpt><trkpt lat="37.927628" lon="-122.518767"><ele>0.6</ele></trkpt><trkpt lat="37.928031" lon="-122.518778"><ele>0.6</ele></trkpt><trkpt lat="37.928058" lon="-122.518779"><ele>0.6</ele></trkpt><trkpt lat="37.928178" lon="-122.518783"><ele>0.6</ele></trkpt><trkpt lat="37.928238" lon="-122.518784"><ele>0.6</ele></trkpt><trkpt lat="37.928298" lon="-122.518755"><ele>0.6</ele></trkpt><trkpt lat="37.928371" lon="-122.518732"><ele>0.6</ele></trkpt><trkpt lat="37.928517" lon="-122.518734"><ele>0.5</ele></trkpt><trkpt lat="37.928673" lon="-122.518715"><ele>0.4</ele></trkpt><trkpt lat="37.928861" lon="-122.518647"><ele>0.3</ele></trkpt><trkpt lat="37.929086" lon="-122.518516"><ele>0.3</ele></trkpt><trkpt lat="37.929250" lon="-122.518386"><ele>0.3</ele></trkpt><trkpt lat="37.929314" lon="-122.518326"><ele>0.3</ele></trkpt><trkpt lat="37.929347" lon="-122.518296"><ele>0.3</ele></trkpt><trkpt lat="37.929378" lon="-122.518270"><ele>0.3</ele></trkpt><trkpt lat="37.929409" lon="-122.518246"><ele>0.4</ele></trkpt><trkpt lat="37.929450" lon="-122.518214"><ele>0.4</ele></trkpt><trkpt lat="37.929494" lon="-122.518183"><ele>0.4</ele></trkpt><trkpt lat="37.929542" lon="-122.518152"><ele>0.4</ele></trkpt><trkpt lat="37.929583" lon="-122.518134"><ele>0.5</ele></trkpt><trkpt lat="37.929620" lon="-122.518123"><ele>0.5</ele></trkpt><trkpt lat="37.929692" lon="-122.518116"><ele>0.5</ele></trkpt><trkpt lat="37.929746" lon="-122.518090"><ele>0.6</ele></trkpt><trkpt lat="37.929756" lon="-122.518085"><ele>0.6</ele></trkpt><trkpt lat="37.929774" lon="-122.518078"><ele>0.6</ele></trkpt><trkpt lat="37.929812" lon="-122.518067"><ele>0.6</ele></trkpt><trkpt lat="37.929851" lon="-122.518057"><ele>0.6</ele></trkpt><trkpt lat="37.929896" lon="-122.518050"><ele>0.6</ele></trkpt><trkpt lat="37.929928" lon="-122.518044"><ele>0.6</ele></trkpt><trkpt lat="37.929960" lon="-122.518037"><ele>0.6</ele></trkpt><trkpt lat="37.929996" lon="-122.518027"><ele>0.6</ele></trkpt><trkpt lat="37.930020" lon="-122.518018"><ele>0.6</ele></trkpt><trkpt lat="37.930100" lon="-122.517989"><ele>0.6</ele></trkpt><trkpt lat="37.930166" lon="-122.517967"><ele>0.6</ele></trkpt><trkpt lat="37.930230" lon="-122.517947"><ele>0.6</ele></trkpt><trkpt lat="37.930295" lon="-122.517930"><ele>0.6</ele></trkpt><trkpt lat="37.930358" lon="-122.517914"><ele>0.6</ele></trkpt><trkpt lat="37.930430" lon="-122.517897"><ele>0.7</ele></trkpt><trkpt lat="37.930492" lon="-122.517884"><ele>0.7</ele></trkpt><trkpt lat="37.930560" lon="-122.517872"><ele>0.7</ele></trkpt><trkpt lat="37.930627" lon="-122.517864"><ele>0.8</ele></trkpt><trkpt lat="37.930689" lon="-122.517859"><ele>0.8</ele></trkpt><trkpt lat="37.930759" lon="-122.517854"><ele>0.8</ele></trkpt><trkpt lat="37.930826" lon="-122.517851"><ele>0.9</ele></trkpt><trkpt lat="37.930894" lon="-122.517853"><ele>0.9</ele></trkpt><trkpt lat="37.930969" lon="-122.517857"><ele>0.9</ele></trkpt><trkpt lat="37.931037" lon="-122.517862"><ele>0.9</ele></trkpt><trkpt lat="37.931101" lon="-122.517869"><ele>0.9</ele></trkpt><trkpt lat="37.931167" lon="-122.517878"><ele>0.9</ele></trkpt><trkpt lat="37.931508" lon="-122.517926"><ele>1.0</ele></trkpt><trkpt lat="37.931722" lon="-122.517954"><ele>1.2</ele></trkpt><trkpt lat="37.931802" lon="-122.517965"><ele>1.3</ele></trkpt><trkpt lat="37.931971" lon="-122.517990"><ele>1.5</ele></trkpt><trkpt lat="37.932078" lon="-122.518006"><ele>1.5</ele></trkpt><trkpt lat="37.932390" lon="-122.518051"><ele>1.5</ele></trkpt><trkpt lat="37.932561" lon="-122.518075"><ele>1.5</ele></trkpt><trkpt lat="37.932689" lon="-122.518094"><ele>1.5</ele></trkpt><trkpt lat="37.932827" lon="-122.518115"><ele>1.5</ele></trkpt><trkpt lat="37.932901" lon="-122.518127"><ele>1.5</ele></trkpt><trkpt lat="37.932998" lon="-122.518144"><ele>1.5</ele></trkpt><trkpt lat="37.933183" lon="-122.518175"><ele>1.6</ele></trkpt><trkpt lat="37.933345" lon="-122.518204"><ele>1.7</ele></trkpt><trkpt lat="37.933446" lon="-122.518224"><ele>1.8</ele></trkpt><trkpt lat="37.933492" lon="-122.518233"><ele>1.8</ele></trkpt><trkpt lat="37.933612" lon="-122.518259"><ele>1.8</ele></trkpt><trkpt lat="37.933715" lon="-122.518283"><ele>1.9</ele></trkpt><trkpt lat="37.933759" lon="-122.518294"><ele>1.9</ele></trkpt><trkpt lat="37.933861" lon="-122.518321"><ele>2.0</ele></trkpt><trkpt lat="37.933987" lon="-122.518354"><ele>2.1</ele></trkpt><trkpt lat="37.934060" lon="-122.518375"><ele>2.1</ele></trkpt><trkpt lat="37.934197" lon="-122.518414"><ele>2.2</ele></trkpt><trkpt lat="37.934404" lon="-122.518474"><ele>2.3</ele></trkpt><trkpt lat="37.934745" lon="-122.518560"><ele>2.5</ele></trkpt><trkpt lat="37.934874" lon="-122.518589"><ele>2.6</ele></trkpt><trkpt lat="37.934881" lon="-122.518475"><ele>2.6</ele></trkpt><trkpt lat="37.934893" lon="-122.518372"><ele>2.7</ele></trkpt><trkpt lat="37.935024" lon="-122.517650"><ele>3.3</ele></trkpt><trkpt lat="37.935092" lon="-122.517441"><ele>3.4</ele></trkpt><trkpt lat="37.935173" lon="-122.517241"><ele>3.5</ele></trkpt><trkpt lat="37.935232" lon="-122.517108"><ele>3.6</ele></trkpt><trkpt lat="37.935317" lon="-122.516948"><ele>3.7</ele></trkpt><trkpt lat="37.935325" lon="-122.516920"><ele>3.7</ele></trkpt><trkpt lat="37.935524" lon="-122.516415"><ele>3.7</ele></trkpt><trkpt lat="37.935588" lon="-122.516244"><ele>3.7</ele></trkpt><trkpt lat="37.935651" lon="-122.516009"><ele>3.7</ele></trkpt><trkpt lat="37.935670" lon="-122.515891"><ele>3.7</ele></trkpt><trkpt lat="37.935685" lon="-122.515820"><ele>3.7</ele></trkpt><trkpt lat="37.935715" lon="-122.515788"><ele>3.7</ele></trkpt><trkpt lat="37.935727" lon="-122.515664"><ele>3.6</ele></trkpt><trkpt lat="37.935767" lon="-122.515674"><ele>3.6</ele></trkpt><trkpt lat="37.935807" lon="-122.515686"><ele>3.5</ele></trkpt><trkpt lat="37.935847" lon="-122.515700"><ele>3.5</ele></trkpt><trkpt lat="37.935898" lon="-122.515720"><ele>3.4</ele></trkpt><trkpt lat="37.935949" lon="-122.515742"><ele>3.4</ele></trkpt><trkpt lat="37.935969" lon="-122.515752"><ele>3.3</ele></trkpt><trkpt lat="37.935997" lon="-122.515767"><ele>3.3</ele></trkpt><trkpt lat="37.936054" lon="-122.515797"><ele>3.2</ele></trkpt><trkpt lat="37.936117" lon="-122.515831"><ele>3.2</ele></trkpt><trkpt lat="37.936189" lon="-122.515873"><ele>3.1</ele></trkpt><trkpt lat="37.936461" lon="-122.516053"><ele>2.6</ele></trkpt><trkpt lat="37.936505" lon="-122.516080"><ele>2.5</ele></trkpt><trkpt lat="37.936548" lon="-122.516104"><ele>2.4</ele></trkpt><trkpt lat="37.936598" lon="-122.516129"><ele>2.3</ele></trkpt><trkpt lat="37.936649" lon="-122.516153"><ele>2.2</ele></trkpt><trkpt lat="37.936693" lon="-122.516173"><ele>2.2</ele></trkpt><trkpt lat="37.936749" lon="-122.516194"><ele>2.1</ele></trkpt><trkpt lat="37.936801" lon="-122.516213"><ele>2.0</ele></trkpt><trkpt lat="37.936846" lon="-122.516227"><ele>2.0</ele></trkpt><trkpt lat="37.936886" lon="-122.516238"><ele>1.9</ele></trkpt><trkpt lat="37.936932" lon="-122.516247"><ele>1.9</ele></trkpt><trkpt lat="37.936970" lon="-122.516253"><ele>1.8</ele></trkpt><trkpt lat="37.937012" lon="-122.516254"><ele>1.8</ele></trkpt><trkpt lat="37.937056" lon="-122.516252"><ele>1.7</ele></trkpt><trkpt lat="37.937109" lon="-122.516247"><ele>1.7</ele></trkpt><trkpt lat="37.937161" lon="-122.516240"><ele>1.6</ele></trkpt><trkpt lat="37.937226" lon="-122.516228"><ele>1.5</ele></trkpt><trkpt lat="37.937287" lon="-122.516214"><ele>1.5</ele></trkpt><trkpt lat="37.937345" lon="-122.516198"><ele>1.5</ele></trkpt><trkpt lat="37.937416" lon="-122.516177"><ele>1.4</ele></trkpt><trkpt lat="37.937540" lon="-122.516139"><ele>1.3</ele></trkpt><trkpt lat="37.937747" lon="-122.516079"><ele>1.2</ele></trkpt><trkpt lat="37.938250" lon="-122.515935"><ele>0.9</ele></trkpt><trkpt lat="37.938300" lon="-122.515920"><ele>0.9</ele></trkpt><trkpt lat="37.938450" lon="-122.515874"><ele>0.8</ele></trkpt><trkpt lat="37.938640" lon="-122.515816"><ele>0.7</ele></trkpt><trkpt lat="37.938682" lon="-122.515807"><ele>0.7</ele></trkpt><trkpt lat="37.938723" lon="-122.515800"><ele>0.7</ele></trkpt><trkpt lat="37.938762" lon="-122.515795"><ele>0.6</ele></trkpt><trkpt lat="37.938812" lon="-122.515792"><ele>0.6</ele></trkpt><trkpt lat="37.938861" lon="-122.515791"><ele>0.6</ele></trkpt><trkpt lat="37.938911" lon="-122.515792"><ele>0.6</ele></trkpt><trkpt lat="37.938959" lon="-122.515794"><ele>0.5</ele></trkpt><trkpt lat="37.939014" lon="-122.515799"><ele>0.5</ele></trkpt><trkpt lat="37.939067" lon="-122.515805"><ele>0.5</ele></trkpt><trkpt lat="37.939120" lon="-122.515813"><ele>0.4</ele></trkpt><trkpt lat="37.939176" lon="-122.515820"><ele>0.4</ele></trkpt><trkpt lat="37.939247" lon="-122.515826"><ele>0.4</ele></trkpt><trkpt lat="37.939285" lon="-122.515829"><ele>0.3</ele></trkpt><trkpt lat="37.939322" lon="-122.515830"><ele>0.3</ele></trkpt><trkpt lat="37.939377" lon="-122.515829"><ele>0.3</ele></trkpt><trkpt lat="37.939421" lon="-122.515824"><ele>0.3</ele></trkpt><trkpt lat="37.939463" lon="-122.515816"><ele>0.3</ele></trkpt><trkpt lat="37.939508" lon="-122.515806"><ele>0.3</ele></trkpt><trkpt lat="37.939549" lon="-122.515796"><ele>0.3</ele></trkpt><trkpt lat="37.939580" lon="-122.515786"><ele>0.3</ele></trkpt><trkpt lat="37.939634" lon="-122.515772"><ele>0.3</ele></trkpt><trkpt lat="37.939772" lon="-122.515731"><ele>0.3</ele></trkpt><trkpt lat="37.940424" lon="-122.515537"><ele>0.3</ele></trkpt><trkpt lat="37.940689" lon="-122.515457"><ele>0.3</ele></trkpt><trkpt lat="37.940856" lon="-122.515409"><ele>0.3</ele></trkpt><trkpt lat="37.941033" lon="-122.515356"><ele>0.2</ele></trkpt><trkpt lat="37.941122" lon="-122.515331"><ele>0.1</ele></trkpt><trkpt lat="37.941256" lon="-122.515289"><ele>-0.0</ele></trkpt><trkpt lat="37.941280" lon="-122.515280"><ele>-0.1</ele></trkpt><trkpt lat="37.941307" lon="-122.515265"><ele>-0.1</ele></trkpt><trkpt lat="37.941348" lon="-122.515296"><ele>-0.2</ele></trkpt><trkpt lat="37.941431" lon="-122.515315"><ele>-0.3</ele></trkpt><trkpt lat="37.941782" lon="-122.515205"><ele>-0.3</ele></trkpt><trkpt lat="37.941955" lon="-122.515154"><ele>-0.3</ele></trkpt><trkpt lat="37.942194" lon="-122.515063"><ele>-0.3</ele></trkpt><trkpt lat="37.942636" lon="-122.514858"><ele>-0.2</ele></trkpt><trkpt lat="37.943026" lon="-122.514677"><ele>0.3</ele></trkpt><trkpt lat="37.943207" lon="-122.514615"><ele>0.6</ele></trkpt><trkpt lat="37.943425" lon="-122.514560"><ele>1.0</ele></trkpt><trkpt lat="37.943638" lon="-122.514502"><ele>1.4</ele></trkpt><trkpt lat="37.944153" lon="-122.514383"><ele>2.9</ele></trkpt><trkpt lat="37.944262" lon="-122.514353"><ele>3.2</ele></trkpt><trkpt lat="37.944320" lon="-122.514331"><ele>3.4</ele></trkpt><trkpt lat="37.944373" lon="-122.514300"><ele>3.6</ele></trkpt><trkpt lat="37.944415" lon="-122.514267"><ele>3.7</ele></trkpt><trkpt lat="37.944444" lon="-122.514233"><ele>3.8</ele></trkpt><trkpt lat="37.944498" lon="-122.514145"><ele>4.1</ele></trkpt><trkpt lat="37.944550" lon="-122.514051"><ele>4.3</ele></trkpt><trkpt lat="37.944597" lon="-122.513955"><ele>4.6</ele></trkpt><trkpt lat="37.944618" lon="-122.513910"><ele>4.7</ele></trkpt><trkpt lat="37.944611" lon="-122.513903"><ele>4.7</ele></trkpt><trkpt lat="37.944606" lon="-122.513894"><ele>4.8</ele></trkpt><trkpt lat="37.944603" lon="-122.513882"><ele>4.8</ele></trkpt><trkpt lat="37.944605" lon="-122.513868"><ele>4.8</ele></trkpt><trkpt lat="37.944609" lon="-122.513855"><ele>4.8</ele></trkpt><trkpt lat="37.944614" lon="-122.513843"><ele>4.9</ele></trkpt><trkpt lat="37.944622" lon="-122.513831"><ele>4.9</ele></trkpt><trkpt lat="37.944633" lon="-122.513826"><ele>4.9</ele></trkpt><trkpt lat="37.944644" lon="-122.513827"><ele>5.0</ele></trkpt><trkpt lat="37.944702" lon="-122.513625"><ele>5.5</ele></trkpt><trkpt lat="37.944745" lon="-122.513356"><ele>6.0</ele></trkpt><trkpt lat="37.944768" lon="-122.513240"><ele>6.1</ele></trkpt><trkpt lat="37.944802" lon="-122.513124"><ele>6.3</ele></trkpt><trkpt lat="37.944847" lon="-122.512998"><ele>6.5</ele></trkpt><trkpt lat="37.944932" lon="-122.512846"><ele>6.7</ele></trkpt><trkpt lat="37.944979" lon="-122.512740"><ele>6.8</ele></trkpt><trkpt lat="37.945020" lon="-122.512640"><ele>6.8</ele></trkpt><trkpt lat="37.945119" lon="-122.512419"><ele>6.9</ele></trkpt><trkpt lat="37.945239" lon="-122.512198"><ele>6.9</ele></trkpt><trkpt lat="37.945502" lon="-122.511703"><ele>6.4</ele></trkpt><trkpt lat="37.945530" lon="-122.511668"><ele>6.4</ele></trkpt><trkpt lat="37.945567" lon="-122.511622"><ele>6.3</ele></trkpt><trkpt lat="37.945595" lon="-122.511581"><ele>6.3</ele></trkpt><trkpt lat="37.945634" lon="-122.511520"><ele>6.2</ele></trkpt><trkpt lat="37.945651" lon="-122.511493"><ele>6.2</ele></trkpt><trkpt lat="37.945681" lon="-122.511444"><ele>6.1</ele></trkpt><trkpt lat="37.945702" lon="-122.511409"><ele>6.1</ele></trkpt><trkpt lat="37.945738" lon="-122.511338"><ele>6.0</ele></trkpt><trkpt lat="37.945779" lon="-122.511265"><ele>5.9</ele></trkpt><trkpt lat="37.945792" lon="-122.511240"><ele>5.9</ele></trkpt><trkpt lat="37.945821" lon="-122.511176"><ele>5.8</ele></trkpt><trkpt lat="37.945860" lon="-122.511090"><ele>5.7</ele></trkpt><trkpt lat="37.945888" lon="-122.511031"><ele>5.6</ele></trkpt><trkpt lat="37.945918" lon="-122.510975"><ele>5.4</ele></trkpt><trkpt lat="37.946028" lon="-122.510788"><ele>5.0</ele></trkpt><trkpt lat="37.946095" lon="-122.510674"><ele>4.8</ele></trkpt><trkpt lat="37.946114" lon="-122.510644"><ele>4.7</ele></trkpt><trkpt lat="37.946140" lon="-122.510602"><ele>4.6</ele></trkpt><trkpt lat="37.946163" lon="-122.510576"><ele>4.5</ele></trkpt><trkpt lat="37.946186" lon="-122.510536"><ele>4.4</ele></trkpt><trkpt lat="37.946139" lon="-122.510504"><ele>4.3</ele></trkpt><trkpt lat="37.945978" lon="-122.510401"><ele>3.9</ele></trkpt><trkpt lat="37.945964" lon="-122.510391"><ele>3.9</ele></trkpt><trkpt lat="37.945952" lon="-122.510381"><ele>3.8</ele></trkpt><trkpt lat="37.945936" lon="-122.510364"><ele>3.8</ele></trkpt><trkpt lat="37.945916" lon="-122.510341"><ele>3.7</ele></trkpt><trkpt lat="37.945851" lon="-122.510261"><ele>3.5</ele></trkpt><trkpt lat="37.945830" lon="-122.510231"><ele>3.5</ele></trkpt><trkpt lat="37.945811" lon="-122.510202"><ele>3.4</ele></trkpt><trkpt lat="37.945789" lon="-122.510167"><ele>3.3</ele></trkpt><trkpt lat="37.945767" lon="-122.510138"><ele>3.3</ele></trkpt><trkpt lat="37.945742" lon="-122.510109"><ele>3.3</ele></trkpt><trkpt lat="37.945721" lon="-122.510086"><ele>3.2</ele></trkpt><trkpt lat="37.945696" lon="-122.510064"><ele>3.2</ele></trkpt><trkpt lat="37.945669" lon="-122.510043"><ele>3.2</ele></trkpt><trkpt lat="37.945646" lon="-122.510024"><ele>3.1</ele></trkpt><trkpt lat="37.945623" lon="-122.510003"><ele>3.1</ele></trkpt><trkpt lat="37.945598" lon="-122.509977"><ele>3.1</ele></trkpt><trkpt lat="37.945574" lon="-122.509951"><ele>3.0</ele></trkpt><trkpt lat="37.945514" lon="-122.509833"><ele>2.9</ele></trkpt><trkpt lat="37.945408" lon="-122.509673"><ele>2.7</ele></trkpt><trkpt lat="37.945316" lon="-122.509559"><ele>2.7</ele></trkpt><trkpt lat="37.945284" lon="-122.509536"><ele>2.7</ele></trkpt><trkpt lat="37.945316" lon="-122.509559"><ele>2.7</ele></trkpt><trkpt lat="37.945408" lon="-122.509673"><ele>2.7</ele></trkpt><trkpt lat="37.945514" lon="-122.509833"><ele>2.7</ele></trkpt><trkpt lat="37.945574" lon="-122.509951"><ele>2.8</ele></trkpt><trkpt lat="37.945598" lon="-122.509977"><ele>2.8</ele></trkpt><trkpt lat="37.945623" lon="-122.510003"><ele>2.8</ele></trkpt><trkpt lat="37.945646" lon="-122.510024"><ele>2.8</ele></trkpt><trkpt lat="37.945669" lon="-122.510043"><ele>2.9</ele></trkpt><trkpt lat="37.945696" lon="-122.510064"><ele>2.9</ele></trkpt><trkpt lat="37.945721" lon="-122.510086"><ele>2.9</ele></trkpt><trkpt lat="37.945742" lon="-122.510109"><ele>2.9</ele></trkpt><trkpt lat="37.945767" lon="-122.510138"><ele>2.9</ele></trkpt><trkpt lat="37.945789" lon="-122.510167"><ele>2.9</ele></trkpt><trkpt lat="37.945811" lon="-122.510202"><ele>3.0</ele></trkpt><trkpt lat="37.945830" lon="-122.510231"><ele>3.0</ele></trkpt><trkpt lat="37.945851" lon="-122.510261"><ele>3.0</ele></trkpt><trkpt lat="37.945916" lon="-122.510341"><ele>3.1</ele></trkpt><trkpt lat="37.945936" lon="-122.510364"><ele>3.1</ele></trkpt><trkpt lat="37.945952" lon="-122.510381"><ele>3.1</ele></trkpt><trkpt lat="37.945964" lon="-122.510391"><ele>3.1</ele></trkpt><trkpt lat="37.945978" lon="-122.510401"><ele>3.2</ele></trkpt><trkpt lat="37.946139" lon="-122.510504"><ele>3.4</ele></trkpt><trkpt lat="37.946186" lon="-122.510536"><ele>3.4</ele></trkpt><trkpt lat="37.946215" lon="-122.510465"><ele>3.5</ele></trkpt><trkpt lat="37.946241" lon="-122.510395"><ele>3.6</ele></trkpt><trkpt lat="37.946325" lon="-122.510112"><ele>3.8</ele></trkpt><trkpt lat="37.946375" lon="-122.509897"><ele>4.0</ele></trkpt><trkpt lat="37.946389" lon="-122.509575"><ele>4.3</ele></trkpt><trkpt lat="37.946357" lon="-122.509326"><ele>4.3</ele></trkpt><trkpt lat="37.946238" lon="-122.508990"><ele>4.3</ele></trkpt><trkpt lat="37.946216" lon="-122.508928"><ele>4.2</ele></trkpt><trkpt lat="37.946135" lon="-122.508783"><ele>4.2</ele></trkpt><trkpt lat="37.945999" lon="-122.508542"><ele>4.0</ele></trkpt><trkpt lat="37.945846" lon="-122.508337"><ele>4.0</ele></trkpt><trkpt lat="37.945686" lon="-122.508169"><ele>4.0</ele></trkpt><trkpt lat="37.945397" lon="-122.507904"><ele>3.9</ele></trkpt><trkpt lat="37.945199" lon="-122.507705"><ele>3.8</ele></trkpt><trkpt lat="37.944804" lon="-122.507275"><ele>3.5</ele></trkpt><trkpt lat="37.944510" lon="-122.506814"><ele>3.5</ele></trkpt><trkpt lat="37.944478" lon="-122.506811"><ele>3.5</ele></trkpt><trkpt lat="37.944379" lon="-122.506780"><ele>3.6</ele></trkpt><trkpt lat="37.944302" lon="-122.506627"><ele>3.7</ele></trkpt><trkpt lat="37.944357" lon="-122.506478"><ele>4.0</ele></trkpt><trkpt lat="37.944252" lon="-122.506149"><ele>4.6</ele></trkpt><trkpt lat="37.944200" lon="-122.505730"><ele>5.4</ele></trkpt><trkpt lat="37.944183" lon="-122.505219"><ele>6.3</ele></trkpt><trkpt lat="37.944163" lon="-122.504698"><ele>7.5</ele></trkpt><trkpt lat="37.944149" lon="-122.504461"><ele>8.0</ele></trkpt><trkpt lat="37.944131" lon="-122.504197"><ele>8.6</ele></trkpt><trkpt lat="37.944099" lon="-122.503723"><ele>9.5</ele></trkpt><trkpt lat="37.944051" lon="-122.502907"><ele>10.2</ele></trkpt><trkpt lat="37.944031" lon="-122.502752"><ele>10.3</ele></trkpt><trkpt lat="37.943991" lon="-122.502600"><ele>10.4</ele></trkpt><trkpt lat="37.943935" lon="-122.502481"><ele>10.3</ele></trkpt><trkpt lat="37.943833" lon="-122.502267"><ele>10.2</ele></trkpt><trkpt lat="37.943776" lon="-122.502152"><ele>10.1</ele></trkpt><trkpt lat="37.943711" lon="-122.501996"><ele>10.0</ele></trkpt><trkpt lat="37.943675" lon="-122.501972"><ele>9.9</ele></trkpt><trkpt lat="37.943638" lon="-122.501947"><ele>9.8</ele></trkpt><trkpt lat="37.943604" lon="-122.501926"><ele>9.7</ele></trkpt><trkpt lat="37.943571" lon="-122.501907"><ele>9.5</ele></trkpt><trkpt lat="37.943500" lon="-122.501868"><ele>9.3</ele></trkpt><trkpt lat="37.943467" lon="-122.501852"><ele>9.2</ele></trkpt><trkpt lat="37.943434" lon="-122.501836"><ele>9.1</ele></trkpt><trkpt lat="37.943360" lon="-122.501801"><ele>8.9</ele></trkpt><trkpt lat="37.943228" lon="-122.501741"><ele>8.5</ele></trkpt><trkpt lat="37.943162" lon="-122.501708"><ele>8.4</ele></trkpt><trkpt lat="37.943100" lon="-122.501675"><ele>8.3</ele></trkpt><trkpt lat="37.943050" lon="-122.501645"><ele>8.2</ele></trkpt><trkpt lat="37.942992" lon="-122.501607"><ele>8.1</ele></trkpt><trkpt lat="37.942930" lon="-122.501559"><ele>8.0</ele></trkpt><trkpt lat="37.942876" lon="-122.501510"><ele>7.9</ele></trkpt><trkpt lat="37.942826" lon="-122.501456"><ele>7.8</ele></trkpt><trkpt lat="37.942776" lon="-122.501396"><ele>7.6</ele></trkpt><trkpt lat="37.942730" lon="-122.501335"><ele>7.7</ele></trkpt><trkpt lat="37.942686" lon="-122.501269"><ele>7.7</ele></trkpt><trkpt lat="37.942644" lon="-122.501199"><ele>7.7</ele></trkpt><trkpt lat="37.942607" lon="-122.501128"><ele>7.8</ele></trkpt><trkpt lat="37.942573" lon="-122.501050"><ele>7.8</ele></trkpt><trkpt lat="37.942545" lon="-122.500976"><ele>7.8</ele></trkpt><trkpt lat="37.942517" lon="-122.500896"><ele>7.9</ele></trkpt><trkpt lat="37.942491" lon="-122.500816"><ele>7.9</ele></trkpt><trkpt lat="37.942466" lon="-122.500731"><ele>8.0</ele></trkpt><trkpt lat="37.942444" lon="-122.500652"><ele>8.0</ele></trkpt><trkpt lat="37.942422" lon="-122.500573"><ele>8.0</ele></trkpt><trkpt lat="37.942324" lon="-122.500181"><ele>8.2</ele></trkpt><trkpt lat="37.942300" lon="-122.500070"><ele>8.4</ele></trkpt><trkpt lat="37.942290" lon="-122.500021"><ele>8.4</ele></trkpt><trkpt lat="37.942281" lon="-122.499977"><ele>8.5</ele></trkpt><trkpt lat="37.942275" lon="-122.499936"><ele>8.5</ele></trkpt><trkpt lat="37.942269" lon="-122.499894"><ele>8.6</ele></trkpt><trkpt lat="37.942263" lon="-122.499849"><ele>8.7</ele></trkpt><trkpt lat="37.942259" lon="-122.499803"><ele>8.7</ele></trkpt><trkpt lat="37.942255" lon="-122.499758"><ele>8.8</ele></trkpt><trkpt lat="37.942252" lon="-122.499709"><ele>8.8</ele></trkpt><trkpt lat="37.942251" lon="-122.499661"><ele>8.9</ele></trkpt><trkpt lat="37.942250" lon="-122.499610"><ele>9.0</ele></trkpt><trkpt lat="37.942252" lon="-122.499565"><ele>9.0</ele></trkpt><trkpt lat="37.942254" lon="-122.499516"><ele>9.1</ele></trkpt><trkpt lat="37.942259" lon="-122.499464"><ele>9.2</ele></trkpt><trkpt lat="37.942264" lon="-122.499413"><ele>9.4</ele></trkpt><trkpt lat="37.942272" lon="-122.499355"><ele>9.6</ele></trkpt><trkpt lat="37.942280" lon="-122.499300"><ele>9.8</ele></trkpt><trkpt lat="37.942290" lon="-122.499239"><ele>10.0</ele></trkpt><trkpt lat="37.942300" lon="-122.499183"><ele>10.2</ele></trkpt><trkpt lat="37.942312" lon="-122.499126"><ele>10.4</ele></trkpt><trkpt lat="37.942326" lon="-122.499071"><ele>10.7</ele></trkpt><trkpt lat="37.942339" lon="-122.499023"><ele>10.8</ele></trkpt><trkpt lat="37.942355" lon="-122.498971"><ele>11.0</ele></trkpt><trkpt lat="37.942383" lon="-122.498887"><ele>11.4</ele></trkpt><trkpt lat="37.942412" lon="-122.498811"><ele>11.7</ele></trkpt><trkpt lat="37.942446" lon="-122.498732"><ele>11.9</ele></trkpt><trkpt lat="37.942480" lon="-122.498657"><ele>12.2</ele></trkpt><trkpt lat="37.942499" lon="-122.498622"><ele>12.3</ele></trkpt><trkpt lat="37.942517" lon="-122.498587"><ele>12.5</ele></trkpt><trkpt lat="37.942558" lon="-122.498514"><ele>12.8</ele></trkpt><trkpt lat="37.942600" lon="-122.498449"><ele>13.0</ele></trkpt><trkpt lat="37.942644" lon="-122.498384"><ele>13.3</ele></trkpt><trkpt lat="37.942696" lon="-122.498316"><ele>13.6</ele></trkpt><trkpt lat="37.942740" lon="-122.498264"><ele>13.7</ele></trkpt><trkpt lat="37.942791" lon="-122.498208"><ele>13.7</ele></trkpt><trkpt lat="37.942845" lon="-122.498157"><ele>13.7</ele></trkpt><trkpt lat="37.942907" lon="-122.498103"><ele>13.7</ele></trkpt><trkpt lat="37.942959" lon="-122.498062"><ele>13.7</ele></trkpt><trkpt lat="37.943005" lon="-122.498027"><ele>13.7</ele></trkpt><trkpt lat="37.943047" lon="-122.497998"><ele>13.7</ele></trkpt><trkpt lat="37.943086" lon="-122.497973"><ele>13.7</ele></trkpt><trkpt lat="37.943124" lon="-122.497950"><ele>13.7</ele></trkpt><trkpt lat="37.943164" lon="-122.497928"><ele>13.7</ele></trkpt><trkpt lat="37.943200" lon="-122.497909"><ele>13.7</ele></trkpt><trkpt lat="37.943243" lon="-122.497888"><ele>13.8</ele></trkpt><trkpt lat="37.943287" lon="-122.497867"><ele>13.9</ele></trkpt><trkpt lat="37.943331" lon="-122.497847"><ele>13.9</ele></trkpt><trkpt lat="37.943389" lon="-122.497824"><ele>14.0</ele></trkpt><trkpt lat="37.943537" lon="-122.497765"><ele>14.1</ele></trkpt><trkpt lat="37.943597" lon="-122.497741"><ele>14.2</ele></trkpt><trkpt lat="37.943666" lon="-122.497711"><ele>14.3</ele></trkpt><trkpt lat="37.943738" lon="-122.497677"><ele>14.4</ele></trkpt><trkpt lat="37.943806" lon="-122.497642"><ele>14.5</ele></trkpt><trkpt lat="37.943884" lon="-122.497599"><ele>14.7</ele></trkpt><trkpt lat="37.943955" lon="-122.497552"><ele>14.8</ele></trkpt><trkpt lat="37.944031" lon="-122.497499"><ele>15.0</ele></trkpt><trkpt lat="37.944105" lon="-122.497441"><ele>15.1</ele></trkpt><trkpt lat="37.944175" lon="-122.497379"><ele>15.2</ele></trkpt><trkpt lat="37.944235" lon="-122.497319"><ele>15.3</ele></trkpt><trkpt lat="37.944298" lon="-122.497247"><ele>15.4</ele></trkpt><trkpt lat="37.944351" lon="-122.497183"><ele>15.5</ele></trkpt><trkpt lat="37.944401" lon="-122.497117"><ele>15.6</ele></trkpt><trkpt lat="37.944449" lon="-122.497049"><ele>15.7</ele></trkpt><trkpt lat="37.944488" lon="-122.496991"><ele>15.7</ele></trkpt><trkpt lat="37.944526" lon="-122.496928"><ele>15.8</ele></trkpt><trkpt lat="37.944559" lon="-122.496869"><ele>15.9</ele></trkpt><trkpt lat="37.944590" lon="-122.496809"><ele>15.9</ele></trkpt><trkpt lat="37.944616" lon="-122.496757"><ele>16.0</ele></trkpt><trkpt lat="37.944640" lon="-122.496704"><ele>16.0</ele></trkpt><trkpt lat="37.944663" lon="-122.496648"><ele>16.1</ele></trkpt><trkpt lat="37.944687" lon="-122.496585"><ele>16.2</ele></trkpt><trkpt lat="37.944710" lon="-122.496520"><ele>16.2</ele></trkpt><trkpt lat="37.944734" lon="-122.496444"><ele>16.3</ele></trkpt><trkpt lat="37.944990" lon="-122.495610"><ele>20.0</ele></trkpt><trkpt lat="37.945019" lon="-122.495520"><ele>20.4</ele></trkpt><trkpt lat="37.945045" lon="-122.495442"><ele>20.8</ele></trkpt><trkpt lat="37.945072" lon="-122.495366"><ele>21.2</ele></trkpt><trkpt lat="37.945102" lon="-122.495287"><ele>21.5</ele></trkpt><trkpt lat="37.945110" lon="-122.495215"><ele>21.9</ele></trkpt><trkpt lat="37.945120" lon="-122.495180"><ele>22.0</ele></trkpt><trkpt lat="37.945152" lon="-122.495097"><ele>22.5</ele></trkpt><trkpt lat="37.945189" lon="-122.495007"><ele>22.9</ele></trkpt><trkpt lat="37.945225" lon="-122.494926"><ele>23.0</ele></trkpt><trkpt lat="37.945262" lon="-122.494849"><ele>23.1</ele></trkpt><trkpt lat="37.945299" lon="-122.494779"><ele>23.2</ele></trkpt><trkpt lat="37.945340" lon="-122.494707"><ele>23.4</ele></trkpt><trkpt lat="37.945384" lon="-122.494635"><ele>23.5</ele></trkpt><trkpt lat="37.945428" lon="-122.494570"><ele>23.6</ele></trkpt><trkpt lat="37.945472" lon="-122.494508"><ele>23.7</ele></trkpt><trkpt lat="37.945690" lon="-122.494222"><ele>23.9</ele></trkpt><trkpt lat="37.945700" lon="-122.494209"><ele>23.9</ele></trkpt><trkpt lat="37.945766" lon="-122.494121"><ele>24.0</ele></trkpt><trkpt lat="37.945833" lon="-122.494028"><ele>24.0</ele></trkpt><trkpt lat="37.945899" lon="-122.493932"><ele>24.0</ele></trkpt><trkpt lat="37.945964" lon="-122.493832"><ele>23.9</ele></trkpt><trkpt lat="37.946032" lon="-122.493719"><ele>23.8</ele></trkpt><trkpt lat="37.946061" lon="-122.493668"><ele>23.7</ele></trkpt><trkpt lat="37.946086" lon="-122.493620"><ele>23.7</ele></trkpt><trkpt lat="37.946121" lon="-122.493550"><ele>23.6</ele></trkpt><trkpt lat="37.946156" lon="-122.493478"><ele>23.5</ele></trkpt><trkpt lat="37.946188" lon="-122.493405"><ele>23.5</ele></trkpt><trkpt lat="37.946219" lon="-122.493332"><ele>23.0</ele></trkpt><trkpt lat="37.946247" lon="-122.493259"><ele>22.6</ele></trkpt><trkpt lat="37.946275" lon="-122.493183"><ele>22.1</ele></trkpt><trkpt lat="37.946298" lon="-122.493107"><ele>21.7</ele></trkpt><trkpt lat="37.946317" lon="-122.493036"><ele>21.3</ele></trkpt><trkpt lat="37.946336" lon="-122.492957"><ele>20.8</ele></trkpt><trkpt lat="37.946352" lon="-122.492882"><ele>20.4</ele></trkpt><trkpt lat="37.946368" lon="-122.492800"><ele>20.0</ele></trkpt><trkpt lat="37.946382" lon="-122.492722"><ele>19.5</ele></trkpt><trkpt lat="37.946391" lon="-122.492654"><ele>19.1</ele></trkpt><trkpt lat="37.946397" lon="-122.492580"><ele>18.6</ele></trkpt><trkpt lat="37.946399" lon="-122.492518"><ele>18.2</ele></trkpt><trkpt lat="37.946398" lon="-122.492442"><ele>17.8</ele></trkpt><trkpt lat="37.946396" lon="-122.492385"><ele>17.4</ele></trkpt><trkpt lat="37.946390" lon="-122.492316"><ele>17.0</ele></trkpt><trkpt lat="37.946380" lon="-122.492232"><ele>16.5</ele></trkpt><trkpt lat="37.946370" lon="-122.492157"><ele>16.0</ele></trkpt><trkpt lat="37.946360" lon="-122.492094"><ele>15.6</ele></trkpt><trkpt lat="37.946344" lon="-122.492009"><ele>15.4</ele></trkpt><trkpt lat="37.946324" lon="-122.491930"><ele>15.3</ele></trkpt><trkpt lat="37.946303" lon="-122.491858"><ele>15.1</ele></trkpt><trkpt lat="37.946275" lon="-122.491780"><ele>15.0</ele></trkpt><trkpt lat="37.946247" lon="-122.491708"><ele>14.8</ele></trkpt><trkpt lat="37.946215" lon="-122.491633"><ele>14.7</ele></trkpt><trkpt lat="37.946180" lon="-122.491559"><ele>14.5</ele></trkpt><trkpt lat="37.946150" lon="-122.491498"><ele>14.4</ele></trkpt><trkpt lat="37.946084" lon="-122.491363"><ele>14.3</ele></trkpt><trkpt lat="37.945996" lon="-122.491187"><ele>14.3</ele></trkpt><trkpt lat="37.945898" lon="-122.490995"><ele>14.3</ele></trkpt><trkpt lat="37.945590" lon="-122.490400"><ele>14.1</ele></trkpt><trkpt lat="37.945519" lon="-122.490261"><ele>13.9</ele></trkpt><trkpt lat="37.945445" lon="-122.490117"><ele>13.7</ele></trkpt><trkpt lat="37.945367" lon="-122.489959"><ele>13.4</ele></trkpt><trkpt lat="37.945308" lon="-122.489831"><ele>13.3</ele></trkpt><trkpt lat="37.945248" lon="-122.489696"><ele>13.1</ele></trkpt><trkpt lat="37.945185" lon="-122.489542"><ele>13.0</ele></trkpt><trkpt lat="37.945128" lon="-122.489389"><ele>12.9</ele></trkpt><trkpt lat="37.945073" lon="-122.489219"><ele>12.9</ele></trkpt><trkpt lat="37.945035" lon="-122.489097"><ele>12.7</ele></trkpt><trkpt lat="37.945005" lon="-122.488996"><ele>12.3</ele></trkpt><trkpt lat="37.944977" lon="-122.488896"><ele>11.9</ele></trkpt><trkpt lat="37.944955" lon="-122.488815"><ele>11.6</ele></trkpt><trkpt lat="37.944932" lon="-122.488733"><ele>11.3</ele></trkpt><trkpt lat="37.944900" lon="-122.488580"><ele>10.8</ele></trkpt><trkpt lat="37.944878" lon="-122.488433"><ele>10.2</ele></trkpt><trkpt lat="37.944862" lon="-122.488275"><ele>9.4</ele></trkpt><trkpt lat="37.944834" lon="-122.488112"><ele>8.6</ele></trkpt><trkpt lat="37.944810" lon="-122.487947"><ele>7.8</ele></trkpt><trkpt lat="37.944790" lon="-122.487785"><ele>7.0</ele></trkpt><trkpt lat="37.944774" lon="-122.487619"><ele>6.6</ele></trkpt><trkpt lat="37.944762" lon="-122.487452"><ele>6.1</ele></trkpt><trkpt lat="37.944752" lon="-122.487287"><ele>5.7</ele></trkpt><trkpt lat="37.944747" lon="-122.487122"><ele>5.2</ele></trkpt><trkpt lat="37.944746" lon="-122.486956"><ele>5.1</ele></trkpt><trkpt lat="37.944749" lon="-122.486788"><ele>5.0</ele></trkpt><trkpt lat="37.944756" lon="-122.486623"><ele>5.0</ele></trkpt><trkpt lat="37.944764" lon="-122.486457"><ele>4.9</ele></trkpt><trkpt lat="37.944773" lon="-122.486291"><ele>5.1</ele></trkpt><trkpt lat="37.944852" lon="-122.484804"><ele>10.3</ele></trkpt><trkpt lat="37.944859" lon="-122.484640"><ele>11.3</ele></trkpt><trkpt lat="37.944861" lon="-122.484475"><ele>12.3</ele></trkpt><trkpt lat="37.944859" lon="-122.484309"><ele>13.2</ele></trkpt><trkpt lat="37.944756" lon="-122.483818"><ele>15.7</ele></trkpt><trkpt lat="37.944718" lon="-122.483641"><ele>16.4</ele></trkpt><trkpt lat="37.944680" lon="-122.483473"><ele>17.0</ele></trkpt><trkpt lat="37.944637" lon="-122.483308"><ele>17.5</ele></trkpt><trkpt lat="37.944591" lon="-122.483145"><ele>18.0</ele></trkpt><trkpt lat="37.944557" lon="-122.483031"><ele>18.2</ele></trkpt><trkpt lat="37.944514" lon="-122.482904"><ele>18.0</ele></trkpt><trkpt lat="37.944470" lon="-122.482783"><ele>17.7</ele></trkpt><trkpt lat="37.944433" lon="-122.482685"><ele>17.5</ele></trkpt><trkpt lat="37.944394" lon="-122.482587"><ele>17.3</ele></trkpt><trkpt lat="37.944352" lon="-122.482489"><ele>17.1</ele></trkpt><trkpt lat="37.944313" lon="-122.482399"><ele>16.9</ele></trkpt><trkpt lat="37.944270" lon="-122.482310"><ele>16.7</ele></trkpt><trkpt lat="37.944221" lon="-122.482213"><ele>16.4</ele></trkpt><trkpt lat="37.944170" lon="-122.482118"><ele>16.2</ele></trkpt><trkpt lat="37.944119" lon="-122.482030"><ele>15.9</ele></trkpt><trkpt lat="37.944060" lon="-122.481931"><ele>15.7</ele></trkpt><trkpt lat="37.943982" lon="-122.481802"><ele>15.0</ele></trkpt><trkpt lat="37.943660" lon="-122.481295"><ele>11.8</ele></trkpt><trkpt lat="37.943384" lon="-122.480859"><ele>9.4</ele></trkpt><trkpt lat="37.943318" lon="-122.480755"><ele>9.0</ele></trkpt><trkpt lat="37.943228" lon="-122.480609"><ele>8.6</ele></trkpt><trkpt lat="37.943792" lon="-122.480243"><ele>7.3</ele></trkpt><trkpt lat="37.943845" lon="-122.480191"><ele>7.2</ele></trkpt><trkpt lat="37.943880" lon="-122.480150"><ele>7.1</ele></trkpt><trkpt lat="37.943910" lon="-122.480145"><ele>7.1</ele></trkpt><trkpt lat="37.943933" lon="-122.480153"><ele>7.1</ele></trkpt><trkpt lat="37.943968" lon="-122.480186"><ele>7.0</ele></trkpt><trkpt lat="37.944091" lon="-122.480306"><ele>6.6</ele></trkpt><trkpt lat="37.944154" lon="-122.480205"><ele>6.4</ele></trkpt><trkpt lat="37.944211" lon="-122.480263"><ele>6.1</ele></trkpt><trkpt lat="37.944154" lon="-122.480205"><ele>5.9</ele></trkpt><trkpt lat="37.944035" lon="-122.480084"><ele>5.5</ele></trkpt><trkpt lat="37.943984" lon="-122.480053"><ele>5.5</ele></trkpt><trkpt lat="37.943935" lon="-122.480039"><ele>5.4</ele></trkpt><trkpt lat="37.943885" lon="-122.480044"><ele>5.4</ele></trkpt><trkpt lat="37.943838" lon="-122.480065"><ele>5.4</ele></trkpt><trkpt lat="37.943792" lon="-122.480102"><ele>5.3</ele></trkpt><trkpt lat="37.943080" lon="-122.478883"><ele>3.9</ele></trkpt><trkpt lat="37.943015" lon="-122.478740"><ele>3.7</ele></trkpt><trkpt lat="37.942941" lon="-122.478559"><ele>3.4</ele></trkpt><trkpt lat="37.942676" lon="-122.477767"><ele>2.4</ele></trkpt><trkpt lat="37.942434" lon="-122.476470"><ele>1.1</ele></trkpt><trkpt lat="37.942210" lon="-122.475174"><ele>0.0</ele></trkpt><trkpt lat="37.941781" lon="-122.472795"><ele>0.0</ele></trkpt><trkpt lat="37.941383" lon="-122.470540"><ele>0.0</ele></trkpt><trkpt lat="37.941293" lon="-122.470083"><ele>0.0</ele></trkpt><trkpt lat="37.941102" lon="-122.469230"><ele>0.0</ele></trkpt><trkpt lat="37.941065" lon="-122.469083"><ele>0.0</ele></trkpt><trkpt lat="37.940877" lon="-122.468413"><ele>0.0</ele></trkpt><trkpt lat="37.940774" lon="-122.468097"><ele>0.0</ele></trkpt><trkpt lat="37.940337" lon="-122.466688"><ele>0.0</ele></trkpt><trkpt lat="37.939930" lon="-122.465385"><ele>0.0</ele></trkpt><trkpt lat="37.939754" lon="-122.464816"><ele>0.0</ele></trkpt><trkpt lat="37.939373" lon="-122.463571"><ele>0.0</ele></trkpt><trkpt lat="37.938865" lon="-122.461944"><ele>0.0</ele></trkpt><trkpt lat="37.938381" lon="-122.460391"><ele>0.0</ele></trkpt><trkpt lat="37.937893" lon="-122.458851"><ele>0.0</ele></trkpt><trkpt lat="37.937545" lon="-122.457731"><ele>0.0</ele></trkpt><trkpt lat="37.937065" lon="-122.456208"><ele>0.0</ele></trkpt><trkpt lat="37.936674" lon="-122.454961"><ele>0.0</ele></trkpt><trkpt lat="37.936502" lon="-122.454366"><ele>0.0</ele></trkpt><trkpt lat="37.936234" lon="-122.453340"><ele>0.0</ele></trkpt><trkpt lat="37.936110" lon="-122.452876"><ele>0.0</ele></trkpt><trkpt lat="37.935817" lon="-122.451483"><ele>0.0</ele></trkpt><trkpt lat="37.935634" lon="-122.450394"><ele>0.0</ele></trkpt><trkpt lat="37.935585" lon="-122.450106"><ele>0.0</ele></trkpt><trkpt lat="37.935501" lon="-122.449461"><ele>0.0</ele></trkpt><trkpt lat="37.935415" lon="-122.448599"><ele>0.0</ele></trkpt><trkpt lat="37.935320" lon="-122.447285"><ele>0.0</ele></trkpt><trkpt lat="37.935238" lon="-122.446141"><ele>0.0</ele></trkpt><trkpt lat="37.935114" lon="-122.444281"><ele>0.0</ele></trkpt><trkpt lat="37.935030" lon="-122.443083"><ele>0.0</ele></trkpt><trkpt lat="37.934893" lon="-122.441045"><ele>0.0</ele></trkpt><trkpt lat="37.934753" lon="-122.438881"><ele>0.0</ele></trkpt><trkpt lat="37.934574" lon="-122.436137"><ele>0.0</ele></trkpt><trkpt lat="37.934441" lon="-122.434292"><ele>0.0</ele></trkpt><trkpt lat="37.934364" lon="-122.433044"><ele>0.0</ele></trkpt><trkpt lat="37.934253" lon="-122.431399"><ele>0.0</ele></trkpt><trkpt lat="37.934175" lon="-122.430197"><ele>0.0</ele></trkpt><trkpt lat="37.933979" lon="-122.427111"><ele>0.0</ele></trkpt><trkpt lat="37.933693" lon="-122.423012"><ele>0.0</ele></trkpt><trkpt lat="37.933481" lon="-122.419747"><ele>0.0</ele></trkpt><trkpt lat="37.933418" lon="-122.418752"><ele>0.0</ele></trkpt><trkpt lat="37.933271" lon="-122.416456"><ele>0.0</ele></trkpt><trkpt lat="37.933161" lon="-122.414774"><ele>0.0</ele></trkpt><trkpt lat="37.933078" lon="-122.413638"><ele>0.0</ele></trkpt><trkpt lat="37.932988" lon="-122.412350"><ele>-0.5</ele></trkpt><trkpt lat="37.932917" lon="-122.411260"><ele>-2.0</ele></trkpt><trkpt lat="37.932820" lon="-122.409767"><ele>0.1</ele></trkpt><trkpt lat="37.932770" lon="-122.409072"><ele>2.0</ele></trkpt><trkpt lat="37.932662" lon="-122.407495"><ele>6.6</ele></trkpt><trkpt lat="37.932608" lon="-122.406459"><ele>6.5</ele></trkpt><trkpt lat="37.932607" lon="-122.405444"><ele>6.1</ele></trkpt><trkpt lat="37.932607" lon="-122.405344"><ele>5.9</ele></trkpt><trkpt lat="37.932613" lon="-122.405188"><ele>5.8</ele></trkpt><trkpt lat="37.932698" lon="-122.404671"><ele>5.8</ele></trkpt><trkpt lat="37.932714" lon="-122.404536"><ele>5.9</ele></trkpt><trkpt lat="37.932738" lon="-122.404159"><ele>7.8</ele></trkpt><trkpt lat="37.932755" lon="-122.403991"><ele>8.6</ele></trkpt><trkpt lat="37.932767" lon="-122.403918"><ele>9.0</ele></trkpt><trkpt lat="37.932785" lon="-122.403858"><ele>9.2</ele></trkpt><trkpt lat="37.932818" lon="-122.403809"><ele>9.4</ele></trkpt><trkpt lat="37.932856" lon="-122.403778"><ele>9.5</ele></trkpt><trkpt lat="37.932924" lon="-122.403742"><ele>9.7</ele></trkpt><trkpt lat="37.933192" lon="-122.403622"><ele>10.5</ele></trkpt><trkpt lat="37.933253" lon="-122.403583"><ele>10.7</ele></trkpt><trkpt lat="37.933308" lon="-122.403534"><ele>10.9</ele></trkpt><trkpt lat="37.933345" lon="-122.403490"><ele>11.0</ele></trkpt><trkpt lat="37.933386" lon="-122.403437"><ele>11.2</ele></trkpt><trkpt lat="37.933480" lon="-122.403318"><ele>11.5</ele></trkpt><trkpt lat="37.933546" lon="-122.403159"><ele>11.9</ele></trkpt><trkpt lat="37.933579" lon="-122.403079"><ele>12.1</ele></trkpt><trkpt lat="37.933479" lon="-122.402971"><ele>12.4</ele></trkpt><trkpt lat="37.933408" lon="-122.402890"><ele>12.7</ele></trkpt><trkpt lat="37.933325" lon="-122.402791"><ele>12.9</ele></trkpt><trkpt lat="37.933247" lon="-122.402684"><ele>13.2</ele></trkpt><trkpt lat="37.933140" lon="-122.402532"><ele>13.5</ele></trkpt><trkpt lat="37.932985" lon="-122.402325"><ele>13.7</ele></trkpt><trkpt lat="37.932873" lon="-122.402185"><ele>13.9</ele></trkpt><trkpt lat="37.932720" lon="-122.402014"><ele>13.9</ele></trkpt><trkpt lat="37.932654" lon="-122.401936"><ele>13.8</ele></trkpt><trkpt lat="37.932594" lon="-122.401851"><ele>13.7</ele></trkpt><trkpt lat="37.932542" lon="-122.401773"><ele>13.6</ele></trkpt><trkpt lat="37.932494" lon="-122.401690"><ele>13.5</ele></trkpt><trkpt lat="37.932447" lon="-122.401595"><ele>13.4</ele></trkpt><trkpt lat="37.932430" lon="-122.401551"><ele>13.4</ele></trkpt><trkpt lat="37.932420" lon="-122.401506"><ele>13.3</ele></trkpt><trkpt lat="37.932409" lon="-122.401466"><ele>13.3</ele></trkpt><trkpt lat="37.932380" lon="-122.401389"><ele>13.2</ele></trkpt><trkpt lat="37.932347" lon="-122.401309"><ele>13.1</ele></trkpt><trkpt lat="37.932320" lon="-122.401203"><ele>13.0</ele></trkpt><trkpt lat="37.932301" lon="-122.401093"><ele>12.9</ele></trkpt><trkpt lat="37.932285" lon="-122.400959"><ele>12.8</ele></trkpt><trkpt lat="37.932258" lon="-122.400606"><ele>12.3</ele></trkpt><trkpt lat="37.932247" lon="-122.400466"><ele>12.2</ele></trkpt><trkpt lat="37.932236" lon="-122.400395"><ele>12.1</ele></trkpt><trkpt lat="37.932219" lon="-122.400321"><ele>12.0</ele></trkpt><trkpt lat="37.932208" lon="-122.400260"><ele>11.9</ele></trkpt><trkpt lat="37.932192" lon="-122.400159"><ele>12.1</ele></trkpt><trkpt lat="37.932182" lon="-122.400052"><ele>12.4</ele></trkpt><trkpt lat="37.932177" lon="-122.399963"><ele>12.6</ele></trkpt><trkpt lat="37.932177" lon="-122.399881"><ele>12.8</ele></trkpt><trkpt lat="37.932183" lon="-122.399821"><ele>12.9</ele></trkpt><trkpt lat="37.932220" lon="-122.399449"><ele>13.7</ele></trkpt><trkpt lat="37.932267" lon="-122.399162"><ele>14.2</ele></trkpt><trkpt lat="37.932340" lon="-122.398828"><ele>14.8</ele></trkpt><trkpt lat="37.932448" lon="-122.398370"><ele>15.9</ele></trkpt><trkpt lat="37.932568" lon="-122.397894"><ele>17.2</ele></trkpt><trkpt lat="37.932662" lon="-122.397478"><ele>18.4</ele></trkpt><trkpt lat="37.932721" lon="-122.397151"><ele>19.3</ele></trkpt><trkpt lat="37.932759" lon="-122.396821"><ele>19.8</ele></trkpt><trkpt lat="37.932785" lon="-122.396426"><ele>19.6</ele></trkpt><trkpt lat="37.932787" lon="-122.395941"><ele>19.7</ele></trkpt><trkpt lat="37.932762" lon="-122.395458"><ele>19.6</ele></trkpt><trkpt lat="37.932692" lon="-122.395052"><ele>19.1</ele></trkpt><trkpt lat="37.932606" lon="-122.394543"><ele>18.4</ele></trkpt><trkpt lat="37.932461" lon="-122.394040"><ele>17.2</ele></trkpt><trkpt lat="37.932337" lon="-122.393678"><ele>16.0</ele></trkpt><trkpt lat="37.932047" lon="-122.393005"><ele>13.0</ele></trkpt><trkpt lat="37.931676" lon="-122.392206"><ele>10.3</ele></trkpt><trkpt lat="37.931669" lon="-122.392172"><ele>10.3</ele></trkpt><trkpt lat="37.931666" lon="-122.392121"><ele>10.2</ele></trkpt><trkpt lat="37.931664" lon="-122.392002"><ele>10.0</ele></trkpt><trkpt lat="37.931662" lon="-122.391902"><ele>9.9</ele></trkpt><trkpt lat="37.931659" lon="-122.391860"><ele>9.9</ele></trkpt><trkpt lat="37.931651" lon="-122.391818"><ele>9.8</ele></trkpt><trkpt lat="37.931636" lon="-122.391778"><ele>9.7</ele></trkpt><trkpt lat="37.931616" lon="-122.391742"><ele>9.7</ele></trkpt><trkpt lat="37.931592" lon="-122.391713"><ele>9.7</ele></trkpt><trkpt lat="37.931562" lon="-122.391688"><ele>9.7</ele></trkpt><trkpt lat="37.931525" lon="-122.391671"><ele>9.7</ele></trkpt><trkpt lat="37.931490" lon="-122.391660"><ele>9.6</ele></trkpt><trkpt lat="37.931398" lon="-122.391640"><ele>9.6</ele></trkpt><trkpt lat="37.931090" lon="-122.391703"><ele>9.5</ele></trkpt><trkpt lat="37.930467" lon="-122.392031"><ele>10.5</ele></trkpt><trkpt lat="37.930366" lon="-122.392074"><ele>10.7</ele></trkpt><trkpt lat="37.930287" lon="-122.392109"><ele>10.9</ele></trkpt><trkpt lat="37.930228" lon="-122.392085"><ele>11.1</ele></trkpt><trkpt lat="37.930208" lon="-122.392024"><ele>11.2</ele></trkpt><trkpt lat="37.930075" lon="-122.391683"><ele>12.0</ele></trkpt><trkpt lat="37.929891" lon="-122.391282"><ele>13.2</ele></trkpt><trkpt lat="37.929840" lon="-122.391123"><ele>13.9</ele></trkpt><trkpt lat="37.929747" lon="-122.390953"><ele>14.7</ele></trkpt><trkpt lat="37.929707" lon="-122.390930"><ele>14.9</ele></trkpt><trkpt lat="37.929652" lon="-122.390964"><ele>15.2</ele></trkpt><trkpt lat="37.929462" lon="-122.390442"><ele>16.9</ele></trkpt><trkpt lat="37.929402" lon="-122.390210"><ele>17.5</ele></trkpt><trkpt lat="37.929234" lon="-122.389455"><ele>18.0</ele></trkpt><trkpt lat="37.928956" lon="-122.388157"><ele>14.5</ele></trkpt><trkpt lat="37.928795" lon="-122.387402"><ele>10.6</ele></trkpt><trkpt lat="37.928791" lon="-122.387386"><ele>10.5</ele></trkpt><trkpt lat="37.928745" lon="-122.387160"><ele>9.3</ele></trkpt><trkpt lat="37.928804" lon="-122.387100"><ele>8.8</ele></trkpt><trkpt lat="37.928854" lon="-122.387086"><ele>8.4</ele></trkpt><trkpt lat="37.928887" lon="-122.387073"><ele>8.2</ele></trkpt><trkpt lat="37.928917" lon="-122.387052"><ele>8.1</ele></trkpt><trkpt lat="37.928942" lon="-122.387026"><ele>7.9</ele></trkpt><trkpt lat="37.928958" lon="-122.386997"><ele>7.8</ele></trkpt><trkpt lat="37.928974" lon="-122.386960"><ele>7.6</ele></trkpt><trkpt lat="37.929012" lon="-122.386846"><ele>7.2</ele></trkpt><trkpt lat="37.929013" lon="-122.386810"><ele>7.1</ele></trkpt><trkpt lat="37.929017" lon="-122.386769"><ele>6.9</ele></trkpt><trkpt lat="37.929023" lon="-122.386725"><ele>6.8</ele></trkpt><trkpt lat="37.929030" lon="-122.386640"><ele>6.4</ele></trkpt><trkpt lat="37.929072" lon="-122.386448"><ele>5.8</ele></trkpt><trkpt lat="37.929165" lon="-122.386230"><ele>5.4</ele></trkpt><trkpt lat="37.929252" lon="-122.386085"><ele>5.2</ele></trkpt><trkpt lat="37.929330" lon="-122.385977"><ele>5.0</ele></trkpt><trkpt lat="37.929415" lon="-122.385861"><ele>4.8</ele></trkpt><trkpt lat="37.929509" lon="-122.385744"><ele>4.7</ele></trkpt><trkpt lat="37.929602" lon="-122.385627"><ele>4.5</ele></trkpt><trkpt lat="37.929683" lon="-122.385521"><ele>4.4</ele></trkpt><trkpt lat="37.929774" lon="-122.385401"><ele>4.2</ele></trkpt><trkpt lat="37.929863" lon="-122.385280"><ele>3.9</ele></trkpt><trkpt lat="37.930038" lon="-122.385039"><ele>3.3</ele></trkpt><trkpt lat="37.930062" lon="-122.385008"><ele>3.3</ele></trkpt><trkpt lat="37.930090" lon="-122.384972"><ele>3.2</ele></trkpt><trkpt lat="37.930119" lon="-122.384938"><ele>3.1</ele></trkpt><trkpt lat="37.930193" lon="-122.384846"><ele>3.0</ele></trkpt><trkpt lat="37.930225" lon="-122.384805"><ele>3.0</ele></trkpt><trkpt lat="37.930260" lon="-122.384761"><ele>2.9</ele></trkpt><trkpt lat="37.930306" lon="-122.384697"><ele>2.9</ele></trkpt><trkpt lat="37.930623" lon="-122.384249"><ele>2.8</ele></trkpt><trkpt lat="37.930911" lon="-122.383828"><ele>3.0</ele></trkpt><trkpt lat="37.931074" lon="-122.383628"><ele>3.0</ele></trkpt><trkpt lat="37.931182" lon="-122.383521"><ele>3.0</ele></trkpt><trkpt lat="37.931230" lon="-122.383469"><ele>3.0</ele></trkpt><trkpt lat="37.931275" lon="-122.383422"><ele>3.0</ele></trkpt><trkpt lat="37.931334" lon="-122.383360"><ele>2.9</ele></trkpt><trkpt lat="37.931395" lon="-122.383301"><ele>2.7</ele></trkpt><trkpt lat="37.931465" lon="-122.383235"><ele>2.6</ele></trkpt><trkpt lat="37.931536" lon="-122.383170"><ele>2.4</ele></trkpt><trkpt lat="37.932199" lon="-122.382571"><ele>1.5</ele></trkpt><trkpt lat="37.932914" lon="-122.381928"><ele>1.1</ele></trkpt><trkpt lat="37.933052" lon="-122.381804"><ele>1.0</ele></trkpt><trkpt lat="37.933685" lon="-122.381233"><ele>1.8</ele></trkpt><trkpt lat="37.933928" lon="-122.381013"><ele>2.1</ele></trkpt><trkpt lat="37.933999" lon="-122.381140"><ele>1.9</ele></trkpt><trkpt lat="37.934213" lon="-122.381645"><ele>1.5</ele></trkpt><trkpt lat="37.934410" lon="-122.381510"><ele>1.5</ele></trkpt><trkpt lat="37.935562" lon="-122.380748"><ele>0.4</ele></trkpt><trkpt lat="37.936336" lon="-122.380226"><ele>-0.3</ele></trkpt><trkpt lat="37.936549" lon="-122.380092"><ele>-0.3</ele></trkpt><trkpt lat="37.936726" lon="-122.380052"><ele>-0.3</ele></trkpt><trkpt lat="37.936802" lon="-122.380055"><ele>-0.3</ele></trkpt><trkpt lat="37.937108" lon="-122.380050"><ele>-0.3</ele></trkpt><trkpt lat="37.937188" lon="-122.380187"><ele>-0.1</ele></trkpt><trkpt lat="37.937221" lon="-122.380233"><ele>-0.1</ele></trkpt><trkpt lat="37.937228" lon="-122.380514"><ele>0.2</ele></trkpt><trkpt lat="37.937223" lon="-122.380821"><ele>0.4</ele></trkpt><trkpt lat="37.937202" lon="-122.381185"><ele>0.8</ele></trkpt><trkpt lat="37.937200" lon="-122.381478"><ele>1.2</ele></trkpt><trkpt lat="37.937200" lon="-122.381538"><ele>1.3</ele></trkpt><trkpt lat="37.937189" lon="-122.381790"><ele>1.7</ele></trkpt><trkpt lat="37.937216" lon="-122.381873"><ele>1.9</ele></trkpt><trkpt lat="37.937250" lon="-122.381873"><ele>2.0</ele></trkpt><trkpt lat="37.937288" lon="-122.381870"><ele>2.1</ele></trkpt><trkpt lat="37.937363" lon="-122.381870"><ele>2.2</ele></trkpt><trkpt lat="37.937408" lon="-122.381861"><ele>2.2</ele></trkpt><trkpt lat="37.937379" lon="-122.382778"><ele>2.9</ele></trkpt><trkpt lat="37.937367" lon="-122.383555"><ele>2.9</ele></trkpt><trkpt lat="37.937333" lon="-122.384387"><ele>2.2</ele></trkpt><trkpt lat="37.937302" lon="-122.384926"><ele>2.1</ele></trkpt><trkpt lat="37.937570" lon="-122.384941"><ele>2.1</ele></trkpt><trkpt lat="37.937302" lon="-122.384926"><ele>2.1</ele></trkpt><trkpt lat="37.937333" lon="-122.384387"><ele>2.4</ele></trkpt><trkpt lat="37.937367" lon="-122.383555"><ele>2.9</ele></trkpt><trkpt lat="37.937379" lon="-122.382778"><ele>3.0</ele></trkpt><trkpt lat="37.937408" lon="-122.381861"><ele>2.3</ele></trkpt><trkpt lat="37.937363" lon="-122.381870"><ele>2.2</ele></trkpt><trkpt lat="37.937288" lon="-122.381870"><ele>2.0</ele></trkpt><trkpt lat="37.937250" lon="-122.381873"><ele>1.9</ele></trkpt><trkpt lat="37.937216" lon="-122.381873"><ele>1.9</ele></trkpt><trkpt lat="37.937189" lon="-122.381790"><ele>1.7</ele></trkpt><trkpt lat="37.937200" lon="-122.381538"><ele>1.2</ele></trkpt><trkpt lat="37.937200" lon="-122.381478"><ele>1.2</ele></trkpt><trkpt lat="37.937202" lon="-122.381185"><ele>0.8</ele></trkpt><trkpt lat="37.937223" lon="-122.380821"><ele>0.3</ele></trkpt><trkpt lat="37.937228" lon="-122.380514"><ele>0.0</ele></trkpt><trkpt lat="37.937221" lon="-122.380233"><ele>-0.2</ele></trkpt><trkpt lat="37.937188" lon="-122.380187"><ele>-0.3</ele></trkpt><trkpt lat="37.937108" lon="-122.380050"><ele>-0.3</ele></trkpt><trkpt lat="37.936802" lon="-122.380055"><ele>-0.3</ele></trkpt><trkpt lat="37.936726" lon="-122.380052"><ele>-0.3</ele></trkpt><trkpt lat="37.936549" lon="-122.380092"><ele>-0.4</ele></trkpt><trkpt lat="37.936336" lon="-122.380226"><ele>-0.5</ele></trkpt><trkpt lat="37.935562" lon="-122.380748"><ele>0.3</ele></trkpt><trkpt lat="37.934410" lon="-122.381510"><ele>1.1</ele></trkpt><trkpt lat="37.934213" lon="-122.381645"><ele>0.9</ele></trkpt><trkpt lat="37.933999" lon="-122.381140"><ele>0.9</ele></trkpt><trkpt lat="37.933928" lon="-122.381013"><ele>1.0</ele></trkpt><trkpt lat="37.934983" lon="-122.380132"><ele>1.8</ele></trkpt><trkpt lat="37.935630" lon="-122.379657"><ele>3.0</ele></trkpt><trkpt lat="37.936210" lon="-122.379263"><ele>3.6</ele></trkpt><trkpt lat="37.937070" lon="-122.378719"><ele>2.8</ele></trkpt><trkpt lat="37.937769" lon="-122.378235"><ele>2.1</ele></trkpt><trkpt lat="37.939526" lon="-122.377043"><ele>2.1</ele></trkpt><trkpt lat="37.939875" lon="-122.376799"><ele>1.4</ele></trkpt><trkpt lat="37.940974" lon="-122.376029"><ele>0.3</ele></trkpt><trkpt lat="37.941317" lon="-122.375784"><ele>0.1</ele></trkpt><trkpt lat="37.941677" lon="-122.375527"><ele>0.2</ele></trkpt><trkpt lat="37.941858" lon="-122.375387"><ele>0.3</ele></trkpt><trkpt lat="37.946363" lon="-122.372175"><ele>1.4</ele></trkpt><trkpt lat="37.946699" lon="-122.371896"><ele>0.8</ele></trkpt><trkpt lat="37.946946" lon="-122.371654"><ele>0.7</ele></trkpt><trkpt lat="37.946860" lon="-122.371556"><ele>0.6</ele></trkpt><trkpt lat="37.946699" lon="-122.371401"><ele>0.7</ele></trkpt><trkpt lat="37.946500" lon="-122.371283"><ele>0.9</ele></trkpt><trkpt lat="37.946411" lon="-122.371248"><ele>0.9</ele></trkpt><trkpt lat="37.946267" lon="-122.371184"><ele>1.1</ele></trkpt><trkpt lat="37.946132" lon="-122.371110"><ele>1.2</ele></trkpt><trkpt lat="37.945995" lon="-122.371001"><ele>1.4</ele></trkpt><trkpt lat="37.945870" lon="-122.370823"><ele>1.6</ele></trkpt><trkpt lat="37.945781" lon="-122.370625"><ele>1.8</ele></trkpt><trkpt lat="37.945730" lon="-122.370386"><ele>2.1</ele></trkpt><trkpt lat="37.945717" lon="-122.370271"><ele>2.2</ele></trkpt><trkpt lat="37.945683" lon="-122.369975"><ele>2.4</ele></trkpt><trkpt lat="37.945674" lon="-122.369892"><ele>2.5</ele></trkpt><trkpt lat="37.945607" lon="-122.369293"><ele>2.7</ele></trkpt><trkpt lat="37.945587" lon="-122.369117"><ele>2.7</ele></trkpt><trkpt lat="37.945577" lon="-122.369024"><ele>2.7</ele></trkpt><trkpt lat="37.945540" lon="-122.368701"><ele>2.5</ele></trkpt><trkpt lat="37.945511" lon="-122.368439"><ele>2.3</ele></trkpt><trkpt lat="37.945477" lon="-122.368140"><ele>2.0</ele></trkpt><trkpt lat="37.945474" lon="-122.368110"><ele>2.0</ele></trkpt><trkpt lat="37.945398" lon="-122.367433"><ele>1.4</ele></trkpt><trkpt lat="37.945418" lon="-122.367210"><ele>1.2</ele></trkpt><trkpt lat="37.945472" lon="-122.367055"><ele>1.0</ele></trkpt><trkpt lat="37.945554" lon="-122.366944"><ele>0.9</ele></trkpt><trkpt lat="37.945885" lon="-122.366611"><ele>1.4</ele></trkpt><trkpt lat="37.946004" lon="-122.366491"><ele>1.5</ele></trkpt><trkpt lat="37.946058" lon="-122.366437"><ele>1.5</ele></trkpt><trkpt lat="37.946303" lon="-122.366189"><ele>1.5</ele></trkpt><trkpt lat="37.946406" lon="-122.366086"><ele>1.6</ele></trkpt><trkpt lat="37.946508" lon="-122.365991"><ele>1.9</ele></trkpt><trkpt lat="37.946572" lon="-122.365924"><ele>2.1</ele></trkpt><trkpt lat="37.946654" lon="-122.365837"><ele>2.3</ele></trkpt><trkpt lat="37.946875" lon="-122.365604"><ele>2.8</ele></trkpt><trkpt lat="37.947164" lon="-122.365300"><ele>3.3</ele></trkpt><trkpt lat="37.947400" lon="-122.365050"><ele>4.0</ele></trkpt><trkpt lat="37.947510" lon="-122.364934"><ele>4.4</ele></trkpt><trkpt lat="37.947599" lon="-122.364840"><ele>4.8</ele></trkpt><trkpt lat="37.947715" lon="-122.364718"><ele>5.1</ele></trkpt><trkpt lat="37.948167" lon="-122.364241"><ele>6.4</ele></trkpt><trkpt lat="37.947793" lon="-122.363539"><ele>7.6</ele></trkpt><trkpt lat="37.947530" lon="-122.363047"><ele>7.9</ele></trkpt><trkpt lat="37.947428" lon="-122.362901"><ele>7.9</ele></trkpt><trkpt lat="37.947327" lon="-122.362807"><ele>7.9</ele></trkpt><trkpt lat="37.947198" lon="-122.362730"><ele>7.7</ele></trkpt><trkpt lat="37.947022" lon="-122.362721"><ele>7.2</ele></trkpt><trkpt lat="37.946273" lon="-122.362723"><ele>5.6</ele></trkpt><trkpt lat="37.946149" lon="-122.362723"><ele>5.5</ele></trkpt><trkpt lat="37.946044" lon="-122.362724"><ele>5.4</ele></trkpt><trkpt lat="37.944669" lon="-122.362743"><ele>5.4</ele></trkpt><trkpt lat="37.944585" lon="-122.362715"><ele>5.5</ele></trkpt><trkpt lat="37.944445" lon="-122.362670"><ele>5.6</ele></trkpt><trkpt lat="37.944286" lon="-122.362638"><ele>5.8</ele></trkpt><trkpt lat="37.944158" lon="-122.362613"><ele>6.0</ele></trkpt><trkpt lat="37.942903" lon="-122.362621"><ele>5.4</ele></trkpt><trkpt lat="37.942725" lon="-122.362618"><ele>5.2</ele></trkpt><trkpt lat="37.942706" lon="-122.362618"><ele>5.2</ele></trkpt><trkpt lat="37.942630" lon="-122.362617"><ele>5.1</ele></trkpt><trkpt lat="37.942556" lon="-122.362616"><ele>5.0</ele></trkpt><trkpt lat="37.942500" lon="-122.362617"><ele>5.0</ele></trkpt><trkpt lat="37.942384" lon="-122.362620"><ele>4.9</ele></trkpt><trkpt lat="37.941837" lon="-122.362619"><ele>4.9</ele></trkpt><trkpt lat="37.941762" lon="-122.362623"><ele>4.9</ele></trkpt><trkpt lat="37.941753" lon="-122.362548"><ele>4.9</ele></trkpt><trkpt lat="37.941752" lon="-122.362535"><ele>4.9</ele></trkpt><trkpt lat="37.941750" lon="-122.361836"><ele>4.9</ele></trkpt><trkpt lat="37.941750" lon="-122.361756"><ele>4.9</ele></trkpt><trkpt lat="37.941703" lon="-122.361758"><ele>4.9</ele></trkpt><trkpt lat="37.941141" lon="-122.361781"><ele>5.2</ele></trkpt><trkpt lat="37.941085" lon="-122.361784"><ele>5.3</ele></trkpt><trkpt lat="37.941022" lon="-122.361784"><ele>5.4</ele></trkpt><trkpt lat="37.940439" lon="-122.361796"><ele>5.8</ele></trkpt><trkpt lat="37.940430" lon="-122.361796"><ele>5.8</ele></trkpt><trkpt lat="37.940356" lon="-122.361798"><ele>5.8</ele></trkpt><trkpt lat="37.940290" lon="-122.361799"><ele>5.8</ele></trkpt><trkpt lat="37.940268" lon="-122.361800"><ele>5.8</ele></trkpt><trkpt lat="37.939657" lon="-122.361801"><ele>6.3</ele></trkpt><trkpt lat="37.939192" lon="-122.361813"><ele>6.8</ele></trkpt><trkpt lat="37.938867" lon="-122.361825"><ele>7.2</ele></trkpt><trkpt lat="37.938702" lon="-122.361832"><ele>7.3</ele></trkpt><trkpt lat="37.938575" lon="-122.361836"><ele>7.2</ele></trkpt><trkpt lat="37.938506" lon="-122.361839"><ele>7.2</ele></trkpt><trkpt lat="37.938356" lon="-122.361860"><ele>7.1</ele></trkpt><trkpt lat="37.938356" lon="-122.361766"><ele>7.1</ele></trkpt><trkpt lat="37.938357" lon="-122.360755"><ele>7.3</ele></trkpt><trkpt lat="37.938357" lon="-122.360660"><ele>7.3</ele></trkpt><trkpt lat="37.938357" lon="-122.360208"><ele>7.3</ele></trkpt><trkpt lat="37.938359" lon="-122.360113"><ele>7.3</ele></trkpt><trkpt lat="37.938361" lon="-122.359999"><ele>7.3</ele></trkpt><trkpt lat="37.938357" lon="-122.359899"><ele>7.3</ele></trkpt><trkpt lat="37.938358" lon="-122.359384"><ele>7.4</ele></trkpt><trkpt lat="37.938359" lon="-122.359131"><ele>7.5</ele></trkpt><trkpt lat="37.938359" lon="-122.358529"><ele>8.7</ele></trkpt><trkpt lat="37.938360" lon="-122.358172"><ele>9.6</ele></trkpt><trkpt lat="37.938360" lon="-122.358075"><ele>9.7</ele></trkpt><trkpt lat="37.938360" lon="-122.357993"><ele>9.8</ele></trkpt><trkpt lat="37.938361" lon="-122.356510"><ele>12.9</ele></trkpt><trkpt lat="37.938362" lon="-122.356316"><ele>13.2</ele></trkpt><trkpt lat="37.938362" lon="-122.356195"><ele>13.4</ele></trkpt><trkpt lat="37.938286" lon="-122.356196"><ele>13.5</ele></trkpt><trkpt lat="37.938018" lon="-122.356200"><ele>13.6</ele></trkpt><trkpt lat="37.937585" lon="-122.356206"><ele>13.2</ele></trkpt><trkpt lat="37.937112" lon="-122.356201"><ele>12.3</ele></trkpt><trkpt lat="37.936937" lon="-122.356200"><ele>12.1</ele></trkpt><trkpt lat="37.936883" lon="-122.356199"><ele>12.0</ele></trkpt><trkpt lat="37.936847" lon="-122.356198"><ele>12.0</ele></trkpt><trkpt lat="37.936836" lon="-122.355227"><ele>9.9</ele></trkpt><trkpt lat="37.936838" lon="-122.354406"><ele>9.3</ele></trkpt><trkpt lat="37.936838" lon="-122.354281"><ele>9.3</ele></trkpt><trkpt lat="37.936887" lon="-122.354187"><ele>9.2</ele></trkpt><trkpt lat="37.936899" lon="-122.354163"><ele>9.2</ele></trkpt><trkpt lat="37.936830" lon="-122.353780"><ele>9.1</ele></trkpt><trkpt lat="37.936831" lon="-122.353600"><ele>9.1</ele></trkpt></trkseg></trk>
</gpx>