<?xml version="1.0" encoding="UTF-8"?>
<gpx version="1.1" creator="north-bay-planning" xmlns="http://www.topografix.com/GPX/1/1">
<metadata><name>Two bridges</name><desc>Embarcadero BART over the Golden Gate and Richmond bridges to Richmond Amtrak</desc></metadata>
<trk><name>Two bridges</name><trkseg><trkpt lat="37.792869" lon="-122.396860"><ele>34.1</ele></trkpt><trkpt lat="37.792579" lon="-122.397225"><ele>41.3</ele></trkpt><trkpt lat="37.792575" lon="-122.397264"><ele>41.9</ele></trkpt><trkpt lat="37.792558" lon="-122.397431"><ele>43.9</ele></trkpt><trkpt lat="37.792554" lon="-122.397473"><ele>44.2</ele></trkpt><trkpt lat="37.792544" lon="-122.397602"><ele>45.1</ele></trkpt><trkpt lat="37.792514" lon="-122.397832"><ele>46.8</ele></trkpt><trkpt lat="37.792486" lon="-122.398051"><ele>48.3</ele></trkpt><trkpt lat="37.792458" lon="-122.398271"><ele>48.7</ele></trkpt><trkpt lat="37.792431" lon="-122.398484"><ele>49.0</ele></trkpt><trkpt lat="37.792426" lon="-122.398516"><ele>49.1</ele></trkpt><trkpt lat="37.792413" lon="-122.398610"><ele>49.2</ele></trkpt><trkpt lat="37.792399" lon="-122.398719"><ele>49.3</ele></trkpt><trkpt lat="37.792334" lon="-122.399223"><ele>54.2</ele></trkpt><trkpt lat="37.792305" lon="-122.399445"><ele>56.1</ele></trkpt><trkpt lat="37.792278" lon="-122.399655"><ele>56.3</ele></trkpt><trkpt lat="37.792274" lon="-122.399686"><ele>56.3</ele></trkpt><trkpt lat="37.792261" lon="-122.399785"><ele>56.4</ele></trkpt><trkpt lat="37.792248" lon="-122.399888"><ele>56.5</ele></trkpt><trkpt lat="37.792219" lon="-122.400115"><ele>56.5</ele></trkpt><trkpt lat="37.792127" lon="-122.400869"><ele>52.9</ele></trkpt><trkpt lat="37.792116" lon="-122.400959"><ele>52.5</ele></trkpt><trkpt lat="37.792191" lon="-122.400974"><ele>52.2</ele></trkpt><trkpt lat="37.792367" lon="-122.401010"><ele>51.2</ele></trkpt><trkpt lat="37.792979" lon="-122.401134"><ele>52.8</ele></trkpt><trkpt lat="37.793058" lon="-122.401150"><ele>52.7</ele></trkpt><trkpt lat="37.793067" lon="-122.401152"><ele>52.6</ele></trkpt><trkpt lat="37.793085" lon="-122.401156"><ele>52.4</ele></trkpt><trkpt lat="37.793158" lon="-122.401170"><ele>51.5</ele></trkpt><trkpt lat="37.793196" lon="-122.401178"><ele>51.1</ele></trkpt><trkpt lat="37.793299" lon="-122.401198"><ele>50.0</ele></trkpt><trkpt lat="37.793471" lon="-122.401233"><ele>48.1</ele></trkpt><trkpt lat="37.793547" lon="-122.401248"><ele>47.2</ele></trkpt><trkpt lat="37.793702" lon="-122.401278"><ele>45.6</ele></trkpt><trkpt lat="37.793908" lon="-122.401319"><ele>43.5</ele></trkpt><trkpt lat="37.793944" lon="-122.401327"><ele>43.1</ele></trkpt><trkpt lat="37.793996" lon="-122.401337"><ele>42.6</ele></trkpt><trkpt lat="37.794056" lon="-122.401350"><ele>41.9</ele></trkpt><trkpt lat="37.794374" lon="-122.401415"><ele>38.7</ele></trkpt><trkpt lat="37.794433" lon="-122.401427"><ele>38.0</ele></trkpt><trkpt lat="37.794536" lon="-122.401449"><ele>37.0</ele></trkpt><trkpt lat="37.794603" lon="-122.401462"><ele>36.3</ele></trkpt><trkpt lat="37.794695" lon="-122.401482"><ele>35.1</ele></trkpt><trkpt lat="37.794770" lon="-122.401497"><ele>34.0</ele></trkpt><trkpt lat="37.794856" lon="-122.401516"><ele>32.8</ele></trkpt><trkpt lat="37.794937" lon="-122.401532"><ele>31.6</ele></trkpt><trkpt lat="37.795049" lon="-122.401555"><ele>30.0</ele></trkpt><trkpt lat="37.795239" lon="-122.401595"><ele>27.6</ele></trkpt><trkpt lat="37.795321" lon="-122.401612"><ele>26.8</ele></trkpt><trkpt lat="37.795652" lon="-122.401680"><ele>23.5</ele></trkpt><trkpt lat="37.795725" lon="-122.401694"><ele>22.8</ele></trkpt><trkpt lat="37.795712" lon="-122.401801"><ele>22.1</ele></trkpt><trkpt lat="37.795688" lon="-122.402044"><ele>20.7</ele></trkpt><trkpt lat="37.795682" lon="-122.402100"><ele>20.4</ele></trkpt><trkpt lat="37.795607" lon="-122.402744"><ele>18.2</ele></trkpt><trkpt lat="37.795546" lon="-122.403238"><ele>17.3</ele></trkpt><trkpt lat="37.795535" lon="-122.403327"><ele>17.1</ele></trkpt><trkpt lat="37.795661" lon="-122.403475"><ele>16.7</ele></trkpt><trkpt lat="37.795757" lon="-122.403619"><ele>16.5</ele></trkpt><trkpt lat="37.795849" lon="-122.403752"><ele>16.9</ele></trkpt><trkpt lat="37.796074" lon="-122.404081"><ele>17.9</ele></trkpt><trkpt lat="37.796085" lon="-122.404097"><ele>17.9</ele></trkpt><trkpt lat="37.796144" lon="-122.404184"><ele>18.0</ele></trkpt><trkpt lat="37.796183" lon="-122.404242"><ele>18.1</ele></trkpt><trkpt lat="37.796264" lon="-122.404357"><ele>18.1</ele></trkpt><trkpt lat="37.796308" lon="-122.404428"><ele>18.2</ele></trkpt><trkpt lat="37.796358" lon="-122.404503"><ele>18.2</ele></trkpt><trkpt lat="37.796384" lon="-122.404543"><ele>18.2</ele></trkpt><trkpt lat="37.796724" lon="-122.405036"><ele>19.3</ele></trkpt><trkpt lat="37.796823" lon="-122.405180"><ele>19.7</ele></trkpt><trkpt lat="37.796894" lon="-122.405282"><ele>20.2</ele></trkpt><trkpt lat="37.797072" lon="-122.405542"><ele>21.6</ele></trkpt><trkpt lat="37.797157" lon="-122.405665"><ele>22.2</ele></trkpt><trkpt lat="37.797254" lon="-122.405805"><ele>22.6</ele></trkpt><trkpt lat="37.797516" lon="-122.406184"><ele>23.5</ele></trkpt><trkpt lat="37.797549" lon="-122.406198"><ele>23.5</ele></trkpt><trkpt lat="37.797579" lon="-122.406222"><ele>23.6</ele></trkpt><trkpt lat="37.797807" lon="-122.406532"><ele>24.2</ele></trkpt><trkpt lat="37.797875" lon="-122.406634"><ele>24.3</ele></trkpt><trkpt lat="37.797972" lon="-122.406777"><ele>25.0</ele></trkpt><trkpt lat="37.798074" lon="-122.406916"><ele>25.8</ele></trkpt><trkpt lat="37.798098" lon="-122.406962"><ele>26.0</ele></trkpt><trkpt lat="37.798112" lon="-122.407002"><ele>26.2</ele></trkpt><trkpt lat="37.798116" lon="-122.407011"><ele>26.2</ele></trkpt><trkpt lat="37.798133" lon="-122.407075"><ele>26.5</ele></trkpt><trkpt lat="37.798229" lon="-122.407211"><ele>27.2</ele></trkpt><trkpt lat="37.798630" lon="-122.407807"><ele>29.2</ele></trkpt><trkpt lat="37.798696" lon="-122.407889"><ele>29.4</ele></trkpt><trkpt lat="37.798770" lon="-122.407986"><ele>29.6</ele></trkpt><trkpt lat="37.799217" lon="-122.408639"><ele>30.4</ele></trkpt><trkpt lat="37.799284" lon="-122.408734"><ele>30.5</ele></trkpt><trkpt lat="37.799337" lon="-122.408810"><ele>30.3</ele></trkpt><trkpt lat="37.799487" lon="-122.409001"><ele>30.0</ele></trkpt><trkpt lat="37.799559" lon="-122.409040"><ele>29.9</ele></trkpt><trkpt lat="37.799620" lon="-122.409133"><ele>29.7</ele></trkpt><trkpt lat="37.799673" lon="-122.409217"><ele>29.6</ele></trkpt><trkpt lat="37.800262" lon="-122.410059"><ele>28.7</ele></trkpt><trkpt lat="37.800326" lon="-122.410151"><ele>28.7</ele></trkpt><trkpt lat="37.800314" lon="-122.410286"><ele>28.7</ele></trkpt><trkpt lat="37.800305" lon="-122.410393"><ele>28.8</ele></trkpt><trkpt lat="37.800280" lon="-122.410576"><ele>29.1</ele></trkpt><trkpt lat="37.800260" lon="-122.410746"><ele>29.3</ele></trkpt><trkpt lat="37.800244" lon="-122.410851"><ele>29.5</ele></trkpt><trkpt lat="37.800234" lon="-122.410937"><ele>29.6</ele></trkpt><trkpt lat="37.800142" lon="-122.411654"><ele>33.2</ele></trkpt><trkpt lat="37.800052" lon="-122.412367"><ele>39.2</ele></trkpt><trkpt lat="37.800049" lon="-122.412387"><ele>39.4</ele></trkpt><trkpt lat="37.800039" lon="-122.412463"><ele>40.0</ele></trkpt><trkpt lat="37.800037" lon="-122.412483"><ele>40.2</ele></trkpt><trkpt lat="37.800034" lon="-122.412507"><ele>40.4</ele></trkpt><trkpt lat="37.800027" lon="-122.412574"><ele>41.1</ele></trkpt><trkpt lat="37.800014" lon="-122.412665"><ele>41.9</ele></trkpt><trkpt lat="37.799965" lon="-122.413053"><ele>45.5</ele></trkpt><trkpt lat="37.799955" lon="-122.413126"><ele>46.3</ele></trkpt><trkpt lat="37.799848" lon="-122.413979"><ele>55.4</ele></trkpt><trkpt lat="37.799845" lon="-122.414001"><ele>55.6</ele></trkpt><trkpt lat="37.799840" lon="-122.414038"><ele>56.1</ele></trkpt><trkpt lat="37.799829" lon="-122.414131"><ele>57.1</ele></trkpt><trkpt lat="37.799816" lon="-122.414227"><ele>58.2</ele></trkpt><trkpt lat="37.799812" lon="-122.414261"><ele>58.6</ele></trkpt><trkpt lat="37.799810" lon="-122.414279"><ele>58.8</ele></trkpt><trkpt lat="37.799690" lon="-122.415223"><ele>69.5</ele></trkpt><trkpt lat="37.799639" lon="-122.415624"><ele>73.9</ele></trkpt><trkpt lat="37.799637" lon="-122.415646"><ele>74.1</ele></trkpt><trkpt lat="37.799634" lon="-122.415665"><ele>74.3</ele></trkpt><trkpt lat="37.799621" lon="-122.415774"><ele>75.4</ele></trkpt><trkpt lat="37.799609" lon="-122.415864"><ele>76.3</ele></trkpt><trkpt lat="37.799605" lon="-122.415901"><ele>76.7</ele></trkpt><trkpt lat="37.799600" lon="-122.415936"><ele>77.1</ele></trkpt><trkpt lat="37.799524" lon="-122.416540"><ele>82.5</ele></trkpt><trkpt lat="37.799429" lon="-122.417294"><ele>86.7</ele></trkpt><trkpt lat="37.799429" lon="-122.417317"><ele>86.8</ele></trkpt><trkpt lat="37.799413" lon="-122.417422"><ele>87.2</ele></trkpt><trkpt lat="37.799401" lon="-122.417511"><ele>87.5</ele></trkpt><trkpt lat="37.799397" lon="-122.417544"><ele>87.6</ele></trkpt><trkpt lat="37.799395" lon="-122.417560"><ele>87.7</ele></trkpt><trkpt lat="37.799378" lon="-122.417700"><ele>88.1</ele></trkpt><trkpt lat="37.799309" lon="-122.418246"><ele>87.6</ele></trkpt><trkpt lat="37.799220" lon="-122.418945"><ele>85.3</ele></trkpt><trkpt lat="37.799218" lon="-122.418967"><ele>85.2</ele></trkpt><trkpt lat="37.799207" lon="-122.419048"><ele>84.9</ele></trkpt><trkpt lat="37.799205" lon="-122.419065"><ele>84.8</ele></trkpt><trkpt lat="37.799203" lon="-122.419084"><ele>84.6</ele></trkpt><trkpt lat="37.799195" lon="-122.419155"><ele>84.2</ele></trkpt><trkpt lat="37.799188" lon="-122.419204"><ele>83.9</ele></trkpt><trkpt lat="37.799074" lon="-122.420101"><ele>77.2</ele></trkpt><trkpt lat="37.799041" lon="-122.420361"><ele>75.0</ele></trkpt><trkpt lat="37.799040" lon="-122.420374"><ele>74.8</ele></trkpt><trkpt lat="37.799013" lon="-122.420587"><ele>72.7</ele></trkpt><trkpt lat="37.799010" lon="-122.420608"><ele>72.4</ele></trkpt><trkpt lat="37.799008" lon="-122.420622"><ele>72.3</ele></trkpt><trkpt lat="37.798986" lon="-122.420709"><ele>71.4</ele></trkpt><trkpt lat="37.798965" lon="-122.420789"><ele>70.5</ele></trkpt><trkpt lat="37.798963" lon="-122.420799"><ele>70.4</ele></trkpt><trkpt lat="37.798782" lon="-122.422239"><ele>55.5</ele></trkpt><trkpt lat="37.798766" lon="-122.422355"><ele>54.2</ele></trkpt><trkpt lat="37.798753" lon="-122.422454"><ele>53.0</ele></trkpt><trkpt lat="37.798749" lon="-122.422491"><ele>52.6</ele></trkpt><trkpt lat="37.798731" lon="-122.422631"><ele>50.9</ele></trkpt><trkpt lat="37.798582" lon="-122.423811"><ele>39.4</ele></trkpt><trkpt lat="37.798571" lon="-122.423896"><ele>38.8</ele></trkpt><trkpt lat="37.798557" lon="-122.424003"><ele>38.1</ele></trkpt><trkpt lat="37.798544" lon="-122.424106"><ele>37.4</ele></trkpt><trkpt lat="37.798533" lon="-122.424197"><ele>36.7</ele></trkpt><trkpt lat="37.798528" lon="-122.424237"><ele>36.5</ele></trkpt><trkpt lat="37.798500" lon="-122.424457"><ele>35.1</ele></trkpt><trkpt lat="37.798486" lon="-122.424572"><ele>34.5</ele></trkpt><trkpt lat="37.798408" lon="-122.425184"><ele>31.8</ele></trkpt><trkpt lat="37.798362" lon="-122.425541"><ele>31.2</ele></trkpt><trkpt lat="37.798349" lon="-122.425644"><ele>31.0</ele></trkpt><trkpt lat="37.798334" lon="-122.425763"><ele>30.8</ele></trkpt><trkpt lat="37.798218" lon="-122.426679"><ele>30.9</ele></trkpt><trkpt lat="37.798193" lon="-122.426882"><ele>31.0</ele></trkpt><trkpt lat="37.798162" lon="-122.427116"><ele>31.1</ele></trkpt><trkpt lat="37.798152" lon="-122.427195"><ele>31.1</ele></trkpt><trkpt lat="37.798140" lon="-122.427288"><ele>31.1</ele></trkpt><trkpt lat="37.798129" lon="-122.427376"><ele>31.1</ele></trkpt><trkpt lat="37.798125" lon="-122.427408"><ele>31.1</ele></trkpt><trkpt lat="37.798094" lon="-122.427667"><ele>31.1</ele></trkpt><trkpt lat="37.797946" lon="-122.428818"><ele>31.5</ele></trkpt><trkpt lat="37.797944" lon="-122.428835"><ele>31.5</ele></trkpt><trkpt lat="37.797931" lon="-122.428932"><ele>31.3</ele></trkpt><trkpt lat="37.797920" lon="-122.429021"><ele>31.2</ele></trkpt><trkpt lat="37.797916" lon="-122.429056"><ele>31.2</ele></trkpt><trkpt lat="37.797778" lon="-122.430127"><ele>28.8</ele></trkpt><trkpt lat="37.797737" lon="-122.430463"><ele>28.1</ele></trkpt><trkpt lat="37.797735" lon="-122.430479"><ele>28.0</ele></trkpt><trkpt lat="37.797722" lon="-122.430575"><ele>27.9</ele></trkpt><trkpt lat="37.797711" lon="-122.430668"><ele>27.8</ele></trkpt><trkpt lat="37.797706" lon="-122.430702"><ele>27.7</ele></trkpt><trkpt lat="37.797661" lon="-122.431056"><ele>27.2</ele></trkpt><trkpt lat="37.797612" lon="-122.431446"><ele>26.6</ele></trkpt><trkpt lat="37.797571" lon="-122.431765"><ele>26.0</ele></trkpt><trkpt lat="37.797527" lon="-122.432112"><ele>25.8</ele></trkpt><trkpt lat="37.797525" lon="-122.432128"><ele>25.8</ele></trkpt><trkpt lat="37.797513" lon="-122.432220"><ele>25.7</ele></trkpt><trkpt lat="37.797501" lon="-122.432315"><ele>25.7</ele></trkpt><trkpt lat="37.797497" lon="-122.432350"><ele>25.7</ele></trkpt><trkpt lat="37.797453" lon="-122.432700"><ele>25.6</ele></trkpt><trkpt lat="37.797448" lon="-122.432741"><ele>25.6</ele></trkpt><trkpt lat="37.797440" lon="-122.432802"><ele>25.6</ele></trkpt><trkpt lat="37.797322" lon="-122.433728"><ele>25.9</ele></trkpt><trkpt lat="37.797319" lon="-122.433755"><ele>25.9</ele></trkpt><trkpt lat="37.797317" lon="-122.433767"><ele>25.9</ele></trkpt><trkpt lat="37.797305" lon="-122.433865"><ele>25.9</ele></trkpt><trkpt lat="37.797292" lon="-122.433964"><ele>26.0</ele></trkpt><trkpt lat="37.797289" lon="-122.433987"><ele>26.0</ele></trkpt><trkpt lat="37.797286" lon="-122.434012"><ele>26.0</ele></trkpt><trkpt lat="37.797145" lon="-122.435121"><ele>25.9</ele></trkpt><trkpt lat="37.797137" lon="-122.435182"><ele>25.9</ele></trkpt><trkpt lat="37.797108" lon="-122.435411"><ele>25.5</ele></trkpt><trkpt lat="37.797096" lon="-122.435509"><ele>25.3</ele></trkpt><trkpt lat="37.797083" lon="-122.435607"><ele>25.1</ele></trkpt><trkpt lat="37.797054" lon="-122.435837"><ele>24.7</ele></trkpt><trkpt lat="37.797027" lon="-122.436046"><ele>24.3</ele></trkpt><trkpt lat="37.796898" lon="-122.437058"><ele>21.9</ele></trkpt><trkpt lat="37.796886" lon="-122.437152"><ele>21.7</ele></trkpt><trkpt lat="37.796967" lon="-122.437168"><ele>21.4</ele></trkpt><trkpt lat="37.797139" lon="-122.437203"><ele>20.5</ele></trkpt><trkpt lat="37.797248" lon="-122.437225"><ele>20.0</ele></trkpt><trkpt lat="37.797745" lon="-122.437326"><ele>17.6</ele></trkpt><trkpt lat="37.797819" lon="-122.437341"><ele>17.3</ele></trkpt><trkpt lat="37.797893" lon="-122.437356"><ele>16.9</ele></trkpt><trkpt lat="37.797905" lon="-122.437359"><ele>16.9</ele></trkpt><trkpt lat="37.798285" lon="-122.437436"><ele>16.0</ele></trkpt><trkpt lat="37.798659" lon="-122.437512"><ele>15.2</ele></trkpt><trkpt lat="37.798674" lon="-122.437515"><ele>15.1</ele></trkpt><trkpt lat="37.798752" lon="-122.437531"><ele>14.9</ele></trkpt><trkpt lat="37.798843" lon="-122.437549"><ele>14.7</ele></trkpt><trkpt lat="37.798852" lon="-122.437551"><ele>14.6</ele></trkpt><trkpt lat="37.799128" lon="-122.437607"><ele>13.9</ele></trkpt><trkpt lat="37.799215" lon="-122.437625"><ele>13.8</ele></trkpt><trkpt lat="37.799442" lon="-122.437671"><ele>13.4</ele></trkpt><trkpt lat="37.799518" lon="-122.437686"><ele>13.3</ele></trkpt><trkpt lat="37.799593" lon="-122.437701"><ele>13.1</ele></trkpt><trkpt lat="37.799687" lon="-122.437721"><ele>13.0</ele></trkpt><trkpt lat="37.799763" lon="-122.437736"><ele>12.9</ele></trkpt><trkpt lat="37.800408" lon="-122.437867"><ele>12.2</ele></trkpt><trkpt lat="37.800524" lon="-122.437891"><ele>12.1</ele></trkpt><trkpt lat="37.800547" lon="-122.437895"><ele>12.0</ele></trkpt><trkpt lat="37.800611" lon="-122.437908"><ele>12.0</ele></trkpt><trkpt lat="37.800600" lon="-122.437996"><ele>11.9</ele></trkpt><trkpt lat="37.800595" lon="-122.438031"><ele>11.8</ele></trkpt><trkpt lat="37.800426" lon="-122.439363"><ele>9.1</ele></trkpt><trkpt lat="37.800423" lon="-122.439386"><ele>9.1</ele></trkpt><trkpt lat="37.800417" lon="-122.439436"><ele>9.1</ele></trkpt><trkpt lat="37.800406" lon="-122.439522"><ele>9.0</ele></trkpt><trkpt lat="37.800393" lon="-122.439623"><ele>8.9</ele></trkpt><trkpt lat="37.800389" lon="-122.439658"><ele>8.8</ele></trkpt><trkpt lat="37.800386" lon="-122.439676"><ele>8.8</ele></trkpt><trkpt lat="37.800336" lon="-122.440069"><ele>8.5</ele></trkpt><trkpt lat="37.800303" lon="-122.440328"><ele>8.2</ele></trkpt><trkpt lat="37.800292" lon="-122.440413"><ele>8.2</ele></trkpt><trkpt lat="37.800211" lon="-122.441058"><ele>7.6</ele></trkpt><trkpt lat="37.800204" lon="-122.441108"><ele>7.5</ele></trkpt><trkpt lat="37.800193" lon="-122.441196"><ele>7.5</ele></trkpt><trkpt lat="37.800180" lon="-122.441297"><ele>7.4</ele></trkpt><trkpt lat="37.800176" lon="-122.441331"><ele>7.3</ele></trkpt><trkpt lat="37.800001" lon="-122.442704"><ele>7.6</ele></trkpt><trkpt lat="37.799999" lon="-122.442720"><ele>7.6</ele></trkpt><trkpt lat="37.799994" lon="-122.442760"><ele>7.6</ele></trkpt><trkpt lat="37.799981" lon="-122.442864"><ele>7.5</ele></trkpt><trkpt lat="37.800070" lon="-122.442883"><ele>7.5</ele></trkpt><trkpt lat="37.800085" lon="-122.442885"><ele>7.5</ele></trkpt><trkpt lat="37.800099" lon="-122.442888"><ele>7.5</ele></trkpt><trkpt lat="37.800796" lon="-122.443030"><ele>7.1</ele></trkpt><trkpt lat="37.800828" lon="-122.443036"><ele>7.1</ele></trkpt><trkpt lat="37.800839" lon="-122.443038"><ele>7.1</ele></trkpt><trkpt lat="37.800917" lon="-122.443054"><ele>7.0</ele></trkpt><trkpt lat="37.801002" lon="-122.443071"><ele>7.0</ele></trkpt><trkpt lat="37.801010" lon="-122.443073"><ele>7.0</ele></trkpt><trkpt lat="37.801016" lon="-122.443074"><ele>7.0</ele></trkpt><trkpt lat="37.801061" lon="-122.443083"><ele>7.0</ele></trkpt><trkpt lat="37.801760" lon="-122.443224"><ele>7.0</ele></trkpt><trkpt lat="37.801777" lon="-122.443228"><ele>7.0</ele></trkpt><trkpt lat="37.801847" lon="-122.443242"><ele>7.0</ele></trkpt><trkpt lat="37.801922" lon="-122.443258"><ele>7.0</ele></trkpt><trkpt lat="37.801942" lon="-122.443262"><ele>7.0</ele></trkpt><trkpt lat="37.801951" lon="-122.443264"><ele>7.0</ele></trkpt><trkpt lat="37.802690" lon="-122.443414"><ele>6.6</ele></trkpt><trkpt lat="37.802706" lon="-122.443418"><ele>6.6</ele></trkpt><trkpt lat="37.802777" lon="-122.443432"><ele>6.6</ele></trkpt><trkpt lat="37.802860" lon="-122.443449"><ele>6.5</ele></trkpt><trkpt lat="37.802876" lon="-122.443452"><ele>6.5</ele></trkpt><trkpt lat="37.802892" lon="-122.443455"><ele>6.5</ele></trkpt><trkpt lat="37.803623" lon="-122.443603"><ele>6.7</ele></trkpt><trkpt lat="37.803639" lon="-122.443606"><ele>6.7</ele></trkpt><trkpt lat="37.803711" lon="-122.443621"><ele>6.7</ele></trkpt><trkpt lat="37.803795" lon="-122.443638"><ele>6.7</ele></trkpt><trkpt lat="37.803806" lon="-122.443640"><ele>6.7</ele></trkpt><trkpt lat="37.803921" lon="-122.443664"><ele>6.7</ele></trkpt><trkpt lat="37.804554" lon="-122.443792"><ele>5.8</ele></trkpt><trkpt lat="37.804569" lon="-122.443796"><ele>5.7</ele></trkpt><trkpt lat="37.804645" lon="-122.443811"><ele>5.6</ele></trkpt><trkpt lat="37.804731" lon="-122.443828"><ele>5.5</ele></trkpt><trkpt lat="37.804736" lon="-122.443829"><ele>5.5</ele></trkpt><trkpt lat="37.805471" lon="-122.443978"><ele>5.0</ele></trkpt><trkpt lat="37.805587" lon="-122.444002"><ele>5.0</ele></trkpt><trkpt lat="37.805393" lon="-122.445521"><ele>3.7</ele></trkpt><trkpt lat="37.805386" lon="-122.445578"><ele>3.7</ele></trkpt><trkpt lat="37.805375" lon="-122.445665"><ele>3.8</ele></trkpt><trkpt lat="37.805359" lon="-122.445787"><ele>3.9</ele></trkpt><trkpt lat="37.805181" lon="-122.447184"><ele>4.3</ele></trkpt><trkpt lat="37.805177" lon="-122.447218"><ele>4.3</ele></trkpt><trkpt lat="37.805165" lon="-122.447310"><ele>4.3</ele></trkpt><trkpt lat="37.805149" lon="-122.447434"><ele>4.3</ele></trkpt><trkpt lat="37.805133" lon="-122.447560"><ele>4.3</ele></trkpt><trkpt lat="37.805120" lon="-122.447648"><ele>4.2</ele></trkpt><trkpt lat="37.805124" lon="-122.447747"><ele>4.1</ele></trkpt><trkpt lat="37.805123" lon="-122.447836"><ele>4.0</ele></trkpt><trkpt lat="37.805117" lon="-122.447929"><ele>3.9</ele></trkpt><trkpt lat="37.805106" lon="-122.448020"><ele>3.9</ele></trkpt><trkpt lat="37.805092" lon="-122.448103"><ele>3.8</ele></trkpt><trkpt lat="37.805062" lon="-122.448223"><ele>3.7</ele></trkpt><trkpt lat="37.805055" lon="-122.448250"><ele>3.6</ele></trkpt><trkpt lat="37.805028" lon="-122.448325"><ele>3.5</ele></trkpt><trkpt lat="37.804996" lon="-122.448383"><ele>3.4</ele></trkpt><trkpt lat="37.804981" lon="-122.448503"><ele>3.3</ele></trkpt><trkpt lat="37.804969" lon="-122.448601"><ele>3.2</ele></trkpt><trkpt lat="37.804956" lon="-122.448694"><ele>3.0</ele></trkpt><trkpt lat="37.804928" lon="-122.448870"><ele>2.8</ele></trkpt><trkpt lat="37.804884" lon="-122.449118"><ele>2.5</ele></trkpt><trkpt lat="37.804848" lon="-122.449349"><ele>2.3</ele></trkpt><trkpt lat="37.804815" lon="-122.449570"><ele>2.1</ele></trkpt><trkpt lat="37.804787" lon="-122.449782"><ele>1.9</ele></trkpt><trkpt lat="37.804739" lon="-122.450143"><ele>1.6</ele></trkpt><trkpt lat="37.804736" lon="-122.450168"><ele>1.6</ele></trkpt><trkpt lat="37.804797" lon="-122.450180"><ele>1.5</ele></trkpt><trkpt lat="37.805627" lon="-122.450355"><ele>0.3</ele></trkpt><trkpt lat="37.805853" lon="-122.450393"><ele>0.3</ele></trkpt><trkpt lat="37.806045" lon="-122.450433"><ele>0.3</ele></trkpt><trkpt lat="37.806011" lon="-122.450704"><ele>0.3</ele></trkpt><trkpt lat="37.805980" lon="-122.450939"><ele>0.3</ele></trkpt><trkpt lat="37.805944" lon="-122.451207"><ele>0.3</ele></trkpt><trkpt lat="37.805910" lon="-122.451468"><ele>0.3</ele></trkpt><trkpt lat="37.805879" lon="-122.451718"><ele>0.4</ele></trkpt><trkpt lat="37.805850" lon="-122.451947"><ele>0.5</ele></trkpt><trkpt lat="37.805846" lon="-122.451976"><ele>0.5</ele></trkpt><trkpt lat="37.805812" lon="-122.452243"><ele>0.6</ele></trkpt><trkpt lat="37.805784" lon="-122.452453"><ele>0.8</ele></trkpt><trkpt lat="37.805748" lon="-122.452453"><ele>0.9</ele></trkpt><trkpt lat="37.805675" lon="-122.453013"><ele>1.3</ele></trkpt><trkpt lat="37.805640" lon="-122.453345"><ele>1.4</ele></trkpt><trkpt lat="37.805613" lon="-122.453613"><ele>1.5</ele></trkpt><trkpt lat="37.805573" lon="-122.453947"><ele>1.5</ele></trkpt><trkpt lat="37.805558" lon="-122.454061"><ele>1.5</ele></trkpt><trkpt lat="37.805520" lon="-122.454353"><ele>1.5</ele></trkpt><trkpt lat="37.805488" lon="-122.454586"><ele>1.5</ele></trkpt><trkpt lat="37.805355" lon="-122.455621"><ele>2.1</ele></trkpt><trkpt lat="37.805247" lon="-122.456451"><ele>2.1</ele></trkpt><trkpt lat="37.805179" lon="-122.456972"><ele>2.2</ele></trkpt><trkpt lat="37.805132" lon="-122.457338"><ele>2.3</ele></trkpt><trkpt lat="37.805090" lon="-122.457671"><ele>2.4</ele></trkpt><trkpt lat="37.805008" lon="-122.458320"><ele>2.1</ele></trkpt><trkpt lat="37.804928" lon="-122.458952"><ele>2.2</ele></trkpt><trkpt lat="37.804812" lon="-122.459842"><ele>2.7</ele></trkpt><trkpt lat="37.804725" lon="-122.460505"><ele>2.4</ele></trkpt><trkpt lat="37.804652" lon="-122.460971"><ele>1.8</ele></trkpt><trkpt lat="37.804610" lon="-122.461202"><ele>1.8</ele></trkpt><trkpt lat="37.804128" lon="-122.463630"><ele>0.4</ele></trkpt><trkpt lat="37.803569" lon="-122.466433"><ele>3.4</ele></trkpt><trkpt lat="37.803572" lon="-122.466482"><ele>3.5</ele></trkpt><trkpt lat="37.803573" lon="-122.466527"><ele>3.6</ele></trkpt><trkpt lat="37.803579" lon="-122.466578"><ele>3.7</ele></trkpt><trkpt lat="37.803658" lon="-122.467064"><ele>4.8</ele></trkpt><trkpt lat="37.803687" lon="-122.467243"><ele>5.4</ele></trkpt><trkpt lat="37.803694" lon="-122.467280"><ele>5.5</ele></trkpt><trkpt lat="37.803704" lon="-122.467314"><ele>5.6</ele></trkpt><trkpt lat="37.803717" lon="-122.467348"><ele>5.7</ele></trkpt><trkpt lat="37.803740" lon="-122.467385"><ele>5.9</ele></trkpt><trkpt lat="37.803779" lon="-122.467447"><ele>6.1</ele></trkpt><trkpt lat="37.803772" lon="-122.467459"><ele>6.2</ele></trkpt><trkpt lat="37.803746" lon="-122.467498"><ele>6.3</ele></trkpt><trkpt lat="37.803707" lon="-122.467557"><ele>6.6</ele></trkpt><trkpt lat="37.803694" lon="-122.467577"><ele>6.7</ele></trkpt><trkpt lat="37.803565" lon="-122.467777"><ele>7.8</ele></trkpt><trkpt lat="37.803548" lon="-122.467814"><ele>7.9</ele></trkpt><trkpt lat="37.803541" lon="-122.467836"><ele>8.0</ele></trkpt><trkpt lat="37.803532" lon="-122.467861"><ele>8.1</ele></trkpt><trkpt lat="37.803527" lon="-122.467905"><ele>8.3</ele></trkpt><trkpt lat="37.803524" lon="-122.467954"><ele>8.5</ele></trkpt><trkpt lat="37.803530" lon="-122.468022"><ele>8.8</ele></trkpt><trkpt lat="37.803547" lon="-122.468087"><ele>9.1</ele></trkpt><trkpt lat="37.803622" lon="-122.468306"><ele>10.5</ele></trkpt><trkpt lat="37.803654" lon="-122.468401"><ele>11.1</ele></trkpt><trkpt lat="37.803706" lon="-122.468568"><ele>12.2</ele></trkpt><trkpt lat="37.803728" lon="-122.468632"><ele>12.6</ele></trkpt><trkpt lat="37.803754" lon="-122.468682"><ele>13.0</ele></trkpt><trkpt lat="37.803785" lon="-122.468726"><ele>13.4</ele></trkpt><trkpt lat="37.803819" lon="-122.468765"><ele>13.9</ele></trkpt><trkpt lat="37.803860" lon="-122.468802"><ele>14.5</ele></trkpt><trkpt lat="37.804190" lon="-122.469106"><ele>19.1</ele></trkpt><trkpt lat="37.804236" lon="-122.469153"><ele>19.7</ele></trkpt><trkpt lat="37.804274" lon="-122.469198"><ele>20.1</ele></trkpt><trkpt lat="37.804311" lon="-122.469254"><ele>20.6</ele></trkpt><trkpt lat="37.804344" lon="-122.469317"><ele>21.1</ele></trkpt><trkpt lat="37.804413" lon="-122.469458"><ele>22.3</ele></trkpt><trkpt lat="37.804446" lon="-122.469522"><ele>22.8</ele></trkpt><trkpt lat="37.804481" lon="-122.469588"><ele>23.3</ele></trkpt><trkpt lat="37.804519" lon="-122.469645"><ele>23.8</ele></trkpt><trkpt lat="37.804558" lon="-122.469695"><ele>24.3</ele></trkpt><trkpt lat="37.804602" lon="-122.469736"><ele>24.8</ele></trkpt><trkpt lat="37.804647" lon="-122.469770"><ele>25.3</ele></trkpt><trkpt lat="37.804699" lon="-122.469799"><ele>25.9</ele></trkpt><trkpt lat="37.804750" lon="-122.469820"><ele>26.4</ele></trkpt><trkpt lat="37.804795" lon="-122.469835"><ele>26.8</ele></trkpt><trkpt lat="37.804830" lon="-122.469846"><ele>27.2</ele></trkpt><trkpt lat="37.804848" lon="-122.469858"><ele>27.4</ele></trkpt><trkpt lat="37.804860" lon="-122.469869"><ele>27.5</ele></trkpt><trkpt lat="37.804872" lon="-122.469881"><ele>27.7</ele></trkpt><trkpt lat="37.804882" lon="-122.469900"><ele>27.9</ele></trkpt><trkpt lat="37.804894" lon="-122.469927"><ele>28.1</ele></trkpt><trkpt lat="37.804903" lon="-122.469955"><ele>28.3</ele></trkpt><trkpt lat="37.804994" lon="-122.469919"><ele>29.2</ele></trkpt><trkpt lat="37.805084" lon="-122.469895"><ele>30.0</ele></trkpt><trkpt lat="37.805173" lon="-122.469885"><ele>30.6</ele></trkpt><trkpt lat="37.805261" lon="-122.469885"><ele>31.3</ele></trkpt><trkpt lat="37.805347" lon="-122.469890"><ele>32.0</ele></trkpt><trkpt lat="37.805438" lon="-122.469902"><ele>32.7</ele></trkpt><trkpt lat="37.805515" lon="-122.469917"><ele>33.3</ele></trkpt><trkpt lat="37.805593" lon="-122.469941"><ele>33.8</ele></trkpt><trkpt lat="37.805661" lon="-122.469969"><ele>34.3</ele></trkpt><trkpt lat="37.805726" lon="-122.470002"><ele>34.7</ele></trkpt><trkpt lat="37.805794" lon="-122.470045"><ele>35.2</ele></trkpt><trkpt lat="37.805867" lon="-122.470106"><ele>35.7</ele></trkpt><trkpt lat="37.805913" lon="-122.470157"><ele>36.1</ele></trkpt><trkpt lat="37.805947" lon="-122.470204"><ele>36.4</ele></trkpt><trkpt lat="37.805989" lon="-122.470282"><ele>36.9</ele></trkpt><trkpt lat="37.806037" lon="-122.470387"><ele>37.2</ele></trkpt><trkpt lat="37.806064" lon="-122.470460"><ele>37.4</ele></trkpt><trkpt lat="37.806100" lon="-122.470565"><ele>37.7</ele></trkpt><trkpt lat="37.806134" lon="-122.470674"><ele>38.1</ele></trkpt><trkpt lat="37.806270" lon="-122.471112"><ele>39.3</ele></trkpt><trkpt lat="37.806298" lon="-122.471196"><ele>39.6</ele></trkpt><trkpt lat="37.806329" lon="-122.471285"><ele>39.8</ele></trkpt><trkpt lat="37.806362" lon="-122.471365"><ele>40.0</ele></trkpt><trkpt lat="37.806396" lon="-122.471440"><ele>40.3</ele></trkpt><trkpt lat="37.806444" lon="-122.471530"><ele>40.5</ele></trkpt><trkpt lat="37.806498" lon="-122.471623"><ele>40.7</ele></trkpt><trkpt lat="37.806548" lon="-122.471704"><ele>40.8</ele></trkpt><trkpt lat="37.806597" lon="-122.471783"><ele>41.0</ele></trkpt><trkpt lat="37.806607" lon="-122.471798"><ele>41.0</ele></trkpt><trkpt lat="37.806642" lon="-122.471854"><ele>41.1</ele></trkpt><trkpt lat="37.806666" lon="-122.471893"><ele>41.2</ele></trkpt><trkpt lat="37.806770" lon="-122.472062"><ele>41.5</ele></trkpt><trkpt lat="37.806815" lon="-122.472139"><ele>41.7</ele></trkpt><trkpt lat="37.806856" lon="-122.472226"><ele>41.9</ele></trkpt><trkpt lat="37.806889" lon="-122.472317"><ele>42.1</ele></trkpt><trkpt lat="37.806912" lon="-122.472399"><ele>42.3</ele></trkpt><trkpt lat="37.806922" lon="-122.472487"><ele>42.5</ele></trkpt><trkpt lat="37.806920" lon="-122.472573"><ele>42.7</ele></trkpt><trkpt lat="37.806910" lon="-122.472669"><ele>42.9</ele></trkpt><trkpt lat="37.806892" lon="-122.472784"><ele>43.1</ele></trkpt><trkpt lat="37.806853" lon="-122.472936"><ele>43.3</ele></trkpt><trkpt lat="37.806787" lon="-122.473161"><ele>43.6</ele></trkpt><trkpt lat="37.806790" lon="-122.473264"><ele>43.8</ele></trkpt><trkpt lat="37.806798" lon="-122.473335"><ele>43.9</ele></trkpt><trkpt lat="37.806807" lon="-122.473390"><ele>44.0</ele></trkpt><trkpt lat="37.806825" lon="-122.473440"><ele>44.1</ele></trkpt><trkpt lat="37.806851" lon="-122.473489"><ele>44.2</ele></trkpt><trkpt lat="37.806885" lon="-122.473534"><ele>44.3</ele></trkpt><trkpt lat="37.807163" lon="-122.473831"><ele>45.1</ele></trkpt><trkpt lat="37.807213" lon="-122.473886"><ele>45.4</ele></trkpt><trkpt lat="37.807254" lon="-122.473934"><ele>45.6</ele></trkpt><trkpt lat="37.807279" lon="-122.473964"><ele>45.8</ele></trkpt><trkpt lat="37.807365" lon="-122.474060"><ele>46.3</ele></trkpt><trkpt lat="37.807513" lon="-122.474223"><ele>47.2</ele></trkpt><trkpt lat="37.807571" lon="-122.474292"><ele>47.6</ele></trkpt><trkpt lat="37.807617" lon="-122.474354"><ele>47.6</ele></trkpt><trkpt lat="37.807646" lon="-122.474410"><ele>47.6</ele></trkpt><trkpt lat="37.807672" lon="-122.474463"><ele>47.6</ele></trkpt><trkpt lat="37.807691" lon="-122.474529"><ele>47.7</ele></trkpt><trkpt lat="37.807704" lon="-122.474602"><ele>47.7</ele></trkpt><trkpt lat="37.807699" lon="-122.474689"><ele>47.8</ele></trkpt><trkpt lat="37.807677" lon="-122.474750"><ele>47.8</ele></trkpt><trkpt lat="37.807645" lon="-122.474801"><ele>47.8</ele></trkpt><trkpt lat="37.807628" lon="-122.474832"><ele>47.8</ele></trkpt><trkpt lat="37.807599" lon="-122.474877"><ele>47.9</ele></trkpt><trkpt lat="37.807563" lon="-122.474936"><ele>48.0</ele></trkpt><trkpt lat="37.807580" lon="-122.474953"><ele>48.0</ele></trkpt><trkpt lat="37.807584" lon="-122.474958"><ele>48.0</ele></trkpt><trkpt lat="37.807593" lon="-122.474966"><ele>48.0</ele></trkpt><trkpt lat="37.807601" lon="-122.474975"><ele>48.0</ele></trkpt><trkpt lat="37.807633" lon="-122.474928"><ele>48.1</ele></trkpt><trkpt lat="37.807728" lon="-122.475028"><ele>48.3</ele></trkpt><trkpt lat="37.807763" lon="-122.475037"><ele>48.4</ele></trkpt><trkpt lat="37.807801" lon="-122.475002"><ele>48.5</ele></trkpt><trkpt lat="37.807763" lon="-122.475037"><ele>48.5</ele></trkpt><trkpt lat="37.807787" lon="-122.475063"><ele>48.6</ele></trkpt><trkpt lat="37.807982" lon="-122.475271"><ele>48.9</ele></trkpt><trkpt lat="37.808013" lon="-122.475297"><ele>49.0</ele></trkpt><trkpt lat="37.808046" lon="-122.475312"><ele>49.0</ele></trkpt><trkpt lat="37.808077" lon="-122.475314"><ele>49.0</ele></trkpt><trkpt lat="37.808109" lon="-122.475306"><ele>49.1</ele></trkpt><trkpt lat="37.808137" lon="-122.475291"><ele>49.1</ele></trkpt><trkpt lat="37.808160" lon="-122.475270"><ele>49.2</ele></trkpt><trkpt lat="37.808226" lon="-122.475191"><ele>49.3</ele></trkpt><trkpt lat="37.808256" lon="-122.475231"><ele>49.3</ele></trkpt><trkpt lat="37.808290" lon="-122.475261"><ele>49.4</ele></trkpt><trkpt lat="37.808320" lon="-122.475282"><ele>49.4</ele></trkpt><trkpt lat="37.808364" lon="-122.475305"><ele>49.5</ele></trkpt><trkpt lat="37.808392" lon="-122.475315"><ele>49.5</ele></trkpt><trkpt lat="37.808431" lon="-122.475326"><ele>49.6</ele></trkpt><trkpt lat="37.808463" lon="-122.475344"><ele>49.7</ele></trkpt><trkpt lat="37.808488" lon="-122.475359"><ele>49.7</ele></trkpt><trkpt lat="37.808515" lon="-122.475381"><ele>49.8</ele></trkpt><trkpt lat="37.808540" lon="-122.475408"><ele>49.8</ele></trkpt><trkpt lat="37.808564" lon="-122.475439"><ele>49.9</ele></trkpt><trkpt lat="37.808585" lon="-122.475473"><ele>49.9</ele></trkpt><trkpt lat="37.808603" lon="-122.475510"><ele>50.0</ele></trkpt><trkpt lat="37.808609" lon="-122.475527"><ele>50.0</ele></trkpt><trkpt lat="37.808617" lon="-122.475546"><ele>50.0</ele></trkpt><trkpt lat="37.808628" lon="-122.475586"><ele>50.1</ele></trkpt><trkpt lat="37.808637" lon="-122.475626"><ele>50.2</ele></trkpt><trkpt lat="37.808637" lon="-122.475632"><ele>50.2</ele></trkpt><trkpt lat="37.808641" lon="-122.475668"><ele>50.2</ele></trkpt><trkpt lat="37.808642" lon="-122.475711"><ele>50.3</ele></trkpt><trkpt lat="37.808641" lon="-122.475753"><ele>50.3</ele></trkpt><trkpt lat="37.808637" lon="-122.475794"><ele>50.4</ele></trkpt><trkpt lat="37.808629" lon="-122.475833"><ele>50.4</ele></trkpt><trkpt lat="37.808618" lon="-122.475872"><ele>50.4</ele></trkpt><trkpt lat="37.808602" lon="-122.475922"><ele>50.5</ele></trkpt><trkpt lat="37.808583" lon="-122.475968"><ele>50.5</ele></trkpt><trkpt lat="37.808557" lon="-122.476018"><ele>50.6</ele></trkpt><trkpt lat="37.808526" lon="-122.476070"><ele>50.6</ele></trkpt><trkpt lat="37.808411" lon="-122.476245"><ele>50.8</ele></trkpt><trkpt lat="37.808379" lon="-122.476295"><ele>50.9</ele></trkpt><trkpt lat="37.808352" lon="-122.476346"><ele>50.9</ele></trkpt><trkpt lat="37.808266" lon="-122.476494"><ele>50.7</ele></trkpt><trkpt lat="37.808201" lon="-122.476591"><ele>50.6</ele></trkpt><trkpt lat="37.808169" lon="-122.476646"><ele>50.5</ele></trkpt><trkpt lat="37.808138" lon="-122.476702"><ele>50.5</ele></trkpt><trkpt lat="37.808112" lon="-122.476755"><ele>50.4</ele></trkpt><trkpt lat="37.808088" lon="-122.476814"><ele>50.3</ele></trkpt><trkpt lat="37.808067" lon="-122.476863"><ele>50.3</ele></trkpt><trkpt lat="37.808041" lon="-122.476905"><ele>50.1</ele></trkpt><trkpt lat="37.808009" lon="-122.476942"><ele>49.9</ele></trkpt><trkpt lat="37.807979" lon="-122.476965"><ele>49.7</ele></trkpt><trkpt lat="37.807948" lon="-122.476981"><ele>49.5</ele></trkpt><trkpt lat="37.807915" lon="-122.476986"><ele>49.4</ele></trkpt><trkpt lat="37.807883" lon="-122.476981"><ele>49.2</ele></trkpt><trkpt lat="37.807854" lon="-122.476970"><ele>49.1</ele></trkpt><trkpt lat="37.807830" lon="-122.476954"><ele>48.9</ele></trkpt><trkpt lat="37.807809" lon="-122.476931"><ele>48.8</ele></trkpt><trkpt lat="37.807796" lon="-122.476902"><ele>48.6</ele></trkpt><trkpt lat="37.807793" lon="-122.476880"><ele>48.5</ele></trkpt><trkpt lat="37.807797" lon="-122.476858"><ele>48.5</ele></trkpt><trkpt lat="37.807809" lon="-122.476839"><ele>48.4</ele></trkpt><trkpt lat="37.807874" lon="-122.476784"><ele>48.0</ele></trkpt><trkpt lat="37.807896" lon="-122.476762"><ele>47.8</ele></trkpt><trkpt lat="37.807915" lon="-122.476730"><ele>47.7</ele></trkpt><trkpt lat="37.807929" lon="-122.476699"><ele>47.5</ele></trkpt><trkpt lat="37.807967" lon="-122.476622"><ele>46.9</ele></trkpt><trkpt lat="37.808009" lon="-122.476654"><ele>46.5</ele></trkpt><trkpt lat="37.808374" lon="-122.476944"><ele>42.7</ele></trkpt><trkpt lat="37.808484" lon="-122.477031"><ele>41.1</ele></trkpt><trkpt lat="37.808595" lon="-122.477111"><ele>39.5</ele></trkpt><trkpt lat="37.808715" lon="-122.477188"><ele>37.8</ele></trkpt><trkpt lat="37.808834" lon="-122.477254"><ele>36.1</ele></trkpt><trkpt lat="37.808963" lon="-122.477319"><ele>33.4</ele></trkpt><trkpt lat="37.809082" lon="-122.477373"><ele>30.9</ele></trkpt><trkpt lat="37.809191" lon="-122.477412"><ele>28.6</ele></trkpt><trkpt lat="37.809296" lon="-122.477446"><ele>26.5</ele></trkpt><trkpt lat="37.809410" lon="-122.477474"><ele>24.7</ele></trkpt><trkpt lat="37.809522" lon="-122.477497"><ele>23.5</ele></trkpt><trkpt lat="37.809632" lon="-122.477514"><ele>22.3</ele></trkpt><trkpt lat="37.813922" lon="-122.478018"><ele>0.0</ele></trkpt><trkpt lat="37.813918" lon="-122.478058"><ele>0.0</ele></trkpt><trkpt lat="37.813949" lon="-122.478090"><ele>0.0</ele></trkpt><trkpt lat="37.813984" lon="-122.478108"><ele>0.0</ele></trkpt><trkpt lat="37.814010" lon="-122.478113"><ele>0.0</ele></trkpt><trkpt lat="37.814041" lon="-122.478109"><ele>0.0</ele></trkpt><trkpt lat="37.814067" lon="-122.478085"><ele>0.0</ele></trkpt><trkpt lat="37.814076" lon="-122.478060"><ele>0.0</ele></trkpt><trkpt lat="37.814079" lon="-122.478034"><ele>0.0</ele></trkpt><trkpt lat="37.825406" lon="-122.479354"><ele>12.7</ele></trkpt><trkpt lat="37.825405" lon="-122.479401"><ele>13.6</ele></trkpt><trkpt lat="37.825434" lon="-122.479433"><ele>14.4</ele></trkpt><trkpt lat="37.825463" lon="-122.479447"><ele>15.0</ele></trkpt><trkpt lat="37.825489" lon="-122.479452"><ele>15.5</ele></trkpt><trkpt lat="37.825516" lon="-122.479448"><ele>16.0</ele></trkpt><trkpt lat="37.825558" lon="-122.479430"><ele>16.9</ele></trkpt><trkpt lat="37.825572" lon="-122.479413"><ele>17.2</ele></trkpt><trkpt lat="37.825577" lon="-122.479375"><ele>17.8</ele></trkpt><trkpt lat="37.828906" lon="-122.479769"><ele>45.6</ele></trkpt><trkpt lat="37.830275" lon="-122.479929"><ele>29.0</ele></trkpt><trkpt lat="37.830423" lon="-122.479947"><ele>29.1</ele></trkpt><trkpt lat="37.830581" lon="-122.479968"><ele>29.3</ele></trkpt><trkpt lat="37.830706" lon="-122.479988"><ele>29.5</ele></trkpt><trkpt lat="37.830832" lon="-122.480017"><ele>30.2</ele></trkpt><trkpt lat="37.830965" lon="-122.480051"><ele>32.6</ele></trkpt><trkpt lat="37.831086" lon="-122.480092"><ele>34.8</ele></trkpt><trkpt lat="37.831210" lon="-122.480146"><ele>37.1</ele></trkpt><trkpt lat="37.831329" lon="-122.480202"><ele>39.3</ele></trkpt><trkpt lat="37.831445" lon="-122.480265"><ele>41.1</ele></trkpt><trkpt lat="37.831559" lon="-122.480334"><ele>43.0</ele></trkpt><trkpt lat="37.831691" lon="-122.480424"><ele>45.2</ele></trkpt><trkpt lat="37.831796" lon="-122.480505"><ele>47.1</ele></trkpt><trkpt lat="37.831910" lon="-122.480601"><ele>49.9</ele></trkpt><trkpt lat="37.832013" lon="-122.480696"><ele>52.6</ele></trkpt><trkpt lat="37.832135" lon="-122.480819"><ele>55.8</ele></trkpt><trkpt lat="37.832255" lon="-122.480952"><ele>59.2</ele></trkpt><trkpt lat="37.832380" lon="-122.481119"><ele>63.0</ele></trkpt><trkpt lat="37.832401" lon="-122.481155"><ele>63.7</ele></trkpt><trkpt lat="37.832421" lon="-122.481194"><ele>64.5</ele></trkpt><trkpt lat="37.832437" lon="-122.481229"><ele>65.2</ele></trkpt><trkpt lat="37.832450" lon="-122.481263"><ele>65.8</ele></trkpt><trkpt lat="37.832462" lon="-122.481304"><ele>66.5</ele></trkpt><trkpt lat="37.832472" lon="-122.481344"><ele>67.2</ele></trkpt><trkpt lat="37.832480" lon="-122.481389"><ele>68.0</ele></trkpt><trkpt lat="37.832486" lon="-122.481436"><ele>68.8</ele></trkpt><trkpt lat="37.832487" lon="-122.481482"><ele>69.6</ele></trkpt><trkpt lat="37.832483" lon="-122.481526"><ele>70.1</ele></trkpt><trkpt lat="37.832473" lon="-122.481568"><ele>70.6</ele></trkpt><trkpt lat="37.832706" lon="-122.481994"><ele>76.5</ele></trkpt><trkpt lat="37.832796" lon="-122.482158"><ele>77.9</ele></trkpt><trkpt lat="37.832836" lon="-122.482317"><ele>78.5</ele></trkpt><trkpt lat="37.832852" lon="-122.482344"><ele>78.7</ele></trkpt><trkpt lat="37.832867" lon="-122.482372"><ele>78.8</ele></trkpt><trkpt lat="37.832882" lon="-122.482403"><ele>78.9</ele></trkpt><trkpt lat="37.832895" lon="-122.482437"><ele>79.1</ele></trkpt><trkpt lat="37.832907" lon="-122.482470"><ele>79.2</ele></trkpt><trkpt lat="37.832918" lon="-122.482509"><ele>79.4</ele></trkpt><trkpt lat="37.832929" lon="-122.482554"><ele>79.6</ele></trkpt><trkpt lat="37.832980" lon="-122.482779"><ele>80.4</ele></trkpt><trkpt lat="37.832992" lon="-122.482835"><ele>80.5</ele></trkpt><trkpt lat="37.833008" lon="-122.482883"><ele>80.7</ele></trkpt><trkpt lat="37.833025" lon="-122.482926"><ele>80.8</ele></trkpt><trkpt lat="37.833045" lon="-122.482970"><ele>81.0</ele></trkpt><trkpt lat="37.833066" lon="-122.483009"><ele>81.1</ele></trkpt><trkpt lat="37.833086" lon="-122.483044"><ele>81.2</ele></trkpt><trkpt lat="37.833146" lon="-122.483137"><ele>81.5</ele></trkpt><trkpt lat="37.833164" lon="-122.483167"><ele>81.6</ele></trkpt><trkpt lat="37.833182" lon="-122.483202"><ele>81.7</ele></trkpt><trkpt lat="37.833197" lon="-122.483241"><ele>81.9</ele></trkpt><trkpt lat="37.833205" lon="-122.483274"><ele>81.9</ele></trkpt><trkpt lat="37.833214" lon="-122.483315"><ele>82.0</ele></trkpt><trkpt lat="37.833232" lon="-122.483427"><ele>82.3</ele></trkpt><trkpt lat="37.833237" lon="-122.483488"><ele>82.4</ele></trkpt><trkpt lat="37.833271" lon="-122.483511"><ele>82.6</ele></trkpt><trkpt lat="37.833303" lon="-122.483536"><ele>82.7</ele></trkpt><trkpt lat="37.833438" lon="-122.483647"><ele>83.1</ele></trkpt><trkpt lat="37.833502" lon="-122.483701"><ele>83.3</ele></trkpt><trkpt lat="37.833514" lon="-122.483710"><ele>83.4</ele></trkpt><trkpt lat="37.833529" lon="-122.483721"><ele>83.4</ele></trkpt><trkpt lat="37.833544" lon="-122.483731"><ele>83.5</ele></trkpt><trkpt lat="37.833559" lon="-122.483738"><ele>83.5</ele></trkpt><trkpt lat="37.833575" lon="-122.483743"><ele>83.5</ele></trkpt><trkpt lat="37.833590" lon="-122.483747"><ele>83.5</ele></trkpt><trkpt lat="37.833603" lon="-122.483747"><ele>83.5</ele></trkpt><trkpt lat="37.833620" lon="-122.483747"><ele>83.5</ele></trkpt><trkpt lat="37.833634" lon="-122.483744"><ele>83.6</ele></trkpt><trkpt lat="37.833650" lon="-122.483739"><ele>83.6</ele></trkpt><trkpt lat="37.833666" lon="-122.483732"><ele>83.6</ele></trkpt><trkpt lat="37.833679" lon="-122.483725"><ele>83.6</ele></trkpt><trkpt lat="37.833693" lon="-122.483716"><ele>83.6</ele></trkpt><trkpt lat="37.833707" lon="-122.483705"><ele>83.6</ele></trkpt><trkpt lat="37.833734" lon="-122.483682"><ele>83.6</ele></trkpt><trkpt lat="37.833785" lon="-122.483633"><ele>83.7</ele></trkpt><trkpt lat="37.833845" lon="-122.483726"><ele>83.7</ele></trkpt><trkpt lat="37.833904" lon="-122.483815"><ele>83.8</ele></trkpt><trkpt lat="37.833962" lon="-122.483899"><ele>83.8</ele></trkpt><trkpt lat="37.834101" lon="-122.484098"><ele>83.6</ele></trkpt><trkpt lat="37.834135" lon="-122.484148"><ele>83.5</ele></trkpt><trkpt lat="37.834175" lon="-122.484209"><ele>83.5</ele></trkpt><trkpt lat="37.834212" lon="-122.484268"><ele>83.4</ele></trkpt><trkpt lat="37.834243" lon="-122.484322"><ele>83.4</ele></trkpt><trkpt lat="37.834273" lon="-122.484377"><ele>83.3</ele></trkpt><trkpt lat="37.834327" lon="-122.484477"><ele>83.2</ele></trkpt><trkpt lat="37.834378" lon="-122.484563"><ele>83.2</ele></trkpt><trkpt lat="37.834424" lon="-122.484640"><ele>83.2</ele></trkpt><trkpt lat="37.834444" lon="-122.484669"><ele>83.2</ele></trkpt><trkpt lat="37.834469" lon="-122.484701"><ele>83.2</ele></trkpt><trkpt lat="37.834492" lon="-122.484732"><ele>83.2</ele></trkpt><trkpt lat="37.834519" lon="-122.484763"><ele>83.2</ele></trkpt><trkpt lat="37.834544" lon="-122.484790"><ele>83.2</ele></trkpt><trkpt lat="37.834571" lon="-122.484815"><ele>83.2</ele></trkpt><trkpt lat="37.834597" lon="-122.484838"><ele>83.2</ele></trkpt><trkpt lat="37.834628" lon="-122.484863"><ele>83.2</ele></trkpt><trkpt lat="37.834655" lon="-122.484882"><ele>83.2</ele></trkpt><trkpt lat="37.834685" lon="-122.484902"><ele>83.2</ele></trkpt><trkpt lat="37.834712" lon="-122.484918"><ele>83.2</ele></trkpt><trkpt lat="37.834739" lon="-122.484933"><ele>83.2</ele></trkpt><trkpt lat="37.834769" lon="-122.484947"><ele>83.2</ele></trkpt><trkpt lat="37.834797" lon="-122.484960"><ele>83.2</ele></trkpt><trkpt lat="37.834826" lon="-122.484972"><ele>83.2</ele></trkpt><trkpt lat="37.834853" lon="-122.484981"><ele>83.2</ele></trkpt><trkpt lat="37.834880" lon="-122.484990"><ele>83.2</ele></trkpt><trkpt lat="37.834910" lon="-122.484997"><ele>83.2</ele></trkpt><trkpt lat="37.834941" lon="-122.485004"><ele>83.2</ele></trkpt><trkpt lat="37.834969" lon="-122.485008"><ele>83.2</ele></trkpt><trkpt lat="37.834996" lon="-122.485011"><ele>83.2</ele></trkpt><trkpt lat="37.835024" lon="-122.485013"><ele>83.2</ele></trkpt><trkpt lat="37.835054" lon="-122.485013"><ele>83.2</ele></trkpt><trkpt lat="37.835084" lon="-122.485012"><ele>83.2</ele></trkpt><trkpt lat="37.835118" lon="-122.485010"><ele>83.2</ele></trkpt><trkpt lat="37.835154" lon="-122.485007"><ele>83.2</ele></trkpt><trkpt lat="37.835189" lon="-122.485003"><ele>83.2</ele></trkpt><trkpt lat="37.835243" lon="-122.484992"><ele>83.2</ele></trkpt><trkpt lat="37.835296" lon="-122.484977"><ele>83.2</ele></trkpt><trkpt lat="37.835344" lon="-122.484958"><ele>83.1</ele></trkpt><trkpt lat="37.835390" lon="-122.484935"><ele>83.1</ele></trkpt><trkpt lat="37.835430" lon="-122.484911"><ele>83.1</ele></trkpt><trkpt lat="37.835466" lon="-122.484886"><ele>83.1</ele></trkpt><trkpt lat="37.835501" lon="-122.484859"><ele>83.0</ele></trkpt><trkpt lat="37.835526" lon="-122.484836"><ele>83.0</ele></trkpt><trkpt lat="37.835550" lon="-122.484812"><ele>83.0</ele></trkpt><trkpt lat="37.835577" lon="-122.484784"><ele>83.0</ele></trkpt><trkpt lat="37.835600" lon="-122.484757"><ele>83.0</ele></trkpt><trkpt lat="37.835625" lon="-122.484726"><ele>83.0</ele></trkpt><trkpt lat="37.835651" lon="-122.484693"><ele>82.9</ele></trkpt><trkpt lat="37.835678" lon="-122.484656"><ele>82.9</ele></trkpt><trkpt lat="37.835704" lon="-122.484617"><ele>82.8</ele></trkpt><trkpt lat="37.835731" lon="-122.484573"><ele>82.7</ele></trkpt><trkpt lat="37.835758" lon="-122.484526"><ele>82.6</ele></trkpt><trkpt lat="37.835818" lon="-122.484411"><ele>82.4</ele></trkpt><trkpt lat="37.835900" lon="-122.484254"><ele>82.1</ele></trkpt><trkpt lat="37.835990" lon="-122.484075"><ele>81.7</ele></trkpt><trkpt lat="37.836040" lon="-122.483978"><ele>81.4</ele></trkpt><trkpt lat="37.836070" lon="-122.483921"><ele>81.2</ele></trkpt><trkpt lat="37.836079" lon="-122.483904"><ele>81.1</ele></trkpt><trkpt lat="37.836176" lon="-122.483727"><ele>80.5</ele></trkpt><trkpt lat="37.836213" lon="-122.483661"><ele>80.3</ele></trkpt><trkpt lat="37.836250" lon="-122.483605"><ele>80.1</ele></trkpt><trkpt lat="37.836286" lon="-122.483554"><ele>79.9</ele></trkpt><trkpt lat="37.836322" lon="-122.483510"><ele>79.7</ele></trkpt><trkpt lat="37.836365" lon="-122.483460"><ele>79.2</ele></trkpt><trkpt lat="37.836403" lon="-122.483420"><ele>78.9</ele></trkpt><trkpt lat="37.836444" lon="-122.483380"><ele>78.5</ele></trkpt><trkpt lat="37.836486" lon="-122.483343"><ele>78.2</ele></trkpt><trkpt lat="37.836524" lon="-122.483313"><ele>77.8</ele></trkpt><trkpt lat="37.836574" lon="-122.483275"><ele>77.4</ele></trkpt><trkpt lat="37.836627" lon="-122.483238"><ele>77.0</ele></trkpt><trkpt lat="37.836678" lon="-122.483205"><ele>76.6</ele></trkpt><trkpt lat="37.836736" lon="-122.483170"><ele>76.1</ele></trkpt><trkpt lat="37.836788" lon="-122.483137"><ele>75.6</ele></trkpt><trkpt lat="37.836851" lon="-122.483102"><ele>75.0</ele></trkpt><trkpt lat="37.836929" lon="-122.483065"><ele>74.3</ele></trkpt><trkpt lat="37.837080" lon="-122.483017"><ele>72.8</ele></trkpt><trkpt lat="37.837170" lon="-122.482999"><ele>72.0</ele></trkpt><trkpt lat="37.837245" lon="-122.482993"><ele>71.3</ele></trkpt><trkpt lat="37.837380" lon="-122.482995"><ele>69.8</ele></trkpt><trkpt lat="37.837449" lon="-122.483002"><ele>68.9</ele></trkpt><trkpt lat="37.837775" lon="-122.483030"><ele>64.8</ele></trkpt><trkpt lat="37.837865" lon="-122.483038"><ele>63.8</ele></trkpt><trkpt lat="37.837988" lon="-122.483048"><ele>62.5</ele></trkpt><trkpt lat="37.838074" lon="-122.483053"><ele>61.6</ele></trkpt><trkpt lat="37.838295" lon="-122.483063"><ele>59.2</ele></trkpt><trkpt lat="37.838360" lon="-122.483065"><ele>58.5</ele></trkpt><trkpt lat="37.838421" lon="-122.483063"><ele>58.1</ele></trkpt><trkpt lat="37.838485" lon="-122.483057"><ele>57.7</ele></trkpt><trkpt lat="37.838540" lon="-122.483051"><ele>57.3</ele></trkpt><trkpt lat="37.838606" lon="-122.483037"><ele>56.9</ele></trkpt><trkpt lat="37.838669" lon="-122.483022"><ele>56.4</ele></trkpt><trkpt lat="37.838736" lon="-122.483002"><ele>56.0</ele></trkpt><trkpt lat="37.838800" lon="-122.482979"><ele>55.5</ele></trkpt><trkpt lat="37.838865" lon="-122.482951"><ele>55.1</ele></trkpt><trkpt lat="37.838925" lon="-122.482922"><ele>54.9</ele></trkpt><trkpt lat="37.838998" lon="-122.482882"><ele>55.1</ele></trkpt><trkpt lat="37.839061" lon="-122.482842"><ele>55.2</ele></trkpt><trkpt lat="37.839177" lon="-122.482749"><ele>55.4</ele></trkpt><trkpt lat="37.839290" lon="-122.482642"><ele>55.6</ele></trkpt><trkpt lat="37.839399" lon="-122.482526"><ele>56.0</ele></trkpt><trkpt lat="37.839500" lon="-122.482397"><ele>56.5</ele></trkpt><trkpt lat="37.839588" lon="-122.482256"><ele>57.0</ele></trkpt><trkpt lat="37.839660" lon="-122.482121"><ele>57.4</ele></trkpt><trkpt lat="37.839735" lon="-122.481961"><ele>57.9</ele></trkpt><trkpt lat="37.839804" lon="-122.481779"><ele>58.3</ele></trkpt><trkpt lat="37.839854" lon="-122.481592"><ele>58.7</ele></trkpt><trkpt lat="37.839887" lon="-122.481413"><ele>59.1</ele></trkpt><trkpt lat="37.839905" lon="-122.481224"><ele>59.6</ele></trkpt><trkpt lat="37.839910" lon="-122.481031"><ele>60.0</ele></trkpt><trkpt lat="37.839905" lon="-122.480839"><ele>60.4</ele></trkpt><trkpt lat="37.839891" lon="-122.480559"><ele>61.1</ele></trkpt><trkpt lat="37.839853" lon="-122.479523"><ele>63.0</ele></trkpt><trkpt lat="37.839849" lon="-122.479372"><ele>63.1</ele></trkpt><trkpt lat="37.839846" lon="-122.479203"><ele>63.4</ele></trkpt><trkpt lat="37.839857" lon="-122.479062"><ele>63.7</ele></trkpt><trkpt lat="37.839881" lon="-122.478905"><ele>63.9</ele></trkpt><trkpt lat="37.839917" lon="-122.478748"><ele>64.2</ele></trkpt><trkpt lat="37.839957" lon="-122.478615"><ele>64.3</ele></trkpt><trkpt lat="37.840003" lon="-122.478500"><ele>64.2</ele></trkpt><trkpt lat="37.840037" lon="-122.478422"><ele>64.2</ele></trkpt><trkpt lat="37.840079" lon="-122.478338"><ele>64.1</ele></trkpt><trkpt lat="37.840139" lon="-122.478234"><ele>64.1</ele></trkpt><trkpt lat="37.840194" lon="-122.478152"><ele>64.0</ele></trkpt><trkpt lat="37.840243" lon="-122.478088"><ele>63.9</ele></trkpt><trkpt lat="37.840294" lon="-122.478027"><ele>63.6</ele></trkpt><trkpt lat="37.840358" lon="-122.477954"><ele>63.3</ele></trkpt><trkpt lat="37.840434" lon="-122.477883"><ele>63.0</ele></trkpt><trkpt lat="37.840486" lon="-122.477839"><ele>62.8</ele></trkpt><trkpt lat="37.840554" lon="-122.477789"><ele>62.5</ele></trkpt><trkpt lat="37.840628" lon="-122.477743"><ele>62.2</ele></trkpt><trkpt lat="37.840690" lon="-122.477710"><ele>61.9</ele></trkpt><trkpt lat="37.840816" lon="-122.477655"><ele>61.1</ele></trkpt><trkpt lat="37.840878" lon="-122.477632"><ele>60.7</ele></trkpt><trkpt lat="37.840937" lon="-122.477616"><ele>60.3</ele></trkpt><trkpt lat="37.841006" lon="-122.477599"><ele>59.9</ele></trkpt><trkpt lat="37.841079" lon="-122.477589"><ele>59.4</ele></trkpt><trkpt lat="37.841142" lon="-122.477583"><ele>59.1</ele></trkpt><trkpt lat="37.841196" lon="-122.477581"><ele>58.7</ele></trkpt><trkpt lat="37.841261" lon="-122.477584"><ele>58.1</ele></trkpt><trkpt lat="37.841324" lon="-122.477590"><ele>57.5</ele></trkpt><trkpt lat="37.841403" lon="-122.477601"><ele>56.8</ele></trkpt><trkpt lat="37.841478" lon="-122.477616"><ele>56.1</ele></trkpt><trkpt lat="37.841538" lon="-122.477633"><ele>55.6</ele></trkpt><trkpt lat="37.841602" lon="-122.477657"><ele>55.0</ele></trkpt><trkpt lat="37.841667" lon="-122.477684"><ele>54.3</ele></trkpt><trkpt lat="37.841742" lon="-122.477720"><ele>53.6</ele></trkpt><trkpt lat="37.841851" lon="-122.477777"><ele>52.4</ele></trkpt><trkpt lat="37.842272" lon="-122.477984"><ele>47.9</ele></trkpt><trkpt lat="37.842523" lon="-122.478111"><ele>45.8</ele></trkpt><trkpt lat="37.842671" lon="-122.478183"><ele>44.5</ele></trkpt><trkpt lat="37.842747" lon="-122.478216"><ele>44.1</ele></trkpt><trkpt lat="37.842828" lon="-122.478246"><ele>43.8</ele></trkpt><trkpt lat="37.842894" lon="-122.478267"><ele>43.6</ele></trkpt><trkpt lat="37.842951" lon="-122.478285"><ele>43.4</ele></trkpt><trkpt lat="37.843005" lon="-122.478300"><ele>43.2</ele></trkpt><trkpt lat="37.843069" lon="-122.478311"><ele>43.0</ele></trkpt><trkpt lat="37.843123" lon="-122.478317"><ele>42.8</ele></trkpt><trkpt lat="37.843173" lon="-122.478323"><ele>42.6</ele></trkpt><trkpt lat="37.843219" lon="-122.478325"><ele>42.5</ele></trkpt><trkpt lat="37.843283" lon="-122.478323"><ele>42.3</ele></trkpt><trkpt lat="37.843347" lon="-122.478318"><ele>42.1</ele></trkpt><trkpt lat="37.843406" lon="-122.478310"><ele>41.9</ele></trkpt><trkpt lat="37.843464" lon="-122.478297"><ele>41.8</ele></trkpt><trkpt lat="37.843519" lon="-122.478284"><ele>41.6</ele></trkpt><trkpt lat="37.843596" lon="-122.478257"><ele>41.4</ele></trkpt><trkpt lat="37.843696" lon="-122.478221"><ele>41.1</ele></trkpt><trkpt lat="37.843803" lon="-122.478183"><ele>40.7</ele></trkpt><trkpt lat="37.843921" lon="-122.478141"><ele>40.3</ele></trkpt><trkpt lat="37.844178" lon="-122.478054"><ele>39.2</ele></trkpt><trkpt lat="37.844310" lon="-122.478010"><ele>38.7</ele></trkpt><trkpt lat="37.844432" lon="-122.477965"><ele>38.6</ele></trkpt><trkpt lat="37.844511" lon="-122.477937"><ele>38.5</ele></trkpt><trkpt lat="37.844575" lon="-122.477911"><ele>38.4</ele></trkpt><trkpt lat="37.844628" lon="-122.477894"><ele>38.3</ele></trkpt><trkpt lat="37.844676" lon="-122.477886"><ele>38.3</ele></trkpt><trkpt lat="37.844730" lon="-122.477879"><ele>38.2</ele></trkpt><trkpt lat="37.844784" lon="-122.477874"><ele>38.2</ele></trkpt><trkpt lat="37.844801" lon="-122.477872"><ele>38.1</ele></trkpt><trkpt lat="37.844872" lon="-122.477867"><ele>38.1</ele></trkpt><trkpt lat="37.844945" lon="-122.477867"><ele>38.0</ele></trkpt><trkpt lat="37.845024" lon="-122.477869"><ele>37.9</ele></trkpt><trkpt lat="37.845126" lon="-122.477877"><ele>37.8</ele></trkpt><trkpt lat="37.845199" lon="-122.477885"><ele>37.7</ele></trkpt><trkpt lat="37.845302" lon="-122.477899"><ele>37.6</ele></trkpt><trkpt lat="37.845402" lon="-122.477914"><ele>37.3</ele></trkpt><trkpt lat="37.845483" lon="-122.477933"><ele>36.9</ele></trkpt><trkpt lat="37.845602" lon="-122.477964"><ele>36.3</ele></trkpt><trkpt lat="37.845730" lon="-122.478000"><ele>35.6</ele></trkpt><trkpt lat="37.845903" lon="-122.478051"><ele>34.7</ele></trkpt><trkpt lat="37.846037" lon="-122.478093"><ele>33.8</ele></trkpt><trkpt lat="37.846122" lon="-122.478123"><ele>33.2</ele></trkpt><trkpt lat="37.846174" lon="-122.478142"><ele>32.8</ele></trkpt><trkpt lat="37.846224" lon="-122.478168"><ele>32.5</ele></trkpt><trkpt lat="37.846286" lon="-122.478201"><ele>32.0</ele></trkpt><trkpt lat="37.846367" lon="-122.478259"><ele>31.4</ele></trkpt><trkpt lat="37.846443" lon="-122.478329"><ele>30.8</ele></trkpt><trkpt lat="37.846809" lon="-122.478704"><ele>28.5</ele></trkpt><trkpt lat="37.846877" lon="-122.478784"><ele>28.0</ele></trkpt><trkpt lat="37.846922" lon="-122.478867"><ele>27.6</ele></trkpt><trkpt lat="37.846956" lon="-122.478961"><ele>27.2</ele></trkpt><trkpt lat="37.846976" lon="-122.479044"><ele>26.8</ele></trkpt><trkpt lat="37.846981" lon="-122.479150"><ele>26.4</ele></trkpt><trkpt lat="37.846987" lon="-122.479908"><ele>23.3</ele></trkpt><trkpt lat="37.846989" lon="-122.480148"><ele>22.5</ele></trkpt><trkpt lat="37.846992" lon="-122.480379"><ele>21.7</ele></trkpt><trkpt lat="37.846990" lon="-122.480534"><ele>21.3</ele></trkpt><trkpt lat="37.846996" lon="-122.480621"><ele>21.0</ele></trkpt><trkpt lat="37.847007" lon="-122.480681"><ele>20.8</ele></trkpt><trkpt lat="37.847030" lon="-122.480732"><ele>20.6</ele></trkpt><trkpt lat="37.847057" lon="-122.480763"><ele>20.4</ele></trkpt><trkpt lat="37.847090" lon="-122.480781"><ele>20.2</ele></trkpt><trkpt lat="37.847124" lon="-122.480789"><ele>20.0</ele></trkpt><trkpt lat="37.847179" lon="-122.480791"><ele>19.7</ele></trkpt><trkpt lat="37.847241" lon="-122.480792"><ele>19.3</ele></trkpt><trkpt lat="37.847291" lon="-122.480792"><ele>19.0</ele></trkpt><trkpt lat="37.847894" lon="-122.480786"><ele>15.3</ele></trkpt><trkpt lat="37.847952" lon="-122.480784"><ele>14.9</ele></trkpt><trkpt lat="37.848003" lon="-122.480784"><ele>14.5</ele></trkpt><trkpt lat="37.848438" lon="-122.480778"><ele>12.0</ele></trkpt><trkpt lat="37.848691" lon="-122.480775"><ele>10.7</ele></trkpt><trkpt lat="37.848910" lon="-122.480773"><ele>10.0</ele></trkpt><trkpt lat="37.849092" lon="-122.480767"><ele>9.4</ele></trkpt><trkpt lat="37.849287" lon="-122.480761"><ele>8.8</ele></trkpt><trkpt lat="37.849449" lon="-122.480760"><ele>8.4</ele></trkpt><trkpt lat="37.849594" lon="-122.480760"><ele>7.9</ele></trkpt><trkpt lat="37.849877" lon="-122.480764"><ele>8.1</ele></trkpt><trkpt lat="37.849869" lon="-122.480099"><ele>9.3</ele></trkpt><trkpt lat="37.849870" lon="-122.480065"><ele>9.4</ele></trkpt><trkpt lat="37.849873" lon="-122.480032"><ele>9.4</ele></trkpt><trkpt lat="37.849880" lon="-122.479997"><ele>9.4</ele></trkpt><trkpt lat="37.849888" lon="-122.479962"><ele>9.4</ele></trkpt><trkpt lat="37.849899" lon="-122.479934"><ele>9.5</ele></trkpt><trkpt lat="37.849912" lon="-122.479907"><ele>9.5</ele></trkpt><trkpt lat="37.849927" lon="-122.479883"><ele>9.5</ele></trkpt><trkpt lat="37.849942" lon="-122.479864"><ele>9.6</ele></trkpt><trkpt lat="37.849962" lon="-122.479844"><ele>9.6</ele></trkpt><trkpt lat="37.849984" lon="-122.479828"><ele>9.6</ele></trkpt><trkpt lat="37.850008" lon="-122.479814"><ele>9.6</ele></trkpt><trkpt lat="37.850033" lon="-122.479801"><ele>9.7</ele></trkpt><trkpt lat="37.850313" lon="-122.479698"><ele>9.5</ele></trkpt><trkpt lat="37.850359" lon="-122.479678"><ele>9.5</ele></trkpt><trkpt lat="37.850408" lon="-122.479653"><ele>9.4</ele></trkpt><trkpt lat="37.850456" lon="-122.479624"><ele>9.3</ele></trkpt><trkpt lat="37.850504" lon="-122.479590"><ele>9.3</ele></trkpt><trkpt lat="37.850825" lon="-122.479360"><ele>9.1</ele></trkpt><trkpt lat="37.850857" lon="-122.479338"><ele>9.1</ele></trkpt><trkpt lat="37.850895" lon="-122.479315"><ele>9.1</ele></trkpt><trkpt lat="37.850932" lon="-122.479295"><ele>9.1</ele></trkpt><trkpt lat="37.851499" lon="-122.478984"><ele>9.9</ele></trkpt><trkpt lat="37.851526" lon="-122.478971"><ele>10.0</ele></trkpt><trkpt lat="37.851550" lon="-122.478961"><ele>10.0</ele></trkpt><trkpt lat="37.851575" lon="-122.478955"><ele>10.0</ele></trkpt><trkpt lat="37.851599" lon="-122.478950"><ele>10.0</ele></trkpt><trkpt lat="37.851623" lon="-122.478949"><ele>10.0</ele></trkpt><trkpt lat="37.851649" lon="-122.478949"><ele>10.0</ele></trkpt><trkpt lat="37.854547" lon="-122.478950"><ele>5.5</ele></trkpt><trkpt lat="37.854810" lon="-122.478950"><ele>5.5</ele></trkpt><trkpt lat="37.854834" lon="-122.478952"><ele>5.5</ele></trkpt><trkpt lat="37.854856" lon="-122.478954"><ele>5.5</ele></trkpt><trkpt lat="37.854878" lon="-122.478958"><ele>5.5</ele></trkpt><trkpt lat="37.854901" lon="-122.478965"><ele>5.5</ele></trkpt><trkpt lat="37.854922" lon="-122.478973"><ele>5.5</ele></trkpt><trkpt lat="37.854943" lon="-122.478982"><ele>5.5</ele></trkpt><trkpt lat="37.854975" lon="-122.478997"><ele>5.6</ele></trkpt><trkpt lat="37.855016" lon="-122.479020"><ele>5.6</ele></trkpt><trkpt lat="37.855144" lon="-122.479094"><ele>5.7</ele></trkpt><trkpt lat="37.855300" lon="-122.479186"><ele>5.8</ele></trkpt><trkpt lat="37.855783" lon="-122.479468"><ele>7.1</ele></trkpt><trkpt lat="37.855803" lon="-122.479391"><ele>7.3</ele></trkpt><trkpt lat="37.855820" lon="-122.479385"><ele>7.3</ele></trkpt><trkpt lat="37.855828" lon="-122.479371"><ele>7.4</ele></trkpt><trkpt lat="37.855830" lon="-122.479000"><ele>7.9</ele></trkpt><trkpt lat="37.855828" lon="-122.479371"><ele>8.3</ele></trkpt><trkpt lat="37.855820" lon="-122.479385"><ele>8.3</ele></trkpt><trkpt lat="37.855879" lon="-122.479425"><ele>8.3</ele></trkpt><trkpt lat="37.855874" lon="-122.479526"><ele>8.4</ele></trkpt><trkpt lat="37.855915" lon="-122.479554"><ele>8.4</ele></trkpt><trkpt lat="37.855976" lon="-122.479596"><ele>8.4</ele></trkpt><trkpt lat="37.856400" lon="-122.479890"><ele>9.0</ele></trkpt><trkpt lat="37.856429" lon="-122.479908"><ele>9.1</ele></trkpt><trkpt lat="37.856461" lon="-122.479928"><ele>9.2</ele></trkpt><trkpt lat="37.856528" lon="-122.479967"><ele>9.3</ele></trkpt><trkpt lat="37.856575" lon="-122.479997"><ele>9.4</ele></trkpt><trkpt lat="37.856621" lon="-122.480032"><ele>9.5</ele></trkpt><trkpt lat="37.856661" lon="-122.480071"><ele>9.5</ele></trkpt><trkpt lat="37.856698" lon="-122.480115"><ele>9.6</ele></trkpt><trkpt lat="37.856737" lon="-122.480166"><ele>9.6</ele></trkpt><trkpt lat="37.856772" lon="-122.480216"><ele>9.7</ele></trkpt><trkpt lat="37.856937" lon="-122.480470"><ele>10.0</ele></trkpt><trkpt lat="37.856978" lon="-122.480533"><ele>10.1</ele></trkpt><trkpt lat="37.857024" lon="-122.480604"><ele>9.9</ele></trkpt><trkpt lat="37.857109" lon="-122.480733"><ele>9.7</ele></trkpt><trkpt lat="37.857213" lon="-122.480887"><ele>9.4</ele></trkpt><trkpt lat="37.857304" lon="-122.481016"><ele>9.2</ele></trkpt><trkpt lat="37.857378" lon="-122.481122"><ele>9.1</ele></trkpt><trkpt lat="37.857455" lon="-122.481227"><ele>8.9</ele></trkpt><trkpt lat="37.857463" lon="-122.481236"><ele>8.9</ele></trkpt><trkpt lat="37.857529" lon="-122.481323"><ele>8.8</ele></trkpt><trkpt lat="37.857677" lon="-122.481506"><ele>8.6</ele></trkpt><trkpt lat="37.857741" lon="-122.481588"><ele>8.5</ele></trkpt><trkpt lat="37.857805" lon="-122.481672"><ele>8.4</ele></trkpt><trkpt lat="37.857865" lon="-122.481754"><ele>8.3</ele></trkpt><trkpt lat="37.857919" lon="-122.481833"><ele>8.2</ele></trkpt><trkpt lat="37.857972" lon="-122.481917"><ele>8.1</ele></trkpt><trkpt lat="37.858025" lon="-122.482006"><ele>8.0</ele></trkpt><trkpt lat="37.858146" lon="-122.482211"><ele>7.5</ele></trkpt><trkpt lat="37.858183" lon="-122.482278"><ele>7.2</ele></trkpt><trkpt lat="37.858218" lon="-122.482349"><ele>7.0</ele></trkpt><trkpt lat="37.858249" lon="-122.482424"><ele>6.8</ele></trkpt><trkpt lat="37.858310" lon="-122.482598"><ele>6.3</ele></trkpt><trkpt lat="37.858339" lon="-122.482680"><ele>6.0</ele></trkpt><trkpt lat="37.858366" lon="-122.482763"><ele>5.8</ele></trkpt><trkpt lat="37.858379" lon="-122.482808"><ele>5.7</ele></trkpt><trkpt lat="37.858387" lon="-122.482837"><ele>5.7</ele></trkpt><trkpt lat="37.858405" lon="-122.482910"><ele>5.5</ele></trkpt><trkpt lat="37.858422" lon="-122.482983"><ele>5.3</ele></trkpt><trkpt lat="37.858441" lon="-122.483060"><ele>5.1</ele></trkpt><trkpt lat="37.858474" lon="-122.483163"><ele>4.9</ele></trkpt><trkpt lat="37.858499" lon="-122.483238"><ele>4.7</ele></trkpt><trkpt lat="37.858531" lon="-122.483329"><ele>4.5</ele></trkpt><trkpt lat="37.858566" lon="-122.483430"><ele>4.4</ele></trkpt><trkpt lat="37.858744" lon="-122.483939"><ele>3.6</ele></trkpt><trkpt lat="37.858772" lon="-122.484019"><ele>3.6</ele></trkpt><trkpt lat="37.858803" lon="-122.484105"><ele>3.5</ele></trkpt><trkpt lat="37.858835" lon="-122.484189"><ele>3.4</ele></trkpt><trkpt lat="37.858868" lon="-122.484271"><ele>3.3</ele></trkpt><trkpt lat="37.858901" lon="-122.484349"><ele>3.2</ele></trkpt><trkpt lat="37.858937" lon="-122.484433"><ele>3.1</ele></trkpt><trkpt lat="37.858952" lon="-122.484469"><ele>3.1</ele></trkpt><trkpt lat="37.859126" lon="-122.484867"><ele>2.7</ele></trkpt><trkpt lat="37.859159" lon="-122.484941"><ele>2.6</ele></trkpt><trkpt lat="37.859196" lon="-122.485020"><ele>2.5</ele></trkpt><trkpt lat="37.859282" lon="-122.485201"><ele>2.4</ele></trkpt><trkpt lat="37.859431" lon="-122.485511"><ele>2.2</ele></trkpt><trkpt lat="37.859551" lon="-122.485760"><ele>2.1</ele></trkpt><trkpt lat="37.859587" lon="-122.485836"><ele>2.1</ele></trkpt><trkpt lat="37.859623" lon="-122.485917"><ele>2.1</ele></trkpt><trkpt lat="37.859648" lon="-122.485975"><ele>2.1</ele></trkpt><trkpt lat="37.859742" lon="-122.486189"><ele>2.1</ele></trkpt><trkpt lat="37.859955" lon="-122.486666"><ele>2.1</ele></trkpt><trkpt lat="37.859982" lon="-122.486727"><ele>2.1</ele></trkpt><trkpt lat="37.860021" lon="-122.486821"><ele>2.1</ele></trkpt><trkpt lat="37.860074" lon="-122.486937"><ele>2.2</ele></trkpt><trkpt lat="37.860155" lon="-122.487116"><ele>2.4</ele></trkpt><trkpt lat="37.860236" lon="-122.487295"><ele>2.5</ele></trkpt><trkpt lat="37.860363" lon="-122.487572"><ele>2.7</ele></trkpt><trkpt lat="37.860400" lon="-122.487653"><ele>2.7</ele></trkpt><trkpt lat="37.860433" lon="-122.487725"><ele>2.6</ele></trkpt><trkpt lat="37.860778" lon="-122.488454"><ele>2.8</ele></trkpt><trkpt lat="37.860826" lon="-122.488557"><ele>2.9</ele></trkpt><trkpt lat="37.860853" lon="-122.488613"><ele>3.0</ele></trkpt><trkpt lat="37.860978" lon="-122.488869"><ele>3.6</ele></trkpt><trkpt lat="37.861034" lon="-122.488985"><ele>3.9</ele></trkpt><trkpt lat="37.861101" lon="-122.489123"><ele>4.2</ele></trkpt><trkpt lat="37.861152" lon="-122.489229"><ele>4.5</ele></trkpt><trkpt lat="37.861205" lon="-122.489335"><ele>4.7</ele></trkpt><trkpt lat="37.861253" lon="-122.489434"><ele>4.9</ele></trkpt><trkpt lat="37.861308" lon="-122.489490"><ele>5.0</ele></trkpt><trkpt lat="37.861332" lon="-122.489532"><ele>5.1</ele></trkpt><trkpt lat="37.861417" lon="-122.489718"><ele>5.3</ele></trkpt><trkpt lat="37.861479" lon="-122.489855"><ele>5.6</ele></trkpt><trkpt lat="37.861492" lon="-122.489886"><ele>5.6</ele></trkpt><trkpt lat="37.861539" lon="-122.490002"><ele>5.9</ele></trkpt><trkpt lat="37.861592" lon="-122.490151"><ele>6.2</ele></trkpt><trkpt lat="37.861638" lon="-122.490303"><ele>6.5</ele></trkpt><trkpt lat="37.861659" lon="-122.490381"><ele>6.6</ele></trkpt><trkpt lat="37.861680" lon="-122.490461"><ele>6.8</ele></trkpt><trkpt lat="37.861693" lon="-122.490513"><ele>6.9</ele></trkpt><trkpt lat="37.861718" lon="-122.490618"><ele>7.1</ele></trkpt><trkpt lat="37.861753" lon="-122.490775"><ele>7.3</ele></trkpt><trkpt lat="37.861783" lon="-122.490936"><ele>7.6</ele></trkpt><trkpt lat="37.861810" lon="-122.491097"><ele>7.9</ele></trkpt><trkpt lat="37.861833" lon="-122.491258"><ele>8.0</ele></trkpt><trkpt lat="37.861853" lon="-122.491420"><ele>8.1</ele></trkpt><trkpt lat="37.861869" lon="-122.491585"><ele>8.1</ele></trkpt><trkpt lat="37.861881" lon="-122.491748"><ele>8.2</ele></trkpt><trkpt lat="37.861889" lon="-122.491912"><ele>8.0</ele></trkpt><trkpt lat="37.861893" lon="-122.492076"><ele>7.8</ele></trkpt><trkpt lat="37.861921" lon="-122.493199"><ele>6.6</ele></trkpt><trkpt lat="37.861927" lon="-122.493448"><ele>6.2</ele></trkpt><trkpt lat="37.861930" lon="-122.493562"><ele>6.0</ele></trkpt><trkpt lat="37.861931" lon="-122.493597"><ele>5.9</ele></trkpt><trkpt lat="37.861932" lon="-122.493616"><ele>5.9</ele></trkpt><trkpt lat="37.861990" lon="-122.493585"><ele>5.7</ele></trkpt><trkpt lat="37.862010" lon="-122.493616"><ele>5.6</ele></trkpt><trkpt lat="37.862048" lon="-122.493657"><ele>5.5</ele></trkpt><trkpt lat="37.862087" lon="-122.493734"><ele>5.5</ele></trkpt><trkpt lat="37.862129" lon="-122.493856"><ele>5.4</ele></trkpt><trkpt lat="37.862180" lon="-122.494022"><ele>5.3</ele></trkpt><trkpt lat="37.862226" lon="-122.494157"><ele>5.3</ele></trkpt><trkpt lat="37.862253" lon="-122.494217"><ele>5.2</ele></trkpt><trkpt lat="37.862276" lon="-122.494252"><ele>5.2</ele></trkpt><trkpt lat="37.862300" lon="-122.494274"><ele>5.2</ele></trkpt><trkpt lat="37.862341" lon="-122.494296"><ele>5.2</ele></trkpt><trkpt lat="37.862390" lon="-122.494425"><ele>5.1</ele></trkpt><trkpt lat="37.862434" lon="-122.494503"><ele>5.0</ele></trkpt><trkpt lat="37.862466" lon="-122.494563"><ele>5.0</ele></trkpt><trkpt lat="37.862532" lon="-122.494650"><ele>5.0</ele></trkpt><trkpt lat="37.862578" lon="-122.494703"><ele>4.9</ele></trkpt><trkpt lat="37.862642" lon="-122.494782"><ele>4.9</ele></trkpt><trkpt lat="37.862735" lon="-122.494898"><ele>4.7</ele></trkpt><trkpt lat="37.863473" lon="-122.495803"><ele>4.0</ele></trkpt><trkpt lat="37.863496" lon="-122.495836"><ele>4.0</ele></trkpt><trkpt lat="37.863544" lon="-122.495871"><ele>4.0</ele></trkpt><trkpt lat="37.863586" lon="-122.495912"><ele>4.0</ele></trkpt><trkpt lat="37.863601" lon="-122.495927"><ele>4.0</ele></trkpt><trkpt lat="37.863876" lon="-122.496262"><ele>4.0</ele></trkpt><trkpt lat="37.863883" lon="-122.496271"><ele>4.0</ele></trkpt><trkpt lat="37.864374" lon="-122.496864"><ele>4.1</ele></trkpt><trkpt lat="37.864515" lon="-122.497035"><ele>4.0</ele></trkpt><trkpt lat="37.864493" lon="-122.497062"><ele>4.0</ele></trkpt><trkpt lat="37.864466" lon="-122.497099"><ele>4.0</ele></trkpt><trkpt lat="37.864312" lon="-122.497304"><ele>4.1</ele></trkpt><trkpt lat="37.864293" lon="-122.497329"><ele>4.1</ele></trkpt><trkpt lat="37.864217" lon="-122.497429"><ele>4.1</ele></trkpt><trkpt lat="37.864234" lon="-122.497555"><ele>4.2</ele></trkpt><trkpt lat="37.864504" lon="-122.497872"><ele>4.3</ele></trkpt><trkpt lat="37.864704" lon="-122.498101"><ele>4.3</ele></trkpt><trkpt lat="37.864879" lon="-122.498310"><ele>4.2</ele></trkpt><trkpt lat="37.864924" lon="-122.498345"><ele>4.1</ele></trkpt><trkpt lat="37.864953" lon="-122.498365"><ele>4.1</ele></trkpt><trkpt lat="37.864985" lon="-122.498372"><ele>4.1</ele></trkpt><trkpt lat="37.865122" lon="-122.498381"><ele>4.0</ele></trkpt><trkpt lat="37.865134" lon="-122.498393"><ele>4.0</ele></trkpt><trkpt lat="37.865706" lon="-122.499006"><ele>3.0</ele></trkpt><trkpt lat="37.866217" lon="-122.499554"><ele>2.4</ele></trkpt><trkpt lat="37.866256" lon="-122.499594"><ele>2.4</ele></trkpt><trkpt lat="37.866667" lon="-122.500019"><ele>2.1</ele></trkpt><trkpt lat="37.866813" lon="-122.500180"><ele>2.1</ele></trkpt><trkpt lat="37.866948" lon="-122.500328"><ele>2.1</ele></trkpt><trkpt lat="37.867033" lon="-122.500424"><ele>2.1</ele></trkpt><trkpt lat="37.867126" lon="-122.500529"><ele>2.1</ele></trkpt><trkpt lat="37.866956" lon="-122.500755"><ele>2.1</ele></trkpt><trkpt lat="37.866946" lon="-122.500769"><ele>2.1</ele></trkpt><trkpt lat="37.866984" lon="-122.500811"><ele>2.1</ele></trkpt><trkpt lat="37.867023" lon="-122.500854"><ele>2.1</ele></trkpt><trkpt lat="37.867370" lon="-122.501191"><ele>2.1</ele></trkpt><trkpt lat="37.867707" lon="-122.501534"><ele>2.1</ele></trkpt><trkpt lat="37.867928" lon="-122.501776"><ele>2.1</ele></trkpt><trkpt lat="37.867959" lon="-122.501813"><ele>2.1</ele></trkpt><trkpt lat="37.868063" lon="-122.501935"><ele>2.1</ele></trkpt><trkpt lat="37.868202" lon="-122.502086"><ele>2.1</ele></trkpt><trkpt lat="37.868455" lon="-122.502324"><ele>2.1</ele></trkpt><trkpt lat="37.868611" lon="-122.502459"><ele>2.2</ele></trkpt><trkpt lat="37.868657" lon="-122.502503"><ele>2.3</ele></trkpt><trkpt lat="37.868724" lon="-122.502556"><ele>2.4</ele></trkpt><trkpt lat="37.868774" lon="-122.502600"><ele>2.4</ele></trkpt><trkpt lat="37.868945" lon="-122.502724"><ele>2.6</ele></trkpt><trkpt lat="37.868990" lon="-122.502757"><ele>2.7</ele></trkpt><trkpt lat="37.869024" lon="-122.502761"><ele>2.7</ele></trkpt><trkpt lat="37.869222" lon="-122.502872"><ele>2.9</ele></trkpt><trkpt lat="37.869273" lon="-122.502912"><ele>2.9</ele></trkpt><trkpt lat="37.869316" lon="-122.502957"><ele>2.9</ele></trkpt><trkpt lat="37.869361" lon="-122.502985"><ele>3.0</ele></trkpt><trkpt lat="37.869493" lon="-122.503055"><ele>3.0</ele></trkpt><trkpt lat="37.869743" lon="-122.503174"><ele>3.5</ele></trkpt><trkpt lat="37.869954" lon="-122.503277"><ele>3.9</ele></trkpt><trkpt lat="37.870414" lon="-122.503480"><ele>5.2</ele></trkpt><trkpt lat="37.870549" lon="-122.503540"><ele>5.6</ele></trkpt><trkpt lat="37.870587" lon="-122.503556"><ele>5.6</ele></trkpt><trkpt lat="37.870645" lon="-122.503580"><ele>5.8</ele></trkpt><trkpt lat="37.870709" lon="-122.503611"><ele>5.9</ele></trkpt><trkpt lat="37.870780" lon="-122.503638"><ele>6.1</ele></trkpt><trkpt lat="37.870815" lon="-122.503651"><ele>6.2</ele></trkpt><trkpt lat="37.870937" lon="-122.503717"><ele>6.5</ele></trkpt><trkpt lat="37.871254" lon="-122.503899"><ele>6.7</ele></trkpt><trkpt lat="37.871618" lon="-122.504168"><ele>6.6</ele></trkpt><trkpt lat="37.871671" lon="-122.504225"><ele>6.5</ele></trkpt><trkpt lat="37.871775" lon="-122.504334"><ele>6.3</ele></trkpt><trkpt lat="37.872112" lon="-122.504728"><ele>5.5</ele></trkpt><trkpt lat="37.872449" lon="-122.505200"><ele>4.4</ele></trkpt><trkpt lat="37.872598" lon="-122.505455"><ele>3.8</ele></trkpt><trkpt lat="37.872683" lon="-122.505600"><ele>3.7</ele></trkpt><trkpt lat="37.872740" lon="-122.505680"><ele>3.7</ele></trkpt><trkpt lat="37.872768" lon="-122.505719"><ele>3.7</ele></trkpt><trkpt lat="37.873191" lon="-122.506508"><ele>3.9</ele></trkpt><trkpt lat="37.873227" lon="-122.506571"><ele>3.9</ele></trkpt><trkpt lat="37.873297" lon="-122.506685"><ele>4.0</ele></trkpt><trkpt lat="37.873345" lon="-122.506755"><ele>4.0</ele></trkpt><trkpt lat="37.873387" lon="-122.506810"><ele>4.1</ele></trkpt><trkpt lat="37.873416" lon="-122.506844"><ele>4.1</ele></trkpt><trkpt lat="37.873444" lon="-122.506876"><ele>4.1</ele></trkpt><trkpt lat="37.873475" lon="-122.506910"><ele>4.1</ele></trkpt><trkpt lat="37.873511" lon="-122.506949"><ele>4.2</ele></trkpt><trkpt lat="37.873545" lon="-122.506990"><ele>4.2</ele></trkpt><trkpt lat="37.873577" lon="-122.507029"><ele>4.2</ele></trkpt><trkpt lat="37.873611" lon="-122.507072"><ele>4.2</ele></trkpt><trkpt lat="37.873649" lon="-122.507122"><ele>4.3</ele></trkpt><trkpt lat="37.873683" lon="-122.507170"><ele>4.3</ele></trkpt><trkpt lat="37.873717" lon="-122.507222"><ele>4.3</ele></trkpt><trkpt lat="37.873752" lon="-122.507276"><ele>4.3</ele></trkpt><trkpt lat="37.873790" lon="-122.507330"><ele>4.3</ele></trkpt><trkpt lat="37.873844" lon="-122.507403"><ele>4.3</ele></trkpt><trkpt lat="37.874123" lon="-122.507767"><ele>4.2</ele></trkpt><trkpt lat="37.874505" lon="-122.508269"><ele>3.6</ele></trkpt><trkpt lat="37.875296" lon="-122.509298"><ele>1.5</ele></trkpt><trkpt lat="37.875831" lon="-122.509993"><ele>2.3</ele></trkpt><trkpt lat="37.876262" lon="-122.510556"><ele>3.0</ele></trkpt><trkpt lat="37.876709" lon="-122.511137"><ele>4.0</ele></trkpt><trkpt lat="37.877704" lon="-122.512432"><ele>4.0</ele></trkpt><trkpt lat="37.878049" lon="-122.512883"><ele>3.8</ele></trkpt><trkpt lat="37.878330" lon="-122.513251"><ele>3.4</ele></trkpt><trkpt lat="37.878518" lon="-122.513496"><ele>3.1</ele></trkpt><trkpt lat="37.878678" lon="-122.513703"><ele>2.9</ele></trkpt><trkpt lat="37.878852" lon="-122.513924"><ele>2.8</ele></trkpt><trkpt lat="37.878977" lon="-122.514078"><ele>2.8</ele></trkpt><trkpt lat="37.879095" lon="-122.514230"><ele>2.9</ele></trkpt><trkpt lat="37.879330" lon="-122.514539"><ele>3.1</ele></trkpt><trkpt lat="37.879358" lon="-122.514577"><ele>3.1</ele></trkpt><trkpt lat="37.879385" lon="-122.514620"><ele>3.2</ele></trkpt><trkpt lat="37.879408" lon="-122.514661"><ele>3.2</ele></trkpt><trkpt lat="37.879426" lon="-122.514705"><ele>3.3</ele></trkpt><trkpt lat="37.879441" lon="-122.514751"><ele>3.3</ele></trkpt><trkpt lat="37.879446" lon="-122.514779"><ele>3.3</ele></trkpt><trkpt lat="37.879447" lon="-122.514812"><ele>3.4</ele></trkpt><trkpt lat="37.879560" lon="-122.514962"><ele>3.6</ele></trkpt><trkpt lat="37.879647" lon="-122.515077"><ele>3.6</ele></trkpt><trkpt lat="37.879676" lon="-122.515081"><ele>3.6</ele></trkpt><trkpt lat="37.879733" lon="-122.515099"><ele>3.5</ele></trkpt><trkpt lat="37.879768" lon="-122.515116"><ele>3.5</ele></trkpt><trkpt lat="37.879797" lon="-122.515140"><ele>3.4</ele></trkpt><trkpt lat="37.879836" lon="-122.515185"><ele>3.4</ele></trkpt><trkpt lat="37.880170" lon="-122.515620"><ele>2.9</ele></trkpt><trkpt lat="37.881214" lon="-122.516975"><ele>0.8</ele></trkpt><trkpt lat="37.881799" lon="-122.517737"><ele>0.3</ele></trkpt><trkpt lat="37.882013" lon="-122.518028"><ele>0.4</ele></trkpt><trkpt lat="37.882230" lon="-122.518328"><ele>0.6</ele></trkpt><trkpt lat="37.882508" lon="-122.518687"><ele>0.8</ele></trkpt><trkpt lat="37.882680" lon="-122.518910"><ele>0.9</ele></trkpt><trkpt lat="37.882702" lon="-122.518937"><ele>1.0</ele></trkpt><trkpt lat="37.882917" lon="-122.519216"><ele>1.3</ele></trkpt><trkpt lat="37.884016" lon="-122.520640"><ele>1.8</ele></trkpt><trkpt lat="37.884131" lon="-122.520797"><ele>1.8</ele></trkpt><trkpt lat="37.884185" lon="-122.520869"><ele>1.8</ele></trkpt><trkpt lat="37.884681" lon="-122.521488"><ele>2.0</ele></trkpt><trkpt lat="37.885261" lon="-122.522238"><ele>2.8</ele></trkpt><trkpt lat="37.885334" lon="-122.522335"><ele>3.1</ele></trkpt><trkpt lat="37.885761" lon="-122.522893"><ele>4.8</ele></trkpt><trkpt lat="37.886027" lon="-122.523246"><ele>5.9</ele></trkpt><trkpt lat="37.886301" lon="-122.523594"><ele>6.6</ele></trkpt><trkpt lat="37.886427" lon="-122.523737"><ele>6.9</ele></trkpt><trkpt lat="37.886538" lon="-122.523853"><ele>7.4</ele></trkpt><trkpt lat="37.886763" lon="-122.524062"><ele>8.5</ele></trkpt><trkpt lat="37.887025" lon="-122.524263"><ele>9.1</ele></trkpt><trkpt lat="37.887120" lon="-122.524322"><ele>9.0</ele></trkpt><trkpt lat="37.887216" lon="-122.524374"><ele>9.0</ele></trkpt><trkpt lat="37.887414" lon="-122.524467"><ele>8.8</ele></trkpt><trkpt lat="37.887678" lon="-122.524575"><ele>8.5</ele></trkpt><trkpt lat="37.887787" lon="-122.524606"><ele>8.4</ele></trkpt><trkpt lat="37.887990" lon="-122.524664"><ele>8.0</ele></trkpt><trkpt lat="37.888357" lon="-122.524764"><ele>7.0</ele></trkpt><trkpt lat="37.888731" lon="-122.524836"><ele>6.2</ele></trkpt><trkpt lat="37.889571" lon="-122.524978"><ele>4.5</ele></trkpt><trkpt lat="37.889827" lon="-122.525017"><ele>4.1</ele></trkpt><trkpt lat="37.889827" lon="-122.525052"><ele>4.0</ele></trkpt><trkpt lat="37.889823" lon="-122.525154"><ele>3.9</ele></trkpt><trkpt lat="37.889821" lon="-122.525183"><ele>3.8</ele></trkpt><trkpt lat="37.889816" lon="-122.525256"><ele>3.7</ele></trkpt><trkpt lat="37.889845" lon="-122.525263"><ele>3.7</ele></trkpt><trkpt lat="37.889909" lon="-122.525280"><ele>3.6</ele></trkpt><trkpt lat="37.889972" lon="-122.525300"><ele>3.4</ele></trkpt><trkpt lat="37.890034" lon="-122.525323"><ele>3.3</ele></trkpt><trkpt lat="37.890099" lon="-122.525352"><ele>3.1</ele></trkpt><trkpt lat="37.890160" lon="-122.525384"><ele>3.0</ele></trkpt><trkpt lat="37.890222" lon="-122.525420"><ele>2.8</ele></trkpt><trkpt lat="37.890279" lon="-122.525458"><ele>2.7</ele></trkpt><trkpt lat="37.890339" lon="-122.525500"><ele>2.5</ele></trkpt><trkpt lat="37.890393" lon="-122.525542"><ele>2.4</ele></trkpt><trkpt lat="37.890451" lon="-122.525593"><ele>2.4</ele></trkpt><trkpt lat="37.890502" lon="-122.525641"><ele>2.4</ele></trkpt><trkpt lat="37.890552" lon="-122.525693"><ele>2.4</ele></trkpt><trkpt lat="37.890603" lon="-122.525750"><ele>2.4</ele></trkpt><trkpt lat="37.890653" lon="-122.525810"><ele>2.4</ele></trkpt><trkpt lat="37.890697" lon="-122.525869"><ele>2.4</ele></trkpt><trkpt lat="37.890741" lon="-122.525933"><ele>2.4</ele></trkpt><trkpt lat="37.890784" lon="-122.526002"><ele>2.4</ele></trkpt><trkpt lat="37.890822" lon="-122.526069"><ele>2.3</ele></trkpt><trkpt lat="37.891119" lon="-122.526609"><ele>1.4</ele></trkpt><trkpt lat="37.891678" lon="-122.527629"><ele>0.6</ele></trkpt><trkpt lat="37.891965" lon="-122.528152"><ele>0.6</ele></trkpt><trkpt lat="37.892121" lon="-122.528440"><ele>0.6</ele></trkpt><trkpt lat="37.892288" lon="-122.528747"><ele>0.6</ele></trkpt><trkpt lat="37.892493" lon="-122.529127"><ele>1.2</ele></trkpt><trkpt lat="37.892532" lon="-122.529198"><ele>1.3</ele></trkpt><trkpt lat="37.892567" lon="-122.529264"><ele>1.4</ele></trkpt><trkpt lat="37.892604" lon="-122.529338"><ele>1.5</ele></trkpt><trkpt lat="37.892639" lon="-122.529414"><ele>1.6</ele></trkpt><trkpt lat="37.892671" lon="-122.529483"><ele>1.7</ele></trkpt><trkpt lat="37.892703" lon="-122.529559"><ele>1.7</ele></trkpt><trkpt lat="37.892754" lon="-122.529693"><ele>1.9</ele></trkpt><trkpt lat="37.892830" lon="-122.529896"><ele>2.1</ele></trkpt><trkpt lat="37.892877" lon="-122.529997"><ele>2.2</ele></trkpt><trkpt lat="37.892907" lon="-122.530069"><ele>2.2</ele></trkpt><trkpt lat="37.892956" lon="-122.530178"><ele>2.4</ele></trkpt><trkpt lat="37.892997" lon="-122.530257"><ele>2.4</ele></trkpt><trkpt lat="37.893174" lon="-122.530585"><ele>2.8</ele></trkpt><trkpt lat="37.893257" lon="-122.530740"><ele>2.9</ele></trkpt><trkpt lat="37.893325" lon="-122.530867"><ele>2.9</ele></trkpt><trkpt lat="37.893570" lon="-122.531323"><ele>3.2</ele></trkpt><trkpt lat="37.893635" lon="-122.531444"><ele>3.2</ele></trkpt><trkpt lat="37.893717" lon="-122.531597"><ele>3.3</ele></trkpt><trkpt lat="37.893788" lon="-122.531725"><ele>3.4</ele></trkpt><trkpt lat="37.893864" lon="-122.531861"><ele>3.5</ele></trkpt><trkpt lat="37.893943" lon="-122.531994"><ele>3.5</ele></trkpt><trkpt lat="37.894025" lon="-122.532131"><ele>3.6</ele></trkpt><trkpt lat="37.894072" lon="-122.532210"><ele>3.6</ele></trkpt><trkpt lat="37.894130" lon="-122.532304"><ele>3.7</ele></trkpt><trkpt lat="37.894191" lon="-122.532406"><ele>3.9</ele></trkpt><trkpt lat="37.894242" lon="-122.532490"><ele>4.0</ele></trkpt><trkpt lat="37.894323" lon="-122.532623"><ele>4.1</ele></trkpt><trkpt lat="37.894370" lon="-122.532701"><ele>4.2</ele></trkpt><trkpt lat="37.894432" lon="-122.532806"><ele>4.3</ele></trkpt><trkpt lat="37.894491" lon="-122.532906"><ele>4.3</ele></trkpt><trkpt lat="37.894552" lon="-122.533006"><ele>4.4</ele></trkpt><trkpt lat="37.894633" lon="-122.533141"><ele>4.5</ele></trkpt><trkpt lat="37.894740" lon="-122.533318"><ele>4.6</ele></trkpt><trkpt lat="37.894834" lon="-122.533474"><ele>4.7</ele></trkpt><trkpt lat="37.894894" lon="-122.533572"><ele>4.7</ele></trkpt><trkpt lat="37.894955" lon="-122.533672"><ele>4.8</ele></trkpt><trkpt lat="37.894997" lon="-122.533741"><ele>4.8</ele></trkpt><trkpt lat="37.895037" lon="-122.533805"><ele>4.8</ele></trkpt><trkpt lat="37.895112" lon="-122.533923"><ele>4.8</ele></trkpt><trkpt lat="37.895251" lon="-122.534138"><ele>4.7</ele></trkpt><trkpt lat="37.895295" lon="-122.534207"><ele>4.7</ele></trkpt><trkpt lat="37.895344" lon="-122.534283"><ele>4.6</ele></trkpt><trkpt lat="37.895395" lon="-122.534368"><ele>4.6</ele></trkpt><trkpt lat="37.895448" lon="-122.534461"><ele>4.5</ele></trkpt><trkpt lat="37.895467" lon="-122.534491"><ele>4.5</ele></trkpt><trkpt lat="37.895535" lon="-122.534599"><ele>4.3</ele></trkpt><trkpt lat="37.895623" lon="-122.534732"><ele>4.2</ele></trkpt><trkpt lat="37.895651" lon="-122.534775"><ele>4.1</ele></trkpt><trkpt lat="37.895764" lon="-122.534941"><ele>3.9</ele></trkpt><trkpt lat="37.895823" lon="-122.535029"><ele>3.9</ele></trkpt><trkpt lat="37.895867" lon="-122.535094"><ele>3.9</ele></trkpt><trkpt lat="37.895912" lon="-122.535156"><ele>3.8</ele></trkpt><trkpt lat="37.895935" lon="-122.535188"><ele>3.8</ele></trkpt><trkpt lat="37.895960" lon="-122.535218"><ele>3.8</ele></trkpt><trkpt lat="37.895981" lon="-122.535244"><ele>3.8</ele></trkpt><trkpt lat="37.896034" lon="-122.535305"><ele>3.7</ele></trkpt><trkpt lat="37.896124" lon="-122.535405"><ele>3.7</ele></trkpt><trkpt lat="37.896244" lon="-122.535541"><ele>3.7</ele></trkpt><trkpt lat="37.896351" lon="-122.535661"><ele>3.7</ele></trkpt><trkpt lat="37.896639" lon="-122.535986"><ele>3.7</ele></trkpt><trkpt lat="37.896694" lon="-122.536047"><ele>3.8</ele></trkpt><trkpt lat="37.896751" lon="-122.536109"><ele>3.8</ele></trkpt><trkpt lat="37.896908" lon="-122.536286"><ele>3.9</ele></trkpt><trkpt lat="37.897282" lon="-122.536708"><ele>4.8</ele></trkpt><trkpt lat="37.897404" lon="-122.536844"><ele>5.0</ele></trkpt><trkpt lat="37.897454" lon="-122.536901"><ele>5.1</ele></trkpt><trkpt lat="37.897475" lon="-122.536925"><ele>5.2</ele></trkpt><trkpt lat="37.897532" lon="-122.536989"><ele>5.3</ele></trkpt><trkpt lat="37.897593" lon="-122.537058"><ele>5.5</ele></trkpt><trkpt lat="37.898233" lon="-122.537772"><ele>6.8</ele></trkpt><trkpt lat="37.898285" lon="-122.537830"><ele>6.9</ele></trkpt><trkpt lat="37.898705" lon="-122.538303"><ele>7.8</ele></trkpt><trkpt lat="37.898769" lon="-122.538377"><ele>8.0</ele></trkpt><trkpt lat="37.898836" lon="-122.538462"><ele>8.2</ele></trkpt><trkpt lat="37.898887" lon="-122.538533"><ele>8.3</ele></trkpt><trkpt lat="37.898932" lon="-122.538596"><ele>8.5</ele></trkpt><trkpt lat="37.899019" lon="-122.538708"><ele>8.8</ele></trkpt><trkpt lat="37.899068" lon="-122.538769"><ele>9.0</ele></trkpt><trkpt lat="37.899156" lon="-122.538873"><ele>9.4</ele></trkpt><trkpt lat="37.899204" lon="-122.538931"><ele>9.6</ele></trkpt><trkpt lat="37.899243" lon="-122.538978"><ele>9.7</ele></trkpt><trkpt lat="37.899332" lon="-122.539084"><ele>10.1</ele></trkpt><trkpt lat="37.899425" lon="-122.539192"><ele>10.2</ele></trkpt><trkpt lat="37.899636" lon="-122.539432"><ele>10.5</ele></trkpt><trkpt lat="37.899838" lon="-122.539660"><ele>10.8</ele></trkpt><trkpt lat="37.900116" lon="-122.539974"><ele>11.3</ele></trkpt><trkpt lat="37.900183" lon="-122.540049"><ele>11.3</ele></trkpt><trkpt lat="37.900336" lon="-122.540221"><ele>11.6</ele></trkpt><trkpt lat="37.900600" lon="-122.540516"><ele>12.0</ele></trkpt><trkpt lat="37.900637" lon="-122.540558"><ele>12.0</ele></trkpt><trkpt lat="37.900808" lon="-122.540750"><ele>12.3</ele></trkpt><trkpt lat="37.900916" lon="-122.540874"><ele>12.4</ele></trkpt><trkpt lat="37.901463" lon="-122.541486"><ele>12.8</ele></trkpt><trkpt lat="37.901628" lon="-122.541671"><ele>13.3</ele></trkpt><trkpt lat="37.902058" lon="-122.542150"><ele>14.8</ele></trkpt><trkpt lat="37.902177" lon="-122.542284"><ele>15.3</ele></trkpt><trkpt lat="37.902310" lon="-122.542434"><ele>15.6</ele></trkpt><trkpt lat="37.902446" lon="-122.542553"><ele>15.8</ele></trkpt><trkpt lat="37.902589" lon="-122.542658"><ele>16.1</ele></trkpt><trkpt lat="37.902715" lon="-122.542750"><ele>16.2</ele></trkpt><trkpt lat="37.903025" lon="-122.543028"><ele>16.4</ele></trkpt><trkpt lat="37.903131" lon="-122.543115"><ele>16.7</ele></trkpt><trkpt lat="37.903324" lon="-122.543324"><ele>17.2</ele></trkpt><trkpt lat="37.903362" lon="-122.543298"><ele>17.3</ele></trkpt><trkpt lat="37.903427" lon="-122.543253"><ele>17.5</ele></trkpt><trkpt lat="37.903611" lon="-122.543102"><ele>17.8</ele></trkpt><trkpt lat="37.904374" lon="-122.542555"><ele>18.0</ele></trkpt><trkpt lat="37.904460" lon="-122.542494"><ele>18.0</ele></trkpt><trkpt lat="37.904833" lon="-122.543299"><ele>19.5</ele></trkpt><trkpt lat="37.905085" lon="-122.543748"><ele>20.6</ele></trkpt><trkpt lat="37.905092" lon="-122.543762"><ele>20.7</ele></trkpt><trkpt lat="37.905232" lon="-122.544011"><ele>21.1</ele></trkpt><trkpt lat="37.905265" lon="-122.544063"><ele>21.2</ele></trkpt><trkpt lat="37.905286" lon="-122.544096"><ele>21.2</ele></trkpt><trkpt lat="37.905339" lon="-122.544184"><ele>21.4</ele></trkpt><trkpt lat="37.905731" lon="-122.544839"><ele>22.5</ele></trkpt><trkpt lat="37.905762" lon="-122.544892"><ele>22.6</ele></trkpt><trkpt lat="37.905999" lon="-122.545285"><ele>23.5</ele></trkpt><trkpt lat="37.906027" lon="-122.545203"><ele>23.7</ele></trkpt><trkpt lat="37.906034" lon="-122.545114"><ele>23.8</ele></trkpt><trkpt lat="37.906034" lon="-122.545000"><ele>24.0</ele></trkpt><trkpt lat="37.906034" lon="-122.545114"><ele>24.2</ele></trkpt><trkpt lat="37.906027" lon="-122.545203"><ele>24.4</ele></trkpt><trkpt lat="37.906100" lon="-122.545287"><ele>24.6</ele></trkpt><trkpt lat="37.906103" lon="-122.545117"><ele>24.9</ele></trkpt><trkpt lat="37.906096" lon="-122.544111"><ele>26.7</ele></trkpt><trkpt lat="37.906077" lon="-122.542245"><ele>29.6</ele></trkpt><trkpt lat="37.906058" lon="-122.541605"><ele>30.4</ele></trkpt><trkpt lat="37.906062" lon="-122.541059"><ele>30.7</ele></trkpt><trkpt lat="37.906068" lon="-122.541002"><ele>30.7</ele></trkpt><trkpt lat="37.906111" lon="-122.541013"><ele>30.7</ele></trkpt><trkpt lat="37.906148" lon="-122.541025"><ele>30.7</ele></trkpt><trkpt lat="37.906186" lon="-122.541029"><ele>30.7</ele></trkpt><trkpt lat="37.906253" lon="-122.541023"><ele>30.6</ele></trkpt><trkpt lat="37.906453" lon="-122.540993"><ele>30.5</ele></trkpt><trkpt lat="37.906331" lon="-122.540627"><ele>29.8</ele></trkpt><trkpt lat="37.906301" lon="-122.540278"><ele>29.2</ele></trkpt><trkpt lat="37.906312" lon="-122.540040"><ele>28.9</ele></trkpt><trkpt lat="37.906344" lon="-122.539848"><ele>28.6</ele></trkpt><trkpt lat="37.906389" lon="-122.539690"><ele>28.4</ele></trkpt><trkpt lat="37.906454" lon="-122.539461"><ele>28.0</ele></trkpt><trkpt lat="37.906589" lon="-122.539194"><ele>27.5</ele></trkpt><trkpt lat="37.906799" lon="-122.538970"><ele>26.7</ele></trkpt><trkpt lat="37.906844" lon="-122.538932"><ele>26.5</ele></trkpt><trkpt lat="37.906885" lon="-122.538838"><ele>26.2</ele></trkpt><trkpt lat="37.906992" lon="-122.538747"><ele>25.8</ele></trkpt><trkpt lat="37.907181" lon="-122.538586"><ele>25.2</ele></trkpt><trkpt lat="37.907368" lon="-122.538450"><ele>25.0</ele></trkpt><trkpt lat="37.907508" lon="-122.538342"><ele>24.8</ele></trkpt><trkpt lat="37.907554" lon="-122.538188"><ele>24.8</ele></trkpt><trkpt lat="37.907704" lon="-122.537298"><ele>26.7</ele></trkpt><trkpt lat="37.908867" lon="-122.537006"><ele>30.2</ele></trkpt><trkpt lat="37.909174" lon="-122.536936"><ele>31.7</ele></trkpt><trkpt lat="37.909356" lon="-122.536896"><ele>32.7</ele></trkpt><trkpt lat="37.909597" lon="-122.536754"><ele>34.2</ele></trkpt><trkpt lat="37.909694" lon="-122.536635"><ele>35.4</ele></trkpt><trkpt lat="37.909724" lon="-122.536433"><ele>36.7</ele></trkpt><trkpt lat="37.910085" lon="-122.536172"><ele>40.3</ele></trkpt><trkpt lat="37.910351" lon="-122.536042"><ele>42.7</ele></trkpt><trkpt lat="37.910559" lon="-122.535940"><ele>44.3</ele></trkpt><trkpt lat="37.910778" lon="-122.535802"><ele>45.9</ele></trkpt><trkpt lat="37.910850" lon="-122.535648"><ele>46.9</ele></trkpt><trkpt lat="37.911086" lon="-122.535061"><ele>52.1</ele></trkpt><trkpt lat="37.911671" lon="-122.534375"><ele>62.8</ele></trkpt><trkpt lat="37.911741" lon="-122.534251"><ele>64.3</ele></trkpt><trkpt lat="37.911766" lon="-122.534097"><ele>66.0</ele></trkpt><trkpt lat="37.911752" lon="-122.533924"><ele>67.8</ele></trkpt><trkpt lat="37.911687" lon="-122.533636"><ele>70.9</ele></trkpt><trkpt lat="37.911722" lon="-122.533225"><ele>75.9</ele></trkpt><trkpt lat="37.911761" lon="-122.533080"><ele>78.3</ele></trkpt><trkpt lat="37.911786" lon="-122.532992"><ele>79.7</ele></trkpt><trkpt lat="37.911659" lon="-122.533038"><ele>82.4</ele></trkpt><trkpt lat="37.911558" lon="-122.533057"><ele>84.4</ele></trkpt><trkpt lat="37.911441" lon="-122.533047"><ele>86.2</ele></trkpt><trkpt lat="37.911355" lon="-122.533027"><ele>87.5</ele></trkpt><trkpt lat="37.911356" lon="-122.532989"><ele>87.9</ele></trkpt><trkpt lat="37.911479" lon="-122.532828"><ele>90.5</ele></trkpt><trkpt lat="37.911534" lon="-122.532676"><ele>92.5</ele></trkpt><trkpt lat="37.911531" lon="-122.532506"><ele>94.1</ele></trkpt><trkpt lat="37.911509" lon="-122.532460"><ele>94.6</ele></trkpt><trkpt lat="37.911471" lon="-122.532392"><ele>95.3</ele></trkpt><trkpt lat="37.911389" lon="-122.532215"><ele>97.2</ele></trkpt><trkpt lat="37.911228" lon="-122.532039"><ele>99.7</ele></trkpt><trkpt lat="37.911140" lon="-122.531918"><ele>101.1</ele></trkpt><trkpt lat="37.911132" lon="-122.531846"><ele>101.7</ele></trkpt><trkpt lat="37.911172" lon="-122.531804"><ele>102.2</ele></trkpt><trkpt lat="37.911386" lon="-122.531651"><ele>104.9</ele></trkpt><trkpt lat="37.911476" lon="-122.531521"><ele>105.6</ele></trkpt><trkpt lat="37.911477" lon="-122.531385"><ele>106.1</ele></trkpt><trkpt lat="37.911429" lon="-122.531270"><ele>106.6</ele></trkpt><trkpt lat="37.911337" lon="-122.531182"><ele>107.2</ele></trkpt><trkpt lat="37.911208" lon="-122.531093"><ele>107.8</ele></trkpt><trkpt lat="37.911087" lon="-122.531111"><ele>108.2</ele></trkpt><trkpt lat="37.910949" lon="-122.530955"><ele>108.7</ele></trkpt><trkpt lat="37.911022" lon="-122.530870"><ele>109.0</ele></trkpt><trkpt lat="37.911177" lon="-122.530781"><ele>109.1</ele></trkpt><trkpt lat="37.911256" lon="-122.530672"><ele>109.1</ele></trkpt><trkpt lat="37.911210" lon="-122.530490"><ele>109.1</ele></trkpt><trkpt lat="37.911285" lon="-122.530384"><ele>109.1</ele></trkpt><trkpt lat="37.911402" lon="-122.530129"><ele>108.9</ele></trkpt><trkpt lat="37.911449" lon="-122.529984"><ele>108.8</ele></trkpt><trkpt lat="37.911489" lon="-122.529745"><ele>108.6</ele></trkpt><trkpt lat="37.911447" lon="-122.529642"><ele>108.5</ele></trkpt><trkpt lat="37.911381" lon="-122.529622"><ele>108.6</ele></trkpt><trkpt lat="37.911294" lon="-122.529576"><ele>108.6</ele></trkpt><trkpt lat="37.911279" lon="-122.529527"><ele>108.7</ele></trkpt><trkpt lat="37.911301" lon="-122.529346"><ele>108.7</ele></trkpt><trkpt lat="37.911355" lon="-122.529309"><ele>108.8</ele></trkpt><trkpt lat="37.911452" lon="-122.529274"><ele>108.9</ele></trkpt><trkpt lat="37.911723" lon="-122.529175"><ele>110.3</ele></trkpt><trkpt lat="37.911826" lon="-122.529139"><ele>110.8</ele></trkpt><trkpt lat="37.912183" lon="-122.528984"><ele>113.1</ele></trkpt><trkpt lat="37.912566" lon="-122.528805"><ele>116.5</ele></trkpt><trkpt lat="37.912794" lon="-122.528671"><ele>119.6</ele></trkpt><trkpt lat="37.912873" lon="-122.528635"><ele>120.7</ele></trkpt><trkpt lat="37.912958" lon="-122.528619"><ele>121.8</ele></trkpt><trkpt lat="37.913370" lon="-122.528687"><ele>127.8</ele></trkpt><trkpt lat="37.913549" lon="-122.528721"><ele>130.4</ele></trkpt><trkpt lat="37.913754" lon="-122.528719"><ele>132.9</ele></trkpt><trkpt lat="37.913911" lon="-122.528601"><ele>135.1</ele></trkpt><trkpt lat="37.914071" lon="-122.528445"><ele>137.4</ele></trkpt><trkpt lat="37.914159" lon="-122.528387"><ele>138.5</ele></trkpt><trkpt lat="37.914258" lon="-122.528354"><ele>139.6</ele></trkpt><trkpt lat="37.914379" lon="-122.528320"><ele>140.9</ele></trkpt><trkpt lat="37.914504" lon="-122.528333"><ele>142.3</ele></trkpt><trkpt lat="37.914621" lon="-122.528448"><ele>143.4</ele></trkpt><trkpt lat="37.914712" lon="-122.528556"><ele>144.3</ele></trkpt><trkpt lat="37.914888" lon="-122.528724"><ele>145.9</ele></trkpt><trkpt lat="37.914999" lon="-122.528769"><ele>146.5</ele></trkpt><trkpt lat="37.915027" lon="-122.528780"><ele>146.6</ele></trkpt><trkpt lat="37.915266" lon="-122.528678"><ele>147.3</ele></trkpt><trkpt lat="37.915493" lon="-122.528549"><ele>147.6</ele></trkpt><trkpt lat="37.915712" lon="-122.528446"><ele>146.4</ele></trkpt><trkpt lat="37.915930" lon="-122.528376"><ele>145.3</ele></trkpt><trkpt lat="37.915969" lon="-122.528364"><ele>145.0</ele></trkpt><trkpt lat="37.916119" lon="-122.528244"><ele>143.1</ele></trkpt><trkpt lat="37.916212" lon="-122.527977"><ele>140.6</ele></trkpt><trkpt lat="37.916241" lon="-122.527843"><ele>139.4</ele></trkpt><trkpt lat="37.916310" lon="-122.527641"><ele>136.8</ele></trkpt><trkpt lat="37.916361" lon="-122.527429"><ele>134.2</ele></trkpt><trkpt lat="37.916422" lon="-122.527130"><ele>130.4</ele></trkpt><trkpt lat="37.916444" lon="-122.527007"><ele>128.7</ele></trkpt><trkpt lat="37.916479" lon="-122.526903"><ele>127.2</ele></trkpt><trkpt lat="37.916493" lon="-122.526834"><ele>126.3</ele></trkpt><trkpt lat="37.916495" lon="-122.526764"><ele>125.4</ele></trkpt><trkpt lat="37.916491" lon="-122.526697"><ele>124.5</ele></trkpt><trkpt lat="37.916496" lon="-122.526629"><ele>123.6</ele></trkpt><trkpt lat="37.916531" lon="-122.526514"><ele>122.0</ele></trkpt><trkpt lat="37.916633" lon="-122.526282"><ele>118.5</ele></trkpt><trkpt lat="37.916671" lon="-122.526216"><ele>117.4</ele></trkpt><trkpt lat="37.916701" lon="-122.526153"><ele>116.5</ele></trkpt><trkpt lat="37.916710" lon="-122.526100"><ele>115.8</ele></trkpt><trkpt lat="37.916706" lon="-122.526059"><ele>115.2</ele></trkpt><trkpt lat="37.916692" lon="-122.526025"><ele>114.7</ele></trkpt><trkpt lat="37.916645" lon="-122.525979"><ele>113.8</ele></trkpt><trkpt lat="37.916606" lon="-122.525959"><ele>113.1</ele></trkpt><trkpt lat="37.916543" lon="-122.525926"><ele>112.6</ele></trkpt><trkpt lat="37.916463" lon="-122.525911"><ele>112.0</ele></trkpt><trkpt lat="37.916402" lon="-122.525910"><ele>111.5</ele></trkpt><trkpt lat="37.916370" lon="-122.525923"><ele>111.3</ele></trkpt><trkpt lat="37.916344" lon="-122.525939"><ele>111.1</ele></trkpt><trkpt lat="37.916269" lon="-122.526016"><ele>110.4</ele></trkpt><trkpt lat="37.916227" lon="-122.526074"><ele>109.9</ele></trkpt><trkpt lat="37.916173" lon="-122.526119"><ele>109.4</ele></trkpt><trkpt lat="37.916134" lon="-122.526128"><ele>109.1</ele></trkpt><trkpt lat="37.916116" lon="-122.526125"><ele>109.1</ele></trkpt><trkpt lat="37.916084" lon="-122.526107"><ele>109.0</ele></trkpt><trkpt lat="37.916029" lon="-122.526082"><ele>108.9</ele></trkpt><trkpt lat="37.916228" lon="-122.525862"><ele>108.5</ele></trkpt><trkpt lat="37.916367" lon="-122.525713"><ele>108.2</ele></trkpt><trkpt lat="37.916491" lon="-122.525622"><ele>107.8</ele></trkpt><trkpt lat="37.916661" lon="-122.525566"><ele>107.5</ele></trkpt><trkpt lat="37.916772" lon="-122.525561"><ele>107.2</ele></trkpt><trkpt lat="37.916879" lon="-122.525581"><ele>107.0</ele></trkpt><trkpt lat="37.916950" lon="-122.525616"><ele>106.8</ele></trkpt><trkpt lat="37.917034" lon="-122.525677"><ele>106.5</ele></trkpt><trkpt lat="37.917115" lon="-122.525770"><ele>106.2</ele></trkpt><trkpt lat="37.917282" lon="-122.525696"><ele>105.7</ele></trkpt><trkpt lat="37.917545" lon="-122.525679"><ele>105.7</ele></trkpt><trkpt lat="37.917652" lon="-122.525686"><ele>105.8</ele></trkpt><trkpt lat="37.917836" lon="-122.525761"><ele>106.0</ele></trkpt><trkpt lat="37.917995" lon="-122.525754"><ele>104.9</ele></trkpt><trkpt lat="37.918118" lon="-122.525637"><ele>103.3</ele></trkpt><trkpt lat="37.918233" lon="-122.525502"><ele>101.7</ele></trkpt><trkpt lat="37.918350" lon="-122.525306"><ele>99.8</ele></trkpt><trkpt lat="37.918367" lon="-122.524916"><ele>97.1</ele></trkpt><trkpt lat="37.918427" lon="-122.524861"><ele>96.5</ele></trkpt><trkpt lat="37.918499" lon="-122.524850"><ele>95.9</ele></trkpt><trkpt lat="37.918626" lon="-122.524934"><ele>95.4</ele></trkpt><trkpt lat="37.918687" lon="-122.524984"><ele>95.1</ele></trkpt><trkpt lat="37.918838" lon="-122.525255"><ele>94.4</ele></trkpt><trkpt lat="37.919004" lon="-122.525284"><ele>94.1</ele></trkpt><trkpt lat="37.919109" lon="-122.525248"><ele>94.1</ele></trkpt><trkpt lat="37.919211" lon="-122.525210"><ele>94.0</ele></trkpt><trkpt lat="37.919279" lon="-122.525082"><ele>93.9</ele></trkpt><trkpt lat="37.919340" lon="-122.524875"><ele>93.6</ele></trkpt><trkpt lat="37.919383" lon="-122.524835"><ele>93.4</ele></trkpt><trkpt lat="37.919442" lon="-122.524770"><ele>93.1</ele></trkpt><trkpt lat="37.919543" lon="-122.524724"><ele>92.7</ele></trkpt><trkpt lat="37.919782" lon="-122.524759"><ele>91.8</ele></trkpt><trkpt lat="37.919928" lon="-122.524850"><ele>92.4</ele></trkpt><trkpt lat="37.920040" lon="-122.524810"><ele>93.0</ele></trkpt><trkpt lat="37.920057" lon="-122.524665"><ele>93.5</ele></trkpt><trkpt lat="37.920015" lon="-122.524504"><ele>94.1</ele></trkpt><trkpt lat="37.920021" lon="-122.524340"><ele>94.6</ele></trkpt><trkpt lat="37.920112" lon="-122.524118"><ele>95.2</ele></trkpt><trkpt lat="37.920239" lon="-122.524005"><ele>95.8</ele></trkpt><trkpt lat="37.920326" lon="-122.523989"><ele>96.0</ele></trkpt><trkpt lat="37.920402" lon="-122.523941"><ele>96.2</ele></trkpt><trkpt lat="37.920423" lon="-122.523833"><ele>96.4</ele></trkpt><trkpt lat="37.920372" lon="-122.523726"><ele>96.6</ele></trkpt><trkpt lat="37.920245" lon="-122.523608"><ele>97.0</ele></trkpt><trkpt lat="37.919795" lon="-122.523313"><ele>97.9</ele></trkpt><trkpt lat="37.919553" lon="-122.523257"><ele>98.0</ele></trkpt><trkpt lat="37.919387" lon="-122.523288"><ele>97.8</ele></trkpt><trkpt lat="37.919310" lon="-122.522892"><ele>97.1</ele></trkpt><trkpt lat="37.919532" lon="-122.522769"><ele>95.1</ele></trkpt><trkpt lat="37.919674" lon="-122.522750"><ele>94.0</ele></trkpt><trkpt lat="37.919875" lon="-122.522892"><ele>91.5</ele></trkpt><trkpt lat="37.920313" lon="-122.522935"><ele>85.6</ele></trkpt><trkpt lat="37.920556" lon="-122.522975"><ele>81.9</ele></trkpt><trkpt lat="37.920745" lon="-122.522892"><ele>78.8</ele></trkpt><trkpt lat="37.920882" lon="-122.522710"><ele>75.3</ele></trkpt><trkpt lat="37.921035" lon="-122.522413"><ele>70.1</ele></trkpt><trkpt lat="37.921979" lon="-122.522472"><ele>52.8</ele></trkpt><trkpt lat="37.922111" lon="-122.522612"><ele>49.7</ele></trkpt><trkpt lat="37.923478" lon="-122.522473"><ele>26.9</ele></trkpt><trkpt lat="37.923635" lon="-122.522459"><ele>24.5</ele></trkpt><trkpt lat="37.924038" lon="-122.522423"><ele>18.5</ele></trkpt><trkpt lat="37.924439" lon="-122.522387"><ele>13.2</ele></trkpt><trkpt lat="37.924631" lon="-122.522370"><ele>11.5</ele></trkpt><trkpt lat="37.924859" lon="-122.522350"><ele>9.6</ele></trkpt><trkpt lat="37.925223" lon="-122.522318"><ele>7.3</ele></trkpt><trkpt lat="37.925291" lon="-122.522313"><ele>6.9</ele></trkpt><trkpt lat="37.925288" lon="-122.522244"><ele>6.5</ele></trkpt><trkpt lat="37.925273" lon="-122.521925"><ele>5.2</ele></trkpt><trkpt lat="37.925258" lon="-122.521630"><ele>4.1</ele></trkpt><trkpt lat="37.925248" lon="-122.521452"><ele>3.5</ele></trkpt><trkpt lat="37.925235" lon="-122.521191"><ele>3.1</ele></trkpt><trkpt lat="37.925219" lon="-122.520872"><ele>2.9</ele></trkpt><trkpt lat="37.925210" lon="-122.520713"><ele>2.8</ele></trkpt><trkpt lat="37.925185" lon="-122.520371"><ele>2.9</ele></trkpt><trkpt lat="37.925148" lon="-122.519633"><ele>2.9</ele></trkpt><trkpt lat="37.925142" lon="-122.519514"><ele>2.8</ele></trkpt><trkpt lat="37.925109" lon="-122.518858"><ele>2.1</ele></trkpt><trkpt lat="37.925099" lon="-122.518709"><ele>1.9</ele></trkpt><trkpt lat="37.925200" lon="-122.518655"><ele>1.8</ele></trkpt><trkpt lat="37.925291" lon="-122.518644"><ele>1.7</ele></trkpt><trkpt lat="37.925363" lon="-122.518645"><ele>1.7</ele></trkpt><trkpt lat="37.925548" lon="-122.518655"><ele>1.6</ele></trkpt><trkpt lat="37.925941" lon="-122.518672"><ele>1.4</ele></trkpt><trkpt lat="37.926037" lon="-122.518672"><ele>1.3</ele></trkpt><trkpt lat="37.927230" lon="-122.518709"><ele>0.6</ele></trkpt><trkpt lat="37.927329" lon="-122.518758"><ele>0.6</ele></trkpt><trkpt lat="37.927628" lon="-122.518767"><ele>0.6</ele></trkpt><trkpt lat="37.928031" lon="-122.518778"><ele>0.6</ele></trkpt><trkpt lat="37.928058" lon="-122.518779"><ele>0.6</ele></trkpt><trkpt lat="37.928178" lon="-122.518783"><ele>0.6</ele></trkpt><trkpt lat="37.928238" lon="-122.518784"><ele>0.6</ele></trkpt><trkpt lat="37.928298" lon="-122.518755"><ele>0.6</ele></trkpt><trkpt lat="37.928371" lon="-122.518732"><ele>0.6</ele></trkpt><trkpt lat="37.928517" lon="-122.518734"><ele>0.5</ele></trkpt><trkpt lat="37.928673" lon="-122.518715"><ele>0.4</ele></trkpt><trkpt lat="37.928861" lon="-122.518647"><ele>0.3</ele></trkpt><trkpt lat="37.929086" lon="-122.518516"><ele>0.3</ele></trkpt><trkpt lat="37.929250" lon="-122.518386"><ele>0.3</ele></trkpt><trkpt lat="37.929314" lon="-122.518326"><ele>0.3</ele></trkpt><trkpt lat="37.929347" lon="-122.518296"><ele>0.3</ele></trkpt><trkpt lat="37.929378" lon="-122.518270"><ele>0.4</ele></trkpt><trkpt lat="37.929409" lon="-122.518246"><ele>0.4</ele></trkpt><trkpt lat="37.929450" lon="-122.518214"><ele>0.4</ele></trkpt><trkpt lat="37.929494" lon="-122.518183"><ele>0.5</ele></trkpt><trkpt lat="37.929542" lon="-122.518152"><ele>0.6</ele></trkpt><trkpt lat="37.929583" lon="-122.518134"><ele>0.6</ele></trkpt><trkpt lat="37.929620" lon="-122.518123"><ele>0.6</ele></trkpt><trkpt lat="37.929692" lon="-122.518116"><ele>0.7</ele></trkpt><trkpt lat="37.929746" lon="-122.518090"><ele>0.8</ele></trkpt><trkpt lat="37.929756" lon="-122.518085"><ele>0.8</ele></trkpt><trkpt lat="37.929774" lon="-122.518078"><ele>0.8</ele></trkpt><trkpt lat="37.929812" lon="-122.518067"><ele>0.9</ele></trkpt><trkpt lat="37.929851" lon="-122.518057"><ele>0.9</ele></trkpt><trkpt lat="37.929896" lon="-122.518050"><ele>0.9</ele></trkpt><trkpt lat="37.929928" lon="-122.518044"><ele>0.9</ele></trkpt><trkpt lat="37.929960" lon="-122.518037"><ele>0.9</ele></trkpt><trkpt lat="37.929996" lon="-122.518027"><ele>0.9</ele></trkpt><trkpt lat="37.930020" lon="-122.518018"><ele>0.9</ele></trkpt><trkpt lat="37.930100" lon="-122.517989"><ele>0.9</ele></trkpt><trkpt lat="37.930166" lon="-122.517967"><ele>0.9</ele></trkpt><trkpt lat="37.930230" lon="-122.517947"><ele>0.9</ele></trkpt><trkpt lat="37.930295" lon="-122.517930"><ele>0.9</ele></trkpt><trkpt lat="37.930358" lon="-122.517914"><ele>0.9</ele></trkpt><trkpt lat="37.930430" lon="-122.517897"><ele>0.9</ele></trkpt><trkpt lat="37.930492" lon="-122.517884"><ele>0.9</ele></trkpt><trkpt lat="37.930560" lon="-122.517872"><ele>0.9</ele></trkpt><trkpt lat="37.930627" lon="-122.517864"><ele>0.9</ele></trkpt><trkpt lat="37.930689" lon="-122.517859"><ele>0.9</ele></trkpt><trkpt lat="37.930759" lon="-122.517854"><ele>0.9</ele></trkpt><trkpt lat="37.930826" lon="-122.517851"><ele>0.9</ele></trkpt><trkpt lat="37.930894" lon="-122.517853"><ele>0.9</ele></trkpt><trkpt lat="37.930969" lon="-122.517857"><ele>0.9</ele></trkpt><trkpt lat="37.931037" lon="-122.517862"><ele>1.0</ele></trkpt><trkpt lat="37.931101" lon="-122.517869"><ele>1.0</ele></trkpt><trkpt lat="37.931167" lon="-122.517878"><ele>1.1</ele></trkpt><trkpt lat="37.931508" lon="-122.517926"><ele>1.3</ele></trkpt><trkpt lat="37.931722" lon="-122.517954"><ele>1.4</ele></trkpt><trkpt lat="37.931802" lon="-122.517965"><ele>1.4</ele></trkpt><trkpt lat="37.931971" lon="-122.517990"><ele>1.5</ele></trkpt><trkpt lat="37.932078" lon="-122.518006"><ele>1.5</ele></trkpt><trkpt lat="37.932390" lon="-122.518051"><ele>1.5</ele></trkpt><trkpt lat="37.932561" lon="-122.518075"><ele>1.5</ele></trkpt><trkpt lat="37.932689" lon="-122.518094"><ele>1.5</ele></trkpt><trkpt lat="37.932827" lon="-122.518115"><ele>1.5</ele></trkpt><trkpt lat="37.932901" lon="-122.518127"><ele>1.5</ele></trkpt><trkpt lat="37.932998" lon="-122.518144"><ele>1.5</ele></trkpt><trkpt lat="37.933183" lon="-122.518175"><ele>1.6</ele></trkpt><trkpt lat="37.933345" lon="-122.518204"><ele>1.7</ele></trkpt><trkpt lat="37.933446" lon="-122.518224"><ele>1.7</ele></trkpt><trkpt lat="37.933492" lon="-122.518233"><ele>1.8</ele></trkpt><trkpt lat="37.933612" lon="-122.518259"><ele>1.8</ele></trkpt><trkpt lat="37.933715" lon="-122.518283"><ele>1.9</ele></trkpt><trkpt lat="37.933759" lon="-122.518294"><ele>1.9</ele></trkpt><trkpt lat="37.933861" lon="-122.518321"><ele>2.0</ele></trkpt><trkpt lat="37.933987" lon="-122.518354"><ele>2.0</ele></trkpt><trkpt lat="37.934060" lon="-122.518375"><ele>2.1</ele></trkpt><trkpt lat="37.934197" lon="-122.518414"><ele>2.2</ele></trkpt><trkpt lat="37.934404" lon="-122.518474"><ele>2.3</ele></trkpt><trkpt lat="37.934745" lon="-122.518560"><ele>2.5</ele></trkpt><trkpt lat="37.934874" lon="-122.518589"><ele>2.6</ele></trkpt><trkpt lat="37.934881" lon="-122.518475"><ele>2.6</ele></trkpt><trkpt lat="37.934893" lon="-122.518372"><ele>2.7</ele></trkpt><trkpt lat="37.935024" lon="-122.517650"><ele>3.2</ele></trkpt><trkpt lat="37.935092" lon="-122.517441"><ele>3.4</ele></trkpt><trkpt lat="37.935173" lon="-122.517241"><ele>3.5</ele></trkpt><trkpt lat="37.935232" lon="-122.517108"><ele>3.6</ele></trkpt><trkpt lat="37.935317" lon="-122.516948"><ele>3.6</ele></trkpt><trkpt lat="37.935325" lon="-122.516920"><ele>3.7</ele></trkpt><trkpt lat="37.935524" lon="-122.516415"><ele>3.7</ele></trkpt><trkpt lat="37.935588" lon="-122.516244"><ele>3.7</ele></trkpt><trkpt lat="37.935651" lon="-122.516009"><ele>3.7</ele></trkpt><trkpt lat="37.935670" lon="-122.515891"><ele>3.7</ele></trkpt><trkpt lat="37.935685" lon="-122.515820"><ele>3.7</ele></trkpt><trkpt lat="37.935715" lon="-122.515788"><ele>3.7</ele></trkpt><trkpt lat="37.935727" lon="-122.515664"><ele>3.7</ele></trkpt><trkpt lat="37.935767" lon="-122.515674"><ele>3.6</ele></trkpt><trkpt lat="37.935807" lon="-122.515686"><ele>3.6</ele></trkpt><trkpt lat="37.935847" lon="-122.515700"><ele>3.5</ele></trkpt><trkpt lat="37.935898" lon="-122.515720"><ele>3.5</ele></trkpt><trkpt lat="37.935949" lon="-122.515742"><ele>3.4</ele></trkpt><trkpt lat="37.935969" lon="-122.515752"><ele>3.4</ele></trkpt><trkpt lat="37.935997" lon="-122.515767"><ele>3.3</ele></trkpt><trkpt lat="37.936054" lon="-122.515797"><ele>3.3</ele></trkpt><trkpt lat="37.936117" lon="-122.515831"><ele>3.2</ele></trkpt><trkpt lat="37.936189" lon="-122.515873"><ele>3.1</ele></trkpt><trkpt lat="37.936461" lon="-122.516053"><ele>2.6</ele></trkpt><trkpt lat="37.936505" lon="-122.516080"><ele>2.5</ele></trkpt><trkpt lat="37.936548" lon="-122.516104"><ele>2.5</ele></trkpt><trkpt lat="37.936598" lon="-122.516129"><ele>2.4</ele></trkpt><trkpt lat="37.936649" lon="-122.516153"><ele>2.3</ele></trkpt><trkpt lat="37.936693" lon="-122.516173"><ele>2.2</ele></trkpt><trkpt lat="37.936749" lon="-122.516194"><ele>2.1</ele></trkpt><trkpt lat="37.936801" lon="-122.516213"><ele>2.0</ele></trkpt><trkpt lat="37.936846" lon="-122.516227"><ele>2.0</ele></trkpt><trkpt lat="37.936886" lon="-122.516238"><ele>2.0</ele></trkpt><trkpt lat="37.936932" lon="-122.516247"><ele>1.9</ele></trkpt><trkpt lat="37.936970" lon="-122.516253"><ele>1.9</ele></trkpt><trkpt lat="37.937012" lon="-122.516254"><ele>1.8</ele></trkpt><trkpt lat="37.937056" lon="-122.516252"><ele>1.8</ele></trkpt><trkpt lat="37.937109" lon="-122.516247"><ele>1.7</ele></trkpt><trkpt lat="37.937161" lon="-122.516240"><ele>1.6</ele></trkpt><trkpt lat="37.937226" lon="-122.516228"><ele>1.6</ele></trkpt><trkpt lat="37.937287" lon="-122.516214"><ele>1.5</ele></trkpt><trkpt lat="37.937345" lon="-122.516198"><ele>1.5</ele></trkpt><trkpt lat="37.937416" lon="-122.516177"><ele>1.4</ele></trkpt><trkpt lat="37.937540" lon="-122.516139"><ele>1.4</ele></trkpt><trkpt lat="37.937747" lon="-122.516079"><ele>1.2</ele></trkpt><trkpt lat="37.938250" lon="-122.515935"><ele>1.0</ele></trkpt><trkpt lat="37.938300" lon="-122.515920"><ele>0.9</ele></trkpt><trkpt lat="37.938450" lon="-122.515874"><ele>0.8</ele></trkpt><trkpt lat="37.938640" lon="-122.515816"><ele>0.5</ele></trkpt><trkpt lat="37.938682" lon="-122.515807"><ele>0.5</ele></trkpt><trkpt lat="37.938723" lon="-122.515800"><ele>0.5</ele></trkpt><trkpt lat="37.938762" lon="-122.515795"><ele>0.4</ele></trkpt><trkpt lat="37.938812" lon="-122.515792"><ele>0.4</ele></trkpt><trkpt lat="37.938861" lon="-122.515791"><ele>0.3</ele></trkpt><trkpt lat="37.938911" lon="-122.515792"><ele>0.3</ele></trkpt><trkpt lat="37.938959" lon="-122.515794"><ele>0.3</ele></trkpt><trkpt lat="37.939014" lon="-122.515799"><ele>0.3</ele></trkpt><trkpt lat="37.939067" lon="-122.515805"><ele>0.3</ele></trkpt><trkpt lat="37.939120" lon="-122.515813"><ele>0.3</ele></trkpt><trkpt lat="37.939176" lon="-122.515820"><ele>0.3</ele></trkpt><trkpt lat="37.939247" lon="-122.515826"><ele>0.3</ele></trkpt><trkpt lat="37.939285" lon="-122.515829"><ele>0.3</ele></trkpt><trkpt lat="37.939322" lon="-122.515830"><ele>0.3</ele></trkpt><trkpt lat="37.939377" lon="-122.515829"><ele>0.3</ele></trkpt><trkpt lat="37.939421" lon="-122.515824"><ele>0.3</ele></trkpt><trkpt lat="37.939463" lon="-122.515816"><ele>0.3</ele></trkpt><trkpt lat="37.939508" lon="-122.515806"><ele>0.2</ele></trkpt><trkpt lat="37.939549" lon="-122.515796"><ele>0.2</ele></trkpt><trkpt lat="37.939580" lon="-122.515786"><ele>0.2</ele></trkpt><trkpt lat="37.939634" lon="-122.515772"><ele>0.2</ele></trkpt><trkpt lat="37.939772" lon="-122.515731"><ele>0.1</ele></trkpt><trkpt lat="37.940424" lon="-122.515537"><ele>0.0</ele></trkpt><trkpt lat="37.940689" lon="-122.515457"><ele>0.0</ele></trkpt><trkpt lat="37.940856" lon="-122.515409"><ele>0.0</ele></trkpt><trkpt lat="37.941033" lon="-122.515356"><ele>-0.0</ele></trkpt><trkpt lat="37.941122" lon="-122.515331"><ele>-0.1</ele></trkpt><trkpt lat="37.941256" lon="-122.515289"><ele>-0.2</ele></trkpt><trkpt lat="37.941280" lon="-122.515280"><ele>-0.2</ele></trkpt><trkpt lat="37.941307" lon="-122.515265"><ele>-0.2</ele></trkpt><trkpt lat="37.941348" lon="-122.515296"><ele>-0.2</ele></trkpt><trkpt lat="37.941431" lon="-122.515315"><ele>-0.3</ele></trkpt><trkpt lat="37.941782" lon="-122.515205"><ele>-0.3</ele></trkpt><trkpt lat="37.941955" lon="-122.515154"><ele>-0.3</ele></trkpt><trkpt lat="37.942194" lon="-122.515063"><ele>-0.3</ele></trkpt><trkpt lat="37.942636" lon="-122.514858"><ele>-0.2</ele></trkpt><trkpt lat="37.943026" lon="-122.514677"><ele>0.3</ele></trkpt><trkpt lat="37.943207" lon="-122.514615"><ele>0.6</ele></trkpt><trkpt lat="37.943425" lon="-122.514560"><ele>0.9</ele></trkpt><trkpt lat="37.943638" lon="-122.514502"><ele>1.4</ele></trkpt><trkpt lat="37.944153" lon="-122.514383"><ele>2.8</ele></trkpt><trkpt lat="37.944262" lon="-122.514353"><ele>3.2</ele></trkpt><trkpt lat="37.944320" lon="-122.514331"><ele>3.3</ele></trkpt><trkpt lat="37.944373" lon="-122.514300"><ele>3.5</ele></trkpt><trkpt lat="37.944415" lon="-122.514267"><ele>3.6</ele></trkpt><trkpt lat="37.944444" lon="-122.514233"><ele>3.8</ele></trkpt><trkpt lat="37.944498" lon="-122.514145"><ele>4.0</ele></trkpt><trkpt lat="37.944550" lon="-122.514051"><ele>4.3</ele></trkpt><trkpt lat="37.944597" lon="-122.513955"><ele>4.5</ele></trkpt><trkpt lat="37.944618" lon="-122.513910"><ele>4.6</ele></trkpt><trkpt lat="37.944611" lon="-122.513903"><ele>4.6</ele></trkpt><trkpt lat="37.944606" lon="-122.513894"><ele>4.7</ele></trkpt><trkpt lat="37.944603" lon="-122.513882"><ele>4.7</ele></trkpt><trkpt lat="37.944605" lon="-122.513868"><ele>4.7</ele></trkpt><trkpt lat="37.944609" lon="-122.513855"><ele>4.8</ele></trkpt><trkpt lat="37.944614" lon="-122.513843"><ele>4.8</ele></trkpt><trkpt lat="37.944622" lon="-122.513831"><ele>4.8</ele></trkpt><trkpt lat="37.944633" lon="-122.513826"><ele>4.9</ele></trkpt><trkpt lat="37.944644" lon="-122.513827"><ele>4.9</ele></trkpt><trkpt lat="37.944702" lon="-122.513625"><ele>5.4</ele></trkpt><trkpt lat="37.944745" lon="-122.513356"><ele>5.9</ele></trkpt><trkpt lat="37.944768" lon="-122.513240"><ele>6.1</ele></trkpt><trkpt lat="37.944802" lon="-122.513124"><ele>6.2</ele></trkpt><trkpt lat="37.944847" lon="-122.512998"><ele>6.4</ele></trkpt><trkpt lat="37.944932" lon="-122.512846"><ele>6.7</ele></trkpt><trkpt lat="37.944979" lon="-122.512740"><ele>6.7</ele></trkpt><trkpt lat="37.945020" lon="-122.512640"><ele>6.8</ele></trkpt><trkpt lat="37.945119" lon="-122.512419"><ele>6.9</ele></trkpt><trkpt lat="37.945239" lon="-122.512198"><ele>7.0</ele></trkpt><trkpt lat="37.945502" lon="-122.511703"><ele>6.4</ele></trkpt><trkpt lat="37.945530" lon="-122.511668"><ele>6.4</ele></trkpt><trkpt lat="37.945567" lon="-122.511622"><ele>6.3</ele></trkpt><trkpt lat="37.945595" lon="-122.511581"><ele>6.3</ele></trkpt><trkpt lat="37.945634" lon="-122.511520"><ele>6.2</ele></trkpt><trkpt lat="37.945651" lon="-122.511493"><ele>6.2</ele></trkpt><trkpt lat="37.945681" lon="-122.511444"><ele>6.1</ele></trkpt><trkpt lat="37.945702" lon="-122.511409"><ele>6.1</ele></trkpt><trkpt lat="37.945738" lon="-122.511338"><ele>6.0</ele></trkpt><trkpt lat="37.945779" lon="-122.511265"><ele>5.9</ele></trkpt><trkpt lat="37.945792" lon="-122.511240"><ele>5.9</ele></trkpt><trkpt lat="37.945821" lon="-122.511176"><ele>5.9</ele></trkpt><trkpt lat="37.945860" lon="-122.511090"><ele>5.7</ele></trkpt><trkpt lat="37.945888" lon="-122.511031"><ele>5.6</ele></trkpt><trkpt lat="37.945918" lon="-122.510975"><ele>5.5</ele></trkpt><trkpt lat="37.946028" lon="-122.510788"><ele>5.1</ele></trkpt><trkpt lat="37.946095" lon="-122.510674"><ele>4.8</ele></trkpt><trkpt lat="37.946114" lon="-122.510644"><ele>4.8</ele></trkpt><trkpt lat="37.946140" lon="-122.510602"><ele>4.7</ele></trkpt><trkpt lat="37.946163" lon="-122.510576"><ele>4.6</ele></trkpt><trkpt lat="37.946186" lon="-122.510536"><ele>4.5</ele></trkpt><trkpt lat="37.946139" lon="-122.510504"><ele>4.4</ele></trkpt><trkpt lat="37.945978" lon="-122.510401"><ele>4.0</ele></trkpt><trkpt lat="37.945964" lon="-122.510391"><ele>3.9</ele></trkpt><trkpt lat="37.945952" lon="-122.510381"><ele>3.9</ele></trkpt><trkpt lat="37.945936" lon="-122.510364"><ele>3.9</ele></trkpt><trkpt lat="37.945916" lon="-122.510341"><ele>3.8</ele></trkpt><trkpt lat="37.945851" lon="-122.510261"><ele>3.6</ele></trkpt><trkpt lat="37.945830" lon="-122.510231"><ele>3.5</ele></trkpt><trkpt lat="37.945811" lon="-122.510202"><ele>3.5</ele></trkpt><trkpt lat="37.945789" lon="-122.510167"><ele>3.4</ele></trkpt><trkpt lat="37.945767" lon="-122.510138"><ele>3.3</ele></trkpt><trkpt lat="37.945742" lon="-122.510109"><ele>3.3</ele></trkpt><trkpt lat="37.945721" lon="-122.510086"><ele>3.3</ele></trkpt><trkpt lat="37.945696" lon="-122.510064"><ele>3.2</ele></trkpt><trkpt lat="37.945669" lon="-122.510043"><ele>3.2</ele></trkpt><trkpt lat="37.945646" lon="-122.510024"><ele>3.2</ele></trkpt><trkpt lat="37.945623" lon="-122.510003"><ele>3.1</ele></trkpt><trkpt lat="37.945598" lon="-122.509977"><ele>3.1</ele></trkpt><trkpt lat="37.945574" lon="-122.509951"><ele>3.1</ele></trkpt><trkpt lat="37.945514" lon="-122.509833"><ele>2.9</ele></trkpt><trkpt lat="37.945408" lon="-122.509673"><ele>2.8</ele></trkpt><trkpt lat="37.945316" lon="-122.509559"><ele>2.7</ele></trkpt><trkpt lat="37.945284" lon="-122.509536"><ele>2.7</ele></trkpt><trkpt lat="37.945316" lon="-122.509559"><ele>2.7</ele></trkpt><trkpt lat="37.945408" lon="-122.509673"><ele>2.7</ele></trkpt><trkpt lat="37.945514" lon="-122.509833"><ele>2.7</ele></trkpt><trkpt lat="37.945574" lon="-122.509951"><ele>2.8</ele></trkpt><trkpt lat="37.945598" lon="-122.509977"><ele>2.8</ele></trkpt><trkpt lat="37.945623" lon="-122.510003"><ele>2.8</ele></trkpt><trkpt lat="37.945646" lon="-122.510024"><ele>2.8</ele></trkpt><trkpt lat="37.945669" lon="-122.510043"><ele>2.8</ele></trkpt><trkpt lat="37.945696" lon="-122.510064"><ele>2.9</ele></trkpt><trkpt lat="37.945721" lon="-122.510086"><ele>2.9</ele></trkpt><trkpt lat="37.945742" lon="-122.510109"><ele>2.9</ele></trkpt><trkpt lat="37.945767" lon="-122.510138"><ele>2.9</ele></trkpt><trkpt lat="37.945789" lon="-122.510167"><ele>2.9</ele></trkpt><trkpt lat="37.945811" lon="-122.510202"><ele>3.0</ele></trkpt><trkpt lat="37.945830" lon="-122.510231"><ele>3.0</ele></trkpt><trkpt lat="37.945851" lon="-122.510261"><ele>3.0</ele></trkpt><trkpt lat="37.945916" lon="-122.510341"><ele>3.0</ele></trkpt><trkpt lat="37.945936" lon="-122.510364"><ele>3.1</ele></trkpt><trkpt lat="37.945952" lon="-122.510381"><ele>3.1</ele></trkpt><trkpt lat="37.945964" lon="-122.510391"><ele>3.1</ele></trkpt><trkpt lat="37.945978" lon="-122.510401"><ele>3.1</ele></trkpt><trkpt lat="37.946139" lon="-122.510504"><ele>3.3</ele></trkpt><trkpt lat="37.946186" lon="-122.510536"><ele>3.4</ele></trkpt><trkpt lat="37.946215" lon="-122.510465"><ele>3.5</ele></trkpt><trkpt lat="37.946241" lon="-122.510395"><ele>3.5</ele></trkpt><trkpt lat="37.946325" lon="-122.510112"><ele>3.8</ele></trkpt><trkpt lat="37.946375" lon="-122.509897"><ele>4.0</ele></trkpt><trkpt lat="37.946389" lon="-122.509575"><ele>4.3</ele></trkpt><trkpt lat="37.946357" lon="-122.509326"><ele>4.3</ele></trkpt><trkpt lat="37.946238" lon="-122.508990"><ele>4.3</ele></trkpt><trkpt lat="37.946216" lon="-122.508928"><ele>4.3</ele></trkpt><trkpt lat="37.946135" lon="-122.508783"><ele>4.3</ele></trkpt><trkpt lat="37.945999" lon="-122.508542"><ele>4.3</ele></trkpt><trkpt lat="37.945846" lon="-122.508337"><ele>4.2</ele></trkpt><trkpt lat="37.945686" lon="-122.508169"><ele>4.1</ele></trkpt><trkpt lat="37.945397" lon="-122.507904"><ele>3.9</ele></trkpt><trkpt lat="37.945199" lon="-122.507705"><ele>3.8</ele></trkpt><trkpt lat="37.944804" lon="-122.507275"><ele>3.5</ele></trkpt><trkpt lat="37.944510" lon="-122.506814"><ele>3.5</ele></trkpt><trkpt lat="37.944478" lon="-122.506811"><ele>3.5</ele></trkpt><trkpt lat="37.944379" lon="-122.506780"><ele>3.6</ele></trkpt><trkpt lat="37.944302" lon="-122.506627"><ele>3.7</ele></trkpt><trkpt lat="37.944357" lon="-122.506478"><ele>3.9</ele></trkpt><trkpt lat="37.944252" lon="-122.506149"><ele>4.6</ele></trkpt><trkpt lat="37.944200" lon="-122.505730"><ele>5.3</ele></trkpt><trkpt lat="37.944183" lon="-122.505219"><ele>6.3</ele></trkpt><trkpt lat="37.944163" lon="-122.504698"><ele>7.4</ele></trkpt><trkpt lat="37.944149" lon="-122.504461"><ele>8.0</ele></trkpt><trkpt lat="37.944131" lon="-122.504197"><ele>8.6</ele></trkpt><trkpt lat="37.944099" lon="-122.503723"><ele>9.4</ele></trkpt><trkpt lat="37.944051" lon="-122.502907"><ele>10.2</ele></trkpt><trkpt lat="37.944031" lon="-122.502752"><ele>10.3</ele></trkpt><trkpt lat="37.943991" lon="-122.502600"><ele>10.4</ele></trkpt><trkpt lat="37.943935" lon="-122.502481"><ele>10.3</ele></trkpt><trkpt lat="37.943833" lon="-122.502267"><ele>10.2</ele></trkpt><trkpt lat="37.943776" lon="-122.502152"><ele>10.1</ele></trkpt><trkpt lat="37.943711" lon="-122.501996"><ele>10.1</ele></trkpt><trkpt lat="37.943675" lon="-122.501972"><ele>10.0</ele></trkpt><trkpt lat="37.943638" lon="-122.501947"><ele>9.8</ele></trkpt><trkpt lat="37.943604" lon="-122.501926"><ele>9.7</ele></trkpt><trkpt lat="37.943571" lon="-122.501907"><ele>9.6</ele></trkpt><trkpt lat="37.943500" lon="-122.501868"><ele>9.4</ele></trkpt><trkpt lat="37.943467" lon="-122.501852"><ele>9.3</ele></trkpt><trkpt lat="37.943434" lon="-122.501836"><ele>9.2</ele></trkpt><trkpt lat="37.943360" lon="-122.501801"><ele>9.0</ele></trkpt><trkpt lat="37.943228" lon="-122.501741"><ele>8.6</ele></trkpt><trkpt lat="37.943162" lon="-122.501708"><ele>8.5</ele></trkpt><trkpt lat="37.943100" lon="-122.501675"><ele>8.4</ele></trkpt><trkpt lat="37.943050" lon="-122.501645"><ele>8.3</ele></trkpt><trkpt lat="37.942992" lon="-122.501607"><ele>8.1</ele></trkpt><trkpt lat="37.942930" lon="-122.501559"><ele>8.0</ele></trkpt><trkpt lat="37.942876" lon="-122.501510"><ele>7.9</ele></trkpt><trkpt lat="37.942826" lon="-122.501456"><ele>7.8</ele></trkpt><trkpt lat="37.942776" lon="-122.501396"><ele>7.7</ele></trkpt><trkpt lat="37.942730" lon="-122.501335"><ele>7.6</ele></trkpt><trkpt lat="37.942686" lon="-122.501269"><ele>7.7</ele></trkpt><trkpt lat="37.942644" lon="-122.501199"><ele>7.7</ele></trkpt><trkpt lat="37.942607" lon="-122.501128"><ele>7.8</ele></trkpt><trkpt lat="37.942573" lon="-122.501050"><ele>7.8</ele></trkpt><trkpt lat="37.942545" lon="-122.500976"><ele>7.8</ele></trkpt><trkpt lat="37.942517" lon="-122.500896"><ele>7.9</ele></trkpt><trkpt lat="37.942491" lon="-122.500816"><ele>7.9</ele></trkpt><trkpt lat="37.942466" lon="-122.500731"><ele>7.9</ele></trkpt><trkpt lat="37.942444" lon="-122.500652"><ele>8.0</ele></trkpt><trkpt lat="37.942422" lon="-122.500573"><ele>8.0</ele></trkpt><trkpt lat="37.942324" lon="-122.500181"><ele>8.2</ele></trkpt><trkpt lat="37.942300" lon="-122.500070"><ele>8.3</ele></trkpt><trkpt lat="37.942290" lon="-122.500021"><ele>8.4</ele></trkpt><trkpt lat="37.942281" lon="-122.499977"><ele>8.4</ele></trkpt><trkpt lat="37.942275" lon="-122.499936"><ele>8.5</ele></trkpt><trkpt lat="37.942269" lon="-122.499894"><ele>8.6</ele></trkpt><trkpt lat="37.942263" lon="-122.499849"><ele>8.6</ele></trkpt><trkpt lat="37.942259" lon="-122.499803"><ele>8.7</ele></trkpt><trkpt lat="37.942255" lon="-122.499758"><ele>8.7</ele></trkpt><trkpt lat="37.942252" lon="-122.499709"><ele>8.8</ele></trkpt><trkpt lat="37.942251" lon="-122.499661"><ele>8.9</ele></trkpt><trkpt lat="37.942250" lon="-122.499610"><ele>8.9</ele></trkpt><trkpt lat="37.942252" lon="-122.499565"><ele>9.0</ele></trkpt><trkpt lat="37.942254" lon="-122.499516"><ele>9.1</ele></trkpt><trkpt lat="37.942259" lon="-122.499464"><ele>9.1</ele></trkpt><trkpt lat="37.942264" lon="-122.499413"><ele>9.3</ele></trkpt><trkpt lat="37.942272" lon="-122.499355"><ele>9.5</ele></trkpt><trkpt lat="37.942280" lon="-122.499300"><ele>9.8</ele></trkpt><trkpt lat="37.942290" lon="-122.499239"><ele>10.0</ele></trkpt><trkpt lat="37.942300" lon="-122.499183"><ele>10.2</ele></trkpt><trkpt lat="37.942312" lon="-122.499126"><ele>10.5</ele></trkpt><trkpt lat="37.942326" lon="-122.499071"><ele>10.7</ele></trkpt><trkpt lat="37.942339" lon="-122.499023"><ele>10.9</ele></trkpt><trkpt lat="37.942355" lon="-122.498971"><ele>11.1</ele></trkpt><trkpt lat="37.942383" lon="-122.498887"><ele>11.5</ele></trkpt><trkpt lat="37.942412" lon="-122.498811"><ele>11.9</ele></trkpt><trkpt lat="37.942446" lon="-122.498732"><ele>12.1</ele></trkpt><trkpt lat="37.942480" lon="-122.498657"><ele>12.3</ele></trkpt><trkpt lat="37.942499" lon="-122.498622"><ele>12.5</ele></trkpt><trkpt lat="37.942517" lon="-122.498587"><ele>12.6</ele></trkpt><trkpt lat="37.942558" lon="-122.498514"><ele>12.8</ele></trkpt><trkpt lat="37.942600" lon="-122.498449"><ele>13.0</ele></trkpt><trkpt lat="37.942644" lon="-122.498384"><ele>13.3</ele></trkpt><trkpt lat="37.942696" lon="-122.498316"><ele>13.5</ele></trkpt><trkpt lat="37.942740" lon="-122.498264"><ele>13.7</ele></trkpt><trkpt lat="37.942791" lon="-122.498208"><ele>13.8</ele></trkpt><trkpt lat="37.942845" lon="-122.498157"><ele>13.8</ele></trkpt><trkpt lat="37.942907" lon="-122.498103"><ele>13.8</ele></trkpt><trkpt lat="37.942959" lon="-122.498062"><ele>13.9</ele></trkpt><trkpt lat="37.943005" lon="-122.498027"><ele>13.9</ele></trkpt><trkpt lat="37.943047" lon="-122.497998"><ele>13.9</ele></trkpt><trkpt lat="37.943086" lon="-122.497973"><ele>13.9</ele></trkpt><trkpt lat="37.943124" lon="-122.497950"><ele>14.0</ele></trkpt><trkpt lat="37.943164" lon="-122.497928"><ele>14.0</ele></trkpt><trkpt lat="37.943200" lon="-122.497909"><ele>14.0</ele></trkpt><trkpt lat="37.943243" lon="-122.497888"><ele>14.0</ele></trkpt><trkpt lat="37.943287" lon="-122.497867"><ele>14.1</ele></trkpt><trkpt lat="37.943331" lon="-122.497847"><ele>14.1</ele></trkpt><trkpt lat="37.943389" lon="-122.497824"><ele>14.1</ele></trkpt><trkpt lat="37.943537" lon="-122.497765"><ele>14.2</ele></trkpt><trkpt lat="37.943597" lon="-122.497741"><ele>14.3</ele></trkpt><trkpt lat="37.943666" lon="-122.497711"><ele>14.3</ele></trkpt><trkpt lat="37.943738" lon="-122.497677"><ele>14.4</ele></trkpt><trkpt lat="37.943806" lon="-122.497642"><ele>14.5</ele></trkpt><trkpt lat="37.943884" lon="-122.497599"><ele>14.6</ele></trkpt><trkpt lat="37.943955" lon="-122.497552"><ele>14.8</ele></trkpt><trkpt lat="37.944031" lon="-122.497499"><ele>14.9</ele></trkpt><trkpt lat="37.944105" lon="-122.497441"><ele>15.1</ele></trkpt><trkpt lat="37.944175" lon="-122.497379"><ele>15.2</ele></trkpt><trkpt lat="37.944235" lon="-122.497319"><ele>15.3</ele></trkpt><trkpt lat="37.944298" lon="-122.497247"><ele>15.4</ele></trkpt><trkpt lat="37.944351" lon="-122.497183"><ele>15.5</ele></trkpt><trkpt lat="37.944401" lon="-122.497117"><ele>15.6</ele></trkpt><trkpt lat="37.944449" lon="-122.497049"><ele>15.6</ele></trkpt><trkpt lat="37.944488" lon="-122.496991"><ele>15.7</ele></trkpt><trkpt lat="37.944526" lon="-122.496928"><ele>15.8</ele></trkpt><trkpt lat="37.944559" lon="-122.496869"><ele>15.9</ele></trkpt><trkpt lat="37.944590" lon="-122.496809"><ele>15.9</ele></trkpt><trkpt lat="37.944616" lon="-122.496757"><ele>16.0</ele></trkpt><trkpt lat="37.944640" lon="-122.496704"><ele>16.0</ele></trkpt><trkpt lat="37.944663" lon="-122.496648"><ele>16.1</ele></trkpt><trkpt lat="37.944687" lon="-122.496585"><ele>16.1</ele></trkpt><trkpt lat="37.944710" lon="-122.496520"><ele>16.2</ele></trkpt><trkpt lat="37.944734" lon="-122.496444"><ele>16.3</ele></trkpt><trkpt lat="37.944990" lon="-122.495610"><ele>19.8</ele></trkpt><trkpt lat="37.945019" lon="-122.495520"><ele>20.3</ele></trkpt><trkpt lat="37.945045" lon="-122.495442"><ele>20.6</ele></trkpt><trkpt lat="37.945072" lon="-122.495366"><ele>21.0</ele></trkpt><trkpt lat="37.945102" lon="-122.495287"><ele>21.4</ele></trkpt><trkpt lat="37.945110" lon="-122.495215"><ele>21.7</ele></trkpt><trkpt lat="37.945120" lon="-122.495180"><ele>21.9</ele></trkpt><trkpt lat="37.945152" lon="-122.495097"><ele>22.3</ele></trkpt><trkpt lat="37.945189" lon="-122.495007"><ele>22.8</ele></trkpt><trkpt lat="37.945225" lon="-122.494926"><ele>23.0</ele></trkpt><trkpt lat="37.945262" lon="-122.494849"><ele>23.1</ele></trkpt><trkpt lat="37.945299" lon="-122.494779"><ele>23.2</ele></trkpt><trkpt lat="37.945340" lon="-122.494707"><ele>23.3</ele></trkpt><trkpt lat="37.945384" lon="-122.494635"><ele>23.4</ele></trkpt><trkpt lat="37.945428" lon="-122.494570"><ele>23.5</ele></trkpt><trkpt lat="37.945472" lon="-122.494508"><ele>23.6</ele></trkpt><trkpt lat="37.945690" lon="-122.494222"><ele>23.9</ele></trkpt><trkpt lat="37.945700" lon="-122.494209"><ele>23.9</ele></trkpt><trkpt lat="37.945766" lon="-122.494121"><ele>24.0</ele></trkpt><trkpt lat="37.945833" lon="-122.494028"><ele>24.0</ele></trkpt><trkpt lat="37.945899" lon="-122.493932"><ele>24.1</ele></trkpt><trkpt lat="37.945964" lon="-122.493832"><ele>24.0</ele></trkpt><trkpt lat="37.946032" lon="-122.493719"><ele>23.8</ele></trkpt><trkpt lat="37.946061" lon="-122.493668"><ele>23.8</ele></trkpt><trkpt lat="37.946086" lon="-122.493620"><ele>23.7</ele></trkpt><trkpt lat="37.946121" lon="-122.493550"><ele>23.6</ele></trkpt><trkpt lat="37.946156" lon="-122.493478"><ele>23.6</ele></trkpt><trkpt lat="37.946188" lon="-122.493405"><ele>23.5</ele></trkpt><trkpt lat="37.946219" lon="-122.493332"><ele>23.2</ele></trkpt><trkpt lat="37.946247" lon="-122.493259"><ele>22.7</ele></trkpt><trkpt lat="37.946275" lon="-122.493183"><ele>22.3</ele></trkpt><trkpt lat="37.946298" lon="-122.493107"><ele>21.9</ele></trkpt><trkpt lat="37.946317" lon="-122.493036"><ele>21.4</ele></trkpt><trkpt lat="37.946336" lon="-122.492957"><ele>21.0</ele></trkpt><trkpt lat="37.946352" lon="-122.492882"><ele>20.6</ele></trkpt><trkpt lat="37.946368" lon="-122.492800"><ele>20.1</ele></trkpt><trkpt lat="37.946382" lon="-122.492722"><ele>19.7</ele></trkpt><trkpt lat="37.946391" lon="-122.492654"><ele>19.3</ele></trkpt><trkpt lat="37.946397" lon="-122.492580"><ele>18.8</ele></trkpt><trkpt lat="37.946399" lon="-122.492518"><ele>18.4</ele></trkpt><trkpt lat="37.946398" lon="-122.492442"><ele>18.0</ele></trkpt><trkpt lat="37.946396" lon="-122.492385"><ele>17.6</ele></trkpt><trkpt lat="37.946390" lon="-122.492316"><ele>17.2</ele></trkpt><trkpt lat="37.946380" lon="-122.492232"><ele>16.7</ele></trkpt><trkpt lat="37.946370" lon="-122.492157"><ele>16.2</ele></trkpt><trkpt lat="37.946360" lon="-122.492094"><ele>15.8</ele></trkpt><trkpt lat="37.946344" lon="-122.492009"><ele>15.5</ele></trkpt><trkpt lat="37.946324" lon="-122.491930"><ele>15.3</ele></trkpt><trkpt lat="37.946303" lon="-122.491858"><ele>15.2</ele></trkpt><trkpt lat="37.946275" lon="-122.491780"><ele>15.0</ele></trkpt><trkpt lat="37.946247" lon="-122.491708"><ele>14.9</ele></trkpt><trkpt lat="37.946215" lon="-122.491633"><ele>14.7</ele></trkpt><trkpt lat="37.946180" lon="-122.491559"><ele>14.6</ele></trkpt><trkpt lat="37.946150" lon="-122.491498"><ele>14.4</ele></trkpt><trkpt lat="37.946084" lon="-122.491363"><ele>14.3</ele></trkpt><trkpt lat="37.945996" lon="-122.491187"><ele>14.3</ele></trkpt><trkpt lat="37.945898" lon="-122.490995"><ele>14.3</ele></trkpt><trkpt lat="37.945590" lon="-122.490400"><ele>14.1</ele></trkpt><trkpt lat="37.945519" lon="-122.490261"><ele>14.0</ele></trkpt><trkpt lat="37.945445" lon="-122.490117"><ele>13.8</ele></trkpt><trkpt lat="37.945367" lon="-122.489959"><ele>13.7</ele></trkpt><trkpt lat="37.945308" lon="-122.489831"><ele>13.5</ele></trkpt><trkpt lat="37.945248" lon="-122.489696"><ele>13.4</ele></trkpt><trkpt lat="37.945185" lon="-122.489542"><ele>13.3</ele></trkpt><trkpt lat="37.945128" lon="-122.489389"><ele>13.3</ele></trkpt><trkpt lat="37.945073" lon="-122.489219"><ele>13.2</ele></trkpt><trkpt lat="37.945035" lon="-122.489097"><ele>13.1</ele></trkpt><trkpt lat="37.945005" lon="-122.488996"><ele>12.7</ele></trkpt><trkpt lat="37.944977" lon="-122.488896"><ele>12.3</ele></trkpt><trkpt lat="37.944955" lon="-122.488815"><ele>11.9</ele></trkpt><trkpt lat="37.944932" lon="-122.488733"><ele>11.6</ele></trkpt><trkpt lat="37.944900" lon="-122.488580"><ele>10.9</ele></trkpt><trkpt lat="37.944878" lon="-122.488433"><ele>10.3</ele></trkpt><trkpt lat="37.944862" lon="-122.488275"><ele>9.6</ele></trkpt><trkpt lat="37.944834" lon="-122.488112"><ele>8.8</ele></trkpt><trkpt lat="37.944810" lon="-122.487947"><ele>8.0</ele></trkpt><trkpt lat="37.944790" lon="-122.487785"><ele>7.2</ele></trkpt><trkpt lat="37.944774" lon="-122.487619"><ele>6.6</ele></trkpt><trkpt lat="37.944762" lon="-122.487452"><ele>6.2</ele></trkpt><trkpt lat="37.944752" lon="-122.487287"><ele>5.7</ele></trkpt><trkpt lat="37.944747" lon="-122.487122"><ele>5.3</ele></trkpt><trkpt lat="37.944746" lon="-122.486956"><ele>5.1</ele></trkpt><trkpt lat="37.944749" lon="-122.486788"><ele>5.1</ele></trkpt><trkpt lat="37.944756" lon="-122.486623"><ele>5.0</ele></trkpt><trkpt lat="37.944764" lon="-122.486457"><ele>4.9</ele></trkpt><trkpt lat="37.944773" lon="-122.486291"><ele>5.1</ele></trkpt><trkpt lat="37.944852" lon="-122.484804"><ele>10.1</ele></trkpt><trkpt lat="37.944859" lon="-122.484640"><ele>11.1</ele></trkpt><trkpt lat="37.944861" lon="-122.484475"><ele>12.1</ele></trkpt><trkpt lat="37.944859" lon="-122.484309"><ele>13.0</ele></trkpt><trkpt lat="37.944756" lon="-122.483818"><ele>15.5</ele></trkpt><trkpt lat="37.944718" lon="-122.483641"><ele>16.3</ele></trkpt><trkpt lat="37.944680" lon="-122.483473"><ele>16.8</ele></trkpt><trkpt lat="37.944637" lon="-122.483308"><ele>17.2</ele></trkpt><trkpt lat="37.944591" lon="-122.483145"><ele>17.7</ele></trkpt><trkpt lat="37.944557" lon="-122.483031"><ele>18.0</ele></trkpt><trkpt lat="37.944514" lon="-122.482904"><ele>17.8</ele></trkpt><trkpt lat="37.944470" lon="-122.482783"><ele>17.6</ele></trkpt><trkpt lat="37.944433" lon="-122.482685"><ele>17.5</ele></trkpt><trkpt lat="37.944394" lon="-122.482587"><ele>17.3</ele></trkpt><trkpt lat="37.944352" lon="-122.482489"><ele>17.2</ele></trkpt><trkpt lat="37.944313" lon="-122.482399"><ele>17.0</ele></trkpt><trkpt lat="37.944270" lon="-122.482310"><ele>16.7</ele></trkpt><trkpt lat="37.944221" lon="-122.482213"><ele>16.4</ele></trkpt><trkpt lat="37.944170" lon="-122.482118"><ele>16.1</ele></trkpt><trkpt lat="37.944119" lon="-122.482030"><ele>15.8</ele></trkpt><trkpt lat="37.944060" lon="-122.481931"><ele>15.5</ele></trkpt><trkpt lat="37.943982" lon="-122.481802"><ele>14.9</ele></trkpt><trkpt lat="37.943660" lon="-122.481295"><ele>11.7</ele></trkpt><trkpt lat="37.943384" lon="-122.480859"><ele>9.2</ele></trkpt><trkpt lat="37.943318" lon="-122.480755"><ele>8.8</ele></trkpt><trkpt lat="37.943228" lon="-122.480609"><ele>8.4</ele></trkpt><trkpt lat="37.943792" lon="-122.480243"><ele>7.3</ele></trkpt><trkpt lat="37.943845" lon="-122.480191"><ele>7.2</ele></trkpt><trkpt lat="37.943880" lon="-122.480150"><ele>7.2</ele></trkpt><trkpt lat="37.943910" lon="-122.480145"><ele>7.1</ele></trkpt><trkpt lat="37.943933" lon="-122.480153"><ele>7.1</ele></trkpt><trkpt lat="37.943968" lon="-122.480186"><ele>7.1</ele></trkpt><trkpt lat="37.944091" lon="-122.480306"><ele>6.9</ele></trkpt><trkpt lat="37.944154" lon="-122.480205"><ele>6.8</ele></trkpt><trkpt lat="37.944211" lon="-122.480263"><ele>6.7</ele></trkpt><trkpt lat="37.944154" lon="-122.480205"><ele>6.6</ele></trkpt><trkpt lat="37.944035" lon="-122.480084"><ele>6.5</ele></trkpt><trkpt lat="37.943984" lon="-122.480053"><ele>6.4</ele></trkpt><trkpt lat="37.943935" lon="-122.480039"><ele>6.3</ele></trkpt><trkpt lat="37.943885" lon="-122.480044"><ele>6.3</ele></trkpt><trkpt lat="37.943838" lon="-122.480065"><ele>6.2</ele></trkpt><trkpt lat="37.943792" lon="-122.480102"><ele>6.2</ele></trkpt><trkpt lat="37.943080" lon="-122.478883"><ele>4.8</ele></trkpt><trkpt lat="37.943015" lon="-122.478740"><ele>4.7</ele></trkpt><trkpt lat="37.942941" lon="-122.478559"><ele>4.3</ele></trkpt><trkpt lat="37.942676" lon="-122.477767"><ele>2.8</ele></trkpt><trkpt lat="37.942434" lon="-122.476470"><ele>1.2</ele></trkpt><trkpt lat="37.942210" lon="-122.475174"><ele>0.0</ele></trkpt><trkpt lat="37.941781" lon="-122.472795"><ele>0.0</ele></trkpt><trkpt lat="37.941383" lon="-122.470540"><ele>0.0</ele></trkpt><trkpt lat="37.941293" lon="-122.470083"><ele>0.0</ele></trkpt><trkpt lat="37.941102" lon="-122.469230"><ele>0.0</ele></trkpt><trkpt lat="37.941065" lon="-122.469083"><ele>0.0</ele></trkpt><trkpt lat="37.940877" lon="-122.468413"><ele>0.0</ele></trkpt><trkpt lat="37.940774" lon="-122.468097"><ele>0.0</ele></trkpt><trkpt lat="37.940337" lon="-122.466688"><ele>0.0</ele></trkpt><trkpt lat="37.939930" lon="-122.465385"><ele>0.0</ele></trkpt><trkpt lat="37.939754" lon="-122.464816"><ele>0.0</ele></trkpt><trkpt lat="37.939373" lon="-122.463571"><ele>0.0</ele></trkpt><trkpt lat="37.938865" lon="-122.461944"><ele>0.0</ele></trkpt><trkpt lat="37.938381" lon="-122.460391"><ele>0.0</ele></trkpt><trkpt lat="37.937893" lon="-122.458851"><ele>0.0</ele></trkpt><trkpt lat="37.937545" lon="-122.457731"><ele>0.0</ele></trkpt><trkpt lat="37.937065" lon="-122.456208"><ele>0.0</ele></trkpt><trkpt lat="37.936674" lon="-122.454961"><ele>0.0</ele></trkpt><trkpt lat="37.936502" lon="-122.454366"><ele>0.0</ele></trkpt><trkpt lat="37.936234" lon="-122.453340"><ele>0.0</ele></trkpt><trkpt lat="37.936110" lon="-122.452876"><ele>0.0</ele></trkpt><trkpt lat="37.935817" lon="-122.451483"><ele>0.0</ele></trkpt><trkpt lat="37.935634" lon="-122.450394"><ele>0.0</ele></trkpt><trkpt lat="37.935585" lon="-122.450106"><ele>0.0</ele></trkpt><trkpt lat="37.935501" lon="-122.449461"><ele>0.0</ele></trkpt><trkpt lat="37.935415" lon="-122.448599"><ele>0.0</ele></trkpt><trkpt lat="37.935320" lon="-122.447285"><ele>0.0</ele></trkpt><trkpt lat="37.935238" lon="-122.446141"><ele>0.0</ele></trkpt><trkpt lat="37.935114" lon="-122.444281"><ele>0.0</ele></trkpt><trkpt lat="37.935030" lon="-122.443083"><ele>0.0</ele></trkpt><trkpt lat="37.934893" lon="-122.441045"><ele>0.0</ele></trkpt><trkpt lat="37.934753" lon="-122.438881"><ele>0.0</ele></trkpt><trkpt lat="37.934574" lon="-122.436137"><ele>0.0</ele></trkpt><trkpt lat="37.934441" lon="-122.434292"><ele>0.0</ele></trkpt><trkpt lat="37.934364" lon="-122.433044"><ele>0.0</ele></trkpt><trkpt lat="37.934253" lon="-122.431399"><ele>0.0</ele></trkpt><trkpt lat="37.934175" lon="-122.430197"><ele>0.0</ele></trkpt><trkpt lat="37.933979" lon="-122.427111"><ele>0.0</ele></trkpt><trkpt lat="37.933693" lon="-122.423012"><ele>0.0</ele></trkpt><trkpt lat="37.933481" lon="-122.419747"><ele>0.0</ele></trkpt><trkpt lat="37.933418" lon="-122.418752"><ele>0.0</ele></trkpt><trkpt lat="37.933271" lon="-122.416456"><ele>0.0</ele></trkpt><trkpt lat="37.933161" lon="-122.414774"><ele>0.0</ele></trkpt><trkpt lat="37.933078" lon="-122.413638"><ele>0.0</ele></trkpt><trkpt lat="37.932988" lon="-122.412350"><ele>-0.6</ele></trkpt><trkpt lat="37.932917" lon="-122.411260"><ele>-2.4</ele></trkpt><trkpt lat="37.932820" lon="-122.409767"><ele>-0.2</ele></trkpt><trkpt lat="37.932770" lon="-122.409072"><ele>2.7</ele></trkpt><trkpt lat="37.932662" lon="-122.407495"><ele>7.8</ele></trkpt><trkpt lat="37.932608" lon="-122.406459"><ele>7.8</ele></trkpt><trkpt lat="37.932607" lon="-122.405444"><ele>6.4</ele></trkpt><trkpt lat="37.932607" lon="-122.405344"><ele>6.3</ele></trkpt><trkpt lat="37.932613" lon="-122.405188"><ele>6.1</ele></trkpt><trkpt lat="37.932698" lon="-122.404671"><ele>6.1</ele></trkpt><trkpt lat="37.932714" lon="-122.404536"><ele>6.1</ele></trkpt><trkpt lat="37.932738" lon="-122.404159"><ele>7.8</ele></trkpt><trkpt lat="37.932755" lon="-122.403991"><ele>8.5</ele></trkpt><trkpt lat="37.932767" lon="-122.403918"><ele>8.9</ele></trkpt><trkpt lat="37.932785" lon="-122.403858"><ele>9.1</ele></trkpt><trkpt lat="37.932818" lon="-122.403809"><ele>9.3</ele></trkpt><trkpt lat="37.932856" lon="-122.403778"><ele>9.4</ele></trkpt><trkpt lat="37.932924" lon="-122.403742"><ele>9.6</ele></trkpt><trkpt lat="37.933192" lon="-122.403622"><ele>10.4</ele></trkpt><trkpt lat="37.933253" lon="-122.403583"><ele>10.6</ele></trkpt><trkpt lat="37.933308" lon="-122.403534"><ele>10.8</ele></trkpt><trkpt lat="37.933345" lon="-122.403490"><ele>10.9</ele></trkpt><trkpt lat="37.933386" lon="-122.403437"><ele>11.1</ele></trkpt><trkpt lat="37.933480" lon="-122.403318"><ele>11.5</ele></trkpt><trkpt lat="37.933546" lon="-122.403159"><ele>11.9</ele></trkpt><trkpt lat="37.933579" lon="-122.403079"><ele>12.1</ele></trkpt><trkpt lat="37.933479" lon="-122.402971"><ele>12.3</ele></trkpt><trkpt lat="37.933408" lon="-122.402890"><ele>12.5</ele></trkpt><trkpt lat="37.933325" lon="-122.402791"><ele>12.7</ele></trkpt><trkpt lat="37.933247" lon="-122.402684"><ele>12.9</ele></trkpt><trkpt lat="37.933140" lon="-122.402532"><ele>13.1</ele></trkpt><trkpt lat="37.932985" lon="-122.402325"><ele>13.4</ele></trkpt><trkpt lat="37.932873" lon="-122.402185"><ele>13.6</ele></trkpt><trkpt lat="37.932720" lon="-122.402014"><ele>13.6</ele></trkpt><trkpt lat="37.932654" lon="-122.401936"><ele>13.5</ele></trkpt><trkpt lat="37.932594" lon="-122.401851"><ele>13.4</ele></trkpt><trkpt lat="37.932542" lon="-122.401773"><ele>13.3</ele></trkpt><trkpt lat="37.932494" lon="-122.401690"><ele>13.2</ele></trkpt><trkpt lat="37.932447" lon="-122.401595"><ele>13.1</ele></trkpt><trkpt lat="37.932430" lon="-122.401551"><ele>13.1</ele></trkpt><trkpt lat="37.932420" lon="-122.401506"><ele>13.1</ele></trkpt><trkpt lat="37.932409" lon="-122.401466"><ele>13.0</ele></trkpt><trkpt lat="37.932380" lon="-122.401389"><ele>12.9</ele></trkpt><trkpt lat="37.932347" lon="-122.401309"><ele>12.9</ele></trkpt><trkpt lat="37.932320" lon="-122.401203"><ele>12.8</ele></trkpt><trkpt lat="37.932301" lon="-122.401093"><ele>12.7</ele></trkpt><trkpt lat="37.932285" lon="-122.400959"><ele>12.5</ele></trkpt><trkpt lat="37.932258" lon="-122.400606"><ele>12.2</ele></trkpt><trkpt lat="37.932247" lon="-122.400466"><ele>12.1</ele></trkpt><trkpt lat="37.932236" lon="-122.400395"><ele>12.0</ele></trkpt><trkpt lat="37.932219" lon="-122.400321"><ele>12.0</ele></trkpt><trkpt lat="37.932208" lon="-122.400260"><ele>11.9</ele></trkpt><trkpt lat="37.932192" lon="-122.400159"><ele>12.1</ele></trkpt><trkpt lat="37.932182" lon="-122.400052"><ele>12.3</ele></trkpt><trkpt lat="37.932177" lon="-122.399963"><ele>12.5</ele></trkpt><trkpt lat="37.932177" lon="-122.399881"><ele>12.7</ele></trkpt><trkpt lat="37.932183" lon="-122.399821"><ele>12.8</ele></trkpt><trkpt lat="37.932220" lon="-122.399449"><ele>13.6</ele></trkpt><trkpt lat="37.932267" lon="-122.399162"><ele>14.1</ele></trkpt><trkpt lat="37.932340" lon="-122.398828"><ele>14.8</ele></trkpt><trkpt lat="37.932448" lon="-122.398370"><ele>15.8</ele></trkpt><trkpt lat="37.932568" lon="-122.397894"><ele>17.1</ele></trkpt><trkpt lat="37.932662" lon="-122.397478"><ele>18.3</ele></trkpt><trkpt lat="37.932721" lon="-122.397151"><ele>19.2</ele></trkpt><trkpt lat="37.932759" lon="-122.396821"><ele>19.8</ele></trkpt><trkpt lat="37.932785" lon="-122.396426"><ele>19.6</ele></trkpt><trkpt lat="37.932787" lon="-122.395941"><ele>19.6</ele></trkpt><trkpt lat="37.932762" lon="-122.395458"><ele>19.7</ele></trkpt><trkpt lat="37.932692" lon="-122.395052"><ele>19.1</ele></trkpt><trkpt lat="37.932606" lon="-122.394543"><ele>18.4</ele></trkpt><trkpt lat="37.932461" lon="-122.394040"><ele>17.4</ele></trkpt><trkpt lat="37.932337" lon="-122.393678"><ele>16.1</ele></trkpt><trkpt lat="37.932047" lon="-122.393005"><ele>13.1</ele></trkpt><trkpt lat="37.931676" lon="-122.392206"><ele>10.4</ele></trkpt><trkpt lat="37.931669" lon="-122.392172"><ele>10.3</ele></trkpt><trkpt lat="37.931666" lon="-122.392121"><ele>10.2</ele></trkpt><trkpt lat="37.931664" lon="-122.392002"><ele>10.1</ele></trkpt><trkpt lat="37.931662" lon="-122.391902"><ele>10.0</ele></trkpt><trkpt lat="37.931659" lon="-122.391860"><ele>9.9</ele></trkpt><trkpt lat="37.931651" lon="-122.391818"><ele>9.8</ele></trkpt><trkpt lat="37.931636" lon="-122.391778"><ele>9.8</ele></trkpt><trkpt lat="37.931616" lon="-122.391742"><ele>9.7</ele></trkpt><trkpt lat="37.931592" lon="-122.391713"><ele>9.7</ele></trkpt><trkpt lat="37.931562" lon="-122.391688"><ele>9.7</ele></trkpt><trkpt lat="37.931525" lon="-122.391671"><ele>9.7</ele></trkpt><trkpt lat="37.931490" lon="-122.391660"><ele>9.7</ele></trkpt><trkpt lat="37.931398" lon="-122.391640"><ele>9.6</ele></trkpt><trkpt lat="37.931090" lon="-122.391703"><ele>9.5</ele></trkpt><trkpt lat="37.930467" lon="-122.392031"><ele>10.4</ele></trkpt><trkpt lat="37.930366" lon="-122.392074"><ele>10.7</ele></trkpt><trkpt lat="37.930287" lon="-122.392109"><ele>10.8</ele></trkpt><trkpt lat="37.930228" lon="-122.392085"><ele>11.0</ele></trkpt><trkpt lat="37.930208" lon="-122.392024"><ele>11.1</ele></trkpt><trkpt lat="37.930075" lon="-122.391683"><ele>11.9</ele></trkpt><trkpt lat="37.929891" lon="-122.391282"><ele>13.1</ele></trkpt><trkpt lat="37.929840" lon="-122.391123"><ele>13.9</ele></trkpt><trkpt lat="37.929747" lon="-122.390953"><ele>14.8</ele></trkpt><trkpt lat="37.929707" lon="-122.390930"><ele>15.0</ele></trkpt><trkpt lat="37.929652" lon="-122.390964"><ele>15.4</ele></trkpt><trkpt lat="37.929462" lon="-122.390442"><ele>17.1</ele></trkpt><trkpt lat="37.929402" lon="-122.390210"><ele>17.6</ele></trkpt><trkpt lat="37.929234" lon="-122.389455"><ele>16.5</ele></trkpt><trkpt lat="37.928956" lon="-122.388157"><ele>13.1</ele></trkpt><trkpt lat="37.928795" lon="-122.387402"><ele>9.1</ele></trkpt><trkpt lat="37.928791" lon="-122.387386"><ele>9.0</ele></trkpt><trkpt lat="37.928745" lon="-122.387160"><ele>7.9</ele></trkpt><trkpt lat="37.928804" lon="-122.387100"><ele>7.4</ele></trkpt><trkpt lat="37.928854" lon="-122.387086"><ele>7.1</ele></trkpt><trkpt lat="37.928887" lon="-122.387073"><ele>6.8</ele></trkpt><trkpt lat="37.928917" lon="-122.387052"><ele>6.7</ele></trkpt><trkpt lat="37.928942" lon="-122.387026"><ele>6.6</ele></trkpt><trkpt lat="37.928958" lon="-122.386997"><ele>6.6</ele></trkpt><trkpt lat="37.928974" lon="-122.386960"><ele>6.5</ele></trkpt><trkpt lat="37.929012" lon="-122.386846"><ele>6.4</ele></trkpt><trkpt lat="37.929013" lon="-122.386810"><ele>6.3</ele></trkpt><trkpt lat="37.929017" lon="-122.386769"><ele>6.3</ele></trkpt><trkpt lat="37.929023" lon="-122.386725"><ele>6.2</ele></trkpt><trkpt lat="37.929030" lon="-122.386640"><ele>6.1</ele></trkpt><trkpt lat="37.929072" lon="-122.386448"><ele>5.8</ele></trkpt><trkpt lat="37.929165" lon="-122.386230"><ele>5.5</ele></trkpt><trkpt lat="37.929252" lon="-122.386085"><ele>5.2</ele></trkpt><trkpt lat="37.929330" lon="-122.385977"><ele>5.0</ele></trkpt><trkpt lat="37.929415" lon="-122.385861"><ele>4.8</ele></trkpt><trkpt lat="37.929509" lon="-122.385744"><ele>4.7</ele></trkpt><trkpt lat="37.929602" lon="-122.385627"><ele>4.6</ele></trkpt><trkpt lat="37.929683" lon="-122.385521"><ele>4.4</ele></trkpt><trkpt lat="37.929774" lon="-122.385401"><ele>4.3</ele></trkpt><trkpt lat="37.929863" lon="-122.385280"><ele>4.0</ele></trkpt><trkpt lat="37.930038" lon="-122.385039"><ele>3.4</ele></trkpt><trkpt lat="37.930062" lon="-122.385008"><ele>3.3</ele></trkpt><trkpt lat="37.930090" lon="-122.384972"><ele>3.2</ele></trkpt><trkpt lat="37.930119" lon="-122.384938"><ele>3.1</ele></trkpt><trkpt lat="37.930193" lon="-122.384846"><ele>3.0</ele></trkpt><trkpt lat="37.930225" lon="-122.384805"><ele>3.0</ele></trkpt><trkpt lat="37.930260" lon="-122.384761"><ele>3.0</ele></trkpt><trkpt lat="37.930306" lon="-122.384697"><ele>2.9</ele></trkpt><trkpt lat="37.930623" lon="-122.384249"><ele>2.8</ele></trkpt><trkpt lat="37.930911" lon="-122.383828"><ele>3.0</ele></trkpt><trkpt lat="37.931074" lon="-122.383628"><ele>3.0</ele></trkpt><trkpt lat="37.931182" lon="-122.383521"><ele>3.0</ele></trkpt><trkpt lat="37.931230" lon="-122.383469"><ele>3.0</ele></trkpt><trkpt lat="37.931275" lon="-122.383422"><ele>3.0</ele></trkpt><trkpt lat="37.931334" lon="-122.383360"><ele>2.9</ele></trkpt><trkpt lat="37.931395" lon="-122.383301"><ele>2.8</ele></trkpt><trkpt lat="37.931465" lon="-122.383235"><ele>2.6</ele></trkpt><trkpt lat="37.931536" lon="-122.383170"><ele>2.5</ele></trkpt><trkpt lat="37.932199" lon="-122.382571"><ele>1.5</ele></trkpt><trkpt lat="37.932914" lon="-122.381928"><ele>1.1</ele></trkpt><trkpt lat="37.933052" lon="-122.381804"><ele>0.9</ele></trkpt><trkpt lat="37.933685" lon="-122.381233"><ele>1.8</ele></trkpt><trkpt lat="37.933928" lon="-122.381013"><ele>2.1</ele></trkpt><trkpt lat="37.933999" lon="-122.381140"><ele>2.0</ele></trkpt><trkpt lat="37.934213" lon="-122.381645"><ele>1.5</ele></trkpt><trkpt lat="37.934410" lon="-122.381510"><ele>1.5</ele></trkpt><trkpt lat="37.935562" lon="-122.380748"><ele>0.4</ele></trkpt><trkpt lat="37.936336" lon="-122.380226"><ele>-0.1</ele></trkpt><trkpt lat="37.936549" lon="-122.380092"><ele>-0.0</ele></trkpt><trkpt lat="37.936726" lon="-122.380052"><ele>-0.1</ele></trkpt><trkpt lat="37.936802" lon="-122.380055"><ele>-0.1</ele></trkpt><trkpt lat="37.937108" lon="-122.380050"><ele>-0.3</ele></trkpt><trkpt lat="37.937188" lon="-122.380187"><ele>-0.2</ele></trkpt><trkpt lat="37.937221" lon="-122.380233"><ele>-0.1</ele></trkpt><trkpt lat="37.937228" lon="-122.380514"><ele>0.1</ele></trkpt><trkpt lat="37.937223" lon="-122.380821"><ele>0.4</ele></trkpt><trkpt lat="37.937202" lon="-122.381185"><ele>0.7</ele></trkpt><trkpt lat="37.937200" lon="-122.381478"><ele>1.1</ele></trkpt><trkpt lat="37.937200" lon="-122.381538"><ele>1.2</ele></trkpt><trkpt lat="37.937189" lon="-122.381790"><ele>1.7</ele></trkpt><trkpt lat="37.937216" lon="-122.381873"><ele>1.8</ele></trkpt><trkpt lat="37.937250" lon="-122.381873"><ele>1.9</ele></trkpt><trkpt lat="37.937288" lon="-122.381870"><ele>2.0</ele></trkpt><trkpt lat="37.937363" lon="-122.381870"><ele>2.1</ele></trkpt><trkpt lat="37.937408" lon="-122.381861"><ele>2.2</ele></trkpt><trkpt lat="37.937379" lon="-122.382778"><ele>2.9</ele></trkpt><trkpt lat="37.937367" lon="-122.383555"><ele>2.9</ele></trkpt><trkpt lat="37.937333" lon="-122.384387"><ele>2.2</ele></trkpt><trkpt lat="37.937302" lon="-122.384926"><ele>2.1</ele></trkpt><trkpt lat="37.937570" lon="-122.384941"><ele>2.1</ele></trkpt><trkpt lat="37.937302" lon="-122.384926"><ele>2.1</ele></trkpt><trkpt lat="37.937333" lon="-122.384387"><ele>2.4</ele></trkpt><trkpt lat="37.937367" lon="-122.383555"><ele>2.9</ele></trkpt><trkpt lat="37.937379" lon="-122.382778"><ele>2.8</ele></trkpt><trkpt lat="37.937408" lon="-122.381861"><ele>2.0</ele></trkpt><trkpt lat="37.937363" lon="-122.381870"><ele>1.9</ele></trkpt><trkpt lat="37.937288" lon="-122.381870"><ele>1.8</ele></trkpt><trkpt lat="37.937250" lon="-122.381873"><ele>1.7</ele></trkpt><trkpt lat="37.937216" lon="-122.381873"><ele>1.6</ele></trkpt><trkpt lat="37.937189" lon="-122.381790"><ele>1.4</ele></trkpt><trkpt lat="37.937200" lon="-122.381538"><ele>1.0</ele></trkpt><trkpt lat="37.937200" lon="-122.381478"><ele>0.9</ele></trkpt><trkpt lat="37.937202" lon="-122.381185"><ele>0.5</ele></trkpt><trkpt lat="37.937223" lon="-122.380821"><ele>0.0</ele></trkpt><trkpt lat="37.937228" lon="-122.380514"><ele>-0.1</ele></trkpt><trkpt lat="37.937221" lon="-122.380233"><ele>-0.3</ele></trkpt><trkpt lat="37.937188" lon="-122.380187"><ele>-0.3</ele></trkpt><trkpt lat="37.937108" lon="-122.380050"><ele>-0.3</ele></trkpt><trkpt lat="37.936802" lon="-122.380055"><ele>-0.3</ele></trkpt><trkpt lat="37.936726" lon="-122.380052"><ele>-0.3</ele></trkpt><trkpt lat="37.936549" lon="-122.380092"><ele>-0.4</ele></trkpt><trkpt lat="37.936336" lon="-122.380226"><ele>-0.5</ele></trkpt><trkpt lat="37.935562" lon="-122.380748"><ele>0.3</ele></trkpt><trkpt lat="37.934410" lon="-122.381510"><ele>1.1</ele></trkpt><trkpt lat="37.934213" lon="-122.381645"><ele>0.9</ele></trkpt><trkpt lat="37.933999" lon="-122.381140"><ele>0.9</ele></trkpt><trkpt lat="37.933928" lon="-122.381013"><ele>1.0</ele></trkpt><trkpt lat="37.934983" lon="-122.380132"><ele>1.8</ele></trkpt><trkpt lat="37.935630" lon="-122.379657"><ele>2.9</ele></trkpt><trkpt lat="37.936210" lon="-122.379263"><ele>3.6</ele></trkpt><trkpt lat="37.937070" lon="-122.378719"><ele>2.8</ele></trkpt><trkpt lat="37.937769" lon="-122.378235"><ele>2.1</ele></trkpt><trkpt lat="37.939526" lon="-122.377043"><ele>2.1</ele></trkpt><trkpt lat="37.939875" lon="-122.376799"><ele>1.5</ele></trkpt><trkpt lat="37.940974" lon="-122.376029"><ele>-0.0</ele></trkpt><trkpt lat="37.941317" lon="-122.375784"><ele>-0.2</ele></trkpt><trkpt lat="37.941677" lon="-122.375527"><ele>-0.1</ele></trkpt><trkpt lat="37.941858" lon="-122.375387"><ele>-0.0</ele></trkpt><trkpt lat="37.946363" lon="-122.372175"><ele>1.6</ele></trkpt><trkpt lat="37.946699" lon="-122.371896"><ele>0.9</ele></trkpt><trkpt lat="37.946946" lon="-122.371654"><ele>0.7</ele></trkpt><trkpt lat="37.946860" lon="-122.371556"><ele>0.6</ele></trkpt><trkpt lat="37.946699" lon="-122.371401"><ele>0.6</ele></trkpt><trkpt lat="37.946500" lon="-122.371283"><ele>0.6</ele></trkpt><trkpt lat="37.946411" lon="-122.371248"><ele>0.6</ele></trkpt><trkpt lat="37.946267" lon="-122.371184"><ele>0.7</ele></trkpt><trkpt lat="37.946132" lon="-122.371110"><ele>0.9</ele></trkpt><trkpt lat="37.945995" lon="-122.371001"><ele>1.1</ele></trkpt><trkpt lat="37.945870" lon="-122.370823"><ele>1.3</ele></trkpt><trkpt lat="37.945781" lon="-122.370625"><ele>1.5</ele></trkpt><trkpt lat="37.945730" lon="-122.370386"><ele>1.7</ele></trkpt><trkpt lat="37.945717" lon="-122.370271"><ele>1.8</ele></trkpt><trkpt lat="37.945683" lon="-122.369975"><ele>2.2</ele></trkpt><trkpt lat="37.945674" lon="-122.369892"><ele>2.3</ele></trkpt><trkpt lat="37.945607" lon="-122.369293"><ele>2.7</ele></trkpt><trkpt lat="37.945587" lon="-122.369117"><ele>2.7</ele></trkpt><trkpt lat="37.945577" lon="-122.369024"><ele>2.7</ele></trkpt><trkpt lat="37.945540" lon="-122.368701"><ele>2.5</ele></trkpt><trkpt lat="37.945511" lon="-122.368439"><ele>2.3</ele></trkpt><trkpt lat="37.945477" lon="-122.368140"><ele>2.0</ele></trkpt><trkpt lat="37.945474" lon="-122.368110"><ele>2.0</ele></trkpt><trkpt lat="37.945398" lon="-122.367433"><ele>1.4</ele></trkpt><trkpt lat="37.945418" lon="-122.367210"><ele>1.2</ele></trkpt><trkpt lat="37.945472" lon="-122.367055"><ele>1.1</ele></trkpt><trkpt lat="37.945554" lon="-122.366944"><ele>0.9</ele></trkpt><trkpt lat="37.945885" lon="-122.366611"><ele>1.4</ele></trkpt><trkpt lat="37.946004" lon="-122.366491"><ele>1.5</ele></trkpt><trkpt lat="37.946058" lon="-122.366437"><ele>1.5</ele></trkpt><trkpt lat="37.946303" lon="-122.366189"><ele>1.5</ele></trkpt><trkpt lat="37.946406" lon="-122.366086"><ele>1.5</ele></trkpt><trkpt lat="37.946508" lon="-122.365991"><ele>1.8</ele></trkpt><trkpt lat="37.946572" lon="-122.365924"><ele>2.0</ele></trkpt><trkpt lat="37.946654" lon="-122.365837"><ele>2.2</ele></trkpt><trkpt lat="37.946875" lon="-122.365604"><ele>2.8</ele></trkpt><trkpt lat="37.947164" lon="-122.365300"><ele>3.2</ele></trkpt><trkpt lat="37.947400" lon="-122.365050"><ele>3.9</ele></trkpt><trkpt lat="37.947510" lon="-122.364934"><ele>4.3</ele></trkpt><trkpt lat="37.947599" lon="-122.364840"><ele>4.7</ele></trkpt><trkpt lat="37.947715" lon="-122.364718"><ele>5.0</ele></trkpt><trkpt lat="37.948167" lon="-122.364241"><ele>6.4</ele></trkpt><trkpt lat="37.947793" lon="-122.363539"><ele>7.6</ele></trkpt><trkpt lat="37.947530" lon="-122.363047"><ele>7.8</ele></trkpt><trkpt lat="37.947428" lon="-122.362901"><ele>7.7</ele></trkpt><trkpt lat="37.947327" lon="-122.362807"><ele>7.7</ele></trkpt><trkpt lat="37.947198" lon="-122.362730"><ele>7.5</ele></trkpt><trkpt lat="37.947022" lon="-122.362721"><ele>7.0</ele></trkpt><trkpt lat="37.946273" lon="-122.362723"><ele>5.6</ele></trkpt><trkpt lat="37.946149" lon="-122.362723"><ele>5.5</ele></trkpt><trkpt lat="37.946044" lon="-122.362724"><ele>5.4</ele></trkpt><trkpt lat="37.944669" lon="-122.362743"><ele>5.4</ele></trkpt><trkpt lat="37.944585" lon="-122.362715"><ele>5.5</ele></trkpt><trkpt lat="37.944445" lon="-122.362670"><ele>5.6</ele></trkpt><trkpt lat="37.944286" lon="-122.362638"><ele>5.8</ele></trkpt><trkpt lat="37.944158" lon="-122.362613"><ele>5.9</ele></trkpt><trkpt lat="37.942903" lon="-122.362621"><ele>5.5</ele></trkpt><trkpt lat="37.942725" lon="-122.362618"><ele>5.3</ele></trkpt><trkpt lat="37.942706" lon="-122.362618"><ele>5.2</ele></trkpt><trkpt lat="37.942630" lon="-122.362617"><ele>5.2</ele></trkpt><trkpt lat="37.942556" lon="-122.362616"><ele>5.1</ele></trkpt><trkpt lat="37.942500" lon="-122.362617"><ele>5.0</ele></trkpt><trkpt lat="37.942384" lon="-122.362620"><ele>4.9</ele></trkpt><trkpt lat="37.941837" lon="-122.362619"><ele>4.9</ele></trkpt><trkpt lat="37.941762" lon="-122.362623"><ele>4.9</ele></trkpt><trkpt lat="37.941753" lon="-122.362548"><ele>4.9</ele></trkpt><trkpt lat="37.941752" lon="-122.362535"><ele>4.9</ele></trkpt><trkpt lat="37.941750" lon="-122.361836"><ele>4.9</ele></trkpt><trkpt lat="37.941750" lon="-122.361756"><ele>4.9</ele></trkpt><trkpt lat="37.941703" lon="-122.361758"><ele>4.9</ele></trkpt><trkpt lat="37.941141" lon="-122.361781"><ele>5.2</ele></trkpt><trkpt lat="37.941085" lon="-122.361784"><ele>5.3</ele></trkpt><trkpt lat="37.941022" lon="-122.361784"><ele>5.3</ele></trkpt><trkpt lat="37.940439" lon="-122.361796"><ele>6.0</ele></trkpt><trkpt lat="37.940430" lon="-122.361796"><ele>6.0</ele></trkpt><trkpt lat="37.940356" lon="-122.361798"><ele>6.1</ele></trkpt><trkpt lat="37.940290" lon="-122.361799"><ele>6.1</ele></trkpt><trkpt lat="37.940268" lon="-122.361800"><ele>6.1</ele></trkpt><trkpt lat="37.939657" lon="-122.361801"><ele>6.5</ele></trkpt><trkpt lat="37.939192" lon="-122.361813"><ele>6.8</ele></trkpt><trkpt lat="37.938867" lon="-122.361825"><ele>7.2</ele></trkpt><trkpt lat="37.938702" lon="-122.361832"><ele>7.3</ele></trkpt><trkpt lat="37.938575" lon="-122.361836"><ele>7.2</ele></trkpt><trkpt lat="37.938506" lon="-122.361839"><ele>7.2</ele></trkpt><trkpt lat="37.938356" lon="-122.361860"><ele>7.1</ele></trkpt><trkpt lat="37.938356" lon="-122.361766"><ele>7.1</ele></trkpt><trkpt lat="37.938357" lon="-122.360755"><ele>7.3</ele></trkpt><trkpt lat="37.938357" lon="-122.360660"><ele>7.3</ele></trkpt><trkpt lat="37.938357" lon="-122.360208"><ele>7.3</ele></trkpt><trkpt lat="37.938359" lon="-122.360113"><ele>7.3</ele></trkpt><trkpt lat="37.938361" lon="-122.359999"><ele>7.3</ele></trkpt><trkpt lat="37.938357" lon="-122.359899"><ele>7.3</ele></trkpt><trkpt lat="37.938358" lon="-122.359384"><ele>7.4</ele></trkpt><trkpt lat="37.938359" lon="-122.359131"><ele>7.5</ele></trkpt><trkpt lat="37.938359" lon="-122.358529"><ele>8.6</ele></trkpt><trkpt lat="37.938360" lon="-122.358172"><ele>9.5</ele></trkpt><trkpt lat="37.938360" lon="-122.358075"><ele>9.6</ele></trkpt><trkpt lat="37.938360" lon="-122.357993"><ele>9.8</ele></trkpt><trkpt lat="37.938361" lon="-122.356510"><ele>13.0</ele></trkpt><trkpt lat="37.938362" lon="-122.356316"><ele>13.2</ele></trkpt><trkpt lat="37.938362" lon="-122.356195"><ele>13.4</ele></trkpt><trkpt lat="37.938286" lon="-122.356196"><ele>13.4</ele></trkpt><trkpt lat="37.938018" lon="-122.356200"><ele>13.6</ele></trkpt><trkpt lat="37.937585" lon="-122.356206"><ele>13.2</ele></trkpt><trkpt lat="37.937112" lon="-122.356201"><ele>12.3</ele></trkpt><trkpt lat="37.936937" lon="-122.356200"><ele>12.1</ele></trkpt><trkpt lat="37.936883" lon="-122.356199"><ele>12.1</ele></trkpt><trkpt lat="37.936847" lon="-122.356198"><ele>12.0</ele></trkpt><trkpt lat="37.936836" lon="-122.355227"><ele>9.4</ele></trkpt><trkpt lat="37.936838" lon="-122.354406"><ele>8.8</ele></trkpt><trkpt lat="37.936838" lon="-122.354281"><ele>8.6</ele></trkpt><trkpt lat="37.936887" lon="-122.354187"><ele>8.5</ele></trkpt><trkpt lat="37.936899" lon="-122.354163"><ele>8.4</ele></trkpt><trkpt lat="37.936830" lon="-122.353780"><ele>8.2</ele></trkpt><trkpt lat="37.936831" lon="-122.353600"><ele>8.2</ele></trkpt></trkseg></trk>
</gpx>