<?xml version="1.0" encoding="UTF-8"?>
<gpx version="1.1" creator="north-bay-planning" xmlns="http://www.topografix.com/GPX/1/1">
<metadata><name>Wildcat and Tilden loop</name><desc>Richmond Amtrak, Wildcat Canyon, Nimitz Way, San Pablo Ridge, back</desc></metadata>
<trk><name>Wildcat and Tilden loop</name><trkseg><trkpt lat="37.936831" lon="-122.353600"><ele>9.4</ele></trkpt><trkpt lat="37.936836" lon="-122.352977"><ele>10.0</ele></trkpt><trkpt lat="37.936696" lon="-122.352683"><ele>10.1</ele></trkpt><trkpt lat="37.936679" lon="-122.352620"><ele>10.1</ele></trkpt><trkpt lat="37.936683" lon="-122.352570"><ele>10.1</ele></trkpt><trkpt lat="37.936799" lon="-122.352366"><ele>10.1</ele></trkpt><trkpt lat="37.936800" lon="-122.352262"><ele>10.1</ele></trkpt><trkpt lat="37.936830" lon="-122.352262"><ele>10.1</ele></trkpt><trkpt lat="37.936872" lon="-122.352263"><ele>10.1</ele></trkpt><trkpt lat="37.936863" lon="-122.351730"><ele>10.4</ele></trkpt><trkpt lat="37.936863" lon="-122.351695"><ele>10.4</ele></trkpt><trkpt lat="37.936862" lon="-122.351639"><ele>10.4</ele></trkpt><trkpt lat="37.936862" lon="-122.351507"><ele>10.5</ele></trkpt><trkpt lat="37.936861" lon="-122.351447"><ele>10.5</ele></trkpt><trkpt lat="37.936861" lon="-122.351411"><ele>10.5</ele></trkpt><trkpt lat="37.936863" lon="-122.350553"><ele>11.1</ele></trkpt><trkpt lat="37.936863" lon="-122.349564"><ele>11.4</ele></trkpt><trkpt lat="37.936865" lon="-122.348651"><ele>12.7</ele></trkpt><trkpt lat="37.936866" lon="-122.348571"><ele>12.8</ele></trkpt><trkpt lat="37.936866" lon="-122.348494"><ele>12.9</ele></trkpt><trkpt lat="37.936869" lon="-122.347537"><ele>14.1</ele></trkpt><trkpt lat="37.936863" lon="-122.347320"><ele>14.2</ele></trkpt><trkpt lat="37.936843" lon="-122.347114"><ele>14.3</ele></trkpt><trkpt lat="37.936822" lon="-122.346968"><ele>14.3</ele></trkpt><trkpt lat="37.936810" lon="-122.346881"><ele>14.4</ele></trkpt><trkpt lat="37.936720" lon="-122.346211"><ele>14.9</ele></trkpt><trkpt lat="37.936698" lon="-122.346211"><ele>14.9</ele></trkpt><trkpt lat="37.936677" lon="-122.346202"><ele>14.9</ele></trkpt><trkpt lat="37.936660" lon="-122.346185"><ele>14.9</ele></trkpt><trkpt lat="37.936648" lon="-122.346162"><ele>14.9</ele></trkpt><trkpt lat="37.936644" lon="-122.346140"><ele>14.9</ele></trkpt><trkpt lat="37.936645" lon="-122.346108"><ele>14.9</ele></trkpt><trkpt lat="37.936653" lon="-122.346083"><ele>14.9</ele></trkpt><trkpt lat="37.936668" lon="-122.346063"><ele>14.9</ele></trkpt><trkpt lat="37.936687" lon="-122.346049"><ele>14.9</ele></trkpt><trkpt lat="37.936697" lon="-122.346047"><ele>14.9</ele></trkpt><trkpt lat="37.936706" lon="-122.346044"><ele>14.9</ele></trkpt><trkpt lat="37.936726" lon="-122.346047"><ele>14.9</ele></trkpt><trkpt lat="37.936744" lon="-122.346057"><ele>14.9</ele></trkpt><trkpt lat="37.936759" lon="-122.346073"><ele>14.9</ele></trkpt><trkpt lat="37.936770" lon="-122.346095"><ele>14.9</ele></trkpt><trkpt lat="37.936773" lon="-122.346111"><ele>14.9</ele></trkpt><trkpt lat="37.937294" lon="-122.345994"><ele>14.7</ele></trkpt><trkpt lat="37.937463" lon="-122.345957"><ele>14.6</ele></trkpt><trkpt lat="37.938246" lon="-122.345774"><ele>14.3</ele></trkpt><trkpt lat="37.938733" lon="-122.345660"><ele>14.3</ele></trkpt><trkpt lat="37.939714" lon="-122.345432"><ele>15.1</ele></trkpt><trkpt lat="37.939790" lon="-122.345414"><ele>15.2</ele></trkpt><trkpt lat="37.940816" lon="-122.345187"><ele>16.8</ele></trkpt><trkpt lat="37.941127" lon="-122.345120"><ele>17.0</ele></trkpt><trkpt lat="37.941192" lon="-122.345100"><ele>17.1</ele></trkpt><trkpt lat="37.941252" lon="-122.345070"><ele>17.1</ele></trkpt><trkpt lat="37.941314" lon="-122.344993"><ele>17.2</ele></trkpt><trkpt lat="37.941402" lon="-122.344905"><ele>17.3</ele></trkpt><trkpt lat="37.941484" lon="-122.344723"><ele>17.5</ele></trkpt><trkpt lat="37.941483" lon="-122.344466"><ele>17.8</ele></trkpt><trkpt lat="37.941484" lon="-122.344101"><ele>18.1</ele></trkpt><trkpt lat="37.941489" lon="-122.343221"><ele>18.3</ele></trkpt><trkpt lat="37.941491" lon="-122.342552"><ele>18.6</ele></trkpt><trkpt lat="37.941492" lon="-122.342337"><ele>18.8</ele></trkpt><trkpt lat="37.941495" lon="-122.341452"><ele>19.8</ele></trkpt><trkpt lat="37.941497" lon="-122.340571"><ele>20.6</ele></trkpt><trkpt lat="37.941500" lon="-122.339693"><ele>21.7</ele></trkpt><trkpt lat="37.941503" lon="-122.338978"><ele>22.3</ele></trkpt><trkpt lat="37.941488" lon="-122.338852"><ele>22.3</ele></trkpt><trkpt lat="37.941595" lon="-122.338832"><ele>22.3</ele></trkpt><trkpt lat="37.942226" lon="-122.338673"><ele>22.5</ele></trkpt><trkpt lat="37.942251" lon="-122.338662"><ele>22.5</ele></trkpt><trkpt lat="37.942250" lon="-122.338647"><ele>22.5</ele></trkpt><trkpt lat="37.942251" lon="-122.338631"><ele>22.5</ele></trkpt><trkpt lat="37.942254" lon="-122.338621"><ele>22.5</ele></trkpt><trkpt lat="37.942258" lon="-122.338613"><ele>22.5</ele></trkpt><trkpt lat="37.942264" lon="-122.338604"><ele>22.5</ele></trkpt><trkpt lat="37.942273" lon="-122.338595"><ele>22.5</ele></trkpt><trkpt lat="37.942286" lon="-122.338589"><ele>22.5</ele></trkpt><trkpt lat="37.942305" lon="-122.338578"><ele>22.5</ele></trkpt><trkpt lat="37.942317" lon="-122.338576"><ele>22.5</ele></trkpt><trkpt lat="37.942329" lon="-122.338576"><ele>22.6</ele></trkpt><trkpt lat="37.942339" lon="-122.338580"><ele>22.6</ele></trkpt><trkpt lat="37.942348" lon="-122.338585"><ele>22.6</ele></trkpt><trkpt lat="37.942357" lon="-122.338596"><ele>22.6</ele></trkpt><trkpt lat="37.942362" lon="-122.338604"><ele>22.6</ele></trkpt><trkpt lat="37.942366" lon="-122.338615"><ele>22.6</ele></trkpt><trkpt lat="37.942426" lon="-122.338591"><ele>22.6</ele></trkpt><trkpt lat="37.942602" lon="-122.338537"><ele>22.7</ele></trkpt><trkpt lat="37.942995" lon="-122.338439"><ele>23.0</ele></trkpt><trkpt lat="37.943575" lon="-122.338287"><ele>23.7</ele></trkpt><trkpt lat="37.943648" lon="-122.338243"><ele>23.8</ele></trkpt><trkpt lat="37.943722" lon="-122.338204"><ele>23.9</ele></trkpt><trkpt lat="37.945177" lon="-122.338041"><ele>26.0</ele></trkpt><trkpt lat="37.947060" lon="-122.338045"><ele>26.3</ele></trkpt><trkpt lat="37.947059" lon="-122.337181"><ele>26.2</ele></trkpt><trkpt lat="37.947062" lon="-122.336759"><ele>26.4</ele></trkpt><trkpt lat="37.947060" lon="-122.336312"><ele>26.7</ele></trkpt><trkpt lat="37.947063" lon="-122.335451"><ele>27.9</ele></trkpt><trkpt lat="37.947066" lon="-122.334582"><ele>29.2</ele></trkpt><trkpt lat="37.947062" lon="-122.333714"><ele>30.7</ele></trkpt><trkpt lat="37.947065" lon="-122.332895"><ele>32.1</ele></trkpt><trkpt lat="37.947059" lon="-122.331944"><ele>33.6</ele></trkpt><trkpt lat="37.947057" lon="-122.331636"><ele>33.9</ele></trkpt><trkpt lat="37.947059" lon="-122.331570"><ele>33.9</ele></trkpt><trkpt lat="37.947071" lon="-122.331099"><ele>34.1</ele></trkpt><trkpt lat="37.947078" lon="-122.330837"><ele>34.3</ele></trkpt><trkpt lat="37.947082" lon="-122.330676"><ele>34.3</ele></trkpt><trkpt lat="37.947212" lon="-122.330735"><ele>34.4</ele></trkpt><trkpt lat="37.947250" lon="-122.330594"><ele>34.5</ele></trkpt><trkpt lat="37.947263" lon="-122.330546"><ele>34.5</ele></trkpt><trkpt lat="37.947334" lon="-122.330321"><ele>34.6</ele></trkpt><trkpt lat="37.947410" lon="-122.330084"><ele>34.7</ele></trkpt><trkpt lat="37.947507" lon="-122.329789"><ele>34.5</ele></trkpt><trkpt lat="37.947582" lon="-122.329738"><ele>34.4</ele></trkpt><trkpt lat="37.947873" lon="-122.328765"><ele>34.1</ele></trkpt><trkpt lat="37.948167" lon="-122.327788"><ele>34.3</ele></trkpt><trkpt lat="37.948424" lon="-122.326926"><ele>34.7</ele></trkpt><trkpt lat="37.948443" lon="-122.326864"><ele>34.8</ele></trkpt><trkpt lat="37.948465" lon="-122.326789"><ele>34.9</ele></trkpt><trkpt lat="37.948523" lon="-122.326596"><ele>35.3</ele></trkpt><trkpt lat="37.948575" lon="-122.326423"><ele>35.6</ele></trkpt><trkpt lat="37.948778" lon="-122.325770"><ele>36.8</ele></trkpt><trkpt lat="37.948798" lon="-122.325706"><ele>37.0</ele></trkpt><trkpt lat="37.948825" lon="-122.325616"><ele>37.1</ele></trkpt><trkpt lat="37.948863" lon="-122.325484"><ele>37.4</ele></trkpt><trkpt lat="37.949087" lon="-122.324716"><ele>39.6</ele></trkpt><trkpt lat="37.949374" lon="-122.323744"><ele>43.0</ele></trkpt><trkpt lat="37.949459" lon="-122.323479"><ele>43.8</ele></trkpt><trkpt lat="37.949567" lon="-122.323224"><ele>44.6</ele></trkpt><trkpt lat="37.949670" lon="-122.323122"><ele>45.0</ele></trkpt><trkpt lat="37.949803" lon="-122.323037"><ele>45.7</ele></trkpt><trkpt lat="37.950308" lon="-122.322848"><ele>47.9</ele></trkpt><trkpt lat="37.950975" lon="-122.322580"><ele>49.2</ele></trkpt><trkpt lat="37.951200" lon="-122.322411"><ele>49.1</ele></trkpt><trkpt lat="37.951307" lon="-122.322261"><ele>49.1</ele></trkpt><trkpt lat="37.951420" lon="-122.322232"><ele>49.1</ele></trkpt><trkpt lat="37.951498" lon="-122.322208"><ele>49.1</ele></trkpt><trkpt lat="37.951684" lon="-122.322137"><ele>49.1</ele></trkpt><trkpt lat="37.951885" lon="-122.322063"><ele>49.7</ele></trkpt><trkpt lat="37.952039" lon="-122.322005"><ele>50.1</ele></trkpt><trkpt lat="37.952094" lon="-122.322008"><ele>50.3</ele></trkpt><trkpt lat="37.952158" lon="-122.322018"><ele>50.4</ele></trkpt><trkpt lat="37.952254" lon="-122.322060"><ele>51.0</ele></trkpt><trkpt lat="37.952360" lon="-122.322162"><ele>51.9</ele></trkpt><trkpt lat="37.952459" lon="-122.322295"><ele>53.0</ele></trkpt><trkpt lat="37.952520" lon="-122.322392"><ele>53.7</ele></trkpt><trkpt lat="37.952535" lon="-122.322232"><ele>54.8</ele></trkpt><trkpt lat="37.952523" lon="-122.322189"><ele>55.3</ele></trkpt><trkpt lat="37.952623" lon="-122.321993"><ele>58.2</ele></trkpt><trkpt lat="37.952670" lon="-122.321748"><ele>61.3</ele></trkpt><trkpt lat="37.952717" lon="-122.321503"><ele>64.6</ele></trkpt><trkpt lat="37.952835" lon="-122.321306"><ele>68.3</ele></trkpt><trkpt lat="37.952936" lon="-122.321296"><ele>70.2</ele></trkpt><trkpt lat="37.953084" lon="-122.321269"><ele>73.0</ele></trkpt><trkpt lat="37.953207" lon="-122.321236"><ele>76.1</ele></trkpt><trkpt lat="37.953334" lon="-122.321204"><ele>79.4</ele></trkpt><trkpt lat="37.953418" lon="-122.321108"><ele>82.3</ele></trkpt><trkpt lat="37.953503" lon="-122.320941"><ele>86.3</ele></trkpt><trkpt lat="37.953482" lon="-122.320748"><ele>90.2</ele></trkpt><trkpt lat="37.953435" lon="-122.320620"><ele>92.9</ele></trkpt><trkpt lat="37.953342" lon="-122.320528"><ele>95.9</ele></trkpt><trkpt lat="37.953244" lon="-122.320403"><ele>99.3</ele></trkpt><trkpt lat="37.953224" lon="-122.320378"><ele>100.0</ele></trkpt><trkpt lat="37.953342" lon="-122.320223"><ele>103.3</ele></trkpt><trkpt lat="37.953393" lon="-122.320089"><ele>105.4</ele></trkpt><trkpt lat="37.953486" lon="-122.319895"><ele>108.7</ele></trkpt><trkpt lat="37.953571" lon="-122.319692"><ele>111.5</ele></trkpt><trkpt lat="37.953609" lon="-122.319525"><ele>113.4</ele></trkpt><trkpt lat="37.953740" lon="-122.319423"><ele>115.5</ele></trkpt><trkpt lat="37.953833" lon="-122.319311"><ele>117.3</ele></trkpt><trkpt lat="37.953892" lon="-122.319230"><ele>118.5</ele></trkpt><trkpt lat="37.954019" lon="-122.319091"><ele>121.1</ele></trkpt><trkpt lat="37.954084" lon="-122.318985"><ele>122.7</ele></trkpt><trkpt lat="37.954150" lon="-122.318876"><ele>124.4</ele></trkpt><trkpt lat="37.954218" lon="-122.318753"><ele>126.1</ele></trkpt><trkpt lat="37.954340" lon="-122.318597"><ele>127.6</ele></trkpt><trkpt lat="37.954548" lon="-122.318458"><ele>129.7</ele></trkpt><trkpt lat="37.954556" lon="-122.318409"><ele>130.0</ele></trkpt><trkpt lat="37.954590" lon="-122.318340"><ele>130.6</ele></trkpt><trkpt lat="37.954696" lon="-122.318227"><ele>131.9</ele></trkpt><trkpt lat="37.954806" lon="-122.318168"><ele>132.9</ele></trkpt><trkpt lat="37.954858" lon="-122.318225"><ele>133.6</ele></trkpt><trkpt lat="37.955011" lon="-122.318355"><ele>135.2</ele></trkpt><trkpt lat="37.955074" lon="-122.318408"><ele>135.9</ele></trkpt><trkpt lat="37.955177" lon="-122.318484"><ele>137.0</ele></trkpt><trkpt lat="37.955295" lon="-122.318541"><ele>138.1</ele></trkpt><trkpt lat="37.955357" lon="-122.318556"><ele>138.7</ele></trkpt><trkpt lat="37.955418" lon="-122.318563"><ele>139.3</ele></trkpt><trkpt lat="37.955494" lon="-122.318548"><ele>140.0</ele></trkpt><trkpt lat="37.955645" lon="-122.318482"><ele>141.0</ele></trkpt><trkpt lat="37.955784" lon="-122.318400"><ele>141.8</ele></trkpt><trkpt lat="37.955995" lon="-122.318251"><ele>143.0</ele></trkpt><trkpt lat="37.956051" lon="-122.318150"><ele>143.4</ele></trkpt><trkpt lat="37.956168" lon="-122.317790"><ele>144.4</ele></trkpt><trkpt lat="37.956305" lon="-122.317415"><ele>145.0</ele></trkpt><trkpt lat="37.956425" lon="-122.316972"><ele>144.8</ele></trkpt><trkpt lat="37.956495" lon="-122.316730"><ele>143.6</ele></trkpt><trkpt lat="37.956517" lon="-122.316584"><ele>142.8</ele></trkpt><trkpt lat="37.956514" lon="-122.316528"><ele>142.5</ele></trkpt><trkpt lat="37.956495" lon="-122.316476"><ele>142.2</ele></trkpt><trkpt lat="37.956398" lon="-122.316380"><ele>141.3</ele></trkpt><trkpt lat="37.956303" lon="-122.316301"><ele>140.5</ele></trkpt><trkpt lat="37.956016" lon="-122.316057"><ele>137.8</ele></trkpt><trkpt lat="37.955884" lon="-122.315994"><ele>136.7</ele></trkpt><trkpt lat="37.955748" lon="-122.315938"><ele>135.5</ele></trkpt><trkpt lat="37.955257" lon="-122.315803"><ele>131.1</ele></trkpt><trkpt lat="37.955105" lon="-122.315734"><ele>129.5</ele></trkpt><trkpt lat="37.954977" lon="-122.315605"><ele>128.0</ele></trkpt><trkpt lat="37.954755" lon="-122.315283"><ele>124.9</ele></trkpt><trkpt lat="37.954705" lon="-122.315068"><ele>123.3</ele></trkpt><trkpt lat="37.954663" lon="-122.315000"><ele>122.7</ele></trkpt><trkpt lat="37.954533" lon="-122.314938"><ele>121.6</ele></trkpt><trkpt lat="37.954395" lon="-122.314852"><ele>120.5</ele></trkpt><trkpt lat="37.954287" lon="-122.314751"><ele>119.5</ele></trkpt><trkpt lat="37.954158" lon="-122.314518"><ele>117.8</ele></trkpt><trkpt lat="37.953962" lon="-122.314312"><ele>115.8</ele></trkpt><trkpt lat="37.953578" lon="-122.313982"><ele>112.0</ele></trkpt><trkpt lat="37.953522" lon="-122.313934"><ele>111.4</ele></trkpt><trkpt lat="37.953414" lon="-122.313857"><ele>110.4</ele></trkpt><trkpt lat="37.953302" lon="-122.313745"><ele>109.2</ele></trkpt><trkpt lat="37.953238" lon="-122.313685"><ele>108.7</ele></trkpt><trkpt lat="37.953166" lon="-122.313616"><ele>108.2</ele></trkpt><trkpt lat="37.953085" lon="-122.313616"><ele>107.7</ele></trkpt><trkpt lat="37.953021" lon="-122.313685"><ele>107.2</ele></trkpt><trkpt lat="37.952954" lon="-122.313779"><ele>106.6</ele></trkpt><trkpt lat="37.952845" lon="-122.313805"><ele>106.1</ele></trkpt><trkpt lat="37.952692" lon="-122.313791"><ele>106.0</ele></trkpt><trkpt lat="37.952655" lon="-122.313787"><ele>105.9</ele></trkpt><trkpt lat="37.952402" lon="-122.313795"><ele>105.8</ele></trkpt><trkpt lat="37.952341" lon="-122.313618"><ele>105.7</ele></trkpt><trkpt lat="37.952247" lon="-122.313387"><ele>105.6</ele></trkpt><trkpt lat="37.952180" lon="-122.313170"><ele>105.5</ele></trkpt><trkpt lat="37.952144" lon="-122.313023"><ele>105.5</ele></trkpt><trkpt lat="37.952115" lon="-122.312919"><ele>105.5</ele></trkpt><trkpt lat="37.951987" lon="-122.312564"><ele>105.7</ele></trkpt><trkpt lat="37.951918" lon="-122.312422"><ele>105.9</ele></trkpt><trkpt lat="37.951719" lon="-122.311919"><ele>108.2</ele></trkpt><trkpt lat="37.951656" lon="-122.311758"><ele>109.1</ele></trkpt><trkpt lat="37.951567" lon="-122.311618"><ele>110.1</ele></trkpt><trkpt lat="37.951458" lon="-122.311468"><ele>111.2</ele></trkpt><trkpt lat="37.951334" lon="-122.311331"><ele>112.2</ele></trkpt><trkpt lat="37.951059" lon="-122.311137"><ele>113.7</ele></trkpt><trkpt lat="37.950781" lon="-122.310926"><ele>115.5</ele></trkpt><trkpt lat="37.950652" lon="-122.310829"><ele>116.7</ele></trkpt><trkpt lat="37.950741" lon="-122.310178"><ele>121.4</ele></trkpt><trkpt lat="37.950798" lon="-122.309852"><ele>124.3</ele></trkpt><trkpt lat="37.950838" lon="-122.309621"><ele>125.9</ele></trkpt><trkpt lat="37.950840" lon="-122.309606"><ele>126.0</ele></trkpt><trkpt lat="37.950864" lon="-122.309387"><ele>127.4</ele></trkpt><trkpt lat="37.950845" lon="-122.309263"><ele>128.2</ele></trkpt><trkpt lat="37.950818" lon="-122.309186"><ele>128.7</ele></trkpt><trkpt lat="37.950777" lon="-122.309107"><ele>129.3</ele></trkpt><trkpt lat="37.950724" lon="-122.309042"><ele>130.0</ele></trkpt><trkpt lat="37.950399" lon="-122.308732"><ele>133.9</ele></trkpt><trkpt lat="37.950279" lon="-122.308674"><ele>135.3</ele></trkpt><trkpt lat="37.950134" lon="-122.308661"><ele>136.9</ele></trkpt><trkpt lat="37.949986" lon="-122.308629"><ele>138.6</ele></trkpt><trkpt lat="37.949878" lon="-122.308534"><ele>140.1</ele></trkpt><trkpt lat="37.949790" lon="-122.308354"><ele>142.1</ele></trkpt><trkpt lat="37.949812" lon="-122.308085"><ele>144.6</ele></trkpt><trkpt lat="37.949840" lon="-122.307805"><ele>147.3</ele></trkpt><trkpt lat="37.949925" lon="-122.307607"><ele>149.5</ele></trkpt><trkpt lat="37.950160" lon="-122.307171"><ele>155.0</ele></trkpt><trkpt lat="37.950222" lon="-122.306942"><ele>157.9</ele></trkpt><trkpt lat="37.950169" lon="-122.306672"><ele>161.2</ele></trkpt><trkpt lat="37.950159" lon="-122.306402"><ele>164.0</ele></trkpt><trkpt lat="37.950203" lon="-122.305896"><ele>169.4</ele></trkpt><trkpt lat="37.950207" lon="-122.305840"><ele>170.0</ele></trkpt><trkpt lat="37.950295" lon="-122.305360"><ele>175.8</ele></trkpt><trkpt lat="37.950428" lon="-122.304987"><ele>180.3</ele></trkpt><trkpt lat="37.950498" lon="-122.304786"><ele>182.6</ele></trkpt><trkpt lat="37.950521" lon="-122.304621"><ele>184.4</ele></trkpt><trkpt lat="37.950527" lon="-122.304456"><ele>186.0</ele></trkpt><trkpt lat="37.950499" lon="-122.304324"><ele>187.4</ele></trkpt><trkpt lat="37.950447" lon="-122.304228"><ele>188.6</ele></trkpt><trkpt lat="37.950385" lon="-122.304170"><ele>189.6</ele></trkpt><trkpt lat="37.950331" lon="-122.304131"><ele>190.4</ele></trkpt><trkpt lat="37.950206" lon="-122.304070"><ele>192.2</ele></trkpt><trkpt lat="37.949750" lon="-122.303935"><ele>198.8</ele></trkpt><trkpt lat="37.949686" lon="-122.303903"><ele>199.9</ele></trkpt><trkpt lat="37.949641" lon="-122.303850"><ele>200.8</ele></trkpt><trkpt lat="37.949614" lon="-122.303786"><ele>201.6</ele></trkpt><trkpt lat="37.949604" lon="-122.303708"><ele>202.5</ele></trkpt><trkpt lat="37.949612" lon="-122.303661"><ele>203.1</ele></trkpt><trkpt lat="37.949627" lon="-122.303617"><ele>203.7</ele></trkpt><trkpt lat="37.949696" lon="-122.303536"><ele>205.0</ele></trkpt><trkpt lat="37.949805" lon="-122.303455"><ele>206.7</ele></trkpt><trkpt lat="37.949922" lon="-122.303398"><ele>208.1</ele></trkpt><trkpt lat="37.950163" lon="-122.303277"><ele>210.8</ele></trkpt><trkpt lat="37.950409" lon="-122.303128"><ele>213.6</ele></trkpt><trkpt lat="37.950554" lon="-122.303017"><ele>215.3</ele></trkpt><trkpt lat="37.950607" lon="-122.302927"><ele>216.2</ele></trkpt><trkpt lat="37.950633" lon="-122.302836"><ele>217.0</ele></trkpt><trkpt lat="37.950626" lon="-122.302713"><ele>218.0</ele></trkpt><trkpt lat="37.950588" lon="-122.302581"><ele>219.2</ele></trkpt><trkpt lat="37.950557" lon="-122.302460"><ele>220.3</ele></trkpt><trkpt lat="37.950568" lon="-122.302341"><ele>221.3</ele></trkpt><trkpt lat="37.950606" lon="-122.302238"><ele>222.3</ele></trkpt><trkpt lat="37.950673" lon="-122.302179"><ele>223.2</ele></trkpt><trkpt lat="37.950975" lon="-122.302051"><ele>224.6</ele></trkpt><trkpt lat="37.951248" lon="-122.301915"><ele>225.6</ele></trkpt><trkpt lat="37.951309" lon="-122.301850"><ele>225.6</ele></trkpt><trkpt lat="37.951404" lon="-122.301759"><ele>225.6</ele></trkpt><trkpt lat="37.951463" lon="-122.301650"><ele>225.6</ele></trkpt><trkpt lat="37.951545" lon="-122.301451"><ele>225.6</ele></trkpt><trkpt lat="37.951595" lon="-122.301299"><ele>225.2</ele></trkpt><trkpt lat="37.951606" lon="-122.301168"><ele>224.8</ele></trkpt><trkpt lat="37.951575" lon="-122.300942"><ele>224.2</ele></trkpt><trkpt lat="37.951589" lon="-122.300823"><ele>223.9</ele></trkpt><trkpt lat="37.951627" lon="-122.300710"><ele>223.5</ele></trkpt><trkpt lat="37.951849" lon="-122.300354"><ele>222.1</ele></trkpt><trkpt lat="37.951910" lon="-122.300226"><ele>221.6</ele></trkpt><trkpt lat="37.951933" lon="-122.300088"><ele>220.9</ele></trkpt><trkpt lat="37.951913" lon="-122.299975"><ele>220.3</ele></trkpt><trkpt lat="37.951838" lon="-122.299738"><ele>219.0</ele></trkpt><trkpt lat="37.951827" lon="-122.299634"><ele>218.4</ele></trkpt><trkpt lat="37.951860" lon="-122.299521"><ele>217.8</ele></trkpt><trkpt lat="37.951922" lon="-122.299417"><ele>217.4</ele></trkpt><trkpt lat="37.952086" lon="-122.299269"><ele>216.6</ele></trkpt><trkpt lat="37.952237" lon="-122.299120"><ele>215.9</ele></trkpt><trkpt lat="37.952291" lon="-122.298994"><ele>215.3</ele></trkpt><trkpt lat="37.952338" lon="-122.298832"><ele>214.6</ele></trkpt><trkpt lat="37.952400" lon="-122.298588"><ele>213.6</ele></trkpt><trkpt lat="37.952393" lon="-122.298453"><ele>213.0</ele></trkpt><trkpt lat="37.952388" lon="-122.298244"><ele>212.8</ele></trkpt><trkpt lat="37.952390" lon="-122.297855"><ele>212.2</ele></trkpt><trkpt lat="37.952382" lon="-122.297544"><ele>211.4</ele></trkpt><trkpt lat="37.952352" lon="-122.297367"><ele>210.9</ele></trkpt><trkpt lat="37.952336" lon="-122.297284"><ele>210.6</ele></trkpt><trkpt lat="37.952310" lon="-122.297136"><ele>210.1</ele></trkpt><trkpt lat="37.952255" lon="-122.297002"><ele>209.8</ele></trkpt><trkpt lat="37.952179" lon="-122.296873"><ele>209.4</ele></trkpt><trkpt lat="37.952115" lon="-122.296766"><ele>209.1</ele></trkpt><trkpt lat="37.952073" lon="-122.296664"><ele>208.8</ele></trkpt><trkpt lat="37.952022" lon="-122.296493"><ele>208.4</ele></trkpt><trkpt lat="37.951976" lon="-122.296353"><ele>208.0</ele></trkpt><trkpt lat="37.951925" lon="-122.296240"><ele>207.7</ele></trkpt><trkpt lat="37.951823" lon="-122.296063"><ele>207.1</ele></trkpt><trkpt lat="37.951760" lon="-122.295919"><ele>206.6</ele></trkpt><trkpt lat="37.951688" lon="-122.295704"><ele>206.3</ele></trkpt><trkpt lat="37.951612" lon="-122.295554"><ele>206.1</ele></trkpt><trkpt lat="37.951502" lon="-122.295388"><ele>205.8</ele></trkpt><trkpt lat="37.951350" lon="-122.295221"><ele>205.7</ele></trkpt><trkpt lat="37.951265" lon="-122.295119"><ele>205.6</ele></trkpt><trkpt lat="37.951214" lon="-122.295023"><ele>205.5</ele></trkpt><trkpt lat="37.951182" lon="-122.294905"><ele>205.5</ele></trkpt><trkpt lat="37.951159" lon="-122.294824"><ele>205.4</ele></trkpt><trkpt lat="37.951104" lon="-122.294674"><ele>206.0</ele></trkpt><trkpt lat="37.951019" lon="-122.294535"><ele>206.6</ele></trkpt><trkpt lat="37.950952" lon="-122.294374"><ele>207.3</ele></trkpt><trkpt lat="37.950927" lon="-122.294223"><ele>207.8</ele></trkpt><trkpt lat="37.950893" lon="-122.294073"><ele>209.1</ele></trkpt><trkpt lat="37.950698" lon="-122.293580"><ele>213.9</ele></trkpt><trkpt lat="37.950457" lon="-122.292861"><ele>223.2</ele></trkpt><trkpt lat="37.950368" lon="-122.292641"><ele>226.6</ele></trkpt><trkpt lat="37.950318" lon="-122.292577"><ele>227.8</ele></trkpt><trkpt lat="37.950250" lon="-122.292518"><ele>229.2</ele></trkpt><trkpt lat="37.950216" lon="-122.292437"><ele>230.4</ele></trkpt><trkpt lat="37.950191" lon="-122.292265"><ele>232.6</ele></trkpt><trkpt lat="37.950153" lon="-122.291960"><ele>236.3</ele></trkpt><trkpt lat="37.950102" lon="-122.291761"><ele>238.9</ele></trkpt><trkpt lat="37.950034" lon="-122.291450"><ele>241.4</ele></trkpt><trkpt lat="37.950005" lon="-122.291257"><ele>242.9</ele></trkpt><trkpt lat="37.949971" lon="-122.291193"><ele>243.5</ele></trkpt><trkpt lat="37.949958" lon="-122.291139"><ele>243.9</ele></trkpt><trkpt lat="37.949945" lon="-122.291075"><ele>244.4</ele></trkpt><trkpt lat="37.949895" lon="-122.290967"><ele>245.1</ele></trkpt><trkpt lat="37.949818" lon="-122.290860"><ele>245.8</ele></trkpt><trkpt lat="37.949607" lon="-122.290688"><ele>247.6</ele></trkpt><trkpt lat="37.949522" lon="-122.290661"><ele>248.1</ele></trkpt><trkpt lat="37.949391" lon="-122.290678"><ele>248.6</ele></trkpt><trkpt lat="37.949311" lon="-122.290694"><ele>248.8</ele></trkpt><trkpt lat="37.949184" lon="-122.290656"><ele>249.3</ele></trkpt><trkpt lat="37.949108" lon="-122.290619"><ele>249.6</ele></trkpt><trkpt lat="37.949057" lon="-122.290565"><ele>249.8</ele></trkpt><trkpt lat="37.948998" lon="-122.290527"><ele>250.0</ele></trkpt><trkpt lat="37.948917" lon="-122.290506"><ele>250.2</ele></trkpt><trkpt lat="37.948837" lon="-122.290452"><ele>250.4</ele></trkpt><trkpt lat="37.948625" lon="-122.290243"><ele>251.0</ele></trkpt><trkpt lat="37.948545" lon="-122.290141"><ele>251.3</ele></trkpt><trkpt lat="37.948422" lon="-122.289953"><ele>252.1</ele></trkpt><trkpt lat="37.948300" lon="-122.289787"><ele>252.8</ele></trkpt><trkpt lat="37.948207" lon="-122.289583"><ele>253.5</ele></trkpt><trkpt lat="37.948122" lon="-122.289288"><ele>254.6</ele></trkpt><trkpt lat="37.948084" lon="-122.289218"><ele>254.9</ele></trkpt><trkpt lat="37.948012" lon="-122.289176"><ele>255.3</ele></trkpt><trkpt lat="37.947860" lon="-122.289057"><ele>255.9</ele></trkpt><trkpt lat="37.947737" lon="-122.288902"><ele>256.2</ele></trkpt><trkpt lat="37.947559" lon="-122.288612"><ele>256.7</ele></trkpt><trkpt lat="37.947483" lon="-122.288553"><ele>256.9</ele></trkpt><trkpt lat="37.947365" lon="-122.288489"><ele>257.1</ele></trkpt><trkpt lat="37.947225" lon="-122.288457"><ele>257.5</ele></trkpt><trkpt lat="37.947090" lon="-122.288430"><ele>257.8</ele></trkpt><trkpt lat="37.946946" lon="-122.288323"><ele>257.9</ele></trkpt><trkpt lat="37.946768" lon="-122.288135"><ele>258.1</ele></trkpt><trkpt lat="37.946510" lon="-122.287856"><ele>257.8</ele></trkpt><trkpt lat="37.946312" lon="-122.287631"><ele>257.2</ele></trkpt><trkpt lat="37.945931" lon="-122.287373"><ele>257.8</ele></trkpt><trkpt lat="37.945474" lon="-122.287008"><ele>260.2</ele></trkpt><trkpt lat="37.945212" lon="-122.286799"><ele>262.0</ele></trkpt><trkpt lat="37.944996" lon="-122.286660"><ele>263.3</ele></trkpt><trkpt lat="37.944839" lon="-122.286574"><ele>264.3</ele></trkpt><trkpt lat="37.944708" lon="-122.286456"><ele>265.6</ele></trkpt><trkpt lat="37.944493" lon="-122.286220"><ele>268.2</ele></trkpt><trkpt lat="37.944313" lon="-122.286023"><ele>270.4</ele></trkpt><trkpt lat="37.944276" lon="-122.285993"><ele>270.8</ele></trkpt><trkpt lat="37.944031" lon="-122.285753"><ele>273.7</ele></trkpt><trkpt lat="37.943697" lon="-122.285356"><ele>276.7</ele></trkpt><trkpt lat="37.943524" lon="-122.285184"><ele>277.9</ele></trkpt><trkpt lat="37.943612" lon="-122.285605"><ele>279.4</ele></trkpt><trkpt lat="37.943648" lon="-122.285857"><ele>280.3</ele></trkpt><trkpt lat="37.943677" lon="-122.286231"><ele>281.3</ele></trkpt><trkpt lat="37.943694" lon="-122.286345"><ele>281.6</ele></trkpt><trkpt lat="37.943717" lon="-122.286476"><ele>282.0</ele></trkpt><trkpt lat="37.943733" lon="-122.286570"><ele>282.3</ele></trkpt><trkpt lat="37.943781" lon="-122.286805"><ele>283.2</ele></trkpt><trkpt lat="37.943793" lon="-122.286918"><ele>283.6</ele></trkpt><trkpt lat="37.943811" lon="-122.287069"><ele>284.1</ele></trkpt><trkpt lat="37.943819" lon="-122.287300"><ele>285.2</ele></trkpt><trkpt lat="37.943805" lon="-122.287593"><ele>286.8</ele></trkpt><trkpt lat="37.943788" lon="-122.287742"><ele>287.6</ele></trkpt><trkpt lat="37.943725" lon="-122.287656"><ele>288.1</ele></trkpt><trkpt lat="37.943682" lon="-122.287539"><ele>288.5</ele></trkpt><trkpt lat="37.943602" lon="-122.287403"><ele>288.9</ele></trkpt><trkpt lat="37.943542" lon="-122.287267"><ele>289.4</ele></trkpt><trkpt lat="37.943456" lon="-122.287171"><ele>289.7</ele></trkpt><trkpt lat="37.943386" lon="-122.287081"><ele>289.9</ele></trkpt><trkpt lat="37.943219" lon="-122.286928"><ele>289.9</ele></trkpt><trkpt lat="37.943110" lon="-122.286821"><ele>289.9</ele></trkpt><trkpt lat="37.943219" lon="-122.286928"><ele>289.8</ele></trkpt><trkpt lat="37.943386" lon="-122.287081"><ele>289.4</ele></trkpt><trkpt lat="37.943456" lon="-122.287171"><ele>289.2</ele></trkpt><trkpt lat="37.943542" lon="-122.287267"><ele>288.9</ele></trkpt><trkpt lat="37.943602" lon="-122.287403"><ele>288.6</ele></trkpt><trkpt lat="37.943682" lon="-122.287539"><ele>287.9</ele></trkpt><trkpt lat="37.943725" lon="-122.287656"><ele>287.3</ele></trkpt><trkpt lat="37.943788" lon="-122.287742"><ele>286.8</ele></trkpt><trkpt lat="37.943815" lon="-122.287902"><ele>286.0</ele></trkpt><trkpt lat="37.943941" lon="-122.288175"><ele>284.3</ele></trkpt><trkpt lat="37.944080" lon="-122.288453"><ele>282.4</ele></trkpt><trkpt lat="37.944154" lon="-122.288715"><ele>280.8</ele></trkpt><trkpt lat="37.944171" lon="-122.288769"><ele>280.5</ele></trkpt><trkpt lat="37.944249" lon="-122.289018"><ele>279.0</ele></trkpt><trkpt lat="37.944361" lon="-122.289450"><ele>276.4</ele></trkpt><trkpt lat="37.944445" lon="-122.289877"><ele>274.1</ele></trkpt><trkpt lat="37.944472" lon="-122.290015"><ele>273.0</ele></trkpt><trkpt lat="37.944517" lon="-122.290433"><ele>269.8</ele></trkpt><trkpt lat="37.944500" lon="-122.290717"><ele>267.4</ele></trkpt><trkpt lat="37.944465" lon="-122.290917"><ele>265.6</ele></trkpt><trkpt lat="37.944394" lon="-122.291047"><ele>264.1</ele></trkpt><trkpt lat="37.944324" lon="-122.291286"><ele>261.7</ele></trkpt><trkpt lat="37.944259" lon="-122.291649"><ele>258.0</ele></trkpt><trkpt lat="37.944200" lon="-122.291752"><ele>256.7</ele></trkpt><trkpt lat="37.944089" lon="-122.291869"><ele>254.9</ele></trkpt><trkpt lat="37.943914" lon="-122.292011"><ele>252.3</ele></trkpt><trkpt lat="37.943790" lon="-122.292079"><ele>250.6</ele></trkpt><trkpt lat="37.943712" lon="-122.292213"><ele>249.0</ele></trkpt><trkpt lat="37.943578" lon="-122.292370"><ele>246.7</ele></trkpt><trkpt lat="37.943353" lon="-122.292598"><ele>243.1</ele></trkpt><trkpt lat="37.943130" lon="-122.292868"><ele>239.7</ele></trkpt><trkpt lat="37.942951" lon="-122.293165"><ele>236.6</ele></trkpt><trkpt lat="37.942775" lon="-122.293474"><ele>232.9</ele></trkpt><trkpt lat="37.942698" lon="-122.293512"><ele>231.9</ele></trkpt><trkpt lat="37.942434" lon="-122.293554"><ele>228.5</ele></trkpt><trkpt lat="37.941863" lon="-122.293534"><ele>220.8</ele></trkpt><trkpt lat="37.941768" lon="-122.293545"><ele>219.7</ele></trkpt><trkpt lat="37.941632" lon="-122.293607"><ele>217.9</ele></trkpt><trkpt lat="37.940718" lon="-122.293911"><ele>206.0</ele></trkpt><trkpt lat="37.940520" lon="-122.293957"><ele>203.3</ele></trkpt><trkpt lat="37.940401" lon="-122.293963"><ele>201.7</ele></trkpt><trkpt lat="37.940204" lon="-122.293940"><ele>198.7</ele></trkpt><trkpt lat="37.939942" lon="-122.293947"><ele>194.9</ele></trkpt><trkpt lat="37.939574" lon="-122.293964"><ele>189.4</ele></trkpt><trkpt lat="37.939333" lon="-122.293952"><ele>185.8</ele></trkpt><trkpt lat="37.939106" lon="-122.293880"><ele>182.0</ele></trkpt><trkpt lat="37.938860" lon="-122.293774"><ele>177.7</ele></trkpt><trkpt lat="37.938550" lon="-122.293548"><ele>170.9</ele></trkpt><trkpt lat="37.938285" lon="-122.293291"><ele>164.2</ele></trkpt><trkpt lat="37.937943" lon="-122.292983"><ele>155.9</ele></trkpt><trkpt lat="37.937779" lon="-122.292906"><ele>152.9</ele></trkpt><trkpt lat="37.937690" lon="-122.292882"><ele>151.4</ele></trkpt><trkpt lat="37.937566" lon="-122.292876"><ele>149.4</ele></trkpt><trkpt lat="37.937383" lon="-122.292883"><ele>146.4</ele></trkpt><trkpt lat="37.937285" lon="-122.292872"><ele>144.5</ele></trkpt><trkpt lat="37.936576" lon="-122.292669"><ele>131.3</ele></trkpt><trkpt lat="37.936396" lon="-122.292588"><ele>127.9</ele></trkpt><trkpt lat="37.936344" lon="-122.292557"><ele>126.9</ele></trkpt><trkpt lat="37.936134" lon="-122.292541"><ele>124.8</ele></trkpt><trkpt lat="37.935996" lon="-122.292501"><ele>123.4</ele></trkpt><trkpt lat="37.935801" lon="-122.292461"><ele>121.4</ele></trkpt><trkpt lat="37.935458" lon="-122.292349"><ele>119.2</ele></trkpt><trkpt lat="37.935438" lon="-122.292283"><ele>118.8</ele></trkpt><trkpt lat="37.935425" lon="-122.292238"><ele>118.6</ele></trkpt><trkpt lat="37.935371" lon="-122.292001"><ele>117.6</ele></trkpt><trkpt lat="37.935313" lon="-122.291848"><ele>117.2</ele></trkpt><trkpt lat="37.935251" lon="-122.291743"><ele>116.8</ele></trkpt><trkpt lat="37.935065" lon="-122.291487"><ele>116.2</ele></trkpt><trkpt lat="37.934955" lon="-122.291341"><ele>116.3</ele></trkpt><trkpt lat="37.934829" lon="-122.291158"><ele>116.4</ele></trkpt><trkpt lat="37.934789" lon="-122.291100"><ele>116.4</ele></trkpt><trkpt lat="37.934748" lon="-122.291021"><ele>116.5</ele></trkpt><trkpt lat="37.934708" lon="-122.290903"><ele>116.6</ele></trkpt><trkpt lat="37.934683" lon="-122.290788"><ele>116.7</ele></trkpt><trkpt lat="37.934638" lon="-122.290546"><ele>116.9</ele></trkpt><trkpt lat="37.934577" lon="-122.290251"><ele>117.0</ele></trkpt><trkpt lat="37.934516" lon="-122.290052"><ele>116.9</ele></trkpt><trkpt lat="37.934456" lon="-122.289897"><ele>116.8</ele></trkpt><trkpt lat="37.934288" lon="-122.289526"><ele>117.2</ele></trkpt><trkpt lat="37.934210" lon="-122.289354"><ele>117.6</ele></trkpt><trkpt lat="37.934077" lon="-122.289031"><ele>118.5</ele></trkpt><trkpt lat="37.934043" lon="-122.288909"><ele>119.1</ele></trkpt><trkpt lat="37.934031" lon="-122.288776"><ele>119.6</ele></trkpt><trkpt lat="37.934012" lon="-122.288671"><ele>120.0</ele></trkpt><trkpt lat="37.933990" lon="-122.288583"><ele>120.4</ele></trkpt><trkpt lat="37.933952" lon="-122.288490"><ele>120.8</ele></trkpt><trkpt lat="37.933910" lon="-122.288406"><ele>121.3</ele></trkpt><trkpt lat="37.933824" lon="-122.288226"><ele>122.3</ele></trkpt><trkpt lat="37.933670" lon="-122.287895"><ele>124.4</ele></trkpt><trkpt lat="37.933587" lon="-122.287739"><ele>126.1</ele></trkpt><trkpt lat="37.933509" lon="-122.287600"><ele>127.6</ele></trkpt><trkpt lat="37.933449" lon="-122.287517"><ele>128.6</ele></trkpt><trkpt lat="37.933378" lon="-122.287439"><ele>129.7</ele></trkpt><trkpt lat="37.933275" lon="-122.287364"><ele>131.0</ele></trkpt><trkpt lat="37.933140" lon="-122.287279"><ele>132.6</ele></trkpt><trkpt lat="37.933057" lon="-122.287213"><ele>133.6</ele></trkpt><trkpt lat="37.932949" lon="-122.287110"><ele>135.1</ele></trkpt><trkpt lat="37.932887" lon="-122.287044"><ele>136.0</ele></trkpt><trkpt lat="37.932829" lon="-122.286971"><ele>136.5</ele></trkpt><trkpt lat="37.932714" lon="-122.286793"><ele>137.7</ele></trkpt><trkpt lat="37.932598" lon="-122.286602"><ele>139.0</ele></trkpt><trkpt lat="37.932527" lon="-122.286495"><ele>139.7</ele></trkpt><trkpt lat="37.932469" lon="-122.286428"><ele>140.4</ele></trkpt><trkpt lat="37.932416" lon="-122.286371"><ele>141.0</ele></trkpt><trkpt lat="37.932355" lon="-122.286320"><ele>141.6</ele></trkpt><trkpt lat="37.932283" lon="-122.286272"><ele>142.3</ele></trkpt><trkpt lat="37.932207" lon="-122.286235"><ele>143.0</ele></trkpt><trkpt lat="37.932315" lon="-122.286209"><ele>143.9</ele></trkpt><trkpt lat="37.932354" lon="-122.286210"><ele>144.3</ele></trkpt><trkpt lat="37.932495" lon="-122.286246"><ele>145.8</ele></trkpt><trkpt lat="37.932567" lon="-122.286283"><ele>146.7</ele></trkpt><trkpt lat="37.932738" lon="-122.286298"><ele>148.5</ele></trkpt><trkpt lat="37.932890" lon="-122.286331"><ele>150.2</ele></trkpt><trkpt lat="37.933042" lon="-122.286381"><ele>152.2</ele></trkpt><trkpt lat="37.933120" lon="-122.286435"><ele>153.3</ele></trkpt><trkpt lat="37.933166" lon="-122.286474"><ele>154.0</ele></trkpt><trkpt lat="37.933195" lon="-122.286484"><ele>154.3</ele></trkpt><trkpt lat="37.933224" lon="-122.286482"><ele>154.7</ele></trkpt><trkpt lat="37.933247" lon="-122.286464"><ele>155.0</ele></trkpt><trkpt lat="37.933255" lon="-122.286429"><ele>155.4</ele></trkpt><trkpt lat="37.933258" lon="-122.286383"><ele>155.8</ele></trkpt><trkpt lat="37.933246" lon="-122.286326"><ele>156.4</ele></trkpt><trkpt lat="37.933057" lon="-122.285891"><ele>162.2</ele></trkpt><trkpt lat="37.933039" lon="-122.285804"><ele>163.3</ele></trkpt><trkpt lat="37.933050" lon="-122.285698"><ele>164.6</ele></trkpt><trkpt lat="37.933082" lon="-122.285604"><ele>166.0</ele></trkpt><trkpt lat="37.933204" lon="-122.285381"><ele>169.9</ele></trkpt><trkpt lat="37.933259" lon="-122.285226"><ele>172.3</ele></trkpt><trkpt lat="37.933286" lon="-122.285071"><ele>174.6</ele></trkpt><trkpt lat="37.933294" lon="-122.284938"><ele>176.3</ele></trkpt><trkpt lat="37.933285" lon="-122.284791"><ele>178.2</ele></trkpt><trkpt lat="37.933258" lon="-122.284693"><ele>179.6</ele></trkpt><trkpt lat="37.933189" lon="-122.284594"><ele>181.3</ele></trkpt><trkpt lat="37.933167" lon="-122.284547"><ele>182.0</ele></trkpt><trkpt lat="37.933165" lon="-122.284500"><ele>182.6</ele></trkpt><trkpt lat="37.933183" lon="-122.284450"><ele>183.4</ele></trkpt><trkpt lat="37.933233" lon="-122.284412"><ele>184.2</ele></trkpt><trkpt lat="37.933307" lon="-122.284413"><ele>185.2</ele></trkpt><trkpt lat="37.933369" lon="-122.284397"><ele>186.1</ele></trkpt><trkpt lat="37.933423" lon="-122.284339"><ele>187.0</ele></trkpt><trkpt lat="37.933458" lon="-122.284221"><ele>188.4</ele></trkpt><trkpt lat="37.933454" lon="-122.284099"><ele>189.8</ele></trkpt><trkpt lat="37.933414" lon="-122.284015"><ele>190.8</ele></trkpt><trkpt lat="37.933354" lon="-122.283893"><ele>192.2</ele></trkpt><trkpt lat="37.933329" lon="-122.283798"><ele>193.2</ele></trkpt><trkpt lat="37.933323" lon="-122.283622"><ele>194.8</ele></trkpt><trkpt lat="37.933287" lon="-122.283524"><ele>195.9</ele></trkpt><trkpt lat="37.933232" lon="-122.283452"><ele>196.8</ele></trkpt><trkpt lat="37.932844" lon="-122.283222"><ele>200.4</ele></trkpt><trkpt lat="37.932735" lon="-122.283120"><ele>201.5</ele></trkpt><trkpt lat="37.932655" lon="-122.283000"><ele>202.4</ele></trkpt><trkpt lat="37.932348" lon="-122.282154"><ele>207.5</ele></trkpt><trkpt lat="37.932295" lon="-122.281954"><ele>208.5</ele></trkpt><trkpt lat="37.932188" lon="-122.281716"><ele>209.8</ele></trkpt><trkpt lat="37.932061" lon="-122.281518"><ele>210.9</ele></trkpt><trkpt lat="37.931930" lon="-122.281331"><ele>212.0</ele></trkpt><trkpt lat="37.931844" lon="-122.281191"><ele>213.3</ele></trkpt><trkpt lat="37.931698" lon="-122.280934"><ele>215.5</ele></trkpt><trkpt lat="37.931625" lon="-122.280822"><ele>216.6</ele></trkpt><trkpt lat="37.931539" lon="-122.280715"><ele>217.9</ele></trkpt><trkpt lat="37.931374" lon="-122.280582"><ele>220.1</ele></trkpt><trkpt lat="37.931102" lon="-122.280366"><ele>223.8</ele></trkpt><trkpt lat="37.930987" lon="-122.280264"><ele>225.4</ele></trkpt><trkpt lat="37.930890" lon="-122.280130"><ele>227.1</ele></trkpt><trkpt lat="37.930777" lon="-122.279912"><ele>229.4</ele></trkpt><trkpt lat="37.930613" lon="-122.279554"><ele>232.9</ele></trkpt><trkpt lat="37.930552" lon="-122.279445"><ele>234.1</ele></trkpt><trkpt lat="37.930434" lon="-122.279305"><ele>235.9</ele></trkpt><trkpt lat="37.930283" lon="-122.279190"><ele>238.1</ele></trkpt><trkpt lat="37.929886" lon="-122.278983"><ele>243.3</ele></trkpt><trkpt lat="37.929762" lon="-122.278897"><ele>244.8</ele></trkpt><trkpt lat="37.929641" lon="-122.278782"><ele>246.5</ele></trkpt><trkpt lat="37.929544" lon="-122.278614"><ele>248.3</ele></trkpt><trkpt lat="37.929449" lon="-122.278385"><ele>250.3</ele></trkpt><trkpt lat="37.929251" lon="-122.277791"><ele>255.9</ele></trkpt><trkpt lat="37.929201" lon="-122.277510"><ele>258.8</ele></trkpt><trkpt lat="37.929189" lon="-122.277354"><ele>260.5</ele></trkpt><trkpt lat="37.929218" lon="-122.277203"><ele>262.5</ele></trkpt><trkpt lat="37.929338" lon="-122.276929"><ele>266.4</ele></trkpt><trkpt lat="37.929351" lon="-122.276845"><ele>267.5</ele></trkpt><trkpt lat="37.929343" lon="-122.276764"><ele>268.6</ele></trkpt><trkpt lat="37.929310" lon="-122.276676"><ele>269.7</ele></trkpt><trkpt lat="37.929213" lon="-122.276529"><ele>271.8</ele></trkpt><trkpt lat="37.929121" lon="-122.276441"><ele>273.3</ele></trkpt><trkpt lat="37.929001" lon="-122.276375"><ele>275.1</ele></trkpt><trkpt lat="37.928689" lon="-122.276267"><ele>279.4</ele></trkpt><trkpt lat="37.928219" lon="-122.276013"><ele>285.6</ele></trkpt><trkpt lat="37.928149" lon="-122.275956"><ele>286.5</ele></trkpt><trkpt lat="37.928065" lon="-122.275792"><ele>288.1</ele></trkpt><trkpt lat="37.927971" lon="-122.275414"><ele>291.2</ele></trkpt><trkpt lat="37.927906" lon="-122.275243"><ele>292.6</ele></trkpt><trkpt lat="37.927659" lon="-122.274730"><ele>296.5</ele></trkpt><trkpt lat="37.927508" lon="-122.274501"><ele>298.3</ele></trkpt><trkpt lat="37.927320" lon="-122.274265"><ele>300.1</ele></trkpt><trkpt lat="37.927142" lon="-122.274069"><ele>301.7</ele></trkpt><trkpt lat="37.926758" lon="-122.273704"><ele>304.9</ele></trkpt><trkpt lat="37.926510" lon="-122.273412"><ele>307.4</ele></trkpt><trkpt lat="37.926391" lon="-122.273254"><ele>308.8</ele></trkpt><trkpt lat="37.926305" lon="-122.273099"><ele>310.0</ele></trkpt><trkpt lat="37.926171" lon="-122.272740"><ele>312.5</ele></trkpt><trkpt lat="37.926097" lon="-122.272532"><ele>313.9</ele></trkpt><trkpt lat="37.926039" lon="-122.272388"><ele>314.9</ele></trkpt><trkpt lat="37.925888" lon="-122.272087"><ele>317.2</ele></trkpt><trkpt lat="37.925731" lon="-122.271826"><ele>319.0</ele></trkpt><trkpt lat="37.925435" lon="-122.271424"><ele>321.7</ele></trkpt><trkpt lat="37.925192" lon="-122.271113"><ele>323.3</ele></trkpt><trkpt lat="37.925118" lon="-122.270990"><ele>323.9</ele></trkpt><trkpt lat="37.925034" lon="-122.270811"><ele>324.7</ele></trkpt><trkpt lat="37.924978" lon="-122.270569"><ele>326.0</ele></trkpt><trkpt lat="37.924916" lon="-122.270445"><ele>326.7</ele></trkpt><trkpt lat="37.924754" lon="-122.270292"><ele>328.0</ele></trkpt><trkpt lat="37.924644" lon="-122.270149"><ele>329.1</ele></trkpt><trkpt lat="37.924570" lon="-122.270028"><ele>330.0</ele></trkpt><trkpt lat="37.924449" lon="-122.269800"><ele>331.6</ele></trkpt><trkpt lat="37.924325" lon="-122.269480"><ele>332.5</ele></trkpt><trkpt lat="37.924262" lon="-122.269346"><ele>333.0</ele></trkpt><trkpt lat="37.924169" lon="-122.269199"><ele>333.5</ele></trkpt><trkpt lat="37.924004" lon="-122.269007"><ele>334.8</ele></trkpt><trkpt lat="37.923848" lon="-122.268820"><ele>336.0</ele></trkpt><trkpt lat="37.923774" lon="-122.268693"><ele>336.8</ele></trkpt><trkpt lat="37.923647" lon="-122.268294"><ele>339.7</ele></trkpt><trkpt lat="37.923539" lon="-122.268092"><ele>341.2</ele></trkpt><trkpt lat="37.923426" lon="-122.267938"><ele>341.9</ele></trkpt><trkpt lat="37.923261" lon="-122.267747"><ele>342.9</ele></trkpt><trkpt lat="37.922751" lon="-122.267123"><ele>344.6</ele></trkpt><trkpt lat="37.922622" lon="-122.266991"><ele>345.1</ele></trkpt><trkpt lat="37.922454" lon="-122.266837"><ele>345.8</ele></trkpt><trkpt lat="37.922380" lon="-122.266743"><ele>346.2</ele></trkpt><trkpt lat="37.922299" lon="-122.266596"><ele>346.5</ele></trkpt><trkpt lat="37.922217" lon="-122.266406"><ele>346.7</ele></trkpt><trkpt lat="37.922177" lon="-122.266228"><ele>347.0</ele></trkpt><trkpt lat="37.922099" lon="-122.265982"><ele>347.1</ele></trkpt><trkpt lat="37.922030" lon="-122.265790"><ele>346.9</ele></trkpt><trkpt lat="37.921847" lon="-122.265300"><ele>346.6</ele></trkpt><trkpt lat="37.921760" lon="-122.264963"><ele>346.6</ele></trkpt><trkpt lat="37.921694" lon="-122.264705"><ele>346.3</ele></trkpt><trkpt lat="37.921359" lon="-122.263970"><ele>344.6</ele></trkpt><trkpt lat="37.921277" lon="-122.263777"><ele>344.2</ele></trkpt><trkpt lat="37.921235" lon="-122.263582"><ele>343.7</ele></trkpt><trkpt lat="37.921258" lon="-122.263433"><ele>343.2</ele></trkpt><trkpt lat="37.921321" lon="-122.263339"><ele>342.8</ele></trkpt><trkpt lat="37.921447" lon="-122.263235"><ele>342.2</ele></trkpt><trkpt lat="37.921695" lon="-122.263156"><ele>341.3</ele></trkpt><trkpt lat="37.922325" lon="-122.263016"><ele>338.5</ele></trkpt><trkpt lat="37.922766" lon="-122.262931"><ele>335.6</ele></trkpt><trkpt lat="37.922960" lon="-122.262821"><ele>334.1</ele></trkpt><trkpt lat="37.923140" lon="-122.262689"><ele>332.6</ele></trkpt><trkpt lat="37.923366" lon="-122.262497"><ele>330.7</ele></trkpt><trkpt lat="37.923520" lon="-122.262424"><ele>329.6</ele></trkpt><trkpt lat="37.923721" lon="-122.262402"><ele>328.3</ele></trkpt><trkpt lat="37.923922" lon="-122.262365"><ele>327.0</ele></trkpt><trkpt lat="37.924013" lon="-122.262323"><ele>326.4</ele></trkpt><trkpt lat="37.924079" lon="-122.262238"><ele>325.8</ele></trkpt><trkpt lat="37.924005" lon="-122.262105"><ele>325.2</ele></trkpt><trkpt lat="37.923890" lon="-122.261953"><ele>324.6</ele></trkpt><trkpt lat="37.923697" lon="-122.261855"><ele>323.8</ele></trkpt><trkpt lat="37.923511" lon="-122.261822"><ele>323.2</ele></trkpt><trkpt lat="37.923371" lon="-122.261844"><ele>322.9</ele></trkpt><trkpt lat="37.923160" lon="-122.261973"><ele>322.3</ele></trkpt><trkpt lat="37.922813" lon="-122.262257"><ele>322.4</ele></trkpt><trkpt lat="37.922711" lon="-122.262273"><ele>322.4</ele></trkpt><trkpt lat="37.922614" lon="-122.262225"><ele>322.5</ele></trkpt><trkpt lat="37.922512" lon="-122.262128"><ele>322.3</ele></trkpt><trkpt lat="37.922360" lon="-122.261951"><ele>322.1</ele></trkpt><trkpt lat="37.922275" lon="-122.261876"><ele>322.0</ele></trkpt><trkpt lat="37.921820" lon="-122.261673"><ele>321.4</ele></trkpt><trkpt lat="37.921575" lon="-122.261369"><ele>320.7</ele></trkpt><trkpt lat="37.921228" lon="-122.261119"><ele>319.7</ele></trkpt><trkpt lat="37.921106" lon="-122.261032"><ele>319.4</ele></trkpt><trkpt lat="37.920966" lon="-122.260888"><ele>319.1</ele></trkpt><trkpt lat="37.920882" lon="-122.260739"><ele>318.9</ele></trkpt><trkpt lat="37.920827" lon="-122.260592"><ele>318.9</ele></trkpt><trkpt lat="37.920660" lon="-122.260112"><ele>319.1</ele></trkpt><trkpt lat="37.920585" lon="-122.259909"><ele>319.7</ele></trkpt><trkpt lat="37.920379" lon="-122.259656"><ele>320.8</ele></trkpt><trkpt lat="37.920292" lon="-122.259599"><ele>321.2</ele></trkpt><trkpt lat="37.920187" lon="-122.259463"><ele>322.0</ele></trkpt><trkpt lat="37.920072" lon="-122.259215"><ele>323.3</ele></trkpt><trkpt lat="37.920004" lon="-122.259034"><ele>324.2</ele></trkpt><trkpt lat="37.919951" lon="-122.258877"><ele>325.2</ele></trkpt><trkpt lat="37.919917" lon="-122.258780"><ele>325.8</ele></trkpt><trkpt lat="37.919810" lon="-122.258435"><ele>328.0</ele></trkpt><trkpt lat="37.919555" lon="-122.257698"><ele>332.3</ele></trkpt><trkpt lat="37.919533" lon="-122.257495"><ele>333.6</ele></trkpt><trkpt lat="37.919533" lon="-122.257252"><ele>335.1</ele></trkpt><trkpt lat="37.919568" lon="-122.257078"><ele>336.2</ele></trkpt><trkpt lat="37.919631" lon="-122.256932"><ele>336.5</ele></trkpt><trkpt lat="37.919731" lon="-122.256790"><ele>336.8</ele></trkpt><trkpt lat="37.919921" lon="-122.256545"><ele>337.4</ele></trkpt><trkpt lat="37.919975" lon="-122.256411"><ele>337.1</ele></trkpt><trkpt lat="37.920015" lon="-122.256146"><ele>336.6</ele></trkpt><trkpt lat="37.920019" lon="-122.255926"><ele>336.2</ele></trkpt><trkpt lat="37.920015" lon="-122.255602"><ele>334.3</ele></trkpt><trkpt lat="37.920013" lon="-122.255185"><ele>331.7</ele></trkpt><trkpt lat="37.920017" lon="-122.254978"><ele>330.5</ele></trkpt><trkpt lat="37.919980" lon="-122.254843"><ele>329.7</ele></trkpt><trkpt lat="37.919891" lon="-122.254489"><ele>327.3</ele></trkpt><trkpt lat="37.919855" lon="-122.254294"><ele>325.5</ele></trkpt><trkpt lat="37.919792" lon="-122.254145"><ele>323.9</ele></trkpt><trkpt lat="37.919690" lon="-122.254022"><ele>322.3</ele></trkpt><trkpt lat="37.919478" lon="-122.253865"><ele>320.0</ele></trkpt><trkpt lat="37.919357" lon="-122.253777"><ele>318.7</ele></trkpt><trkpt lat="37.919228" lon="-122.253702"><ele>317.3</ele></trkpt><trkpt lat="37.919187" lon="-122.253688"><ele>316.9</ele></trkpt><trkpt lat="37.919079" lon="-122.253651"><ele>316.0</ele></trkpt><trkpt lat="37.918896" lon="-122.253636"><ele>314.5</ele></trkpt><trkpt lat="37.918807" lon="-122.253644"><ele>313.8</ele></trkpt><trkpt lat="37.918644" lon="-122.253745"><ele>312.4</ele></trkpt><trkpt lat="37.918477" lon="-122.253996"><ele>311.5</ele></trkpt><trkpt lat="37.918180" lon="-122.254235"><ele>310.2</ele></trkpt><trkpt lat="37.918057" lon="-122.254282"><ele>309.6</ele></trkpt><trkpt lat="37.918021" lon="-122.254284"><ele>309.4</ele></trkpt><trkpt lat="37.917942" lon="-122.254289"><ele>309.0</ele></trkpt><trkpt lat="37.917810" lon="-122.254261"><ele>308.3</ele></trkpt><trkpt lat="37.917719" lon="-122.254209"><ele>307.8</ele></trkpt><trkpt lat="37.917621" lon="-122.254107"><ele>307.3</ele></trkpt><trkpt lat="37.917537" lon="-122.253953"><ele>306.8</ele></trkpt><trkpt lat="37.917446" lon="-122.253719"><ele>305.9</ele></trkpt><trkpt lat="37.917378" lon="-122.253580"><ele>305.6</ele></trkpt><trkpt lat="37.917338" lon="-122.253531"><ele>305.5</ele></trkpt><trkpt lat="37.917300" lon="-122.253485"><ele>305.4</ele></trkpt><trkpt lat="37.917222" lon="-122.253419"><ele>305.2</ele></trkpt><trkpt lat="37.917154" lon="-122.253381"><ele>305.1</ele></trkpt><trkpt lat="37.917110" lon="-122.253374"><ele>305.0</ele></trkpt><trkpt lat="37.917083" lon="-122.253370"><ele>305.0</ele></trkpt><trkpt lat="37.916939" lon="-122.253364"><ele>304.8</ele></trkpt><trkpt lat="37.916810" lon="-122.253365"><ele>305.1</ele></trkpt><trkpt lat="37.916702" lon="-122.253341"><ele>305.3</ele></trkpt><trkpt lat="37.916621" lon="-122.253306"><ele>305.4</ele></trkpt><trkpt lat="37.916521" lon="-122.253234"><ele>305.6</ele></trkpt><trkpt lat="37.916445" lon="-122.253179"><ele>305.7</ele></trkpt><trkpt lat="37.916264" lon="-122.253021"><ele>305.7</ele></trkpt><trkpt lat="37.916132" lon="-122.252874"><ele>305.7</ele></trkpt><trkpt lat="37.916019" lon="-122.252697"><ele>305.7</ele></trkpt><trkpt lat="37.915936" lon="-122.252508"><ele>305.7</ele></trkpt><trkpt lat="37.915827" lon="-122.252212"><ele>305.7</ele></trkpt><trkpt lat="37.915726" lon="-122.251913"><ele>306.4</ele></trkpt><trkpt lat="37.915599" lon="-122.251535"><ele>307.5</ele></trkpt><trkpt lat="37.915544" lon="-122.251392"><ele>308.1</ele></trkpt><trkpt lat="37.915446" lon="-122.251262"><ele>308.8</ele></trkpt><trkpt lat="37.915352" lon="-122.251174"><ele>309.3</ele></trkpt><trkpt lat="37.915254" lon="-122.251122"><ele>309.9</ele></trkpt><trkpt lat="37.915138" lon="-122.251100"><ele>310.5</ele></trkpt><trkpt lat="37.915064" lon="-122.251103"><ele>310.9</ele></trkpt><trkpt lat="37.914974" lon="-122.251128"><ele>311.4</ele></trkpt><trkpt lat="37.914793" lon="-122.251235"><ele>312.5</ele></trkpt><trkpt lat="37.914675" lon="-122.251299"><ele>313.3</ele></trkpt><trkpt lat="37.914443" lon="-122.251394"><ele>314.5</ele></trkpt><trkpt lat="37.914327" lon="-122.251462"><ele>315.2</ele></trkpt><trkpt lat="37.914232" lon="-122.251542"><ele>315.8</ele></trkpt><trkpt lat="37.914141" lon="-122.251650"><ele>316.4</ele></trkpt><trkpt lat="37.914085" lon="-122.251772"><ele>317.0</ele></trkpt><trkpt lat="37.914070" lon="-122.251982"><ele>317.8</ele></trkpt><trkpt lat="37.914024" lon="-122.252218"><ele>318.8</ele></trkpt><trkpt lat="37.913956" lon="-122.252286"><ele>319.0</ele></trkpt><trkpt lat="37.913884" lon="-122.252327"><ele>319.3</ele></trkpt><trkpt lat="37.913807" lon="-122.252335"><ele>319.5</ele></trkpt><trkpt lat="37.913726" lon="-122.252327"><ele>319.7</ele></trkpt><trkpt lat="37.913627" lon="-122.252280"><ele>320.0</ele></trkpt><trkpt lat="37.913326" lon="-122.252054"><ele>320.0</ele></trkpt><trkpt lat="37.913261" lon="-122.252005"><ele>319.8</ele></trkpt><trkpt lat="37.913161" lon="-122.251957"><ele>319.7</ele></trkpt><trkpt lat="37.913075" lon="-122.251942"><ele>319.5</ele></trkpt><trkpt lat="37.913001" lon="-122.251955"><ele>319.3</ele></trkpt><trkpt lat="37.912928" lon="-122.252003"><ele>319.0</ele></trkpt><trkpt lat="37.912857" lon="-122.252085"><ele>318.6</ele></trkpt><trkpt lat="37.912778" lon="-122.252208"><ele>318.1</ele></trkpt><trkpt lat="37.912684" lon="-122.252394"><ele>317.4</ele></trkpt><trkpt lat="37.912610" lon="-122.252541"><ele>317.1</ele></trkpt><trkpt lat="37.912557" lon="-122.252610"><ele>317.0</ele></trkpt><trkpt lat="37.912485" lon="-122.252676"><ele>316.8</ele></trkpt><trkpt lat="37.912422" lon="-122.252716"><ele>316.7</ele></trkpt><trkpt lat="37.912308" lon="-122.252769"><ele>316.5</ele></trkpt><trkpt lat="37.912056" lon="-122.252888"><ele>316.3</ele></trkpt><trkpt lat="37.911956" lon="-122.252951"><ele>316.2</ele></trkpt><trkpt lat="37.911862" lon="-122.253017"><ele>316.2</ele></trkpt><trkpt lat="37.911777" lon="-122.253085"><ele>316.1</ele></trkpt><trkpt lat="37.911686" lon="-122.253118"><ele>316.1</ele></trkpt><trkpt lat="37.911608" lon="-122.253109"><ele>316.2</ele></trkpt><trkpt lat="37.911547" lon="-122.253078"><ele>316.2</ele></trkpt><trkpt lat="37.911495" lon="-122.253021"><ele>316.2</ele></trkpt><trkpt lat="37.911460" lon="-122.252941"><ele>316.3</ele></trkpt><trkpt lat="37.911335" lon="-122.252099"><ele>317.5</ele></trkpt><trkpt lat="37.911320" lon="-122.252024"><ele>317.6</ele></trkpt><trkpt lat="37.911224" lon="-122.251669"><ele>318.8</ele></trkpt><trkpt lat="37.911215" lon="-122.251570"><ele>319.1</ele></trkpt><trkpt lat="37.911219" lon="-122.251480"><ele>319.4</ele></trkpt><trkpt lat="37.911241" lon="-122.251276"><ele>319.8</ele></trkpt><trkpt lat="37.911240" lon="-122.251182"><ele>319.9</ele></trkpt><trkpt lat="37.911220" lon="-122.251095"><ele>320.0</ele></trkpt><trkpt lat="37.911174" lon="-122.250996"><ele>320.1</ele></trkpt><trkpt lat="37.911123" lon="-122.250915"><ele>320.2</ele></trkpt><trkpt lat="37.911075" lon="-122.250787"><ele>320.3</ele></trkpt><trkpt lat="37.911054" lon="-122.250655"><ele>320.4</ele></trkpt><trkpt lat="37.911054" lon="-122.250506"><ele>320.5</ele></trkpt><trkpt lat="37.911073" lon="-122.250365"><ele>320.5</ele></trkpt><trkpt lat="37.911135" lon="-122.250118"><ele>320.6</ele></trkpt><trkpt lat="37.911161" lon="-122.249973"><ele>320.6</ele></trkpt><trkpt lat="37.911179" lon="-122.249882"><ele>320.6</ele></trkpt><trkpt lat="37.911177" lon="-122.249812"><ele>320.6</ele></trkpt><trkpt lat="37.911154" lon="-122.249691"><ele>320.6</ele></trkpt><trkpt lat="37.911131" lon="-122.249649"><ele>320.6</ele></trkpt><trkpt lat="37.911086" lon="-122.249584"><ele>320.6</ele></trkpt><trkpt lat="37.911030" lon="-122.249535"><ele>320.6</ele></trkpt><trkpt lat="37.910980" lon="-122.249516"><ele>320.6</ele></trkpt><trkpt lat="37.910942" lon="-122.249513"><ele>320.6</ele></trkpt><trkpt lat="37.910778" lon="-122.249523"><ele>320.5</ele></trkpt><trkpt lat="37.910655" lon="-122.249524"><ele>320.5</ele></trkpt><trkpt lat="37.910493" lon="-122.249506"><ele>320.4</ele></trkpt><trkpt lat="37.910381" lon="-122.249464"><ele>320.2</ele></trkpt><trkpt lat="37.910276" lon="-122.249399"><ele>319.9</ele></trkpt><trkpt lat="37.910172" lon="-122.249324"><ele>319.5</ele></trkpt><trkpt lat="37.909983" lon="-122.249155"><ele>318.9</ele></trkpt><trkpt lat="37.909911" lon="-122.249069"><ele>318.6</ele></trkpt><trkpt lat="37.909868" lon="-122.248975"><ele>318.3</ele></trkpt><trkpt lat="37.909848" lon="-122.248885"><ele>318.1</ele></trkpt><trkpt lat="37.909840" lon="-122.248770"><ele>317.9</ele></trkpt><trkpt lat="37.909849" lon="-122.248568"><ele>317.4</ele></trkpt><trkpt lat="37.909827" lon="-122.248456"><ele>317.2</ele></trkpt><trkpt lat="37.909786" lon="-122.248365"><ele>317.0</ele></trkpt><trkpt lat="37.909723" lon="-122.248292"><ele>316.8</ele></trkpt><trkpt lat="37.909624" lon="-122.248220"><ele>316.6</ele></trkpt><trkpt lat="37.909372" lon="-122.248090"><ele>316.0</ele></trkpt><trkpt lat="37.909303" lon="-122.248045"><ele>315.9</ele></trkpt><trkpt lat="37.909232" lon="-122.247975"><ele>315.8</ele></trkpt><trkpt lat="37.909041" lon="-122.247761"><ele>315.5</ele></trkpt><trkpt lat="37.908970" lon="-122.247697"><ele>315.4</ele></trkpt><trkpt lat="37.908907" lon="-122.247657"><ele>315.2</ele></trkpt><trkpt lat="37.908839" lon="-122.247627"><ele>315.0</ele></trkpt><trkpt lat="37.908768" lon="-122.247609"><ele>314.8</ele></trkpt><trkpt lat="37.908686" lon="-122.247606"><ele>314.6</ele></trkpt><trkpt lat="37.908149" lon="-122.247689"><ele>313.9</ele></trkpt><trkpt lat="37.908052" lon="-122.247693"><ele>313.9</ele></trkpt><trkpt lat="37.907950" lon="-122.247685"><ele>313.9</ele></trkpt><trkpt lat="37.907625" lon="-122.247611"><ele>315.5</ele></trkpt><trkpt lat="37.907057" lon="-122.247481"><ele>317.8</ele></trkpt><trkpt lat="37.906921" lon="-122.247477"><ele>318.3</ele></trkpt><trkpt lat="37.906788" lon="-122.247472"><ele>318.8</ele></trkpt><trkpt lat="37.906619" lon="-122.247476"><ele>319.3</ele></trkpt><trkpt lat="37.906354" lon="-122.247511"><ele>320.2</ele></trkpt><trkpt lat="37.906165" lon="-122.247560"><ele>321.1</ele></trkpt><trkpt lat="37.905868" lon="-122.247730"><ele>322.8</ele></trkpt><trkpt lat="37.905797" lon="-122.247760"><ele>323.1</ele></trkpt><trkpt lat="37.905735" lon="-122.247766"><ele>323.3</ele></trkpt><trkpt lat="37.905680" lon="-122.247752"><ele>323.5</ele></trkpt><trkpt lat="37.905630" lon="-122.247719"><ele>323.7</ele></trkpt><trkpt lat="37.905598" lon="-122.247660"><ele>323.9</ele></trkpt><trkpt lat="37.905564" lon="-122.247587"><ele>324.1</ele></trkpt><trkpt lat="37.905520" lon="-122.247390"><ele>324.7</ele></trkpt><trkpt lat="37.905422" lon="-122.246954"><ele>324.3</ele></trkpt><trkpt lat="37.905378" lon="-122.246824"><ele>324.0</ele></trkpt><trkpt lat="37.905286" lon="-122.246662"><ele>323.7</ele></trkpt><trkpt lat="37.905186" lon="-122.246566"><ele>323.6</ele></trkpt><trkpt lat="37.905124" lon="-122.246508"><ele>323.6</ele></trkpt><trkpt lat="37.904864" lon="-122.246267"><ele>323.4</ele></trkpt><trkpt lat="37.904796" lon="-122.246172"><ele>323.3</ele></trkpt><trkpt lat="37.904753" lon="-122.246083"><ele>323.3</ele></trkpt><trkpt lat="37.904727" lon="-122.245973"><ele>323.2</ele></trkpt><trkpt lat="37.904713" lon="-122.245846"><ele>323.2</ele></trkpt><trkpt lat="37.904714" lon="-122.245714"><ele>323.1</ele></trkpt><trkpt lat="37.904737" lon="-122.245543"><ele>323.1</ele></trkpt><trkpt lat="37.904787" lon="-122.245377"><ele>323.1</ele></trkpt><trkpt lat="37.904807" lon="-122.245311"><ele>323.1</ele></trkpt><trkpt lat="37.904787" lon="-122.245377"><ele>323.1</ele></trkpt><trkpt lat="37.904737" lon="-122.245543"><ele>323.1</ele></trkpt><trkpt lat="37.904714" lon="-122.245714"><ele>323.1</ele></trkpt><trkpt lat="37.904713" lon="-122.245846"><ele>323.1</ele></trkpt><trkpt lat="37.904727" lon="-122.245973"><ele>323.1</ele></trkpt><trkpt lat="37.904753" lon="-122.246083"><ele>323.1</ele></trkpt><trkpt lat="37.904796" lon="-122.246172"><ele>323.1</ele></trkpt><trkpt lat="37.904864" lon="-122.246267"><ele>323.1</ele></trkpt><trkpt lat="37.905124" lon="-122.246508"><ele>323.5</ele></trkpt><trkpt lat="37.905186" lon="-122.246566"><ele>323.5</ele></trkpt><trkpt lat="37.905286" lon="-122.246662"><ele>323.7</ele></trkpt><trkpt lat="37.905378" lon="-122.246824"><ele>324.0</ele></trkpt><trkpt lat="37.905422" lon="-122.246954"><ele>324.3</ele></trkpt><trkpt lat="37.905520" lon="-122.247390"><ele>324.6</ele></trkpt><trkpt lat="37.905564" lon="-122.247587"><ele>324.1</ele></trkpt><trkpt lat="37.905598" lon="-122.247660"><ele>323.9</ele></trkpt><trkpt lat="37.905630" lon="-122.247719"><ele>323.7</ele></trkpt><trkpt lat="37.905680" lon="-122.247752"><ele>323.5</ele></trkpt><trkpt lat="37.905735" lon="-122.247766"><ele>323.3</ele></trkpt><trkpt lat="37.905797" lon="-122.247760"><ele>323.1</ele></trkpt><trkpt lat="37.905868" lon="-122.247730"><ele>322.7</ele></trkpt><trkpt lat="37.906165" lon="-122.247560"><ele>321.0</ele></trkpt><trkpt lat="37.906354" lon="-122.247511"><ele>320.2</ele></trkpt><trkpt lat="37.906619" lon="-122.247476"><ele>319.3</ele></trkpt><trkpt lat="37.906788" lon="-122.247472"><ele>318.7</ele></trkpt><trkpt lat="37.906921" lon="-122.247477"><ele>318.3</ele></trkpt><trkpt lat="37.907057" lon="-122.247481"><ele>317.8</ele></trkpt><trkpt lat="37.907625" lon="-122.247611"><ele>315.4</ele></trkpt><trkpt lat="37.907950" lon="-122.247685"><ele>313.9</ele></trkpt><trkpt lat="37.908052" lon="-122.247693"><ele>313.9</ele></trkpt><trkpt lat="37.908149" lon="-122.247689"><ele>313.9</ele></trkpt><trkpt lat="37.908686" lon="-122.247606"><ele>314.6</ele></trkpt><trkpt lat="37.908768" lon="-122.247609"><ele>314.8</ele></trkpt><trkpt lat="37.908839" lon="-122.247627"><ele>315.0</ele></trkpt><trkpt lat="37.908907" lon="-122.247657"><ele>315.2</ele></trkpt><trkpt lat="37.908970" lon="-122.247697"><ele>315.4</ele></trkpt><trkpt lat="37.909041" lon="-122.247761"><ele>315.5</ele></trkpt><trkpt lat="37.909232" lon="-122.247975"><ele>315.8</ele></trkpt><trkpt lat="37.909303" lon="-122.248045"><ele>315.9</ele></trkpt><trkpt lat="37.909372" lon="-122.248090"><ele>316.0</ele></trkpt><trkpt lat="37.909624" lon="-122.248220"><ele>316.6</ele></trkpt><trkpt lat="37.909723" lon="-122.248292"><ele>316.9</ele></trkpt><trkpt lat="37.909786" lon="-122.248365"><ele>317.0</ele></trkpt><trkpt lat="37.909827" lon="-122.248456"><ele>317.2</ele></trkpt><trkpt lat="37.909849" lon="-122.248568"><ele>317.5</ele></trkpt><trkpt lat="37.909840" lon="-122.248770"><ele>317.9</ele></trkpt><trkpt lat="37.909848" lon="-122.248885"><ele>318.2</ele></trkpt><trkpt lat="37.909868" lon="-122.248975"><ele>318.4</ele></trkpt><trkpt lat="37.909911" lon="-122.249069"><ele>318.6</ele></trkpt><trkpt lat="37.909983" lon="-122.249155"><ele>318.9</ele></trkpt><trkpt lat="37.910172" lon="-122.249324"><ele>319.5</ele></trkpt><trkpt lat="37.910276" lon="-122.249399"><ele>319.9</ele></trkpt><trkpt lat="37.910381" lon="-122.249464"><ele>320.2</ele></trkpt><trkpt lat="37.910493" lon="-122.249506"><ele>320.4</ele></trkpt><trkpt lat="37.910655" lon="-122.249524"><ele>320.5</ele></trkpt><trkpt lat="37.910778" lon="-122.249523"><ele>320.5</ele></trkpt><trkpt lat="37.910942" lon="-122.249513"><ele>320.6</ele></trkpt><trkpt lat="37.910980" lon="-122.249516"><ele>320.6</ele></trkpt><trkpt lat="37.911030" lon="-122.249535"><ele>320.6</ele></trkpt><trkpt lat="37.911086" lon="-122.249584"><ele>320.6</ele></trkpt><trkpt lat="37.911131" lon="-122.249649"><ele>320.6</ele></trkpt><trkpt lat="37.911154" lon="-122.249691"><ele>320.6</ele></trkpt><trkpt lat="37.911177" lon="-122.249812"><ele>320.6</ele></trkpt><trkpt lat="37.911179" lon="-122.249882"><ele>320.6</ele></trkpt><trkpt lat="37.911161" lon="-122.249973"><ele>320.6</ele></trkpt><trkpt lat="37.911135" lon="-122.250118"><ele>320.6</ele></trkpt><trkpt lat="37.911073" lon="-122.250365"><ele>320.5</ele></trkpt><trkpt lat="37.911054" lon="-122.250506"><ele>320.4</ele></trkpt><trkpt lat="37.911054" lon="-122.250655"><ele>320.4</ele></trkpt><trkpt lat="37.911075" lon="-122.250787"><ele>320.3</ele></trkpt><trkpt lat="37.911123" lon="-122.250915"><ele>320.2</ele></trkpt><trkpt lat="37.911174" lon="-122.250996"><ele>320.1</ele></trkpt><trkpt lat="37.911220" lon="-122.251095"><ele>320.0</ele></trkpt><trkpt lat="37.911240" lon="-122.251182"><ele>319.9</ele></trkpt><trkpt lat="37.911241" lon="-122.251276"><ele>319.8</ele></trkpt><trkpt lat="37.911219" lon="-122.251480"><ele>319.3</ele></trkpt><trkpt lat="37.911215" lon="-122.251570"><ele>319.0</ele></trkpt><trkpt lat="37.911224" lon="-122.251669"><ele>318.7</ele></trkpt><trkpt lat="37.911320" lon="-122.252024"><ele>317.6</ele></trkpt><trkpt lat="37.911335" lon="-122.252099"><ele>317.4</ele></trkpt><trkpt lat="37.911460" lon="-122.252941"><ele>316.3</ele></trkpt><trkpt lat="37.911495" lon="-122.253021"><ele>316.2</ele></trkpt><trkpt lat="37.911547" lon="-122.253078"><ele>316.2</ele></trkpt><trkpt lat="37.911608" lon="-122.253109"><ele>316.1</ele></trkpt><trkpt lat="37.911686" lon="-122.253118"><ele>316.1</ele></trkpt><trkpt lat="37.911777" lon="-122.253085"><ele>316.1</ele></trkpt><trkpt lat="37.911862" lon="-122.253017"><ele>316.2</ele></trkpt><trkpt lat="37.911956" lon="-122.252951"><ele>316.2</ele></trkpt><trkpt lat="37.912056" lon="-122.252888"><ele>316.3</ele></trkpt><trkpt lat="37.912308" lon="-122.252769"><ele>316.5</ele></trkpt><trkpt lat="37.912422" lon="-122.252716"><ele>316.8</ele></trkpt><trkpt lat="37.912485" lon="-122.252676"><ele>316.9</ele></trkpt><trkpt lat="37.912557" lon="-122.252610"><ele>317.0</ele></trkpt><trkpt lat="37.912610" lon="-122.252541"><ele>317.2</ele></trkpt><trkpt lat="37.912684" lon="-122.252394"><ele>317.5</ele></trkpt><trkpt lat="37.912778" lon="-122.252208"><ele>318.2</ele></trkpt><trkpt lat="37.912857" lon="-122.252085"><ele>318.7</ele></trkpt><trkpt lat="37.912928" lon="-122.252003"><ele>319.0</ele></trkpt><trkpt lat="37.913001" lon="-122.251955"><ele>319.4</ele></trkpt><trkpt lat="37.913075" lon="-122.251942"><ele>319.5</ele></trkpt><trkpt lat="37.913161" lon="-122.251957"><ele>319.7</ele></trkpt><trkpt lat="37.913261" lon="-122.252005"><ele>319.9</ele></trkpt><trkpt lat="37.913326" lon="-122.252054"><ele>320.0</ele></trkpt><trkpt lat="37.913627" lon="-122.252280"><ele>320.0</ele></trkpt><trkpt lat="37.913726" lon="-122.252327"><ele>319.8</ele></trkpt><trkpt lat="37.913807" lon="-122.252335"><ele>319.6</ele></trkpt><trkpt lat="37.913884" lon="-122.252327"><ele>319.4</ele></trkpt><trkpt lat="37.913956" lon="-122.252286"><ele>319.3</ele></trkpt><trkpt lat="37.914024" lon="-122.252218"><ele>319.0</ele></trkpt><trkpt lat="37.914070" lon="-122.251982"><ele>317.9</ele></trkpt><trkpt lat="37.914085" lon="-122.251772"><ele>317.0</ele></trkpt><trkpt lat="37.914141" lon="-122.251650"><ele>316.4</ele></trkpt><trkpt lat="37.914232" lon="-122.251542"><ele>315.7</ele></trkpt><trkpt lat="37.914327" lon="-122.251462"><ele>315.1</ele></trkpt><trkpt lat="37.914443" lon="-122.251394"><ele>314.5</ele></trkpt><trkpt lat="37.914675" lon="-122.251299"><ele>313.2</ele></trkpt><trkpt lat="37.914793" lon="-122.251235"><ele>312.6</ele></trkpt><trkpt lat="37.914974" lon="-122.251128"><ele>311.6</ele></trkpt><trkpt lat="37.915064" lon="-122.251103"><ele>311.1</ele></trkpt><trkpt lat="37.915138" lon="-122.251100"><ele>310.7</ele></trkpt><trkpt lat="37.915254" lon="-122.251122"><ele>310.1</ele></trkpt><trkpt lat="37.915352" lon="-122.251174"><ele>309.5</ele></trkpt><trkpt lat="37.915446" lon="-122.251262"><ele>308.8</ele></trkpt><trkpt lat="37.915544" lon="-122.251392"><ele>308.0</ele></trkpt><trkpt lat="37.915599" lon="-122.251535"><ele>307.4</ele></trkpt><trkpt lat="37.915726" lon="-122.251913"><ele>306.3</ele></trkpt><trkpt lat="37.915827" lon="-122.252212"><ele>305.8</ele></trkpt><trkpt lat="37.915936" lon="-122.252508"><ele>305.9</ele></trkpt><trkpt lat="37.916019" lon="-122.252697"><ele>306.0</ele></trkpt><trkpt lat="37.916132" lon="-122.252874"><ele>305.9</ele></trkpt><trkpt lat="37.916264" lon="-122.253021"><ele>305.8</ele></trkpt><trkpt lat="37.916445" lon="-122.253179"><ele>305.7</ele></trkpt><trkpt lat="37.916521" lon="-122.253234"><ele>305.6</ele></trkpt><trkpt lat="37.916621" lon="-122.253306"><ele>305.5</ele></trkpt><trkpt lat="37.916702" lon="-122.253341"><ele>305.4</ele></trkpt><trkpt lat="37.916810" lon="-122.253365"><ele>305.3</ele></trkpt><trkpt lat="37.916939" lon="-122.253364"><ele>305.1</ele></trkpt><trkpt lat="37.917083" lon="-122.253370"><ele>305.3</ele></trkpt><trkpt lat="37.917110" lon="-122.253374"><ele>305.4</ele></trkpt><trkpt lat="37.917154" lon="-122.253381"><ele>305.4</ele></trkpt><trkpt lat="37.917222" lon="-122.253419"><ele>305.6</ele></trkpt><trkpt lat="37.917300" lon="-122.253485"><ele>305.7</ele></trkpt><trkpt lat="37.917338" lon="-122.253531"><ele>305.8</ele></trkpt><trkpt lat="37.917378" lon="-122.253580"><ele>305.9</ele></trkpt><trkpt lat="37.917446" lon="-122.253719"><ele>306.3</ele></trkpt><trkpt lat="37.917537" lon="-122.253953"><ele>307.1</ele></trkpt><trkpt lat="37.917621" lon="-122.254107"><ele>307.7</ele></trkpt><trkpt lat="37.917719" lon="-122.254209"><ele>308.2</ele></trkpt><trkpt lat="37.917810" lon="-122.254261"><ele>308.7</ele></trkpt><trkpt lat="37.917942" lon="-122.254289"><ele>309.3</ele></trkpt><trkpt lat="37.918021" lon="-122.254284"><ele>309.6</ele></trkpt><trkpt lat="37.918057" lon="-122.254282"><ele>309.8</ele></trkpt><trkpt lat="37.918180" lon="-122.254235"><ele>310.4</ele></trkpt><trkpt lat="37.918477" lon="-122.253996"><ele>311.6</ele></trkpt><trkpt lat="37.918644" lon="-122.253745"><ele>312.5</ele></trkpt><trkpt lat="37.918807" lon="-122.253644"><ele>313.9</ele></trkpt><trkpt lat="37.918896" lon="-122.253636"><ele>314.6</ele></trkpt><trkpt lat="37.919079" lon="-122.253651"><ele>316.1</ele></trkpt><trkpt lat="37.919187" lon="-122.253688"><ele>317.0</ele></trkpt><trkpt lat="37.919228" lon="-122.253702"><ele>317.4</ele></trkpt><trkpt lat="37.919357" lon="-122.253777"><ele>318.8</ele></trkpt><trkpt lat="37.919478" lon="-122.253865"><ele>320.2</ele></trkpt><trkpt lat="37.919690" lon="-122.254022"><ele>322.6</ele></trkpt><trkpt lat="37.919792" lon="-122.254145"><ele>324.2</ele></trkpt><trkpt lat="37.919855" lon="-122.254294"><ele>325.6</ele></trkpt><trkpt lat="37.919891" lon="-122.254489"><ele>327.4</ele></trkpt><trkpt lat="37.919980" lon="-122.254843"><ele>329.8</ele></trkpt><trkpt lat="37.920017" lon="-122.254978"><ele>330.6</ele></trkpt><trkpt lat="37.920013" lon="-122.255185"><ele>331.8</ele></trkpt><trkpt lat="37.920015" lon="-122.255602"><ele>334.4</ele></trkpt><trkpt lat="37.920019" lon="-122.255926"><ele>336.3</ele></trkpt><trkpt lat="37.920015" lon="-122.256146"><ele>336.5</ele></trkpt><trkpt lat="37.919975" lon="-122.256411"><ele>336.9</ele></trkpt><trkpt lat="37.919921" lon="-122.256545"><ele>337.1</ele></trkpt><trkpt lat="37.919731" lon="-122.256790"><ele>336.5</ele></trkpt><trkpt lat="37.919631" lon="-122.256932"><ele>336.2</ele></trkpt><trkpt lat="37.919568" lon="-122.257078"><ele>335.9</ele></trkpt><trkpt lat="37.919533" lon="-122.257252"><ele>334.8</ele></trkpt><trkpt lat="37.919533" lon="-122.257495"><ele>333.4</ele></trkpt><trkpt lat="37.919555" lon="-122.257698"><ele>332.2</ele></trkpt><trkpt lat="37.919810" lon="-122.258435"><ele>327.5</ele></trkpt><trkpt lat="37.919917" lon="-122.258780"><ele>325.6</ele></trkpt><trkpt lat="37.919951" lon="-122.258877"><ele>325.0</ele></trkpt><trkpt lat="37.920004" lon="-122.259034"><ele>324.2</ele></trkpt><trkpt lat="37.920072" lon="-122.259215"><ele>323.3</ele></trkpt><trkpt lat="37.920187" lon="-122.259463"><ele>322.0</ele></trkpt><trkpt lat="37.920292" lon="-122.259599"><ele>321.2</ele></trkpt><trkpt lat="37.920379" lon="-122.259656"><ele>320.7</ele></trkpt><trkpt lat="37.920585" lon="-122.259909"><ele>319.4</ele></trkpt><trkpt lat="37.920660" lon="-122.260112"><ele>318.8</ele></trkpt><trkpt lat="37.920827" lon="-122.260592"><ele>318.6</ele></trkpt><trkpt lat="37.920882" lon="-122.260739"><ele>318.6</ele></trkpt><trkpt lat="37.920966" lon="-122.260888"><ele>319.0</ele></trkpt><trkpt lat="37.921106" lon="-122.261032"><ele>319.4</ele></trkpt><trkpt lat="37.921228" lon="-122.261119"><ele>319.7</ele></trkpt><trkpt lat="37.921575" lon="-122.261369"><ele>320.8</ele></trkpt><trkpt lat="37.921820" lon="-122.261673"><ele>321.5</ele></trkpt><trkpt lat="37.922275" lon="-122.261876"><ele>322.0</ele></trkpt><trkpt lat="37.922360" lon="-122.261951"><ele>322.1</ele></trkpt><trkpt lat="37.922512" lon="-122.262128"><ele>322.3</ele></trkpt><trkpt lat="37.922614" lon="-122.262225"><ele>322.5</ele></trkpt><trkpt lat="37.922711" lon="-122.262273"><ele>322.5</ele></trkpt><trkpt lat="37.922813" lon="-122.262257"><ele>322.5</ele></trkpt><trkpt lat="37.923160" lon="-122.261973"><ele>322.6</ele></trkpt><trkpt lat="37.923371" lon="-122.261844"><ele>323.0</ele></trkpt><trkpt lat="37.923511" lon="-122.261822"><ele>323.3</ele></trkpt><trkpt lat="37.923697" lon="-122.261855"><ele>323.8</ele></trkpt><trkpt lat="37.923890" lon="-122.261953"><ele>324.7</ele></trkpt><trkpt lat="37.924005" lon="-122.262105"><ele>325.3</ele></trkpt><trkpt lat="37.924079" lon="-122.262238"><ele>326.0</ele></trkpt><trkpt lat="37.924013" lon="-122.262323"><ele>326.6</ele></trkpt><trkpt lat="37.923922" lon="-122.262365"><ele>327.1</ele></trkpt><trkpt lat="37.923721" lon="-122.262402"><ele>328.4</ele></trkpt><trkpt lat="37.923520" lon="-122.262424"><ele>329.7</ele></trkpt><trkpt lat="37.923366" lon="-122.262497"><ele>330.8</ele></trkpt><trkpt lat="37.923140" lon="-122.262689"><ele>332.7</ele></trkpt><trkpt lat="37.922960" lon="-122.262821"><ele>334.2</ele></trkpt><trkpt lat="37.922766" lon="-122.262931"><ele>335.8</ele></trkpt><trkpt lat="37.922325" lon="-122.263016"><ele>338.6</ele></trkpt><trkpt lat="37.921695" lon="-122.263156"><ele>341.3</ele></trkpt><trkpt lat="37.921447" lon="-122.263235"><ele>342.3</ele></trkpt><trkpt lat="37.921321" lon="-122.263339"><ele>342.9</ele></trkpt><trkpt lat="37.921258" lon="-122.263433"><ele>343.3</ele></trkpt><trkpt lat="37.921235" lon="-122.263582"><ele>343.7</ele></trkpt><trkpt lat="37.921277" lon="-122.263777"><ele>344.2</ele></trkpt><trkpt lat="37.921359" lon="-122.263970"><ele>344.7</ele></trkpt><trkpt lat="37.921694" lon="-122.264705"><ele>346.3</ele></trkpt><trkpt lat="37.921760" lon="-122.264963"><ele>346.6</ele></trkpt><trkpt lat="37.921847" lon="-122.265300"><ele>346.6</ele></trkpt><trkpt lat="37.922030" lon="-122.265790"><ele>346.9</ele></trkpt><trkpt lat="37.922099" lon="-122.265982"><ele>347.1</ele></trkpt><trkpt lat="37.922177" lon="-122.266228"><ele>347.0</ele></trkpt><trkpt lat="37.922217" lon="-122.266406"><ele>346.7</ele></trkpt><trkpt lat="37.922299" lon="-122.266596"><ele>346.4</ele></trkpt><trkpt lat="37.922380" lon="-122.266743"><ele>346.1</ele></trkpt><trkpt lat="37.922454" lon="-122.266837"><ele>345.8</ele></trkpt><trkpt lat="37.922622" lon="-122.266991"><ele>345.1</ele></trkpt><trkpt lat="37.922751" lon="-122.267123"><ele>344.5</ele></trkpt><trkpt lat="37.923261" lon="-122.267747"><ele>342.9</ele></trkpt><trkpt lat="37.923426" lon="-122.267938"><ele>341.8</ele></trkpt><trkpt lat="37.923539" lon="-122.268092"><ele>341.1</ele></trkpt><trkpt lat="37.923647" lon="-122.268294"><ele>339.5</ele></trkpt><trkpt lat="37.923774" lon="-122.268693"><ele>336.7</ele></trkpt><trkpt lat="37.923848" lon="-122.268820"><ele>335.9</ele></trkpt><trkpt lat="37.924004" lon="-122.269007"><ele>334.7</ele></trkpt><trkpt lat="37.924169" lon="-122.269199"><ele>333.4</ele></trkpt><trkpt lat="37.924262" lon="-122.269346"><ele>332.9</ele></trkpt><trkpt lat="37.924325" lon="-122.269480"><ele>332.5</ele></trkpt><trkpt lat="37.924449" lon="-122.269800"><ele>331.5</ele></trkpt><trkpt lat="37.924570" lon="-122.270028"><ele>329.9</ele></trkpt><trkpt lat="37.924644" lon="-122.270149"><ele>329.0</ele></trkpt><trkpt lat="37.924754" lon="-122.270292"><ele>327.8</ele></trkpt><trkpt lat="37.924916" lon="-122.270445"><ele>326.6</ele></trkpt><trkpt lat="37.924978" lon="-122.270569"><ele>325.9</ele></trkpt><trkpt lat="37.925034" lon="-122.270811"><ele>324.6</ele></trkpt><trkpt lat="37.925118" lon="-122.270990"><ele>323.7</ele></trkpt><trkpt lat="37.925192" lon="-122.271113"><ele>323.1</ele></trkpt><trkpt lat="37.925435" lon="-122.271424"><ele>321.3</ele></trkpt><trkpt lat="37.925731" lon="-122.271826"><ele>318.6</ele></trkpt><trkpt lat="37.925888" lon="-122.272087"><ele>316.7</ele></trkpt><trkpt lat="37.926039" lon="-122.272388"><ele>314.5</ele></trkpt><trkpt lat="37.926097" lon="-122.272532"><ele>313.5</ele></trkpt><trkpt lat="37.926171" lon="-122.272740"><ele>312.1</ele></trkpt><trkpt lat="37.926305" lon="-122.273099"><ele>309.6</ele></trkpt><trkpt lat="37.926391" lon="-122.273254"><ele>308.5</ele></trkpt><trkpt lat="37.926510" lon="-122.273412"><ele>307.2</ele></trkpt><trkpt lat="37.926758" lon="-122.273704"><ele>304.8</ele></trkpt><trkpt lat="37.927142" lon="-122.274069"><ele>301.6</ele></trkpt><trkpt lat="37.927320" lon="-122.274265"><ele>300.1</ele></trkpt><trkpt lat="37.927508" lon="-122.274501"><ele>298.5</ele></trkpt><trkpt lat="37.927659" lon="-122.274730"><ele>296.8</ele></trkpt><trkpt lat="37.927906" lon="-122.275243"><ele>292.9</ele></trkpt><trkpt lat="37.927971" lon="-122.275414"><ele>291.5</ele></trkpt><trkpt lat="37.928065" lon="-122.275792"><ele>288.4</ele></trkpt><trkpt lat="37.928149" lon="-122.275956"><ele>286.7</ele></trkpt><trkpt lat="37.928219" lon="-122.276013"><ele>285.8</ele></trkpt><trkpt lat="37.928689" lon="-122.276267"><ele>279.7</ele></trkpt><trkpt lat="37.929001" lon="-122.276375"><ele>275.4</ele></trkpt><trkpt lat="37.929121" lon="-122.276441"><ele>273.5</ele></trkpt><trkpt lat="37.929213" lon="-122.276529"><ele>271.8</ele></trkpt><trkpt lat="37.929310" lon="-122.276676"><ele>269.6</ele></trkpt><trkpt lat="37.929310" lon="-122.276676"><ele>269.6</ele></trkpt><trkpt lat="37.929343" lon="-122.276764"><ele>268.4</ele></trkpt><trkpt lat="37.929351" lon="-122.276845"><ele>267.3</ele></trkpt><trkpt lat="37.929338" lon="-122.276929"><ele>266.2</ele></trkpt><trkpt lat="37.929218" lon="-122.277203"><ele>262.1</ele></trkpt><trkpt lat="37.929189" lon="-122.277354"><ele>260.1</ele></trkpt><trkpt lat="37.929201" lon="-122.277510"><ele>258.6</ele></trkpt><trkpt lat="37.929251" lon="-122.277791"><ele>255.9</ele></trkpt><trkpt lat="37.929449" lon="-122.278385"><ele>250.3</ele></trkpt><trkpt lat="37.929544" lon="-122.278614"><ele>248.2</ele></trkpt><trkpt lat="37.929641" lon="-122.278782"><ele>246.4</ele></trkpt><trkpt lat="37.929762" lon="-122.278897"><ele>244.8</ele></trkpt><trkpt lat="37.929886" lon="-122.278983"><ele>243.3</ele></trkpt><trkpt lat="37.930283" lon="-122.279190"><ele>238.2</ele></trkpt><trkpt lat="37.930434" lon="-122.279305"><ele>236.1</ele></trkpt><trkpt lat="37.930552" lon="-122.279445"><ele>234.3</ele></trkpt><trkpt lat="37.930613" lon="-122.279554"><ele>233.3</ele></trkpt><trkpt lat="37.930777" lon="-122.279912"><ele>229.9</ele></trkpt><trkpt lat="37.930890" lon="-122.280130"><ele>227.4</ele></trkpt><trkpt lat="37.930987" lon="-122.280264"><ele>225.7</ele></trkpt><trkpt lat="37.931102" lon="-122.280366"><ele>224.0</ele></trkpt><trkpt lat="37.931374" lon="-122.280582"><ele>220.2</ele></trkpt><trkpt lat="37.931539" lon="-122.280715"><ele>217.9</ele></trkpt><trkpt lat="37.931625" lon="-122.280822"><ele>216.7</ele></trkpt><trkpt lat="37.931698" lon="-122.280934"><ele>215.7</ele></trkpt><trkpt lat="37.931844" lon="-122.281191"><ele>213.4</ele></trkpt><trkpt lat="37.931930" lon="-122.281331"><ele>212.3</ele></trkpt><trkpt lat="37.932061" lon="-122.281518"><ele>211.0</ele></trkpt><trkpt lat="37.932188" lon="-122.281716"><ele>209.8</ele></trkpt><trkpt lat="37.932295" lon="-122.281954"><ele>208.4</ele></trkpt><trkpt lat="37.932348" lon="-122.282154"><ele>207.4</ele></trkpt><trkpt lat="37.932655" lon="-122.283000"><ele>202.3</ele></trkpt><trkpt lat="37.932735" lon="-122.283120"><ele>201.4</ele></trkpt><trkpt lat="37.932844" lon="-122.283222"><ele>200.3</ele></trkpt><trkpt lat="37.933232" lon="-122.283452"><ele>196.7</ele></trkpt><trkpt lat="37.933287" lon="-122.283524"><ele>195.7</ele></trkpt><trkpt lat="37.933323" lon="-122.283622"><ele>194.7</ele></trkpt><trkpt lat="37.933329" lon="-122.283798"><ele>193.0</ele></trkpt><trkpt lat="37.933354" lon="-122.283893"><ele>192.1</ele></trkpt><trkpt lat="37.933414" lon="-122.284015"><ele>190.7</ele></trkpt><trkpt lat="37.933454" lon="-122.284099"><ele>189.6</ele></trkpt><trkpt lat="37.933458" lon="-122.284221"><ele>188.2</ele></trkpt><trkpt lat="37.933423" lon="-122.284339"><ele>186.8</ele></trkpt><trkpt lat="37.933369" lon="-122.284397"><ele>185.8</ele></trkpt><trkpt lat="37.933307" lon="-122.284413"><ele>184.9</ele></trkpt><trkpt lat="37.933233" lon="-122.284412"><ele>183.8</ele></trkpt><trkpt lat="37.933183" lon="-122.284450"><ele>183.0</ele></trkpt><trkpt lat="37.933165" lon="-122.284500"><ele>182.3</ele></trkpt><trkpt lat="37.933167" lon="-122.284547"><ele>181.8</ele></trkpt><trkpt lat="37.933189" lon="-122.284594"><ele>181.1</ele></trkpt><trkpt lat="37.933258" lon="-122.284693"><ele>179.6</ele></trkpt><trkpt lat="37.933285" lon="-122.284791"><ele>178.4</ele></trkpt><trkpt lat="37.933294" lon="-122.284938"><ele>176.6</ele></trkpt><trkpt lat="37.933286" lon="-122.285071"><ele>175.0</ele></trkpt><trkpt lat="37.933259" lon="-122.285226"><ele>172.6</ele></trkpt><trkpt lat="37.933204" lon="-122.285381"><ele>170.1</ele></trkpt><trkpt lat="37.933082" lon="-122.285604"><ele>166.1</ele></trkpt><trkpt lat="37.933050" lon="-122.285698"><ele>164.7</ele></trkpt><trkpt lat="37.933039" lon="-122.285804"><ele>163.5</ele></trkpt><trkpt lat="37.933057" lon="-122.285891"><ele>162.4</ele></trkpt><trkpt lat="37.933246" lon="-122.286326"><ele>156.7</ele></trkpt><trkpt lat="37.933258" lon="-122.286383"><ele>156.2</ele></trkpt><trkpt lat="37.933255" lon="-122.286429"><ele>155.8</ele></trkpt><trkpt lat="37.933247" lon="-122.286464"><ele>155.4</ele></trkpt><trkpt lat="37.933224" lon="-122.286482"><ele>155.1</ele></trkpt><trkpt lat="37.933195" lon="-122.286484"><ele>154.7</ele></trkpt><trkpt lat="37.933166" lon="-122.286474"><ele>154.4</ele></trkpt><trkpt lat="37.933120" lon="-122.286435"><ele>153.7</ele></trkpt><trkpt lat="37.933042" lon="-122.286381"><ele>152.7</ele></trkpt><trkpt lat="37.932890" lon="-122.286331"><ele>150.8</ele></trkpt><trkpt lat="37.932738" lon="-122.286298"><ele>149.1</ele></trkpt><trkpt lat="37.932567" lon="-122.286283"><ele>147.2</ele></trkpt><trkpt lat="37.932495" lon="-122.286246"><ele>146.4</ele></trkpt><trkpt lat="37.932354" lon="-122.286210"><ele>144.8</ele></trkpt><trkpt lat="37.932315" lon="-122.286209"><ele>144.4</ele></trkpt><trkpt lat="37.932207" lon="-122.286235"><ele>143.5</ele></trkpt><trkpt lat="37.932283" lon="-122.286272"><ele>142.8</ele></trkpt><trkpt lat="37.932355" lon="-122.286320"><ele>142.1</ele></trkpt><trkpt lat="37.932416" lon="-122.286371"><ele>141.5</ele></trkpt><trkpt lat="37.932469" lon="-122.286428"><ele>140.9</ele></trkpt><trkpt lat="37.932527" lon="-122.286495"><ele>140.3</ele></trkpt><trkpt lat="37.932598" lon="-122.286602"><ele>139.5</ele></trkpt><trkpt lat="37.932714" lon="-122.286793"><ele>138.2</ele></trkpt><trkpt lat="37.932829" lon="-122.286971"><ele>137.0</ele></trkpt><trkpt lat="37.932887" lon="-122.287044"><ele>136.3</ele></trkpt><trkpt lat="37.932949" lon="-122.287110"><ele>135.4</ele></trkpt><trkpt lat="37.933057" lon="-122.287213"><ele>133.9</ele></trkpt><trkpt lat="37.933140" lon="-122.287279"><ele>132.8</ele></trkpt><trkpt lat="37.933275" lon="-122.287364"><ele>131.2</ele></trkpt><trkpt lat="37.933378" lon="-122.287439"><ele>129.8</ele></trkpt><trkpt lat="37.933449" lon="-122.287517"><ele>128.7</ele></trkpt><trkpt lat="37.933509" lon="-122.287600"><ele>127.6</ele></trkpt><trkpt lat="37.933587" lon="-122.287739"><ele>126.0</ele></trkpt><trkpt lat="37.933670" lon="-122.287895"><ele>124.3</ele></trkpt><trkpt lat="37.933824" lon="-122.288226"><ele>122.3</ele></trkpt><trkpt lat="37.933910" lon="-122.288406"><ele>121.2</ele></trkpt><trkpt lat="37.933952" lon="-122.288490"><ele>120.7</ele></trkpt><trkpt lat="37.933990" lon="-122.288583"><ele>120.3</ele></trkpt><trkpt lat="37.934012" lon="-122.288671"><ele>119.9</ele></trkpt><trkpt lat="37.934031" lon="-122.288776"><ele>119.5</ele></trkpt><trkpt lat="37.934043" lon="-122.288909"><ele>119.0</ele></trkpt><trkpt lat="37.934077" lon="-122.289031"><ele>118.4</ele></trkpt><trkpt lat="37.934210" lon="-122.289354"><ele>117.5</ele></trkpt><trkpt lat="37.934288" lon="-122.289526"><ele>117.2</ele></trkpt><trkpt lat="37.934456" lon="-122.289897"><ele>116.8</ele></trkpt><trkpt lat="37.934516" lon="-122.290052"><ele>116.9</ele></trkpt><trkpt lat="37.934577" lon="-122.290251"><ele>117.0</ele></trkpt><trkpt lat="37.934638" lon="-122.290546"><ele>116.9</ele></trkpt><trkpt lat="37.934683" lon="-122.290788"><ele>116.7</ele></trkpt><trkpt lat="37.934708" lon="-122.290903"><ele>116.5</ele></trkpt><trkpt lat="37.934748" lon="-122.291021"><ele>116.4</ele></trkpt><trkpt lat="37.934789" lon="-122.291100"><ele>116.4</ele></trkpt><trkpt lat="37.934829" lon="-122.291158"><ele>116.4</ele></trkpt><trkpt lat="37.934955" lon="-122.291341"><ele>116.3</ele></trkpt><trkpt lat="37.935065" lon="-122.291487"><ele>116.2</ele></trkpt><trkpt lat="37.935251" lon="-122.291743"><ele>115.8</ele></trkpt><trkpt lat="37.935313" lon="-122.291848"><ele>115.6</ele></trkpt><trkpt lat="37.935371" lon="-122.292001"><ele>115.4</ele></trkpt><trkpt lat="37.935425" lon="-122.292238"><ele>115.2</ele></trkpt><trkpt lat="37.935438" lon="-122.292283"><ele>115.1</ele></trkpt><trkpt lat="37.935458" lon="-122.292349"><ele>115.1</ele></trkpt><trkpt lat="37.935499" lon="-122.292467"><ele>115.0</ele></trkpt><trkpt lat="37.935543" lon="-122.292593"><ele>115.0</ele></trkpt><trkpt lat="37.935636" lon="-122.292849"><ele>114.9</ele></trkpt><trkpt lat="37.935691" lon="-122.293017"><ele>114.8</ele></trkpt><trkpt lat="37.935735" lon="-122.293149"><ele>114.7</ele></trkpt><trkpt lat="37.935780" lon="-122.293221"><ele>114.7</ele></trkpt><trkpt lat="37.935830" lon="-122.293269"><ele>114.6</ele></trkpt><trkpt lat="37.935884" lon="-122.293301"><ele>114.6</ele></trkpt><trkpt lat="37.935974" lon="-122.293341"><ele>114.8</ele></trkpt><trkpt lat="37.936036" lon="-122.293385"><ele>115.0</ele></trkpt><trkpt lat="37.936078" lon="-122.293430"><ele>115.1</ele></trkpt><trkpt lat="37.936106" lon="-122.293482"><ele>115.2</ele></trkpt><trkpt lat="37.936129" lon="-122.293587"><ele>115.4</ele></trkpt><trkpt lat="37.936146" lon="-122.293818"><ele>115.8</ele></trkpt><trkpt lat="37.936161" lon="-122.293923"><ele>115.7</ele></trkpt><trkpt lat="37.936186" lon="-122.294038"><ele>115.6</ele></trkpt><trkpt lat="37.936212" lon="-122.294139"><ele>115.5</ele></trkpt><trkpt lat="37.936252" lon="-122.294251"><ele>115.4</ele></trkpt><trkpt lat="37.936304" lon="-122.294356"><ele>115.3</ele></trkpt><trkpt lat="37.936466" lon="-122.294616"><ele>115.5</ele></trkpt><trkpt lat="37.936573" lon="-122.294777"><ele>115.8</ele></trkpt><trkpt lat="37.936658" lon="-122.294957"><ele>116.1</ele></trkpt><trkpt lat="37.936744" lon="-122.295180"><ele>116.1</ele></trkpt><trkpt lat="37.936826" lon="-122.295431"><ele>116.1</ele></trkpt><trkpt lat="37.936852" lon="-122.295560"><ele>116.1</ele></trkpt><trkpt lat="37.936869" lon="-122.295687"><ele>116.2</ele></trkpt><trkpt lat="37.936871" lon="-122.295851"><ele>116.4</ele></trkpt><trkpt lat="37.936862" lon="-122.296027"><ele>116.7</ele></trkpt><trkpt lat="37.936860" lon="-122.296221"><ele>116.9</ele></trkpt><trkpt lat="37.936867" lon="-122.296339"><ele>117.0</ele></trkpt><trkpt lat="37.936895" lon="-122.296406"><ele>117.0</ele></trkpt><trkpt lat="37.936966" lon="-122.296525"><ele>117.0</ele></trkpt><trkpt lat="37.937018" lon="-122.296612"><ele>117.0</ele></trkpt><trkpt lat="37.937081" lon="-122.296697"><ele>117.0</ele></trkpt><trkpt lat="37.937181" lon="-122.296828"><ele>117.0</ele></trkpt><trkpt lat="37.937275" lon="-122.296963"><ele>117.1</ele></trkpt><trkpt lat="37.937325" lon="-122.297076"><ele>117.2</ele></trkpt><trkpt lat="37.937375" lon="-122.297177"><ele>117.2</ele></trkpt><trkpt lat="37.937483" lon="-122.297366"><ele>117.3</ele></trkpt><trkpt lat="37.937621" lon="-122.297562"><ele>116.7</ele></trkpt><trkpt lat="37.937737" lon="-122.297768"><ele>116.1</ele></trkpt><trkpt lat="37.937839" lon="-122.297932"><ele>115.5</ele></trkpt><trkpt lat="37.937985" lon="-122.298149"><ele>115.5</ele></trkpt><trkpt lat="37.938071" lon="-122.298254"><ele>115.5</ele></trkpt><trkpt lat="37.938148" lon="-122.298327"><ele>115.5</ele></trkpt><trkpt lat="37.938224" lon="-122.298386"><ele>115.5</ele></trkpt><trkpt lat="37.938305" lon="-122.298432"><ele>115.3</ele></trkpt><trkpt lat="37.938382" lon="-122.298459"><ele>115.2</ele></trkpt><trkpt lat="37.938473" lon="-122.298472"><ele>114.9</ele></trkpt><trkpt lat="37.938549" lon="-122.298474"><ele>114.8</ele></trkpt><trkpt lat="37.938623" lon="-122.298466"><ele>114.6</ele></trkpt><trkpt lat="37.938706" lon="-122.298444"><ele>114.4</ele></trkpt><trkpt lat="37.938771" lon="-122.298413"><ele>114.3</ele></trkpt><trkpt lat="37.938818" lon="-122.298373"><ele>114.2</ele></trkpt><trkpt lat="37.938927" lon="-122.298267"><ele>114.1</ele></trkpt><trkpt lat="37.938987" lon="-122.298239"><ele>114.0</ele></trkpt><trkpt lat="37.939042" lon="-122.298241"><ele>113.9</ele></trkpt><trkpt lat="37.939084" lon="-122.298274"><ele>113.9</ele></trkpt><trkpt lat="37.939108" lon="-122.298327"><ele>113.8</ele></trkpt><trkpt lat="37.939121" lon="-122.298407"><ele>113.8</ele></trkpt><trkpt lat="37.939120" lon="-122.298505"><ele>113.7</ele></trkpt><trkpt lat="37.939118" lon="-122.298616"><ele>113.7</ele></trkpt><trkpt lat="37.939129" lon="-122.298748"><ele>113.7</ele></trkpt><trkpt lat="37.939152" lon="-122.298845"><ele>113.7</ele></trkpt><trkpt lat="37.939191" lon="-122.298924"><ele>113.7</ele></trkpt><trkpt lat="37.939310" lon="-122.299084"><ele>113.7</ele></trkpt><trkpt lat="37.939389" lon="-122.299176"><ele>113.6</ele></trkpt><trkpt lat="37.939492" lon="-122.299275"><ele>113.6</ele></trkpt><trkpt lat="37.939573" lon="-122.299373"><ele>113.5</ele></trkpt><trkpt lat="37.939687" lon="-122.299532"><ele>113.4</ele></trkpt><trkpt lat="37.939794" lon="-122.299690"><ele>113.0</ele></trkpt><trkpt lat="37.939854" lon="-122.299760"><ele>112.7</ele></trkpt><trkpt lat="37.939939" lon="-122.299830"><ele>112.4</ele></trkpt><trkpt lat="37.940020" lon="-122.299875"><ele>112.2</ele></trkpt><trkpt lat="37.940098" lon="-122.299897"><ele>112.0</ele></trkpt><trkpt lat="37.940205" lon="-122.299931"><ele>111.9</ele></trkpt><trkpt lat="37.940279" lon="-122.299976"><ele>111.9</ele></trkpt><trkpt lat="37.940332" lon="-122.300017"><ele>111.9</ele></trkpt><trkpt lat="37.940452" lon="-122.300120"><ele>111.9</ele></trkpt><trkpt lat="37.940539" lon="-122.300218"><ele>111.9</ele></trkpt><trkpt lat="37.940641" lon="-122.300350"><ele>111.9</ele></trkpt><trkpt lat="37.940725" lon="-122.300495"><ele>111.9</ele></trkpt><trkpt lat="37.940831" lon="-122.300637"><ele>111.9</ele></trkpt><trkpt lat="37.940928" lon="-122.300749"><ele>111.9</ele></trkpt><trkpt lat="37.941011" lon="-122.300889"><ele>111.7</ele></trkpt><trkpt lat="37.941092" lon="-122.301061"><ele>111.4</ele></trkpt><trkpt lat="37.941133" lon="-122.301172"><ele>111.3</ele></trkpt><trkpt lat="37.941173" lon="-122.301291"><ele>111.1</ele></trkpt><trkpt lat="37.941234" lon="-122.301425"><ele>110.9</ele></trkpt><trkpt lat="37.941315" lon="-122.301578"><ele>110.6</ele></trkpt><trkpt lat="37.941427" lon="-122.301784"><ele>110.3</ele></trkpt><trkpt lat="37.941508" lon="-122.301929"><ele>110.1</ele></trkpt><trkpt lat="37.941555" lon="-122.301997"><ele>110.3</ele></trkpt><trkpt lat="37.941611" lon="-122.302059"><ele>110.6</ele></trkpt><trkpt lat="37.941665" lon="-122.302104"><ele>111.0</ele></trkpt><trkpt lat="37.941730" lon="-122.302132"><ele>111.3</ele></trkpt><trkpt lat="37.941809" lon="-122.302152"><ele>111.7</ele></trkpt><trkpt lat="37.941901" lon="-122.302158"><ele>112.2</ele></trkpt><trkpt lat="37.941988" lon="-122.302160"><ele>112.7</ele></trkpt><trkpt lat="37.942098" lon="-122.302168"><ele>113.2</ele></trkpt><trkpt lat="37.942167" lon="-122.302196"><ele>113.6</ele></trkpt><trkpt lat="37.942210" lon="-122.302224"><ele>113.8</ele></trkpt><trkpt lat="37.942237" lon="-122.302244"><ele>114.0</ele></trkpt><trkpt lat="37.942304" lon="-122.302300"><ele>114.4</ele></trkpt><trkpt lat="37.942393" lon="-122.302399"><ele>115.0</ele></trkpt><trkpt lat="37.942494" lon="-122.302502"><ele>115.2</ele></trkpt><trkpt lat="37.942548" lon="-122.302555"><ele>114.5</ele></trkpt><trkpt lat="37.942604" lon="-122.302589"><ele>113.9</ele></trkpt><trkpt lat="37.942670" lon="-122.302620"><ele>113.2</ele></trkpt><trkpt lat="37.942741" lon="-122.302632"><ele>112.5</ele></trkpt><trkpt lat="37.942809" lon="-122.302634"><ele>111.8</ele></trkpt><trkpt lat="37.942853" lon="-122.302708"><ele>111.0</ele></trkpt><trkpt lat="37.942914" lon="-122.302864"><ele>109.9</ele></trkpt><trkpt lat="37.942962" lon="-122.303024"><ele>109.6</ele></trkpt><trkpt lat="37.943010" lon="-122.303196"><ele>109.3</ele></trkpt><trkpt lat="37.943044" lon="-122.303329"><ele>109.1</ele></trkpt><trkpt lat="37.943086" lon="-122.303522"><ele>108.9</ele></trkpt><trkpt lat="37.943132" lon="-122.303800"><ele>109.7</ele></trkpt><trkpt lat="37.943181" lon="-122.304087"><ele>110.5</ele></trkpt><trkpt lat="37.943243" lon="-122.304440"><ele>110.1</ele></trkpt><trkpt lat="37.943300" lon="-122.304704"><ele>109.6</ele></trkpt><trkpt lat="37.943358" lon="-122.304899"><ele>109.3</ele></trkpt><trkpt lat="37.943406" lon="-122.305047"><ele>109.1</ele></trkpt><trkpt lat="37.943496" lon="-122.305262"><ele>108.7</ele></trkpt><trkpt lat="37.943603" lon="-122.305463"><ele>109.4</ele></trkpt><trkpt lat="37.943691" lon="-122.305621"><ele>111.4</ele></trkpt><trkpt lat="37.943765" lon="-122.305733"><ele>112.9</ele></trkpt><trkpt lat="37.943874" lon="-122.305866"><ele>114.9</ele></trkpt><trkpt lat="37.943995" lon="-122.305995"><ele>116.4</ele></trkpt><trkpt lat="37.944117" lon="-122.306113"><ele>117.5</ele></trkpt><trkpt lat="37.944261" lon="-122.306236"><ele>118.7</ele></trkpt><trkpt lat="37.944390" lon="-122.306335"><ele>119.5</ele></trkpt><trkpt lat="37.944735" lon="-122.306589"><ele>120.5</ele></trkpt><trkpt lat="37.945051" lon="-122.306803"><ele>120.4</ele></trkpt><trkpt lat="37.945447" lon="-122.307085"><ele>119.8</ele></trkpt><trkpt lat="37.945795" lon="-122.307325"><ele>119.3</ele></trkpt><trkpt lat="37.946155" lon="-122.307585"><ele>123.0</ele></trkpt><trkpt lat="37.946413" lon="-122.307752"><ele>125.6</ele></trkpt><trkpt lat="37.946629" lon="-122.307878"><ele>127.8</ele></trkpt><trkpt lat="37.946839" lon="-122.308041"><ele>130.2</ele></trkpt><trkpt lat="37.947278" lon="-122.308394"><ele>135.4</ele></trkpt><trkpt lat="37.947446" lon="-122.308523"><ele>137.0</ele></trkpt><trkpt lat="37.947878" lon="-122.308823"><ele>138.2</ele></trkpt><trkpt lat="37.948243" lon="-122.309083"><ele>135.6</ele></trkpt><trkpt lat="37.948454" lon="-122.309231"><ele>132.6</ele></trkpt><trkpt lat="37.948674" lon="-122.309401"><ele>129.5</ele></trkpt><trkpt lat="37.948977" lon="-122.309628"><ele>126.1</ele></trkpt><trkpt lat="37.949235" lon="-122.309809"><ele>123.0</ele></trkpt><trkpt lat="37.949615" lon="-122.310074"><ele>118.3</ele></trkpt><trkpt lat="37.950018" lon="-122.310371"><ele>114.3</ele></trkpt><trkpt lat="37.950264" lon="-122.310566"><ele>113.5</ele></trkpt><trkpt lat="37.950652" lon="-122.310829"><ele>112.8</ele></trkpt><trkpt lat="37.950781" lon="-122.310926"><ele>112.8</ele></trkpt><trkpt lat="37.951059" lon="-122.311137"><ele>112.5</ele></trkpt><trkpt lat="37.951334" lon="-122.311331"><ele>111.8</ele></trkpt><trkpt lat="37.951458" lon="-122.311468"><ele>111.2</ele></trkpt><trkpt lat="37.951567" lon="-122.311618"><ele>110.4</ele></trkpt><trkpt lat="37.951656" lon="-122.311758"><ele>109.6</ele></trkpt><trkpt lat="37.951719" lon="-122.311919"><ele>108.8</ele></trkpt><trkpt lat="37.951918" lon="-122.312422"><ele>106.5</ele></trkpt><trkpt lat="37.951987" lon="-122.312564"><ele>105.8</ele></trkpt><trkpt lat="37.952115" lon="-122.312919"><ele>105.9</ele></trkpt><trkpt lat="37.952144" lon="-122.313023"><ele>106.0</ele></trkpt><trkpt lat="37.952180" lon="-122.313170"><ele>106.1</ele></trkpt><trkpt lat="37.952247" lon="-122.313387"><ele>106.4</ele></trkpt><trkpt lat="37.952341" lon="-122.313618"><ele>106.9</ele></trkpt><trkpt lat="37.952402" lon="-122.313795"><ele>107.2</ele></trkpt><trkpt lat="37.952655" lon="-122.313787"><ele>108.6</ele></trkpt><trkpt lat="37.952692" lon="-122.313791"><ele>108.8</ele></trkpt><trkpt lat="37.952845" lon="-122.313805"><ele>109.6</ele></trkpt><trkpt lat="37.952954" lon="-122.313779"><ele>110.2</ele></trkpt><trkpt lat="37.953021" lon="-122.313685"><ele>111.6</ele></trkpt><trkpt lat="37.953085" lon="-122.313616"><ele>112.9</ele></trkpt><trkpt lat="37.953166" lon="-122.313616"><ele>114.2</ele></trkpt><trkpt lat="37.953238" lon="-122.313685"><ele>115.6</ele></trkpt><trkpt lat="37.953360" lon="-122.313600"><ele>117.8</ele></trkpt><trkpt lat="37.953499" lon="-122.313503"><ele>120.8</ele></trkpt><trkpt lat="37.953609" lon="-122.313348"><ele>124.3</ele></trkpt><trkpt lat="37.953812" lon="-122.313214"><ele>129.1</ele></trkpt><trkpt lat="37.953939" lon="-122.313037"><ele>133.3</ele></trkpt><trkpt lat="37.954028" lon="-122.312940"><ele>135.9</ele></trkpt><trkpt lat="37.954138" lon="-122.312913"><ele>138.5</ele></trkpt><trkpt lat="37.954265" lon="-122.312935"><ele>141.4</ele></trkpt><trkpt lat="37.954565" lon="-122.312833"><ele>148.1</ele></trkpt><trkpt lat="37.954743" lon="-122.312833"><ele>151.9</ele></trkpt><trkpt lat="37.954861" lon="-122.312736"><ele>154.9</ele></trkpt><trkpt lat="37.955018" lon="-122.312725"><ele>158.0</ele></trkpt><trkpt lat="37.955117" lon="-122.312677"><ele>160.1</ele></trkpt><trkpt lat="37.955133" lon="-122.312585"><ele>161.6</ele></trkpt><trkpt lat="37.955223" lon="-122.312430"><ele>164.6</ele></trkpt><trkpt lat="37.955274" lon="-122.312427"><ele>165.5</ele></trkpt><trkpt lat="37.955370" lon="-122.312467"><ele>167.2</ele></trkpt><trkpt lat="37.955460" lon="-122.312488"><ele>168.7</ele></trkpt><trkpt lat="37.955509" lon="-122.312487"><ele>169.5</ele></trkpt><trkpt lat="37.955615" lon="-122.312475"><ele>171.2</ele></trkpt><trkpt lat="37.955694" lon="-122.312452"><ele>172.5</ele></trkpt><trkpt lat="37.955844" lon="-122.312384"><ele>174.8</ele></trkpt><trkpt lat="37.955890" lon="-122.312342"><ele>175.5</ele></trkpt><trkpt lat="37.955936" lon="-122.312272"><ele>176.4</ele></trkpt><trkpt lat="37.956023" lon="-122.312111"><ele>178.2</ele></trkpt><trkpt lat="37.956014" lon="-122.312000"><ele>179.3</ele></trkpt><trkpt lat="37.956007" lon="-122.311832"><ele>180.8</ele></trkpt><trkpt lat="37.955973" lon="-122.311710"><ele>181.6</ele></trkpt><trkpt lat="37.955843" lon="-122.311528"><ele>183.3</ele></trkpt><trkpt lat="37.955804" lon="-122.311427"><ele>184.1</ele></trkpt><trkpt lat="37.955774" lon="-122.311277"><ele>185.1</ele></trkpt><trkpt lat="37.955721" lon="-122.311069"><ele>186.5</ele></trkpt><trkpt lat="37.955712" lon="-122.311038"><ele>186.7</ele></trkpt><trkpt lat="37.955697" lon="-122.310997"><ele>187.0</ele></trkpt><trkpt lat="37.955675" lon="-122.310908"><ele>187.5</ele></trkpt><trkpt lat="37.955646" lon="-122.310794"><ele>188.3</ele></trkpt><trkpt lat="37.955524" lon="-122.310583"><ele>189.5</ele></trkpt><trkpt lat="37.955483" lon="-122.310470"><ele>189.7</ele></trkpt><trkpt lat="37.955454" lon="-122.310365"><ele>189.9</ele></trkpt><trkpt lat="37.955453" lon="-122.310243"><ele>190.1</ele></trkpt><trkpt lat="37.955472" lon="-122.310194"><ele>190.2</ele></trkpt><trkpt lat="37.955505" lon="-122.310153"><ele>190.3</ele></trkpt><trkpt lat="37.955578" lon="-122.310109"><ele>190.5</ele></trkpt><trkpt lat="37.955742" lon="-122.310093"><ele>190.7</ele></trkpt><trkpt lat="37.955900" lon="-122.310057"><ele>190.8</ele></trkpt><trkpt lat="37.955996" lon="-122.309991"><ele>191.0</ele></trkpt><trkpt lat="37.955900" lon="-122.310057"><ele>191.1</ele></trkpt><trkpt lat="37.955742" lon="-122.310093"><ele>190.8</ele></trkpt><trkpt lat="37.955578" lon="-122.310109"><ele>190.4</ele></trkpt><trkpt lat="37.955505" lon="-122.310153"><ele>190.2</ele></trkpt><trkpt lat="37.955472" lon="-122.310194"><ele>190.1</ele></trkpt><trkpt lat="37.955453" lon="-122.310243"><ele>190.0</ele></trkpt><trkpt lat="37.955454" lon="-122.310365"><ele>189.7</ele></trkpt><trkpt lat="37.955483" lon="-122.310470"><ele>189.4</ele></trkpt><trkpt lat="37.955524" lon="-122.310583"><ele>189.0</ele></trkpt><trkpt lat="37.955646" lon="-122.310794"><ele>188.2</ele></trkpt><trkpt lat="37.955675" lon="-122.310908"><ele>187.8</ele></trkpt><trkpt lat="37.955697" lon="-122.310997"><ele>187.2</ele></trkpt><trkpt lat="37.955712" lon="-122.311038"><ele>186.8</ele></trkpt><trkpt lat="37.955721" lon="-122.311069"><ele>186.6</ele></trkpt><trkpt lat="37.955774" lon="-122.311277"><ele>185.1</ele></trkpt><trkpt lat="37.955804" lon="-122.311427"><ele>184.0</ele></trkpt><trkpt lat="37.955843" lon="-122.311528"><ele>183.2</ele></trkpt><trkpt lat="37.955973" lon="-122.311710"><ele>181.3</ele></trkpt><trkpt lat="37.956007" lon="-122.311832"><ele>180.2</ele></trkpt><trkpt lat="37.956014" lon="-122.312000"><ele>178.9</ele></trkpt><trkpt lat="37.956023" lon="-122.312111"><ele>178.0</ele></trkpt><trkpt lat="37.955936" lon="-122.312272"><ele>176.0</ele></trkpt><trkpt lat="37.955890" lon="-122.312342"><ele>175.0</ele></trkpt><trkpt lat="37.955844" lon="-122.312384"><ele>174.2</ele></trkpt><trkpt lat="37.955694" lon="-122.312452"><ele>171.9</ele></trkpt><trkpt lat="37.955615" lon="-122.312475"><ele>170.8</ele></trkpt><trkpt lat="37.955509" lon="-122.312487"><ele>169.2</ele></trkpt><trkpt lat="37.955460" lon="-122.312488"><ele>168.3</ele></trkpt><trkpt lat="37.955370" lon="-122.312467"><ele>166.8</ele></trkpt><trkpt lat="37.955274" lon="-122.312427"><ele>165.1</ele></trkpt><trkpt lat="37.955223" lon="-122.312430"><ele>164.2</ele></trkpt><trkpt lat="37.955133" lon="-122.312585"><ele>161.6</ele></trkpt><trkpt lat="37.955117" lon="-122.312677"><ele>160.3</ele></trkpt><trkpt lat="37.955018" lon="-122.312725"><ele>158.1</ele></trkpt><trkpt lat="37.954861" lon="-122.312736"><ele>154.9</ele></trkpt><trkpt lat="37.954743" lon="-122.312833"><ele>152.1</ele></trkpt><trkpt lat="37.954565" lon="-122.312833"><ele>148.3</ele></trkpt><trkpt lat="37.954265" lon="-122.312935"><ele>141.3</ele></trkpt><trkpt lat="37.954138" lon="-122.312913"><ele>138.4</ele></trkpt><trkpt lat="37.954028" lon="-122.312940"><ele>135.8</ele></trkpt><trkpt lat="37.953939" lon="-122.313037"><ele>133.1</ele></trkpt><trkpt lat="37.953812" lon="-122.313214"><ele>128.7</ele></trkpt><trkpt lat="37.953609" lon="-122.313348"><ele>123.3</ele></trkpt><trkpt lat="37.953499" lon="-122.313503"><ele>119.1</ele></trkpt><trkpt lat="37.953360" lon="-122.313600"><ele>115.1</ele></trkpt><trkpt lat="37.953238" lon="-122.313685"><ele>111.5</ele></trkpt><trkpt lat="37.953166" lon="-122.313616"><ele>109.4</ele></trkpt><trkpt lat="37.953085" lon="-122.313616"><ele>107.5</ele></trkpt><trkpt lat="37.953021" lon="-122.313685"><ele>105.5</ele></trkpt><trkpt lat="37.952954" lon="-122.313779"><ele>103.2</ele></trkpt><trkpt lat="37.952845" lon="-122.313805"><ele>100.6</ele></trkpt><trkpt lat="37.952692" lon="-122.313791"><ele>97.6</ele></trkpt><trkpt lat="37.952655" lon="-122.313787"><ele>97.2</ele></trkpt><trkpt lat="37.952402" lon="-122.313795"><ele>94.1</ele></trkpt><trkpt lat="37.952429" lon="-122.314072"><ele>91.6</ele></trkpt><trkpt lat="37.952441" lon="-122.314352"><ele>89.4</ele></trkpt><trkpt lat="37.952448" lon="-122.314517"><ele>88.2</ele></trkpt><trkpt lat="37.952446" lon="-122.314650"><ele>87.1</ele></trkpt><trkpt lat="37.952431" lon="-122.314921"><ele>85.2</ele></trkpt><trkpt lat="37.952347" lon="-122.315079"><ele>83.9</ele></trkpt><trkpt lat="37.952311" lon="-122.315167"><ele>83.2</ele></trkpt><trkpt lat="37.952128" lon="-122.315616"><ele>81.2</ele></trkpt><trkpt lat="37.952058" lon="-122.315787"><ele>80.8</ele></trkpt><trkpt lat="37.951997" lon="-122.315952"><ele>80.5</ele></trkpt><trkpt lat="37.951941" lon="-122.316119"><ele>79.8</ele></trkpt><trkpt lat="37.951887" lon="-122.316318"><ele>78.9</ele></trkpt><trkpt lat="37.951843" lon="-122.316528"><ele>78.0</ele></trkpt><trkpt lat="37.951829" lon="-122.316746"><ele>75.8</ele></trkpt><trkpt lat="37.951831" lon="-122.317023"><ele>72.1</ele></trkpt><trkpt lat="37.951847" lon="-122.317199"><ele>69.7</ele></trkpt><trkpt lat="37.951875" lon="-122.317390"><ele>67.1</ele></trkpt><trkpt lat="37.951934" lon="-122.317710"><ele>63.0</ele></trkpt><trkpt lat="37.951981" lon="-122.317941"><ele>60.0</ele></trkpt><trkpt lat="37.952001" lon="-122.318077"><ele>58.9</ele></trkpt><trkpt lat="37.952010" lon="-122.318260"><ele>57.6</ele></trkpt><trkpt lat="37.952006" lon="-122.318433"><ele>56.3</ele></trkpt><trkpt lat="37.951995" lon="-122.318531"><ele>55.6</ele></trkpt><trkpt lat="37.951974" lon="-122.318646"><ele>54.8</ele></trkpt><trkpt lat="37.951896" lon="-122.318975"><ele>52.8</ele></trkpt><trkpt lat="37.951847" lon="-122.319154"><ele>51.7</ele></trkpt><trkpt lat="37.951856" lon="-122.319206"><ele>51.4</ele></trkpt><trkpt lat="37.951835" lon="-122.319287"><ele>50.9</ele></trkpt><trkpt lat="37.951835" lon="-122.319288"><ele>50.9</ele></trkpt><trkpt lat="37.951805" lon="-122.319408"><ele>50.8</ele></trkpt><trkpt lat="37.951802" lon="-122.319440"><ele>50.8</ele></trkpt><trkpt lat="37.951792" lon="-122.319468"><ele>50.7</ele></trkpt><trkpt lat="37.951778" lon="-122.319493"><ele>50.7</ele></trkpt><trkpt lat="37.951746" lon="-122.319553"><ele>50.6</ele></trkpt><trkpt lat="37.951712" lon="-122.319608"><ele>50.6</ele></trkpt><trkpt lat="37.951739" lon="-122.319811"><ele>50.4</ele></trkpt><trkpt lat="37.951765" lon="-122.320177"><ele>50.7</ele></trkpt><trkpt lat="37.951820" lon="-122.320532"><ele>51.4</ele></trkpt><trkpt lat="37.951807" lon="-122.320759"><ele>52.0</ele></trkpt><trkpt lat="37.951740" lon="-122.320988"><ele>52.8</ele></trkpt><trkpt lat="37.951685" lon="-122.321158"><ele>53.3</ele></trkpt><trkpt lat="37.951561" lon="-122.321519"><ele>53.4</ele></trkpt><trkpt lat="37.951375" lon="-122.322100"><ele>52.4</ele></trkpt><trkpt lat="37.951367" lon="-122.322123"><ele>52.4</ele></trkpt><trkpt lat="37.951307" lon="-122.322261"><ele>51.9</ele></trkpt><trkpt lat="37.951200" lon="-122.322411"><ele>51.4</ele></trkpt><trkpt lat="37.950975" lon="-122.322580"><ele>50.4</ele></trkpt><trkpt lat="37.950308" lon="-122.322848"><ele>47.8</ele></trkpt><trkpt lat="37.949803" lon="-122.323037"><ele>45.7</ele></trkpt><trkpt lat="37.949670" lon="-122.323122"><ele>45.0</ele></trkpt><trkpt lat="37.949567" lon="-122.323224"><ele>44.6</ele></trkpt><trkpt lat="37.949459" lon="-122.323479"><ele>43.9</ele></trkpt><trkpt lat="37.949374" lon="-122.323744"><ele>43.3</ele></trkpt><trkpt lat="37.949087" lon="-122.324716"><ele>40.0</ele></trkpt><trkpt lat="37.948863" lon="-122.325484"><ele>37.9</ele></trkpt><trkpt lat="37.948825" lon="-122.325616"><ele>37.6</ele></trkpt><trkpt lat="37.948798" lon="-122.325706"><ele>37.4</ele></trkpt><trkpt lat="37.948778" lon="-122.325770"><ele>37.3</ele></trkpt><trkpt lat="37.948575" lon="-122.326423"><ele>36.0</ele></trkpt><trkpt lat="37.948523" lon="-122.326596"><ele>35.6</ele></trkpt><trkpt lat="37.948465" lon="-122.326789"><ele>35.1</ele></trkpt><trkpt lat="37.948443" lon="-122.326864"><ele>34.9</ele></trkpt><trkpt lat="37.948424" lon="-122.326926"><ele>34.8</ele></trkpt><trkpt lat="37.948167" lon="-122.327788"><ele>34.7</ele></trkpt><trkpt lat="37.947873" lon="-122.328765"><ele>34.2</ele></trkpt><trkpt lat="37.947582" lon="-122.329738"><ele>34.4</ele></trkpt><trkpt lat="37.947612" lon="-122.329839"><ele>34.5</ele></trkpt><trkpt lat="37.947517" lon="-122.330162"><ele>34.7</ele></trkpt><trkpt lat="37.947464" lon="-122.330328"><ele>34.6</ele></trkpt><trkpt lat="37.947377" lon="-122.330599"><ele>34.3</ele></trkpt><trkpt lat="37.947361" lon="-122.330648"><ele>34.3</ele></trkpt><trkpt lat="37.947315" lon="-122.330786"><ele>34.1</ele></trkpt><trkpt lat="37.947212" lon="-122.330735"><ele>33.9</ele></trkpt><trkpt lat="37.947082" lon="-122.330676"><ele>33.7</ele></trkpt><trkpt lat="37.947078" lon="-122.330837"><ele>33.5</ele></trkpt><trkpt lat="37.947071" lon="-122.331099"><ele>33.2</ele></trkpt><trkpt lat="37.947059" lon="-122.331570"><ele>32.7</ele></trkpt><trkpt lat="37.947057" lon="-122.331636"><ele>32.7</ele></trkpt><trkpt lat="37.947059" lon="-122.331944"><ele>32.3</ele></trkpt><trkpt lat="37.945179" lon="-122.331938"><ele>27.9</ele></trkpt><trkpt lat="37.943655" lon="-122.331884"><ele>27.5</ele></trkpt><trkpt lat="37.943652" lon="-122.332875"><ele>27.4</ele></trkpt><trkpt lat="37.943650" lon="-122.333822"><ele>26.9</ele></trkpt><trkpt lat="37.943648" lon="-122.334716"><ele>26.1</ele></trkpt><trkpt lat="37.943646" lon="-122.335591"><ele>25.9</ele></trkpt><trkpt lat="37.943646" lon="-122.336485"><ele>25.8</ele></trkpt><trkpt lat="37.943643" lon="-122.337362"><ele>25.4</ele></trkpt><trkpt lat="37.943647" lon="-122.337827"><ele>25.2</ele></trkpt><trkpt lat="37.943648" lon="-122.338243"><ele>25.0</ele></trkpt><trkpt lat="37.943652" lon="-122.338610"><ele>24.6</ele></trkpt><trkpt lat="37.943653" lon="-122.338841"><ele>24.3</ele></trkpt><trkpt lat="37.943655" lon="-122.339234"><ele>23.9</ele></trkpt><trkpt lat="37.943652" lon="-122.340307"><ele>22.9</ele></trkpt><trkpt lat="37.943656" lon="-122.340957"><ele>22.3</ele></trkpt><trkpt lat="37.943648" lon="-122.343202"><ele>19.5</ele></trkpt><trkpt lat="37.943641" lon="-122.345454"><ele>19.4</ele></trkpt><trkpt lat="37.943637" lon="-122.346730"><ele>17.3</ele></trkpt><trkpt lat="37.943636" lon="-122.347494"><ele>16.2</ele></trkpt><trkpt lat="37.942963" lon="-122.347498"><ele>15.4</ele></trkpt><trkpt lat="37.942801" lon="-122.347499"><ele>15.2</ele></trkpt><trkpt lat="37.942766" lon="-122.347499"><ele>15.2</ele></trkpt><trkpt lat="37.942532" lon="-122.347501"><ele>15.1</ele></trkpt><trkpt lat="37.942244" lon="-122.347503"><ele>14.9</ele></trkpt><trkpt lat="37.942196" lon="-122.347503"><ele>14.9</ele></trkpt><trkpt lat="37.942038" lon="-122.347504"><ele>14.8</ele></trkpt><trkpt lat="37.941639" lon="-122.347506"><ele>14.6</ele></trkpt><trkpt lat="37.941463" lon="-122.347507"><ele>14.5</ele></trkpt><trkpt lat="37.941403" lon="-122.347508"><ele>14.5</ele></trkpt><trkpt lat="37.941307" lon="-122.347508"><ele>14.4</ele></trkpt><trkpt lat="37.941109" lon="-122.347509"><ele>14.3</ele></trkpt><trkpt lat="37.940997" lon="-122.347570"><ele>14.1</ele></trkpt><trkpt lat="37.940852" lon="-122.347640"><ele>14.0</ele></trkpt><trkpt lat="37.940741" lon="-122.347732"><ele>13.8</ele></trkpt><trkpt lat="37.940629" lon="-122.347864"><ele>13.6</ele></trkpt><trkpt lat="37.940559" lon="-122.348006"><ele>13.5</ele></trkpt><trkpt lat="37.940494" lon="-122.348129"><ele>13.4</ele></trkpt><trkpt lat="37.940482" lon="-122.348147"><ele>13.3</ele></trkpt><trkpt lat="37.940381" lon="-122.348300"><ele>13.2</ele></trkpt><trkpt lat="37.940275" lon="-122.348399"><ele>13.0</ele></trkpt><trkpt lat="37.940163" lon="-122.348469"><ele>12.9</ele></trkpt><trkpt lat="37.940052" lon="-122.348510"><ele>12.7</ele></trkpt><trkpt lat="37.939977" lon="-122.348538"><ele>12.6</ele></trkpt><trkpt lat="37.939903" lon="-122.348540"><ele>12.6</ele></trkpt><trkpt lat="37.939786" lon="-122.348541"><ele>12.5</ele></trkpt><trkpt lat="37.939571" lon="-122.348544"><ele>12.5</ele></trkpt><trkpt lat="37.938568" lon="-122.348555"><ele>12.4</ele></trkpt><trkpt lat="37.938468" lon="-122.348558"><ele>12.3</ele></trkpt><trkpt lat="37.938359" lon="-122.348559"><ele>12.3</ele></trkpt><trkpt lat="37.937065" lon="-122.348569"><ele>12.1</ele></trkpt><trkpt lat="37.936935" lon="-122.348570"><ele>11.9</ele></trkpt><trkpt lat="37.936866" lon="-122.348571"><ele>11.7</ele></trkpt><trkpt lat="37.936865" lon="-122.348651"><ele>11.6</ele></trkpt><trkpt lat="37.936863" lon="-122.349564"><ele>11.0</ele></trkpt><trkpt lat="37.936863" lon="-122.350553"><ele>10.9</ele></trkpt><trkpt lat="37.936861" lon="-122.351411"><ele>10.2</ele></trkpt><trkpt lat="37.936861" lon="-122.351447"><ele>10.2</ele></trkpt><trkpt lat="37.936862" lon="-122.351507"><ele>10.1</ele></trkpt><trkpt lat="37.936862" lon="-122.351639"><ele>10.1</ele></trkpt><trkpt lat="37.936863" lon="-122.351695"><ele>10.0</ele></trkpt><trkpt lat="37.936863" lon="-122.351730"><ele>10.0</ele></trkpt><trkpt lat="37.936872" lon="-122.352263"><ele>9.8</ele></trkpt><trkpt lat="37.936830" lon="-122.352262"><ele>9.8</ele></trkpt><trkpt lat="37.936800" lon="-122.352262"><ele>9.8</ele></trkpt><trkpt lat="37.936799" lon="-122.352366"><ele>9.8</ele></trkpt><trkpt lat="37.936683" lon="-122.352570"><ele>9.8</ele></trkpt><trkpt lat="37.936679" lon="-122.352620"><ele>9.8</ele></trkpt><trkpt lat="37.936696" lon="-122.352683"><ele>9.8</ele></trkpt><trkpt lat="37.936836" lon="-122.352977"><ele>9.6</ele></trkpt><trkpt lat="37.936831" lon="-122.353600"><ele>9.1</ele></trkpt></trkseg></trk>
</gpx>