<?xml version="1.0" encoding="UTF-8"?>
<gpx version="1.1" creator="north-bay-planning" xmlns="http://www.topografix.com/GPX/1/1">
<metadata><name>October trip Davis to the Golden Gate day 4</name><desc>Sun Oct 25 Samuel P. Taylor to Haypress</desc></metadata>
<wpt lat="37.824620" lon="-122.526580"><name>Night 1 Bicentennial site 02</name><desc>Booked.</desc></wpt>
<wpt lat="37.903820" lon="-122.603640"><name>Night 2 Pantoll hike-and-bike</name><desc>Walk-up.</desc></wpt>
<wpt lat="38.018280" lon="-122.733140"><name>Night 3 Samuel P. Taylor hike-and-bike</name><desc>Walk-up.</desc></wpt>
<wpt lat="37.860800" lon="-122.545820"><name>Night 4 Haypress</name><desc>Reserve on recreation.gov.</desc></wpt>
<trk><name>Sun Oct 25 Samuel P. Taylor to Haypress</name><trkseg><trkpt lat="38.018130" lon="-122.733368"><ele>41.8</ele></trkpt><trkpt lat="38.018269" lon="-122.733515"><ele>44.6</ele></trkpt><trkpt lat="38.018423" lon="-122.733638"><ele>47.5</ele></trkpt><trkpt lat="38.018432" lon="-122.733570"><ele>48.4</ele></trkpt><trkpt lat="38.018435" lon="-122.733513"><ele>49.1</ele></trkpt><trkpt lat="38.018466" lon="-122.733414"><ele>50.5</ele></trkpt><trkpt lat="38.018573" lon="-122.733183"><ele>53.9</ele></trkpt><trkpt lat="38.018768" lon="-122.732819"><ele>59.4</ele></trkpt><trkpt lat="38.018836" lon="-122.732682"><ele>61.4</ele></trkpt><trkpt lat="38.018860" lon="-122.732629"><ele>62.2</ele></trkpt><trkpt lat="38.018867" lon="-122.732585"><ele>62.7</ele></trkpt><trkpt lat="38.018867" lon="-122.732546"><ele>63.2</ele></trkpt><trkpt lat="38.018851" lon="-122.732315"><ele>66.1</ele></trkpt><trkpt lat="38.018761" lon="-122.732315"><ele>67.5</ele></trkpt><trkpt lat="38.018533" lon="-122.732317"><ele>71.0</ele></trkpt><trkpt lat="38.018469" lon="-122.732287"><ele>72.1</ele></trkpt><trkpt lat="38.018413" lon="-122.732218"><ele>73.3</ele></trkpt><trkpt lat="38.018375" lon="-122.732120"><ele>74.6</ele></trkpt><trkpt lat="38.018349" lon="-122.731955"><ele>75.7</ele></trkpt><trkpt lat="38.018330" lon="-122.731761"><ele>75.3</ele></trkpt><trkpt lat="38.018362" lon="-122.731541"><ele>74.8</ele></trkpt><trkpt lat="38.018433" lon="-122.731252"><ele>74.1</ele></trkpt><trkpt lat="38.018632" lon="-122.730724"><ele>72.1</ele></trkpt><trkpt lat="38.018678" lon="-122.730660"><ele>71.8</ele></trkpt><trkpt lat="38.018752" lon="-122.730588"><ele>71.4</ele></trkpt><trkpt lat="38.019097" lon="-122.730351"><ele>69.5</ele></trkpt><trkpt lat="38.019127" lon="-122.730312"><ele>69.3</ele></trkpt><trkpt lat="38.019152" lon="-122.730233"><ele>69.0</ele></trkpt><trkpt lat="38.019185" lon="-122.730105"><ele>68.5</ele></trkpt><trkpt lat="38.019222" lon="-122.730021"><ele>68.2</ele></trkpt><trkpt lat="38.019274" lon="-122.729924"><ele>67.7</ele></trkpt><trkpt lat="38.019312" lon="-122.729783"><ele>67.2</ele></trkpt><trkpt lat="38.019352" lon="-122.729701"><ele>67.8</ele></trkpt><trkpt lat="38.019402" lon="-122.729619"><ele>69.0</ele></trkpt><trkpt lat="38.019429" lon="-122.729602"><ele>69.4</ele></trkpt><trkpt lat="38.019463" lon="-122.729587"><ele>69.9</ele></trkpt><trkpt lat="38.019511" lon="-122.729575"><ele>70.6</ele></trkpt><trkpt lat="38.019560" lon="-122.729574"><ele>71.3</ele></trkpt><trkpt lat="38.019657" lon="-122.729577"><ele>72.7</ele></trkpt><trkpt lat="38.019698" lon="-122.729604"><ele>73.4</ele></trkpt><trkpt lat="38.019819" lon="-122.729359"><ele>76.6</ele></trkpt><trkpt lat="38.019871" lon="-122.729268"><ele>77.9</ele></trkpt><trkpt lat="38.019986" lon="-122.729042"><ele>81.0</ele></trkpt><trkpt lat="38.020108" lon="-122.728782"><ele>84.5</ele></trkpt><trkpt lat="38.020165" lon="-122.728579"><ele>87.1</ele></trkpt><trkpt lat="38.020192" lon="-122.728319"><ele>89.4</ele></trkpt><trkpt lat="38.020194" lon="-122.728070"><ele>91.2</ele></trkpt><trkpt lat="38.020204" lon="-122.727534"><ele>94.3</ele></trkpt><trkpt lat="38.020186" lon="-122.727168"><ele>91.4</ele></trkpt><trkpt lat="38.020126" lon="-122.726862"><ele>88.9</ele></trkpt><trkpt lat="38.020021" lon="-122.726535"><ele>86.4</ele></trkpt><trkpt lat="38.019873" lon="-122.726037"><ele>83.0</ele></trkpt><trkpt lat="38.019734" lon="-122.725613"><ele>80.8</ele></trkpt><trkpt lat="38.019672" lon="-122.725354"><ele>79.8</ele></trkpt><trkpt lat="38.019609" lon="-122.725156"><ele>79.0</ele></trkpt><trkpt lat="38.019488" lon="-122.724849"><ele>78.8</ele></trkpt><trkpt lat="38.019391" lon="-122.724641"><ele>79.6</ele></trkpt><trkpt lat="38.019294" lon="-122.724486"><ele>80.2</ele></trkpt><trkpt lat="38.019197" lon="-122.724376"><ele>80.7</ele></trkpt><trkpt lat="38.019083" lon="-122.724270"><ele>80.5</ele></trkpt><trkpt lat="38.019010" lon="-122.724215"><ele>79.0</ele></trkpt><trkpt lat="38.018925" lon="-122.724186"><ele>77.5</ele></trkpt><trkpt lat="38.018776" lon="-122.724137"><ele>74.8</ele></trkpt><trkpt lat="38.018634" lon="-122.724109"><ele>72.2</ele></trkpt><trkpt lat="38.018459" lon="-122.724089"><ele>69.1</ele></trkpt><trkpt lat="38.018286" lon="-122.724095"><ele>66.7</ele></trkpt><trkpt lat="38.018211" lon="-122.724104"><ele>65.8</ele></trkpt><trkpt lat="38.018119" lon="-122.724143"><ele>64.6</ele></trkpt><trkpt lat="38.018021" lon="-122.724210"><ele>63.2</ele></trkpt><trkpt lat="38.017912" lon="-122.724273"><ele>61.6</ele></trkpt><trkpt lat="38.017829" lon="-122.724322"><ele>60.5</ele></trkpt><trkpt lat="38.017759" lon="-122.724344"><ele>59.6</ele></trkpt><trkpt lat="38.017675" lon="-122.724360"><ele>58.3</ele></trkpt><trkpt lat="38.017586" lon="-122.724355"><ele>56.7</ele></trkpt><trkpt lat="38.017505" lon="-122.724332"><ele>55.3</ele></trkpt><trkpt lat="38.017412" lon="-122.724289"><ele>53.5</ele></trkpt><trkpt lat="38.017310" lon="-122.724214"><ele>51.5</ele></trkpt><trkpt lat="38.016947" lon="-122.723855"><ele>49.8</ele></trkpt><trkpt lat="38.016562" lon="-122.723543"><ele>57.7</ele></trkpt><trkpt lat="38.016419" lon="-122.723444"><ele>60.2</ele></trkpt><trkpt lat="38.016174" lon="-122.723300"><ele>63.8</ele></trkpt><trkpt lat="38.016093" lon="-122.723218"><ele>65.2</ele></trkpt><trkpt lat="38.016060" lon="-122.723151"><ele>66.0</ele></trkpt><trkpt lat="38.016034" lon="-122.723067"><ele>67.0</ele></trkpt><trkpt lat="38.016017" lon="-122.722954"><ele>68.2</ele></trkpt><trkpt lat="38.016016" lon="-122.722866"><ele>69.3</ele></trkpt><trkpt lat="38.016013" lon="-122.722778"><ele>70.7</ele></trkpt><trkpt lat="38.016025" lon="-122.722248"><ele>79.1</ele></trkpt><trkpt lat="38.016020" lon="-122.721898"><ele>83.4</ele></trkpt><trkpt lat="38.016009" lon="-122.721588"><ele>84.2</ele></trkpt><trkpt lat="38.015990" lon="-122.721330"><ele>84.8</ele></trkpt><trkpt lat="38.015967" lon="-122.721030"><ele>85.5</ele></trkpt><trkpt lat="38.015927" lon="-122.720751"><ele>86.3</ele></trkpt><trkpt lat="38.015891" lon="-122.720622"><ele>86.7</ele></trkpt><trkpt lat="38.015831" lon="-122.720466"><ele>87.3</ele></trkpt><trkpt lat="38.015765" lon="-122.720307"><ele>87.8</ele></trkpt><trkpt lat="38.015614" lon="-122.719975"><ele>89.3</ele></trkpt><trkpt lat="38.015479" lon="-122.719717"><ele>90.7</ele></trkpt><trkpt lat="38.015153" lon="-122.719139"><ele>93.0</ele></trkpt><trkpt lat="38.015007" lon="-122.718808"><ele>93.9</ele></trkpt><trkpt lat="38.014862" lon="-122.718362"><ele>94.5</ele></trkpt><trkpt lat="38.014696" lon="-122.718011"><ele>94.9</ele></trkpt><trkpt lat="38.014381" lon="-122.717441"><ele>93.1</ele></trkpt><trkpt lat="38.014275" lon="-122.717187"><ele>92.1</ele></trkpt><trkpt lat="38.014227" lon="-122.717035"><ele>91.6</ele></trkpt><trkpt lat="38.014194" lon="-122.716884"><ele>91.3</ele></trkpt><trkpt lat="38.014158" lon="-122.716759"><ele>91.0</ele></trkpt><trkpt lat="38.014104" lon="-122.716640"><ele>90.7</ele></trkpt><trkpt lat="38.014042" lon="-122.716539"><ele>90.5</ele></trkpt><trkpt lat="38.013684" lon="-122.715967"><ele>94.0</ele></trkpt><trkpt lat="38.013561" lon="-122.715767"><ele>96.2</ele></trkpt><trkpt lat="38.013437" lon="-122.715633"><ele>98.1</ele></trkpt><trkpt lat="38.013247" lon="-122.715492"><ele>99.5</ele></trkpt><trkpt lat="38.012531" lon="-122.714955"><ele>102.3</ele></trkpt><trkpt lat="38.012103" lon="-122.714612"><ele>100.4</ele></trkpt><trkpt lat="38.011955" lon="-122.714481"><ele>98.0</ele></trkpt><trkpt lat="38.011859" lon="-122.714384"><ele>96.3</ele></trkpt><trkpt lat="38.011764" lon="-122.714262"><ele>94.4</ele></trkpt><trkpt lat="38.011701" lon="-122.714093"><ele>92.4</ele></trkpt><trkpt lat="38.011655" lon="-122.713895"><ele>93.0</ele></trkpt><trkpt lat="38.011622" lon="-122.713679"><ele>94.1</ele></trkpt><trkpt lat="38.011577" lon="-122.713532"><ele>95.0</ele></trkpt><trkpt lat="38.011501" lon="-122.713394"><ele>95.9</ele></trkpt><trkpt lat="38.011403" lon="-122.713264"><ele>96.8</ele></trkpt><trkpt lat="38.011189" lon="-122.713017"><ele>97.0</ele></trkpt><trkpt lat="38.011059" lon="-122.712877"><ele>97.1</ele></trkpt><trkpt lat="38.010957" lon="-122.712798"><ele>97.2</ele></trkpt><trkpt lat="38.010636" lon="-122.712625"><ele>99.6</ele></trkpt><trkpt lat="38.010411" lon="-122.712413"><ele>103.2</ele></trkpt><trkpt lat="38.010219" lon="-122.712301"><ele>105.9</ele></trkpt><trkpt lat="38.009292" lon="-122.711835"><ele>95.1</ele></trkpt><trkpt lat="38.009072" lon="-122.711727"><ele>97.0</ele></trkpt><trkpt lat="38.008878" lon="-122.711638"><ele>98.7</ele></trkpt><trkpt lat="38.008706" lon="-122.711587"><ele>98.5</ele></trkpt><trkpt lat="38.008506" lon="-122.711547"><ele>97.5</ele></trkpt><trkpt lat="38.008297" lon="-122.711527"><ele>96.6</ele></trkpt><trkpt lat="38.007505" lon="-122.711520"><ele>100.1</ele></trkpt><trkpt lat="38.006543" lon="-122.711545"><ele>100.8</ele></trkpt><trkpt lat="38.005988" lon="-122.711556"><ele>100.3</ele></trkpt><trkpt lat="38.005741" lon="-122.711558"><ele>99.9</ele></trkpt><trkpt lat="38.005625" lon="-122.711539"><ele>99.7</ele></trkpt><trkpt lat="38.005533" lon="-122.711499"><ele>99.6</ele></trkpt><trkpt lat="38.005379" lon="-122.711393"><ele>99.3</ele></trkpt><trkpt lat="38.005243" lon="-122.711251"><ele>98.5</ele></trkpt><trkpt lat="38.005122" lon="-122.711081"><ele>96.7</ele></trkpt><trkpt lat="38.005026" lon="-122.710863"><ele>94.7</ele></trkpt><trkpt lat="38.004917" lon="-122.710443"><ele>90.6</ele></trkpt><trkpt lat="38.004802" lon="-122.709967"><ele>82.2</ele></trkpt><trkpt lat="38.004545" lon="-122.709103"><ele>66.5</ele></trkpt><trkpt lat="38.004536" lon="-122.708975"><ele>64.4</ele></trkpt><trkpt lat="38.004557" lon="-122.708643"><ele>60.9</ele></trkpt><trkpt lat="38.004582" lon="-122.708533"><ele>61.1</ele></trkpt><trkpt lat="38.004640" lon="-122.708355"><ele>61.5</ele></trkpt><trkpt lat="38.004763" lon="-122.708129"><ele>62.1</ele></trkpt><trkpt lat="38.004879" lon="-122.707973"><ele>62.6</ele></trkpt><trkpt lat="38.004978" lon="-122.707849"><ele>65.1</ele></trkpt><trkpt lat="38.005049" lon="-122.707728"><ele>67.2</ele></trkpt><trkpt lat="38.005112" lon="-122.707572"><ele>69.6</ele></trkpt><trkpt lat="38.005141" lon="-122.707461"><ele>71.2</ele></trkpt><trkpt lat="38.005151" lon="-122.707337"><ele>73.0</ele></trkpt><trkpt lat="38.005149" lon="-122.707239"><ele>74.4</ele></trkpt><trkpt lat="38.005126" lon="-122.707117"><ele>76.4</ele></trkpt><trkpt lat="38.005101" lon="-122.707010"><ele>78.6</ele></trkpt><trkpt lat="38.005011" lon="-122.706721"><ele>84.5</ele></trkpt><trkpt lat="38.004997" lon="-122.706578"><ele>87.3</ele></trkpt><trkpt lat="38.005008" lon="-122.706483"><ele>89.2</ele></trkpt><trkpt lat="38.005056" lon="-122.706352"><ele>92.0</ele></trkpt><trkpt lat="38.005180" lon="-122.706109"><ele>93.9</ele></trkpt><trkpt lat="38.005413" lon="-122.705790"><ele>95.7</ele></trkpt><trkpt lat="38.005530" lon="-122.705682"><ele>96.4</ele></trkpt><trkpt lat="38.005689" lon="-122.705574"><ele>97.7</ele></trkpt><trkpt lat="38.005995" lon="-122.705428"><ele>100.2</ele></trkpt><trkpt lat="38.006411" lon="-122.705273"><ele>103.4</ele></trkpt><trkpt lat="38.006590" lon="-122.705241"><ele>104.7</ele></trkpt><trkpt lat="38.006798" lon="-122.705239"><ele>106.1</ele></trkpt><trkpt lat="38.006841" lon="-122.705239"><ele>106.4</ele></trkpt><trkpt lat="38.006886" lon="-122.705239"><ele>106.8</ele></trkpt><trkpt lat="38.007063" lon="-122.705267"><ele>107.5</ele></trkpt><trkpt lat="38.007262" lon="-122.705329"><ele>108.0</ele></trkpt><trkpt lat="38.007458" lon="-122.705370"><ele>108.4</ele></trkpt><trkpt lat="38.007639" lon="-122.705378"><ele>108.8</ele></trkpt><trkpt lat="38.007807" lon="-122.705383"><ele>109.1</ele></trkpt><trkpt lat="38.007871" lon="-122.705373"><ele>109.2</ele></trkpt><trkpt lat="38.007949" lon="-122.705336"><ele>109.3</ele></trkpt><trkpt lat="38.008017" lon="-122.705252"><ele>109.5</ele></trkpt><trkpt lat="38.008083" lon="-122.705090"><ele>109.7</ele></trkpt><trkpt lat="38.008131" lon="-122.704919"><ele>109.9</ele></trkpt><trkpt lat="38.008190" lon="-122.704684"><ele>109.4</ele></trkpt><trkpt lat="38.008296" lon="-122.704443"><ele>108.5</ele></trkpt><trkpt lat="38.008598" lon="-122.703946"><ele>108.7</ele></trkpt><trkpt lat="38.008770" lon="-122.703726"><ele>111.9</ele></trkpt><trkpt lat="38.009258" lon="-122.703263"><ele>115.9</ele></trkpt><trkpt lat="38.009365" lon="-122.703102"><ele>115.5</ele></trkpt><trkpt lat="38.009445" lon="-122.702891"><ele>115.1</ele></trkpt><trkpt lat="38.009470" lon="-122.702684"><ele>114.8</ele></trkpt><trkpt lat="38.009483" lon="-122.702415"><ele>114.6</ele></trkpt><trkpt lat="38.009530" lon="-122.702249"><ele>114.4</ele></trkpt><trkpt lat="38.009627" lon="-122.702111"><ele>114.2</ele></trkpt><trkpt lat="38.009740" lon="-122.702028"><ele>114.0</ele></trkpt><trkpt lat="38.009894" lon="-122.701984"><ele>111.1</ele></trkpt><trkpt lat="38.010062" lon="-122.701976"><ele>107.3</ele></trkpt><trkpt lat="38.010226" lon="-122.702037"><ele>103.3</ele></trkpt><trkpt lat="38.010399" lon="-122.702137"><ele>99.0</ele></trkpt><trkpt lat="38.010622" lon="-122.702260"><ele>95.3</ele></trkpt><trkpt lat="38.010767" lon="-122.702317"><ele>93.5</ele></trkpt><trkpt lat="38.011049" lon="-122.702366"><ele>90.2</ele></trkpt><trkpt lat="38.011238" lon="-122.702369"><ele>87.8</ele></trkpt><trkpt lat="38.011329" lon="-122.702367"><ele>86.5</ele></trkpt><trkpt lat="38.011393" lon="-122.702363"><ele>85.5</ele></trkpt><trkpt lat="38.011510" lon="-122.702350"><ele>83.8</ele></trkpt><trkpt lat="38.011653" lon="-122.702315"><ele>81.7</ele></trkpt><trkpt lat="38.011712" lon="-122.702291"><ele>80.8</ele></trkpt><trkpt lat="38.011780" lon="-122.702250"><ele>79.7</ele></trkpt><trkpt lat="38.011854" lon="-122.702194"><ele>78.4</ele></trkpt><trkpt lat="38.011930" lon="-122.702117"><ele>79.2</ele></trkpt><trkpt lat="38.011956" lon="-122.702086"><ele>79.6</ele></trkpt><trkpt lat="38.012106" lon="-122.701908"><ele>81.6</ele></trkpt><trkpt lat="38.012147" lon="-122.701860"><ele>82.1</ele></trkpt><trkpt lat="38.012232" lon="-122.701709"><ele>83.5</ele></trkpt><trkpt lat="38.012300" lon="-122.701585"><ele>84.7</ele></trkpt><trkpt lat="38.012376" lon="-122.701440"><ele>85.7</ele></trkpt><trkpt lat="38.012453" lon="-122.701260"><ele>86.6</ele></trkpt><trkpt lat="38.012500" lon="-122.701145"><ele>87.1</ele></trkpt><trkpt lat="38.012686" lon="-122.700608"><ele>89.6</ele></trkpt><trkpt lat="38.013041" lon="-122.699553"><ele>91.4</ele></trkpt><trkpt lat="38.013150" lon="-122.699233"><ele>90.3</ele></trkpt><trkpt lat="38.013298" lon="-122.698815"><ele>88.4</ele></trkpt><trkpt lat="38.013419" lon="-122.698502"><ele>86.4</ele></trkpt><trkpt lat="38.013543" lon="-122.698237"><ele>84.7</ele></trkpt><trkpt lat="38.013697" lon="-122.697924"><ele>87.0</ele></trkpt><trkpt lat="38.013802" lon="-122.697707"><ele>89.0</ele></trkpt><trkpt lat="38.013878" lon="-122.697524"><ele>90.6</ele></trkpt><trkpt lat="38.013942" lon="-122.697353"><ele>91.6</ele></trkpt><trkpt lat="38.014196" lon="-122.696636"><ele>93.4</ele></trkpt><trkpt lat="38.014276" lon="-122.696416"><ele>94.1</ele></trkpt><trkpt lat="38.014407" lon="-122.696084"><ele>95.1</ele></trkpt><trkpt lat="38.014481" lon="-122.695908"><ele>95.6</ele></trkpt><trkpt lat="38.014563" lon="-122.695723"><ele>95.7</ele></trkpt><trkpt lat="38.014713" lon="-122.695363"><ele>93.3</ele></trkpt><trkpt lat="38.014838" lon="-122.695065"><ele>91.2</ele></trkpt><trkpt lat="38.014939" lon="-122.694821"><ele>89.6</ele></trkpt><trkpt lat="38.015020" lon="-122.694590"><ele>88.0</ele></trkpt><trkpt lat="38.015091" lon="-122.694367"><ele>86.6</ele></trkpt><trkpt lat="38.015142" lon="-122.694145"><ele>85.2</ele></trkpt><trkpt lat="38.015194" lon="-122.693874"><ele>84.8</ele></trkpt><trkpt lat="38.015229" lon="-122.693611"><ele>84.5</ele></trkpt><trkpt lat="38.015248" lon="-122.693359"><ele>84.3</ele></trkpt><trkpt lat="38.015255" lon="-122.693185"><ele>84.0</ele></trkpt><trkpt lat="38.015261" lon="-122.693039"><ele>83.5</ele></trkpt><trkpt lat="38.015269" lon="-122.692825"><ele>82.7</ele></trkpt><trkpt lat="38.015281" lon="-122.692307"><ele>80.8</ele></trkpt><trkpt lat="38.015300" lon="-122.690887"><ele>80.2</ele></trkpt><trkpt lat="38.015304" lon="-122.690297"><ele>80.8</ele></trkpt><trkpt lat="38.015286" lon="-122.688941"><ele>82.8</ele></trkpt><trkpt lat="38.015288" lon="-122.688809"><ele>83.0</ele></trkpt><trkpt lat="38.015290" lon="-122.688694"><ele>83.2</ele></trkpt><trkpt lat="38.015293" lon="-122.688626"><ele>83.3</ele></trkpt><trkpt lat="38.015298" lon="-122.688479"><ele>83.5</ele></trkpt><trkpt lat="38.015309" lon="-122.687891"><ele>84.5</ele></trkpt><trkpt lat="38.015327" lon="-122.687572"><ele>84.7</ele></trkpt><trkpt lat="38.015370" lon="-122.687149"><ele>84.5</ele></trkpt><trkpt lat="38.015406" lon="-122.686887"><ele>84.4</ele></trkpt><trkpt lat="38.015455" lon="-122.686524"><ele>84.0</ele></trkpt><trkpt lat="38.015547" lon="-122.685897"><ele>83.3</ele></trkpt><trkpt lat="38.015661" lon="-122.685173"><ele>84.3</ele></trkpt><trkpt lat="38.015670" lon="-122.685122"><ele>84.3</ele></trkpt><trkpt lat="38.015779" lon="-122.684468"><ele>87.6</ele></trkpt><trkpt lat="38.015818" lon="-122.684237"><ele>88.9</ele></trkpt><trkpt lat="38.015862" lon="-122.684032"><ele>89.9</ele></trkpt><trkpt lat="38.015900" lon="-122.683839"><ele>90.8</ele></trkpt><trkpt lat="38.015954" lon="-122.683579"><ele>91.9</ele></trkpt><trkpt lat="38.016097" lon="-122.682916"><ele>92.8</ele></trkpt><trkpt lat="38.016282" lon="-122.682088"><ele>90.5</ele></trkpt><trkpt lat="38.016469" lon="-122.681238"><ele>87.2</ele></trkpt><trkpt lat="38.016728" lon="-122.680069"><ele>87.1</ele></trkpt><trkpt lat="38.016774" lon="-122.679837"><ele>87.6</ele></trkpt><trkpt lat="38.016804" lon="-122.679607"><ele>87.8</ele></trkpt><trkpt lat="38.016824" lon="-122.679409"><ele>87.9</ele></trkpt><trkpt lat="38.017028" lon="-122.679430"><ele>88.0</ele></trkpt><trkpt lat="38.017003" lon="-122.679376"><ele>88.0</ele></trkpt><trkpt lat="38.016979" lon="-122.679333"><ele>88.0</ele></trkpt><trkpt lat="38.016963" lon="-122.679300"><ele>88.0</ele></trkpt><trkpt lat="38.016951" lon="-122.679267"><ele>88.1</ele></trkpt><trkpt lat="38.016945" lon="-122.679235"><ele>88.1</ele></trkpt><trkpt lat="38.016920" lon="-122.678962"><ele>87.7</ele></trkpt><trkpt lat="38.016904" lon="-122.678408"><ele>86.8</ele></trkpt><trkpt lat="38.016877" lon="-122.678269"><ele>86.6</ele></trkpt><trkpt lat="38.016591" lon="-122.676661"><ele>83.5</ele></trkpt><trkpt lat="38.016676" lon="-122.675978"><ele>83.4</ele></trkpt><trkpt lat="38.016589" lon="-122.675967"><ele>83.4</ele></trkpt><trkpt lat="38.016466" lon="-122.675991"><ele>83.5</ele></trkpt><trkpt lat="38.016388" lon="-122.676024"><ele>83.5</ele></trkpt><trkpt lat="38.016359" lon="-122.675859"><ele>83.7</ele></trkpt><trkpt lat="38.016342" lon="-122.675760"><ele>83.9</ele></trkpt><trkpt lat="38.016272" lon="-122.675342"><ele>84.6</ele></trkpt><trkpt lat="38.016233" lon="-122.675115"><ele>85.0</ele></trkpt><trkpt lat="38.016203" lon="-122.674934"><ele>85.4</ele></trkpt><trkpt lat="38.016117" lon="-122.674421"><ele>86.4</ele></trkpt><trkpt lat="38.016097" lon="-122.674315"><ele>86.6</ele></trkpt><trkpt lat="38.016045" lon="-122.674022"><ele>87.5</ele></trkpt><trkpt lat="38.015948" lon="-122.673441"><ele>89.7</ele></trkpt><trkpt lat="38.015829" lon="-122.672764"><ele>92.1</ele></trkpt><trkpt lat="38.015735" lon="-122.672230"><ele>94.5</ele></trkpt><trkpt lat="38.015614" lon="-122.671629"><ele>98.4</ele></trkpt><trkpt lat="38.015510" lon="-122.671172"><ele>100.9</ele></trkpt><trkpt lat="38.015406" lon="-122.670768"><ele>103.1</ele></trkpt><trkpt lat="38.015281" lon="-122.670320"><ele>103.8</ele></trkpt><trkpt lat="38.015242" lon="-122.670177"><ele>103.8</ele></trkpt><trkpt lat="38.015199" lon="-122.670026"><ele>103.9</ele></trkpt><trkpt lat="38.015105" lon="-122.669696"><ele>103.5</ele></trkpt><trkpt lat="38.014808" lon="-122.668628"><ele>98.9</ele></trkpt><trkpt lat="38.014673" lon="-122.668063"><ele>96.0</ele></trkpt><trkpt lat="38.014587" lon="-122.667637"><ele>96.0</ele></trkpt><trkpt lat="38.014565" lon="-122.667497"><ele>96.0</ele></trkpt><trkpt lat="38.014536" lon="-122.667316"><ele>96.0</ele></trkpt><trkpt lat="38.014479" lon="-122.666831"><ele>97.0</ele></trkpt><trkpt lat="38.014448" lon="-122.666369"><ele>98.2</ele></trkpt><trkpt lat="38.014433" lon="-122.665928"><ele>99.7</ele></trkpt><trkpt lat="38.014456" lon="-122.664977"><ele>102.6</ele></trkpt><trkpt lat="38.014476" lon="-122.664094"><ele>103.4</ele></trkpt><trkpt lat="38.014490" lon="-122.663762"><ele>103.2</ele></trkpt><trkpt lat="38.014506" lon="-122.663337"><ele>102.8</ele></trkpt><trkpt lat="38.014535" lon="-122.662386"><ele>102.1</ele></trkpt><trkpt lat="38.014672" lon="-122.658251"><ele>109.1</ele></trkpt><trkpt lat="38.014708" lon="-122.656734"><ele>109.9</ele></trkpt><trkpt lat="38.014837" lon="-122.652646"><ele>111.3</ele></trkpt><trkpt lat="38.014868" lon="-122.651763"><ele>112.7</ele></trkpt><trkpt lat="38.014965" lon="-122.648667"><ele>121.4</ele></trkpt><trkpt lat="38.014991" lon="-122.647765"><ele>131.7</ele></trkpt><trkpt lat="38.015005" lon="-122.647266"><ele>137.0</ele></trkpt><trkpt lat="38.015023" lon="-122.646965"><ele>139.1</ele></trkpt><trkpt lat="38.015115" lon="-122.646042"><ele>140.7</ele></trkpt><trkpt lat="38.015221" lon="-122.645213"><ele>132.9</ele></trkpt><trkpt lat="38.015323" lon="-122.644465"><ele>125.3</ele></trkpt><trkpt lat="38.015402" lon="-122.643864"><ele>121.9</ele></trkpt><trkpt lat="38.015473" lon="-122.643356"><ele>119.9</ele></trkpt><trkpt lat="38.015482" lon="-122.643287"><ele>119.8</ele></trkpt><trkpt lat="38.015603" lon="-122.642413"><ele>118.9</ele></trkpt><trkpt lat="38.015917" lon="-122.640094"><ele>120.0</ele></trkpt><trkpt lat="38.015997" lon="-122.639324"><ele>121.1</ele></trkpt><trkpt lat="38.016024" lon="-122.638454"><ele>122.2</ele></trkpt><trkpt lat="38.016013" lon="-122.637934"><ele>123.1</ele></trkpt><trkpt lat="38.015963" lon="-122.637364"><ele>124.8</ele></trkpt><trkpt lat="38.015888" lon="-122.636805"><ele>125.4</ele></trkpt><trkpt lat="38.015780" lon="-122.636224"><ele>125.7</ele></trkpt><trkpt lat="38.015657" lon="-122.635731"><ele>126.4</ele></trkpt><trkpt lat="38.015518" lon="-122.635267"><ele>126.5</ele></trkpt><trkpt lat="38.015387" lon="-122.634888"><ele>126.0</ele></trkpt><trkpt lat="38.015278" lon="-122.634593"><ele>125.6</ele></trkpt><trkpt lat="38.015132" lon="-122.634253"><ele>126.1</ele></trkpt><trkpt lat="38.015004" lon="-122.633996"><ele>126.5</ele></trkpt><trkpt lat="38.014935" lon="-122.633859"><ele>126.7</ele></trkpt><trkpt lat="38.014863" lon="-122.633720"><ele>126.9</ele></trkpt><trkpt lat="38.014789" lon="-122.633588"><ele>127.1</ele></trkpt><trkpt lat="38.014715" lon="-122.633458"><ele>127.2</ele></trkpt><trkpt lat="38.014635" lon="-122.633323"><ele>127.4</ele></trkpt><trkpt lat="38.014248" lon="-122.632672"><ele>128.2</ele></trkpt><trkpt lat="38.013695" lon="-122.631756"><ele>129.1</ele></trkpt><trkpt lat="38.013300" lon="-122.631107"><ele>129.9</ele></trkpt><trkpt lat="38.012732" lon="-122.630162"><ele>134.5</ele></trkpt><trkpt lat="38.012515" lon="-122.629808"><ele>135.7</ele></trkpt><trkpt lat="38.011917" lon="-122.628802"><ele>140.6</ele></trkpt><trkpt lat="38.011595" lon="-122.628274"><ele>141.1</ele></trkpt><trkpt lat="38.011422" lon="-122.627988"><ele>141.2</ele></trkpt><trkpt lat="38.011154" lon="-122.627545"><ele>144.6</ele></trkpt><trkpt lat="38.010982" lon="-122.627251"><ele>146.7</ele></trkpt><trkpt lat="38.010853" lon="-122.626955"><ele>148.5</ele></trkpt><trkpt lat="38.010773" lon="-122.626680"><ele>150.1</ele></trkpt><trkpt lat="38.010732" lon="-122.626445"><ele>151.4</ele></trkpt><trkpt lat="38.010704" lon="-122.626164"><ele>155.5</ele></trkpt><trkpt lat="38.010698" lon="-122.625872"><ele>159.9</ele></trkpt><trkpt lat="38.010714" lon="-122.625580"><ele>164.4</ele></trkpt><trkpt lat="38.010759" lon="-122.625296"><ele>166.9</ele></trkpt><trkpt lat="38.010831" lon="-122.625020"><ele>169.1</ele></trkpt><trkpt lat="38.010957" lon="-122.624724"><ele>171.5</ele></trkpt><trkpt lat="38.011083" lon="-122.624485"><ele>175.6</ele></trkpt><trkpt lat="38.011404" lon="-122.623967"><ele>185.8</ele></trkpt><trkpt lat="38.011503" lon="-122.623797"><ele>188.1</ele></trkpt><trkpt lat="38.011593" lon="-122.623614"><ele>190.3</ele></trkpt><trkpt lat="38.011669" lon="-122.623406"><ele>192.6</ele></trkpt><trkpt lat="38.011716" lon="-122.623218"><ele>194.6</ele></trkpt><trkpt lat="38.011744" lon="-122.623017"><ele>195.9</ele></trkpt><trkpt lat="38.011754" lon="-122.622796"><ele>196.7</ele></trkpt><trkpt lat="38.011745" lon="-122.622579"><ele>197.5</ele></trkpt><trkpt lat="38.011720" lon="-122.622380"><ele>198.2</ele></trkpt><trkpt lat="38.011673" lon="-122.622184"><ele>198.6</ele></trkpt><trkpt lat="38.011612" lon="-122.621991"><ele>198.3</ele></trkpt><trkpt lat="38.011545" lon="-122.621787"><ele>197.9</ele></trkpt><trkpt lat="38.011491" lon="-122.621595"><ele>197.6</ele></trkpt><trkpt lat="38.011409" lon="-122.621249"><ele>196.6</ele></trkpt><trkpt lat="38.011365" lon="-122.620987"><ele>195.5</ele></trkpt><trkpt lat="38.011344" lon="-122.620745"><ele>194.4</ele></trkpt><trkpt lat="38.011348" lon="-122.620488"><ele>193.3</ele></trkpt><trkpt lat="38.011410" lon="-122.619769"><ele>194.4</ele></trkpt><trkpt lat="38.011455" lon="-122.619151"><ele>192.6</ele></trkpt><trkpt lat="38.011446" lon="-122.618868"><ele>191.2</ele></trkpt><trkpt lat="38.011398" lon="-122.618619"><ele>189.9</ele></trkpt><trkpt lat="38.011356" lon="-122.618464"><ele>189.1</ele></trkpt><trkpt lat="38.011297" lon="-122.618324"><ele>188.3</ele></trkpt><trkpt lat="38.011247" lon="-122.618232"><ele>187.8</ele></trkpt><trkpt lat="38.011118" lon="-122.618062"><ele>186.6</ele></trkpt><trkpt lat="38.011010" lon="-122.617953"><ele>185.7</ele></trkpt><trkpt lat="38.010906" lon="-122.617858"><ele>183.9</ele></trkpt><trkpt lat="38.010734" lon="-122.617755"><ele>180.9</ele></trkpt><trkpt lat="38.009750" lon="-122.617398"><ele>175.1</ele></trkpt><trkpt lat="38.009626" lon="-122.617384"><ele>175.1</ele></trkpt><trkpt lat="38.009482" lon="-122.617386"><ele>172.7</ele></trkpt><trkpt lat="38.008945" lon="-122.617508"><ele>163.6</ele></trkpt><trkpt lat="38.008800" lon="-122.617531"><ele>161.8</ele></trkpt><trkpt lat="38.008668" lon="-122.617523"><ele>160.5</ele></trkpt><trkpt lat="38.008547" lon="-122.617499"><ele>159.2</ele></trkpt><trkpt lat="38.008459" lon="-122.617466"><ele>158.2</ele></trkpt><trkpt lat="38.008369" lon="-122.617419"><ele>157.2</ele></trkpt><trkpt lat="38.008272" lon="-122.617348"><ele>156.0</ele></trkpt><trkpt lat="38.008196" lon="-122.617273"><ele>155.0</ele></trkpt><trkpt lat="38.008096" lon="-122.617140"><ele>153.4</ele></trkpt><trkpt lat="38.008012" lon="-122.617012"><ele>151.9</ele></trkpt><trkpt lat="38.007938" lon="-122.616858"><ele>150.3</ele></trkpt><trkpt lat="38.007844" lon="-122.616637"><ele>148.1</ele></trkpt><trkpt lat="38.007753" lon="-122.616438"><ele>146.7</ele></trkpt><trkpt lat="38.007660" lon="-122.616289"><ele>145.8</ele></trkpt><trkpt lat="38.007586" lon="-122.616192"><ele>145.1</ele></trkpt><trkpt lat="38.007482" lon="-122.616094"><ele>144.3</ele></trkpt><trkpt lat="38.007378" lon="-122.616018"><ele>143.5</ele></trkpt><trkpt lat="38.007265" lon="-122.615967"><ele>142.7</ele></trkpt><trkpt lat="38.007094" lon="-122.615899"><ele>141.2</ele></trkpt><trkpt lat="38.006929" lon="-122.615802"><ele>139.7</ele></trkpt><trkpt lat="38.006817" lon="-122.615705"><ele>138.6</ele></trkpt><trkpt lat="38.006601" lon="-122.615429"><ele>135.9</ele></trkpt><trkpt lat="38.006446" lon="-122.615245"><ele>133.9</ele></trkpt><trkpt lat="38.006204" lon="-122.615061"><ele>131.2</ele></trkpt><trkpt lat="38.005875" lon="-122.614709"><ele>131.4</ele></trkpt><trkpt lat="38.005744" lon="-122.614568"><ele>132.0</ele></trkpt><trkpt lat="38.005534" lon="-122.614421"><ele>132.9</ele></trkpt><trkpt lat="38.005331" lon="-122.614338"><ele>132.2</ele></trkpt><trkpt lat="38.005136" lon="-122.614334"><ele>131.5</ele></trkpt><trkpt lat="38.004820" lon="-122.614327"><ele>130.5</ele></trkpt><trkpt lat="38.004056" lon="-122.614287"><ele>115.5</ele></trkpt><trkpt lat="38.003859" lon="-122.614259"><ele>110.2</ele></trkpt><trkpt lat="38.003717" lon="-122.614218"><ele>106.3</ele></trkpt><trkpt lat="38.003594" lon="-122.614167"><ele>102.9</ele></trkpt><trkpt lat="38.003419" lon="-122.614071"><ele>97.9</ele></trkpt><trkpt lat="38.003268" lon="-122.613967"><ele>97.3</ele></trkpt><trkpt lat="38.003093" lon="-122.613822"><ele>97.1</ele></trkpt><trkpt lat="38.002943" lon="-122.613664"><ele>96.8</ele></trkpt><trkpt lat="38.002822" lon="-122.613521"><ele>96.6</ele></trkpt><trkpt lat="38.002678" lon="-122.613298"><ele>95.4</ele></trkpt><trkpt lat="38.002568" lon="-122.613064"><ele>94.2</ele></trkpt><trkpt lat="38.002487" lon="-122.612847"><ele>93.2</ele></trkpt><trkpt lat="38.002388" lon="-122.612493"><ele>91.8</ele></trkpt><trkpt lat="38.002322" lon="-122.612214"><ele>90.8</ele></trkpt><trkpt lat="38.002274" lon="-122.612037"><ele>90.2</ele></trkpt><trkpt lat="38.002198" lon="-122.611807"><ele>88.9</ele></trkpt><trkpt lat="38.002090" lon="-122.611592"><ele>86.8</ele></trkpt><trkpt lat="38.001961" lon="-122.611377"><ele>84.5</ele></trkpt><trkpt lat="38.001811" lon="-122.611156"><ele>82.1</ele></trkpt><trkpt lat="38.001670" lon="-122.610934"><ele>80.9</ele></trkpt><trkpt lat="38.001518" lon="-122.610692"><ele>79.7</ele></trkpt><trkpt lat="38.001398" lon="-122.610459"><ele>78.6</ele></trkpt><trkpt lat="38.001311" lon="-122.610235"><ele>77.9</ele></trkpt><trkpt lat="38.001243" lon="-122.609990"><ele>77.3</ele></trkpt><trkpt lat="38.001194" lon="-122.609744"><ele>76.7</ele></trkpt><trkpt lat="38.001115" lon="-122.609317"><ele>75.9</ele></trkpt><trkpt lat="38.001042" lon="-122.609066"><ele>75.5</ele></trkpt><trkpt lat="38.000950" lon="-122.608848"><ele>75.2</ele></trkpt><trkpt lat="38.000564" lon="-122.608036"><ele>72.6</ele></trkpt><trkpt lat="38.000522" lon="-122.607944"><ele>72.3</ele></trkpt><trkpt lat="38.000496" lon="-122.607880"><ele>72.1</ele></trkpt><trkpt lat="38.000470" lon="-122.607813"><ele>72.0</ele></trkpt><trkpt lat="38.000444" lon="-122.607739"><ele>71.8</ele></trkpt><trkpt lat="38.000422" lon="-122.607666"><ele>71.6</ele></trkpt><trkpt lat="38.000404" lon="-122.607596"><ele>71.4</ele></trkpt><trkpt lat="38.000393" lon="-122.607550"><ele>71.3</ele></trkpt><trkpt lat="38.000385" lon="-122.607511"><ele>71.2</ele></trkpt><trkpt lat="38.000378" lon="-122.607472"><ele>71.1</ele></trkpt><trkpt lat="38.000372" lon="-122.607435"><ele>71.0</ele></trkpt><trkpt lat="38.000367" lon="-122.607396"><ele>70.9</ele></trkpt><trkpt lat="38.000363" lon="-122.607359"><ele>70.9</ele></trkpt><trkpt lat="38.000360" lon="-122.607328"><ele>70.8</ele></trkpt><trkpt lat="38.000358" lon="-122.607298"><ele>70.7</ele></trkpt><trkpt lat="38.000355" lon="-122.607261"><ele>70.6</ele></trkpt><trkpt lat="38.000354" lon="-122.607225"><ele>70.5</ele></trkpt><trkpt lat="38.000353" lon="-122.607190"><ele>70.5</ele></trkpt><trkpt lat="38.000353" lon="-122.607158"><ele>70.4</ele></trkpt><trkpt lat="38.000354" lon="-122.607130"><ele>70.3</ele></trkpt><trkpt lat="38.000355" lon="-122.607099"><ele>70.2</ele></trkpt><trkpt lat="38.000357" lon="-122.607065"><ele>70.2</ele></trkpt><trkpt lat="38.000358" lon="-122.607035"><ele>70.1</ele></trkpt><trkpt lat="38.000361" lon="-122.607007"><ele>70.0</ele></trkpt><trkpt lat="38.000363" lon="-122.606976"><ele>69.9</ele></trkpt><trkpt lat="38.000366" lon="-122.606947"><ele>69.8</ele></trkpt><trkpt lat="38.000370" lon="-122.606907"><ele>69.7</ele></trkpt><trkpt lat="38.000375" lon="-122.606865"><ele>69.6</ele></trkpt><trkpt lat="38.000380" lon="-122.606819"><ele>69.4</ele></trkpt><trkpt lat="38.000485" lon="-122.606030"><ele>67.3</ele></trkpt><trkpt lat="38.000509" lon="-122.605827"><ele>67.1</ele></trkpt><trkpt lat="38.000516" lon="-122.605694"><ele>67.1</ele></trkpt><trkpt lat="38.000507" lon="-122.605527"><ele>66.9</ele></trkpt><trkpt lat="38.000482" lon="-122.605298"><ele>66.8</ele></trkpt><trkpt lat="38.000400" lon="-122.604640"><ele>67.0</ele></trkpt><trkpt lat="38.000378" lon="-122.604457"><ele>67.0</ele></trkpt><trkpt lat="38.000335" lon="-122.604127"><ele>66.7</ele></trkpt><trkpt lat="38.000294" lon="-122.603778"><ele>66.1</ele></trkpt><trkpt lat="38.000213" lon="-122.603143"><ele>65.0</ele></trkpt><trkpt lat="38.000136" lon="-122.602537"><ele>64.0</ele></trkpt><trkpt lat="38.000065" lon="-122.602163"><ele>63.5</ele></trkpt><trkpt lat="38.000021" lon="-122.601976"><ele>63.2</ele></trkpt><trkpt lat="37.999947" lon="-122.601743"><ele>62.9</ele></trkpt><trkpt lat="37.999865" lon="-122.601531"><ele>62.5</ele></trkpt><trkpt lat="37.999752" lon="-122.601287"><ele>61.9</ele></trkpt><trkpt lat="37.999639" lon="-122.601074"><ele>61.4</ele></trkpt><trkpt lat="37.999485" lon="-122.600832"><ele>61.0</ele></trkpt><trkpt lat="37.999318" lon="-122.600616"><ele>61.2</ele></trkpt><trkpt lat="37.999237" lon="-122.600522"><ele>61.3</ele></trkpt><trkpt lat="37.999140" lon="-122.600422"><ele>61.4</ele></trkpt><trkpt lat="37.999045" lon="-122.600331"><ele>61.5</ele></trkpt><trkpt lat="37.998947" lon="-122.600245"><ele>61.5</ele></trkpt><trkpt lat="37.998844" lon="-122.600165"><ele>61.4</ele></trkpt><trkpt lat="37.998740" lon="-122.600085"><ele>61.3</ele></trkpt><trkpt lat="37.998605" lon="-122.600005"><ele>61.2</ele></trkpt><trkpt lat="37.998419" lon="-122.599912"><ele>61.0</ele></trkpt><trkpt lat="37.998351" lon="-122.599884"><ele>61.0</ele></trkpt><trkpt lat="37.998270" lon="-122.599847"><ele>61.4</ele></trkpt><trkpt lat="37.998137" lon="-122.599794"><ele>62.0</ele></trkpt><trkpt lat="37.997867" lon="-122.599648"><ele>63.4</ele></trkpt><trkpt lat="37.997766" lon="-122.599586"><ele>63.9</ele></trkpt><trkpt lat="37.997603" lon="-122.599485"><ele>63.9</ele></trkpt><trkpt lat="37.997468" lon="-122.599401"><ele>63.3</ele></trkpt><trkpt lat="37.997253" lon="-122.599228"><ele>62.2</ele></trkpt><trkpt lat="37.997227" lon="-122.599207"><ele>62.1</ele></trkpt><trkpt lat="37.997193" lon="-122.599167"><ele>61.9</ele></trkpt><trkpt lat="37.997015" lon="-122.598958"><ele>61.2</ele></trkpt><trkpt lat="37.996958" lon="-122.598891"><ele>61.1</ele></trkpt><trkpt lat="37.996945" lon="-122.598870"><ele>61.1</ele></trkpt><trkpt lat="37.996863" lon="-122.598738"><ele>61.0</ele></trkpt><trkpt lat="37.996833" lon="-122.598688"><ele>60.9</ele></trkpt><trkpt lat="37.996620" lon="-122.598345"><ele>60.6</ele></trkpt><trkpt lat="37.996580" lon="-122.598281"><ele>60.2</ele></trkpt><trkpt lat="37.995923" lon="-122.597091"><ele>54.9</ele></trkpt><trkpt lat="37.995669" lon="-122.596626"><ele>53.9</ele></trkpt><trkpt lat="37.995644" lon="-122.596581"><ele>53.8</ele></trkpt><trkpt lat="37.995591" lon="-122.596482"><ele>53.5</ele></trkpt><trkpt lat="37.995357" lon="-122.596054"><ele>52.5</ele></trkpt><trkpt lat="37.995187" lon="-122.595773"><ele>53.1</ele></trkpt><trkpt lat="37.995030" lon="-122.595529"><ele>53.6</ele></trkpt><trkpt lat="37.994934" lon="-122.595393"><ele>53.9</ele></trkpt><trkpt lat="37.994823" lon="-122.595251"><ele>53.8</ele></trkpt><trkpt lat="37.994703" lon="-122.595124"><ele>53.6</ele></trkpt><trkpt lat="37.994485" lon="-122.594931"><ele>53.2</ele></trkpt><trkpt lat="37.993871" lon="-122.594469"><ele>52.8</ele></trkpt><trkpt lat="37.993721" lon="-122.594376"><ele>52.7</ele></trkpt><trkpt lat="37.993586" lon="-122.594283"><ele>51.8</ele></trkpt><trkpt lat="37.993298" lon="-122.594063"><ele>50.0</ele></trkpt><trkpt lat="37.993130" lon="-122.593941"><ele>48.9</ele></trkpt><trkpt lat="37.992487" lon="-122.593475"><ele>48.5</ele></trkpt><trkpt lat="37.991813" lon="-122.592984"><ele>46.1</ele></trkpt><trkpt lat="37.991477" lon="-122.592748"><ele>46.6</ele></trkpt><trkpt lat="37.991416" lon="-122.592700"><ele>46.7</ele></trkpt><trkpt lat="37.991358" lon="-122.592643"><ele>46.7</ele></trkpt><trkpt lat="37.991305" lon="-122.592707"><ele>46.8</ele></trkpt><trkpt lat="37.991235" lon="-122.592740"><ele>46.9</ele></trkpt><trkpt lat="37.991145" lon="-122.592732"><ele>46.9</ele></trkpt><trkpt lat="37.991027" lon="-122.592693"><ele>46.9</ele></trkpt><trkpt lat="37.990939" lon="-122.592648"><ele>46.9</ele></trkpt><trkpt lat="37.990861" lon="-122.592595"><ele>46.9</ele></trkpt><trkpt lat="37.990808" lon="-122.592546"><ele>46.9</ele></trkpt><trkpt lat="37.990752" lon="-122.592470"><ele>46.9</ele></trkpt><trkpt lat="37.990695" lon="-122.592402"><ele>46.9</ele></trkpt><trkpt lat="37.990643" lon="-122.592344"><ele>46.9</ele></trkpt><trkpt lat="37.990577" lon="-122.592290"><ele>47.0</ele></trkpt><trkpt lat="37.990512" lon="-122.592225"><ele>47.2</ele></trkpt><trkpt lat="37.990463" lon="-122.592161"><ele>47.4</ele></trkpt><trkpt lat="37.990410" lon="-122.592087"><ele>47.5</ele></trkpt><trkpt lat="37.990360" lon="-122.592029"><ele>47.7</ele></trkpt><trkpt lat="37.990318" lon="-122.591996"><ele>47.8</ele></trkpt><trkpt lat="37.990244" lon="-122.591973"><ele>47.9</ele></trkpt><trkpt lat="37.990177" lon="-122.591950"><ele>48.1</ele></trkpt><trkpt lat="37.990120" lon="-122.591930"><ele>48.2</ele></trkpt><trkpt lat="37.990060" lon="-122.591907"><ele>48.3</ele></trkpt><trkpt lat="37.990035" lon="-122.591935"><ele>48.4</ele></trkpt><trkpt lat="37.990000" lon="-122.591945"><ele>48.5</ele></trkpt><trkpt lat="37.989965" lon="-122.591943"><ele>48.4</ele></trkpt><trkpt lat="37.989623" lon="-122.591803"><ele>47.4</ele></trkpt><trkpt lat="37.989430" lon="-122.591734"><ele>46.9</ele></trkpt><trkpt lat="37.989239" lon="-122.591655"><ele>46.2</ele></trkpt><trkpt lat="37.989121" lon="-122.591604"><ele>45.6</ele></trkpt><trkpt lat="37.989052" lon="-122.591571"><ele>45.2</ele></trkpt><trkpt lat="37.988968" lon="-122.591529"><ele>44.8</ele></trkpt><trkpt lat="37.988688" lon="-122.591406"><ele>43.3</ele></trkpt><trkpt lat="37.988386" lon="-122.591283"><ele>42.3</ele></trkpt><trkpt lat="37.987935" lon="-122.591093"><ele>41.1</ele></trkpt><trkpt lat="37.987720" lon="-122.590867"><ele>40.2</ele></trkpt><trkpt lat="37.987544" lon="-122.590683"><ele>39.4</ele></trkpt><trkpt lat="37.987426" lon="-122.590518"><ele>38.8</ele></trkpt><trkpt lat="37.987395" lon="-122.590471"><ele>38.7</ele></trkpt><trkpt lat="37.987352" lon="-122.590375"><ele>38.6</ele></trkpt><trkpt lat="37.987238" lon="-122.590120"><ele>38.3</ele></trkpt><trkpt lat="37.987223" lon="-122.590049"><ele>38.2</ele></trkpt><trkpt lat="37.987135" lon="-122.589614"><ele>37.7</ele></trkpt><trkpt lat="37.987126" lon="-122.589528"><ele>37.6</ele></trkpt><trkpt lat="37.987107" lon="-122.589397"><ele>37.4</ele></trkpt><trkpt lat="37.987070" lon="-122.589026"><ele>36.7</ele></trkpt><trkpt lat="37.987053" lon="-122.588915"><ele>36.5</ele></trkpt><trkpt lat="37.986932" lon="-122.588982"><ele>36.3</ele></trkpt><trkpt lat="37.986579" lon="-122.589181"><ele>37.1</ele></trkpt><trkpt lat="37.986514" lon="-122.589217"><ele>37.2</ele></trkpt><trkpt lat="37.986648" lon="-122.589627"><ele>37.9</ele></trkpt><trkpt lat="37.986832" lon="-122.590194"><ele>38.3</ele></trkpt><trkpt lat="37.986869" lon="-122.590208"><ele>38.3</ele></trkpt><trkpt lat="37.986897" lon="-122.590211"><ele>38.3</ele></trkpt><trkpt lat="37.986928" lon="-122.590202"><ele>38.4</ele></trkpt><trkpt lat="37.987066" lon="-122.590118"><ele>38.3</ele></trkpt><trkpt lat="37.987161" lon="-122.590069"><ele>38.2</ele></trkpt><trkpt lat="37.987223" lon="-122.590049"><ele>38.2</ele></trkpt><trkpt lat="37.987135" lon="-122.589614"><ele>37.9</ele></trkpt><trkpt lat="37.987126" lon="-122.589528"><ele>37.8</ele></trkpt><trkpt lat="37.987107" lon="-122.589397"><ele>37.6</ele></trkpt><trkpt lat="37.987070" lon="-122.589026"><ele>36.9</ele></trkpt><trkpt lat="37.987053" lon="-122.588915"><ele>36.6</ele></trkpt><trkpt lat="37.987042" lon="-122.588806"><ele>36.4</ele></trkpt><trkpt lat="37.987005" lon="-122.588408"><ele>36.2</ele></trkpt><trkpt lat="37.987001" lon="-122.588369"><ele>36.3</ele></trkpt><trkpt lat="37.986937" lon="-122.587679"><ele>37.2</ele></trkpt><trkpt lat="37.986918" lon="-122.587476"><ele>38.4</ele></trkpt><trkpt lat="37.986915" lon="-122.587439"><ele>38.6</ele></trkpt><trkpt lat="37.986901" lon="-122.587323"><ele>39.3</ele></trkpt><trkpt lat="37.986883" lon="-122.587204"><ele>40.0</ele></trkpt><trkpt lat="37.986814" lon="-122.586380"><ele>42.1</ele></trkpt><trkpt lat="37.986751" lon="-122.585945"><ele>41.8</ele></trkpt><trkpt lat="37.986663" lon="-122.585528"><ele>40.9</ele></trkpt><trkpt lat="37.986570" lon="-122.585196"><ele>40.1</ele></trkpt><trkpt lat="37.986560" lon="-122.585169"><ele>40.0</ele></trkpt><trkpt lat="37.986516" lon="-122.585060"><ele>39.8</ele></trkpt><trkpt lat="37.986453" lon="-122.584908"><ele>39.2</ele></trkpt><trkpt lat="37.986318" lon="-122.584578"><ele>37.8</ele></trkpt><trkpt lat="37.986251" lon="-122.584359"><ele>36.9</ele></trkpt><trkpt lat="37.986074" lon="-122.583685"><ele>35.7</ele></trkpt><trkpt lat="37.986011" lon="-122.583421"><ele>35.5</ele></trkpt><trkpt lat="37.985928" lon="-122.583126"><ele>35.1</ele></trkpt><trkpt lat="37.985873" lon="-122.582970"><ele>34.9</ele></trkpt><trkpt lat="37.985818" lon="-122.582828"><ele>34.6</ele></trkpt><trkpt lat="37.985798" lon="-122.582780"><ele>34.6</ele></trkpt><trkpt lat="37.985787" lon="-122.582753"><ele>34.5</ele></trkpt><trkpt lat="37.985745" lon="-122.582632"><ele>34.4</ele></trkpt><trkpt lat="37.985708" lon="-122.582541"><ele>34.2</ele></trkpt><trkpt lat="37.985402" lon="-122.582059"><ele>32.5</ele></trkpt><trkpt lat="37.984742" lon="-122.581045"><ele>31.4</ele></trkpt><trkpt lat="37.984342" lon="-122.580427"><ele>30.8</ele></trkpt><trkpt lat="37.982478" lon="-122.577542"><ele>31.4</ele></trkpt><trkpt lat="37.982053" lon="-122.576819"><ele>31.4</ele></trkpt><trkpt lat="37.980918" lon="-122.574732"><ele>27.3</ele></trkpt><trkpt lat="37.979450" lon="-122.571944"><ele>26.4</ele></trkpt><trkpt lat="37.979402" lon="-122.571847"><ele>26.1</ele></trkpt><trkpt lat="37.979364" lon="-122.571771"><ele>25.8</ele></trkpt><trkpt lat="37.977955" lon="-122.569106"><ele>22.8</ele></trkpt><trkpt lat="37.977879" lon="-122.568928"><ele>23.1</ele></trkpt><trkpt lat="37.977810" lon="-122.568683"><ele>23.6</ele></trkpt><trkpt lat="37.977622" lon="-122.567668"><ele>23.6</ele></trkpt><trkpt lat="37.977600" lon="-122.567541"><ele>23.5</ele></trkpt><trkpt lat="37.977571" lon="-122.567376"><ele>23.2</ele></trkpt><trkpt lat="37.977134" lon="-122.564909"><ele>18.0</ele></trkpt><trkpt lat="37.977120" lon="-122.564806"><ele>17.9</ele></trkpt><trkpt lat="37.977107" lon="-122.564684"><ele>17.8</ele></trkpt><trkpt lat="37.977107" lon="-122.564634"><ele>17.8</ele></trkpt><trkpt lat="37.977109" lon="-122.564562"><ele>17.7</ele></trkpt><trkpt lat="37.977124" lon="-122.564468"><ele>17.6</ele></trkpt><trkpt lat="37.977068" lon="-122.564399"><ele>17.5</ele></trkpt><trkpt lat="37.977059" lon="-122.564388"><ele>17.5</ele></trkpt><trkpt lat="37.976969" lon="-122.564277"><ele>17.3</ele></trkpt><trkpt lat="37.976832" lon="-122.564122"><ele>17.1</ele></trkpt><trkpt lat="37.976652" lon="-122.563917"><ele>17.1</ele></trkpt><trkpt lat="37.976593" lon="-122.563849"><ele>17.1</ele></trkpt><trkpt lat="37.976480" lon="-122.563720"><ele>17.1</ele></trkpt><trkpt lat="37.976309" lon="-122.563499"><ele>17.1</ele></trkpt><trkpt lat="37.976172" lon="-122.563241"><ele>16.9</ele></trkpt><trkpt lat="37.976129" lon="-122.563161"><ele>16.8</ele></trkpt><trkpt lat="37.976068" lon="-122.562986"><ele>16.7</ele></trkpt><trkpt lat="37.975996" lon="-122.562842"><ele>16.6</ele></trkpt><trkpt lat="37.975901" lon="-122.562740"><ele>16.5</ele></trkpt><trkpt lat="37.975805" lon="-122.562670"><ele>16.5</ele></trkpt><trkpt lat="37.975709" lon="-122.562635"><ele>16.5</ele></trkpt><trkpt lat="37.975574" lon="-122.562620"><ele>16.6</ele></trkpt><trkpt lat="37.975227" lon="-122.562626"><ele>16.7</ele></trkpt><trkpt lat="37.975189" lon="-122.562623"><ele>16.8</ele></trkpt><trkpt lat="37.975031" lon="-122.562609"><ele>16.8</ele></trkpt><trkpt lat="37.974956" lon="-122.562599"><ele>16.8</ele></trkpt><trkpt lat="37.974904" lon="-122.562585"><ele>16.8</ele></trkpt><trkpt lat="37.974819" lon="-122.562560"><ele>16.8</ele></trkpt><trkpt lat="37.974664" lon="-122.562500"><ele>16.8</ele></trkpt><trkpt lat="37.974643" lon="-122.562493"><ele>16.8</ele></trkpt><trkpt lat="37.974541" lon="-122.562459"><ele>16.8</ele></trkpt><trkpt lat="37.974438" lon="-122.562426"><ele>16.8</ele></trkpt><trkpt lat="37.974336" lon="-122.562383"><ele>16.8</ele></trkpt><trkpt lat="37.974218" lon="-122.562321"><ele>16.8</ele></trkpt><trkpt lat="37.974108" lon="-122.562287"><ele>16.8</ele></trkpt><trkpt lat="37.973794" lon="-122.562273"><ele>16.8</ele></trkpt><trkpt lat="37.973631" lon="-122.562262"><ele>16.7</ele></trkpt><trkpt lat="37.973629" lon="-122.561943"><ele>16.6</ele></trkpt><trkpt lat="37.973029" lon="-122.561870"><ele>16.0</ele></trkpt><trkpt lat="37.972810" lon="-122.561798"><ele>15.6</ele></trkpt><trkpt lat="37.972626" lon="-122.561735"><ele>15.3</ele></trkpt><trkpt lat="37.972324" lon="-122.561636"><ele>15.1</ele></trkpt><trkpt lat="37.971986" lon="-122.561519"><ele>15.0</ele></trkpt><trkpt lat="37.970034" lon="-122.560847"><ele>14.0</ele></trkpt><trkpt lat="37.969544" lon="-122.560667"><ele>14.2</ele></trkpt><trkpt lat="37.969304" lon="-122.560580"><ele>14.5</ele></trkpt><trkpt lat="37.968835" lon="-122.560410"><ele>15.1</ele></trkpt><trkpt lat="37.968526" lon="-122.560299"><ele>15.6</ele></trkpt><trkpt lat="37.968384" lon="-122.560173"><ele>15.9</ele></trkpt><trkpt lat="37.968062" lon="-122.559992"><ele>16.2</ele></trkpt><trkpt lat="37.967871" lon="-122.559830"><ele>16.4</ele></trkpt><trkpt lat="37.967386" lon="-122.559267"><ele>16.9</ele></trkpt><trkpt lat="37.966523" lon="-122.558791"><ele>16.9</ele></trkpt><trkpt lat="37.966195" lon="-122.558603"><ele>17.7</ele></trkpt><trkpt lat="37.965506" lon="-122.558207"><ele>19.2</ele></trkpt><trkpt lat="37.965286" lon="-122.557994"><ele>19.8</ele></trkpt><trkpt lat="37.965206" lon="-122.557915"><ele>19.6</ele></trkpt><trkpt lat="37.965113" lon="-122.557828"><ele>19.3</ele></trkpt><trkpt lat="37.965046" lon="-122.557766"><ele>19.2</ele></trkpt><trkpt lat="37.964540" lon="-122.557294"><ele>17.7</ele></trkpt><trkpt lat="37.964485" lon="-122.557244"><ele>17.6</ele></trkpt><trkpt lat="37.964430" lon="-122.557195"><ele>17.4</ele></trkpt><trkpt lat="37.964370" lon="-122.557142"><ele>17.2</ele></trkpt><trkpt lat="37.964314" lon="-122.557096"><ele>17.0</ele></trkpt><trkpt lat="37.964258" lon="-122.557048"><ele>16.9</ele></trkpt><trkpt lat="37.964199" lon="-122.557003"><ele>16.7</ele></trkpt><trkpt lat="37.964146" lon="-122.556962"><ele>16.5</ele></trkpt><trkpt lat="37.964093" lon="-122.556922"><ele>16.3</ele></trkpt><trkpt lat="37.964043" lon="-122.556885"><ele>16.1</ele></trkpt><trkpt lat="37.963408" lon="-122.556438"><ele>13.6</ele></trkpt><trkpt lat="37.963350" lon="-122.556398"><ele>13.6</ele></trkpt><trkpt lat="37.963234" lon="-122.556319"><ele>13.5</ele></trkpt><trkpt lat="37.962750" lon="-122.555977"><ele>12.8</ele></trkpt><trkpt lat="37.962650" lon="-122.555906"><ele>12.5</ele></trkpt><trkpt lat="37.962566" lon="-122.555840"><ele>12.2</ele></trkpt><trkpt lat="37.962514" lon="-122.555800"><ele>12.1</ele></trkpt><trkpt lat="37.962468" lon="-122.555768"><ele>12.0</ele></trkpt><trkpt lat="37.962313" lon="-122.555662"><ele>11.5</ele></trkpt><trkpt lat="37.961496" lon="-122.555096"><ele>11.3</ele></trkpt><trkpt lat="37.961334" lon="-122.554979"><ele>11.3</ele></trkpt><trkpt lat="37.961193" lon="-122.554857"><ele>11.3</ele></trkpt><trkpt lat="37.961153" lon="-122.554816"><ele>11.3</ele></trkpt><trkpt lat="37.961065" lon="-122.554732"><ele>11.3</ele></trkpt><trkpt lat="37.961024" lon="-122.554688"><ele>11.3</ele></trkpt><trkpt lat="37.960982" lon="-122.554637"><ele>11.3</ele></trkpt><trkpt lat="37.960943" lon="-122.554586"><ele>11.3</ele></trkpt><trkpt lat="37.960884" lon="-122.554511"><ele>11.3</ele></trkpt><trkpt lat="37.960823" lon="-122.554432"><ele>11.4</ele></trkpt><trkpt lat="37.960587" lon="-122.554126"><ele>11.5</ele></trkpt><trkpt lat="37.960164" lon="-122.553581"><ele>11.6</ele></trkpt><trkpt lat="37.959856" lon="-122.553183"><ele>11.6</ele></trkpt><trkpt lat="37.959674" lon="-122.552943"><ele>11.6</ele></trkpt><trkpt lat="37.959642" lon="-122.552903"><ele>11.6</ele></trkpt><trkpt lat="37.959536" lon="-122.552761"><ele>11.6</ele></trkpt><trkpt lat="37.959349" lon="-122.552506"><ele>12.1</ele></trkpt><trkpt lat="37.959268" lon="-122.552396"><ele>12.4</ele></trkpt><trkpt lat="37.959175" lon="-122.552271"><ele>12.7</ele></trkpt><trkpt lat="37.959043" lon="-122.552095"><ele>13.2</ele></trkpt><trkpt lat="37.958687" lon="-122.551620"><ele>13.6</ele></trkpt><trkpt lat="37.958637" lon="-122.551554"><ele>13.6</ele></trkpt><trkpt lat="37.958462" lon="-122.551320"><ele>13.8</ele></trkpt><trkpt lat="37.958266" lon="-122.551056"><ele>14.1</ele></trkpt><trkpt lat="37.958157" lon="-122.550908"><ele>14.3</ele></trkpt><trkpt lat="37.957875" lon="-122.550529"><ele>13.9</ele></trkpt><trkpt lat="37.957627" lon="-122.550202"><ele>12.6</ele></trkpt><trkpt lat="37.957592" lon="-122.550155"><ele>12.4</ele></trkpt><trkpt lat="37.957333" lon="-122.549813"><ele>11.7</ele></trkpt><trkpt lat="37.957202" lon="-122.549639"><ele>11.5</ele></trkpt><trkpt lat="37.956980" lon="-122.549346"><ele>11.2</ele></trkpt><trkpt lat="37.956829" lon="-122.549145"><ele>11.1</ele></trkpt><trkpt lat="37.956389" lon="-122.548493"><ele>10.9</ele></trkpt><trkpt lat="37.956308" lon="-122.548373"><ele>11.1</ele></trkpt><trkpt lat="37.956227" lon="-122.548330"><ele>11.2</ele></trkpt><trkpt lat="37.956068" lon="-122.548128"><ele>11.5</ele></trkpt><trkpt lat="37.955802" lon="-122.547801"><ele>11.6</ele></trkpt><trkpt lat="37.955696" lon="-122.547886"><ele>11.6</ele></trkpt><trkpt lat="37.955468" lon="-122.547994"><ele>11.6</ele></trkpt><trkpt lat="37.954867" lon="-122.548278"><ele>10.1</ele></trkpt><trkpt lat="37.954601" lon="-122.548406"><ele>9.4</ele></trkpt><trkpt lat="37.954365" lon="-122.548519"><ele>8.8</ele></trkpt><trkpt lat="37.954331" lon="-122.548536"><ele>8.7</ele></trkpt><trkpt lat="37.954191" lon="-122.548603"><ele>8.3</ele></trkpt><trkpt lat="37.954166" lon="-122.548614"><ele>8.2</ele></trkpt><trkpt lat="37.954102" lon="-122.548648"><ele>8.1</ele></trkpt><trkpt lat="37.954033" lon="-122.548682"><ele>7.9</ele></trkpt><trkpt lat="37.953836" lon="-122.548778"><ele>7.4</ele></trkpt><trkpt lat="37.953743" lon="-122.548824"><ele>7.2</ele></trkpt><trkpt lat="37.953495" lon="-122.548946"><ele>6.6</ele></trkpt><trkpt lat="37.953352" lon="-122.549016"><ele>6.4</ele></trkpt><trkpt lat="37.953110" lon="-122.549138"><ele>6.3</ele></trkpt><trkpt lat="37.952982" lon="-122.549200"><ele>6.2</ele></trkpt><trkpt lat="37.952792" lon="-122.549293"><ele>6.1</ele></trkpt><trkpt lat="37.952706" lon="-122.549335"><ele>6.1</ele></trkpt><trkpt lat="37.952592" lon="-122.549392"><ele>5.9</ele></trkpt><trkpt lat="37.952262" lon="-122.549572"><ele>5.5</ele></trkpt><trkpt lat="37.952189" lon="-122.549602"><ele>5.4</ele></trkpt><trkpt lat="37.952009" lon="-122.549650"><ele>5.2</ele></trkpt><trkpt lat="37.951787" lon="-122.549684"><ele>5.2</ele></trkpt><trkpt lat="37.951625" lon="-122.549692"><ele>5.2</ele></trkpt><trkpt lat="37.951518" lon="-122.549697"><ele>5.2</ele></trkpt><trkpt lat="37.951341" lon="-122.549700"><ele>5.2</ele></trkpt><trkpt lat="37.951000" lon="-122.549706"><ele>5.8</ele></trkpt><trkpt lat="37.950990" lon="-122.549706"><ele>5.9</ele></trkpt><trkpt lat="37.950779" lon="-122.549693"><ele>6.3</ele></trkpt><trkpt lat="37.950500" lon="-122.549687"><ele>6.7</ele></trkpt><trkpt lat="37.950441" lon="-122.549685"><ele>6.8</ele></trkpt><trkpt lat="37.950378" lon="-122.549681"><ele>6.8</ele></trkpt><trkpt lat="37.949947" lon="-122.549660"><ele>7.0</ele></trkpt><trkpt lat="37.949875" lon="-122.549656"><ele>7.0</ele></trkpt><trkpt lat="37.949338" lon="-122.549641"><ele>6.6</ele></trkpt><trkpt lat="37.949157" lon="-122.549625"><ele>6.4</ele></trkpt><trkpt lat="37.948982" lon="-122.549588"><ele>6.1</ele></trkpt><trkpt lat="37.948814" lon="-122.549494"><ele>5.7</ele></trkpt><trkpt lat="37.948723" lon="-122.549426"><ele>5.4</ele></trkpt><trkpt lat="37.948552" lon="-122.549274"><ele>5.0</ele></trkpt><trkpt lat="37.948439" lon="-122.549078"><ele>4.8</ele></trkpt><trkpt lat="37.948187" lon="-122.548632"><ele>4.6</ele></trkpt><trkpt lat="37.948113" lon="-122.548500"><ele>4.6</ele></trkpt><trkpt lat="37.948092" lon="-122.548462"><ele>4.6</ele></trkpt><trkpt lat="37.947910" lon="-122.548138"><ele>5.1</ele></trkpt><trkpt lat="37.947720" lon="-122.547801"><ele>5.7</ele></trkpt><trkpt lat="37.947670" lon="-122.547712"><ele>5.8</ele></trkpt><trkpt lat="37.947651" lon="-122.547673"><ele>5.8</ele></trkpt><trkpt lat="37.947628" lon="-122.547633"><ele>5.8</ele></trkpt><trkpt lat="37.947441" lon="-122.547305"><ele>5.8</ele></trkpt><trkpt lat="37.947393" lon="-122.547220"><ele>5.8</ele></trkpt><trkpt lat="37.947314" lon="-122.547081"><ele>5.8</ele></trkpt><trkpt lat="37.947259" lon="-122.546982"><ele>5.8</ele></trkpt><trkpt lat="37.947184" lon="-122.546849"><ele>5.8</ele></trkpt><trkpt lat="37.947138" lon="-122.546767"><ele>5.8</ele></trkpt><trkpt lat="37.947103" lon="-122.546705"><ele>5.8</ele></trkpt><trkpt lat="37.946996" lon="-122.546517"><ele>5.8</ele></trkpt><trkpt lat="37.946953" lon="-122.546438"><ele>5.8</ele></trkpt><trkpt lat="37.946936" lon="-122.546407"><ele>5.8</ele></trkpt><trkpt lat="37.946898" lon="-122.546338"><ele>5.8</ele></trkpt><trkpt lat="37.946841" lon="-122.546236"><ele>5.8</ele></trkpt><trkpt lat="37.946667" lon="-122.545923"><ele>5.0</ele></trkpt><trkpt lat="37.946596" lon="-122.545794"><ele>4.7</ele></trkpt><trkpt lat="37.946520" lon="-122.545657"><ele>4.4</ele></trkpt><trkpt lat="37.946465" lon="-122.545559"><ele>4.1</ele></trkpt><trkpt lat="37.946259" lon="-122.545191"><ele>4.2</ele></trkpt><trkpt lat="37.946214" lon="-122.545091"><ele>4.3</ele></trkpt><trkpt lat="37.946183" lon="-122.545059"><ele>4.3</ele></trkpt><trkpt lat="37.946131" lon="-122.545016"><ele>4.4</ele></trkpt><trkpt lat="37.946047" lon="-122.544842"><ele>4.5</ele></trkpt><trkpt lat="37.945957" lon="-122.544581"><ele>4.6</ele></trkpt><trkpt lat="37.945778" lon="-122.544195"><ele>4.6</ele></trkpt><trkpt lat="37.945669" lon="-122.544033"><ele>4.6</ele></trkpt><trkpt lat="37.945395" lon="-122.543652"><ele>5.5</ele></trkpt><trkpt lat="37.945272" lon="-122.543472"><ele>6.0</ele></trkpt><trkpt lat="37.945040" lon="-122.543233"><ele>6.7</ele></trkpt><trkpt lat="37.944834" lon="-122.543083"><ele>7.2</ele></trkpt><trkpt lat="37.944779" lon="-122.543044"><ele>7.3</ele></trkpt><trkpt lat="37.944686" lon="-122.542979"><ele>7.5</ele></trkpt><trkpt lat="37.944553" lon="-122.542886"><ele>7.8</ele></trkpt><trkpt lat="37.944425" lon="-122.542801"><ele>8.0</ele></trkpt><trkpt lat="37.944401" lon="-122.542780"><ele>8.0</ele></trkpt><trkpt lat="37.944198" lon="-122.542519"><ele>8.3</ele></trkpt><trkpt lat="37.943874" lon="-122.542078"><ele>9.2</ele></trkpt><trkpt lat="37.943535" lon="-122.541486"><ele>11.2</ele></trkpt><trkpt lat="37.943327" lon="-122.541012"><ele>9.5</ele></trkpt><trkpt lat="37.943280" lon="-122.540906"><ele>9.2</ele></trkpt><trkpt lat="37.943109" lon="-122.540535"><ele>10.0</ele></trkpt><trkpt lat="37.943069" lon="-122.540438"><ele>10.8</ele></trkpt><trkpt lat="37.943034" lon="-122.540360"><ele>11.4</ele></trkpt><trkpt lat="37.943002" lon="-122.540300"><ele>11.9</ele></trkpt><trkpt lat="37.942824" lon="-122.540021"><ele>14.4</ele></trkpt><trkpt lat="37.942531" lon="-122.539694"><ele>13.5</ele></trkpt><trkpt lat="37.942388" lon="-122.539581"><ele>12.8</ele></trkpt><trkpt lat="37.942151" lon="-122.539425"><ele>12.0</ele></trkpt><trkpt lat="37.941935" lon="-122.539320"><ele>12.4</ele></trkpt><trkpt lat="37.941813" lon="-122.539241"><ele>12.6</ele></trkpt><trkpt lat="37.941708" lon="-122.539178"><ele>12.8</ele></trkpt><trkpt lat="37.941365" lon="-122.538979"><ele>12.4</ele></trkpt><trkpt lat="37.941217" lon="-122.538869"><ele>11.7</ele></trkpt><trkpt lat="37.941153" lon="-122.538788"><ele>11.4</ele></trkpt><trkpt lat="37.940978" lon="-122.538552"><ele>10.4</ele></trkpt><trkpt lat="37.940871" lon="-122.538336"><ele>10.5</ele></trkpt><trkpt lat="37.940759" lon="-122.537995"><ele>10.8</ele></trkpt><trkpt lat="37.940629" lon="-122.537690"><ele>11.0</ele></trkpt><trkpt lat="37.940432" lon="-122.537426"><ele>11.0</ele></trkpt><trkpt lat="37.939597" lon="-122.536447"><ele>14.6</ele></trkpt><trkpt lat="37.939417" lon="-122.536247"><ele>14.5</ele></trkpt><trkpt lat="37.938963" lon="-122.535722"><ele>14.4</ele></trkpt><trkpt lat="37.938879" lon="-122.535625"><ele>14.5</ele></trkpt><trkpt lat="37.938585" lon="-122.535260"><ele>14.9</ele></trkpt><trkpt lat="37.938404" lon="-122.535092"><ele>13.7</ele></trkpt><trkpt lat="37.938121" lon="-122.534931"><ele>11.6</ele></trkpt><trkpt lat="37.938103" lon="-122.534920"><ele>11.5</ele></trkpt><trkpt lat="37.938056" lon="-122.534893"><ele>11.2</ele></trkpt><trkpt lat="37.937955" lon="-122.534851"><ele>10.5</ele></trkpt><trkpt lat="37.937939" lon="-122.534844"><ele>10.3</ele></trkpt><trkpt lat="37.937711" lon="-122.534787"><ele>10.6</ele></trkpt><trkpt lat="37.937460" lon="-122.534812"><ele>11.4</ele></trkpt><trkpt lat="37.937221" lon="-122.534876"><ele>12.1</ele></trkpt><trkpt lat="37.937077" lon="-122.534929"><ele>12.3</ele></trkpt><trkpt lat="37.937016" lon="-122.534955"><ele>12.3</ele></trkpt><trkpt lat="37.936949" lon="-122.534976"><ele>12.4</ele></trkpt><trkpt lat="37.936690" lon="-122.535029"><ele>12.6</ele></trkpt><trkpt lat="37.936570" lon="-122.535062"><ele>12.7</ele></trkpt><trkpt lat="37.936463" lon="-122.535088"><ele>12.8</ele></trkpt><trkpt lat="37.936426" lon="-122.535099"><ele>12.7</ele></trkpt><trkpt lat="37.936330" lon="-122.535125"><ele>12.5</ele></trkpt><trkpt lat="37.936151" lon="-122.535173"><ele>12.2</ele></trkpt><trkpt lat="37.936084" lon="-122.535192"><ele>12.1</ele></trkpt><trkpt lat="37.936033" lon="-122.535205"><ele>12.0</ele></trkpt><trkpt lat="37.935889" lon="-122.535249"><ele>11.8</ele></trkpt><trkpt lat="37.935488" lon="-122.535359"><ele>11.0</ele></trkpt><trkpt lat="37.935278" lon="-122.535419"><ele>10.5</ele></trkpt><trkpt lat="37.935197" lon="-122.535447"><ele>10.3</ele></trkpt><trkpt lat="37.935145" lon="-122.535461"><ele>10.2</ele></trkpt><trkpt lat="37.935084" lon="-122.535479"><ele>10.1</ele></trkpt><trkpt lat="37.935028" lon="-122.535495"><ele>10.1</ele></trkpt><trkpt lat="37.934905" lon="-122.535529"><ele>10.4</ele></trkpt><trkpt lat="37.934890" lon="-122.535533"><ele>10.4</ele></trkpt><trkpt lat="37.934510" lon="-122.535629"><ele>11.2</ele></trkpt><trkpt lat="37.934242" lon="-122.535703"><ele>12.6</ele></trkpt><trkpt lat="37.934183" lon="-122.535719"><ele>13.1</ele></trkpt><trkpt lat="37.934117" lon="-122.535733"><ele>13.7</ele></trkpt><trkpt lat="37.933560" lon="-122.535850"><ele>19.1</ele></trkpt><trkpt lat="37.933446" lon="-122.535870"><ele>20.4</ele></trkpt><trkpt lat="37.933392" lon="-122.535880"><ele>21.0</ele></trkpt><trkpt lat="37.933113" lon="-122.535933"><ele>24.4</ele></trkpt><trkpt lat="37.933017" lon="-122.535949"><ele>25.5</ele></trkpt><trkpt lat="37.932802" lon="-122.535988"><ele>26.7</ele></trkpt><trkpt lat="37.932756" lon="-122.535999"><ele>26.8</ele></trkpt><trkpt lat="37.932647" lon="-122.536014"><ele>27.0</ele></trkpt><trkpt lat="37.932536" lon="-122.535984"><ele>27.2</ele></trkpt><trkpt lat="37.932380" lon="-122.535959"><ele>27.5</ele></trkpt><trkpt lat="37.932329" lon="-122.535946"><ele>27.5</ele></trkpt><trkpt lat="37.932195" lon="-122.535921"><ele>27.7</ele></trkpt><trkpt lat="37.932005" lon="-122.535893"><ele>26.7</ele></trkpt><trkpt lat="37.931908" lon="-122.535882"><ele>26.2</ele></trkpt><trkpt lat="37.931791" lon="-122.535868"><ele>25.6</ele></trkpt><trkpt lat="37.931706" lon="-122.535848"><ele>25.1</ele></trkpt><trkpt lat="37.931322" lon="-122.535692"><ele>22.3</ele></trkpt><trkpt lat="37.931248" lon="-122.535660"><ele>21.6</ele></trkpt><trkpt lat="37.931169" lon="-122.535621"><ele>20.9</ele></trkpt><trkpt lat="37.929909" lon="-122.534975"><ele>19.2</ele></trkpt><trkpt lat="37.929800" lon="-122.534777"><ele>19.6</ele></trkpt><trkpt lat="37.929477" lon="-122.534062"><ele>21.4</ele></trkpt><trkpt lat="37.929435" lon="-122.533973"><ele>21.7</ele></trkpt><trkpt lat="37.929399" lon="-122.533896"><ele>22.0</ele></trkpt><trkpt lat="37.929195" lon="-122.533499"><ele>22.9</ele></trkpt><trkpt lat="37.929074" lon="-122.533264"><ele>23.3</ele></trkpt><trkpt lat="37.929039" lon="-122.533212"><ele>23.4</ele></trkpt><trkpt lat="37.929024" lon="-122.533189"><ele>23.4</ele></trkpt><trkpt lat="37.928935" lon="-122.533093"><ele>23.6</ele></trkpt><trkpt lat="37.928635" lon="-122.532784"><ele>24.0</ele></trkpt><trkpt lat="37.928583" lon="-122.532736"><ele>24.1</ele></trkpt><trkpt lat="37.927963" lon="-122.532164"><ele>24.5</ele></trkpt><trkpt lat="37.927880" lon="-122.532078"><ele>24.6</ele></trkpt><trkpt lat="37.927697" lon="-122.531875"><ele>24.7</ele></trkpt><trkpt lat="37.927224" lon="-122.531374"><ele>24.7</ele></trkpt><trkpt lat="37.927005" lon="-122.531143"><ele>24.7</ele></trkpt><trkpt lat="37.926517" lon="-122.530605"><ele>24.5</ele></trkpt><trkpt lat="37.926142" lon="-122.530211"><ele>23.9</ele></trkpt><trkpt lat="37.926091" lon="-122.530152"><ele>23.8</ele></trkpt><trkpt lat="37.926040" lon="-122.530102"><ele>23.8</ele></trkpt><trkpt lat="37.925984" lon="-122.530043"><ele>24.2</ele></trkpt><trkpt lat="37.925884" lon="-122.529956"><ele>24.9</ele></trkpt><trkpt lat="37.925796" lon="-122.529900"><ele>25.5</ele></trkpt><trkpt lat="37.925706" lon="-122.529858"><ele>26.0</ele></trkpt><trkpt lat="37.925678" lon="-122.529845"><ele>26.2</ele></trkpt><trkpt lat="37.925572" lon="-122.529825"><ele>26.8</ele></trkpt><trkpt lat="37.925562" lon="-122.529825"><ele>26.8</ele></trkpt><trkpt lat="37.925169" lon="-122.529834"><ele>29.0</ele></trkpt><trkpt lat="37.925107" lon="-122.529823"><ele>29.3</ele></trkpt><trkpt lat="37.925047" lon="-122.529800"><ele>29.7</ele></trkpt><trkpt lat="37.924990" lon="-122.529757"><ele>30.0</ele></trkpt><trkpt lat="37.924954" lon="-122.529710"><ele>30.3</ele></trkpt><trkpt lat="37.924927" lon="-122.529658"><ele>30.6</ele></trkpt><trkpt lat="37.924898" lon="-122.529553"><ele>31.0</ele></trkpt><trkpt lat="37.924876" lon="-122.529362"><ele>32.0</ele></trkpt><trkpt lat="37.924864" lon="-122.529290"><ele>32.5</ele></trkpt><trkpt lat="37.924838" lon="-122.529224"><ele>33.0</ele></trkpt><trkpt lat="37.924789" lon="-122.529170"><ele>33.5</ele></trkpt><trkpt lat="37.924721" lon="-122.529131"><ele>34.1</ele></trkpt><trkpt lat="37.924640" lon="-122.529105"><ele>34.8</ele></trkpt><trkpt lat="37.924550" lon="-122.529102"><ele>35.6</ele></trkpt><trkpt lat="37.924472" lon="-122.529114"><ele>36.2</ele></trkpt><trkpt lat="37.924399" lon="-122.529136"><ele>36.9</ele></trkpt><trkpt lat="37.924316" lon="-122.529180"><ele>37.6</ele></trkpt><trkpt lat="37.924257" lon="-122.529227"><ele>38.3</ele></trkpt><trkpt lat="37.924195" lon="-122.529289"><ele>39.1</ele></trkpt><trkpt lat="37.924139" lon="-122.529356"><ele>39.8</ele></trkpt><trkpt lat="37.924093" lon="-122.529431"><ele>40.6</ele></trkpt><trkpt lat="37.924041" lon="-122.529562"><ele>41.7</ele></trkpt><trkpt lat="37.923981" lon="-122.529885"><ele>44.3</ele></trkpt><trkpt lat="37.923941" lon="-122.530023"><ele>45.7</ele></trkpt><trkpt lat="37.923883" lon="-122.530135"><ele>47.2</ele></trkpt><trkpt lat="37.923735" lon="-122.530366"><ele>50.4</ele></trkpt><trkpt lat="37.923637" lon="-122.530510"><ele>52.5</ele></trkpt><trkpt lat="37.923564" lon="-122.530584"><ele>53.8</ele></trkpt><trkpt lat="37.923483" lon="-122.530631"><ele>54.9</ele></trkpt><trkpt lat="37.923440" lon="-122.530652"><ele>55.1</ele></trkpt><trkpt lat="37.923164" lon="-122.530722"><ele>56.1</ele></trkpt><trkpt lat="37.923031" lon="-122.530806"><ele>56.7</ele></trkpt><trkpt lat="37.922885" lon="-122.530933"><ele>57.4</ele></trkpt><trkpt lat="37.922786" lon="-122.531009"><ele>57.4</ele></trkpt><trkpt lat="37.922651" lon="-122.531054"><ele>56.9</ele></trkpt><trkpt lat="37.922544" lon="-122.531055"><ele>56.5</ele></trkpt><trkpt lat="37.922459" lon="-122.531027"><ele>56.1</ele></trkpt><trkpt lat="37.922394" lon="-122.530963"><ele>55.8</ele></trkpt><trkpt lat="37.922351" lon="-122.530877"><ele>55.5</ele></trkpt><trkpt lat="37.922341" lon="-122.530767"><ele>55.1</ele></trkpt><trkpt lat="37.922382" lon="-122.530558"><ele>54.3</ele></trkpt><trkpt lat="37.922384" lon="-122.530450"><ele>53.7</ele></trkpt><trkpt lat="37.922361" lon="-122.530364"><ele>53.3</ele></trkpt><trkpt lat="37.922329" lon="-122.530294"><ele>52.9</ele></trkpt><trkpt lat="37.922279" lon="-122.530237"><ele>52.4</ele></trkpt><trkpt lat="37.922232" lon="-122.530207"><ele>52.1</ele></trkpt><trkpt lat="37.922162" lon="-122.530183"><ele>51.7</ele></trkpt><trkpt lat="37.921941" lon="-122.530173"><ele>50.4</ele></trkpt><trkpt lat="37.921852" lon="-122.530151"><ele>51.7</ele></trkpt><trkpt lat="37.921768" lon="-122.530104"><ele>53.0</ele></trkpt><trkpt lat="37.921633" lon="-122.529961"><ele>55.6</ele></trkpt><trkpt lat="37.921566" lon="-122.529885"><ele>56.9</ele></trkpt><trkpt lat="37.921493" lon="-122.529830"><ele>58.2</ele></trkpt><trkpt lat="37.921418" lon="-122.529806"><ele>59.3</ele></trkpt><trkpt lat="37.921341" lon="-122.529814"><ele>60.5</ele></trkpt><trkpt lat="37.921261" lon="-122.529859"><ele>61.7</ele></trkpt><trkpt lat="37.921189" lon="-122.529951"><ele>63.2</ele></trkpt><trkpt lat="37.921106" lon="-122.530154"><ele>65.9</ele></trkpt><trkpt lat="37.921046" lon="-122.530259"><ele>67.4</ele></trkpt><trkpt lat="37.920992" lon="-122.530313"><ele>68.4</ele></trkpt><trkpt lat="37.920946" lon="-122.530336"><ele>69.1</ele></trkpt><trkpt lat="37.920873" lon="-122.530346"><ele>70.2</ele></trkpt><trkpt lat="37.920798" lon="-122.530328"><ele>71.3</ele></trkpt><trkpt lat="37.920712" lon="-122.530270"><ele>72.9</ele></trkpt><trkpt lat="37.920674" lon="-122.530226"><ele>73.8</ele></trkpt><trkpt lat="37.920549" lon="-122.530057"><ele>76.8</ele></trkpt><trkpt lat="37.920477" lon="-122.530015"><ele>78.2</ele></trkpt><trkpt lat="37.920404" lon="-122.530001"><ele>79.4</ele></trkpt><trkpt lat="37.920319" lon="-122.530009"><ele>80.8</ele></trkpt><trkpt lat="37.920229" lon="-122.530059"><ele>82.5</ele></trkpt><trkpt lat="37.920054" lon="-122.530224"><ele>82.9</ele></trkpt><trkpt lat="37.919952" lon="-122.530300"><ele>82.5</ele></trkpt><trkpt lat="37.919851" lon="-122.530326"><ele>82.1</ele></trkpt><trkpt lat="37.919779" lon="-122.530316"><ele>81.8</ele></trkpt><trkpt lat="37.919716" lon="-122.530289"><ele>81.6</ele></trkpt><trkpt lat="37.919648" lon="-122.530214"><ele>81.2</ele></trkpt><trkpt lat="37.919593" lon="-122.530068"><ele>80.8</ele></trkpt><trkpt lat="37.919588" lon="-122.529974"><ele>81.5</ele></trkpt><trkpt lat="37.919602" lon="-122.529867"><ele>82.2</ele></trkpt><trkpt lat="37.919672" lon="-122.529663"><ele>83.7</ele></trkpt><trkpt lat="37.919687" lon="-122.529528"><ele>84.6</ele></trkpt><trkpt lat="37.919663" lon="-122.529394"><ele>85.5</ele></trkpt><trkpt lat="37.919566" lon="-122.529091"><ele>87.3</ele></trkpt><trkpt lat="37.919541" lon="-122.529012"><ele>87.7</ele></trkpt><trkpt lat="37.919515" lon="-122.528940"><ele>88.0</ele></trkpt><trkpt lat="37.919483" lon="-122.528872"><ele>88.3</ele></trkpt><trkpt lat="37.919402" lon="-122.528782"><ele>88.9</ele></trkpt><trkpt lat="37.919305" lon="-122.528732"><ele>89.4</ele></trkpt><trkpt lat="37.919209" lon="-122.528720"><ele>89.9</ele></trkpt><trkpt lat="37.918815" lon="-122.528730"><ele>95.8</ele></trkpt><trkpt lat="37.918696" lon="-122.528699"><ele>98.2</ele></trkpt><trkpt lat="37.918493" lon="-122.528606"><ele>102.4</ele></trkpt><trkpt lat="37.918407" lon="-122.528589"><ele>104.0</ele></trkpt><trkpt lat="37.918316" lon="-122.528606"><ele>104.9</ele></trkpt><trkpt lat="37.918157" lon="-122.528684"><ele>105.7</ele></trkpt><trkpt lat="37.918069" lon="-122.528702"><ele>106.2</ele></trkpt><trkpt lat="37.917957" lon="-122.528670"><ele>106.8</ele></trkpt><trkpt lat="37.917862" lon="-122.528580"><ele>107.4</ele></trkpt><trkpt lat="37.917790" lon="-122.528466"><ele>107.9</ele></trkpt><trkpt lat="37.917632" lon="-122.528164"><ele>109.4</ele></trkpt><trkpt lat="37.917362" lon="-122.527565"><ele>112.4</ele></trkpt><trkpt lat="37.917238" lon="-122.527850"><ele>115.2</ele></trkpt><trkpt lat="37.917275" lon="-122.527992"><ele>116.5</ele></trkpt><trkpt lat="37.917476" lon="-122.528724"><ele>120.7</ele></trkpt><trkpt lat="37.917542" lon="-122.529346"><ele>123.0</ele></trkpt><trkpt lat="37.917466" lon="-122.529761"><ele>125.4</ele></trkpt><trkpt lat="37.917444" lon="-122.529857"><ele>125.9</ele></trkpt><trkpt lat="37.917422" lon="-122.529954"><ele>126.5</ele></trkpt><trkpt lat="37.917377" lon="-122.529918"><ele>126.9</ele></trkpt><trkpt lat="37.917372" lon="-122.529817"><ele>127.4</ele></trkpt><trkpt lat="37.917395" lon="-122.529617"><ele>126.7</ele></trkpt><trkpt lat="37.917418" lon="-122.529266"><ele>125.5</ele></trkpt><trkpt lat="37.917371" lon="-122.529083"><ele>124.8</ele></trkpt><trkpt lat="37.917229" lon="-122.528889"><ele>125.2</ele></trkpt><trkpt lat="37.917051" lon="-122.528756"><ele>127.0</ele></trkpt><trkpt lat="37.916943" lon="-122.528608"><ele>128.4</ele></trkpt><trkpt lat="37.916755" lon="-122.528375"><ele>130.7</ele></trkpt><trkpt lat="37.916661" lon="-122.528138"><ele>131.8</ele></trkpt><trkpt lat="37.916641" lon="-122.527880"><ele>132.8</ele></trkpt><trkpt lat="37.916623" lon="-122.527612"><ele>133.9</ele></trkpt><trkpt lat="37.916626" lon="-122.527502"><ele>134.4</ele></trkpt><trkpt lat="37.916554" lon="-122.527223"><ele>136.5</ele></trkpt><trkpt lat="37.916506" lon="-122.527084"><ele>137.7</ele></trkpt><trkpt lat="37.916444" lon="-122.527007"><ele>138.5</ele></trkpt><trkpt lat="37.916422" lon="-122.527130"><ele>139.5</ele></trkpt><trkpt lat="37.916361" lon="-122.527429"><ele>141.5</ele></trkpt><trkpt lat="37.916310" lon="-122.527641"><ele>141.8</ele></trkpt><trkpt lat="37.916241" lon="-122.527843"><ele>142.1</ele></trkpt><trkpt lat="37.916212" lon="-122.527977"><ele>142.3</ele></trkpt><trkpt lat="37.916119" lon="-122.528244"><ele>142.8</ele></trkpt><trkpt lat="37.915969" lon="-122.528364"><ele>143.6</ele></trkpt><trkpt lat="37.915930" lon="-122.528376"><ele>143.8</ele></trkpt><trkpt lat="37.915712" lon="-122.528446"><ele>144.8</ele></trkpt><trkpt lat="37.915493" lon="-122.528549"><ele>145.9</ele></trkpt><trkpt lat="37.915266" lon="-122.528678"><ele>146.0</ele></trkpt><trkpt lat="37.915027" lon="-122.528780"><ele>146.0</ele></trkpt><trkpt lat="37.914999" lon="-122.528769"><ele>146.0</ele></trkpt><trkpt lat="37.914888" lon="-122.528724"><ele>146.0</ele></trkpt><trkpt lat="37.914712" lon="-122.528556"><ele>146.3</ele></trkpt><trkpt lat="37.914621" lon="-122.528448"><ele>146.7</ele></trkpt><trkpt lat="37.914504" lon="-122.528333"><ele>147.2</ele></trkpt><trkpt lat="37.914379" lon="-122.528320"><ele>147.5</ele></trkpt><trkpt lat="37.914258" lon="-122.528354"><ele>147.9</ele></trkpt><trkpt lat="37.914159" lon="-122.528387"><ele>147.9</ele></trkpt><trkpt lat="37.914071" lon="-122.528445"><ele>147.0</ele></trkpt><trkpt lat="37.913911" lon="-122.528601"><ele>145.1</ele></trkpt><trkpt lat="37.913754" lon="-122.528719"><ele>143.4</ele></trkpt><trkpt lat="37.913549" lon="-122.528721"><ele>141.5</ele></trkpt><trkpt lat="37.913370" lon="-122.528687"><ele>139.0</ele></trkpt><trkpt lat="37.912958" lon="-122.528619"><ele>132.9</ele></trkpt><trkpt lat="37.912873" lon="-122.528635"><ele>131.6</ele></trkpt><trkpt lat="37.912794" lon="-122.528671"><ele>130.2</ele></trkpt><trkpt lat="37.912566" lon="-122.528805"><ele>125.0</ele></trkpt><trkpt lat="37.912183" lon="-122.528984"><ele>116.4</ele></trkpt><trkpt lat="37.911826" lon="-122.529139"><ele>112.5</ele></trkpt><trkpt lat="37.911723" lon="-122.529175"><ele>111.5</ele></trkpt><trkpt lat="37.911452" lon="-122.529274"><ele>109.0</ele></trkpt><trkpt lat="37.911355" lon="-122.529309"><ele>108.3</ele></trkpt><trkpt lat="37.911301" lon="-122.529346"><ele>107.8</ele></trkpt><trkpt lat="37.911279" lon="-122.529527"><ele>106.7</ele></trkpt><trkpt lat="37.911294" lon="-122.529576"><ele>106.4</ele></trkpt><trkpt lat="37.911381" lon="-122.529622"><ele>105.7</ele></trkpt><trkpt lat="37.911447" lon="-122.529642"><ele>105.2</ele></trkpt><trkpt lat="37.911489" lon="-122.529745"><ele>104.5</ele></trkpt><trkpt lat="37.911449" lon="-122.529984"><ele>103.6</ele></trkpt><trkpt lat="37.911402" lon="-122.530129"><ele>103.5</ele></trkpt><trkpt lat="37.911285" lon="-122.530384"><ele>103.3</ele></trkpt><trkpt lat="37.911210" lon="-122.530490"><ele>103.2</ele></trkpt><trkpt lat="37.911256" lon="-122.530672"><ele>103.0</ele></trkpt><trkpt lat="37.911177" lon="-122.530781"><ele>102.4</ele></trkpt><trkpt lat="37.911022" lon="-122.530870"><ele>101.2</ele></trkpt><trkpt lat="37.910949" lon="-122.530955"><ele>100.5</ele></trkpt><trkpt lat="37.911087" lon="-122.531111"><ele>99.3</ele></trkpt><trkpt lat="37.911208" lon="-122.531093"><ele>98.4</ele></trkpt><trkpt lat="37.911337" lon="-122.531182"><ele>97.8</ele></trkpt><trkpt lat="37.911429" lon="-122.531270"><ele>97.5</ele></trkpt><trkpt lat="37.911477" lon="-122.531385"><ele>97.2</ele></trkpt><trkpt lat="37.911476" lon="-122.531521"><ele>96.9</ele></trkpt><trkpt lat="37.911386" lon="-122.531651"><ele>96.5</ele></trkpt><trkpt lat="37.911172" lon="-122.531804"><ele>95.3</ele></trkpt><trkpt lat="37.911132" lon="-122.531846"><ele>94.9</ele></trkpt><trkpt lat="37.911140" lon="-122.531918"><ele>94.4</ele></trkpt><trkpt lat="37.911228" lon="-122.532039"><ele>93.3</ele></trkpt><trkpt lat="37.911389" lon="-122.532215"><ele>91.5</ele></trkpt><trkpt lat="37.911471" lon="-122.532392"><ele>90.1</ele></trkpt><trkpt lat="37.911509" lon="-122.532460"><ele>89.1</ele></trkpt><trkpt lat="37.911531" lon="-122.532506"><ele>88.2</ele></trkpt><trkpt lat="37.911534" lon="-122.532676"><ele>85.5</ele></trkpt><trkpt lat="37.911479" lon="-122.532828"><ele>82.9</ele></trkpt><trkpt lat="37.911356" lon="-122.532989"><ele>79.3</ele></trkpt><trkpt lat="37.911355" lon="-122.533027"><ele>78.7</ele></trkpt><trkpt lat="37.911441" lon="-122.533047"><ele>76.9</ele></trkpt><trkpt lat="37.911558" lon="-122.533057"><ele>74.4</ele></trkpt><trkpt lat="37.911659" lon="-122.533038"><ele>72.0</ele></trkpt><trkpt lat="37.911786" lon="-122.532992"><ele>68.8</ele></trkpt><trkpt lat="37.911761" lon="-122.533080"><ele>67.1</ele></trkpt><trkpt lat="37.911722" lon="-122.533225"><ele>64.1</ele></trkpt><trkpt lat="37.911687" lon="-122.533636"><ele>56.7</ele></trkpt><trkpt lat="37.911752" lon="-122.533924"><ele>52.1</ele></trkpt><trkpt lat="37.911766" lon="-122.534097"><ele>49.4</ele></trkpt><trkpt lat="37.911741" lon="-122.534251"><ele>47.0</ele></trkpt><trkpt lat="37.911671" lon="-122.534375"><ele>44.7</ele></trkpt><trkpt lat="37.911086" lon="-122.535061"><ele>45.0</ele></trkpt><trkpt lat="37.910850" lon="-122.535648"><ele>43.2</ele></trkpt><trkpt lat="37.910778" lon="-122.535802"><ele>42.7</ele></trkpt><trkpt lat="37.910559" lon="-122.535940"><ele>41.9</ele></trkpt><trkpt lat="37.910351" lon="-122.536042"><ele>41.1</ele></trkpt><trkpt lat="37.910085" lon="-122.536172"><ele>40.0</ele></trkpt><trkpt lat="37.909724" lon="-122.536433"><ele>36.0</ele></trkpt><trkpt lat="37.909694" lon="-122.536635"><ele>34.4</ele></trkpt><trkpt lat="37.909597" lon="-122.536754"><ele>33.2</ele></trkpt><trkpt lat="37.909356" lon="-122.536896"><ele>32.2</ele></trkpt><trkpt lat="37.909174" lon="-122.536936"><ele>31.5</ele></trkpt><trkpt lat="37.908867" lon="-122.537006"><ele>30.7</ele></trkpt><trkpt lat="37.907704" lon="-122.537298"><ele>36.6</ele></trkpt><trkpt lat="37.907554" lon="-122.538188"><ele>41.4</ele></trkpt><trkpt lat="37.907508" lon="-122.538342"><ele>42.4</ele></trkpt><trkpt lat="37.907368" lon="-122.538450"><ele>42.7</ele></trkpt><trkpt lat="37.907181" lon="-122.538586"><ele>42.0</ele></trkpt><trkpt lat="37.906992" lon="-122.538747"><ele>41.2</ele></trkpt><trkpt lat="37.906885" lon="-122.538838"><ele>40.7</ele></trkpt><trkpt lat="37.906844" lon="-122.538932"><ele>40.5</ele></trkpt><trkpt lat="37.906799" lon="-122.538970"><ele>40.3</ele></trkpt><trkpt lat="37.906589" lon="-122.539194"><ele>39.6</ele></trkpt><trkpt lat="37.906454" lon="-122.539461"><ele>39.0</ele></trkpt><trkpt lat="37.906389" lon="-122.539690"><ele>38.4</ele></trkpt><trkpt lat="37.906344" lon="-122.539848"><ele>37.8</ele></trkpt><trkpt lat="37.906312" lon="-122.540040"><ele>37.1</ele></trkpt><trkpt lat="37.906301" lon="-122.540278"><ele>36.2</ele></trkpt><trkpt lat="37.906331" lon="-122.540627"><ele>35.3</ele></trkpt><trkpt lat="37.906453" lon="-122.540993"><ele>35.0</ele></trkpt><trkpt lat="37.906253" lon="-122.541023"><ele>34.8</ele></trkpt><trkpt lat="37.906186" lon="-122.541029"><ele>34.8</ele></trkpt><trkpt lat="37.906148" lon="-122.541025"><ele>34.7</ele></trkpt><trkpt lat="37.906111" lon="-122.541013"><ele>34.7</ele></trkpt><trkpt lat="37.906068" lon="-122.541002"><ele>34.7</ele></trkpt><trkpt lat="37.906062" lon="-122.541059"><ele>34.6</ele></trkpt><trkpt lat="37.906058" lon="-122.541605"><ele>34.3</ele></trkpt><trkpt lat="37.906077" lon="-122.542245"><ele>34.1</ele></trkpt><trkpt lat="37.906096" lon="-122.544111"><ele>32.4</ele></trkpt><trkpt lat="37.906103" lon="-122.545117"><ele>29.9</ele></trkpt><trkpt lat="37.906100" lon="-122.545287"><ele>29.4</ele></trkpt><trkpt lat="37.906027" lon="-122.545203"><ele>29.1</ele></trkpt><trkpt lat="37.906034" lon="-122.545114"><ele>28.8</ele></trkpt><trkpt lat="37.906034" lon="-122.545000"><ele>28.5</ele></trkpt><trkpt lat="37.906034" lon="-122.545114"><ele>28.2</ele></trkpt><trkpt lat="37.906027" lon="-122.545203"><ele>28.0</ele></trkpt><trkpt lat="37.905999" lon="-122.545285"><ele>27.7</ele></trkpt><trkpt lat="37.905762" lon="-122.544892"><ele>26.4</ele></trkpt><trkpt lat="37.905731" lon="-122.544839"><ele>26.2</ele></trkpt><trkpt lat="37.905339" lon="-122.544184"><ele>23.4</ele></trkpt><trkpt lat="37.905286" lon="-122.544096"><ele>23.2</ele></trkpt><trkpt lat="37.905265" lon="-122.544063"><ele>23.2</ele></trkpt><trkpt lat="37.905232" lon="-122.544011"><ele>23.1</ele></trkpt><trkpt lat="37.905092" lon="-122.543762"><ele>22.6</ele></trkpt><trkpt lat="37.905085" lon="-122.543748"><ele>22.5</ele></trkpt><trkpt lat="37.904833" lon="-122.543299"><ele>21.5</ele></trkpt><trkpt lat="37.904460" lon="-122.542494"><ele>19.6</ele></trkpt><trkpt lat="37.904374" lon="-122.542555"><ele>19.5</ele></trkpt><trkpt lat="37.903611" lon="-122.543102"><ele>18.9</ele></trkpt><trkpt lat="37.903427" lon="-122.543253"><ele>18.9</ele></trkpt><trkpt lat="37.903362" lon="-122.543298"><ele>18.9</ele></trkpt><trkpt lat="37.903324" lon="-122.543324"><ele>19.2</ele></trkpt><trkpt lat="37.903266" lon="-122.543368"><ele>19.8</ele></trkpt><trkpt lat="37.903187" lon="-122.543426"><ele>20.5</ele></trkpt><trkpt lat="37.903150" lon="-122.543454"><ele>20.9</ele></trkpt><trkpt lat="37.902954" lon="-122.543169"><ele>23.2</ele></trkpt><trkpt lat="37.902818" lon="-122.543023"><ele>24.7</ele></trkpt><trkpt lat="37.902676" lon="-122.542903"><ele>24.6</ele></trkpt><trkpt lat="37.902521" lon="-122.542768"><ele>24.5</ele></trkpt><trkpt lat="37.902419" lon="-122.542680"><ele>24.5</ele></trkpt><trkpt lat="37.902243" lon="-122.542525"><ele>24.4</ele></trkpt><trkpt lat="37.902231" lon="-122.542513"><ele>24.4</ele></trkpt><trkpt lat="37.902013" lon="-122.542285"><ele>23.3</ele></trkpt><trkpt lat="37.901939" lon="-122.542202"><ele>22.8</ele></trkpt><trkpt lat="37.901620" lon="-122.541844"><ele>20.6</ele></trkpt><trkpt lat="37.901473" lon="-122.541681"><ele>18.9</ele></trkpt><trkpt lat="37.901391" lon="-122.541589"><ele>18.0</ele></trkpt><trkpt lat="37.900112" lon="-122.540149"><ele>15.2</ele></trkpt><trkpt lat="37.899759" lon="-122.539767"><ele>14.8</ele></trkpt><trkpt lat="37.899125" lon="-122.539039"><ele>12.6</ele></trkpt><trkpt lat="37.898858" lon="-122.538701"><ele>11.7</ele></trkpt><trkpt lat="37.898811" lon="-122.538643"><ele>11.6</ele></trkpt><trkpt lat="37.898736" lon="-122.538556"><ele>11.5</ele></trkpt><trkpt lat="37.898682" lon="-122.538497"><ele>11.4</ele></trkpt><trkpt lat="37.898638" lon="-122.538450"><ele>11.3</ele></trkpt><trkpt lat="37.898588" lon="-122.538397"><ele>11.2</ele></trkpt><trkpt lat="37.898540" lon="-122.538345"><ele>11.1</ele></trkpt><trkpt lat="37.898326" lon="-122.538107"><ele>10.4</ele></trkpt><trkpt lat="37.898240" lon="-122.538009"><ele>9.9</ele></trkpt><trkpt lat="37.898142" lon="-122.537899"><ele>9.4</ele></trkpt><trkpt lat="37.898013" lon="-122.537752"><ele>8.7</ele></trkpt><trkpt lat="37.897944" lon="-122.537672"><ele>8.4</ele></trkpt><trkpt lat="37.897894" lon="-122.537611"><ele>8.2</ele></trkpt><trkpt lat="37.897850" lon="-122.537551"><ele>8.1</ele></trkpt><trkpt lat="37.897804" lon="-122.537484"><ele>7.9</ele></trkpt><trkpt lat="37.897760" lon="-122.537426"><ele>7.8</ele></trkpt><trkpt lat="37.897547" lon="-122.537188"><ele>7.4</ele></trkpt><trkpt lat="37.897543" lon="-122.537184"><ele>7.4</ele></trkpt><trkpt lat="37.897522" lon="-122.537159"><ele>7.3</ele></trkpt><trkpt lat="37.897459" lon="-122.537089"><ele>7.2</ele></trkpt><trkpt lat="37.897403" lon="-122.537029"><ele>7.0</ele></trkpt><trkpt lat="37.897297" lon="-122.536912"><ele>6.7</ele></trkpt><trkpt lat="37.896993" lon="-122.536577"><ele>5.5</ele></trkpt><trkpt lat="37.896830" lon="-122.536397"><ele>4.9</ele></trkpt><trkpt lat="37.896749" lon="-122.536309"><ele>4.9</ele></trkpt><trkpt lat="37.896670" lon="-122.536227"><ele>4.9</ele></trkpt><trkpt lat="37.896610" lon="-122.536165"><ele>4.9</ele></trkpt><trkpt lat="37.896554" lon="-122.536105"><ele>4.9</ele></trkpt><trkpt lat="37.896462" lon="-122.536007"><ele>4.9</ele></trkpt><trkpt lat="37.896358" lon="-122.535895"><ele>4.9</ele></trkpt><trkpt lat="37.896253" lon="-122.535779"><ele>4.9</ele></trkpt><trkpt lat="37.896211" lon="-122.535733"><ele>4.9</ele></trkpt><trkpt lat="37.896159" lon="-122.535675"><ele>4.9</ele></trkpt><trkpt lat="37.896080" lon="-122.535584"><ele>4.9</ele></trkpt><trkpt lat="37.895985" lon="-122.535476"><ele>4.9</ele></trkpt><trkpt lat="37.895938" lon="-122.535422"><ele>4.9</ele></trkpt><trkpt lat="37.895890" lon="-122.535368"><ele>4.9</ele></trkpt><trkpt lat="37.895694" lon="-122.535153"><ele>5.1</ele></trkpt><trkpt lat="37.895642" lon="-122.535097"><ele>5.2</ele></trkpt><trkpt lat="37.895592" lon="-122.535043"><ele>5.4</ele></trkpt><trkpt lat="37.895542" lon="-122.534984"><ele>5.6</ele></trkpt><trkpt lat="37.895505" lon="-122.534940"><ele>5.7</ele></trkpt><trkpt lat="37.895448" lon="-122.534865"><ele>5.9</ele></trkpt><trkpt lat="37.895408" lon="-122.534808"><ele>6.1</ele></trkpt><trkpt lat="37.895362" lon="-122.534736"><ele>6.3</ele></trkpt><trkpt lat="37.895319" lon="-122.534667"><ele>6.4</ele></trkpt><trkpt lat="37.895287" lon="-122.534616"><ele>6.6</ele></trkpt><trkpt lat="37.895254" lon="-122.534559"><ele>6.7</ele></trkpt><trkpt lat="37.895224" lon="-122.534502"><ele>6.7</ele></trkpt><trkpt lat="37.895191" lon="-122.534438"><ele>6.7</ele></trkpt><trkpt lat="37.895162" lon="-122.534374"><ele>6.7</ele></trkpt><trkpt lat="37.895137" lon="-122.534320"><ele>6.7</ele></trkpt><trkpt lat="37.895096" lon="-122.534232"><ele>6.7</ele></trkpt><trkpt lat="37.895060" lon="-122.534160"><ele>6.7</ele></trkpt><trkpt lat="37.895024" lon="-122.534091"><ele>6.7</ele></trkpt><trkpt lat="37.894986" lon="-122.534022"><ele>6.7</ele></trkpt><trkpt lat="37.894948" lon="-122.533957"><ele>6.7</ele></trkpt><trkpt lat="37.894907" lon="-122.533889"><ele>6.7</ele></trkpt><trkpt lat="37.894626" lon="-122.533425"><ele>6.5</ele></trkpt><trkpt lat="37.894585" lon="-122.533357"><ele>6.5</ele></trkpt><trkpt lat="37.894543" lon="-122.533292"><ele>6.5</ele></trkpt><trkpt lat="37.894499" lon="-122.533229"><ele>6.5</ele></trkpt><trkpt lat="37.894476" lon="-122.533196"><ele>6.4</ele></trkpt><trkpt lat="37.894455" lon="-122.533166"><ele>6.4</ele></trkpt><trkpt lat="37.894410" lon="-122.533103"><ele>6.4</ele></trkpt><trkpt lat="37.894355" lon="-122.533026"><ele>6.2</ele></trkpt><trkpt lat="37.894303" lon="-122.532954"><ele>6.0</ele></trkpt><trkpt lat="37.894270" lon="-122.532908"><ele>5.8</ele></trkpt><trkpt lat="37.894234" lon="-122.532854"><ele>5.6</ele></trkpt><trkpt lat="37.894174" lon="-122.532770"><ele>5.4</ele></trkpt><trkpt lat="37.893965" lon="-122.532481"><ele>4.5</ele></trkpt><trkpt lat="37.893824" lon="-122.532285"><ele>4.3</ele></trkpt><trkpt lat="37.893780" lon="-122.532221"><ele>4.4</ele></trkpt><trkpt lat="37.893737" lon="-122.532158"><ele>4.4</ele></trkpt><trkpt lat="37.893694" lon="-122.532092"><ele>4.4</ele></trkpt><trkpt lat="37.893641" lon="-122.532009"><ele>4.4</ele></trkpt><trkpt lat="37.893591" lon="-122.531925"><ele>4.5</ele></trkpt><trkpt lat="37.893541" lon="-122.531839"><ele>4.5</ele></trkpt><trkpt lat="37.893514" lon="-122.531790"><ele>4.5</ele></trkpt><trkpt lat="37.893493" lon="-122.531752"><ele>4.6</ele></trkpt><trkpt lat="37.893446" lon="-122.531663"><ele>4.6</ele></trkpt><trkpt lat="37.893313" lon="-122.531406"><ele>4.5</ele></trkpt><trkpt lat="37.893263" lon="-122.531318"><ele>4.4</ele></trkpt><trkpt lat="37.893214" lon="-122.531231"><ele>4.4</ele></trkpt><trkpt lat="37.893175" lon="-122.531155"><ele>4.3</ele></trkpt><trkpt lat="37.893144" lon="-122.531091"><ele>4.3</ele></trkpt><trkpt lat="37.893102" lon="-122.531005"><ele>4.3</ele></trkpt><trkpt lat="37.893071" lon="-122.530935"><ele>4.3</ele></trkpt><trkpt lat="37.892976" lon="-122.530716"><ele>4.4</ele></trkpt><trkpt lat="37.892885" lon="-122.530506"><ele>4.4</ele></trkpt><trkpt lat="37.892880" lon="-122.530496"><ele>4.4</ele></trkpt><trkpt lat="37.892837" lon="-122.530401"><ele>4.5</ele></trkpt><trkpt lat="37.892824" lon="-122.530369"><ele>4.5</ele></trkpt><trkpt lat="37.892798" lon="-122.530304"><ele>4.5</ele></trkpt><trkpt lat="37.892771" lon="-122.530228"><ele>4.5</ele></trkpt><trkpt lat="37.892764" lon="-122.530204"><ele>4.5</ele></trkpt><trkpt lat="37.892729" lon="-122.530079"><ele>4.5</ele></trkpt><trkpt lat="37.892707" lon="-122.529979"><ele>4.4</ele></trkpt><trkpt lat="37.892685" lon="-122.529884"><ele>4.3</ele></trkpt><trkpt lat="37.892669" lon="-122.529824"><ele>4.2</ele></trkpt><trkpt lat="37.892650" lon="-122.529749"><ele>4.2</ele></trkpt><trkpt lat="37.892626" lon="-122.529669"><ele>4.1</ele></trkpt><trkpt lat="37.892599" lon="-122.529592"><ele>4.0</ele></trkpt><trkpt lat="37.892569" lon="-122.529517"><ele>3.9</ele></trkpt><trkpt lat="37.892537" lon="-122.529442"><ele>3.8</ele></trkpt><trkpt lat="37.892504" lon="-122.529373"><ele>3.8</ele></trkpt><trkpt lat="37.892467" lon="-122.529301"><ele>3.7</ele></trkpt><trkpt lat="37.892430" lon="-122.529232"><ele>3.6</ele></trkpt><trkpt lat="37.892253" lon="-122.528906"><ele>3.5</ele></trkpt><trkpt lat="37.892094" lon="-122.528610"><ele>3.4</ele></trkpt><trkpt lat="37.891884" lon="-122.528223"><ele>3.1</ele></trkpt><trkpt lat="37.891258" lon="-122.527081"><ele>2.5</ele></trkpt><trkpt lat="37.891037" lon="-122.526682"><ele>2.9</ele></trkpt><trkpt lat="37.890791" lon="-122.526246"><ele>3.4</ele></trkpt><trkpt lat="37.890752" lon="-122.526178"><ele>3.5</ele></trkpt><trkpt lat="37.890712" lon="-122.526108"><ele>3.6</ele></trkpt><trkpt lat="37.890673" lon="-122.526041"><ele>3.7</ele></trkpt><trkpt lat="37.890632" lon="-122.525975"><ele>3.8</ele></trkpt><trkpt lat="37.890589" lon="-122.525909"><ele>3.8</ele></trkpt><trkpt lat="37.890542" lon="-122.525846"><ele>3.9</ele></trkpt><trkpt lat="37.890494" lon="-122.525788"><ele>4.0</ele></trkpt><trkpt lat="37.890442" lon="-122.525732"><ele>4.1</ele></trkpt><trkpt lat="37.890390" lon="-122.525681"><ele>4.2</ele></trkpt><trkpt lat="37.890334" lon="-122.525633"><ele>4.3</ele></trkpt><trkpt lat="37.890278" lon="-122.525587"><ele>4.4</ele></trkpt><trkpt lat="37.890220" lon="-122.525545"><ele>4.6</ele></trkpt><trkpt lat="37.890161" lon="-122.525508"><ele>4.7</ele></trkpt><trkpt lat="37.890101" lon="-122.525472"><ele>4.8</ele></trkpt><trkpt lat="37.890039" lon="-122.525440"><ele>5.0</ele></trkpt><trkpt lat="37.889976" lon="-122.525412"><ele>5.1</ele></trkpt><trkpt lat="37.889912" lon="-122.525387"><ele>5.3</ele></trkpt><trkpt lat="37.889847" lon="-122.525365"><ele>5.4</ele></trkpt><trkpt lat="37.889780" lon="-122.525347"><ele>5.5</ele></trkpt><trkpt lat="37.889715" lon="-122.525334"><ele>5.7</ele></trkpt><trkpt lat="37.889305" lon="-122.525266"><ele>6.1</ele></trkpt><trkpt lat="37.889226" lon="-122.525252"><ele>6.2</ele></trkpt><trkpt lat="37.888612" lon="-122.525133"><ele>7.0</ele></trkpt><trkpt lat="37.888502" lon="-122.525113"><ele>7.1</ele></trkpt><trkpt lat="37.888402" lon="-122.525097"><ele>7.3</ele></trkpt><trkpt lat="37.887900" lon="-122.525018"><ele>8.0</ele></trkpt><trkpt lat="37.887816" lon="-122.525003"><ele>8.1</ele></trkpt><trkpt lat="37.887725" lon="-122.524986"><ele>8.3</ele></trkpt><trkpt lat="37.887668" lon="-122.524976"><ele>8.3</ele></trkpt><trkpt lat="37.887609" lon="-122.524961"><ele>8.4</ele></trkpt><trkpt lat="37.887551" lon="-122.524943"><ele>8.5</ele></trkpt><trkpt lat="37.887495" lon="-122.524923"><ele>8.6</ele></trkpt><trkpt lat="37.887446" lon="-122.524902"><ele>8.6</ele></trkpt><trkpt lat="37.887352" lon="-122.524858"><ele>8.8</ele></trkpt><trkpt lat="37.887275" lon="-122.524815"><ele>8.9</ele></trkpt><trkpt lat="37.887194" lon="-122.524765"><ele>9.0</ele></trkpt><trkpt lat="37.887131" lon="-122.524724"><ele>9.1</ele></trkpt><trkpt lat="37.887070" lon="-122.524680"><ele>9.1</ele></trkpt><trkpt lat="37.887015" lon="-122.524635"><ele>9.2</ele></trkpt><trkpt lat="37.886954" lon="-122.524583"><ele>9.3</ele></trkpt><trkpt lat="37.886895" lon="-122.524532"><ele>9.4</ele></trkpt><trkpt lat="37.886751" lon="-122.524403"><ele>9.9</ele></trkpt><trkpt lat="37.886608" lon="-122.524276"><ele>10.5</ele></trkpt><trkpt lat="37.886359" lon="-122.524050"><ele>11.6</ele></trkpt><trkpt lat="37.886306" lon="-122.523997"><ele>11.8</ele></trkpt><trkpt lat="37.886180" lon="-122.523862"><ele>12.1</ele></trkpt><trkpt lat="37.886130" lon="-122.523822"><ele>12.1</ele></trkpt><trkpt lat="37.886078" lon="-122.523784"><ele>12.2</ele></trkpt><trkpt lat="37.886030" lon="-122.523751"><ele>12.3</ele></trkpt><trkpt lat="37.885980" lon="-122.523721"><ele>12.4</ele></trkpt><trkpt lat="37.885927" lon="-122.523694"><ele>12.4</ele></trkpt><trkpt lat="37.885874" lon="-122.523671"><ele>12.5</ele></trkpt><trkpt lat="37.885817" lon="-122.523651"><ele>12.6</ele></trkpt><trkpt lat="37.885761" lon="-122.523635"><ele>12.7</ele></trkpt><trkpt lat="37.885707" lon="-122.523623"><ele>12.7</ele></trkpt><trkpt lat="37.885655" lon="-122.523613"><ele>12.8</ele></trkpt><trkpt lat="37.885601" lon="-122.523607"><ele>12.9</ele></trkpt><trkpt lat="37.885546" lon="-122.523603"><ele>13.0</ele></trkpt><trkpt lat="37.885486" lon="-122.523604"><ele>13.1</ele></trkpt><trkpt lat="37.885430" lon="-122.523609"><ele>13.2</ele></trkpt><trkpt lat="37.885373" lon="-122.523619"><ele>13.3</ele></trkpt><trkpt lat="37.885312" lon="-122.523633"><ele>13.4</ele></trkpt><trkpt lat="37.885254" lon="-122.523650"><ele>13.5</ele></trkpt><trkpt lat="37.885196" lon="-122.523670"><ele>13.6</ele></trkpt><trkpt lat="37.885137" lon="-122.523696"><ele>13.7</ele></trkpt><trkpt lat="37.885075" lon="-122.523726"><ele>13.8</ele></trkpt><trkpt lat="37.885014" lon="-122.523762"><ele>13.9</ele></trkpt><trkpt lat="37.884958" lon="-122.523801"><ele>14.0</ele></trkpt><trkpt lat="37.884905" lon="-122.523842"><ele>13.8</ele></trkpt><trkpt lat="37.884853" lon="-122.523887"><ele>13.6</ele></trkpt><trkpt lat="37.884803" lon="-122.523938"><ele>13.4</ele></trkpt><trkpt lat="37.884752" lon="-122.523996"><ele>13.1</ele></trkpt><trkpt lat="37.884704" lon="-122.524057"><ele>12.8</ele></trkpt><trkpt lat="37.884655" lon="-122.524126"><ele>12.6</ele></trkpt><trkpt lat="37.884588" lon="-122.524225"><ele>12.2</ele></trkpt><trkpt lat="37.884515" lon="-122.524330"><ele>11.8</ele></trkpt><trkpt lat="37.884476" lon="-122.524387"><ele>11.5</ele></trkpt><trkpt lat="37.884434" lon="-122.524441"><ele>11.3</ele></trkpt><trkpt lat="37.884421" lon="-122.524456"><ele>11.3</ele></trkpt><trkpt lat="37.884345" lon="-122.524542"><ele>11.1</ele></trkpt><trkpt lat="37.884287" lon="-122.524594"><ele>11.0</ele></trkpt><trkpt lat="37.884243" lon="-122.524629"><ele>10.9</ele></trkpt><trkpt lat="37.884198" lon="-122.524658"><ele>10.8</ele></trkpt><trkpt lat="37.884143" lon="-122.524687"><ele>10.7</ele></trkpt><trkpt lat="37.884076" lon="-122.524712"><ele>10.6</ele></trkpt><trkpt lat="37.884050" lon="-122.524716"><ele>10.5</ele></trkpt><trkpt lat="37.883952" lon="-122.524734"><ele>10.4</ele></trkpt><trkpt lat="37.883881" lon="-122.524736"><ele>10.3</ele></trkpt><trkpt lat="37.883807" lon="-122.524735"><ele>10.1</ele></trkpt><trkpt lat="37.883688" lon="-122.524730"><ele>9.8</ele></trkpt><trkpt lat="37.883578" lon="-122.524722"><ele>9.3</ele></trkpt><trkpt lat="37.883494" lon="-122.524713"><ele>9.0</ele></trkpt><trkpt lat="37.883407" lon="-122.524706"><ele>8.7</ele></trkpt><trkpt lat="37.883322" lon="-122.524700"><ele>8.3</ele></trkpt><trkpt lat="37.883236" lon="-122.524701"><ele>8.0</ele></trkpt><trkpt lat="37.883145" lon="-122.524705"><ele>7.7</ele></trkpt><trkpt lat="37.883036" lon="-122.524718"><ele>7.4</ele></trkpt><trkpt lat="37.882925" lon="-122.524738"><ele>8.1</ele></trkpt><trkpt lat="37.882817" lon="-122.524761"><ele>8.8</ele></trkpt><trkpt lat="37.882706" lon="-122.524788"><ele>9.5</ele></trkpt><trkpt lat="37.882608" lon="-122.524814"><ele>10.2</ele></trkpt><trkpt lat="37.882444" lon="-122.524859"><ele>11.2</ele></trkpt><trkpt lat="37.882278" lon="-122.524908"><ele>12.1</ele></trkpt><trkpt lat="37.882218" lon="-122.524920"><ele>12.4</ele></trkpt><trkpt lat="37.882185" lon="-122.524923"><ele>12.5</ele></trkpt><trkpt lat="37.882149" lon="-122.524924"><ele>12.6</ele></trkpt><trkpt lat="37.882117" lon="-122.524923"><ele>12.7</ele></trkpt><trkpt lat="37.882103" lon="-122.524979"><ele>12.9</ele></trkpt><trkpt lat="37.882088" lon="-122.525029"><ele>13.1</ele></trkpt><trkpt lat="37.882070" lon="-122.525077"><ele>13.2</ele></trkpt><trkpt lat="37.882050" lon="-122.525126"><ele>13.4</ele></trkpt><trkpt lat="37.882035" lon="-122.525155"><ele>13.5</ele></trkpt><trkpt lat="37.881995" lon="-122.525233"><ele>13.8</ele></trkpt><trkpt lat="37.881962" lon="-122.525295"><ele>14.0</ele></trkpt><trkpt lat="37.881930" lon="-122.525353"><ele>14.2</ele></trkpt><trkpt lat="37.881909" lon="-122.525390"><ele>14.3</ele></trkpt><trkpt lat="37.881891" lon="-122.525420"><ele>14.5</ele></trkpt><trkpt lat="37.881831" lon="-122.525522"><ele>14.9</ele></trkpt><trkpt lat="37.881785" lon="-122.525596"><ele>15.2</ele></trkpt><trkpt lat="37.881750" lon="-122.525664"><ele>15.5</ele></trkpt><trkpt lat="37.881675" lon="-122.525775"><ele>16.1</ele></trkpt><trkpt lat="37.881623" lon="-122.525860"><ele>16.5</ele></trkpt><trkpt lat="37.881535" lon="-122.525995"><ele>17.1</ele></trkpt><trkpt lat="37.881436" lon="-122.526139"><ele>17.9</ele></trkpt><trkpt lat="37.881315" lon="-122.526298"><ele>16.8</ele></trkpt><trkpt lat="37.881156" lon="-122.526504"><ele>15.0</ele></trkpt><trkpt lat="37.881076" lon="-122.526595"><ele>14.1</ele></trkpt><trkpt lat="37.881028" lon="-122.526470"><ele>13.3</ele></trkpt><trkpt lat="37.880972" lon="-122.526416"><ele>12.7</ele></trkpt><trkpt lat="37.880813" lon="-122.526262"><ele>11.4</ele></trkpt><trkpt lat="37.880717" lon="-122.526188"><ele>10.7</ele></trkpt><trkpt lat="37.880631" lon="-122.526133"><ele>10.2</ele></trkpt><trkpt lat="37.880531" lon="-122.526083"><ele>9.5</ele></trkpt><trkpt lat="37.880428" lon="-122.526038"><ele>8.9</ele></trkpt><trkpt lat="37.880316" lon="-122.526011"><ele>8.2</ele></trkpt><trkpt lat="37.880201" lon="-122.525993"><ele>7.5</ele></trkpt><trkpt lat="37.880033" lon="-122.525992"><ele>6.4</ele></trkpt><trkpt lat="37.879921" lon="-122.525999"><ele>5.7</ele></trkpt><trkpt lat="37.879814" lon="-122.526032"><ele>5.0</ele></trkpt><trkpt lat="37.878835" lon="-122.526437"><ele>2.4</ele></trkpt><trkpt lat="37.878808" lon="-122.526448"><ele>2.4</ele></trkpt><trkpt lat="37.878571" lon="-122.526548"><ele>2.3</ele></trkpt><trkpt lat="37.878301" lon="-122.526657"><ele>2.2</ele></trkpt><trkpt lat="37.877646" lon="-122.526931"><ele>2.1</ele></trkpt><trkpt lat="37.877103" lon="-122.527155"><ele>3.2</ele></trkpt><trkpt lat="37.877071" lon="-122.527162"><ele>3.3</ele></trkpt><trkpt lat="37.877043" lon="-122.527159"><ele>3.3</ele></trkpt><trkpt lat="37.876995" lon="-122.527140"><ele>3.5</ele></trkpt><trkpt lat="37.876912" lon="-122.527086"><ele>3.7</ele></trkpt><trkpt lat="37.876843" lon="-122.527044"><ele>3.9</ele></trkpt><trkpt lat="37.876940" lon="-122.526756"><ele>4.7</ele></trkpt><trkpt lat="37.876975" lon="-122.526622"><ele>5.1</ele></trkpt><trkpt lat="37.876983" lon="-122.526582"><ele>5.2</ele></trkpt><trkpt lat="37.876994" lon="-122.526490"><ele>5.5</ele></trkpt><trkpt lat="37.876992" lon="-122.526434"><ele>5.6</ele></trkpt><trkpt lat="37.876862" lon="-122.526444"><ele>6.0</ele></trkpt><trkpt lat="37.876758" lon="-122.526443"><ele>6.4</ele></trkpt><trkpt lat="37.876664" lon="-122.526438"><ele>6.7</ele></trkpt><trkpt lat="37.876594" lon="-122.526418"><ele>7.0</ele></trkpt><trkpt lat="37.876518" lon="-122.526377"><ele>7.3</ele></trkpt><trkpt lat="37.876420" lon="-122.526297"><ele>7.8</ele></trkpt><trkpt lat="37.876245" lon="-122.526138"><ele>8.6</ele></trkpt><trkpt lat="37.876132" lon="-122.526047"><ele>9.1</ele></trkpt><trkpt lat="37.876010" lon="-122.525963"><ele>9.0</ele></trkpt><trkpt lat="37.875923" lon="-122.525923"><ele>9.0</ele></trkpt><trkpt lat="37.875851" lon="-122.525895"><ele>8.9</ele></trkpt><trkpt lat="37.875758" lon="-122.525887"><ele>8.8</ele></trkpt><trkpt lat="37.875675" lon="-122.525889"><ele>8.7</ele></trkpt><trkpt lat="37.875593" lon="-122.525905"><ele>8.7</ele></trkpt><trkpt lat="37.875401" lon="-122.525970"><ele>8.5</ele></trkpt><trkpt lat="37.875162" lon="-122.526045"><ele>8.5</ele></trkpt><trkpt lat="37.875073" lon="-122.526060"><ele>8.5</ele></trkpt><trkpt lat="37.874984" lon="-122.526069"><ele>8.5</ele></trkpt><trkpt lat="37.874892" lon="-122.526064"><ele>8.5</ele></trkpt><trkpt lat="37.874800" lon="-122.526056"><ele>8.5</ele></trkpt><trkpt lat="37.874379" lon="-122.525985"><ele>8.0</ele></trkpt><trkpt lat="37.874314" lon="-122.525983"><ele>7.8</ele></trkpt><trkpt lat="37.874231" lon="-122.525985"><ele>7.7</ele></trkpt><trkpt lat="37.874058" lon="-122.526000"><ele>7.4</ele></trkpt><trkpt lat="37.873962" lon="-122.526004"><ele>7.3</ele></trkpt><trkpt lat="37.873841" lon="-122.525995"><ele>7.4</ele></trkpt><trkpt lat="37.873689" lon="-122.525971"><ele>7.6</ele></trkpt><trkpt lat="37.873510" lon="-122.525941"><ele>7.7</ele></trkpt><trkpt lat="37.873394" lon="-122.525913"><ele>7.8</ele></trkpt><trkpt lat="37.873120" lon="-122.525833"><ele>7.8</ele></trkpt><trkpt lat="37.873060" lon="-122.525819"><ele>7.7</ele></trkpt><trkpt lat="37.873005" lon="-122.525818"><ele>7.7</ele></trkpt><trkpt lat="37.872935" lon="-122.525832"><ele>7.6</ele></trkpt><trkpt lat="37.872387" lon="-122.526039"><ele>7.5</ele></trkpt><trkpt lat="37.872011" lon="-122.526191"><ele>7.8</ele></trkpt><trkpt lat="37.871356" lon="-122.526495"><ele>7.7</ele></trkpt><trkpt lat="37.870932" lon="-122.526683"><ele>8.2</ele></trkpt><trkpt lat="37.870522" lon="-122.526853"><ele>9.1</ele></trkpt><trkpt lat="37.870409" lon="-122.526901"><ele>8.9</ele></trkpt><trkpt lat="37.870304" lon="-122.526953"><ele>8.6</ele></trkpt><trkpt lat="37.870222" lon="-122.527005"><ele>8.4</ele></trkpt><trkpt lat="37.870140" lon="-122.527070"><ele>8.2</ele></trkpt><trkpt lat="37.870050" lon="-122.527166"><ele>8.0</ele></trkpt><trkpt lat="37.869866" lon="-122.527393"><ele>7.6</ele></trkpt><trkpt lat="37.869544" lon="-122.527798"><ele>7.6</ele></trkpt><trkpt lat="37.869476" lon="-122.527886"><ele>7.6</ele></trkpt><trkpt lat="37.869388" lon="-122.528001"><ele>7.7</ele></trkpt><trkpt lat="37.869209" lon="-122.528213"><ele>8.2</ele></trkpt><trkpt lat="37.869069" lon="-122.528359"><ele>8.6</ele></trkpt><trkpt lat="37.868932" lon="-122.528490"><ele>8.9</ele></trkpt><trkpt lat="37.868807" lon="-122.528602"><ele>9.5</ele></trkpt><trkpt lat="37.868599" lon="-122.528804"><ele>11.1</ele></trkpt><trkpt lat="37.868425" lon="-122.528979"><ele>12.4</ele></trkpt><trkpt lat="37.868328" lon="-122.529089"><ele>13.2</ele></trkpt><trkpt lat="37.868258" lon="-122.529193"><ele>13.8</ele></trkpt><trkpt lat="37.868072" lon="-122.529548"><ele>16.0</ele></trkpt><trkpt lat="37.867999" lon="-122.529665"><ele>16.7</ele></trkpt><trkpt lat="37.867925" lon="-122.529757"><ele>17.4</ele></trkpt><trkpt lat="37.867704" lon="-122.529962"><ele>19.1</ele></trkpt><trkpt lat="37.867599" lon="-122.530084"><ele>20.0</ele></trkpt><trkpt lat="37.867128" lon="-122.530760"><ele>24.4</ele></trkpt><trkpt lat="37.867030" lon="-122.530892"><ele>25.2</ele></trkpt><trkpt lat="37.866910" lon="-122.531039"><ele>26.2</ele></trkpt><trkpt lat="37.866799" lon="-122.531152"><ele>27.3</ele></trkpt><trkpt lat="37.866681" lon="-122.531241"><ele>28.7</ele></trkpt><trkpt lat="37.866591" lon="-122.531293"><ele>29.8</ele></trkpt><trkpt lat="37.866373" lon="-122.531386"><ele>32.2</ele></trkpt><trkpt lat="37.866300" lon="-122.531425"><ele>33.0</ele></trkpt><trkpt lat="37.866232" lon="-122.531474"><ele>33.8</ele></trkpt><trkpt lat="37.866166" lon="-122.531540"><ele>34.5</ele></trkpt><trkpt lat="37.866001" lon="-122.531760"><ele>34.7</ele></trkpt><trkpt lat="37.865909" lon="-122.531894"><ele>34.8</ele></trkpt><trkpt lat="37.865763" lon="-122.532078"><ele>35.0</ele></trkpt><trkpt lat="37.865673" lon="-122.532206"><ele>35.2</ele></trkpt><trkpt lat="37.865450" lon="-122.532574"><ele>37.0</ele></trkpt><trkpt lat="37.865375" lon="-122.532679"><ele>37.6</ele></trkpt><trkpt lat="37.865302" lon="-122.532762"><ele>38.1</ele></trkpt><trkpt lat="37.865204" lon="-122.532840"><ele>38.6</ele></trkpt><trkpt lat="37.865089" lon="-122.532911"><ele>38.9</ele></trkpt><trkpt lat="37.864878" lon="-122.533018"><ele>39.3</ele></trkpt><trkpt lat="37.864776" lon="-122.533062"><ele>39.5</ele></trkpt><trkpt lat="37.864617" lon="-122.533124"><ele>39.8</ele></trkpt><trkpt lat="37.864515" lon="-122.533166"><ele>40.0</ele></trkpt><trkpt lat="37.864416" lon="-122.533226"><ele>40.6</ele></trkpt><trkpt lat="37.864163" lon="-122.533412"><ele>42.4</ele></trkpt><trkpt lat="37.864044" lon="-122.533481"><ele>43.1</ele></trkpt><trkpt lat="37.863900" lon="-122.533543"><ele>44.0</ele></trkpt><trkpt lat="37.863562" lon="-122.533653"><ele>45.7</ele></trkpt><trkpt lat="37.863436" lon="-122.533704"><ele>46.3</ele></trkpt><trkpt lat="37.862942" lon="-122.533938"><ele>48.5</ele></trkpt><trkpt lat="37.862838" lon="-122.533984"><ele>48.9</ele></trkpt><trkpt lat="37.862754" lon="-122.534032"><ele>49.3</ele></trkpt><trkpt lat="37.862660" lon="-122.534099"><ele>49.7</ele></trkpt><trkpt lat="37.862575" lon="-122.534173"><ele>50.1</ele></trkpt><trkpt lat="37.862502" lon="-122.534249"><ele>50.6</ele></trkpt><trkpt lat="37.862428" lon="-122.534341"><ele>51.2</ele></trkpt><trkpt lat="37.862364" lon="-122.534441"><ele>51.9</ele></trkpt><trkpt lat="37.862297" lon="-122.534553"><ele>52.6</ele></trkpt><trkpt lat="37.862235" lon="-122.534644"><ele>53.2</ele></trkpt><trkpt lat="37.862160" lon="-122.534741"><ele>53.9</ele></trkpt><trkpt lat="37.862069" lon="-122.534845"><ele>54.6</ele></trkpt><trkpt lat="37.861968" lon="-122.534927"><ele>55.2</ele></trkpt><trkpt lat="37.861826" lon="-122.535029"><ele>55.9</ele></trkpt><trkpt lat="37.861651" lon="-122.535124"><ele>56.7</ele></trkpt><trkpt lat="37.861581" lon="-122.535160"><ele>57.0</ele></trkpt><trkpt lat="37.861522" lon="-122.535196"><ele>57.3</ele></trkpt><trkpt lat="37.861467" lon="-122.535237"><ele>57.5</ele></trkpt><trkpt lat="37.861414" lon="-122.535279"><ele>57.8</ele></trkpt><trkpt lat="37.861368" lon="-122.535320"><ele>58.0</ele></trkpt><trkpt lat="37.861317" lon="-122.535367"><ele>58.2</ele></trkpt><trkpt lat="37.861222" lon="-122.535465"><ele>58.6</ele></trkpt><trkpt lat="37.861128" lon="-122.535567"><ele>58.9</ele></trkpt><trkpt lat="37.861031" lon="-122.535678"><ele>59.3</ele></trkpt><trkpt lat="37.860939" lon="-122.535781"><ele>59.7</ele></trkpt><trkpt lat="37.860840" lon="-122.535885"><ele>60.0</ele></trkpt><trkpt lat="37.860755" lon="-122.535969"><ele>60.0</ele></trkpt><trkpt lat="37.860549" lon="-122.536165"><ele>60.0</ele></trkpt><trkpt lat="37.860360" lon="-122.536345"><ele>60.0</ele></trkpt><trkpt lat="37.860328" lon="-122.536379"><ele>60.0</ele></trkpt><trkpt lat="37.860190" lon="-122.536531"><ele>59.8</ele></trkpt><trkpt lat="37.860101" lon="-122.536630"><ele>59.6</ele></trkpt><trkpt lat="37.860018" lon="-122.536725"><ele>59.3</ele></trkpt><trkpt lat="37.859945" lon="-122.536809"><ele>59.1</ele></trkpt><trkpt lat="37.859867" lon="-122.536892"><ele>58.9</ele></trkpt><trkpt lat="37.859794" lon="-122.536965"><ele>58.7</ele></trkpt><trkpt lat="37.859709" lon="-122.537038"><ele>58.4</ele></trkpt><trkpt lat="37.859614" lon="-122.537106"><ele>57.6</ele></trkpt><trkpt lat="37.859154" lon="-122.537413"><ele>53.7</ele></trkpt><trkpt lat="37.858730" lon="-122.537690"><ele>50.7</ele></trkpt><trkpt lat="37.858630" lon="-122.537754"><ele>50.0</ele></trkpt><trkpt lat="37.858539" lon="-122.537817"><ele>49.4</ele></trkpt><trkpt lat="37.858456" lon="-122.537879"><ele>48.8</ele></trkpt><trkpt lat="37.858378" lon="-122.537943"><ele>48.3</ele></trkpt><trkpt lat="37.858300" lon="-122.538017"><ele>47.8</ele></trkpt><trkpt lat="37.858230" lon="-122.538091"><ele>47.4</ele></trkpt><trkpt lat="37.858167" lon="-122.538163"><ele>47.0</ele></trkpt><trkpt lat="37.858099" lon="-122.538247"><ele>46.5</ele></trkpt><trkpt lat="37.858026" lon="-122.538342"><ele>46.0</ele></trkpt><trkpt lat="37.857835" lon="-122.538603"><ele>46.4</ele></trkpt><trkpt lat="37.857769" lon="-122.538689"><ele>47.4</ele></trkpt><trkpt lat="37.857701" lon="-122.538767"><ele>48.4</ele></trkpt><trkpt lat="37.857636" lon="-122.538838"><ele>49.3</ele></trkpt><trkpt lat="37.857583" lon="-122.538885"><ele>50.0</ele></trkpt><trkpt lat="37.857526" lon="-122.538929"><ele>50.8</ele></trkpt><trkpt lat="37.857471" lon="-122.538964"><ele>51.4</ele></trkpt><trkpt lat="37.857412" lon="-122.538995"><ele>52.1</ele></trkpt><trkpt lat="37.857448" lon="-122.539108"><ele>53.1</ele></trkpt><trkpt lat="37.857488" lon="-122.539243"><ele>54.0</ele></trkpt><trkpt lat="37.857521" lon="-122.539359"><ele>54.7</ele></trkpt><trkpt lat="37.857547" lon="-122.539465"><ele>55.3</ele></trkpt><trkpt lat="37.857568" lon="-122.539566"><ele>55.9</ele></trkpt><trkpt lat="37.857586" lon="-122.539674"><ele>56.6</ele></trkpt><trkpt lat="37.857603" lon="-122.539782"><ele>57.2</ele></trkpt><trkpt lat="37.857621" lon="-122.539877"><ele>57.8</ele></trkpt><trkpt lat="37.857645" lon="-122.539966"><ele>58.3</ele></trkpt><trkpt lat="37.857684" lon="-122.540044"><ele>59.1</ele></trkpt><trkpt lat="37.857730" lon="-122.540122"><ele>60.0</ele></trkpt><trkpt lat="37.857811" lon="-122.540229"><ele>61.3</ele></trkpt><trkpt lat="37.857912" lon="-122.540351"><ele>62.8</ele></trkpt><trkpt lat="37.857972" lon="-122.540443"><ele>63.8</ele></trkpt><trkpt lat="37.858012" lon="-122.540523"><ele>64.6</ele></trkpt><trkpt lat="37.858088" lon="-122.540711"><ele>66.1</ele></trkpt><trkpt lat="37.858147" lon="-122.540856"><ele>65.8</ele></trkpt><trkpt lat="37.858200" lon="-122.540950"><ele>65.6</ele></trkpt><trkpt lat="37.858332" lon="-122.541129"><ele>65.2</ele></trkpt><trkpt lat="37.858570" lon="-122.541430"><ele>65.0</ele></trkpt><trkpt lat="37.858663" lon="-122.541559"><ele>65.8</ele></trkpt><trkpt lat="37.858877" lon="-122.541865"><ele>67.9</ele></trkpt><trkpt lat="37.858966" lon="-122.541972"><ele>68.6</ele></trkpt><trkpt lat="37.859153" lon="-122.542170"><ele>70.5</ele></trkpt><trkpt lat="37.859239" lon="-122.542271"><ele>71.4</ele></trkpt><trkpt lat="37.859290" lon="-122.542355"><ele>72.1</ele></trkpt><trkpt lat="37.859353" lon="-122.542466"><ele>73.0</ele></trkpt><trkpt lat="37.859637" lon="-122.543095"><ele>77.6</ele></trkpt><trkpt lat="37.859701" lon="-122.543220"><ele>78.5</ele></trkpt><trkpt lat="37.859763" lon="-122.543319"><ele>79.3</ele></trkpt><trkpt lat="37.859847" lon="-122.543445"><ele>80.4</ele></trkpt><trkpt lat="37.860223" lon="-122.543894"><ele>82.3</ele></trkpt><trkpt lat="37.860605" lon="-122.544293"><ele>82.9</ele></trkpt><trkpt lat="37.860783" lon="-122.544451"><ele>82.6</ele></trkpt><trkpt lat="37.860924" lon="-122.544558"><ele>82.4</ele></trkpt><trkpt lat="37.861087" lon="-122.544651"><ele>83.0</ele></trkpt><trkpt lat="37.861139" lon="-122.544669"><ele>83.4</ele></trkpt><trkpt lat="37.861193" lon="-122.544677"><ele>83.8</ele></trkpt><trkpt lat="37.861294" lon="-122.544675"><ele>84.6</ele></trkpt><trkpt lat="37.861440" lon="-122.544660"><ele>85.8</ele></trkpt><trkpt lat="37.861487" lon="-122.544667"><ele>86.2</ele></trkpt><trkpt lat="37.861529" lon="-122.544686"><ele>86.5</ele></trkpt><trkpt lat="37.861558" lon="-122.544717"><ele>86.8</ele></trkpt><trkpt lat="37.861585" lon="-122.544765"><ele>87.2</ele></trkpt><trkpt lat="37.861593" lon="-122.544817"><ele>87.5</ele></trkpt><trkpt lat="37.861594" lon="-122.544878"><ele>87.9</ele></trkpt><trkpt lat="37.861579" lon="-122.544948"><ele>88.2</ele></trkpt><trkpt lat="37.861542" lon="-122.545003"><ele>88.4</ele></trkpt><trkpt lat="37.861482" lon="-122.545065"><ele>88.7</ele></trkpt><trkpt lat="37.861122" lon="-122.545375"><ele>90.1</ele></trkpt><trkpt lat="37.861080" lon="-122.545422"><ele>90.3</ele></trkpt><trkpt lat="37.861010" lon="-122.545530"><ele>90.5</ele></trkpt><trkpt lat="37.860938" lon="-122.545671"><ele>90.5</ele></trkpt><trkpt lat="37.860922" lon="-122.545698"><ele>90.5</ele></trkpt><trkpt lat="37.860909" lon="-122.545716"><ele>90.5</ele></trkpt><trkpt lat="37.860893" lon="-122.545726"><ele>90.5</ele></trkpt><trkpt lat="37.860875" lon="-122.545730"><ele>90.5</ele></trkpt><trkpt lat="37.860875" lon="-122.545730"><ele>90.5</ele></trkpt></trkseg></trk>
</gpx>