<?xml version="1.0" encoding="UTF-8"?>
<gpx version="1.1" creator="north-bay-planning" xmlns="http://www.topografix.com/GPX/1/1">
<metadata><name>October trip alternates</name><desc>Monday over the bridge, and the two off-road Sunday options</desc></metadata>
<wpt lat="37.824620" lon="-122.526580"><name>Night 1 Bicentennial site 02</name><desc>Booked.</desc></wpt>
<wpt lat="37.903820" lon="-122.603640"><name>Night 2 Pantoll hike-and-bike</name><desc>Walk-up.</desc></wpt>
<wpt lat="38.018280" lon="-122.733140"><name>Night 3 Samuel P. Taylor hike-and-bike</name><desc>Walk-up.</desc></wpt>
<wpt lat="37.860800" lon="-122.545820"><name>Night 4 Haypress</name><desc>Reserve on recreation.gov.</desc></wpt>
<trk><name>Mon Oct 26 B Haypress over the bridge to Embarcadero</name><trkseg><trkpt lat="37.860875" lon="-122.545730"><ele>98.1</ele></trkpt><trkpt lat="37.860875" lon="-122.545730"><ele>98.1</ele></trkpt><trkpt lat="37.860893" lon="-122.545726"><ele>98.0</ele></trkpt><trkpt lat="37.860909" lon="-122.545716"><ele>97.9</ele></trkpt><trkpt lat="37.860922" lon="-122.545698"><ele>97.8</ele></trkpt><trkpt lat="37.860938" lon="-122.545671"><ele>97.6</ele></trkpt><trkpt lat="37.861010" lon="-122.545530"><ele>96.6</ele></trkpt><trkpt lat="37.861080" lon="-122.545422"><ele>95.8</ele></trkpt><trkpt lat="37.861122" lon="-122.545375"><ele>95.4</ele></trkpt><trkpt lat="37.861482" lon="-122.545065"><ele>92.1</ele></trkpt><trkpt lat="37.861542" lon="-122.545003"><ele>91.5</ele></trkpt><trkpt lat="37.861579" lon="-122.544948"><ele>90.9</ele></trkpt><trkpt lat="37.861594" lon="-122.544878"><ele>90.4</ele></trkpt><trkpt lat="37.861593" lon="-122.544817"><ele>90.0</ele></trkpt><trkpt lat="37.861585" lon="-122.544765"><ele>89.6</ele></trkpt><trkpt lat="37.861558" lon="-122.544717"><ele>89.2</ele></trkpt><trkpt lat="37.861529" lon="-122.544686"><ele>88.8</ele></trkpt><trkpt lat="37.861487" lon="-122.544667"><ele>88.4</ele></trkpt><trkpt lat="37.861440" lon="-122.544660"><ele>88.0</ele></trkpt><trkpt lat="37.861294" lon="-122.544675"><ele>86.7</ele></trkpt><trkpt lat="37.861193" lon="-122.544677"><ele>85.9</ele></trkpt><trkpt lat="37.861139" lon="-122.544669"><ele>85.5</ele></trkpt><trkpt lat="37.861087" lon="-122.544651"><ele>85.1</ele></trkpt><trkpt lat="37.860924" lon="-122.544558"><ele>83.8</ele></trkpt><trkpt lat="37.860783" lon="-122.544451"><ele>82.5</ele></trkpt><trkpt lat="37.860605" lon="-122.544293"><ele>81.0</ele></trkpt><trkpt lat="37.860223" lon="-122.543894"><ele>79.1</ele></trkpt><trkpt lat="37.859847" lon="-122.543445"><ele>79.0</ele></trkpt><trkpt lat="37.859763" lon="-122.543319"><ele>79.3</ele></trkpt><trkpt lat="37.859701" lon="-122.543220"><ele>79.5</ele></trkpt><trkpt lat="37.859637" lon="-122.543095"><ele>79.7</ele></trkpt><trkpt lat="37.859353" lon="-122.542466"><ele>77.0</ele></trkpt><trkpt lat="37.859290" lon="-122.542355"><ele>76.4</ele></trkpt><trkpt lat="37.859239" lon="-122.542271"><ele>76.0</ele></trkpt><trkpt lat="37.859153" lon="-122.542170"><ele>75.1</ele></trkpt><trkpt lat="37.858966" lon="-122.541972"><ele>73.2</ele></trkpt><trkpt lat="37.858877" lon="-122.541865"><ele>72.3</ele></trkpt><trkpt lat="37.858663" lon="-122.541559"><ele>69.7</ele></trkpt><trkpt lat="37.858570" lon="-122.541430"><ele>68.2</ele></trkpt><trkpt lat="37.858332" lon="-122.541129"><ele>64.7</ele></trkpt><trkpt lat="37.858200" lon="-122.540950"><ele>62.6</ele></trkpt><trkpt lat="37.858147" lon="-122.540856"><ele>61.6</ele></trkpt><trkpt lat="37.858088" lon="-122.540711"><ele>60.2</ele></trkpt><trkpt lat="37.858012" lon="-122.540523"><ele>58.3</ele></trkpt><trkpt lat="37.857972" lon="-122.540443"><ele>57.5</ele></trkpt><trkpt lat="37.857912" lon="-122.540351"><ele>56.4</ele></trkpt><trkpt lat="37.857811" lon="-122.540229"><ele>54.9</ele></trkpt><trkpt lat="37.857730" lon="-122.540122"><ele>54.2</ele></trkpt><trkpt lat="37.857684" lon="-122.540044"><ele>53.8</ele></trkpt><trkpt lat="37.857645" lon="-122.539966"><ele>53.4</ele></trkpt><trkpt lat="37.857621" lon="-122.539877"><ele>53.0</ele></trkpt><trkpt lat="37.857603" lon="-122.539782"><ele>52.6</ele></trkpt><trkpt lat="37.857586" lon="-122.539674"><ele>52.1</ele></trkpt><trkpt lat="37.857568" lon="-122.539566"><ele>51.6</ele></trkpt><trkpt lat="37.857547" lon="-122.539465"><ele>51.2</ele></trkpt><trkpt lat="37.857521" lon="-122.539359"><ele>50.6</ele></trkpt><trkpt lat="37.857488" lon="-122.539243"><ele>49.8</ele></trkpt><trkpt lat="37.857448" lon="-122.539108"><ele>48.9</ele></trkpt><trkpt lat="37.857412" lon="-122.538995"><ele>48.1</ele></trkpt><trkpt lat="37.857471" lon="-122.538964"><ele>47.6</ele></trkpt><trkpt lat="37.857526" lon="-122.538929"><ele>47.1</ele></trkpt><trkpt lat="37.857583" lon="-122.538885"><ele>46.6</ele></trkpt><trkpt lat="37.857636" lon="-122.538838"><ele>46.1</ele></trkpt><trkpt lat="37.857701" lon="-122.538767"><ele>45.4</ele></trkpt><trkpt lat="37.857769" lon="-122.538689"><ele>45.1</ele></trkpt><trkpt lat="37.857835" lon="-122.538603"><ele>45.0</ele></trkpt><trkpt lat="37.858026" lon="-122.538342"><ele>44.7</ele></trkpt><trkpt lat="37.858099" lon="-122.538247"><ele>44.7</ele></trkpt><trkpt lat="37.858167" lon="-122.538163"><ele>44.6</ele></trkpt><trkpt lat="37.858230" lon="-122.538091"><ele>44.5</ele></trkpt><trkpt lat="37.858300" lon="-122.538017"><ele>44.8</ele></trkpt><trkpt lat="37.858378" lon="-122.537943"><ele>45.2</ele></trkpt><trkpt lat="37.858456" lon="-122.537879"><ele>45.5</ele></trkpt><trkpt lat="37.858539" lon="-122.537817"><ele>45.9</ele></trkpt><trkpt lat="37.858630" lon="-122.537754"><ele>46.3</ele></trkpt><trkpt lat="37.858730" lon="-122.537690"><ele>46.7</ele></trkpt><trkpt lat="37.859154" lon="-122.537413"><ele>49.6</ele></trkpt><trkpt lat="37.859614" lon="-122.537106"><ele>53.2</ele></trkpt><trkpt lat="37.859709" lon="-122.537038"><ele>54.1</ele></trkpt><trkpt lat="37.859794" lon="-122.536965"><ele>54.9</ele></trkpt><trkpt lat="37.859867" lon="-122.536892"><ele>55.7</ele></trkpt><trkpt lat="37.859945" lon="-122.536809"><ele>56.5</ele></trkpt><trkpt lat="37.860018" lon="-122.536725"><ele>57.3</ele></trkpt><trkpt lat="37.860101" lon="-122.536630"><ele>58.0</ele></trkpt><trkpt lat="37.860190" lon="-122.536531"><ele>58.2</ele></trkpt><trkpt lat="37.860328" lon="-122.536379"><ele>58.5</ele></trkpt><trkpt lat="37.860360" lon="-122.536345"><ele>58.6</ele></trkpt><trkpt lat="37.860549" lon="-122.536165"><ele>59.0</ele></trkpt><trkpt lat="37.860755" lon="-122.535969"><ele>58.9</ele></trkpt><trkpt lat="37.860840" lon="-122.535885"><ele>58.7</ele></trkpt><trkpt lat="37.860939" lon="-122.535781"><ele>58.5</ele></trkpt><trkpt lat="37.861031" lon="-122.535678"><ele>58.3</ele></trkpt><trkpt lat="37.861128" lon="-122.535567"><ele>58.0</ele></trkpt><trkpt lat="37.861222" lon="-122.535465"><ele>57.7</ele></trkpt><trkpt lat="37.861317" lon="-122.535367"><ele>57.2</ele></trkpt><trkpt lat="37.861368" lon="-122.535320"><ele>56.9</ele></trkpt><trkpt lat="37.861414" lon="-122.535279"><ele>56.7</ele></trkpt><trkpt lat="37.861467" lon="-122.535237"><ele>56.4</ele></trkpt><trkpt lat="37.861522" lon="-122.535196"><ele>56.2</ele></trkpt><trkpt lat="37.861581" lon="-122.535160"><ele>55.9</ele></trkpt><trkpt lat="37.861651" lon="-122.535124"><ele>55.6</ele></trkpt><trkpt lat="37.861826" lon="-122.535029"><ele>54.8</ele></trkpt><trkpt lat="37.861968" lon="-122.534927"><ele>54.1</ele></trkpt><trkpt lat="37.862069" lon="-122.534845"><ele>53.6</ele></trkpt><trkpt lat="37.862160" lon="-122.534741"><ele>53.1</ele></trkpt><trkpt lat="37.862235" lon="-122.534644"><ele>52.6</ele></trkpt><trkpt lat="37.862297" lon="-122.534553"><ele>52.2</ele></trkpt><trkpt lat="37.862364" lon="-122.534441"><ele>51.7</ele></trkpt><trkpt lat="37.862428" lon="-122.534341"><ele>51.3</ele></trkpt><trkpt lat="37.862502" lon="-122.534249"><ele>50.8</ele></trkpt><trkpt lat="37.862575" lon="-122.534173"><ele>50.4</ele></trkpt><trkpt lat="37.862660" lon="-122.534099"><ele>50.0</ele></trkpt><trkpt lat="37.862754" lon="-122.534032"><ele>49.6</ele></trkpt><trkpt lat="37.862838" lon="-122.533984"><ele>49.2</ele></trkpt><trkpt lat="37.862942" lon="-122.533938"><ele>48.7</ele></trkpt><trkpt lat="37.863436" lon="-122.533704"><ele>47.0</ele></trkpt><trkpt lat="37.863562" lon="-122.533653"><ele>46.5</ele></trkpt><trkpt lat="37.863900" lon="-122.533543"><ele>45.3</ele></trkpt><trkpt lat="37.864044" lon="-122.533481"><ele>44.8</ele></trkpt><trkpt lat="37.864163" lon="-122.533412"><ele>44.4</ele></trkpt><trkpt lat="37.864416" lon="-122.533226"><ele>43.0</ele></trkpt><trkpt lat="37.864515" lon="-122.533166"><ele>42.4</ele></trkpt><trkpt lat="37.864617" lon="-122.533124"><ele>41.7</ele></trkpt><trkpt lat="37.864776" lon="-122.533062"><ele>40.7</ele></trkpt><trkpt lat="37.864878" lon="-122.533018"><ele>40.1</ele></trkpt><trkpt lat="37.865089" lon="-122.532911"><ele>38.6</ele></trkpt><trkpt lat="37.865204" lon="-122.532840"><ele>37.8</ele></trkpt><trkpt lat="37.865302" lon="-122.532762"><ele>37.0</ele></trkpt><trkpt lat="37.865375" lon="-122.532679"><ele>36.3</ele></trkpt><trkpt lat="37.865450" lon="-122.532574"><ele>35.6</ele></trkpt><trkpt lat="37.865673" lon="-122.532206"><ele>33.4</ele></trkpt><trkpt lat="37.865763" lon="-122.532078"><ele>32.7</ele></trkpt><trkpt lat="37.865909" lon="-122.531894"><ele>31.6</ele></trkpt><trkpt lat="37.866001" lon="-122.531760"><ele>30.8</ele></trkpt><trkpt lat="37.866166" lon="-122.531540"><ele>30.4</ele></trkpt><trkpt lat="37.866232" lon="-122.531474"><ele>30.2</ele></trkpt><trkpt lat="37.866300" lon="-122.531425"><ele>30.1</ele></trkpt><trkpt lat="37.866373" lon="-122.531386"><ele>30.0</ele></trkpt><trkpt lat="37.866591" lon="-122.531293"><ele>29.6</ele></trkpt><trkpt lat="37.866681" lon="-122.531241"><ele>29.0</ele></trkpt><trkpt lat="37.866799" lon="-122.531152"><ele>28.1</ele></trkpt><trkpt lat="37.866910" lon="-122.531039"><ele>27.2</ele></trkpt><trkpt lat="37.867030" lon="-122.530892"><ele>26.1</ele></trkpt><trkpt lat="37.867128" lon="-122.530760"><ele>25.2</ele></trkpt><trkpt lat="37.867599" lon="-122.530084"><ele>21.6</ele></trkpt><trkpt lat="37.867704" lon="-122.529962"><ele>20.9</ele></trkpt><trkpt lat="37.867925" lon="-122.529757"><ele>19.5</ele></trkpt><trkpt lat="37.867999" lon="-122.529665"><ele>19.0</ele></trkpt><trkpt lat="37.868072" lon="-122.529548"><ele>18.4</ele></trkpt><trkpt lat="37.868258" lon="-122.529193"><ele>16.5</ele></trkpt><trkpt lat="37.868328" lon="-122.529089"><ele>15.9</ele></trkpt><trkpt lat="37.868425" lon="-122.528979"><ele>15.1</ele></trkpt><trkpt lat="37.868599" lon="-122.528804"><ele>13.7</ele></trkpt><trkpt lat="37.868807" lon="-122.528602"><ele>12.2</ele></trkpt><trkpt lat="37.868932" lon="-122.528490"><ele>11.3</ele></trkpt><trkpt lat="37.869069" lon="-122.528359"><ele>10.3</ele></trkpt><trkpt lat="37.869209" lon="-122.528213"><ele>9.2</ele></trkpt><trkpt lat="37.869388" lon="-122.528001"><ele>8.0</ele></trkpt><trkpt lat="37.869476" lon="-122.527886"><ele>7.3</ele></trkpt><trkpt lat="37.869544" lon="-122.527798"><ele>6.8</ele></trkpt><trkpt lat="37.869866" lon="-122.527393"><ele>6.7</ele></trkpt><trkpt lat="37.870050" lon="-122.527166"><ele>8.5</ele></trkpt><trkpt lat="37.870140" lon="-122.527070"><ele>9.3</ele></trkpt><trkpt lat="37.870222" lon="-122.527005"><ele>10.0</ele></trkpt><trkpt lat="37.870304" lon="-122.526953"><ele>10.4</ele></trkpt><trkpt lat="37.870409" lon="-122.526901"><ele>10.5</ele></trkpt><trkpt lat="37.870522" lon="-122.526853"><ele>10.6</ele></trkpt><trkpt lat="37.870932" lon="-122.526683"><ele>10.9</ele></trkpt><trkpt lat="37.871356" lon="-122.526495"><ele>11.3</ele></trkpt><trkpt lat="37.872011" lon="-122.526191"><ele>9.3</ele></trkpt><trkpt lat="37.872387" lon="-122.526039"><ele>7.4</ele></trkpt><trkpt lat="37.872935" lon="-122.525832"><ele>7.9</ele></trkpt><trkpt lat="37.873005" lon="-122.525818"><ele>7.9</ele></trkpt><trkpt lat="37.873060" lon="-122.525819"><ele>7.9</ele></trkpt><trkpt lat="37.873120" lon="-122.525833"><ele>7.9</ele></trkpt><trkpt lat="37.873394" lon="-122.525913"><ele>7.9</ele></trkpt><trkpt lat="37.873510" lon="-122.525941"><ele>7.9</ele></trkpt><trkpt lat="37.873689" lon="-122.525971"><ele>7.9</ele></trkpt><trkpt lat="37.873841" lon="-122.525995"><ele>8.0</ele></trkpt><trkpt lat="37.873962" lon="-122.526004"><ele>8.0</ele></trkpt><trkpt lat="37.874058" lon="-122.526000"><ele>8.1</ele></trkpt><trkpt lat="37.874231" lon="-122.525985"><ele>8.1</ele></trkpt><trkpt lat="37.874314" lon="-122.525983"><ele>8.2</ele></trkpt><trkpt lat="37.874379" lon="-122.525985"><ele>8.2</ele></trkpt><trkpt lat="37.874800" lon="-122.526056"><ele>8.5</ele></trkpt><trkpt lat="37.874892" lon="-122.526064"><ele>8.6</ele></trkpt><trkpt lat="37.874984" lon="-122.526069"><ele>8.7</ele></trkpt><trkpt lat="37.875073" lon="-122.526060"><ele>8.8</ele></trkpt><trkpt lat="37.875162" lon="-122.526045"><ele>8.8</ele></trkpt><trkpt lat="37.875401" lon="-122.525970"><ele>9.0</ele></trkpt><trkpt lat="37.875593" lon="-122.525905"><ele>9.2</ele></trkpt><trkpt lat="37.875675" lon="-122.525889"><ele>9.3</ele></trkpt><trkpt lat="37.875758" lon="-122.525887"><ele>9.3</ele></trkpt><trkpt lat="37.875851" lon="-122.525895"><ele>9.4</ele></trkpt><trkpt lat="37.875923" lon="-122.525923"><ele>9.4</ele></trkpt><trkpt lat="37.876010" lon="-122.525963"><ele>9.2</ele></trkpt><trkpt lat="37.876132" lon="-122.526047"><ele>9.0</ele></trkpt><trkpt lat="37.876245" lon="-122.526138"><ele>8.8</ele></trkpt><trkpt lat="37.876420" lon="-122.526297"><ele>8.4</ele></trkpt><trkpt lat="37.876518" lon="-122.526377"><ele>8.1</ele></trkpt><trkpt lat="37.876594" lon="-122.526418"><ele>7.7</ele></trkpt><trkpt lat="37.876664" lon="-122.526438"><ele>7.4</ele></trkpt><trkpt lat="37.876758" lon="-122.526443"><ele>6.9</ele></trkpt><trkpt lat="37.876862" lon="-122.526444"><ele>6.4</ele></trkpt><trkpt lat="37.876992" lon="-122.526434"><ele>5.7</ele></trkpt><trkpt lat="37.877058" lon="-122.526488"><ele>5.3</ele></trkpt><trkpt lat="37.877174" lon="-122.526428"><ele>4.7</ele></trkpt><trkpt lat="37.877288" lon="-122.526362"><ele>4.2</ele></trkpt><trkpt lat="37.877372" lon="-122.526283"><ele>3.8</ele></trkpt><trkpt lat="37.877461" lon="-122.526177"><ele>3.3</ele></trkpt><trkpt lat="37.877515" lon="-122.526086"><ele>3.0</ele></trkpt><trkpt lat="37.877588" lon="-122.525933"><ele>2.4</ele></trkpt><trkpt lat="37.877650" lon="-122.525784"><ele>1.9</ele></trkpt><trkpt lat="37.877681" lon="-122.525669"><ele>1.7</ele></trkpt><trkpt lat="37.877691" lon="-122.525581"><ele>1.6</ele></trkpt><trkpt lat="37.877695" lon="-122.525473"><ele>1.5</ele></trkpt><trkpt lat="37.877620" lon="-122.525037"><ele>1.1</ele></trkpt><trkpt lat="37.877630" lon="-122.524897"><ele>0.9</ele></trkpt><trkpt lat="37.877755" lon="-122.524516"><ele>1.3</ele></trkpt><trkpt lat="37.877855" lon="-122.524062"><ele>1.8</ele></trkpt><trkpt lat="37.877939" lon="-122.523883"><ele>2.0</ele></trkpt><trkpt lat="37.878026" lon="-122.523755"><ele>2.1</ele></trkpt><trkpt lat="37.878104" lon="-122.523670"><ele>2.3</ele></trkpt><trkpt lat="37.878188" lon="-122.523601"><ele>2.4</ele></trkpt><trkpt lat="37.878282" lon="-122.523543"><ele>2.5</ele></trkpt><trkpt lat="37.878398" lon="-122.523525"><ele>2.7</ele></trkpt><trkpt lat="37.878474" lon="-122.523529"><ele>2.8</ele></trkpt><trkpt lat="37.878598" lon="-122.523543"><ele>2.9</ele></trkpt><trkpt lat="37.878675" lon="-122.523545"><ele>2.9</ele></trkpt><trkpt lat="37.878797" lon="-122.523534"><ele>3.0</ele></trkpt><trkpt lat="37.878924" lon="-122.523509"><ele>3.2</ele></trkpt><trkpt lat="37.879015" lon="-122.523489"><ele>3.2</ele></trkpt><trkpt lat="37.879101" lon="-122.523457"><ele>3.3</ele></trkpt><trkpt lat="37.879210" lon="-122.523379"><ele>3.3</ele></trkpt><trkpt lat="37.879372" lon="-122.523249"><ele>3.2</ele></trkpt><trkpt lat="37.879435" lon="-122.523171"><ele>3.2</ele></trkpt><trkpt lat="37.879437" lon="-122.523126"><ele>3.2</ele></trkpt><trkpt lat="37.879441" lon="-122.523038"><ele>3.2</ele></trkpt><trkpt lat="37.879474" lon="-122.522959"><ele>3.1</ele></trkpt><trkpt lat="37.879520" lon="-122.522908"><ele>3.1</ele></trkpt><trkpt lat="37.879580" lon="-122.522886"><ele>3.1</ele></trkpt><trkpt lat="37.879691" lon="-122.522857"><ele>3.0</ele></trkpt><trkpt lat="37.879698" lon="-122.522838"><ele>3.0</ele></trkpt><trkpt lat="37.879765" lon="-122.522778"><ele>3.0</ele></trkpt><trkpt lat="37.880358" lon="-122.522236"><ele>2.9</ele></trkpt><trkpt lat="37.880541" lon="-122.522062"><ele>2.7</ele></trkpt><trkpt lat="37.880597" lon="-122.521996"><ele>2.7</ele></trkpt><trkpt lat="37.880883" lon="-122.521584"><ele>2.4</ele></trkpt><trkpt lat="37.881506" lon="-122.520647"><ele>2.4</ele></trkpt><trkpt lat="37.881538" lon="-122.520592"><ele>2.4</ele></trkpt><trkpt lat="37.881558" lon="-122.520545"><ele>2.4</ele></trkpt><trkpt lat="37.881567" lon="-122.520494"><ele>2.4</ele></trkpt><trkpt lat="37.881562" lon="-122.520406"><ele>2.4</ele></trkpt><trkpt lat="37.881563" lon="-122.520361"><ele>2.4</ele></trkpt><trkpt lat="37.881573" lon="-122.520309"><ele>2.4</ele></trkpt><trkpt lat="37.881589" lon="-122.520263"><ele>2.4</ele></trkpt><trkpt lat="37.881649" lon="-122.520152"><ele>2.4</ele></trkpt><trkpt lat="37.881791" lon="-122.520022"><ele>2.3</ele></trkpt><trkpt lat="37.881819" lon="-122.519976"><ele>2.3</ele></trkpt><trkpt lat="37.881877" lon="-122.519873"><ele>2.3</ele></trkpt><trkpt lat="37.881893" lon="-122.519829"><ele>2.2</ele></trkpt><trkpt lat="37.881940" lon="-122.519653"><ele>2.2</ele></trkpt><trkpt lat="37.881968" lon="-122.519576"><ele>2.1</ele></trkpt><trkpt lat="37.882118" lon="-122.519326"><ele>2.1</ele></trkpt><trkpt lat="37.882275" lon="-122.519068"><ele>2.1</ele></trkpt><trkpt lat="37.882298" lon="-122.519034"><ele>2.1</ele></trkpt><trkpt lat="37.882327" lon="-122.519003"><ele>2.1</ele></trkpt><trkpt lat="37.882350" lon="-122.518992"><ele>2.1</ele></trkpt><trkpt lat="37.882384" lon="-122.518982"><ele>2.1</ele></trkpt><trkpt lat="37.882426" lon="-122.518982"><ele>2.1</ele></trkpt><trkpt lat="37.882462" lon="-122.518992"><ele>2.1</ele></trkpt><trkpt lat="37.882510" lon="-122.518998"><ele>2.1</ele></trkpt><trkpt lat="37.882549" lon="-122.518993"><ele>2.1</ele></trkpt><trkpt lat="37.882598" lon="-122.518970"><ele>2.0</ele></trkpt><trkpt lat="37.882625" lon="-122.518954"><ele>2.0</ele></trkpt><trkpt lat="37.882680" lon="-122.518910"><ele>1.9</ele></trkpt><trkpt lat="37.882508" lon="-122.518687"><ele>1.6</ele></trkpt><trkpt lat="37.882230" lon="-122.518328"><ele>1.2</ele></trkpt><trkpt lat="37.882013" lon="-122.518028"><ele>1.0</ele></trkpt><trkpt lat="37.881799" lon="-122.517737"><ele>1.0</ele></trkpt><trkpt lat="37.881214" lon="-122.516975"><ele>2.3</ele></trkpt><trkpt lat="37.880170" lon="-122.515620"><ele>3.2</ele></trkpt><trkpt lat="37.879836" lon="-122.515185"><ele>2.8</ele></trkpt><trkpt lat="37.879797" lon="-122.515140"><ele>2.7</ele></trkpt><trkpt lat="37.879768" lon="-122.515116"><ele>2.7</ele></trkpt><trkpt lat="37.879733" lon="-122.515099"><ele>2.7</ele></trkpt><trkpt lat="37.879676" lon="-122.515081"><ele>2.6</ele></trkpt><trkpt lat="37.879647" lon="-122.515077"><ele>2.6</ele></trkpt><trkpt lat="37.879560" lon="-122.514962"><ele>2.5</ele></trkpt><trkpt lat="37.879447" lon="-122.514812"><ele>2.3</ele></trkpt><trkpt lat="37.879446" lon="-122.514779"><ele>2.3</ele></trkpt><trkpt lat="37.879441" lon="-122.514751"><ele>2.3</ele></trkpt><trkpt lat="37.879426" lon="-122.514705"><ele>2.3</ele></trkpt><trkpt lat="37.879408" lon="-122.514661"><ele>2.2</ele></trkpt><trkpt lat="37.879385" lon="-122.514620"><ele>2.2</ele></trkpt><trkpt lat="37.879358" lon="-122.514577"><ele>2.2</ele></trkpt><trkpt lat="37.879330" lon="-122.514539"><ele>2.1</ele></trkpt><trkpt lat="37.879095" lon="-122.514230"><ele>2.1</ele></trkpt><trkpt lat="37.878977" lon="-122.514078"><ele>2.1</ele></trkpt><trkpt lat="37.878852" lon="-122.513924"><ele>2.1</ele></trkpt><trkpt lat="37.878678" lon="-122.513703"><ele>2.0</ele></trkpt><trkpt lat="37.878518" lon="-122.513496"><ele>1.8</ele></trkpt><trkpt lat="37.878330" lon="-122.513251"><ele>1.5</ele></trkpt><trkpt lat="37.878049" lon="-122.512883"><ele>2.0</ele></trkpt><trkpt lat="37.877704" lon="-122.512432"><ele>2.2</ele></trkpt><trkpt lat="37.876709" lon="-122.511137"><ele>0.7</ele></trkpt><trkpt lat="37.876262" lon="-122.510556"><ele>0.0</ele></trkpt><trkpt lat="37.875831" lon="-122.509993"><ele>0.0</ele></trkpt><trkpt lat="37.875296" lon="-122.509298"><ele>0.6</ele></trkpt><trkpt lat="37.874505" lon="-122.508269"><ele>0.8</ele></trkpt><trkpt lat="37.874123" lon="-122.507767"><ele>1.0</ele></trkpt><trkpt lat="37.873844" lon="-122.507403"><ele>1.2</ele></trkpt><trkpt lat="37.873790" lon="-122.507330"><ele>1.2</ele></trkpt><trkpt lat="37.873752" lon="-122.507276"><ele>1.3</ele></trkpt><trkpt lat="37.873717" lon="-122.507222"><ele>1.4</ele></trkpt><trkpt lat="37.873683" lon="-122.507170"><ele>1.5</ele></trkpt><trkpt lat="37.873649" lon="-122.507122"><ele>1.6</ele></trkpt><trkpt lat="37.873611" lon="-122.507072"><ele>1.7</ele></trkpt><trkpt lat="37.873577" lon="-122.507029"><ele>1.8</ele></trkpt><trkpt lat="37.873545" lon="-122.506990"><ele>1.8</ele></trkpt><trkpt lat="37.873511" lon="-122.506949"><ele>1.9</ele></trkpt><trkpt lat="37.873475" lon="-122.506910"><ele>2.0</ele></trkpt><trkpt lat="37.873444" lon="-122.506876"><ele>2.1</ele></trkpt><trkpt lat="37.873416" lon="-122.506844"><ele>2.1</ele></trkpt><trkpt lat="37.873387" lon="-122.506810"><ele>2.2</ele></trkpt><trkpt lat="37.873345" lon="-122.506755"><ele>2.3</ele></trkpt><trkpt lat="37.873297" lon="-122.506685"><ele>2.4</ele></trkpt><trkpt lat="37.873227" lon="-122.506571"><ele>2.6</ele></trkpt><trkpt lat="37.873191" lon="-122.506508"><ele>2.6</ele></trkpt><trkpt lat="37.872768" lon="-122.505719"><ele>3.4</ele></trkpt><trkpt lat="37.872740" lon="-122.505680"><ele>3.4</ele></trkpt><trkpt lat="37.872683" lon="-122.505600"><ele>3.4</ele></trkpt><trkpt lat="37.872598" lon="-122.505455"><ele>3.4</ele></trkpt><trkpt lat="37.872449" lon="-122.505200"><ele>3.4</ele></trkpt><trkpt lat="37.872112" lon="-122.504728"><ele>4.0</ele></trkpt><trkpt lat="37.871775" lon="-122.504334"><ele>5.1</ele></trkpt><trkpt lat="37.871671" lon="-122.504225"><ele>5.5</ele></trkpt><trkpt lat="37.871618" lon="-122.504168"><ele>5.8</ele></trkpt><trkpt lat="37.871254" lon="-122.503899"><ele>6.8</ele></trkpt><trkpt lat="37.870937" lon="-122.503717"><ele>7.1</ele></trkpt><trkpt lat="37.870815" lon="-122.503651"><ele>7.2</ele></trkpt><trkpt lat="37.870780" lon="-122.503638"><ele>7.3</ele></trkpt><trkpt lat="37.870709" lon="-122.503611"><ele>7.3</ele></trkpt><trkpt lat="37.870645" lon="-122.503580"><ele>7.3</ele></trkpt><trkpt lat="37.870587" lon="-122.503556"><ele>7.3</ele></trkpt><trkpt lat="37.870549" lon="-122.503540"><ele>7.2</ele></trkpt><trkpt lat="37.870414" lon="-122.503480"><ele>7.2</ele></trkpt><trkpt lat="37.869954" lon="-122.503277"><ele>6.7</ele></trkpt><trkpt lat="37.869743" lon="-122.503174"><ele>5.9</ele></trkpt><trkpt lat="37.869493" lon="-122.503055"><ele>5.0</ele></trkpt><trkpt lat="37.869361" lon="-122.502985"><ele>4.6</ele></trkpt><trkpt lat="37.869316" lon="-122.502957"><ele>4.6</ele></trkpt><trkpt lat="37.869286" lon="-122.502955"><ele>4.6</ele></trkpt><trkpt lat="37.869210" lon="-122.502914"><ele>4.6</ele></trkpt><trkpt lat="37.869089" lon="-122.502837"><ele>4.6</ele></trkpt><trkpt lat="37.869014" lon="-122.502784"><ele>4.6</ele></trkpt><trkpt lat="37.868990" lon="-122.502757"><ele>4.6</ele></trkpt><trkpt lat="37.868945" lon="-122.502724"><ele>4.6</ele></trkpt><trkpt lat="37.868774" lon="-122.502600"><ele>4.6</ele></trkpt><trkpt lat="37.868724" lon="-122.502556"><ele>4.6</ele></trkpt><trkpt lat="37.868657" lon="-122.502503"><ele>4.5</ele></trkpt><trkpt lat="37.868611" lon="-122.502459"><ele>4.5</ele></trkpt><trkpt lat="37.868455" lon="-122.502324"><ele>4.4</ele></trkpt><trkpt lat="37.868202" lon="-122.502086"><ele>4.3</ele></trkpt><trkpt lat="37.868063" lon="-122.501935"><ele>4.4</ele></trkpt><trkpt lat="37.867959" lon="-122.501813"><ele>4.5</ele></trkpt><trkpt lat="37.867928" lon="-122.501776"><ele>4.5</ele></trkpt><trkpt lat="37.867707" lon="-122.501534"><ele>4.8</ele></trkpt><trkpt lat="37.867370" lon="-122.501191"><ele>4.8</ele></trkpt><trkpt lat="37.867023" lon="-122.500854"><ele>4.6</ele></trkpt><trkpt lat="37.866984" lon="-122.500811"><ele>4.6</ele></trkpt><trkpt lat="37.866946" lon="-122.500769"><ele>4.6</ele></trkpt><trkpt lat="37.866956" lon="-122.500755"><ele>4.6</ele></trkpt><trkpt lat="37.867126" lon="-122.500529"><ele>4.7</ele></trkpt><trkpt lat="37.867033" lon="-122.500424"><ele>4.8</ele></trkpt><trkpt lat="37.866948" lon="-122.500328"><ele>4.8</ele></trkpt><trkpt lat="37.866813" lon="-122.500180"><ele>4.8</ele></trkpt><trkpt lat="37.866667" lon="-122.500019"><ele>4.7</ele></trkpt><trkpt lat="37.866256" lon="-122.499594"><ele>4.3</ele></trkpt><trkpt lat="37.866217" lon="-122.499554"><ele>4.3</ele></trkpt><trkpt lat="37.865706" lon="-122.499006"><ele>4.3</ele></trkpt><trkpt lat="37.865134" lon="-122.498393"><ele>4.6</ele></trkpt><trkpt lat="37.865122" lon="-122.498381"><ele>4.6</ele></trkpt><trkpt lat="37.864985" lon="-122.498372"><ele>4.6</ele></trkpt><trkpt lat="37.864953" lon="-122.498365"><ele>4.6</ele></trkpt><trkpt lat="37.864924" lon="-122.498345"><ele>4.6</ele></trkpt><trkpt lat="37.864879" lon="-122.498310"><ele>4.6</ele></trkpt><trkpt lat="37.864704" lon="-122.498101"><ele>4.6</ele></trkpt><trkpt lat="37.864504" lon="-122.497872"><ele>4.6</ele></trkpt><trkpt lat="37.864234" lon="-122.497555"><ele>4.6</ele></trkpt><trkpt lat="37.864217" lon="-122.497429"><ele>4.6</ele></trkpt><trkpt lat="37.864293" lon="-122.497329"><ele>4.6</ele></trkpt><trkpt lat="37.864312" lon="-122.497304"><ele>4.6</ele></trkpt><trkpt lat="37.864466" lon="-122.497099"><ele>4.5</ele></trkpt><trkpt lat="37.864493" lon="-122.497062"><ele>4.4</ele></trkpt><trkpt lat="37.864515" lon="-122.497035"><ele>4.4</ele></trkpt><trkpt lat="37.864374" lon="-122.496864"><ele>4.3</ele></trkpt><trkpt lat="37.863883" lon="-122.496271"><ele>5.3</ele></trkpt><trkpt lat="37.863876" lon="-122.496262"><ele>5.3</ele></trkpt><trkpt lat="37.863601" lon="-122.495927"><ele>6.1</ele></trkpt><trkpt lat="37.863586" lon="-122.495912"><ele>6.1</ele></trkpt><trkpt lat="37.863544" lon="-122.495871"><ele>6.2</ele></trkpt><trkpt lat="37.863496" lon="-122.495836"><ele>6.3</ele></trkpt><trkpt lat="37.863473" lon="-122.495803"><ele>6.3</ele></trkpt><trkpt lat="37.862735" lon="-122.494898"><ele>7.0</ele></trkpt><trkpt lat="37.862642" lon="-122.494782"><ele>7.0</ele></trkpt><trkpt lat="37.862578" lon="-122.494703"><ele>6.8</ele></trkpt><trkpt lat="37.862532" lon="-122.494650"><ele>6.8</ele></trkpt><trkpt lat="37.862466" lon="-122.494563"><ele>6.6</ele></trkpt><trkpt lat="37.862434" lon="-122.494503"><ele>6.6</ele></trkpt><trkpt lat="37.862390" lon="-122.494425"><ele>6.5</ele></trkpt><trkpt lat="37.862341" lon="-122.494296"><ele>6.3</ele></trkpt><trkpt lat="37.862300" lon="-122.494274"><ele>6.3</ele></trkpt><trkpt lat="37.862276" lon="-122.494252"><ele>6.2</ele></trkpt><trkpt lat="37.862253" lon="-122.494217"><ele>6.2</ele></trkpt><trkpt lat="37.862226" lon="-122.494157"><ele>6.1</ele></trkpt><trkpt lat="37.862180" lon="-122.494022"><ele>6.0</ele></trkpt><trkpt lat="37.862129" lon="-122.493856"><ele>5.8</ele></trkpt><trkpt lat="37.862087" lon="-122.493734"><ele>5.7</ele></trkpt><trkpt lat="37.862048" lon="-122.493657"><ele>5.6</ele></trkpt><trkpt lat="37.862010" lon="-122.493616"><ele>5.5</ele></trkpt><trkpt lat="37.861990" lon="-122.493585"><ele>5.5</ele></trkpt><trkpt lat="37.861932" lon="-122.493616"><ele>5.4</ele></trkpt><trkpt lat="37.861835" lon="-122.493674"><ele>5.3</ele></trkpt><trkpt lat="37.861832" lon="-122.493598"><ele>5.2</ele></trkpt><trkpt lat="37.861830" lon="-122.493511"><ele>5.2</ele></trkpt><trkpt lat="37.861806" lon="-122.492460"><ele>5.1</ele></trkpt><trkpt lat="37.861801" lon="-122.492251"><ele>5.0</ele></trkpt><trkpt lat="37.861799" lon="-122.492148"><ele>5.0</ele></trkpt><trkpt lat="37.861798" lon="-122.492110"><ele>5.0</ele></trkpt><trkpt lat="37.861793" lon="-122.491913"><ele>4.9</ele></trkpt><trkpt lat="37.861792" lon="-122.491890"><ele>4.9</ele></trkpt><trkpt lat="37.861785" lon="-122.491761"><ele>4.9</ele></trkpt><trkpt lat="37.861773" lon="-122.491590"><ele>5.3</ele></trkpt><trkpt lat="37.861758" lon="-122.491438"><ele>5.6</ele></trkpt><trkpt lat="37.861756" lon="-122.491417"><ele>5.6</ele></trkpt><trkpt lat="37.861739" lon="-122.491279"><ele>5.9</ele></trkpt><trkpt lat="37.861716" lon="-122.491123"><ele>6.2</ele></trkpt><trkpt lat="37.861690" lon="-122.490963"><ele>6.5</ele></trkpt><trkpt lat="37.861679" lon="-122.490909"><ele>6.6</ele></trkpt><trkpt lat="37.861668" lon="-122.490852"><ele>6.7</ele></trkpt><trkpt lat="37.861659" lon="-122.490807"><ele>6.7</ele></trkpt><trkpt lat="37.861625" lon="-122.490652"><ele>6.8</ele></trkpt><trkpt lat="37.861587" lon="-122.490494"><ele>6.8</ele></trkpt><trkpt lat="37.861552" lon="-122.490333"><ele>6.9</ele></trkpt><trkpt lat="37.861512" lon="-122.490192"><ele>6.9</ele></trkpt><trkpt lat="37.861462" lon="-122.490051"><ele>7.0</ele></trkpt><trkpt lat="37.861402" lon="-122.489904"><ele>7.1</ele></trkpt><trkpt lat="37.861342" lon="-122.489766"><ele>7.1</ele></trkpt><trkpt lat="37.861259" lon="-122.489583"><ele>7.2</ele></trkpt><trkpt lat="37.861246" lon="-122.489532"><ele>7.2</ele></trkpt><trkpt lat="37.861253" lon="-122.489434"><ele>7.2</ele></trkpt><trkpt lat="37.861205" lon="-122.489335"><ele>7.3</ele></trkpt><trkpt lat="37.861152" lon="-122.489229"><ele>7.3</ele></trkpt><trkpt lat="37.861101" lon="-122.489123"><ele>7.0</ele></trkpt><trkpt lat="37.861034" lon="-122.488985"><ele>6.6</ele></trkpt><trkpt lat="37.860978" lon="-122.488869"><ele>6.2</ele></trkpt><trkpt lat="37.860853" lon="-122.488613"><ele>5.4</ele></trkpt><trkpt lat="37.860826" lon="-122.488557"><ele>5.3</ele></trkpt><trkpt lat="37.860778" lon="-122.488454"><ele>4.9</ele></trkpt><trkpt lat="37.860433" lon="-122.487725"><ele>4.1</ele></trkpt><trkpt lat="37.860400" lon="-122.487653"><ele>4.0</ele></trkpt><trkpt lat="37.860363" lon="-122.487572"><ele>3.9</ele></trkpt><trkpt lat="37.860236" lon="-122.487295"><ele>3.7</ele></trkpt><trkpt lat="37.860155" lon="-122.487116"><ele>3.6</ele></trkpt><trkpt lat="37.860074" lon="-122.486937"><ele>3.4</ele></trkpt><trkpt lat="37.860021" lon="-122.486821"><ele>3.3</ele></trkpt><trkpt lat="37.859982" lon="-122.486727"><ele>3.3</ele></trkpt><trkpt lat="37.859955" lon="-122.486666"><ele>3.2</ele></trkpt><trkpt lat="37.859742" lon="-122.486189"><ele>2.8</ele></trkpt><trkpt lat="37.859648" lon="-122.485975"><ele>2.8</ele></trkpt><trkpt lat="37.859623" lon="-122.485917"><ele>2.8</ele></trkpt><trkpt lat="37.859587" lon="-122.485836"><ele>2.8</ele></trkpt><trkpt lat="37.859551" lon="-122.485760"><ele>2.9</ele></trkpt><trkpt lat="37.859431" lon="-122.485511"><ele>3.0</ele></trkpt><trkpt lat="37.859282" lon="-122.485201"><ele>3.0</ele></trkpt><trkpt lat="37.859196" lon="-122.485020"><ele>2.9</ele></trkpt><trkpt lat="37.859159" lon="-122.484941"><ele>2.9</ele></trkpt><trkpt lat="37.859126" lon="-122.484867"><ele>2.9</ele></trkpt><trkpt lat="37.858952" lon="-122.484469"><ele>2.7</ele></trkpt><trkpt lat="37.858937" lon="-122.484433"><ele>2.8</ele></trkpt><trkpt lat="37.858901" lon="-122.484349"><ele>2.8</ele></trkpt><trkpt lat="37.858868" lon="-122.484271"><ele>2.8</ele></trkpt><trkpt lat="37.858835" lon="-122.484189"><ele>2.9</ele></trkpt><trkpt lat="37.858803" lon="-122.484105"><ele>2.9</ele></trkpt><trkpt lat="37.858772" lon="-122.484019"><ele>2.9</ele></trkpt><trkpt lat="37.858744" lon="-122.483939"><ele>2.9</ele></trkpt><trkpt lat="37.858566" lon="-122.483430"><ele>3.4</ele></trkpt><trkpt lat="37.858531" lon="-122.483329"><ele>3.5</ele></trkpt><trkpt lat="37.858499" lon="-122.483238"><ele>3.7</ele></trkpt><trkpt lat="37.858474" lon="-122.483163"><ele>3.8</ele></trkpt><trkpt lat="37.858441" lon="-122.483060"><ele>3.9</ele></trkpt><trkpt lat="37.858422" lon="-122.482983"><ele>4.0</ele></trkpt><trkpt lat="37.858405" lon="-122.482910"><ele>4.1</ele></trkpt><trkpt lat="37.858387" lon="-122.482837"><ele>4.2</ele></trkpt><trkpt lat="37.858379" lon="-122.482808"><ele>4.3</ele></trkpt><trkpt lat="37.858366" lon="-122.482763"><ele>4.3</ele></trkpt><trkpt lat="37.858339" lon="-122.482680"><ele>4.3</ele></trkpt><trkpt lat="37.858310" lon="-122.482598"><ele>4.3</ele></trkpt><trkpt lat="37.858249" lon="-122.482424"><ele>4.3</ele></trkpt><trkpt lat="37.858218" lon="-122.482349"><ele>4.3</ele></trkpt><trkpt lat="37.858183" lon="-122.482278"><ele>4.3</ele></trkpt><trkpt lat="37.858146" lon="-122.482211"><ele>4.3</ele></trkpt><trkpt lat="37.858025" lon="-122.482006"><ele>4.3</ele></trkpt><trkpt lat="37.857972" lon="-122.481917"><ele>4.4</ele></trkpt><trkpt lat="37.857919" lon="-122.481833"><ele>4.4</ele></trkpt><trkpt lat="37.857865" lon="-122.481754"><ele>4.5</ele></trkpt><trkpt lat="37.857805" lon="-122.481672"><ele>4.6</ele></trkpt><trkpt lat="37.857741" lon="-122.481588"><ele>4.7</ele></trkpt><trkpt lat="37.857677" lon="-122.481506"><ele>4.7</ele></trkpt><trkpt lat="37.857529" lon="-122.481323"><ele>5.2</ele></trkpt><trkpt lat="37.857463" lon="-122.481236"><ele>5.8</ele></trkpt><trkpt lat="37.857455" lon="-122.481227"><ele>5.9</ele></trkpt><trkpt lat="37.857378" lon="-122.481122"><ele>6.6</ele></trkpt><trkpt lat="37.857304" lon="-122.481016"><ele>7.4</ele></trkpt><trkpt lat="37.857213" lon="-122.480887"><ele>8.3</ele></trkpt><trkpt lat="37.857109" lon="-122.480733"><ele>9.4</ele></trkpt><trkpt lat="37.857024" lon="-122.480604"><ele>9.9</ele></trkpt><trkpt lat="37.856978" lon="-122.480533"><ele>10.1</ele></trkpt><trkpt lat="37.856937" lon="-122.480470"><ele>10.2</ele></trkpt><trkpt lat="37.856772" lon="-122.480216"><ele>10.7</ele></trkpt><trkpt lat="37.856737" lon="-122.480166"><ele>10.9</ele></trkpt><trkpt lat="37.856698" lon="-122.480115"><ele>11.0</ele></trkpt><trkpt lat="37.856661" lon="-122.480071"><ele>11.1</ele></trkpt><trkpt lat="37.856621" lon="-122.480032"><ele>11.2</ele></trkpt><trkpt lat="37.856575" lon="-122.479997"><ele>11.3</ele></trkpt><trkpt lat="37.856528" lon="-122.479967"><ele>11.7</ele></trkpt><trkpt lat="37.856461" lon="-122.479928"><ele>12.1</ele></trkpt><trkpt lat="37.856429" lon="-122.479908"><ele>12.4</ele></trkpt><trkpt lat="37.856400" lon="-122.479890"><ele>12.6</ele></trkpt><trkpt lat="37.855976" lon="-122.479596"><ele>15.6</ele></trkpt><trkpt lat="37.855915" lon="-122.479554"><ele>15.6</ele></trkpt><trkpt lat="37.855874" lon="-122.479526"><ele>15.3</ele></trkpt><trkpt lat="37.855823" lon="-122.479493"><ele>14.9</ele></trkpt><trkpt lat="37.855783" lon="-122.479468"><ele>14.6</ele></trkpt><trkpt lat="37.855300" lon="-122.479186"><ele>11.0</ele></trkpt><trkpt lat="37.855144" lon="-122.479094"><ele>10.9</ele></trkpt><trkpt lat="37.855016" lon="-122.479020"><ele>10.8</ele></trkpt><trkpt lat="37.854975" lon="-122.478997"><ele>10.8</ele></trkpt><trkpt lat="37.854943" lon="-122.478982"><ele>10.8</ele></trkpt><trkpt lat="37.854922" lon="-122.478973"><ele>10.8</ele></trkpt><trkpt lat="37.854901" lon="-122.478965"><ele>10.8</ele></trkpt><trkpt lat="37.854878" lon="-122.478958"><ele>10.8</ele></trkpt><trkpt lat="37.854856" lon="-122.478954"><ele>10.8</ele></trkpt><trkpt lat="37.854834" lon="-122.478952"><ele>10.8</ele></trkpt><trkpt lat="37.854810" lon="-122.478950"><ele>10.8</ele></trkpt><trkpt lat="37.854547" lon="-122.478950"><ele>10.4</ele></trkpt><trkpt lat="37.851649" lon="-122.478949"><ele>24.5</ele></trkpt><trkpt lat="37.851623" lon="-122.478949"><ele>24.7</ele></trkpt><trkpt lat="37.851599" lon="-122.478950"><ele>24.8</ele></trkpt><trkpt lat="37.851575" lon="-122.478955"><ele>25.0</ele></trkpt><trkpt lat="37.851550" lon="-122.478961"><ele>25.2</ele></trkpt><trkpt lat="37.851526" lon="-122.478971"><ele>25.3</ele></trkpt><trkpt lat="37.851499" lon="-122.478984"><ele>25.5</ele></trkpt><trkpt lat="37.850932" lon="-122.479295"><ele>29.0</ele></trkpt><trkpt lat="37.850895" lon="-122.479315"><ele>29.1</ele></trkpt><trkpt lat="37.850857" lon="-122.479338"><ele>29.1</ele></trkpt><trkpt lat="37.850825" lon="-122.479360"><ele>29.1</ele></trkpt><trkpt lat="37.850504" lon="-122.479590"><ele>29.5</ele></trkpt><trkpt lat="37.850456" lon="-122.479624"><ele>29.5</ele></trkpt><trkpt lat="37.850408" lon="-122.479653"><ele>29.6</ele></trkpt><trkpt lat="37.850359" lon="-122.479678"><ele>28.9</ele></trkpt><trkpt lat="37.850313" lon="-122.479698"><ele>28.1</ele></trkpt><trkpt lat="37.850033" lon="-122.479801"><ele>23.6</ele></trkpt><trkpt lat="37.850008" lon="-122.479814"><ele>23.2</ele></trkpt><trkpt lat="37.849984" lon="-122.479828"><ele>22.8</ele></trkpt><trkpt lat="37.849962" lon="-122.479844"><ele>22.4</ele></trkpt><trkpt lat="37.849942" lon="-122.479864"><ele>22.0</ele></trkpt><trkpt lat="37.849927" lon="-122.479883"><ele>21.7</ele></trkpt><trkpt lat="37.849912" lon="-122.479907"><ele>21.3</ele></trkpt><trkpt lat="37.849899" lon="-122.479934"><ele>20.9</ele></trkpt><trkpt lat="37.849888" lon="-122.479962"><ele>20.5</ele></trkpt><trkpt lat="37.849880" lon="-122.479997"><ele>20.1</ele></trkpt><trkpt lat="37.849873" lon="-122.480032"><ele>19.6</ele></trkpt><trkpt lat="37.849870" lon="-122.480065"><ele>19.2</ele></trkpt><trkpt lat="37.849869" lon="-122.480099"><ele>18.8</ele></trkpt><trkpt lat="37.849877" lon="-122.480764"><ele>13.9</ele></trkpt><trkpt lat="37.849594" lon="-122.480760"><ele>11.8</ele></trkpt><trkpt lat="37.849449" lon="-122.480760"><ele>11.7</ele></trkpt><trkpt lat="37.849287" lon="-122.480761"><ele>11.6</ele></trkpt><trkpt lat="37.849092" lon="-122.480767"><ele>11.4</ele></trkpt><trkpt lat="37.848910" lon="-122.480773"><ele>11.4</ele></trkpt><trkpt lat="37.848691" lon="-122.480775"><ele>12.1</ele></trkpt><trkpt lat="37.848438" lon="-122.480778"><ele>12.9</ele></trkpt><trkpt lat="37.848003" lon="-122.480784"><ele>14.9</ele></trkpt><trkpt lat="37.847952" lon="-122.480784"><ele>15.2</ele></trkpt><trkpt lat="37.847894" lon="-122.480786"><ele>15.5</ele></trkpt><trkpt lat="37.847291" lon="-122.480792"><ele>17.9</ele></trkpt><trkpt lat="37.847241" lon="-122.480792"><ele>17.9</ele></trkpt><trkpt lat="37.847179" lon="-122.480791"><ele>17.9</ele></trkpt><trkpt lat="37.847124" lon="-122.480789"><ele>17.8</ele></trkpt><trkpt lat="37.847090" lon="-122.480781"><ele>17.8</ele></trkpt><trkpt lat="37.847057" lon="-122.480763"><ele>17.8</ele></trkpt><trkpt lat="37.847030" lon="-122.480732"><ele>17.8</ele></trkpt><trkpt lat="37.847007" lon="-122.480681"><ele>17.8</ele></trkpt><trkpt lat="37.846996" lon="-122.480621"><ele>17.8</ele></trkpt><trkpt lat="37.846990" lon="-122.480534"><ele>17.7</ele></trkpt><trkpt lat="37.846992" lon="-122.480379"><ele>17.5</ele></trkpt><trkpt lat="37.846989" lon="-122.480148"><ele>15.7</ele></trkpt><trkpt lat="37.846987" lon="-122.479908"><ele>13.8</ele></trkpt><trkpt lat="37.846981" lon="-122.479150"><ele>11.5</ele></trkpt><trkpt lat="37.846976" lon="-122.479044"><ele>11.7</ele></trkpt><trkpt lat="37.846956" lon="-122.478961"><ele>12.0</ele></trkpt><trkpt lat="37.846922" lon="-122.478867"><ele>12.2</ele></trkpt><trkpt lat="37.846877" lon="-122.478784"><ele>12.4</ele></trkpt><trkpt lat="37.846809" lon="-122.478704"><ele>12.7</ele></trkpt><trkpt lat="37.846443" lon="-122.478329"><ele>21.8</ele></trkpt><trkpt lat="37.846367" lon="-122.478259"><ele>23.7</ele></trkpt><trkpt lat="37.846286" lon="-122.478201"><ele>25.6</ele></trkpt><trkpt lat="37.846224" lon="-122.478168"><ele>27.0</ele></trkpt><trkpt lat="37.846174" lon="-122.478142"><ele>28.3</ele></trkpt><trkpt lat="37.846122" lon="-122.478123"><ele>30.0</ele></trkpt><trkpt lat="37.846037" lon="-122.478093"><ele>32.8</ele></trkpt><trkpt lat="37.845903" lon="-122.478051"><ele>37.2</ele></trkpt><trkpt lat="37.845730" lon="-122.478000"><ele>42.8</ele></trkpt><trkpt lat="37.845602" lon="-122.477964"><ele>46.9</ele></trkpt><trkpt lat="37.845483" lon="-122.477933"><ele>50.4</ele></trkpt><trkpt lat="37.845402" lon="-122.477914"><ele>51.2</ele></trkpt><trkpt lat="37.845302" lon="-122.477899"><ele>52.2</ele></trkpt><trkpt lat="37.845199" lon="-122.477885"><ele>53.2</ele></trkpt><trkpt lat="37.845126" lon="-122.477877"><ele>53.9</ele></trkpt><trkpt lat="37.845024" lon="-122.477869"><ele>54.9</ele></trkpt><trkpt lat="37.844945" lon="-122.477867"><ele>55.7</ele></trkpt><trkpt lat="37.844872" lon="-122.477867"><ele>56.4</ele></trkpt><trkpt lat="37.844801" lon="-122.477872"><ele>57.0</ele></trkpt><trkpt lat="37.844784" lon="-122.477874"><ele>57.2</ele></trkpt><trkpt lat="37.844730" lon="-122.477879"><ele>57.1</ele></trkpt><trkpt lat="37.844676" lon="-122.477886"><ele>56.9</ele></trkpt><trkpt lat="37.844628" lon="-122.477894"><ele>56.8</ele></trkpt><trkpt lat="37.844575" lon="-122.477911"><ele>56.5</ele></trkpt><trkpt lat="37.844511" lon="-122.477937"><ele>56.3</ele></trkpt><trkpt lat="37.844432" lon="-122.477965"><ele>56.0</ele></trkpt><trkpt lat="37.844310" lon="-122.478010"><ele>55.5</ele></trkpt><trkpt lat="37.844178" lon="-122.478054"><ele>55.0</ele></trkpt><trkpt lat="37.843921" lon="-122.478141"><ele>52.9</ele></trkpt><trkpt lat="37.843803" lon="-122.478183"><ele>51.6</ele></trkpt><trkpt lat="37.843696" lon="-122.478221"><ele>50.4</ele></trkpt><trkpt lat="37.843596" lon="-122.478257"><ele>49.2</ele></trkpt><trkpt lat="37.843519" lon="-122.478284"><ele>48.4</ele></trkpt><trkpt lat="37.843464" lon="-122.478297"><ele>47.7</ele></trkpt><trkpt lat="37.843406" lon="-122.478310"><ele>47.1</ele></trkpt><trkpt lat="37.843347" lon="-122.478318"><ele>46.7</ele></trkpt><trkpt lat="37.843283" lon="-122.478323"><ele>47.0</ele></trkpt><trkpt lat="37.843219" lon="-122.478325"><ele>47.3</ele></trkpt><trkpt lat="37.843173" lon="-122.478323"><ele>47.5</ele></trkpt><trkpt lat="37.843123" lon="-122.478317"><ele>47.8</ele></trkpt><trkpt lat="37.843069" lon="-122.478311"><ele>48.0</ele></trkpt><trkpt lat="37.843005" lon="-122.478300"><ele>48.3</ele></trkpt><trkpt lat="37.842951" lon="-122.478285"><ele>48.6</ele></trkpt><trkpt lat="37.842894" lon="-122.478267"><ele>48.9</ele></trkpt><trkpt lat="37.842828" lon="-122.478246"><ele>49.2</ele></trkpt><trkpt lat="37.842747" lon="-122.478216"><ele>49.6</ele></trkpt><trkpt lat="37.842671" lon="-122.478183"><ele>50.0</ele></trkpt><trkpt lat="37.842523" lon="-122.478111"><ele>51.7</ele></trkpt><trkpt lat="37.842272" lon="-122.477984"><ele>54.8</ele></trkpt><trkpt lat="37.841851" lon="-122.477777"><ele>61.1</ele></trkpt><trkpt lat="37.841742" lon="-122.477720"><ele>63.4</ele></trkpt><trkpt lat="37.841667" lon="-122.477684"><ele>65.0</ele></trkpt><trkpt lat="37.841602" lon="-122.477657"><ele>66.4</ele></trkpt><trkpt lat="37.841538" lon="-122.477633"><ele>67.7</ele></trkpt><trkpt lat="37.841478" lon="-122.477616"><ele>68.9</ele></trkpt><trkpt lat="37.841403" lon="-122.477601"><ele>70.4</ele></trkpt><trkpt lat="37.841324" lon="-122.477590"><ele>71.9</ele></trkpt><trkpt lat="37.841261" lon="-122.477584"><ele>73.0</ele></trkpt><trkpt lat="37.841196" lon="-122.477581"><ele>73.8</ele></trkpt><trkpt lat="37.841142" lon="-122.477583"><ele>74.5</ele></trkpt><trkpt lat="37.841079" lon="-122.477589"><ele>75.4</ele></trkpt><trkpt lat="37.841006" lon="-122.477599"><ele>76.4</ele></trkpt><trkpt lat="37.840937" lon="-122.477616"><ele>77.3</ele></trkpt><trkpt lat="37.840878" lon="-122.477632"><ele>78.1</ele></trkpt><trkpt lat="37.840816" lon="-122.477655"><ele>78.9</ele></trkpt><trkpt lat="37.840690" lon="-122.477710"><ele>80.7</ele></trkpt><trkpt lat="37.840628" lon="-122.477743"><ele>81.6</ele></trkpt><trkpt lat="37.840554" lon="-122.477789"><ele>81.7</ele></trkpt><trkpt lat="37.840486" lon="-122.477839"><ele>81.3</ele></trkpt><trkpt lat="37.840434" lon="-122.477883"><ele>80.9</ele></trkpt><trkpt lat="37.840358" lon="-122.477954"><ele>80.4</ele></trkpt><trkpt lat="37.840294" lon="-122.478027"><ele>79.9</ele></trkpt><trkpt lat="37.840243" lon="-122.478088"><ele>79.6</ele></trkpt><trkpt lat="37.840194" lon="-122.478152"><ele>79.2</ele></trkpt><trkpt lat="37.840139" lon="-122.478234"><ele>78.7</ele></trkpt><trkpt lat="37.840079" lon="-122.478338"><ele>78.2</ele></trkpt><trkpt lat="37.840037" lon="-122.478422"><ele>77.6</ele></trkpt><trkpt lat="37.840003" lon="-122.478500"><ele>77.1</ele></trkpt><trkpt lat="37.839957" lon="-122.478615"><ele>76.3</ele></trkpt><trkpt lat="37.839917" lon="-122.478748"><ele>75.5</ele></trkpt><trkpt lat="37.839881" lon="-122.478905"><ele>74.5</ele></trkpt><trkpt lat="37.839857" lon="-122.479062"><ele>73.5</ele></trkpt><trkpt lat="37.839846" lon="-122.479203"><ele>72.7</ele></trkpt><trkpt lat="37.839849" lon="-122.479372"><ele>71.9</ele></trkpt><trkpt lat="37.839853" lon="-122.479523"><ele>71.1</ele></trkpt><trkpt lat="37.839891" lon="-122.480559"><ele>68.4</ele></trkpt><trkpt lat="37.839905" lon="-122.480839"><ele>68.5</ele></trkpt><trkpt lat="37.839910" lon="-122.481031"><ele>68.6</ele></trkpt><trkpt lat="37.839905" lon="-122.481224"><ele>67.6</ele></trkpt><trkpt lat="37.839887" lon="-122.481413"><ele>66.6</ele></trkpt><trkpt lat="37.839854" lon="-122.481592"><ele>65.6</ele></trkpt><trkpt lat="37.839804" lon="-122.481779"><ele>64.5</ele></trkpt><trkpt lat="37.839735" lon="-122.481961"><ele>63.3</ele></trkpt><trkpt lat="37.839660" lon="-122.482121"><ele>61.6</ele></trkpt><trkpt lat="37.839588" lon="-122.482256"><ele>60.1</ele></trkpt><trkpt lat="37.839500" lon="-122.482397"><ele>58.5</ele></trkpt><trkpt lat="37.839399" lon="-122.482526"><ele>56.9</ele></trkpt><trkpt lat="37.839290" lon="-122.482642"><ele>55.5</ele></trkpt><trkpt lat="37.839177" lon="-122.482749"><ele>55.6</ele></trkpt><trkpt lat="37.839061" lon="-122.482842"><ele>55.7</ele></trkpt><trkpt lat="37.838998" lon="-122.482882"><ele>55.8</ele></trkpt><trkpt lat="37.838925" lon="-122.482922"><ele>55.9</ele></trkpt><trkpt lat="37.838865" lon="-122.482951"><ele>55.9</ele></trkpt><trkpt lat="37.838800" lon="-122.482979"><ele>56.0</ele></trkpt><trkpt lat="37.838736" lon="-122.483002"><ele>56.0</ele></trkpt><trkpt lat="37.838669" lon="-122.483022"><ele>56.1</ele></trkpt><trkpt lat="37.838606" lon="-122.483037"><ele>56.6</ele></trkpt><trkpt lat="37.838540" lon="-122.483051"><ele>57.2</ele></trkpt><trkpt lat="37.838485" lon="-122.483057"><ele>57.6</ele></trkpt><trkpt lat="37.838421" lon="-122.483063"><ele>58.2</ele></trkpt><trkpt lat="37.838360" lon="-122.483065"><ele>58.7</ele></trkpt><trkpt lat="37.838295" lon="-122.483063"><ele>59.2</ele></trkpt><trkpt lat="37.838074" lon="-122.483053"><ele>61.1</ele></trkpt><trkpt lat="37.837988" lon="-122.483048"><ele>61.8</ele></trkpt><trkpt lat="37.837865" lon="-122.483038"><ele>63.4</ele></trkpt><trkpt lat="37.837775" lon="-122.483030"><ele>64.8</ele></trkpt><trkpt lat="37.837449" lon="-122.483002"><ele>69.9</ele></trkpt><trkpt lat="37.837380" lon="-122.482995"><ele>70.9</ele></trkpt><trkpt lat="37.837245" lon="-122.482993"><ele>73.0</ele></trkpt><trkpt lat="37.837170" lon="-122.482999"><ele>73.8</ele></trkpt><trkpt lat="37.837080" lon="-122.483017"><ele>74.6</ele></trkpt><trkpt lat="37.836929" lon="-122.483065"><ele>75.8</ele></trkpt><trkpt lat="37.836851" lon="-122.483102"><ele>76.5</ele></trkpt><trkpt lat="37.836788" lon="-122.483137"><ele>77.1</ele></trkpt><trkpt lat="37.836736" lon="-122.483170"><ele>77.6</ele></trkpt><trkpt lat="37.836678" lon="-122.483205"><ele>78.1</ele></trkpt><trkpt lat="37.836627" lon="-122.483238"><ele>78.5</ele></trkpt><trkpt lat="37.836574" lon="-122.483275"><ele>79.0</ele></trkpt><trkpt lat="37.836524" lon="-122.483313"><ele>79.4</ele></trkpt><trkpt lat="37.836486" lon="-122.483343"><ele>79.6</ele></trkpt><trkpt lat="37.836444" lon="-122.483380"><ele>79.8</ele></trkpt><trkpt lat="37.836403" lon="-122.483420"><ele>80.1</ele></trkpt><trkpt lat="37.836365" lon="-122.483460"><ele>80.3</ele></trkpt><trkpt lat="37.836322" lon="-122.483510"><ele>80.6</ele></trkpt><trkpt lat="37.836286" lon="-122.483554"><ele>80.8</ele></trkpt><trkpt lat="37.836250" lon="-122.483605"><ele>81.1</ele></trkpt><trkpt lat="37.836213" lon="-122.483661"><ele>81.3</ele></trkpt><trkpt lat="37.836176" lon="-122.483727"><ele>81.6</ele></trkpt><trkpt lat="37.836079" lon="-122.483904"><ele>82.4</ele></trkpt><trkpt lat="37.836070" lon="-122.483921"><ele>82.5</ele></trkpt><trkpt lat="37.836040" lon="-122.483978"><ele>82.6</ele></trkpt><trkpt lat="37.835990" lon="-122.484075"><ele>82.7</ele></trkpt><trkpt lat="37.835900" lon="-122.484254"><ele>82.7</ele></trkpt><trkpt lat="37.835818" lon="-122.484411"><ele>82.8</ele></trkpt><trkpt lat="37.835758" lon="-122.484526"><ele>82.8</ele></trkpt><trkpt lat="37.835731" lon="-122.484573"><ele>82.8</ele></trkpt><trkpt lat="37.835704" lon="-122.484617"><ele>82.9</ele></trkpt><trkpt lat="37.835678" lon="-122.484656"><ele>82.9</ele></trkpt><trkpt lat="37.835651" lon="-122.484693"><ele>82.9</ele></trkpt><trkpt lat="37.835625" lon="-122.484726"><ele>82.9</ele></trkpt><trkpt lat="37.835600" lon="-122.484757"><ele>83.0</ele></trkpt><trkpt lat="37.835577" lon="-122.484784"><ele>83.0</ele></trkpt><trkpt lat="37.835550" lon="-122.484812"><ele>83.0</ele></trkpt><trkpt lat="37.835526" lon="-122.484836"><ele>83.0</ele></trkpt><trkpt lat="37.835501" lon="-122.484859"><ele>83.1</ele></trkpt><trkpt lat="37.835466" lon="-122.484886"><ele>83.1</ele></trkpt><trkpt lat="37.835430" lon="-122.484911"><ele>83.1</ele></trkpt><trkpt lat="37.835390" lon="-122.484935"><ele>83.2</ele></trkpt><trkpt lat="37.835344" lon="-122.484958"><ele>83.2</ele></trkpt><trkpt lat="37.835296" lon="-122.484977"><ele>83.3</ele></trkpt><trkpt lat="37.835243" lon="-122.484992"><ele>83.3</ele></trkpt><trkpt lat="37.835189" lon="-122.485003"><ele>83.3</ele></trkpt><trkpt lat="37.835154" lon="-122.485007"><ele>83.4</ele></trkpt><trkpt lat="37.835118" lon="-122.485010"><ele>83.4</ele></trkpt><trkpt lat="37.835084" lon="-122.485012"><ele>83.4</ele></trkpt><trkpt lat="37.835054" lon="-122.485013"><ele>83.5</ele></trkpt><trkpt lat="37.835024" lon="-122.485013"><ele>83.5</ele></trkpt><trkpt lat="37.834996" lon="-122.485011"><ele>83.5</ele></trkpt><trkpt lat="37.834969" lon="-122.485008"><ele>83.5</ele></trkpt><trkpt lat="37.834941" lon="-122.485004"><ele>83.5</ele></trkpt><trkpt lat="37.834910" lon="-122.484997"><ele>83.4</ele></trkpt><trkpt lat="37.834880" lon="-122.484990"><ele>83.4</ele></trkpt><trkpt lat="37.834853" lon="-122.484981"><ele>83.4</ele></trkpt><trkpt lat="37.834826" lon="-122.484972"><ele>83.4</ele></trkpt><trkpt lat="37.834797" lon="-122.484960"><ele>83.3</ele></trkpt><trkpt lat="37.834769" lon="-122.484947"><ele>83.3</ele></trkpt><trkpt lat="37.834739" lon="-122.484933"><ele>83.3</ele></trkpt><trkpt lat="37.834712" lon="-122.484918"><ele>83.3</ele></trkpt><trkpt lat="37.834685" lon="-122.484902"><ele>83.2</ele></trkpt><trkpt lat="37.834655" lon="-122.484882"><ele>83.2</ele></trkpt><trkpt lat="37.834628" lon="-122.484863"><ele>83.2</ele></trkpt><trkpt lat="37.834597" lon="-122.484838"><ele>83.2</ele></trkpt><trkpt lat="37.834571" lon="-122.484815"><ele>83.1</ele></trkpt><trkpt lat="37.834544" lon="-122.484790"><ele>83.1</ele></trkpt><trkpt lat="37.834519" lon="-122.484763"><ele>83.1</ele></trkpt><trkpt lat="37.834492" lon="-122.484732"><ele>83.0</ele></trkpt><trkpt lat="37.834469" lon="-122.484701"><ele>83.0</ele></trkpt><trkpt lat="37.834444" lon="-122.484669"><ele>83.0</ele></trkpt><trkpt lat="37.834424" lon="-122.484640"><ele>83.0</ele></trkpt><trkpt lat="37.834378" lon="-122.484563"><ele>82.9</ele></trkpt><trkpt lat="37.834327" lon="-122.484477"><ele>83.0</ele></trkpt><trkpt lat="37.834273" lon="-122.484377"><ele>83.1</ele></trkpt><trkpt lat="37.834243" lon="-122.484322"><ele>83.1</ele></trkpt><trkpt lat="37.834212" lon="-122.484268"><ele>83.2</ele></trkpt><trkpt lat="37.834175" lon="-122.484209"><ele>83.2</ele></trkpt><trkpt lat="37.834135" lon="-122.484148"><ele>83.3</ele></trkpt><trkpt lat="37.834101" lon="-122.484098"><ele>83.3</ele></trkpt><trkpt lat="37.833962" lon="-122.483899"><ele>83.5</ele></trkpt><trkpt lat="37.833904" lon="-122.483815"><ele>83.5</ele></trkpt><trkpt lat="37.833845" lon="-122.483726"><ele>83.4</ele></trkpt><trkpt lat="37.833785" lon="-122.483633"><ele>83.3</ele></trkpt><trkpt lat="37.833734" lon="-122.483682"><ele>83.3</ele></trkpt><trkpt lat="37.833707" lon="-122.483705"><ele>83.2</ele></trkpt><trkpt lat="37.833693" lon="-122.483716"><ele>83.2</ele></trkpt><trkpt lat="37.833679" lon="-122.483725"><ele>83.2</ele></trkpt><trkpt lat="37.833666" lon="-122.483732"><ele>83.2</ele></trkpt><trkpt lat="37.833650" lon="-122.483739"><ele>83.2</ele></trkpt><trkpt lat="37.833634" lon="-122.483744"><ele>83.2</ele></trkpt><trkpt lat="37.833620" lon="-122.483747"><ele>83.2</ele></trkpt><trkpt lat="37.833603" lon="-122.483747"><ele>83.1</ele></trkpt><trkpt lat="37.833590" lon="-122.483747"><ele>83.1</ele></trkpt><trkpt lat="37.833575" lon="-122.483743"><ele>83.1</ele></trkpt><trkpt lat="37.833559" lon="-122.483738"><ele>83.1</ele></trkpt><trkpt lat="37.833544" lon="-122.483731"><ele>83.1</ele></trkpt><trkpt lat="37.833529" lon="-122.483721"><ele>83.1</ele></trkpt><trkpt lat="37.833514" lon="-122.483710"><ele>83.1</ele></trkpt><trkpt lat="37.833502" lon="-122.483701"><ele>83.1</ele></trkpt><trkpt lat="37.833438" lon="-122.483647"><ele>83.0</ele></trkpt><trkpt lat="37.833303" lon="-122.483536"><ele>82.7</ele></trkpt><trkpt lat="37.833271" lon="-122.483511"><ele>82.6</ele></trkpt><trkpt lat="37.833237" lon="-122.483488"><ele>82.5</ele></trkpt><trkpt lat="37.833232" lon="-122.483427"><ele>82.3</ele></trkpt><trkpt lat="37.833214" lon="-122.483315"><ele>82.1</ele></trkpt><trkpt lat="37.833205" lon="-122.483274"><ele>82.0</ele></trkpt><trkpt lat="37.833197" lon="-122.483241"><ele>81.9</ele></trkpt><trkpt lat="37.833182" lon="-122.483202"><ele>81.8</ele></trkpt><trkpt lat="37.833164" lon="-122.483167"><ele>81.7</ele></trkpt><trkpt lat="37.833146" lon="-122.483137"><ele>81.6</ele></trkpt><trkpt lat="37.833086" lon="-122.483044"><ele>81.3</ele></trkpt><trkpt lat="37.833066" lon="-122.483009"><ele>81.2</ele></trkpt><trkpt lat="37.833045" lon="-122.482970"><ele>81.1</ele></trkpt><trkpt lat="37.833025" lon="-122.482926"><ele>81.0</ele></trkpt><trkpt lat="37.833008" lon="-122.482883"><ele>80.9</ele></trkpt><trkpt lat="37.832992" lon="-122.482835"><ele>80.7</ele></trkpt><trkpt lat="37.832980" lon="-122.482779"><ele>80.4</ele></trkpt><trkpt lat="37.832929" lon="-122.482554"><ele>79.2</ele></trkpt><trkpt lat="37.832918" lon="-122.482509"><ele>79.0</ele></trkpt><trkpt lat="37.832907" lon="-122.482470"><ele>78.8</ele></trkpt><trkpt lat="37.832895" lon="-122.482437"><ele>78.6</ele></trkpt><trkpt lat="37.832882" lon="-122.482403"><ele>78.4</ele></trkpt><trkpt lat="37.832867" lon="-122.482372"><ele>78.2</ele></trkpt><trkpt lat="37.832852" lon="-122.482344"><ele>78.1</ele></trkpt><trkpt lat="37.832836" lon="-122.482317"><ele>77.9</ele></trkpt><trkpt lat="37.832796" lon="-122.482158"><ele>77.1</ele></trkpt><trkpt lat="37.832706" lon="-122.481994"><ele>76.1</ele></trkpt><trkpt lat="37.832473" lon="-122.481568"><ele>74.2</ele></trkpt><trkpt lat="37.832483" lon="-122.481526"><ele>74.1</ele></trkpt><trkpt lat="37.832487" lon="-122.481482"><ele>73.9</ele></trkpt><trkpt lat="37.832486" lon="-122.481436"><ele>73.7</ele></trkpt><trkpt lat="37.832480" lon="-122.481389"><ele>73.5</ele></trkpt><trkpt lat="37.832472" lon="-122.481344"><ele>73.4</ele></trkpt><trkpt lat="37.832462" lon="-122.481304"><ele>73.2</ele></trkpt><trkpt lat="37.832450" lon="-122.481263"><ele>73.1</ele></trkpt><trkpt lat="37.832437" lon="-122.481229"><ele>72.9</ele></trkpt><trkpt lat="37.832421" lon="-122.481194"><ele>72.6</ele></trkpt><trkpt lat="37.832401" lon="-122.481155"><ele>72.0</ele></trkpt><trkpt lat="37.832380" lon="-122.481119"><ele>71.4</ele></trkpt><trkpt lat="37.832255" lon="-122.480952"><ele>68.4</ele></trkpt><trkpt lat="37.832135" lon="-122.480819"><ele>65.8</ele></trkpt><trkpt lat="37.832013" lon="-122.480696"><ele>63.3</ele></trkpt><trkpt lat="37.831910" lon="-122.480601"><ele>61.2</ele></trkpt><trkpt lat="37.831796" lon="-122.480505"><ele>58.1</ele></trkpt><trkpt lat="37.831691" lon="-122.480424"><ele>55.2</ele></trkpt><trkpt lat="37.831559" lon="-122.480334"><ele>51.6</ele></trkpt><trkpt lat="37.831445" lon="-122.480265"><ele>48.7</ele></trkpt><trkpt lat="37.831329" lon="-122.480202"><ele>45.7</ele></trkpt><trkpt lat="37.831210" lon="-122.480146"><ele>42.8</ele></trkpt><trkpt lat="37.831086" lon="-122.480092"><ele>39.9</ele></trkpt><trkpt lat="37.830965" lon="-122.480051"><ele>37.1</ele></trkpt><trkpt lat="37.830832" lon="-122.480017"><ele>34.1</ele></trkpt><trkpt lat="37.830706" lon="-122.479988"><ele>31.3</ele></trkpt><trkpt lat="37.830581" lon="-122.479968"><ele>28.5</ele></trkpt><trkpt lat="37.830423" lon="-122.479947"><ele>28.7</ele></trkpt><trkpt lat="37.830275" lon="-122.479929"><ele>29.4</ele></trkpt><trkpt lat="37.828906" lon="-122.479769"><ele>45.3</ele></trkpt><trkpt lat="37.825577" lon="-122.479375"><ele>16.1</ele></trkpt><trkpt lat="37.825572" lon="-122.479413"><ele>15.2</ele></trkpt><trkpt lat="37.825558" lon="-122.479430"><ele>14.6</ele></trkpt><trkpt lat="37.825516" lon="-122.479448"><ele>13.6</ele></trkpt><trkpt lat="37.825489" lon="-122.479452"><ele>13.1</ele></trkpt><trkpt lat="37.825463" lon="-122.479447"><ele>12.6</ele></trkpt><trkpt lat="37.825434" lon="-122.479433"><ele>12.0</ele></trkpt><trkpt lat="37.825405" lon="-122.479401"><ele>11.2</ele></trkpt><trkpt lat="37.825406" lon="-122.479354"><ele>10.5</ele></trkpt><trkpt lat="37.814079" lon="-122.478034"><ele>0.0</ele></trkpt><trkpt lat="37.814076" lon="-122.478060"><ele>0.0</ele></trkpt><trkpt lat="37.814067" lon="-122.478085"><ele>0.0</ele></trkpt><trkpt lat="37.814041" lon="-122.478109"><ele>0.0</ele></trkpt><trkpt lat="37.814010" lon="-122.478113"><ele>0.0</ele></trkpt><trkpt lat="37.813984" lon="-122.478108"><ele>0.0</ele></trkpt><trkpt lat="37.813949" lon="-122.478090"><ele>0.0</ele></trkpt><trkpt lat="37.813918" lon="-122.478058"><ele>0.0</ele></trkpt><trkpt lat="37.813922" lon="-122.478018"><ele>0.0</ele></trkpt><trkpt lat="37.809632" lon="-122.477514"><ele>5.0</ele></trkpt><trkpt lat="37.809522" lon="-122.477497"><ele>5.7</ele></trkpt><trkpt lat="37.809410" lon="-122.477474"><ele>6.3</ele></trkpt><trkpt lat="37.809296" lon="-122.477446"><ele>6.9</ele></trkpt><trkpt lat="37.809191" lon="-122.477412"><ele>7.5</ele></trkpt><trkpt lat="37.809082" lon="-122.477373"><ele>8.5</ele></trkpt><trkpt lat="37.808963" lon="-122.477319"><ele>10.1</ele></trkpt><trkpt lat="37.808834" lon="-122.477254"><ele>11.8</ele></trkpt><trkpt lat="37.808715" lon="-122.477188"><ele>13.4</ele></trkpt><trkpt lat="37.808595" lon="-122.477111"><ele>15.1</ele></trkpt><trkpt lat="37.808484" lon="-122.477031"><ele>16.7</ele></trkpt><trkpt lat="37.808374" lon="-122.476944"><ele>18.9</ele></trkpt><trkpt lat="37.808009" lon="-122.476654"><ele>26.5</ele></trkpt><trkpt lat="37.807967" lon="-122.476622"><ele>27.4</ele></trkpt><trkpt lat="37.807929" lon="-122.476699"><ele>28.6</ele></trkpt><trkpt lat="37.807915" lon="-122.476730"><ele>29.1</ele></trkpt><trkpt lat="37.807896" lon="-122.476762"><ele>29.7</ele></trkpt><trkpt lat="37.807874" lon="-122.476784"><ele>30.0</ele></trkpt><trkpt lat="37.807809" lon="-122.476839"><ele>30.5</ele></trkpt><trkpt lat="37.807797" lon="-122.476858"><ele>30.6</ele></trkpt><trkpt lat="37.807793" lon="-122.476880"><ele>30.7</ele></trkpt><trkpt lat="37.807796" lon="-122.476902"><ele>30.8</ele></trkpt><trkpt lat="37.807809" lon="-122.476931"><ele>31.0</ele></trkpt><trkpt lat="37.807830" lon="-122.476954"><ele>31.2</ele></trkpt><trkpt lat="37.807854" lon="-122.476970"><ele>31.4</ele></trkpt><trkpt lat="37.807883" lon="-122.476981"><ele>31.6</ele></trkpt><trkpt lat="37.807915" lon="-122.476986"><ele>31.8</ele></trkpt><trkpt lat="37.807948" lon="-122.476981"><ele>32.0</ele></trkpt><trkpt lat="37.807979" lon="-122.476965"><ele>32.2</ele></trkpt><trkpt lat="37.808009" lon="-122.476942"><ele>32.4</ele></trkpt><trkpt lat="37.808041" lon="-122.476905"><ele>32.7</ele></trkpt><trkpt lat="37.808067" lon="-122.476863"><ele>33.0</ele></trkpt><trkpt lat="37.808088" lon="-122.476814"><ele>33.2</ele></trkpt><trkpt lat="37.808112" lon="-122.476755"><ele>33.6</ele></trkpt><trkpt lat="37.808138" lon="-122.476702"><ele>33.9</ele></trkpt><trkpt lat="37.808169" lon="-122.476646"><ele>34.3</ele></trkpt><trkpt lat="37.808201" lon="-122.476591"><ele>34.7</ele></trkpt><trkpt lat="37.808266" lon="-122.476494"><ele>35.8</ele></trkpt><trkpt lat="37.808352" lon="-122.476346"><ele>37.3</ele></trkpt><trkpt lat="37.808379" lon="-122.476295"><ele>37.8</ele></trkpt><trkpt lat="37.808411" lon="-122.476245"><ele>38.3</ele></trkpt><trkpt lat="37.808526" lon="-122.476070"><ele>40.2</ele></trkpt><trkpt lat="37.808557" lon="-122.476018"><ele>40.8</ele></trkpt><trkpt lat="37.808583" lon="-122.475968"><ele>41.3</ele></trkpt><trkpt lat="37.808602" lon="-122.475922"><ele>41.7</ele></trkpt><trkpt lat="37.808618" lon="-122.475872"><ele>42.1</ele></trkpt><trkpt lat="37.808629" lon="-122.475833"><ele>42.0</ele></trkpt><trkpt lat="37.808637" lon="-122.475794"><ele>42.0</ele></trkpt><trkpt lat="37.808641" lon="-122.475753"><ele>42.0</ele></trkpt><trkpt lat="37.808642" lon="-122.475711"><ele>42.0</ele></trkpt><trkpt lat="37.808641" lon="-122.475668"><ele>42.0</ele></trkpt><trkpt lat="37.808637" lon="-122.475632"><ele>42.0</ele></trkpt><trkpt lat="37.808637" lon="-122.475626"><ele>42.0</ele></trkpt><trkpt lat="37.808628" lon="-122.475586"><ele>42.0</ele></trkpt><trkpt lat="37.808617" lon="-122.475546"><ele>41.9</ele></trkpt><trkpt lat="37.808609" lon="-122.475527"><ele>41.9</ele></trkpt><trkpt lat="37.808603" lon="-122.475510"><ele>41.9</ele></trkpt><trkpt lat="37.808585" lon="-122.475473"><ele>41.9</ele></trkpt><trkpt lat="37.808564" lon="-122.475439"><ele>41.9</ele></trkpt><trkpt lat="37.808540" lon="-122.475408"><ele>41.9</ele></trkpt><trkpt lat="37.808515" lon="-122.475381"><ele>41.9</ele></trkpt><trkpt lat="37.808488" lon="-122.475359"><ele>41.9</ele></trkpt><trkpt lat="37.808463" lon="-122.475344"><ele>41.9</ele></trkpt><trkpt lat="37.808431" lon="-122.475326"><ele>41.8</ele></trkpt><trkpt lat="37.808392" lon="-122.475315"><ele>41.8</ele></trkpt><trkpt lat="37.808364" lon="-122.475305"><ele>41.8</ele></trkpt><trkpt lat="37.808320" lon="-122.475282"><ele>41.8</ele></trkpt><trkpt lat="37.808290" lon="-122.475261"><ele>41.8</ele></trkpt><trkpt lat="37.808256" lon="-122.475231"><ele>41.8</ele></trkpt><trkpt lat="37.808226" lon="-122.475191"><ele>42.1</ele></trkpt><trkpt lat="37.808160" lon="-122.475270"><ele>42.8</ele></trkpt><trkpt lat="37.808137" lon="-122.475291"><ele>43.1</ele></trkpt><trkpt lat="37.808109" lon="-122.475306"><ele>43.3</ele></trkpt><trkpt lat="37.808077" lon="-122.475314"><ele>43.6</ele></trkpt><trkpt lat="37.808046" lon="-122.475312"><ele>43.8</ele></trkpt><trkpt lat="37.808013" lon="-122.475297"><ele>44.1</ele></trkpt><trkpt lat="37.807982" lon="-122.475271"><ele>44.4</ele></trkpt><trkpt lat="37.807787" lon="-122.475063"><ele>46.4</ele></trkpt><trkpt lat="37.807763" lon="-122.475037"><ele>46.7</ele></trkpt><trkpt lat="37.807801" lon="-122.475002"><ele>47.0</ele></trkpt><trkpt lat="37.807763" lon="-122.475037"><ele>47.4</ele></trkpt><trkpt lat="37.807728" lon="-122.475028"><ele>47.5</ele></trkpt><trkpt lat="37.807633" lon="-122.474928"><ele>47.4</ele></trkpt><trkpt lat="37.807601" lon="-122.474975"><ele>47.3</ele></trkpt><trkpt lat="37.807593" lon="-122.474966"><ele>47.3</ele></trkpt><trkpt lat="37.807584" lon="-122.474958"><ele>47.3</ele></trkpt><trkpt lat="37.807580" lon="-122.474953"><ele>47.3</ele></trkpt><trkpt lat="37.807563" lon="-122.474936"><ele>47.2</ele></trkpt><trkpt lat="37.807531" lon="-122.474902"><ele>47.2</ele></trkpt><trkpt lat="37.807566" lon="-122.474844"><ele>47.1</ele></trkpt><trkpt lat="37.807596" lon="-122.474798"><ele>47.0</ele></trkpt><trkpt lat="37.807619" lon="-122.474765"><ele>47.0</ele></trkpt><trkpt lat="37.807624" lon="-122.474718"><ele>47.0</ele></trkpt><trkpt lat="37.807624" lon="-122.474622"><ele>46.9</ele></trkpt><trkpt lat="37.807618" lon="-122.474564"><ele>46.8</ele></trkpt><trkpt lat="37.807602" lon="-122.474498"><ele>46.7</ele></trkpt><trkpt lat="37.807573" lon="-122.474446"><ele>46.7</ele></trkpt><trkpt lat="37.807540" lon="-122.474402"><ele>46.5</ele></trkpt><trkpt lat="37.807308" lon="-122.474162"><ele>45.0</ele></trkpt><trkpt lat="37.807209" lon="-122.474060"><ele>44.4</ele></trkpt><trkpt lat="37.807189" lon="-122.474040"><ele>44.2</ele></trkpt><trkpt lat="37.807149" lon="-122.473979"><ele>43.9</ele></trkpt><trkpt lat="37.806954" lon="-122.473762"><ele>42.8</ele></trkpt><trkpt lat="37.806899" lon="-122.473702"><ele>42.6</ele></trkpt><trkpt lat="37.806770" lon="-122.473542"><ele>42.2</ele></trkpt><trkpt lat="37.806710" lon="-122.473451"><ele>41.9</ele></trkpt><trkpt lat="37.806727" lon="-122.473386"><ele>41.8</ele></trkpt><trkpt lat="37.806787" lon="-122.473161"><ele>41.3</ele></trkpt><trkpt lat="37.806853" lon="-122.472936"><ele>40.6</ele></trkpt><trkpt lat="37.806892" lon="-122.472784"><ele>40.1</ele></trkpt><trkpt lat="37.806910" lon="-122.472669"><ele>39.7</ele></trkpt><trkpt lat="37.806920" lon="-122.472573"><ele>39.3</ele></trkpt><trkpt lat="37.806922" lon="-122.472487"><ele>39.0</ele></trkpt><trkpt lat="37.806912" lon="-122.472399"><ele>38.7</ele></trkpt><trkpt lat="37.806889" lon="-122.472317"><ele>38.4</ele></trkpt><trkpt lat="37.806856" lon="-122.472226"><ele>38.1</ele></trkpt><trkpt lat="37.806815" lon="-122.472139"><ele>37.7</ele></trkpt><trkpt lat="37.806770" lon="-122.472062"><ele>37.2</ele></trkpt><trkpt lat="37.806666" lon="-122.471893"><ele>36.3</ele></trkpt><trkpt lat="37.806642" lon="-122.471854"><ele>36.1</ele></trkpt><trkpt lat="37.806607" lon="-122.471798"><ele>35.8</ele></trkpt><trkpt lat="37.806597" lon="-122.471783"><ele>35.7</ele></trkpt><trkpt lat="37.806548" lon="-122.471704"><ele>35.3</ele></trkpt><trkpt lat="37.806498" lon="-122.471623"><ele>34.8</ele></trkpt><trkpt lat="37.806444" lon="-122.471530"><ele>34.3</ele></trkpt><trkpt lat="37.806396" lon="-122.471440"><ele>34.0</ele></trkpt><trkpt lat="37.806362" lon="-122.471365"><ele>33.8</ele></trkpt><trkpt lat="37.806329" lon="-122.471285"><ele>33.6</ele></trkpt><trkpt lat="37.806298" lon="-122.471196"><ele>33.4</ele></trkpt><trkpt lat="37.806270" lon="-122.471112"><ele>33.1</ele></trkpt><trkpt lat="37.806134" lon="-122.470674"><ele>32.0</ele></trkpt><trkpt lat="37.806100" lon="-122.470565"><ele>31.8</ele></trkpt><trkpt lat="37.806064" lon="-122.470460"><ele>31.6</ele></trkpt><trkpt lat="37.806037" lon="-122.470387"><ele>31.5</ele></trkpt><trkpt lat="37.805989" lon="-122.470282"><ele>31.3</ele></trkpt><trkpt lat="37.805947" lon="-122.470204"><ele>31.2</ele></trkpt><trkpt lat="37.805913" lon="-122.470157"><ele>31.0</ele></trkpt><trkpt lat="37.805867" lon="-122.470106"><ele>30.9</ele></trkpt><trkpt lat="37.805794" lon="-122.470045"><ele>30.7</ele></trkpt><trkpt lat="37.805726" lon="-122.470002"><ele>30.6</ele></trkpt><trkpt lat="37.805661" lon="-122.469969"><ele>30.5</ele></trkpt><trkpt lat="37.805593" lon="-122.469941"><ele>30.7</ele></trkpt><trkpt lat="37.805515" lon="-122.469917"><ele>30.9</ele></trkpt><trkpt lat="37.805438" lon="-122.469902"><ele>31.1</ele></trkpt><trkpt lat="37.805347" lon="-122.469890"><ele>31.4</ele></trkpt><trkpt lat="37.805261" lon="-122.469885"><ele>31.6</ele></trkpt><trkpt lat="37.805173" lon="-122.469885"><ele>31.8</ele></trkpt><trkpt lat="37.805084" lon="-122.469895"><ele>32.0</ele></trkpt><trkpt lat="37.804994" lon="-122.469919"><ele>32.3</ele></trkpt><trkpt lat="37.804903" lon="-122.469955"><ele>31.9</ele></trkpt><trkpt lat="37.804894" lon="-122.469927"><ele>31.7</ele></trkpt><trkpt lat="37.804882" lon="-122.469900"><ele>31.6</ele></trkpt><trkpt lat="37.804872" lon="-122.469881"><ele>31.5</ele></trkpt><trkpt lat="37.804860" lon="-122.469869"><ele>31.4</ele></trkpt><trkpt lat="37.804848" lon="-122.469858"><ele>31.3</ele></trkpt><trkpt lat="37.804830" lon="-122.469846"><ele>31.2</ele></trkpt><trkpt lat="37.804795" lon="-122.469835"><ele>31.0</ele></trkpt><trkpt lat="37.804750" lon="-122.469820"><ele>30.8</ele></trkpt><trkpt lat="37.804699" lon="-122.469799"><ele>30.5</ele></trkpt><trkpt lat="37.804647" lon="-122.469770"><ele>30.2</ele></trkpt><trkpt lat="37.804602" lon="-122.469736"><ele>29.9</ele></trkpt><trkpt lat="37.804558" lon="-122.469695"><ele>29.6</ele></trkpt><trkpt lat="37.804519" lon="-122.469645"><ele>29.3</ele></trkpt><trkpt lat="37.804481" lon="-122.469588"><ele>29.0</ele></trkpt><trkpt lat="37.804446" lon="-122.469522"><ele>28.6</ele></trkpt><trkpt lat="37.804413" lon="-122.469458"><ele>28.2</ele></trkpt><trkpt lat="37.804344" lon="-122.469317"><ele>26.5</ele></trkpt><trkpt lat="37.804311" lon="-122.469254"><ele>25.7</ele></trkpt><trkpt lat="37.804274" lon="-122.469198"><ele>25.0</ele></trkpt><trkpt lat="37.804236" lon="-122.469153"><ele>24.3</ele></trkpt><trkpt lat="37.804190" lon="-122.469106"><ele>23.5</ele></trkpt><trkpt lat="37.803860" lon="-122.468802"><ele>18.2</ele></trkpt><trkpt lat="37.803819" lon="-122.468765"><ele>17.5</ele></trkpt><trkpt lat="37.803785" lon="-122.468726"><ele>16.9</ele></trkpt><trkpt lat="37.803754" lon="-122.468682"><ele>16.2</ele></trkpt><trkpt lat="37.803728" lon="-122.468632"><ele>15.6</ele></trkpt><trkpt lat="37.803706" lon="-122.468568"><ele>14.8</ele></trkpt><trkpt lat="37.803654" lon="-122.468401"><ele>12.9</ele></trkpt><trkpt lat="37.803622" lon="-122.468306"><ele>11.7</ele></trkpt><trkpt lat="37.803547" lon="-122.468087"><ele>9.1</ele></trkpt><trkpt lat="37.803530" lon="-122.468022"><ele>8.7</ele></trkpt><trkpt lat="37.803524" lon="-122.467954"><ele>8.3</ele></trkpt><trkpt lat="37.803527" lon="-122.467905"><ele>8.0</ele></trkpt><trkpt lat="37.803532" lon="-122.467861"><ele>7.7</ele></trkpt><trkpt lat="37.803541" lon="-122.467836"><ele>7.5</ele></trkpt><trkpt lat="37.803548" lon="-122.467814"><ele>7.4</ele></trkpt><trkpt lat="37.803565" lon="-122.467777"><ele>7.1</ele></trkpt><trkpt lat="37.803694" lon="-122.467577"><ele>5.5</ele></trkpt><trkpt lat="37.803707" lon="-122.467557"><ele>5.3</ele></trkpt><trkpt lat="37.803746" lon="-122.467498"><ele>4.8</ele></trkpt><trkpt lat="37.803772" lon="-122.467459"><ele>4.5</ele></trkpt><trkpt lat="37.803779" lon="-122.467447"><ele>4.4</ele></trkpt><trkpt lat="37.803740" lon="-122.467385"><ele>3.9</ele></trkpt><trkpt lat="37.803717" lon="-122.467348"><ele>3.6</ele></trkpt><trkpt lat="37.803704" lon="-122.467314"><ele>3.4</ele></trkpt><trkpt lat="37.803694" lon="-122.467280"><ele>3.3</ele></trkpt><trkpt lat="37.803687" lon="-122.467243"><ele>3.3</ele></trkpt><trkpt lat="37.803658" lon="-122.467064"><ele>3.2</ele></trkpt><trkpt lat="37.803579" lon="-122.466578"><ele>2.9</ele></trkpt><trkpt lat="37.803573" lon="-122.466527"><ele>2.8</ele></trkpt><trkpt lat="37.803572" lon="-122.466482"><ele>2.8</ele></trkpt><trkpt lat="37.803569" lon="-122.466433"><ele>2.8</ele></trkpt><trkpt lat="37.804128" lon="-122.463630"><ele>2.4</ele></trkpt><trkpt lat="37.804610" lon="-122.461202"><ele>1.5</ele></trkpt><trkpt lat="37.804652" lon="-122.460971"><ele>1.5</ele></trkpt><trkpt lat="37.804725" lon="-122.460505"><ele>1.5</ele></trkpt><trkpt lat="37.804812" lon="-122.459842"><ele>1.8</ele></trkpt><trkpt lat="37.804928" lon="-122.458952"><ele>1.7</ele></trkpt><trkpt lat="37.805008" lon="-122.458320"><ele>1.2</ele></trkpt><trkpt lat="37.805090" lon="-122.457671"><ele>1.2</ele></trkpt><trkpt lat="37.805132" lon="-122.457338"><ele>1.2</ele></trkpt><trkpt lat="37.805179" lon="-122.456972"><ele>1.2</ele></trkpt><trkpt lat="37.805247" lon="-122.456451"><ele>1.4</ele></trkpt><trkpt lat="37.805355" lon="-122.455621"><ele>2.0</ele></trkpt><trkpt lat="37.805488" lon="-122.454586"><ele>1.5</ele></trkpt><trkpt lat="37.805520" lon="-122.454353"><ele>1.5</ele></trkpt><trkpt lat="37.805558" lon="-122.454061"><ele>1.5</ele></trkpt><trkpt lat="37.805573" lon="-122.453947"><ele>1.5</ele></trkpt><trkpt lat="37.805613" lon="-122.453613"><ele>1.5</ele></trkpt><trkpt lat="37.805640" lon="-122.453345"><ele>1.5</ele></trkpt><trkpt lat="37.805675" lon="-122.453013"><ele>1.5</ele></trkpt><trkpt lat="37.805748" lon="-122.452453"><ele>1.3</ele></trkpt><trkpt lat="37.805784" lon="-122.452453"><ele>1.3</ele></trkpt><trkpt lat="37.805812" lon="-122.452243"><ele>1.2</ele></trkpt><trkpt lat="37.805846" lon="-122.451976"><ele>1.2</ele></trkpt><trkpt lat="37.805850" lon="-122.451947"><ele>1.2</ele></trkpt><trkpt lat="37.805879" lon="-122.451718"><ele>1.2</ele></trkpt><trkpt lat="37.805910" lon="-122.451468"><ele>1.2</ele></trkpt><trkpt lat="37.805944" lon="-122.451207"><ele>1.2</ele></trkpt><trkpt lat="37.805735" lon="-122.451167"><ele>1.3</ele></trkpt><trkpt lat="37.805528" lon="-122.451123"><ele>1.4</ele></trkpt><trkpt lat="37.804701" lon="-122.450952"><ele>2.8</ele></trkpt><trkpt lat="37.804797" lon="-122.450180"><ele>3.7</ele></trkpt><trkpt lat="37.804823" lon="-122.449990"><ele>3.9</ele></trkpt><trkpt lat="37.804849" lon="-122.449798"><ele>4.0</ele></trkpt><trkpt lat="37.804865" lon="-122.449694"><ele>4.1</ele></trkpt><trkpt lat="37.804882" lon="-122.449586"><ele>4.2</ele></trkpt><trkpt lat="37.804899" lon="-122.449481"><ele>4.3</ele></trkpt><trkpt lat="37.804918" lon="-122.449373"><ele>4.3</ele></trkpt><trkpt lat="37.804939" lon="-122.449260"><ele>4.4</ele></trkpt><trkpt lat="37.804962" lon="-122.449141"><ele>4.5</ele></trkpt><trkpt lat="37.805061" lon="-122.448715"><ele>4.4</ele></trkpt><trkpt lat="37.805097" lon="-122.448545"><ele>4.2</ele></trkpt><trkpt lat="37.805133" lon="-122.448406"><ele>4.1</ele></trkpt><trkpt lat="37.805141" lon="-122.448352"><ele>4.1</ele></trkpt><trkpt lat="37.805147" lon="-122.448310"><ele>4.1</ele></trkpt><trkpt lat="37.805152" lon="-122.448277"><ele>4.1</ele></trkpt><trkpt lat="37.805245" lon="-122.447347"><ele>2.6</ele></trkpt><trkpt lat="37.805251" lon="-122.447297"><ele>2.5</ele></trkpt><trkpt lat="37.805259" lon="-122.447238"><ele>2.4</ele></trkpt><trkpt lat="37.805486" lon="-122.445599"><ele>0.4</ele></trkpt><trkpt lat="37.805701" lon="-122.443927"><ele>0.6</ele></trkpt><trkpt lat="37.805893" lon="-122.442479"><ele>1.6</ele></trkpt><trkpt lat="37.805908" lon="-122.442374"><ele>1.7</ele></trkpt><trkpt lat="37.805921" lon="-122.442249"><ele>1.9</ele></trkpt><trkpt lat="37.805813" lon="-122.442228"><ele>2.1</ele></trkpt><trkpt lat="37.805688" lon="-122.442240"><ele>2.3</ele></trkpt><trkpt lat="37.805662" lon="-122.442228"><ele>2.4</ele></trkpt><trkpt lat="37.805636" lon="-122.442202"><ele>2.4</ele></trkpt><trkpt lat="37.805597" lon="-122.442138"><ele>2.6</ele></trkpt><trkpt lat="37.805577" lon="-122.442100"><ele>2.7</ele></trkpt><trkpt lat="37.805555" lon="-122.442059"><ele>2.8</ele></trkpt><trkpt lat="37.805539" lon="-122.441962"><ele>3.0</ele></trkpt><trkpt lat="37.804975" lon="-122.440914"><ele>5.6</ele></trkpt><trkpt lat="37.804961" lon="-122.440889"><ele>5.6</ele></trkpt><trkpt lat="37.804927" lon="-122.440824"><ele>5.8</ele></trkpt><trkpt lat="37.804898" lon="-122.440771"><ele>5.9</ele></trkpt><trkpt lat="37.804750" lon="-122.440498"><ele>6.4</ele></trkpt><trkpt lat="37.804278" lon="-122.439619"><ele>7.4</ele></trkpt><trkpt lat="37.804180" lon="-122.439436"><ele>7.5</ele></trkpt><trkpt lat="37.804150" lon="-122.439387"><ele>7.5</ele></trkpt><trkpt lat="37.804087" lon="-122.439262"><ele>7.6</ele></trkpt><trkpt lat="37.804030" lon="-122.439157"><ele>7.6</ele></trkpt><trkpt lat="37.803999" lon="-122.439099"><ele>7.7</ele></trkpt><trkpt lat="37.803906" lon="-122.438926"><ele>7.9</ele></trkpt><trkpt lat="37.803437" lon="-122.438055"><ele>9.1</ele></trkpt><trkpt lat="37.803199" lon="-122.437612"><ele>9.8</ele></trkpt><trkpt lat="37.803115" lon="-122.437456"><ele>9.9</ele></trkpt><trkpt lat="37.802970" lon="-122.437187"><ele>10.1</ele></trkpt><trkpt lat="37.802849" lon="-122.436965"><ele>10.3</ele></trkpt><trkpt lat="37.802809" lon="-122.436886"><ele>10.4</ele></trkpt><trkpt lat="37.802777" lon="-122.436817"><ele>10.4</ele></trkpt><trkpt lat="37.802744" lon="-122.436726"><ele>10.4</ele></trkpt><trkpt lat="37.802716" lon="-122.436647"><ele>10.5</ele></trkpt><trkpt lat="37.802700" lon="-122.436598"><ele>10.5</ele></trkpt><trkpt lat="37.802690" lon="-122.436555"><ele>10.5</ele></trkpt><trkpt lat="37.802685" lon="-122.436489"><ele>10.5</ele></trkpt><trkpt lat="37.802685" lon="-122.436438"><ele>10.5</ele></trkpt><trkpt lat="37.802687" lon="-122.436380"><ele>10.5</ele></trkpt><trkpt lat="37.802690" lon="-122.436319"><ele>10.6</ele></trkpt><trkpt lat="37.802715" lon="-122.436118"><ele>10.6</ele></trkpt><trkpt lat="37.802735" lon="-122.435976"><ele>10.7</ele></trkpt><trkpt lat="37.802835" lon="-122.435141"><ele>11.0</ele></trkpt><trkpt lat="37.802841" lon="-122.435092"><ele>11.0</ele></trkpt><trkpt lat="37.802854" lon="-122.434990"><ele>11.0</ele></trkpt><trkpt lat="37.802868" lon="-122.434886"><ele>11.0</ele></trkpt><trkpt lat="37.802960" lon="-122.434158"><ele>11.1</ele></trkpt><trkpt lat="37.803048" lon="-122.433468"><ele>12.0</ele></trkpt><trkpt lat="37.803051" lon="-122.433441"><ele>12.0</ele></trkpt><trkpt lat="37.803064" lon="-122.433344"><ele>12.2</ele></trkpt><trkpt lat="37.803075" lon="-122.433255"><ele>12.3</ele></trkpt><trkpt lat="37.803077" lon="-122.433237"><ele>12.3</ele></trkpt><trkpt lat="37.803139" lon="-122.432755"><ele>13.0</ele></trkpt><trkpt lat="37.803232" lon="-122.432022"><ele>14.2</ele></trkpt><trkpt lat="37.803250" lon="-122.431884"><ele>14.5</ele></trkpt><trkpt lat="37.803260" lon="-122.431797"><ele>14.7</ele></trkpt><trkpt lat="37.803270" lon="-122.431712"><ele>14.9</ele></trkpt><trkpt lat="37.803349" lon="-122.431457"><ele>15.4</ele></trkpt><trkpt lat="37.803369" lon="-122.431335"><ele>15.5</ele></trkpt><trkpt lat="37.803516" lon="-122.430160"><ele>17.3</ele></trkpt><trkpt lat="37.803528" lon="-122.430066"><ele>17.5</ele></trkpt><trkpt lat="37.803541" lon="-122.429965"><ele>17.6</ele></trkpt><trkpt lat="37.803736" lon="-122.428419"><ele>21.1</ele></trkpt><trkpt lat="37.803930" lon="-122.426880"><ele>24.8</ele></trkpt><trkpt lat="37.803944" lon="-122.426776"><ele>25.0</ele></trkpt><trkpt lat="37.803955" lon="-122.426688"><ele>25.3</ele></trkpt><trkpt lat="37.804110" lon="-122.425461"><ele>25.8</ele></trkpt><trkpt lat="37.804126" lon="-122.425331"><ele>25.7</ele></trkpt><trkpt lat="37.804142" lon="-122.425202"><ele>25.5</ele></trkpt><trkpt lat="37.804161" lon="-122.425050"><ele>25.3</ele></trkpt><trkpt lat="37.804175" lon="-122.424943"><ele>25.1</ele></trkpt><trkpt lat="37.804348" lon="-122.423585"><ele>23.6</ele></trkpt><trkpt lat="37.804360" lon="-122.423483"><ele>23.5</ele></trkpt><trkpt lat="37.804373" lon="-122.423390"><ele>23.7</ele></trkpt><trkpt lat="37.804467" lon="-122.422648"><ele>25.9</ele></trkpt><trkpt lat="37.804477" lon="-122.422569"><ele>26.2</ele></trkpt><trkpt lat="37.804554" lon="-122.421943"><ele>28.8</ele></trkpt><trkpt lat="37.804566" lon="-122.421867"><ele>29.1</ele></trkpt><trkpt lat="37.804581" lon="-122.421747"><ele>29.6</ele></trkpt><trkpt lat="37.804786" lon="-122.420303"><ele>32.6</ele></trkpt><trkpt lat="37.804799" lon="-122.420213"><ele>32.6</ele></trkpt><trkpt lat="37.804801" lon="-122.420194"><ele>32.6</ele></trkpt><trkpt lat="37.804804" lon="-122.420176"><ele>32.6</ele></trkpt><trkpt lat="37.804815" lon="-122.420080"><ele>32.6</ele></trkpt><trkpt lat="37.804999" lon="-122.418634"><ele>23.6</ele></trkpt><trkpt lat="37.805008" lon="-122.418549"><ele>22.9</ele></trkpt><trkpt lat="37.805022" lon="-122.418448"><ele>22.1</ele></trkpt><trkpt lat="37.805098" lon="-122.417846"><ele>17.4</ele></trkpt><trkpt lat="37.805136" lon="-122.417552"><ele>15.1</ele></trkpt><trkpt lat="37.805141" lon="-122.417509"><ele>14.8</ele></trkpt><trkpt lat="37.805156" lon="-122.417397"><ele>13.9</ele></trkpt><trkpt lat="37.805171" lon="-122.417280"><ele>13.0</ele></trkpt><trkpt lat="37.805101" lon="-122.417182"><ele>12.3</ele></trkpt><trkpt lat="37.804971" lon="-122.417004"><ele>12.9</ele></trkpt><trkpt lat="37.804831" lon="-122.416817"><ele>13.6</ele></trkpt><trkpt lat="37.804423" lon="-122.416226"><ele>14.6</ele></trkpt><trkpt lat="37.804353" lon="-122.416116"><ele>14.6</ele></trkpt><trkpt lat="37.804301" lon="-122.416045"><ele>14.6</ele></trkpt><trkpt lat="37.804153" lon="-122.415858"><ele>14.6</ele></trkpt><trkpt lat="37.803951" lon="-122.415553"><ele>15.4</ele></trkpt><trkpt lat="37.803666" lon="-122.415120"><ele>16.4</ele></trkpt><trkpt lat="37.803542" lon="-122.414880"><ele>15.7</ele></trkpt><trkpt lat="37.803515" lon="-122.414841"><ele>15.6</ele></trkpt><trkpt lat="37.803400" lon="-122.414672"><ele>15.1</ele></trkpt><trkpt lat="37.803369" lon="-122.414626"><ele>14.9</ele></trkpt><trkpt lat="37.803250" lon="-122.414452"><ele>14.4</ele></trkpt><trkpt lat="37.802850" lon="-122.413865"><ele>14.3</ele></trkpt><trkpt lat="37.802751" lon="-122.413721"><ele>14.3</ele></trkpt><trkpt lat="37.802688" lon="-122.413630"><ele>14.2</ele></trkpt><trkpt lat="37.802623" lon="-122.413538"><ele>14.1</ele></trkpt><trkpt lat="37.802199" lon="-122.412929"><ele>14.3</ele></trkpt><trkpt lat="37.802184" lon="-122.412908"><ele>14.3</ele></trkpt><trkpt lat="37.802005" lon="-122.412725"><ele>15.2</ele></trkpt><trkpt lat="37.801918" lon="-122.412603"><ele>15.7</ele></trkpt><trkpt lat="37.801812" lon="-122.412447"><ele>16.3</ele></trkpt><trkpt lat="37.801257" lon="-122.411656"><ele>19.7</ele></trkpt><trkpt lat="37.801197" lon="-122.411570"><ele>20.3</ele></trkpt><trkpt lat="37.801118" lon="-122.411458"><ele>21.0</ele></trkpt><trkpt lat="37.801056" lon="-122.411367"><ele>21.6</ele></trkpt><trkpt lat="37.800755" lon="-122.410930"><ele>24.4</ele></trkpt><trkpt lat="37.800461" lon="-122.410500"><ele>26.4</ele></trkpt><trkpt lat="37.800393" lon="-122.410398"><ele>26.9</ele></trkpt><trkpt lat="37.800314" lon="-122.410286"><ele>27.5</ele></trkpt><trkpt lat="37.800247" lon="-122.410189"><ele>28.0</ele></trkpt><trkpt lat="37.799621" lon="-122.409276"><ele>32.2</ele></trkpt><trkpt lat="37.799543" lon="-122.409153"><ele>32.6</ele></trkpt><trkpt lat="37.799498" lon="-122.409083"><ele>32.9</ele></trkpt><trkpt lat="37.799487" lon="-122.409001"><ele>33.1</ele></trkpt><trkpt lat="37.799337" lon="-122.408810"><ele>33.4</ele></trkpt><trkpt lat="37.799284" lon="-122.408734"><ele>33.5</ele></trkpt><trkpt lat="37.799217" lon="-122.408639"><ele>33.7</ele></trkpt><trkpt lat="37.798770" lon="-122.407986"><ele>33.7</ele></trkpt><trkpt lat="37.798696" lon="-122.407889"><ele>33.6</ele></trkpt><trkpt lat="37.798630" lon="-122.407807"><ele>33.5</ele></trkpt><trkpt lat="37.798229" lon="-122.407211"><ele>33.1</ele></trkpt><trkpt lat="37.798133" lon="-122.407075"><ele>33.0</ele></trkpt><trkpt lat="37.798077" lon="-122.407033"><ele>33.0</ele></trkpt><trkpt lat="37.798046" lon="-122.407003"><ele>32.9</ele></trkpt><trkpt lat="37.797964" lon="-122.406894"><ele>32.7</ele></trkpt><trkpt lat="37.797861" lon="-122.406742"><ele>32.0</ele></trkpt><trkpt lat="37.797793" lon="-122.406638"><ele>31.6</ele></trkpt><trkpt lat="37.797719" lon="-122.406534"><ele>31.1</ele></trkpt><trkpt lat="37.797667" lon="-122.406462"><ele>30.8</ele></trkpt><trkpt lat="37.797566" lon="-122.406315"><ele>30.1</ele></trkpt><trkpt lat="37.797543" lon="-122.406271"><ele>29.9</ele></trkpt><trkpt lat="37.797527" lon="-122.406227"><ele>29.8</ele></trkpt><trkpt lat="37.797516" lon="-122.406184"><ele>29.6</ele></trkpt><trkpt lat="37.797254" lon="-122.405805"><ele>27.8</ele></trkpt><trkpt lat="37.797157" lon="-122.405665"><ele>27.1</ele></trkpt><trkpt lat="37.797072" lon="-122.405542"><ele>26.5</ele></trkpt><trkpt lat="37.796894" lon="-122.405282"><ele>24.5</ele></trkpt><trkpt lat="37.796823" lon="-122.405180"><ele>23.8</ele></trkpt><trkpt lat="37.796724" lon="-122.405036"><ele>22.7</ele></trkpt><trkpt lat="37.796384" lon="-122.404543"><ele>19.9</ele></trkpt><trkpt lat="37.796358" lon="-122.404503"><ele>19.8</ele></trkpt><trkpt lat="37.796308" lon="-122.404428"><ele>19.4</ele></trkpt><trkpt lat="37.796264" lon="-122.404357"><ele>19.1</ele></trkpt><trkpt lat="37.796183" lon="-122.404242"><ele>18.6</ele></trkpt><trkpt lat="37.796144" lon="-122.404184"><ele>18.3</ele></trkpt><trkpt lat="37.796085" lon="-122.404097"><ele>17.9</ele></trkpt><trkpt lat="37.796074" lon="-122.404081"><ele>17.8</ele></trkpt><trkpt lat="37.795849" lon="-122.403752"><ele>16.3</ele></trkpt><trkpt lat="37.795757" lon="-122.403619"><ele>15.6</ele></trkpt><trkpt lat="37.795661" lon="-122.403475"><ele>14.9</ele></trkpt><trkpt lat="37.795535" lon="-122.403327"><ele>14.6</ele></trkpt><trkpt lat="37.795453" lon="-122.403309"><ele>14.4</ele></trkpt><trkpt lat="37.795065" lon="-122.403234"><ele>13.6</ele></trkpt><trkpt lat="37.794748" lon="-122.403171"><ele>13.4</ele></trkpt><trkpt lat="37.794676" lon="-122.403158"><ele>13.4</ele></trkpt><trkpt lat="37.794607" lon="-122.403143"><ele>13.4</ele></trkpt><trkpt lat="37.794227" lon="-122.403066"><ele>13.4</ele></trkpt><trkpt lat="37.793847" lon="-122.402987"><ele>13.6</ele></trkpt><trkpt lat="37.793788" lon="-122.402976"><ele>13.6</ele></trkpt><trkpt lat="37.793726" lon="-122.402964"><ele>13.6</ele></trkpt><trkpt lat="37.793415" lon="-122.402901"><ele>13.9</ele></trkpt><trkpt lat="37.792963" lon="-122.402812"><ele>14.5</ele></trkpt><trkpt lat="37.792877" lon="-122.402795"><ele>14.6</ele></trkpt><trkpt lat="37.792859" lon="-122.402791"><ele>14.6</ele></trkpt><trkpt lat="37.792871" lon="-122.402703"><ele>14.4</ele></trkpt><trkpt lat="37.792963" lon="-122.401974"><ele>11.7</ele></trkpt><trkpt lat="37.793054" lon="-122.401257"><ele>10.0</ele></trkpt><trkpt lat="37.793067" lon="-122.401152"><ele>9.8</ele></trkpt><trkpt lat="37.793080" lon="-122.401054"><ele>9.6</ele></trkpt><trkpt lat="37.793201" lon="-122.400099"><ele>6.1</ele></trkpt><trkpt lat="37.793202" lon="-122.400085"><ele>6.1</ele></trkpt><trkpt lat="37.793216" lon="-122.399977"><ele>6.1</ele></trkpt><trkpt lat="37.793229" lon="-122.399877"><ele>6.1</ele></trkpt><trkpt lat="37.793352" lon="-122.398902"><ele>6.3</ele></trkpt><trkpt lat="37.793365" lon="-122.398801"><ele>6.4</ele></trkpt><trkpt lat="37.793377" lon="-122.398705"><ele>6.4</ele></trkpt><trkpt lat="37.793381" lon="-122.398676"><ele>6.4</ele></trkpt><trkpt lat="37.793498" lon="-122.397736"><ele>7.6</ele></trkpt><trkpt lat="37.793513" lon="-122.397627"><ele>7.8</ele></trkpt><trkpt lat="37.793527" lon="-122.397517"><ele>8.0</ele></trkpt><trkpt lat="37.793651" lon="-122.396558"><ele>7.9</ele></trkpt><trkpt lat="37.793664" lon="-122.396480"><ele>7.9</ele></trkpt><trkpt lat="37.793650" lon="-122.396479"><ele>7.9</ele></trkpt><trkpt lat="37.793606" lon="-122.396472"><ele>7.9</ele></trkpt><trkpt lat="37.793459" lon="-122.396442"><ele>7.8</ele></trkpt><trkpt lat="37.793387" lon="-122.396426"><ele>7.8</ele></trkpt><trkpt lat="37.793288" lon="-122.396377"><ele>7.8</ele></trkpt><trkpt lat="37.793276" lon="-122.396360"><ele>7.8</ele></trkpt><trkpt lat="37.793057" lon="-122.396623"><ele>7.6</ele></trkpt><trkpt lat="37.792869" lon="-122.396860"><ele>7.6</ele></trkpt></trkseg></trk>
<trk><name>Sun alt 1 ridge and coast</name><trkseg><trkpt lat="38.018130" lon="-122.733368"><ele>41.8</ele></trkpt><trkpt lat="38.018269" lon="-122.733515"><ele>44.6</ele></trkpt><trkpt lat="38.018423" lon="-122.733638"><ele>47.5</ele></trkpt><trkpt lat="38.018432" lon="-122.733570"><ele>48.4</ele></trkpt><trkpt lat="38.018435" lon="-122.733513"><ele>49.1</ele></trkpt><trkpt lat="38.018466" lon="-122.733414"><ele>50.5</ele></trkpt><trkpt lat="38.018573" lon="-122.733183"><ele>53.9</ele></trkpt><trkpt lat="38.018768" lon="-122.732819"><ele>59.4</ele></trkpt><trkpt lat="38.018836" lon="-122.732682"><ele>61.4</ele></trkpt><trkpt lat="38.018860" lon="-122.732629"><ele>62.2</ele></trkpt><trkpt lat="38.018867" lon="-122.732585"><ele>62.7</ele></trkpt><trkpt lat="38.018867" lon="-122.732546"><ele>63.2</ele></trkpt><trkpt lat="38.018851" lon="-122.732315"><ele>66.1</ele></trkpt><trkpt lat="38.018761" lon="-122.732315"><ele>67.5</ele></trkpt><trkpt lat="38.018533" lon="-122.732317"><ele>71.0</ele></trkpt><trkpt lat="38.018469" lon="-122.732287"><ele>72.1</ele></trkpt><trkpt lat="38.018413" lon="-122.732218"><ele>73.3</ele></trkpt><trkpt lat="38.018375" lon="-122.732120"><ele>74.6</ele></trkpt><trkpt lat="38.018349" lon="-122.731955"><ele>75.7</ele></trkpt><trkpt lat="38.018330" lon="-122.731761"><ele>75.3</ele></trkpt><trkpt lat="38.018362" lon="-122.731541"><ele>74.8</ele></trkpt><trkpt lat="38.018433" lon="-122.731252"><ele>74.1</ele></trkpt><trkpt lat="38.018632" lon="-122.730724"><ele>72.1</ele></trkpt><trkpt lat="38.018678" lon="-122.730660"><ele>71.8</ele></trkpt><trkpt lat="38.018752" lon="-122.730588"><ele>71.4</ele></trkpt><trkpt lat="38.019097" lon="-122.730351"><ele>69.5</ele></trkpt><trkpt lat="38.019127" lon="-122.730312"><ele>69.3</ele></trkpt><trkpt lat="38.019152" lon="-122.730233"><ele>69.0</ele></trkpt><trkpt lat="38.019185" lon="-122.730105"><ele>68.5</ele></trkpt><trkpt lat="38.019222" lon="-122.730021"><ele>68.2</ele></trkpt><trkpt lat="38.019274" lon="-122.729924"><ele>67.7</ele></trkpt><trkpt lat="38.019312" lon="-122.729783"><ele>67.2</ele></trkpt><trkpt lat="38.019352" lon="-122.729701"><ele>67.8</ele></trkpt><trkpt lat="38.019402" lon="-122.729619"><ele>69.0</ele></trkpt><trkpt lat="38.019429" lon="-122.729602"><ele>69.4</ele></trkpt><trkpt lat="38.019463" lon="-122.729587"><ele>69.9</ele></trkpt><trkpt lat="38.019511" lon="-122.729575"><ele>70.6</ele></trkpt><trkpt lat="38.019560" lon="-122.729574"><ele>71.3</ele></trkpt><trkpt lat="38.019657" lon="-122.729577"><ele>72.7</ele></trkpt><trkpt lat="38.019698" lon="-122.729604"><ele>73.4</ele></trkpt><trkpt lat="38.019819" lon="-122.729359"><ele>76.6</ele></trkpt><trkpt lat="38.019871" lon="-122.729268"><ele>77.9</ele></trkpt><trkpt lat="38.019986" lon="-122.729042"><ele>81.0</ele></trkpt><trkpt lat="38.020108" lon="-122.728782"><ele>84.5</ele></trkpt><trkpt lat="38.020165" lon="-122.728579"><ele>87.1</ele></trkpt><trkpt lat="38.020192" lon="-122.728319"><ele>89.4</ele></trkpt><trkpt lat="38.020194" lon="-122.728070"><ele>91.2</ele></trkpt><trkpt lat="38.020204" lon="-122.727534"><ele>94.3</ele></trkpt><trkpt lat="38.020186" lon="-122.727168"><ele>91.4</ele></trkpt><trkpt lat="38.020126" lon="-122.726862"><ele>88.9</ele></trkpt><trkpt lat="38.020021" lon="-122.726535"><ele>86.4</ele></trkpt><trkpt lat="38.019873" lon="-122.726037"><ele>83.0</ele></trkpt><trkpt lat="38.019734" lon="-122.725613"><ele>80.8</ele></trkpt><trkpt lat="38.019672" lon="-122.725354"><ele>79.8</ele></trkpt><trkpt lat="38.019609" lon="-122.725156"><ele>79.0</ele></trkpt><trkpt lat="38.019488" lon="-122.724849"><ele>78.8</ele></trkpt><trkpt lat="38.019391" lon="-122.724641"><ele>79.6</ele></trkpt><trkpt lat="38.019294" lon="-122.724486"><ele>80.2</ele></trkpt><trkpt lat="38.019197" lon="-122.724376"><ele>80.7</ele></trkpt><trkpt lat="38.019083" lon="-122.724270"><ele>80.5</ele></trkpt><trkpt lat="38.019010" lon="-122.724215"><ele>79.0</ele></trkpt><trkpt lat="38.018925" lon="-122.724186"><ele>77.5</ele></trkpt><trkpt lat="38.018776" lon="-122.724137"><ele>74.8</ele></trkpt><trkpt lat="38.018634" lon="-122.724109"><ele>72.2</ele></trkpt><trkpt lat="38.018459" lon="-122.724089"><ele>69.1</ele></trkpt><trkpt lat="38.018286" lon="-122.724095"><ele>66.7</ele></trkpt><trkpt lat="38.018211" lon="-122.724104"><ele>65.8</ele></trkpt><trkpt lat="38.018119" lon="-122.724143"><ele>64.6</ele></trkpt><trkpt lat="38.018021" lon="-122.724210"><ele>63.2</ele></trkpt><trkpt lat="38.017912" lon="-122.724273"><ele>61.6</ele></trkpt><trkpt lat="38.017829" lon="-122.724322"><ele>60.5</ele></trkpt><trkpt lat="38.017759" lon="-122.724344"><ele>59.6</ele></trkpt><trkpt lat="38.017675" lon="-122.724360"><ele>58.3</ele></trkpt><trkpt lat="38.017586" lon="-122.724355"><ele>56.7</ele></trkpt><trkpt lat="38.017505" lon="-122.724332"><ele>55.3</ele></trkpt><trkpt lat="38.017412" lon="-122.724289"><ele>53.5</ele></trkpt><trkpt lat="38.017310" lon="-122.724214"><ele>51.5</ele></trkpt><trkpt lat="38.016947" lon="-122.723855"><ele>49.8</ele></trkpt><trkpt lat="38.016562" lon="-122.723543"><ele>57.7</ele></trkpt><trkpt lat="38.016419" lon="-122.723444"><ele>60.2</ele></trkpt><trkpt lat="38.016174" lon="-122.723300"><ele>63.8</ele></trkpt><trkpt lat="38.016093" lon="-122.723218"><ele>65.2</ele></trkpt><trkpt lat="38.016060" lon="-122.723151"><ele>66.0</ele></trkpt><trkpt lat="38.016034" lon="-122.723067"><ele>67.0</ele></trkpt><trkpt lat="38.016017" lon="-122.722954"><ele>68.2</ele></trkpt><trkpt lat="38.016016" lon="-122.722866"><ele>69.3</ele></trkpt><trkpt lat="38.016013" lon="-122.722778"><ele>70.7</ele></trkpt><trkpt lat="38.016025" lon="-122.722248"><ele>79.1</ele></trkpt><trkpt lat="38.016020" lon="-122.721898"><ele>83.4</ele></trkpt><trkpt lat="38.016009" lon="-122.721588"><ele>84.2</ele></trkpt><trkpt lat="38.015990" lon="-122.721330"><ele>84.8</ele></trkpt><trkpt lat="38.015967" lon="-122.721030"><ele>85.5</ele></trkpt><trkpt lat="38.015927" lon="-122.720751"><ele>86.3</ele></trkpt><trkpt lat="38.015891" lon="-122.720622"><ele>86.7</ele></trkpt><trkpt lat="38.015831" lon="-122.720466"><ele>87.3</ele></trkpt><trkpt lat="38.015765" lon="-122.720307"><ele>87.8</ele></trkpt><trkpt lat="38.015614" lon="-122.719975"><ele>89.3</ele></trkpt><trkpt lat="38.015479" lon="-122.719717"><ele>90.7</ele></trkpt><trkpt lat="38.015153" lon="-122.719139"><ele>93.0</ele></trkpt><trkpt lat="38.015007" lon="-122.718808"><ele>93.9</ele></trkpt><trkpt lat="38.014862" lon="-122.718362"><ele>94.5</ele></trkpt><trkpt lat="38.014696" lon="-122.718011"><ele>94.9</ele></trkpt><trkpt lat="38.014381" lon="-122.717441"><ele>93.1</ele></trkpt><trkpt lat="38.014275" lon="-122.717187"><ele>92.1</ele></trkpt><trkpt lat="38.014227" lon="-122.717035"><ele>91.6</ele></trkpt><trkpt lat="38.014194" lon="-122.716884"><ele>91.3</ele></trkpt><trkpt lat="38.014158" lon="-122.716759"><ele>91.0</ele></trkpt><trkpt lat="38.014104" lon="-122.716640"><ele>90.7</ele></trkpt><trkpt lat="38.014042" lon="-122.716539"><ele>90.5</ele></trkpt><trkpt lat="38.013684" lon="-122.715967"><ele>94.0</ele></trkpt><trkpt lat="38.013561" lon="-122.715767"><ele>96.2</ele></trkpt><trkpt lat="38.013437" lon="-122.715633"><ele>98.1</ele></trkpt><trkpt lat="38.013247" lon="-122.715492"><ele>99.5</ele></trkpt><trkpt lat="38.012531" lon="-122.714955"><ele>102.3</ele></trkpt><trkpt lat="38.012103" lon="-122.714612"><ele>100.4</ele></trkpt><trkpt lat="38.011955" lon="-122.714481"><ele>98.0</ele></trkpt><trkpt lat="38.011859" lon="-122.714384"><ele>96.3</ele></trkpt><trkpt lat="38.011764" lon="-122.714262"><ele>94.4</ele></trkpt><trkpt lat="38.011701" lon="-122.714093"><ele>92.4</ele></trkpt><trkpt lat="38.011655" lon="-122.713895"><ele>93.0</ele></trkpt><trkpt lat="38.011622" lon="-122.713679"><ele>94.1</ele></trkpt><trkpt lat="38.011577" lon="-122.713532"><ele>95.0</ele></trkpt><trkpt lat="38.011501" lon="-122.713394"><ele>95.9</ele></trkpt><trkpt lat="38.011403" lon="-122.713264"><ele>96.8</ele></trkpt><trkpt lat="38.011189" lon="-122.713017"><ele>97.0</ele></trkpt><trkpt lat="38.011059" lon="-122.712877"><ele>97.1</ele></trkpt><trkpt lat="38.010957" lon="-122.712798"><ele>97.2</ele></trkpt><trkpt lat="38.010636" lon="-122.712625"><ele>99.6</ele></trkpt><trkpt lat="38.010411" lon="-122.712413"><ele>103.2</ele></trkpt><trkpt lat="38.010219" lon="-122.712301"><ele>105.9</ele></trkpt><trkpt lat="38.009292" lon="-122.711835"><ele>95.1</ele></trkpt><trkpt lat="38.009072" lon="-122.711727"><ele>97.0</ele></trkpt><trkpt lat="38.008878" lon="-122.711638"><ele>98.7</ele></trkpt><trkpt lat="38.008706" lon="-122.711587"><ele>98.5</ele></trkpt><trkpt lat="38.008506" lon="-122.711547"><ele>97.5</ele></trkpt><trkpt lat="38.008297" lon="-122.711527"><ele>96.6</ele></trkpt><trkpt lat="38.007505" lon="-122.711520"><ele>100.1</ele></trkpt><trkpt lat="38.006543" lon="-122.711545"><ele>100.8</ele></trkpt><trkpt lat="38.005988" lon="-122.711556"><ele>100.3</ele></trkpt><trkpt lat="38.005741" lon="-122.711558"><ele>99.9</ele></trkpt><trkpt lat="38.005625" lon="-122.711539"><ele>99.7</ele></trkpt><trkpt lat="38.005533" lon="-122.711499"><ele>99.6</ele></trkpt><trkpt lat="38.005379" lon="-122.711393"><ele>99.3</ele></trkpt><trkpt lat="38.005243" lon="-122.711251"><ele>98.5</ele></trkpt><trkpt lat="38.005122" lon="-122.711081"><ele>96.7</ele></trkpt><trkpt lat="38.005026" lon="-122.710863"><ele>94.7</ele></trkpt><trkpt lat="38.004917" lon="-122.710443"><ele>91.0</ele></trkpt><trkpt lat="38.004802" lon="-122.709967"><ele>85.7</ele></trkpt><trkpt lat="38.004545" lon="-122.709103"><ele>81.4</ele></trkpt><trkpt lat="38.004441" lon="-122.709012"><ele>81.3</ele></trkpt><trkpt lat="38.004387" lon="-122.708979"><ele>81.2</ele></trkpt><trkpt lat="38.003853" lon="-122.708943"><ele>77.5</ele></trkpt><trkpt lat="38.003614" lon="-122.708888"><ele>75.5</ele></trkpt><trkpt lat="38.003252" lon="-122.708831"><ele>74.1</ele></trkpt><trkpt lat="38.003186" lon="-122.708820"><ele>73.9</ele></trkpt><trkpt lat="38.002996" lon="-122.708765"><ele>73.3</ele></trkpt><trkpt lat="38.002780" lon="-122.708685"><ele>71.7</ele></trkpt><trkpt lat="38.002707" lon="-122.708664"><ele>70.7</ele></trkpt><trkpt lat="38.002629" lon="-122.708661"><ele>69.8</ele></trkpt><trkpt lat="38.002443" lon="-122.708681"><ele>67.5</ele></trkpt><trkpt lat="38.002375" lon="-122.708702"><ele>66.7</ele></trkpt><trkpt lat="38.002319" lon="-122.708732"><ele>65.9</ele></trkpt><trkpt lat="38.002256" lon="-122.708793"><ele>65.0</ele></trkpt><trkpt lat="38.002231" lon="-122.708816"><ele>64.6</ele></trkpt><trkpt lat="38.002106" lon="-122.708893"><ele>65.9</ele></trkpt><trkpt lat="38.001990" lon="-122.708930"><ele>68.5</ele></trkpt><trkpt lat="38.001875" lon="-122.708952"><ele>71.0</ele></trkpt><trkpt lat="38.001788" lon="-122.708946"><ele>72.8</ele></trkpt><trkpt lat="38.001558" lon="-122.708875"><ele>77.9</ele></trkpt><trkpt lat="38.001214" lon="-122.708866"><ele>88.9</ele></trkpt><trkpt lat="38.000976" lon="-122.708868"><ele>97.1</ele></trkpt><trkpt lat="38.000881" lon="-122.708901"><ele>100.5</ele></trkpt><trkpt lat="38.000756" lon="-122.708971"><ele>104.8</ele></trkpt><trkpt lat="38.000513" lon="-122.709215"><ele>111.0</ele></trkpt><trkpt lat="38.000411" lon="-122.709299"><ele>113.5</ele></trkpt><trkpt lat="38.000315" lon="-122.709329"><ele>115.5</ele></trkpt><trkpt lat="38.000214" lon="-122.709316"><ele>117.5</ele></trkpt><trkpt lat="37.999912" lon="-122.709221"><ele>120.7</ele></trkpt><trkpt lat="37.999721" lon="-122.709154"><ele>122.3</ele></trkpt><trkpt lat="37.999633" lon="-122.709115"><ele>123.0</ele></trkpt><trkpt lat="37.999499" lon="-122.708995"><ele>124.2</ele></trkpt><trkpt lat="37.999429" lon="-122.708936"><ele>124.7</ele></trkpt><trkpt lat="37.999333" lon="-122.708869"><ele>125.3</ele></trkpt><trkpt lat="37.999233" lon="-122.708865"><ele>125.9</ele></trkpt><trkpt lat="37.999151" lon="-122.708890"><ele>126.3</ele></trkpt><trkpt lat="37.999095" lon="-122.708979"><ele>126.8</ele></trkpt><trkpt lat="37.999058" lon="-122.709051"><ele>127.2</ele></trkpt><trkpt lat="37.999011" lon="-122.709090"><ele>127.5</ele></trkpt><trkpt lat="37.998846" lon="-122.709156"><ele>129.1</ele></trkpt><trkpt lat="37.998771" lon="-122.709268"><ele>132.9</ele></trkpt><trkpt lat="37.998704" lon="-122.709453"><ele>138.2</ele></trkpt><trkpt lat="37.998654" lon="-122.709509"><ele>140.3</ele></trkpt><trkpt lat="37.998592" lon="-122.709548"><ele>142.6</ele></trkpt><trkpt lat="37.998517" lon="-122.709577"><ele>145.2</ele></trkpt><trkpt lat="37.998431" lon="-122.709592"><ele>148.0</ele></trkpt><trkpt lat="37.998364" lon="-122.709584"><ele>150.2</ele></trkpt><trkpt lat="37.998292" lon="-122.709564"><ele>152.4</ele></trkpt><trkpt lat="37.998212" lon="-122.709555"><ele>153.9</ele></trkpt><trkpt lat="37.998143" lon="-122.709576"><ele>155.3</ele></trkpt><trkpt lat="37.998067" lon="-122.709633"><ele>157.0</ele></trkpt><trkpt lat="37.997995" lon="-122.709717"><ele>158.9</ele></trkpt><trkpt lat="37.997911" lon="-122.709810"><ele>161.1</ele></trkpt><trkpt lat="37.997880" lon="-122.709877"><ele>162.2</ele></trkpt><trkpt lat="37.997869" lon="-122.709939"><ele>163.2</ele></trkpt><trkpt lat="37.997841" lon="-122.710166"><ele>166.6</ele></trkpt><trkpt lat="37.997825" lon="-122.710209"><ele>167.2</ele></trkpt><trkpt lat="37.997800" lon="-122.710238"><ele>167.7</ele></trkpt><trkpt lat="37.997767" lon="-122.710254"><ele>168.2</ele></trkpt><trkpt lat="37.997616" lon="-122.710300"><ele>170.6</ele></trkpt><trkpt lat="37.997556" lon="-122.710345"><ele>171.7</ele></trkpt><trkpt lat="37.997500" lon="-122.710410"><ele>172.9</ele></trkpt><trkpt lat="37.997450" lon="-122.710512"><ele>174.3</ele></trkpt><trkpt lat="37.997409" lon="-122.710674"><ele>176.4</ele></trkpt><trkpt lat="37.997386" lon="-122.710788"><ele>177.7</ele></trkpt><trkpt lat="37.997372" lon="-122.710859"><ele>178.4</ele></trkpt><trkpt lat="37.997382" lon="-122.710912"><ele>178.9</ele></trkpt><trkpt lat="37.997414" lon="-122.710941"><ele>179.3</ele></trkpt><trkpt lat="37.997448" lon="-122.710951"><ele>179.7</ele></trkpt><trkpt lat="37.997480" lon="-122.710949"><ele>180.1</ele></trkpt><trkpt lat="37.997509" lon="-122.710937"><ele>180.5</ele></trkpt><trkpt lat="37.997537" lon="-122.710913"><ele>180.9</ele></trkpt><trkpt lat="37.997553" lon="-122.710870"><ele>181.3</ele></trkpt><trkpt lat="37.997605" lon="-122.710764"><ele>182.5</ele></trkpt><trkpt lat="37.997643" lon="-122.710737"><ele>183.0</ele></trkpt><trkpt lat="37.997717" lon="-122.710727"><ele>183.9</ele></trkpt><trkpt lat="37.997793" lon="-122.710752"><ele>184.8</ele></trkpt><trkpt lat="37.997870" lon="-122.710849"><ele>186.3</ele></trkpt><trkpt lat="37.997965" lon="-122.710937"><ele>188.5</ele></trkpt><trkpt lat="37.998030" lon="-122.710967"><ele>189.8</ele></trkpt><trkpt lat="37.998089" lon="-122.710965"><ele>190.9</ele></trkpt><trkpt lat="37.998140" lon="-122.710943"><ele>192.0</ele></trkpt><trkpt lat="37.998183" lon="-122.710897"><ele>193.0</ele></trkpt><trkpt lat="37.998269" lon="-122.710822"><ele>195.0</ele></trkpt><trkpt lat="37.998312" lon="-122.710808"><ele>195.8</ele></trkpt><trkpt lat="37.998349" lon="-122.710803"><ele>196.5</ele></trkpt><trkpt lat="37.998388" lon="-122.710818"><ele>197.3</ele></trkpt><trkpt lat="37.998437" lon="-122.710869"><ele>198.5</ele></trkpt><trkpt lat="37.998517" lon="-122.710957"><ele>201.5</ele></trkpt><trkpt lat="37.998662" lon="-122.711064"><ele>207.6</ele></trkpt><trkpt lat="37.998722" lon="-122.711157"><ele>211.0</ele></trkpt><trkpt lat="37.998762" lon="-122.711313"><ele>215.7</ele></trkpt><trkpt lat="37.998815" lon="-122.711730"><ele>226.1</ele></trkpt><trkpt lat="37.998868" lon="-122.711884"><ele>228.0</ele></trkpt><trkpt lat="37.998945" lon="-122.712038"><ele>230.1</ele></trkpt><trkpt lat="37.998963" lon="-122.712127"><ele>231.2</ele></trkpt><trkpt lat="37.998985" lon="-122.712493"><ele>235.5</ele></trkpt><trkpt lat="37.999021" lon="-122.712623"><ele>238.3</ele></trkpt><trkpt lat="37.999071" lon="-122.712688"><ele>240.3</ele></trkpt><trkpt lat="37.999227" lon="-122.712805"><ele>245.2</ele></trkpt><trkpt lat="37.999421" lon="-122.712928"><ele>251.1</ele></trkpt><trkpt lat="37.999557" lon="-122.712991"><ele>255.1</ele></trkpt><trkpt lat="37.999715" lon="-122.713101"><ele>255.4</ele></trkpt><trkpt lat="37.999779" lon="-122.713264"><ele>255.4</ele></trkpt><trkpt lat="37.999796" lon="-122.713444"><ele>255.4</ele></trkpt><trkpt lat="37.999782" lon="-122.713486"><ele>255.4</ele></trkpt><trkpt lat="37.999750" lon="-122.713508"><ele>255.4</ele></trkpt><trkpt lat="37.999681" lon="-122.713511"><ele>255.4</ele></trkpt><trkpt lat="37.999541" lon="-122.713472"><ele>255.6</ele></trkpt><trkpt lat="37.999419" lon="-122.713372"><ele>258.2</ele></trkpt><trkpt lat="37.999316" lon="-122.713330"><ele>260.1</ele></trkpt><trkpt lat="37.999137" lon="-122.713294"><ele>263.3</ele></trkpt><trkpt lat="37.998956" lon="-122.713285"><ele>266.4</ele></trkpt><trkpt lat="37.998834" lon="-122.713261"><ele>268.5</ele></trkpt><trkpt lat="37.998743" lon="-122.713247"><ele>269.9</ele></trkpt><trkpt lat="37.998618" lon="-122.713247"><ele>271.8</ele></trkpt><trkpt lat="37.998527" lon="-122.713227"><ele>273.2</ele></trkpt><trkpt lat="37.998467" lon="-122.713198"><ele>274.1</ele></trkpt><trkpt lat="37.998408" lon="-122.713129"><ele>275.4</ele></trkpt><trkpt lat="37.998320" lon="-122.712974"><ele>277.6</ele></trkpt><trkpt lat="37.998273" lon="-122.712908"><ele>278.7</ele></trkpt><trkpt lat="37.998213" lon="-122.712884"><ele>279.8</ele></trkpt><trkpt lat="37.998166" lon="-122.712902"><ele>280.8</ele></trkpt><trkpt lat="37.998141" lon="-122.712950"><ele>281.6</ele></trkpt><trkpt lat="37.998148" lon="-122.713010"><ele>282.5</ele></trkpt><trkpt lat="37.998200" lon="-122.713071"><ele>283.9</ele></trkpt><trkpt lat="37.998248" lon="-122.713146"><ele>285.3</ele></trkpt><trkpt lat="37.998281" lon="-122.713245"><ele>286.9</ele></trkpt><trkpt lat="37.998302" lon="-122.713340"><ele>288.4</ele></trkpt><trkpt lat="37.998328" lon="-122.713475"><ele>290.5</ele></trkpt><trkpt lat="37.998360" lon="-122.713581"><ele>292.2</ele></trkpt><trkpt lat="37.998406" lon="-122.713692"><ele>293.0</ele></trkpt><trkpt lat="37.998449" lon="-122.713772"><ele>293.3</ele></trkpt><trkpt lat="37.998497" lon="-122.713833"><ele>293.6</ele></trkpt><trkpt lat="37.998549" lon="-122.713868"><ele>293.9</ele></trkpt><trkpt lat="37.998677" lon="-122.713944"><ele>294.6</ele></trkpt><trkpt lat="37.998804" lon="-122.714010"><ele>295.2</ele></trkpt><trkpt lat="37.998886" lon="-122.714037"><ele>295.6</ele></trkpt><trkpt lat="37.998968" lon="-122.714046"><ele>295.9</ele></trkpt><trkpt lat="37.999082" lon="-122.714048"><ele>295.4</ele></trkpt><trkpt lat="37.999142" lon="-122.714062"><ele>295.2</ele></trkpt><trkpt lat="37.999198" lon="-122.714093"><ele>294.9</ele></trkpt><trkpt lat="37.999254" lon="-122.714142"><ele>294.6</ele></trkpt><trkpt lat="37.999275" lon="-122.714194"><ele>294.4</ele></trkpt><trkpt lat="37.999303" lon="-122.714300"><ele>294.1</ele></trkpt><trkpt lat="37.999336" lon="-122.714379"><ele>293.8</ele></trkpt><trkpt lat="37.999405" lon="-122.714520"><ele>293.2</ele></trkpt><trkpt lat="37.999494" lon="-122.714646"><ele>292.7</ele></trkpt><trkpt lat="37.999592" lon="-122.714799"><ele>292.0</ele></trkpt><trkpt lat="37.999666" lon="-122.714903"><ele>291.5</ele></trkpt><trkpt lat="37.999693" lon="-122.714977"><ele>291.3</ele></trkpt><trkpt lat="37.999717" lon="-122.715082"><ele>290.9</ele></trkpt><trkpt lat="37.999729" lon="-122.715206"><ele>290.5</ele></trkpt><trkpt lat="37.999731" lon="-122.715663"><ele>294.6</ele></trkpt><trkpt lat="37.999721" lon="-122.715717"><ele>295.6</ele></trkpt><trkpt lat="37.999703" lon="-122.715763"><ele>296.6</ele></trkpt><trkpt lat="37.999678" lon="-122.715789"><ele>297.3</ele></trkpt><trkpt lat="37.999650" lon="-122.715799"><ele>297.9</ele></trkpt><trkpt lat="37.999612" lon="-122.715797"><ele>298.8</ele></trkpt><trkpt lat="37.999584" lon="-122.715785"><ele>299.5</ele></trkpt><trkpt lat="37.999559" lon="-122.715756"><ele>300.2</ele></trkpt><trkpt lat="37.999532" lon="-122.715699"><ele>301.4</ele></trkpt><trkpt lat="37.999493" lon="-122.715587"><ele>303.6</ele></trkpt><trkpt lat="37.999436" lon="-122.715474"><ele>306.0</ele></trkpt><trkpt lat="37.999372" lon="-122.715408"><ele>307.8</ele></trkpt><trkpt lat="37.999290" lon="-122.715352"><ele>309.8</ele></trkpt><trkpt lat="37.999082" lon="-122.715305"><ele>314.3</ele></trkpt><trkpt lat="37.998874" lon="-122.715250"><ele>318.9</ele></trkpt><trkpt lat="37.998647" lon="-122.715179"><ele>323.9</ele></trkpt><trkpt lat="37.998512" lon="-122.715129"><ele>326.9</ele></trkpt><trkpt lat="37.998420" lon="-122.715110"><ele>328.9</ele></trkpt><trkpt lat="37.998373" lon="-122.715116"><ele>329.9</ele></trkpt><trkpt lat="37.998336" lon="-122.715150"><ele>330.8</ele></trkpt><trkpt lat="37.998329" lon="-122.715204"><ele>331.8</ele></trkpt><trkpt lat="37.998351" lon="-122.715252"><ele>332.7</ele></trkpt><trkpt lat="37.998387" lon="-122.715287"><ele>333.7</ele></trkpt><trkpt lat="37.998447" lon="-122.715314"><ele>335.0</ele></trkpt><trkpt lat="37.998498" lon="-122.715327"><ele>336.1</ele></trkpt><trkpt lat="37.998554" lon="-122.715378"><ele>337.5</ele></trkpt><trkpt lat="37.998613" lon="-122.715450"><ele>338.8</ele></trkpt><trkpt lat="37.998666" lon="-122.715548"><ele>340.3</ele></trkpt><trkpt lat="37.998702" lon="-122.715649"><ele>341.7</ele></trkpt><trkpt lat="37.998714" lon="-122.715726"><ele>342.7</ele></trkpt><trkpt lat="37.998706" lon="-122.715785"><ele>343.4</ele></trkpt><trkpt lat="37.998676" lon="-122.715833"><ele>344.2</ele></trkpt><trkpt lat="37.998639" lon="-122.715848"><ele>344.8</ele></trkpt><trkpt lat="37.998592" lon="-122.715850"><ele>345.6</ele></trkpt><trkpt lat="37.998535" lon="-122.715838"><ele>346.5</ele></trkpt><trkpt lat="37.998431" lon="-122.715788"><ele>348.3</ele></trkpt><trkpt lat="37.998366" lon="-122.715773"><ele>349.5</ele></trkpt><trkpt lat="37.998298" lon="-122.715770"><ele>350.9</ele></trkpt><trkpt lat="37.998224" lon="-122.715781"><ele>352.5</ele></trkpt><trkpt lat="37.998055" lon="-122.715857"><ele>356.3</ele></trkpt><trkpt lat="37.997891" lon="-122.715949"><ele>360.0</ele></trkpt><trkpt lat="37.997763" lon="-122.716049"><ele>363.2</ele></trkpt><trkpt lat="37.997727" lon="-122.716099"><ele>364.3</ele></trkpt><trkpt lat="37.997713" lon="-122.716144"><ele>365.1</ele></trkpt><trkpt lat="37.997713" lon="-122.716206"><ele>366.1</ele></trkpt><trkpt lat="37.997746" lon="-122.716283"><ele>367.5</ele></trkpt><trkpt lat="37.997787" lon="-122.716324"><ele>368.6</ele></trkpt><trkpt lat="37.998026" lon="-122.716558"><ele>374.8</ele></trkpt><trkpt lat="37.998101" lon="-122.716645"><ele>376.9</ele></trkpt><trkpt lat="37.998126" lon="-122.716719"><ele>378.2</ele></trkpt><trkpt lat="37.998146" lon="-122.716780"><ele>378.8</ele></trkpt><trkpt lat="37.998139" lon="-122.716857"><ele>379.2</ele></trkpt><trkpt lat="37.998101" lon="-122.716924"><ele>379.7</ele></trkpt><trkpt lat="37.998009" lon="-122.716988"><ele>380.5</ele></trkpt><trkpt lat="37.997792" lon="-122.717099"><ele>382.1</ele></trkpt><trkpt lat="37.997700" lon="-122.717157"><ele>382.9</ele></trkpt><trkpt lat="37.997601" lon="-122.717266"><ele>383.8</ele></trkpt><trkpt lat="37.997525" lon="-122.717399"><ele>384.5</ele></trkpt><trkpt lat="37.997463" lon="-122.717567"><ele>385.4</ele></trkpt><trkpt lat="37.997401" lon="-122.717826"><ele>386.7</ele></trkpt><trkpt lat="37.997378" lon="-122.718522"><ele>392.3</ele></trkpt><trkpt lat="37.997422" lon="-122.719077"><ele>397.8</ele></trkpt><trkpt lat="37.997403" lon="-122.719213"><ele>398.5</ele></trkpt><trkpt lat="37.997354" lon="-122.719338"><ele>399.3</ele></trkpt><trkpt lat="37.997280" lon="-122.719441"><ele>400.0</ele></trkpt><trkpt lat="37.997015" lon="-122.719689"><ele>402.2</ele></trkpt><trkpt lat="37.996786" lon="-122.719991"><ele>403.4</ele></trkpt><trkpt lat="37.996728" lon="-122.720046"><ele>403.6</ele></trkpt><trkpt lat="37.996424" lon="-122.720208"><ele>404.7</ele></trkpt><trkpt lat="37.996207" lon="-122.720256"><ele>404.4</ele></trkpt><trkpt lat="37.996139" lon="-122.720287"><ele>404.3</ele></trkpt><trkpt lat="37.996004" lon="-122.720292"><ele>404.1</ele></trkpt><trkpt lat="37.995398" lon="-122.719784"><ele>402.6</ele></trkpt><trkpt lat="37.995218" lon="-122.719652"><ele>402.2</ele></trkpt><trkpt lat="37.994347" lon="-122.719103"><ele>400.5</ele></trkpt><trkpt lat="37.993467" lon="-122.718510"><ele>402.7</ele></trkpt><trkpt lat="37.993286" lon="-122.718396"><ele>404.6</ele></trkpt><trkpt lat="37.993155" lon="-122.718296"><ele>405.6</ele></trkpt><trkpt lat="37.993015" lon="-122.718152"><ele>406.2</ele></trkpt><trkpt lat="37.992663" lon="-122.717776"><ele>407.8</ele></trkpt><trkpt lat="37.992496" lon="-122.717617"><ele>408.4</ele></trkpt><trkpt lat="37.992152" lon="-122.717257"><ele>409.7</ele></trkpt><trkpt lat="37.991976" lon="-122.717053"><ele>409.2</ele></trkpt><trkpt lat="37.991827" lon="-122.716857"><ele>408.2</ele></trkpt><trkpt lat="37.991685" lon="-122.716630"><ele>407.1</ele></trkpt><trkpt lat="37.991623" lon="-122.716538"><ele>406.7</ele></trkpt><trkpt lat="37.991506" lon="-122.716401"><ele>406.7</ele></trkpt><trkpt lat="37.991402" lon="-122.716283"><ele>406.7</ele></trkpt><trkpt lat="37.991289" lon="-122.716186"><ele>406.8</ele></trkpt><trkpt lat="37.991140" lon="-122.716065"><ele>406.9</ele></trkpt><trkpt lat="37.990977" lon="-122.715920"><ele>407.0</ele></trkpt><trkpt lat="37.990823" lon="-122.715797"><ele>407.1</ele></trkpt><trkpt lat="37.990792" lon="-122.715770"><ele>407.1</ele></trkpt><trkpt lat="37.990697" lon="-122.715700"><ele>407.2</ele></trkpt><trkpt lat="37.990544" lon="-122.715619"><ele>407.4</ele></trkpt><trkpt lat="37.990391" lon="-122.715529"><ele>407.5</ele></trkpt><trkpt lat="37.990233" lon="-122.715449"><ele>407.1</ele></trkpt><trkpt lat="37.989926" lon="-122.715295"><ele>406.2</ele></trkpt><trkpt lat="37.989755" lon="-122.715251"><ele>405.8</ele></trkpt><trkpt lat="37.989552" lon="-122.715197"><ele>405.8</ele></trkpt><trkpt lat="37.989362" lon="-122.715131"><ele>405.8</ele></trkpt><trkpt lat="37.989195" lon="-122.715062"><ele>405.9</ele></trkpt><trkpt lat="37.988929" lon="-122.714950"><ele>406.2</ele></trkpt><trkpt lat="37.988785" lon="-122.714955"><ele>406.5</ele></trkpt><trkpt lat="37.988713" lon="-122.715019"><ele>406.7</ele></trkpt><trkpt lat="37.988569" lon="-122.715081"><ele>407.0</ele></trkpt><trkpt lat="37.988434" lon="-122.715133"><ele>407.3</ele></trkpt><trkpt lat="37.988348" lon="-122.715160"><ele>407.5</ele></trkpt><trkpt lat="37.988276" lon="-122.715177"><ele>407.9</ele></trkpt><trkpt lat="37.988069" lon="-122.715216"><ele>409.1</ele></trkpt><trkpt lat="37.987898" lon="-122.715251"><ele>410.1</ele></trkpt><trkpt lat="37.987763" lon="-122.715222"><ele>410.9</ele></trkpt><trkpt lat="37.987663" lon="-122.715222"><ele>411.5</ele></trkpt><trkpt lat="37.987402" lon="-122.715265"><ele>412.4</ele></trkpt><trkpt lat="37.987195" lon="-122.715281"><ele>413.0</ele></trkpt><trkpt lat="37.986893" lon="-122.715184"><ele>413.9</ele></trkpt><trkpt lat="37.986825" lon="-122.715160"><ele>414.0</ele></trkpt><trkpt lat="37.986771" lon="-122.715136"><ele>414.1</ele></trkpt><trkpt lat="37.986579" lon="-122.715065"><ele>414.4</ele></trkpt><trkpt lat="37.986317" lon="-122.714919"><ele>414.7</ele></trkpt><trkpt lat="37.985949" lon="-122.714708"><ele>413.9</ele></trkpt><trkpt lat="37.985879" lon="-122.714671"><ele>413.7</ele></trkpt><trkpt lat="37.985675" lon="-122.714593"><ele>413.1</ele></trkpt><trkpt lat="37.985435" lon="-122.714484"><ele>412.3</ele></trkpt><trkpt lat="37.985345" lon="-122.714437"><ele>411.9</ele></trkpt><trkpt lat="37.985234" lon="-122.714389"><ele>411.5</ele></trkpt><trkpt lat="37.985015" lon="-122.714247"><ele>410.7</ele></trkpt><trkpt lat="37.984820" lon="-122.714070"><ele>410.1</ele></trkpt><trkpt lat="37.984370" lon="-122.713796"><ele>409.2</ele></trkpt><trkpt lat="37.984235" lon="-122.713753"><ele>409.0</ele></trkpt><trkpt lat="37.984079" lon="-122.713661"><ele>408.9</ele></trkpt><trkpt lat="37.983942" lon="-122.713608"><ele>408.8</ele></trkpt><trkpt lat="37.983812" lon="-122.713536"><ele>408.6</ele></trkpt><trkpt lat="37.983680" lon="-122.713435"><ele>408.5</ele></trkpt><trkpt lat="37.983566" lon="-122.713303"><ele>408.5</ele></trkpt><trkpt lat="37.983490" lon="-122.713155"><ele>408.7</ele></trkpt><trkpt lat="37.983443" lon="-122.713025"><ele>408.8</ele></trkpt><trkpt lat="37.983400" lon="-122.712883"><ele>409.0</ele></trkpt><trkpt lat="37.983389" lon="-122.712686"><ele>409.2</ele></trkpt><trkpt lat="37.983399" lon="-122.712572"><ele>409.3</ele></trkpt><trkpt lat="37.983391" lon="-122.712474"><ele>409.3</ele></trkpt><trkpt lat="37.983408" lon="-122.712304"><ele>409.3</ele></trkpt><trkpt lat="37.983472" lon="-122.712103"><ele>409.3</ele></trkpt><trkpt lat="37.983537" lon="-122.711871"><ele>409.3</ele></trkpt><trkpt lat="37.983616" lon="-122.711660"><ele>409.4</ele></trkpt><trkpt lat="37.983693" lon="-122.711463"><ele>409.4</ele></trkpt><trkpt lat="37.983720" lon="-122.711303"><ele>409.5</ele></trkpt><trkpt lat="37.983706" lon="-122.711062"><ele>409.6</ele></trkpt><trkpt lat="37.983723" lon="-122.710925"><ele>409.6</ele></trkpt><trkpt lat="37.983734" lon="-122.710822"><ele>409.6</ele></trkpt><trkpt lat="37.983703" lon="-122.710732"><ele>409.9</ele></trkpt><trkpt lat="37.983626" lon="-122.710613"><ele>410.6</ele></trkpt><trkpt lat="37.983573" lon="-122.710428"><ele>411.6</ele></trkpt><trkpt lat="37.983513" lon="-122.710267"><ele>412.4</ele></trkpt><trkpt lat="37.983466" lon="-122.710096"><ele>413.2</ele></trkpt><trkpt lat="37.983371" lon="-122.709795"><ele>415.5</ele></trkpt><trkpt lat="37.983305" lon="-122.709632"><ele>417.1</ele></trkpt><trkpt lat="37.983187" lon="-122.709451"><ele>419.2</ele></trkpt><trkpt lat="37.982999" lon="-122.709168"><ele>422.4</ele></trkpt><trkpt lat="37.982892" lon="-122.709043"><ele>424.1</ele></trkpt><trkpt lat="37.982784" lon="-122.708889"><ele>425.9</ele></trkpt><trkpt lat="37.982692" lon="-122.708712"><ele>427.8</ele></trkpt><trkpt lat="37.982545" lon="-122.708431"><ele>430.5</ele></trkpt><trkpt lat="37.982463" lon="-122.708215"><ele>431.7</ele></trkpt><trkpt lat="37.982326" lon="-122.708079"><ele>432.8</ele></trkpt><trkpt lat="37.982134" lon="-122.707797"><ele>434.6</ele></trkpt><trkpt lat="37.982050" lon="-122.707645"><ele>435.2</ele></trkpt><trkpt lat="37.981829" lon="-122.707403"><ele>436.3</ele></trkpt><trkpt lat="37.981730" lon="-122.707342"><ele>436.7</ele></trkpt><trkpt lat="37.981617" lon="-122.707251"><ele>437.2</ele></trkpt><trkpt lat="37.981488" lon="-122.707044"><ele>438.1</ele></trkpt><trkpt lat="37.981374" lon="-122.706816"><ele>439.0</ele></trkpt><trkpt lat="37.981138" lon="-122.706297"><ele>441.0</ele></trkpt><trkpt lat="37.980911" lon="-122.705914"><ele>442.6</ele></trkpt><trkpt lat="37.980742" lon="-122.705661"><ele>443.5</ele></trkpt><trkpt lat="37.980674" lon="-122.705537"><ele>443.6</ele></trkpt><trkpt lat="37.980635" lon="-122.705404"><ele>443.7</ele></trkpt><trkpt lat="37.980596" lon="-122.705274"><ele>443.8</ele></trkpt><trkpt lat="37.980532" lon="-122.705170"><ele>443.9</ele></trkpt><trkpt lat="37.980449" lon="-122.705139"><ele>444.0</ele></trkpt><trkpt lat="37.980352" lon="-122.705155"><ele>444.1</ele></trkpt><trkpt lat="37.980229" lon="-122.705167"><ele>443.8</ele></trkpt><trkpt lat="37.980122" lon="-122.705141"><ele>443.4</ele></trkpt><trkpt lat="37.979906" lon="-122.705031"><ele>442.7</ele></trkpt><trkpt lat="37.979785" lon="-122.705009"><ele>442.2</ele></trkpt><trkpt lat="37.979665" lon="-122.704972"><ele>441.8</ele></trkpt><trkpt lat="37.979563" lon="-122.704894"><ele>441.2</ele></trkpt><trkpt lat="37.979411" lon="-122.704748"><ele>439.9</ele></trkpt><trkpt lat="37.979241" lon="-122.704653"><ele>438.6</ele></trkpt><trkpt lat="37.979063" lon="-122.704656"><ele>437.4</ele></trkpt><trkpt lat="37.978943" lon="-122.704599"><ele>436.6</ele></trkpt><trkpt lat="37.978856" lon="-122.704535"><ele>436.1</ele></trkpt><trkpt lat="37.978767" lon="-122.704502"><ele>435.6</ele></trkpt><trkpt lat="37.978574" lon="-122.704491"><ele>434.5</ele></trkpt><trkpt lat="37.978405" lon="-122.704472"><ele>433.6</ele></trkpt><trkpt lat="37.978267" lon="-122.704417"><ele>432.8</ele></trkpt><trkpt lat="37.978109" lon="-122.704319"><ele>432.7</ele></trkpt><trkpt lat="37.977964" lon="-122.704228"><ele>432.5</ele></trkpt><trkpt lat="37.977841" lon="-122.704105"><ele>432.4</ele></trkpt><trkpt lat="37.977700" lon="-122.703914"><ele>432.2</ele></trkpt><trkpt lat="37.977567" lon="-122.703805"><ele>432.8</ele></trkpt><trkpt lat="37.977411" lon="-122.703695"><ele>433.6</ele></trkpt><trkpt lat="37.977323" lon="-122.703621"><ele>434.0</ele></trkpt><trkpt lat="37.977275" lon="-122.703504"><ele>434.5</ele></trkpt><trkpt lat="37.977152" lon="-122.703303"><ele>435.3</ele></trkpt><trkpt lat="37.976887" lon="-122.702983"><ele>437.8</ele></trkpt><trkpt lat="37.976639" lon="-122.702778"><ele>439.8</ele></trkpt><trkpt lat="37.976438" lon="-122.702644"><ele>441.2</ele></trkpt><trkpt lat="37.976266" lon="-122.702525"><ele>442.3</ele></trkpt><trkpt lat="37.976194" lon="-122.702440"><ele>442.9</ele></trkpt><trkpt lat="37.976166" lon="-122.702330"><ele>443.4</ele></trkpt><trkpt lat="37.976099" lon="-122.702055"><ele>444.6</ele></trkpt><trkpt lat="37.976018" lon="-122.701763"><ele>445.2</ele></trkpt><trkpt lat="37.975838" lon="-122.701390"><ele>446.1</ele></trkpt><trkpt lat="37.975744" lon="-122.701245"><ele>446.2</ele></trkpt><trkpt lat="37.975630" lon="-122.701126"><ele>446.0</ele></trkpt><trkpt lat="37.975216" lon="-122.700836"><ele>445.6</ele></trkpt><trkpt lat="37.975073" lon="-122.700693"><ele>446.1</ele></trkpt><trkpt lat="37.974820" lon="-122.700362"><ele>447.2</ele></trkpt><trkpt lat="37.974623" lon="-122.700155"><ele>448.0</ele></trkpt><trkpt lat="37.974446" lon="-122.700018"><ele>449.0</ele></trkpt><trkpt lat="37.974151" lon="-122.699781"><ele>450.7</ele></trkpt><trkpt lat="37.974024" lon="-122.699704"><ele>451.2</ele></trkpt><trkpt lat="37.973926" lon="-122.699607"><ele>451.5</ele></trkpt><trkpt lat="37.973745" lon="-122.699384"><ele>452.2</ele></trkpt><trkpt lat="37.973507" lon="-122.699144"><ele>452.9</ele></trkpt><trkpt lat="37.973408" lon="-122.698986"><ele>452.3</ele></trkpt><trkpt lat="37.973340" lon="-122.698845"><ele>451.7</ele></trkpt><trkpt lat="37.973245" lon="-122.698586"><ele>450.8</ele></trkpt><trkpt lat="37.973171" lon="-122.698372"><ele>450.0</ele></trkpt><trkpt lat="37.973075" lon="-122.698205"><ele>449.1</ele></trkpt><trkpt lat="37.972940" lon="-122.698044"><ele>448.0</ele></trkpt><trkpt lat="37.972778" lon="-122.697835"><ele>446.6</ele></trkpt><trkpt lat="37.972606" lon="-122.697680"><ele>445.4</ele></trkpt><trkpt lat="37.972464" lon="-122.697599"><ele>444.7</ele></trkpt><trkpt lat="37.972359" lon="-122.697530"><ele>444.1</ele></trkpt><trkpt lat="37.972252" lon="-122.697441"><ele>443.5</ele></trkpt><trkpt lat="37.972175" lon="-122.697321"><ele>443.0</ele></trkpt><trkpt lat="37.972095" lon="-122.697156"><ele>442.3</ele></trkpt><trkpt lat="37.972018" lon="-122.697052"><ele>442.1</ele></trkpt><trkpt lat="37.971829" lon="-122.696937"><ele>441.9</ele></trkpt><trkpt lat="37.971673" lon="-122.696847"><ele>441.6</ele></trkpt><trkpt lat="37.971436" lon="-122.696769"><ele>441.3</ele></trkpt><trkpt lat="37.971239" lon="-122.696697"><ele>441.0</ele></trkpt><trkpt lat="37.971079" lon="-122.696655"><ele>440.7</ele></trkpt><trkpt lat="37.970876" lon="-122.696554"><ele>440.3</ele></trkpt><trkpt lat="37.970685" lon="-122.696431"><ele>440.1</ele></trkpt><trkpt lat="37.970512" lon="-122.696307"><ele>440.0</ele></trkpt><trkpt lat="37.970374" lon="-122.696209"><ele>439.9</ele></trkpt><trkpt lat="37.970237" lon="-122.696117"><ele>439.9</ele></trkpt><trkpt lat="37.970133" lon="-122.695984"><ele>439.8</ele></trkpt><trkpt lat="37.969965" lon="-122.695806"><ele>439.3</ele></trkpt><trkpt lat="37.969852" lon="-122.695705"><ele>439.0</ele></trkpt><trkpt lat="37.969708" lon="-122.695624"><ele>438.7</ele></trkpt><trkpt lat="37.969609" lon="-122.695557"><ele>438.4</ele></trkpt><trkpt lat="37.969505" lon="-122.695392"><ele>438.6</ele></trkpt><trkpt lat="37.969284" lon="-122.695116"><ele>439.3</ele></trkpt><trkpt lat="37.969204" lon="-122.694945"><ele>439.7</ele></trkpt><trkpt lat="37.969124" lon="-122.694840"><ele>440.0</ele></trkpt><trkpt lat="37.969032" lon="-122.694764"><ele>440.2</ele></trkpt><trkpt lat="37.968944" lon="-122.694732"><ele>440.4</ele></trkpt><trkpt lat="37.968839" lon="-122.694729"><ele>440.6</ele></trkpt><trkpt lat="37.968516" lon="-122.694640"><ele>441.1</ele></trkpt><trkpt lat="37.968404" lon="-122.694630"><ele>441.3</ele></trkpt><trkpt lat="37.968282" lon="-122.694576"><ele>441.5</ele></trkpt><trkpt lat="37.968203" lon="-122.694458"><ele>441.7</ele></trkpt><trkpt lat="37.968108" lon="-122.694243"><ele>442.1</ele></trkpt><trkpt lat="37.968028" lon="-122.694041"><ele>442.4</ele></trkpt><trkpt lat="37.967958" lon="-122.693819"><ele>443.0</ele></trkpt><trkpt lat="37.967872" lon="-122.693629"><ele>443.9</ele></trkpt><trkpt lat="37.967699" lon="-122.693336"><ele>445.3</ele></trkpt><trkpt lat="37.967559" lon="-122.693090"><ele>446.6</ele></trkpt><trkpt lat="37.967287" lon="-122.692729"><ele>448.9</ele></trkpt><trkpt lat="37.966975" lon="-122.692336"><ele>451.7</ele></trkpt><trkpt lat="37.966695" lon="-122.692002"><ele>454.5</ele></trkpt><trkpt lat="37.966572" lon="-122.691821"><ele>455.6</ele></trkpt><trkpt lat="37.966480" lon="-122.691771"><ele>455.5</ele></trkpt><trkpt lat="37.966399" lon="-122.691704"><ele>455.4</ele></trkpt><trkpt lat="37.966368" lon="-122.691651"><ele>455.3</ele></trkpt><trkpt lat="37.966362" lon="-122.691604"><ele>455.3</ele></trkpt><trkpt lat="37.966389" lon="-122.691432"><ele>455.1</ele></trkpt><trkpt lat="37.966406" lon="-122.691227"><ele>454.9</ele></trkpt><trkpt lat="37.966407" lon="-122.691162"><ele>454.8</ele></trkpt><trkpt lat="37.966395" lon="-122.691113"><ele>454.8</ele></trkpt><trkpt lat="37.966291" lon="-122.690870"><ele>454.7</ele></trkpt><trkpt lat="37.966177" lon="-122.690584"><ele>454.6</ele></trkpt><trkpt lat="37.966036" lon="-122.690238"><ele>454.5</ele></trkpt><trkpt lat="37.965877" lon="-122.690008"><ele>454.6</ele></trkpt><trkpt lat="37.965757" lon="-122.689731"><ele>454.7</ele></trkpt><trkpt lat="37.965640" lon="-122.689528"><ele>454.8</ele></trkpt><trkpt lat="37.965456" lon="-122.689355"><ele>456.3</ele></trkpt><trkpt lat="37.965308" lon="-122.689109"><ele>458.0</ele></trkpt><trkpt lat="37.965167" lon="-122.688858"><ele>459.7</ele></trkpt><trkpt lat="37.965076" lon="-122.688804"><ele>460.4</ele></trkpt><trkpt lat="37.964983" lon="-122.688780"><ele>461.1</ele></trkpt><trkpt lat="37.964870" lon="-122.688703"><ele>462.0</ele></trkpt><trkpt lat="37.964708" lon="-122.688694"><ele>463.2</ele></trkpt><trkpt lat="37.964379" lon="-122.688578"><ele>465.4</ele></trkpt><trkpt lat="37.964274" lon="-122.688528"><ele>465.9</ele></trkpt><trkpt lat="37.964195" lon="-122.688425"><ele>466.5</ele></trkpt><trkpt lat="37.964071" lon="-122.688243"><ele>467.5</ele></trkpt><trkpt lat="37.963965" lon="-122.688072"><ele>468.3</ele></trkpt><trkpt lat="37.963850" lon="-122.687958"><ele>469.1</ele></trkpt><trkpt lat="37.963698" lon="-122.687886"><ele>470.0</ele></trkpt><trkpt lat="37.963509" lon="-122.687839"><ele>471.1</ele></trkpt><trkpt lat="37.963378" lon="-122.687768"><ele>471.9</ele></trkpt><trkpt lat="37.963290" lon="-122.687657"><ele>472.5</ele></trkpt><trkpt lat="37.963227" lon="-122.687539"><ele>472.8</ele></trkpt><trkpt lat="37.963142" lon="-122.687428"><ele>473.1</ele></trkpt><trkpt lat="37.963098" lon="-122.687275"><ele>473.4</ele></trkpt><trkpt lat="37.963097" lon="-122.687034"><ele>473.9</ele></trkpt><trkpt lat="37.963114" lon="-122.686800"><ele>474.4</ele></trkpt><trkpt lat="37.963104" lon="-122.686686"><ele>474.6</ele></trkpt><trkpt lat="37.963039" lon="-122.686622"><ele>474.9</ele></trkpt><trkpt lat="37.962850" lon="-122.686532"><ele>475.5</ele></trkpt><trkpt lat="37.962680" lon="-122.686467"><ele>476.0</ele></trkpt><trkpt lat="37.962499" lon="-122.686395"><ele>476.3</ele></trkpt><trkpt lat="37.962353" lon="-122.686265"><ele>475.9</ele></trkpt><trkpt lat="37.962197" lon="-122.686089"><ele>475.5</ele></trkpt><trkpt lat="37.962117" lon="-122.685902"><ele>475.1</ele></trkpt><trkpt lat="37.962076" lon="-122.685697"><ele>474.8</ele></trkpt><trkpt lat="37.961989" lon="-122.685510"><ele>474.4</ele></trkpt><trkpt lat="37.961920" lon="-122.685363"><ele>474.1</ele></trkpt><trkpt lat="37.961898" lon="-122.685055"><ele>473.6</ele></trkpt><trkpt lat="37.961919" lon="-122.684762"><ele>473.0</ele></trkpt><trkpt lat="37.961924" lon="-122.684488"><ele>472.5</ele></trkpt><trkpt lat="37.961884" lon="-122.684233"><ele>472.0</ele></trkpt><trkpt lat="37.961826" lon="-122.684066"><ele>471.6</ele></trkpt><trkpt lat="37.961747" lon="-122.683960"><ele>471.5</ele></trkpt><trkpt lat="37.961636" lon="-122.683856"><ele>471.3</ele></trkpt><trkpt lat="37.961511" lon="-122.683826"><ele>471.2</ele></trkpt><trkpt lat="37.961346" lon="-122.683838"><ele>471.1</ele></trkpt><trkpt lat="37.961264" lon="-122.683811"><ele>471.0</ele></trkpt><trkpt lat="37.961102" lon="-122.683680"><ele>471.0</ele></trkpt><trkpt lat="37.960976" lon="-122.683619"><ele>471.1</ele></trkpt><trkpt lat="37.960725" lon="-122.683670"><ele>471.3</ele></trkpt><trkpt lat="37.960565" lon="-122.683681"><ele>471.4</ele></trkpt><trkpt lat="37.960471" lon="-122.683652"><ele>471.5</ele></trkpt><trkpt lat="37.960403" lon="-122.683520"><ele>472.0</ele></trkpt><trkpt lat="37.960341" lon="-122.683327"><ele>472.7</ele></trkpt><trkpt lat="37.960238" lon="-122.683138"><ele>473.5</ele></trkpt><trkpt lat="37.960119" lon="-122.682973"><ele>474.2</ele></trkpt><trkpt lat="37.959981" lon="-122.682802"><ele>474.6</ele></trkpt><trkpt lat="37.959861" lon="-122.682701"><ele>474.7</ele></trkpt><trkpt lat="37.959737" lon="-122.682695"><ele>474.7</ele></trkpt><trkpt lat="37.959621" lon="-122.682720"><ele>474.8</ele></trkpt><trkpt lat="37.959484" lon="-122.682830"><ele>474.8</ele></trkpt><trkpt lat="37.959357" lon="-122.682936"><ele>474.6</ele></trkpt><trkpt lat="37.959301" lon="-122.683014"><ele>474.3</ele></trkpt><trkpt lat="37.959238" lon="-122.683198"><ele>473.8</ele></trkpt><trkpt lat="37.959120" lon="-122.683428"><ele>473.0</ele></trkpt><trkpt lat="37.958975" lon="-122.683599"><ele>472.2</ele></trkpt><trkpt lat="37.958918" lon="-122.683640"><ele>471.7</ele></trkpt><trkpt lat="37.958867" lon="-122.683658"><ele>471.2</ele></trkpt><trkpt lat="37.958826" lon="-122.683649"><ele>470.9</ele></trkpt><trkpt lat="37.958763" lon="-122.683616"><ele>470.3</ele></trkpt><trkpt lat="37.958674" lon="-122.683553"><ele>469.5</ele></trkpt><trkpt lat="37.958566" lon="-122.683508"><ele>468.5</ele></trkpt><trkpt lat="37.958458" lon="-122.683471"><ele>467.6</ele></trkpt><trkpt lat="37.958356" lon="-122.683461"><ele>466.7</ele></trkpt><trkpt lat="37.958163" lon="-122.683484"><ele>465.7</ele></trkpt><trkpt lat="37.958036" lon="-122.683488"><ele>465.2</ele></trkpt><trkpt lat="37.957957" lon="-122.683470"><ele>464.8</ele></trkpt><trkpt lat="37.957884" lon="-122.683420"><ele>464.5</ele></trkpt><trkpt lat="37.957814" lon="-122.683346"><ele>464.1</ele></trkpt><trkpt lat="37.957754" lon="-122.683244"><ele>463.7</ele></trkpt><trkpt lat="37.957680" lon="-122.683016"><ele>463.5</ele></trkpt><trkpt lat="37.957641" lon="-122.682945"><ele>463.6</ele></trkpt><trkpt lat="37.957580" lon="-122.682908"><ele>463.7</ele></trkpt><trkpt lat="37.957450" lon="-122.682782"><ele>464.0</ele></trkpt><trkpt lat="37.957378" lon="-122.682706"><ele>464.1</ele></trkpt><trkpt lat="37.957220" lon="-122.682531"><ele>464.5</ele></trkpt><trkpt lat="37.957062" lon="-122.682357"><ele>465.3</ele></trkpt><trkpt lat="37.956980" lon="-122.682299"><ele>465.7</ele></trkpt><trkpt lat="37.956855" lon="-122.682225"><ele>466.3</ele></trkpt><trkpt lat="37.956473" lon="-122.682034"><ele>468.2</ele></trkpt><trkpt lat="37.956412" lon="-122.681991"><ele>468.6</ele></trkpt><trkpt lat="37.956329" lon="-122.681902"><ele>469.2</ele></trkpt><trkpt lat="37.956173" lon="-122.681723"><ele>470.3</ele></trkpt><trkpt lat="37.955958" lon="-122.681298"><ele>472.4</ele></trkpt><trkpt lat="37.955862" lon="-122.681155"><ele>473.2</ele></trkpt><trkpt lat="37.955756" lon="-122.681007"><ele>474.0</ele></trkpt><trkpt lat="37.955701" lon="-122.680946"><ele>474.3</ele></trkpt><trkpt lat="37.955602" lon="-122.680867"><ele>474.9</ele></trkpt><trkpt lat="37.955519" lon="-122.680831"><ele>475.3</ele></trkpt><trkpt lat="37.955465" lon="-122.680816"><ele>475.6</ele></trkpt><trkpt lat="37.955297" lon="-122.680813"><ele>476.3</ele></trkpt><trkpt lat="37.955196" lon="-122.680790"><ele>476.7</ele></trkpt><trkpt lat="37.955160" lon="-122.680761"><ele>476.9</ele></trkpt><trkpt lat="37.955062" lon="-122.680622"><ele>477.5</ele></trkpt><trkpt lat="37.954987" lon="-122.680470"><ele>478.2</ele></trkpt><trkpt lat="37.954904" lon="-122.680279"><ele>478.8</ele></trkpt><trkpt lat="37.954885" lon="-122.680211"><ele>479.0</ele></trkpt><trkpt lat="37.954876" lon="-122.680001"><ele>479.7</ele></trkpt><trkpt lat="37.954877" lon="-122.679788"><ele>480.3</ele></trkpt><trkpt lat="37.954870" lon="-122.679741"><ele>480.4</ele></trkpt><trkpt lat="37.954844" lon="-122.679673"><ele>480.7</ele></trkpt><trkpt lat="37.954543" lon="-122.679322"><ele>482.9</ele></trkpt><trkpt lat="37.954367" lon="-122.678962"><ele>484.9</ele></trkpt><trkpt lat="37.954358" lon="-122.678913"><ele>485.1</ele></trkpt><trkpt lat="37.954357" lon="-122.678660"><ele>486.4</ele></trkpt><trkpt lat="37.954350" lon="-122.678626"><ele>486.5</ele></trkpt><trkpt lat="37.954323" lon="-122.678575"><ele>486.8</ele></trkpt><trkpt lat="37.954282" lon="-122.678535"><ele>487.2</ele></trkpt><trkpt lat="37.954232" lon="-122.678503"><ele>487.5</ele></trkpt><trkpt lat="37.954094" lon="-122.678467"><ele>488.4</ele></trkpt><trkpt lat="37.954065" lon="-122.678436"><ele>488.6</ele></trkpt><trkpt lat="37.954055" lon="-122.678401"><ele>488.8</ele></trkpt><trkpt lat="37.954016" lon="-122.678210"><ele>489.8</ele></trkpt><trkpt lat="37.953953" lon="-122.677784"><ele>490.7</ele></trkpt><trkpt lat="37.953959" lon="-122.677690"><ele>490.9</ele></trkpt><trkpt lat="37.953975" lon="-122.677575"><ele>491.1</ele></trkpt><trkpt lat="37.953976" lon="-122.677478"><ele>491.3</ele></trkpt><trkpt lat="37.953966" lon="-122.677388"><ele>491.5</ele></trkpt><trkpt lat="37.953941" lon="-122.677326"><ele>491.6</ele></trkpt><trkpt lat="37.953886" lon="-122.677272"><ele>491.9</ele></trkpt><trkpt lat="37.953815" lon="-122.677218"><ele>492.2</ele></trkpt><trkpt lat="37.953637" lon="-122.677121"><ele>492.8</ele></trkpt><trkpt lat="37.953612" lon="-122.677095"><ele>492.9</ele></trkpt><trkpt lat="37.953595" lon="-122.677061"><ele>493.0</ele></trkpt><trkpt lat="37.953567" lon="-122.676952"><ele>493.3</ele></trkpt><trkpt lat="37.953502" lon="-122.676745"><ele>493.9</ele></trkpt><trkpt lat="37.953502" lon="-122.676745"><ele>493.9</ele></trkpt><trkpt lat="37.953457" lon="-122.676698"><ele>494.1</ele></trkpt><trkpt lat="37.953401" lon="-122.676674"><ele>494.5</ele></trkpt><trkpt lat="37.953345" lon="-122.676668"><ele>494.8</ele></trkpt><trkpt lat="37.953299" lon="-122.676679"><ele>495.0</ele></trkpt><trkpt lat="37.953125" lon="-122.676784"><ele>496.1</ele></trkpt><trkpt lat="37.953055" lon="-122.676816"><ele>496.5</ele></trkpt><trkpt lat="37.952958" lon="-122.676819"><ele>497.0</ele></trkpt><trkpt lat="37.952833" lon="-122.676811"><ele>497.7</ele></trkpt><trkpt lat="37.952726" lon="-122.676767"><ele>498.1</ele></trkpt><trkpt lat="37.952607" lon="-122.676666"><ele>498.3</ele></trkpt><trkpt lat="37.952443" lon="-122.676474"><ele>498.6</ele></trkpt><trkpt lat="37.952263" lon="-122.676368"><ele>498.8</ele></trkpt><trkpt lat="37.952088" lon="-122.676321"><ele>498.3</ele></trkpt><trkpt lat="37.951844" lon="-122.676242"><ele>496.2</ele></trkpt><trkpt lat="37.951619" lon="-122.676220"><ele>494.3</ele></trkpt><trkpt lat="37.951483" lon="-122.676169"><ele>493.1</ele></trkpt><trkpt lat="37.951361" lon="-122.676090"><ele>491.3</ele></trkpt><trkpt lat="37.951299" lon="-122.676011"><ele>490.1</ele></trkpt><trkpt lat="37.951301" lon="-122.675925"><ele>489.1</ele></trkpt><trkpt lat="37.951326" lon="-122.675842"><ele>488.1</ele></trkpt><trkpt lat="37.951564" lon="-122.675637"><ele>484.0</ele></trkpt><trkpt lat="37.951602" lon="-122.675590"><ele>483.2</ele></trkpt><trkpt lat="37.951646" lon="-122.675446"><ele>481.9</ele></trkpt><trkpt lat="37.951740" lon="-122.675220"><ele>480.0</ele></trkpt><trkpt lat="37.951873" lon="-122.675057"><ele>478.3</ele></trkpt><trkpt lat="37.952065" lon="-122.674876"><ele>476.1</ele></trkpt><trkpt lat="37.952100" lon="-122.674816"><ele>475.8</ele></trkpt><trkpt lat="37.952113" lon="-122.674758"><ele>475.9</ele></trkpt><trkpt lat="37.952105" lon="-122.674700"><ele>475.9</ele></trkpt><trkpt lat="37.952070" lon="-122.674575"><ele>476.0</ele></trkpt><trkpt lat="37.951966" lon="-122.674401"><ele>476.1</ele></trkpt><trkpt lat="37.951897" lon="-122.674232"><ele>476.3</ele></trkpt><trkpt lat="37.951861" lon="-122.674006"><ele>476.6</ele></trkpt><trkpt lat="37.951815" lon="-122.673775"><ele>477.8</ele></trkpt><trkpt lat="37.951747" lon="-122.673598"><ele>478.9</ele></trkpt><trkpt lat="37.951679" lon="-122.673459"><ele>479.7</ele></trkpt><trkpt lat="37.951602" lon="-122.673343"><ele>480.5</ele></trkpt><trkpt lat="37.951390" lon="-122.673125"><ele>482.3</ele></trkpt><trkpt lat="37.951345" lon="-122.673085"><ele>482.7</ele></trkpt><trkpt lat="37.951218" lon="-122.672963"><ele>483.7</ele></trkpt><trkpt lat="37.951090" lon="-122.672840"><ele>484.7</ele></trkpt><trkpt lat="37.950918" lon="-122.672799"><ele>485.8</ele></trkpt><trkpt lat="37.950721" lon="-122.672819"><ele>486.1</ele></trkpt><trkpt lat="37.950547" lon="-122.672844"><ele>486.3</ele></trkpt><trkpt lat="37.950409" lon="-122.672798"><ele>486.5</ele></trkpt><trkpt lat="37.950281" lon="-122.672668"><ele>486.7</ele></trkpt><trkpt lat="37.950203" lon="-122.672514"><ele>487.0</ele></trkpt><trkpt lat="37.950189" lon="-122.672300"><ele>487.3</ele></trkpt><trkpt lat="37.950166" lon="-122.672079"><ele>487.7</ele></trkpt><trkpt lat="37.950093" lon="-122.671854"><ele>488.1</ele></trkpt><trkpt lat="37.949997" lon="-122.671614"><ele>489.1</ele></trkpt><trkpt lat="37.949874" lon="-122.671412"><ele>490.5</ele></trkpt><trkpt lat="37.949785" lon="-122.671302"><ele>491.3</ele></trkpt><trkpt lat="37.949681" lon="-122.671190"><ele>492.2</ele></trkpt><trkpt lat="37.949552" lon="-122.671054"><ele>493.4</ele></trkpt><trkpt lat="37.949403" lon="-122.670854"><ele>495.1</ele></trkpt><trkpt lat="37.949331" lon="-122.670689"><ele>496.3</ele></trkpt><trkpt lat="37.949310" lon="-122.670551"><ele>497.2</ele></trkpt><trkpt lat="37.949309" lon="-122.670397"><ele>498.2</ele></trkpt><trkpt lat="37.949282" lon="-122.670251"><ele>499.0</ele></trkpt><trkpt lat="37.949224" lon="-122.670079"><ele>499.5</ele></trkpt><trkpt lat="37.949179" lon="-122.669887"><ele>500.1</ele></trkpt><trkpt lat="37.949151" lon="-122.669647"><ele>500.7</ele></trkpt><trkpt lat="37.949104" lon="-122.669426"><ele>501.4</ele></trkpt><trkpt lat="37.949049" lon="-122.669199"><ele>500.5</ele></trkpt><trkpt lat="37.949009" lon="-122.669055"><ele>499.9</ele></trkpt><trkpt lat="37.948956" lon="-122.668958"><ele>499.4</ele></trkpt><trkpt lat="37.948778" lon="-122.668869"><ele>498.5</ele></trkpt><trkpt lat="37.948606" lon="-122.668798"><ele>497.5</ele></trkpt><trkpt lat="37.948457" lon="-122.668732"><ele>496.4</ele></trkpt><trkpt lat="37.948317" lon="-122.668686"><ele>495.5</ele></trkpt><trkpt lat="37.948160" lon="-122.668686"><ele>494.4</ele></trkpt><trkpt lat="37.947993" lon="-122.668741"><ele>493.3</ele></trkpt><trkpt lat="37.947799" lon="-122.668808"><ele>492.4</ele></trkpt><trkpt lat="37.947653" lon="-122.668892"><ele>491.8</ele></trkpt><trkpt lat="37.947456" lon="-122.669042"><ele>491.0</ele></trkpt><trkpt lat="37.947352" lon="-122.669089"><ele>490.7</ele></trkpt><trkpt lat="37.947237" lon="-122.669090"><ele>490.7</ele></trkpt><trkpt lat="37.947129" lon="-122.669046"><ele>491.3</ele></trkpt><trkpt lat="37.947069" lon="-122.668960"><ele>491.8</ele></trkpt><trkpt lat="37.947032" lon="-122.668833"><ele>492.4</ele></trkpt><trkpt lat="37.947019" lon="-122.668686"><ele>493.0</ele></trkpt><trkpt lat="37.947031" lon="-122.668505"><ele>493.8</ele></trkpt><trkpt lat="37.947034" lon="-122.668342"><ele>494.5</ele></trkpt><trkpt lat="37.946950" lon="-122.668025"><ele>496.1</ele></trkpt><trkpt lat="37.946932" lon="-122.667854"><ele>496.9</ele></trkpt><trkpt lat="37.946948" lon="-122.667635"><ele>497.9</ele></trkpt><trkpt lat="37.946980" lon="-122.667441"><ele>498.7</ele></trkpt><trkpt lat="37.946991" lon="-122.667249"><ele>498.8</ele></trkpt><trkpt lat="37.946964" lon="-122.667084"><ele>498.9</ele></trkpt><trkpt lat="37.946883" lon="-122.666886"><ele>499.1</ele></trkpt><trkpt lat="37.946788" lon="-122.666655"><ele>499.2</ele></trkpt><trkpt lat="37.946698" lon="-122.666500"><ele>498.6</ele></trkpt><trkpt lat="37.946607" lon="-122.666314"><ele>497.7</ele></trkpt><trkpt lat="37.946539" lon="-122.666122"><ele>496.9</ele></trkpt><trkpt lat="37.946524" lon="-122.665931"><ele>496.1</ele></trkpt><trkpt lat="37.946501" lon="-122.665743"><ele>495.4</ele></trkpt><trkpt lat="37.946443" lon="-122.665552"><ele>494.8</ele></trkpt><trkpt lat="37.946357" lon="-122.665363"><ele>494.1</ele></trkpt><trkpt lat="37.946280" lon="-122.665184"><ele>493.5</ele></trkpt><trkpt lat="37.946219" lon="-122.665008"><ele>493.0</ele></trkpt><trkpt lat="37.946165" lon="-122.664890"><ele>492.8</ele></trkpt><trkpt lat="37.946060" lon="-122.664777"><ele>492.6</ele></trkpt><trkpt lat="37.946028" lon="-122.664664"><ele>492.5</ele></trkpt><trkpt lat="37.946010" lon="-122.664519"><ele>492.3</ele></trkpt><trkpt lat="37.945939" lon="-122.664389"><ele>492.2</ele></trkpt><trkpt lat="37.945871" lon="-122.664306"><ele>492.0</ele></trkpt><trkpt lat="37.945745" lon="-122.664212"><ele>492.0</ele></trkpt><trkpt lat="37.945605" lon="-122.664133"><ele>492.1</ele></trkpt><trkpt lat="37.945495" lon="-122.664016"><ele>492.3</ele></trkpt><trkpt lat="37.945437" lon="-122.663847"><ele>492.4</ele></trkpt><trkpt lat="37.945432" lon="-122.663637"><ele>492.5</ele></trkpt><trkpt lat="37.945423" lon="-122.663451"><ele>492.5</ele></trkpt><trkpt lat="37.945376" lon="-122.663298"><ele>492.4</ele></trkpt><trkpt lat="37.945274" lon="-122.663152"><ele>492.2</ele></trkpt><trkpt lat="37.945102" lon="-122.662987"><ele>492.0</ele></trkpt><trkpt lat="37.944975" lon="-122.662885"><ele>491.9</ele></trkpt><trkpt lat="37.944826" lon="-122.662748"><ele>491.6</ele></trkpt><trkpt lat="37.944645" lon="-122.662581"><ele>491.2</ele></trkpt><trkpt lat="37.944483" lon="-122.662421"><ele>490.9</ele></trkpt><trkpt lat="37.944297" lon="-122.662312"><ele>490.3</ele></trkpt><trkpt lat="37.944185" lon="-122.662217"><ele>489.8</ele></trkpt><trkpt lat="37.944086" lon="-122.662003"><ele>489.1</ele></trkpt><trkpt lat="37.943949" lon="-122.661831"><ele>488.5</ele></trkpt><trkpt lat="37.943759" lon="-122.661669"><ele>487.5</ele></trkpt><trkpt lat="37.943588" lon="-122.661479"><ele>486.4</ele></trkpt><trkpt lat="37.943464" lon="-122.661371"><ele>485.8</ele></trkpt><trkpt lat="37.943345" lon="-122.661326"><ele>485.2</ele></trkpt><trkpt lat="37.943106" lon="-122.661347"><ele>484.4</ele></trkpt><trkpt lat="37.942983" lon="-122.661328"><ele>484.0</ele></trkpt><trkpt lat="37.942881" lon="-122.661272"><ele>483.7</ele></trkpt><trkpt lat="37.942823" lon="-122.661152"><ele>483.4</ele></trkpt><trkpt lat="37.942782" lon="-122.661017"><ele>483.0</ele></trkpt><trkpt lat="37.942735" lon="-122.660920"><ele>482.8</ele></trkpt><trkpt lat="37.942637" lon="-122.660837"><ele>482.4</ele></trkpt><trkpt lat="37.942518" lon="-122.660796"><ele>482.0</ele></trkpt><trkpt lat="37.942374" lon="-122.660798"><ele>481.5</ele></trkpt><trkpt lat="37.942270" lon="-122.660787"><ele>481.1</ele></trkpt><trkpt lat="37.942196" lon="-122.660739"><ele>480.8</ele></trkpt><trkpt lat="37.942147" lon="-122.660626"><ele>480.5</ele></trkpt><trkpt lat="37.942116" lon="-122.660498"><ele>480.3</ele></trkpt><trkpt lat="37.942095" lon="-122.660256"><ele>480.0</ele></trkpt><trkpt lat="37.942063" lon="-122.660076"><ele>479.8</ele></trkpt><trkpt lat="37.941988" lon="-122.659938"><ele>479.7</ele></trkpt><trkpt lat="37.941732" lon="-122.659709"><ele>479.1</ele></trkpt><trkpt lat="37.941532" lon="-122.659543"><ele>478.5</ele></trkpt><trkpt lat="37.941415" lon="-122.659458"><ele>478.2</ele></trkpt><trkpt lat="37.941350" lon="-122.659433"><ele>478.0</ele></trkpt><trkpt lat="37.941228" lon="-122.659472"><ele>477.7</ele></trkpt><trkpt lat="37.941069" lon="-122.659586"><ele>476.9</ele></trkpt><trkpt lat="37.941005" lon="-122.659610"><ele>476.6</ele></trkpt><trkpt lat="37.940951" lon="-122.659593"><ele>476.3</ele></trkpt><trkpt lat="37.940936" lon="-122.659534"><ele>476.1</ele></trkpt><trkpt lat="37.940935" lon="-122.659444"><ele>475.8</ele></trkpt><trkpt lat="37.940877" lon="-122.658997"><ele>473.9</ele></trkpt><trkpt lat="37.940825" lon="-122.658819"><ele>472.5</ele></trkpt><trkpt lat="37.940761" lon="-122.658690"><ele>471.4</ele></trkpt><trkpt lat="37.940638" lon="-122.658558"><ele>469.9</ele></trkpt><trkpt lat="37.940447" lon="-122.658385"><ele>467.7</ele></trkpt><trkpt lat="37.940294" lon="-122.658318"><ele>466.3</ele></trkpt><trkpt lat="37.940203" lon="-122.658300"><ele>465.5</ele></trkpt><trkpt lat="37.939640" lon="-122.658449"><ele>461.1</ele></trkpt><trkpt lat="37.939437" lon="-122.658555"><ele>460.3</ele></trkpt><trkpt lat="37.939396" lon="-122.658496"><ele>460.1</ele></trkpt><trkpt lat="37.939370" lon="-122.658445"><ele>459.9</ele></trkpt><trkpt lat="37.939362" lon="-122.658402"><ele>459.7</ele></trkpt><trkpt lat="37.939365" lon="-122.658368"><ele>459.6</ele></trkpt><trkpt lat="37.939287" lon="-122.658360"><ele>459.3</ele></trkpt><trkpt lat="37.939241" lon="-122.658345"><ele>459.2</ele></trkpt><trkpt lat="37.939184" lon="-122.658321"><ele>458.9</ele></trkpt><trkpt lat="37.939132" lon="-122.658294"><ele>458.7</ele></trkpt><trkpt lat="37.938909" lon="-122.658104"><ele>458.5</ele></trkpt><trkpt lat="37.938855" lon="-122.658072"><ele>458.4</ele></trkpt><trkpt lat="37.938792" lon="-122.658042"><ele>458.4</ele></trkpt><trkpt lat="37.938716" lon="-122.658017"><ele>458.3</ele></trkpt><trkpt lat="37.938656" lon="-122.658005"><ele>458.3</ele></trkpt><trkpt lat="37.938342" lon="-122.658008"><ele>458.0</ele></trkpt><trkpt lat="37.938309" lon="-122.657992"><ele>457.9</ele></trkpt><trkpt lat="37.938275" lon="-122.657956"><ele>457.9</ele></trkpt><trkpt lat="37.938251" lon="-122.657915"><ele>457.8</ele></trkpt><trkpt lat="37.938228" lon="-122.657868"><ele>457.8</ele></trkpt><trkpt lat="37.938119" lon="-122.657402"><ele>457.3</ele></trkpt><trkpt lat="37.938093" lon="-122.657342"><ele>457.2</ele></trkpt><trkpt lat="37.938058" lon="-122.657290"><ele>457.0</ele></trkpt><trkpt lat="37.938008" lon="-122.657237"><ele>456.8</ele></trkpt><trkpt lat="37.937960" lon="-122.657205"><ele>456.6</ele></trkpt><trkpt lat="37.937757" lon="-122.657104"><ele>455.9</ele></trkpt><trkpt lat="37.937633" lon="-122.657044"><ele>455.4</ele></trkpt><trkpt lat="37.937470" lon="-122.657011"><ele>454.9</ele></trkpt><trkpt lat="37.937366" lon="-122.656992"><ele>454.9</ele></trkpt><trkpt lat="37.937257" lon="-122.656974"><ele>455.0</ele></trkpt><trkpt lat="37.937085" lon="-122.656961"><ele>455.2</ele></trkpt><trkpt lat="37.937027" lon="-122.656939"><ele>455.3</ele></trkpt><trkpt lat="37.936971" lon="-122.656912"><ele>455.4</ele></trkpt><trkpt lat="37.936928" lon="-122.656880"><ele>455.4</ele></trkpt><trkpt lat="37.936897" lon="-122.656852"><ele>455.5</ele></trkpt><trkpt lat="37.936871" lon="-122.656810"><ele>455.5</ele></trkpt><trkpt lat="37.936848" lon="-122.656764"><ele>455.6</ele></trkpt><trkpt lat="37.936826" lon="-122.656708"><ele>455.6</ele></trkpt><trkpt lat="37.936810" lon="-122.656644"><ele>455.7</ele></trkpt><trkpt lat="37.936801" lon="-122.656578"><ele>455.7</ele></trkpt><trkpt lat="37.936793" lon="-122.656416"><ele>455.8</ele></trkpt><trkpt lat="37.936791" lon="-122.656177"><ele>455.8</ele></trkpt><trkpt lat="37.936786" lon="-122.656095"><ele>455.9</ele></trkpt><trkpt lat="37.936779" lon="-122.656030"><ele>455.9</ele></trkpt><trkpt lat="37.936769" lon="-122.655956"><ele>455.9</ele></trkpt><trkpt lat="37.936756" lon="-122.655895"><ele>455.9</ele></trkpt><trkpt lat="37.936735" lon="-122.655835"><ele>456.0</ele></trkpt><trkpt lat="37.936653" lon="-122.655603"><ele>456.3</ele></trkpt><trkpt lat="37.936539" lon="-122.655383"><ele>456.6</ele></trkpt><trkpt lat="37.936454" lon="-122.655231"><ele>456.9</ele></trkpt><trkpt lat="37.936383" lon="-122.655130"><ele>457.0</ele></trkpt><trkpt lat="37.936338" lon="-122.655060"><ele>457.2</ele></trkpt><trkpt lat="37.936282" lon="-122.654954"><ele>457.1</ele></trkpt><trkpt lat="37.936247" lon="-122.654853"><ele>456.9</ele></trkpt><trkpt lat="37.936202" lon="-122.654699"><ele>456.7</ele></trkpt><trkpt lat="37.936134" lon="-122.654468"><ele>456.4</ele></trkpt><trkpt lat="37.936068" lon="-122.654321"><ele>456.2</ele></trkpt><trkpt lat="37.935988" lon="-122.654188"><ele>456.0</ele></trkpt><trkpt lat="37.935789" lon="-122.653943"><ele>456.2</ele></trkpt><trkpt lat="37.935739" lon="-122.653864"><ele>456.3</ele></trkpt><trkpt lat="37.935689" lon="-122.653762"><ele>456.4</ele></trkpt><trkpt lat="37.935536" lon="-122.653377"><ele>456.5</ele></trkpt><trkpt lat="37.935346" lon="-122.652899"><ele>456.4</ele></trkpt><trkpt lat="37.935330" lon="-122.652830"><ele>456.3</ele></trkpt><trkpt lat="37.935323" lon="-122.652763"><ele>456.3</ele></trkpt><trkpt lat="37.935317" lon="-122.652569"><ele>456.5</ele></trkpt><trkpt lat="37.935328" lon="-122.652483"><ele>456.8</ele></trkpt><trkpt lat="37.935342" lon="-122.652403"><ele>457.0</ele></trkpt><trkpt lat="37.935364" lon="-122.652312"><ele>457.2</ele></trkpt><trkpt lat="37.935453" lon="-122.652027"><ele>458.0</ele></trkpt><trkpt lat="37.935577" lon="-122.651603"><ele>459.8</ele></trkpt><trkpt lat="37.935773" lon="-122.650998"><ele>463.5</ele></trkpt><trkpt lat="37.935796" lon="-122.650898"><ele>464.2</ele></trkpt><trkpt lat="37.935799" lon="-122.650774"><ele>465.3</ele></trkpt><trkpt lat="37.935780" lon="-122.650663"><ele>466.3</ele></trkpt><trkpt lat="37.935741" lon="-122.650562"><ele>467.3</ele></trkpt><trkpt lat="37.935079" lon="-122.649161"><ele>482.0</ele></trkpt><trkpt lat="37.934710" lon="-122.648370"><ele>487.8</ele></trkpt><trkpt lat="37.934275" lon="-122.647486"><ele>491.8</ele></trkpt><trkpt lat="37.933914" lon="-122.646689"><ele>492.8</ele></trkpt><trkpt lat="37.933828" lon="-122.646549"><ele>492.9</ele></trkpt><trkpt lat="37.933747" lon="-122.646457"><ele>493.0</ele></trkpt><trkpt lat="37.933657" lon="-122.646395"><ele>493.1</ele></trkpt><trkpt lat="37.933565" lon="-122.646368"><ele>493.2</ele></trkpt><trkpt lat="37.933413" lon="-122.646333"><ele>493.8</ele></trkpt><trkpt lat="37.933303" lon="-122.646298"><ele>494.3</ele></trkpt><trkpt lat="37.933138" lon="-122.646201"><ele>495.0</ele></trkpt><trkpt lat="37.932828" lon="-122.645993"><ele>496.7</ele></trkpt><trkpt lat="37.932297" lon="-122.645698"><ele>500.6</ele></trkpt><trkpt lat="37.932135" lon="-122.645592"><ele>502.3</ele></trkpt><trkpt lat="37.931961" lon="-122.645464"><ele>504.3</ele></trkpt><trkpt lat="37.931840" lon="-122.645383"><ele>505.7</ele></trkpt><trkpt lat="37.931711" lon="-122.645305"><ele>507.1</ele></trkpt><trkpt lat="37.931532" lon="-122.645211"><ele>508.7</ele></trkpt><trkpt lat="37.931383" lon="-122.645126"><ele>509.6</ele></trkpt><trkpt lat="37.931098" lon="-122.644945"><ele>511.2</ele></trkpt><trkpt lat="37.930885" lon="-122.644811"><ele>512.0</ele></trkpt><trkpt lat="37.930705" lon="-122.644713"><ele>511.6</ele></trkpt><trkpt lat="37.930517" lon="-122.644623"><ele>511.3</ele></trkpt><trkpt lat="37.930080" lon="-122.644428"><ele>509.7</ele></trkpt><trkpt lat="37.929775" lon="-122.644270"><ele>507.9</ele></trkpt><trkpt lat="37.929504" lon="-122.644069"><ele>506.3</ele></trkpt><trkpt lat="37.929123" lon="-122.643729"><ele>503.9</ele></trkpt><trkpt lat="37.928728" lon="-122.643394"><ele>503.4</ele></trkpt><trkpt lat="37.928074" lon="-122.642789"><ele>504.1</ele></trkpt><trkpt lat="37.927721" lon="-122.642497"><ele>504.8</ele></trkpt><trkpt lat="37.927533" lon="-122.642369"><ele>505.3</ele></trkpt><trkpt lat="37.927346" lon="-122.642231"><ele>505.9</ele></trkpt><trkpt lat="37.927154" lon="-122.642052"><ele>506.3</ele></trkpt><trkpt lat="37.926948" lon="-122.641833"><ele>506.4</ele></trkpt><trkpt lat="37.926736" lon="-122.641620"><ele>506.5</ele></trkpt><trkpt lat="37.926555" lon="-122.641453"><ele>506.8</ele></trkpt><trkpt lat="37.926363" lon="-122.641266"><ele>507.3</ele></trkpt><trkpt lat="37.926263" lon="-122.641186"><ele>507.6</ele></trkpt><trkpt lat="37.926159" lon="-122.641131"><ele>507.8</ele></trkpt><trkpt lat="37.926008" lon="-122.641073"><ele>508.3</ele></trkpt><trkpt lat="37.925895" lon="-122.641018"><ele>509.2</ele></trkpt><trkpt lat="37.925786" lon="-122.640951"><ele>510.0</ele></trkpt><trkpt lat="37.925710" lon="-122.640906"><ele>510.6</ele></trkpt><trkpt lat="37.925648" lon="-122.640881"><ele>511.1</ele></trkpt><trkpt lat="37.925563" lon="-122.640861"><ele>511.7</ele></trkpt><trkpt lat="37.925463" lon="-122.640828"><ele>512.4</ele></trkpt><trkpt lat="37.925355" lon="-122.640773"><ele>513.3</ele></trkpt><trkpt lat="37.925212" lon="-122.640688"><ele>515.2</ele></trkpt><trkpt lat="37.924773" lon="-122.640479"><ele>521.1</ele></trkpt><trkpt lat="37.924675" lon="-122.640424"><ele>522.5</ele></trkpt><trkpt lat="37.924609" lon="-122.640367"><ele>523.1</ele></trkpt><trkpt lat="37.924553" lon="-122.640284"><ele>523.9</ele></trkpt><trkpt lat="37.924520" lon="-122.640196"><ele>524.5</ele></trkpt><trkpt lat="37.924513" lon="-122.640106"><ele>525.1</ele></trkpt><trkpt lat="37.924531" lon="-122.640003"><ele>525.8</ele></trkpt><trkpt lat="37.924587" lon="-122.639888"><ele>526.7</ele></trkpt><trkpt lat="37.924678" lon="-122.639780"><ele>527.8</ele></trkpt><trkpt lat="37.924779" lon="-122.639674"><ele>528.7</ele></trkpt><trkpt lat="37.924812" lon="-122.639631"><ele>528.9</ele></trkpt><trkpt lat="37.924836" lon="-122.639571"><ele>529.1</ele></trkpt><trkpt lat="37.924846" lon="-122.639512"><ele>529.3</ele></trkpt><trkpt lat="37.924846" lon="-122.639455"><ele>529.5</ele></trkpt><trkpt lat="37.924824" lon="-122.639323"><ele>530.0</ele></trkpt><trkpt lat="37.924787" lon="-122.639191"><ele>530.5</ele></trkpt><trkpt lat="37.924733" lon="-122.639055"><ele>531.0</ele></trkpt><trkpt lat="37.924675" lon="-122.638946"><ele>531.4</ele></trkpt><trkpt lat="37.924635" lon="-122.638882"><ele>531.7</ele></trkpt><trkpt lat="37.924552" lon="-122.638763"><ele>532.1</ele></trkpt><trkpt lat="37.924462" lon="-122.638658"><ele>532.5</ele></trkpt><trkpt lat="37.924162" lon="-122.638332"><ele>533.8</ele></trkpt><trkpt lat="37.924033" lon="-122.638178"><ele>534.7</ele></trkpt><trkpt lat="37.923909" lon="-122.638004"><ele>535.7</ele></trkpt><trkpt lat="37.923744" lon="-122.637738"><ele>537.2</ele></trkpt><trkpt lat="37.923613" lon="-122.637505"><ele>538.5</ele></trkpt><trkpt lat="37.923497" lon="-122.637273"><ele>539.9</ele></trkpt><trkpt lat="37.923349" lon="-122.636875"><ele>542.1</ele></trkpt><trkpt lat="37.923263" lon="-122.636572"><ele>543.7</ele></trkpt><trkpt lat="37.923160" lon="-122.636280"><ele>545.3</ele></trkpt><trkpt lat="37.923056" lon="-122.636010"><ele>546.8</ele></trkpt><trkpt lat="37.922922" lon="-122.635729"><ele>548.3</ele></trkpt><trkpt lat="37.922855" lon="-122.635557"><ele>549.2</ele></trkpt><trkpt lat="37.922774" lon="-122.635287"><ele>550.6</ele></trkpt><trkpt lat="37.922730" lon="-122.635158"><ele>551.2</ele></trkpt><trkpt lat="37.922646" lon="-122.635007"><ele>552.4</ele></trkpt><trkpt lat="37.922528" lon="-122.634841"><ele>554.0</ele></trkpt><trkpt lat="37.922329" lon="-122.634574"><ele>556.6</ele></trkpt><trkpt lat="37.922018" lon="-122.634124"><ele>561.6</ele></trkpt><trkpt lat="37.921938" lon="-122.634002"><ele>563.1</ele></trkpt><trkpt lat="37.921889" lon="-122.633896"><ele>564.2</ele></trkpt><trkpt lat="37.921839" lon="-122.633741"><ele>565.8</ele></trkpt><trkpt lat="37.921799" lon="-122.633611"><ele>567.1</ele></trkpt><trkpt lat="37.921747" lon="-122.633507"><ele>568.3</ele></trkpt><trkpt lat="37.921676" lon="-122.633418"><ele>569.5</ele></trkpt><trkpt lat="37.921587" lon="-122.633335"><ele>570.8</ele></trkpt><trkpt lat="37.921511" lon="-122.633268"><ele>572.0</ele></trkpt><trkpt lat="37.921441" lon="-122.633185"><ele>573.1</ele></trkpt><trkpt lat="37.921395" lon="-122.633091"><ele>574.2</ele></trkpt><trkpt lat="37.921369" lon="-122.632984"><ele>575.2</ele></trkpt><trkpt lat="37.921377" lon="-122.632787"><ele>577.0</ele></trkpt><trkpt lat="37.921374" lon="-122.632678"><ele>578.0</ele></trkpt><trkpt lat="37.921346" lon="-122.632564"><ele>579.1</ele></trkpt><trkpt lat="37.921274" lon="-122.632413"><ele>580.6</ele></trkpt><trkpt lat="37.921161" lon="-122.632230"><ele>582.7</ele></trkpt><trkpt lat="37.921114" lon="-122.632154"><ele>583.3</ele></trkpt><trkpt lat="37.921081" lon="-122.632071"><ele>583.6</ele></trkpt><trkpt lat="37.921033" lon="-122.631922"><ele>584.2</ele></trkpt><trkpt lat="37.920932" lon="-122.631517"><ele>585.8</ele></trkpt><trkpt lat="37.920870" lon="-122.631319"><ele>586.6</ele></trkpt><trkpt lat="37.920632" lon="-122.630608"><ele>588.3</ele></trkpt><trkpt lat="37.920549" lon="-122.630323"><ele>588.6</ele></trkpt><trkpt lat="37.920506" lon="-122.630209"><ele>588.7</ele></trkpt><trkpt lat="37.920445" lon="-122.630095"><ele>588.7</ele></trkpt><trkpt lat="37.920363" lon="-122.629990"><ele>588.8</ele></trkpt><trkpt lat="37.919783" lon="-122.629411"><ele>588.4</ele></trkpt><trkpt lat="37.919349" lon="-122.629015"><ele>588.1</ele></trkpt><trkpt lat="37.919267" lon="-122.628947"><ele>588.1</ele></trkpt><trkpt lat="37.919186" lon="-122.628891"><ele>588.0</ele></trkpt><trkpt lat="37.919037" lon="-122.628819"><ele>588.0</ele></trkpt><trkpt lat="37.918886" lon="-122.628765"><ele>587.8</ele></trkpt><trkpt lat="37.918737" lon="-122.628743"><ele>587.6</ele></trkpt><trkpt lat="37.918593" lon="-122.628741"><ele>587.5</ele></trkpt><trkpt lat="37.918460" lon="-122.628757"><ele>587.3</ele></trkpt><trkpt lat="37.918309" lon="-122.628798"><ele>587.1</ele></trkpt><trkpt lat="37.918028" lon="-122.628886"><ele>589.3</ele></trkpt><trkpt lat="37.917903" lon="-122.628911"><ele>590.5</ele></trkpt><trkpt lat="37.917786" lon="-122.628923"><ele>591.6</ele></trkpt><trkpt lat="37.917673" lon="-122.628921"><ele>592.6</ele></trkpt><trkpt lat="37.917316" lon="-122.628868"><ele>596.8</ele></trkpt><trkpt lat="37.917224" lon="-122.628861"><ele>598.0</ele></trkpt><trkpt lat="37.917034" lon="-122.628858"><ele>600.4</ele></trkpt><trkpt lat="37.916817" lon="-122.628848"><ele>603.2</ele></trkpt><trkpt lat="37.916712" lon="-122.628834"><ele>604.5</ele></trkpt><trkpt lat="37.916627" lon="-122.628806"><ele>605.5</ele></trkpt><trkpt lat="37.916557" lon="-122.628760"><ele>606.5</ele></trkpt><trkpt lat="37.916489" lon="-122.628686"><ele>607.6</ele></trkpt><trkpt lat="37.916421" lon="-122.628569"><ele>609.0</ele></trkpt><trkpt lat="37.916371" lon="-122.628435"><ele>610.4</ele></trkpt><trkpt lat="37.916347" lon="-122.628287"><ele>611.8</ele></trkpt><trkpt lat="37.916359" lon="-122.628135"><ele>612.3</ele></trkpt><trkpt lat="37.916384" lon="-122.628008"><ele>612.7</ele></trkpt><trkpt lat="37.916424" lon="-122.627855"><ele>613.3</ele></trkpt><trkpt lat="37.916435" lon="-122.627746"><ele>613.6</ele></trkpt><trkpt lat="37.916420" lon="-122.627660"><ele>613.9</ele></trkpt><trkpt lat="37.916392" lon="-122.627594"><ele>614.2</ele></trkpt><trkpt lat="37.916337" lon="-122.627522"><ele>614.5</ele></trkpt><trkpt lat="37.916269" lon="-122.627461"><ele>614.7</ele></trkpt><trkpt lat="37.916138" lon="-122.627371"><ele>614.3</ele></trkpt><trkpt lat="37.915938" lon="-122.627241"><ele>613.6</ele></trkpt><trkpt lat="37.915771" lon="-122.627143"><ele>613.1</ele></trkpt><trkpt lat="37.915651" lon="-122.627089"><ele>612.7</ele></trkpt><trkpt lat="37.915443" lon="-122.627004"><ele>612.2</ele></trkpt><trkpt lat="37.915199" lon="-122.626903"><ele>611.7</ele></trkpt><trkpt lat="37.914958" lon="-122.626807"><ele>611.1</ele></trkpt><trkpt lat="37.914668" lon="-122.626689"><ele>610.0</ele></trkpt><trkpt lat="37.914414" lon="-122.626566"><ele>609.0</ele></trkpt><trkpt lat="37.914331" lon="-122.626519"><ele>608.6</ele></trkpt><trkpt lat="37.914263" lon="-122.626451"><ele>608.4</ele></trkpt><trkpt lat="37.914213" lon="-122.626365"><ele>608.2</ele></trkpt><trkpt lat="37.914168" lon="-122.626246"><ele>608.0</ele></trkpt><trkpt lat="37.914097" lon="-122.626050"><ele>607.7</ele></trkpt><trkpt lat="37.914050" lon="-122.625949"><ele>607.6</ele></trkpt><trkpt lat="37.913994" lon="-122.625866"><ele>607.4</ele></trkpt><trkpt lat="37.913929" lon="-122.625798"><ele>607.3</ele></trkpt><trkpt lat="37.913848" lon="-122.625749"><ele>607.2</ele></trkpt><trkpt lat="37.913744" lon="-122.625707"><ele>606.8</ele></trkpt><trkpt lat="37.913643" lon="-122.625661"><ele>606.4</ele></trkpt><trkpt lat="37.913553" lon="-122.625609"><ele>606.1</ele></trkpt><trkpt lat="37.913443" lon="-122.625527"><ele>605.6</ele></trkpt><trkpt lat="37.913326" lon="-122.625424"><ele>605.1</ele></trkpt><trkpt lat="37.913243" lon="-122.625336"><ele>604.8</ele></trkpt><trkpt lat="37.913179" lon="-122.625237"><ele>604.7</ele></trkpt><trkpt lat="37.913126" lon="-122.625118"><ele>604.6</ele></trkpt><trkpt lat="37.913043" lon="-122.624906"><ele>604.4</ele></trkpt><trkpt lat="37.912990" lon="-122.624791"><ele>604.3</ele></trkpt><trkpt lat="37.912925" lon="-122.624700"><ele>604.2</ele></trkpt><trkpt lat="37.912851" lon="-122.624636"><ele>604.2</ele></trkpt><trkpt lat="37.912763" lon="-122.624601"><ele>604.1</ele></trkpt><trkpt lat="37.912668" lon="-122.624597"><ele>603.9</ele></trkpt><trkpt lat="37.912600" lon="-122.624607"><ele>603.9</ele></trkpt><trkpt lat="37.912522" lon="-122.624653"><ele>603.8</ele></trkpt><trkpt lat="37.912458" lon="-122.624728"><ele>603.6</ele></trkpt><trkpt lat="37.912343" lon="-122.624890"><ele>603.4</ele></trkpt><trkpt lat="37.911881" lon="-122.625504"><ele>603.0</ele></trkpt><trkpt lat="37.911794" lon="-122.625606"><ele>602.9</ele></trkpt><trkpt lat="37.911728" lon="-122.625660"><ele>602.9</ele></trkpt><trkpt lat="37.911656" lon="-122.625678"><ele>602.9</ele></trkpt><trkpt lat="37.911582" lon="-122.625668"><ele>603.0</ele></trkpt><trkpt lat="37.911517" lon="-122.625635"><ele>603.1</ele></trkpt><trkpt lat="37.911460" lon="-122.625579"><ele>603.1</ele></trkpt><trkpt lat="37.911395" lon="-122.625499"><ele>603.2</ele></trkpt><trkpt lat="37.911304" lon="-122.625356"><ele>603.3</ele></trkpt><trkpt lat="37.911242" lon="-122.625220"><ele>603.4</ele></trkpt><trkpt lat="37.911197" lon="-122.625073"><ele>603.6</ele></trkpt><trkpt lat="37.911164" lon="-122.624917"><ele>603.9</ele></trkpt><trkpt lat="37.911146" lon="-122.624715"><ele>604.3</ele></trkpt><trkpt lat="37.911129" lon="-122.624570"><ele>604.6</ele></trkpt><trkpt lat="37.911113" lon="-122.624460"><ele>604.8</ele></trkpt><trkpt lat="37.911075" lon="-122.624318"><ele>605.1</ele></trkpt><trkpt lat="37.911002" lon="-122.624114"><ele>605.6</ele></trkpt><trkpt lat="37.910945" lon="-122.623946"><ele>606.0</ele></trkpt><trkpt lat="37.910910" lon="-122.623820"><ele>606.3</ele></trkpt><trkpt lat="37.910895" lon="-122.623687"><ele>606.6</ele></trkpt><trkpt lat="37.910888" lon="-122.623506"><ele>607.1</ele></trkpt><trkpt lat="37.910891" lon="-122.622903"><ele>608.2</ele></trkpt><trkpt lat="37.910882" lon="-122.622566"><ele>608.8</ele></trkpt><trkpt lat="37.910848" lon="-122.622193"><ele>610.0</ele></trkpt><trkpt lat="37.910785" lon="-122.621609"><ele>612.3</ele></trkpt><trkpt lat="37.910745" lon="-122.621337"><ele>613.9</ele></trkpt><trkpt lat="37.910695" lon="-122.621073"><ele>615.6</ele></trkpt><trkpt lat="37.910620" lon="-122.620822"><ele>617.3</ele></trkpt><trkpt lat="37.910506" lon="-122.620596"><ele>618.8</ele></trkpt><trkpt lat="37.910401" lon="-122.620451"><ele>619.5</ele></trkpt><trkpt lat="37.910317" lon="-122.620362"><ele>620.0</ele></trkpt><trkpt lat="37.910216" lon="-122.620291"><ele>620.6</ele></trkpt><trkpt lat="37.910076" lon="-122.620224"><ele>621.3</ele></trkpt><trkpt lat="37.909837" lon="-122.620126"><ele>621.7</ele></trkpt><trkpt lat="37.909762" lon="-122.620082"><ele>621.7</ele></trkpt><trkpt lat="37.909710" lon="-122.620039"><ele>621.7</ele></trkpt><trkpt lat="37.909665" lon="-122.619993"><ele>621.6</ele></trkpt><trkpt lat="37.909631" lon="-122.619956"><ele>621.6</ele></trkpt><trkpt lat="37.909552" lon="-122.619857"><ele>621.6</ele></trkpt><trkpt lat="37.909427" lon="-122.619674"><ele>621.5</ele></trkpt><trkpt lat="37.909333" lon="-122.619513"><ele>620.7</ele></trkpt><trkpt lat="37.909255" lon="-122.619329"><ele>619.7</ele></trkpt><trkpt lat="37.909204" lon="-122.619119"><ele>618.6</ele></trkpt><trkpt lat="37.909173" lon="-122.618890"><ele>617.4</ele></trkpt><trkpt lat="37.909171" lon="-122.618690"><ele>616.5</ele></trkpt><trkpt lat="37.909201" lon="-122.618487"><ele>615.5</ele></trkpt><trkpt lat="37.909259" lon="-122.618219"><ele>614.2</ele></trkpt><trkpt lat="37.909284" lon="-122.618049"><ele>613.4</ele></trkpt><trkpt lat="37.909299" lon="-122.617779"><ele>612.1</ele></trkpt><trkpt lat="37.909291" lon="-122.617595"><ele>611.3</ele></trkpt><trkpt lat="37.909274" lon="-122.617441"><ele>610.5</ele></trkpt><trkpt lat="37.909243" lon="-122.617301"><ele>609.8</ele></trkpt><trkpt lat="37.909173" lon="-122.617011"><ele>608.4</ele></trkpt><trkpt lat="37.909131" lon="-122.616804"><ele>607.6</ele></trkpt><trkpt lat="37.909081" lon="-122.616525"><ele>606.6</ele></trkpt><trkpt lat="37.909054" lon="-122.616311"><ele>605.8</ele></trkpt><trkpt lat="37.909053" lon="-122.616177"><ele>605.3</ele></trkpt><trkpt lat="37.909068" lon="-122.616053"><ele>604.9</ele></trkpt><trkpt lat="37.909105" lon="-122.615926"><ele>604.5</ele></trkpt><trkpt lat="37.909166" lon="-122.615779"><ele>604.1</ele></trkpt><trkpt lat="37.909259" lon="-122.615605"><ele>603.5</ele></trkpt><trkpt lat="37.909448" lon="-122.615289"><ele>602.6</ele></trkpt><trkpt lat="37.909650" lon="-122.614976"><ele>603.0</ele></trkpt><trkpt lat="37.909813" lon="-122.614735"><ele>603.4</ele></trkpt><trkpt lat="37.909965" lon="-122.614503"><ele>603.7</ele></trkpt><trkpt lat="37.910115" lon="-122.614238"><ele>604.2</ele></trkpt><trkpt lat="37.910367" lon="-122.613728"><ele>604.6</ele></trkpt><trkpt lat="37.910440" lon="-122.613569"><ele>604.5</ele></trkpt><trkpt lat="37.910485" lon="-122.613423"><ele>604.4</ele></trkpt><trkpt lat="37.910512" lon="-122.613292"><ele>604.3</ele></trkpt><trkpt lat="37.910531" lon="-122.613156"><ele>604.2</ele></trkpt><trkpt lat="37.910540" lon="-122.613027"><ele>604.1</ele></trkpt><trkpt lat="37.910540" lon="-122.612924"><ele>603.4</ele></trkpt><trkpt lat="37.910536" lon="-122.612863"><ele>603.0</ele></trkpt><trkpt lat="37.910521" lon="-122.612774"><ele>602.3</ele></trkpt><trkpt lat="37.910502" lon="-122.612706"><ele>601.9</ele></trkpt><trkpt lat="37.910456" lon="-122.612576"><ele>600.9</ele></trkpt><trkpt lat="37.910411" lon="-122.612621"><ele>600.4</ele></trkpt><trkpt lat="37.910355" lon="-122.612658"><ele>599.9</ele></trkpt><trkpt lat="37.910285" lon="-122.612684"><ele>599.2</ele></trkpt><trkpt lat="37.910214" lon="-122.612693"><ele>598.6</ele></trkpt><trkpt lat="37.910108" lon="-122.612695"><ele>597.8</ele></trkpt><trkpt lat="37.909996" lon="-122.612692"><ele>597.0</ele></trkpt><trkpt lat="37.909880" lon="-122.612677"><ele>596.2</ele></trkpt><trkpt lat="37.909761" lon="-122.612647"><ele>595.4</ele></trkpt><trkpt lat="37.909662" lon="-122.612624"><ele>594.8</ele></trkpt><trkpt lat="37.909583" lon="-122.612623"><ele>594.2</ele></trkpt><trkpt lat="37.909502" lon="-122.612644"><ele>593.7</ele></trkpt><trkpt lat="37.909417" lon="-122.612688"><ele>593.0</ele></trkpt><trkpt lat="37.909326" lon="-122.612765"><ele>592.2</ele></trkpt><trkpt lat="37.909263" lon="-122.612845"><ele>591.5</ele></trkpt><trkpt lat="37.909221" lon="-122.612927"><ele>590.8</ele></trkpt><trkpt lat="37.909175" lon="-122.613074"><ele>589.8</ele></trkpt><trkpt lat="37.909138" lon="-122.613157"><ele>589.2</ele></trkpt><trkpt lat="37.909094" lon="-122.613211"><ele>588.8</ele></trkpt><trkpt lat="37.909039" lon="-122.613246"><ele>588.3</ele></trkpt><trkpt lat="37.908963" lon="-122.613273"><ele>587.6</ele></trkpt><trkpt lat="37.908895" lon="-122.613309"><ele>587.1</ele></trkpt><trkpt lat="37.908833" lon="-122.613357"><ele>586.7</ele></trkpt><trkpt lat="37.908793" lon="-122.613403"><ele>586.5</ele></trkpt><trkpt lat="37.908756" lon="-122.613465"><ele>586.1</ele></trkpt><trkpt lat="37.908720" lon="-122.613555"><ele>585.7</ele></trkpt><trkpt lat="37.908679" lon="-122.613697"><ele>585.0</ele></trkpt><trkpt lat="37.908638" lon="-122.613808"><ele>584.5</ele></trkpt><trkpt lat="37.908578" lon="-122.613919"><ele>583.9</ele></trkpt><trkpt lat="37.908481" lon="-122.614071"><ele>582.8</ele></trkpt><trkpt lat="37.908407" lon="-122.614167"><ele>581.7</ele></trkpt><trkpt lat="37.908352" lon="-122.614219"><ele>581.0</ele></trkpt><trkpt lat="37.908296" lon="-122.614252"><ele>580.4</ele></trkpt><trkpt lat="37.908242" lon="-122.614268"><ele>579.8</ele></trkpt><trkpt lat="37.908182" lon="-122.614266"><ele>579.2</ele></trkpt><trkpt lat="37.908115" lon="-122.614236"><ele>578.5</ele></trkpt><trkpt lat="37.908028" lon="-122.614168"><ele>577.4</ele></trkpt><trkpt lat="37.907944" lon="-122.614110"><ele>576.4</ele></trkpt><trkpt lat="37.907881" lon="-122.614096"><ele>575.9</ele></trkpt><trkpt lat="37.907813" lon="-122.614105"><ele>575.5</ele></trkpt><trkpt lat="37.907744" lon="-122.614135"><ele>575.0</ele></trkpt><trkpt lat="37.907667" lon="-122.614206"><ele>574.4</ele></trkpt><trkpt lat="37.907587" lon="-122.614305"><ele>573.7</ele></trkpt><trkpt lat="37.907507" lon="-122.614429"><ele>572.9</ele></trkpt><trkpt lat="37.907404" lon="-122.614617"><ele>571.8</ele></trkpt><trkpt lat="37.907344" lon="-122.614726"><ele>570.9</ele></trkpt><trkpt lat="37.907294" lon="-122.614795"><ele>570.2</ele></trkpt><trkpt lat="37.907253" lon="-122.614831"><ele>569.8</ele></trkpt><trkpt lat="37.907200" lon="-122.614855"><ele>569.2</ele></trkpt><trkpt lat="37.907124" lon="-122.614863"><ele>568.5</ele></trkpt><trkpt lat="37.906590" lon="-122.614862"><ele>564.1</ele></trkpt><trkpt lat="37.906381" lon="-122.614863"><ele>563.1</ele></trkpt><trkpt lat="37.906213" lon="-122.614859"><ele>562.2</ele></trkpt><trkpt lat="37.906144" lon="-122.614857"><ele>561.9</ele></trkpt><trkpt lat="37.906041" lon="-122.614852"><ele>561.3</ele></trkpt><trkpt lat="37.905913" lon="-122.614838"><ele>560.6</ele></trkpt><trkpt lat="37.905802" lon="-122.614813"><ele>560.0</ele></trkpt><trkpt lat="37.905697" lon="-122.614773"><ele>559.4</ele></trkpt><trkpt lat="37.905612" lon="-122.614726"><ele>558.9</ele></trkpt><trkpt lat="37.905524" lon="-122.614663"><ele>558.4</ele></trkpt><trkpt lat="37.905309" lon="-122.614485"><ele>557.0</ele></trkpt><trkpt lat="37.905216" lon="-122.614425"><ele>556.5</ele></trkpt><trkpt lat="37.905131" lon="-122.614389"><ele>556.1</ele></trkpt><trkpt lat="37.905015" lon="-122.614360"><ele>555.6</ele></trkpt><trkpt lat="37.904746" lon="-122.614318"><ele>554.3</ele></trkpt><trkpt lat="37.904638" lon="-122.614292"><ele>553.8</ele></trkpt><trkpt lat="37.904580" lon="-122.614263"><ele>553.4</ele></trkpt><trkpt lat="37.904536" lon="-122.614228"><ele>553.0</ele></trkpt><trkpt lat="37.904497" lon="-122.614171"><ele>552.6</ele></trkpt><trkpt lat="37.904476" lon="-122.614106"><ele>552.2</ele></trkpt><trkpt lat="37.904467" lon="-122.614009"><ele>551.6</ele></trkpt><trkpt lat="37.904467" lon="-122.613876"><ele>550.9</ele></trkpt><trkpt lat="37.904482" lon="-122.613775"><ele>550.3</ele></trkpt><trkpt lat="37.904507" lon="-122.613699"><ele>549.8</ele></trkpt><trkpt lat="37.904550" lon="-122.613643"><ele>549.4</ele></trkpt><trkpt lat="37.904609" lon="-122.613608"><ele>548.9</ele></trkpt><trkpt lat="37.904672" lon="-122.613599"><ele>548.6</ele></trkpt><trkpt lat="37.904754" lon="-122.613618"><ele>548.5</ele></trkpt><trkpt lat="37.904924" lon="-122.613699"><ele>548.1</ele></trkpt><trkpt lat="37.905030" lon="-122.613724"><ele>548.0</ele></trkpt><trkpt lat="37.905118" lon="-122.613732"><ele>547.8</ele></trkpt><trkpt lat="37.905234" lon="-122.613722"><ele>547.6</ele></trkpt><trkpt lat="37.905389" lon="-122.613700"><ele>547.1</ele></trkpt><trkpt lat="37.905604" lon="-122.613679"><ele>545.7</ele></trkpt><trkpt lat="37.905874" lon="-122.613679"><ele>543.9</ele></trkpt><trkpt lat="37.906478" lon="-122.613713"><ele>539.8</ele></trkpt><trkpt lat="37.906604" lon="-122.613717"><ele>539.0</ele></trkpt><trkpt lat="37.906688" lon="-122.613704"><ele>538.4</ele></trkpt><trkpt lat="37.906761" lon="-122.613675"><ele>537.9</ele></trkpt><trkpt lat="37.906818" lon="-122.613628"><ele>537.1</ele></trkpt><trkpt lat="37.906855" lon="-122.613569"><ele>536.2</ele></trkpt><trkpt lat="37.906873" lon="-122.613502"><ele>535.4</ele></trkpt><trkpt lat="37.906876" lon="-122.613443"><ele>534.7</ele></trkpt><trkpt lat="37.906863" lon="-122.613379"><ele>533.9</ele></trkpt><trkpt lat="37.906836" lon="-122.613309"><ele>533.0</ele></trkpt><trkpt lat="37.906806" lon="-122.613254"><ele>532.2</ele></trkpt><trkpt lat="37.906683" lon="-122.613079"><ele>529.4</ele></trkpt><trkpt lat="37.906633" lon="-122.612996"><ele>528.2</ele></trkpt><trkpt lat="37.906593" lon="-122.612897"><ele>527.0</ele></trkpt><trkpt lat="37.906589" lon="-122.612834"><ele>526.7</ele></trkpt><trkpt lat="37.906603" lon="-122.612775"><ele>526.5</ele></trkpt><trkpt lat="37.906637" lon="-122.612724"><ele>526.2</ele></trkpt><trkpt lat="37.906695" lon="-122.612675"><ele>525.8</ele></trkpt><trkpt lat="37.906818" lon="-122.612600"><ele>525.2</ele></trkpt><trkpt lat="37.906913" lon="-122.612525"><ele>524.6</ele></trkpt><trkpt lat="37.906983" lon="-122.612445"><ele>524.1</ele></trkpt><trkpt lat="37.907059" lon="-122.612333"><ele>523.5</ele></trkpt><trkpt lat="37.907129" lon="-122.612199"><ele>522.6</ele></trkpt><trkpt lat="37.907210" lon="-122.612022"><ele>521.2</ele></trkpt><trkpt lat="37.907285" lon="-122.611863"><ele>520.0</ele></trkpt><trkpt lat="37.907362" lon="-122.611725"><ele>518.9</ele></trkpt><trkpt lat="37.907429" lon="-122.611616"><ele>518.0</ele></trkpt><trkpt lat="37.907462" lon="-122.611540"><ele>517.4</ele></trkpt><trkpt lat="37.907475" lon="-122.611474"><ele>517.0</ele></trkpt><trkpt lat="37.907473" lon="-122.611385"><ele>516.6</ele></trkpt><trkpt lat="37.907454" lon="-122.611268"><ele>516.1</ele></trkpt><trkpt lat="37.907368" lon="-122.610985"><ele>514.6</ele></trkpt><trkpt lat="37.907310" lon="-122.610807"><ele>513.7</ele></trkpt><trkpt lat="37.907277" lon="-122.610731"><ele>513.3</ele></trkpt><trkpt lat="37.907225" lon="-122.610673"><ele>512.9</ele></trkpt><trkpt lat="37.907131" lon="-122.610633"><ele>512.2</ele></trkpt><trkpt lat="37.907045" lon="-122.610615"><ele>511.7</ele></trkpt><trkpt lat="37.906954" lon="-122.610583"><ele>511.0</ele></trkpt><trkpt lat="37.906886" lon="-122.610543"><ele>510.5</ele></trkpt><trkpt lat="37.906801" lon="-122.610459"><ele>509.8</ele></trkpt><trkpt lat="37.906704" lon="-122.610337"><ele>508.8</ele></trkpt><trkpt lat="37.906644" lon="-122.610219"><ele>508.0</ele></trkpt><trkpt lat="37.906616" lon="-122.610100"><ele>507.3</ele></trkpt><trkpt lat="37.906593" lon="-122.609946"><ele>506.3</ele></trkpt><trkpt lat="37.906562" lon="-122.609806"><ele>505.4</ele></trkpt><trkpt lat="37.906517" lon="-122.609664"><ele>504.4</ele></trkpt><trkpt lat="37.906474" lon="-122.609552"><ele>503.6</ele></trkpt><trkpt lat="37.906417" lon="-122.609454"><ele>502.8</ele></trkpt><trkpt lat="37.906340" lon="-122.609357"><ele>502.2</ele></trkpt><trkpt lat="37.906302" lon="-122.609306"><ele>502.0</ele></trkpt><trkpt lat="37.906270" lon="-122.609239"><ele>501.8</ele></trkpt><trkpt lat="37.906246" lon="-122.609145"><ele>501.5</ele></trkpt><trkpt lat="37.906227" lon="-122.609030"><ele>501.2</ele></trkpt><trkpt lat="37.906227" lon="-122.608941"><ele>501.0</ele></trkpt><trkpt lat="37.906247" lon="-122.608834"><ele>500.7</ele></trkpt><trkpt lat="37.906287" lon="-122.608752"><ele>500.4</ele></trkpt><trkpt lat="37.906349" lon="-122.608678"><ele>500.1</ele></trkpt><trkpt lat="37.906443" lon="-122.608601"><ele>499.6</ele></trkpt><trkpt lat="37.906518" lon="-122.608537"><ele>498.9</ele></trkpt><trkpt lat="37.906568" lon="-122.608476"><ele>498.4</ele></trkpt><trkpt lat="37.906592" lon="-122.608412"><ele>497.9</ele></trkpt><trkpt lat="37.906595" lon="-122.608345"><ele>497.5</ele></trkpt><trkpt lat="37.906585" lon="-122.608276"><ele>497.1</ele></trkpt><trkpt lat="37.906563" lon="-122.608185"><ele>496.5</ele></trkpt><trkpt lat="37.906521" lon="-122.608097"><ele>495.9</ele></trkpt><trkpt lat="37.906471" lon="-122.608009"><ele>495.2</ele></trkpt><trkpt lat="37.906406" lon="-122.607937"><ele>494.5</ele></trkpt><trkpt lat="37.906345" lon="-122.607904"><ele>494.2</ele></trkpt><trkpt lat="37.906269" lon="-122.607892"><ele>494.0</ele></trkpt><trkpt lat="37.906181" lon="-122.607905"><ele>493.7</ele></trkpt><trkpt lat="37.906101" lon="-122.607915"><ele>493.4</ele></trkpt><trkpt lat="37.905987" lon="-122.607902"><ele>493.0</ele></trkpt><trkpt lat="37.905732" lon="-122.607852"><ele>492.2</ele></trkpt><trkpt lat="37.905601" lon="-122.607813"><ele>491.2</ele></trkpt><trkpt lat="37.905512" lon="-122.607765"><ele>490.1</ele></trkpt><trkpt lat="37.905446" lon="-122.607707"><ele>489.2</ele></trkpt><trkpt lat="37.905413" lon="-122.607641"><ele>488.5</ele></trkpt><trkpt lat="37.905398" lon="-122.607564"><ele>487.7</ele></trkpt><trkpt lat="37.905413" lon="-122.607457"><ele>486.8</ele></trkpt><trkpt lat="37.905468" lon="-122.607251"><ele>484.8</ele></trkpt><trkpt lat="37.905472" lon="-122.607115"><ele>483.6</ele></trkpt><trkpt lat="37.905450" lon="-122.607020"><ele>483.2</ele></trkpt><trkpt lat="37.905396" lon="-122.606939"><ele>482.6</ele></trkpt><trkpt lat="37.905311" lon="-122.606904"><ele>482.1</ele></trkpt><trkpt lat="37.905163" lon="-122.606914"><ele>481.1</ele></trkpt><trkpt lat="37.905079" lon="-122.606907"><ele>480.6</ele></trkpt><trkpt lat="37.905004" lon="-122.606888"><ele>480.1</ele></trkpt><trkpt lat="37.904948" lon="-122.606841"><ele>479.7</ele></trkpt><trkpt lat="37.904902" lon="-122.606766"><ele>479.2</ele></trkpt><trkpt lat="37.904877" lon="-122.606673"><ele>478.8</ele></trkpt><trkpt lat="37.904877" lon="-122.606562"><ele>478.2</ele></trkpt><trkpt lat="37.904913" lon="-122.606375"><ele>477.3</ele></trkpt><trkpt lat="37.904925" lon="-122.606257"><ele>476.7</ele></trkpt><trkpt lat="37.904915" lon="-122.606168"><ele>476.3</ele></trkpt><trkpt lat="37.904882" lon="-122.606090"><ele>475.9</ele></trkpt><trkpt lat="37.904849" lon="-122.606042"><ele>475.6</ele></trkpt><trkpt lat="37.904794" lon="-122.606004"><ele>475.2</ele></trkpt><trkpt lat="37.904724" lon="-122.605980"><ele>474.8</ele></trkpt><trkpt lat="37.904607" lon="-122.605940"><ele>474.0</ele></trkpt><trkpt lat="37.904535" lon="-122.605900"><ele>473.5</ele></trkpt><trkpt lat="37.904458" lon="-122.605836"><ele>473.0</ele></trkpt><trkpt lat="37.904364" lon="-122.605732"><ele>472.2</ele></trkpt><trkpt lat="37.904059" lon="-122.605357"><ele>469.3</ele></trkpt><trkpt lat="37.903883" lon="-122.605150"><ele>467.4</ele></trkpt><trkpt lat="37.903846" lon="-122.605096"><ele>466.9</ele></trkpt><trkpt lat="37.903818" lon="-122.605045"><ele>466.5</ele></trkpt><trkpt lat="37.903799" lon="-122.604982"><ele>466.1</ele></trkpt><trkpt lat="37.903794" lon="-122.604920"><ele>465.7</ele></trkpt><trkpt lat="37.903800" lon="-122.604866"><ele>465.3</ele></trkpt><trkpt lat="37.903812" lon="-122.604813"><ele>465.0</ele></trkpt><trkpt lat="37.903833" lon="-122.604767"><ele>464.7</ele></trkpt><trkpt lat="37.903862" lon="-122.604723"><ele>464.3</ele></trkpt><trkpt lat="37.903919" lon="-122.604653"><ele>463.5</ele></trkpt><trkpt lat="37.904150" lon="-122.604397"><ele>460.6</ele></trkpt><trkpt lat="37.904214" lon="-122.604324"><ele>459.8</ele></trkpt><trkpt lat="37.904258" lon="-122.604265"><ele>459.2</ele></trkpt><trkpt lat="37.904286" lon="-122.604219"><ele>458.8</ele></trkpt><trkpt lat="37.904299" lon="-122.604197"><ele>458.6</ele></trkpt><trkpt lat="37.904321" lon="-122.604098"><ele>457.8</ele></trkpt><trkpt lat="37.904262" lon="-122.604055"><ele>457.5</ele></trkpt><trkpt lat="37.904187" lon="-122.604023"><ele>457.1</ele></trkpt><trkpt lat="37.904141" lon="-122.604001"><ele>456.9</ele></trkpt><trkpt lat="37.904088" lon="-122.603960"><ele>456.6</ele></trkpt><trkpt lat="37.904005" lon="-122.603955"><ele>456.2</ele></trkpt><trkpt lat="37.903937" lon="-122.603962"><ele>455.9</ele></trkpt><trkpt lat="37.903846" lon="-122.603970"><ele>455.5</ele></trkpt><trkpt lat="37.903732" lon="-122.603983"><ele>455.0</ele></trkpt><trkpt lat="37.903403" lon="-122.604018"><ele>453.4</ele></trkpt><trkpt lat="37.903423" lon="-122.603947"><ele>453.1</ele></trkpt><trkpt lat="37.903469" lon="-122.603890"><ele>452.7</ele></trkpt><trkpt lat="37.903489" lon="-122.603857"><ele>452.6</ele></trkpt><trkpt lat="37.903494" lon="-122.603773"><ele>452.2</ele></trkpt><trkpt lat="37.903580" lon="-122.603662"><ele>451.6</ele></trkpt><trkpt lat="37.903590" lon="-122.603616"><ele>451.4</ele></trkpt><trkpt lat="37.903590" lon="-122.603616"><ele>451.4</ele></trkpt><trkpt lat="37.903640" lon="-122.603980"><ele>449.9</ele></trkpt><trkpt lat="37.902930" lon="-122.604090"><ele>446.5</ele></trkpt><trkpt lat="37.902440" lon="-122.604120"><ele>444.6</ele></trkpt><trkpt lat="37.902160" lon="-122.604180"><ele>443.8</ele></trkpt><trkpt lat="37.901900" lon="-122.604200"><ele>443.0</ele></trkpt><trkpt lat="37.901580" lon="-122.604280"><ele>442.4</ele></trkpt><trkpt lat="37.901440" lon="-122.604240"><ele>442.5</ele></trkpt><trkpt lat="37.901160" lon="-122.604040"><ele>442.9</ele></trkpt><trkpt lat="37.901020" lon="-122.604010"><ele>443.1</ele></trkpt><trkpt lat="37.900910" lon="-122.604040"><ele>443.1</ele></trkpt><trkpt lat="37.900660" lon="-122.604210"><ele>442.9</ele></trkpt><trkpt lat="37.900410" lon="-122.604280"><ele>442.7</ele></trkpt><trkpt lat="37.900160" lon="-122.604240"><ele>442.4</ele></trkpt><trkpt lat="37.899980" lon="-122.604190"><ele>442.3</ele></trkpt><trkpt lat="37.899710" lon="-122.604070"><ele>442.1</ele></trkpt><trkpt lat="37.899600" lon="-122.604060"><ele>442.0</ele></trkpt><trkpt lat="37.899420" lon="-122.604080"><ele>441.8</ele></trkpt><trkpt lat="37.899030" lon="-122.604200"><ele>441.5</ele></trkpt><trkpt lat="37.898960" lon="-122.604200"><ele>441.4</ele></trkpt><trkpt lat="37.898860" lon="-122.604150"><ele>441.2</ele></trkpt><trkpt lat="37.898780" lon="-122.604060"><ele>440.6</ele></trkpt><trkpt lat="37.898690" lon="-122.603910"><ele>439.7</ele></trkpt><trkpt lat="37.898470" lon="-122.603600"><ele>437.9</ele></trkpt><trkpt lat="37.898420" lon="-122.603480"><ele>437.2</ele></trkpt><trkpt lat="37.898360" lon="-122.603220"><ele>435.3</ele></trkpt><trkpt lat="37.898300" lon="-122.603100"><ele>434.2</ele></trkpt><trkpt lat="37.898210" lon="-122.603020"><ele>433.2</ele></trkpt><trkpt lat="37.897940" lon="-122.602880"><ele>430.5</ele></trkpt><trkpt lat="37.897820" lon="-122.602780"><ele>428.9</ele></trkpt><trkpt lat="37.897750" lon="-122.602680"><ele>427.7</ele></trkpt><trkpt lat="37.897670" lon="-122.602430"><ele>425.2</ele></trkpt><trkpt lat="37.897650" lon="-122.602340"><ele>424.4</ele></trkpt><trkpt lat="37.897660" lon="-122.601880"><ele>420.4</ele></trkpt><trkpt lat="37.897630" lon="-122.601740"><ele>419.1</ele></trkpt><trkpt lat="37.897560" lon="-122.601590"><ele>417.6</ele></trkpt><trkpt lat="37.897360" lon="-122.601390"><ele>414.8</ele></trkpt><trkpt lat="37.897110" lon="-122.601480"><ele>411.7</ele></trkpt><trkpt lat="37.897010" lon="-122.601470"><ele>410.5</ele></trkpt><trkpt lat="37.896920" lon="-122.601430"><ele>409.4</ele></trkpt><trkpt lat="37.896640" lon="-122.601180"><ele>405.4</ele></trkpt><trkpt lat="37.896460" lon="-122.601040"><ele>403.3</ele></trkpt><trkpt lat="37.896340" lon="-122.600910"><ele>401.7</ele></trkpt><trkpt lat="37.896140" lon="-122.600560"><ele>398.3</ele></trkpt><trkpt lat="37.896050" lon="-122.600460"><ele>397.2</ele></trkpt><trkpt lat="37.895940" lon="-122.600400"><ele>396.1</ele></trkpt><trkpt lat="37.895670" lon="-122.600320"><ele>393.5</ele></trkpt><trkpt lat="37.895490" lon="-122.600220"><ele>391.8</ele></trkpt><trkpt lat="37.895380" lon="-122.600090"><ele>391.0</ele></trkpt><trkpt lat="37.895090" lon="-122.599830"><ele>389.0</ele></trkpt><trkpt lat="37.894850" lon="-122.599550"><ele>386.9</ele></trkpt><trkpt lat="37.894660" lon="-122.599400"><ele>385.2</ele></trkpt><trkpt lat="37.894390" lon="-122.599270"><ele>383.0</ele></trkpt><trkpt lat="37.894330" lon="-122.599220"><ele>382.5</ele></trkpt><trkpt lat="37.894300" lon="-122.599140"><ele>382.1</ele></trkpt><trkpt lat="37.894360" lon="-122.598920"><ele>381.2</ele></trkpt><trkpt lat="37.894360" lon="-122.598830"><ele>380.8</ele></trkpt><trkpt lat="37.894340" lon="-122.598790"><ele>380.6</ele></trkpt><trkpt lat="37.894280" lon="-122.598750"><ele>380.3</ele></trkpt><trkpt lat="37.894130" lon="-122.598740"><ele>379.6</ele></trkpt><trkpt lat="37.894050" lon="-122.598700"><ele>379.1</ele></trkpt><trkpt lat="37.894000" lon="-122.598680"><ele>378.9</ele></trkpt><trkpt lat="37.893930" lon="-122.598580"><ele>378.2</ele></trkpt><trkpt lat="37.893870" lon="-122.598360"><ele>377.2</ele></trkpt><trkpt lat="37.893810" lon="-122.598310"><ele>376.7</ele></trkpt><trkpt lat="37.893780" lon="-122.598300"><ele>376.5</ele></trkpt><trkpt lat="37.893710" lon="-122.598330"><ele>376.1</ele></trkpt><trkpt lat="37.893520" lon="-122.598460"><ele>374.8</ele></trkpt><trkpt lat="37.893380" lon="-122.598510"><ele>374.0</ele></trkpt><trkpt lat="37.893280" lon="-122.598460"><ele>373.4</ele></trkpt><trkpt lat="37.893090" lon="-122.598260"><ele>372.1</ele></trkpt><trkpt lat="37.892990" lon="-122.598210"><ele>371.5</ele></trkpt><trkpt lat="37.892950" lon="-122.598220"><ele>371.2</ele></trkpt><trkpt lat="37.892900" lon="-122.598280"><ele>370.8</ele></trkpt><trkpt lat="37.892720" lon="-122.598620"><ele>368.0</ele></trkpt><trkpt lat="37.892660" lon="-122.598680"><ele>367.3</ele></trkpt><trkpt lat="37.892560" lon="-122.598720"><ele>366.3</ele></trkpt><trkpt lat="37.892420" lon="-122.598670"><ele>365.0</ele></trkpt><trkpt lat="37.892330" lon="-122.598590"><ele>364.0</ele></trkpt><trkpt lat="37.891880" lon="-122.598120"><ele>359.8</ele></trkpt><trkpt lat="37.891720" lon="-122.598030"><ele>358.6</ele></trkpt><trkpt lat="37.891540" lon="-122.597970"><ele>357.5</ele></trkpt><trkpt lat="37.891480" lon="-122.598000"><ele>357.1</ele></trkpt><trkpt lat="37.891430" lon="-122.598070"><ele>356.6</ele></trkpt><trkpt lat="37.891420" lon="-122.598160"><ele>356.2</ele></trkpt><trkpt lat="37.891460" lon="-122.598380"><ele>355.1</ele></trkpt><trkpt lat="37.891430" lon="-122.598470"><ele>354.7</ele></trkpt><trkpt lat="37.891370" lon="-122.598510"><ele>354.4</ele></trkpt><trkpt lat="37.891300" lon="-122.598510"><ele>354.3</ele></trkpt><trkpt lat="37.891160" lon="-122.598470"><ele>354.0</ele></trkpt><trkpt lat="37.890910" lon="-122.598480"><ele>353.4</ele></trkpt><trkpt lat="37.890740" lon="-122.598400"><ele>353.1</ele></trkpt><trkpt lat="37.890500" lon="-122.598340"><ele>352.5</ele></trkpt><trkpt lat="37.889950" lon="-122.598360"><ele>351.1</ele></trkpt><trkpt lat="37.889510" lon="-122.598280"><ele>349.8</ele></trkpt><trkpt lat="37.889200" lon="-122.598280"><ele>348.8</ele></trkpt><trkpt lat="37.888960" lon="-122.598340"><ele>347.6</ele></trkpt><trkpt lat="37.888720" lon="-122.598300"><ele>346.5</ele></trkpt><trkpt lat="37.888560" lon="-122.598310"><ele>345.7</ele></trkpt><trkpt lat="37.888450" lon="-122.598280"><ele>344.9</ele></trkpt><trkpt lat="37.888390" lon="-122.598210"><ele>344.3</ele></trkpt><trkpt lat="37.888290" lon="-122.597970"><ele>342.7</ele></trkpt><trkpt lat="37.888280" lon="-122.597820"><ele>341.8</ele></trkpt><trkpt lat="37.888300" lon="-122.597560"><ele>340.2</ele></trkpt><trkpt lat="37.888380" lon="-122.597300"><ele>338.0</ele></trkpt><trkpt lat="37.888420" lon="-122.596970"><ele>335.3</ele></trkpt><trkpt lat="37.888370" lon="-122.596320"><ele>330.3</ele></trkpt><trkpt lat="37.888210" lon="-122.595800"><ele>326.1</ele></trkpt><trkpt lat="37.888200" lon="-122.595700"><ele>325.1</ele></trkpt><trkpt lat="37.888250" lon="-122.595650"><ele>324.3</ele></trkpt><trkpt lat="37.888470" lon="-122.595640"><ele>321.6</ele></trkpt><trkpt lat="37.888540" lon="-122.595590"><ele>320.6</ele></trkpt><trkpt lat="37.888640" lon="-122.595450"><ele>318.7</ele></trkpt><trkpt lat="37.888820" lon="-122.595240"><ele>316.0</ele></trkpt><trkpt lat="37.889040" lon="-122.595200"><ele>314.1</ele></trkpt><trkpt lat="37.889110" lon="-122.595160"><ele>313.4</ele></trkpt><trkpt lat="37.889180" lon="-122.595090"><ele>312.6</ele></trkpt><trkpt lat="37.889600" lon="-122.595000"><ele>309.2</ele></trkpt><trkpt lat="37.889620" lon="-122.594950"><ele>308.8</ele></trkpt><trkpt lat="37.889580" lon="-122.594910"><ele>308.5</ele></trkpt><trkpt lat="37.889080" lon="-122.594750"><ele>304.8</ele></trkpt><trkpt lat="37.888950" lon="-122.594660"><ele>304.0</ele></trkpt><trkpt lat="37.888890" lon="-122.594580"><ele>303.5</ele></trkpt><trkpt lat="37.888750" lon="-122.594520"><ele>302.6</ele></trkpt><trkpt lat="37.888560" lon="-122.594500"><ele>301.5</ele></trkpt><trkpt lat="37.888460" lon="-122.594570"><ele>300.7</ele></trkpt><trkpt lat="37.888360" lon="-122.594610"><ele>299.9</ele></trkpt><trkpt lat="37.888260" lon="-122.594610"><ele>299.1</ele></trkpt><trkpt lat="37.888190" lon="-122.594570"><ele>298.4</ele></trkpt><trkpt lat="37.888170" lon="-122.594500"><ele>298.0</ele></trkpt><trkpt lat="37.888150" lon="-122.594390"><ele>297.3</ele></trkpt><trkpt lat="37.888090" lon="-122.594260"><ele>296.3</ele></trkpt><trkpt lat="37.887690" lon="-122.593940"><ele>292.7</ele></trkpt><trkpt lat="37.887630" lon="-122.593830"><ele>291.9</ele></trkpt><trkpt lat="37.887600" lon="-122.593700"><ele>291.1</ele></trkpt><trkpt lat="37.887530" lon="-122.593590"><ele>290.2</ele></trkpt><trkpt lat="37.887450" lon="-122.593520"><ele>289.7</ele></trkpt><trkpt lat="37.887330" lon="-122.593450"><ele>289.2</ele></trkpt><trkpt lat="37.887100" lon="-122.593460"><ele>288.5</ele></trkpt><trkpt lat="37.886970" lon="-122.593500"><ele>288.0</ele></trkpt><trkpt lat="37.886740" lon="-122.593650"><ele>287.4</ele></trkpt><trkpt lat="37.886620" lon="-122.593650"><ele>287.3</ele></trkpt><trkpt lat="37.886490" lon="-122.593580"><ele>287.1</ele></trkpt><trkpt lat="37.886390" lon="-122.593590"><ele>287.0</ele></trkpt><trkpt lat="37.886170" lon="-122.593700"><ele>286.8</ele></trkpt><trkpt lat="37.886090" lon="-122.593790"><ele>286.8</ele></trkpt><trkpt lat="37.886010" lon="-122.593830"><ele>286.8</ele></trkpt><trkpt lat="37.885890" lon="-122.593840"><ele>286.7</ele></trkpt><trkpt lat="37.885810" lon="-122.593800"><ele>286.7</ele></trkpt><trkpt lat="37.885720" lon="-122.593700"><ele>286.6</ele></trkpt><trkpt lat="37.885600" lon="-122.593670"><ele>286.6</ele></trkpt><trkpt lat="37.885520" lon="-122.593620"><ele>286.5</ele></trkpt><trkpt lat="37.885430" lon="-122.593590"><ele>286.4</ele></trkpt><trkpt lat="37.885260" lon="-122.593620"><ele>286.2</ele></trkpt><trkpt lat="37.885150" lon="-122.593620"><ele>286.1</ele></trkpt><trkpt lat="37.884960" lon="-122.593690"><ele>285.8</ele></trkpt><trkpt lat="37.884870" lon="-122.593660"><ele>285.7</ele></trkpt><trkpt lat="37.884790" lon="-122.593580"><ele>285.6</ele></trkpt><trkpt lat="37.884670" lon="-122.593120"><ele>284.9</ele></trkpt><trkpt lat="37.884560" lon="-122.593000"><ele>284.7</ele></trkpt><trkpt lat="37.884430" lon="-122.592950"><ele>284.5</ele></trkpt><trkpt lat="37.884180" lon="-122.592780"><ele>282.6</ele></trkpt><trkpt lat="37.884040" lon="-122.592670"><ele>281.3</ele></trkpt><trkpt lat="37.883940" lon="-122.592570"><ele>280.4</ele></trkpt><trkpt lat="37.883870" lon="-122.592420"><ele>279.3</ele></trkpt><trkpt lat="37.883780" lon="-122.592170"><ele>277.8</ele></trkpt><trkpt lat="37.883510" lon="-122.591730"><ele>274.8</ele></trkpt><trkpt lat="37.883440" lon="-122.591690"><ele>274.3</ele></trkpt><trkpt lat="37.883340" lon="-122.591690"><ele>273.5</ele></trkpt><trkpt lat="37.883160" lon="-122.591820"><ele>271.3</ele></trkpt><trkpt lat="37.883120" lon="-122.591950"><ele>270.2</ele></trkpt><trkpt lat="37.883130" lon="-122.592130"><ele>268.7</ele></trkpt><trkpt lat="37.883120" lon="-122.592320"><ele>267.2</ele></trkpt><trkpt lat="37.883050" lon="-122.592480"><ele>266.0</ele></trkpt><trkpt lat="37.882990" lon="-122.592570"><ele>265.3</ele></trkpt><trkpt lat="37.882930" lon="-122.592600"><ele>264.8</ele></trkpt><trkpt lat="37.882770" lon="-122.592580"><ele>263.6</ele></trkpt><trkpt lat="37.882520" lon="-122.592640"><ele>261.6</ele></trkpt><trkpt lat="37.881990" lon="-122.592570"><ele>257.4</ele></trkpt><trkpt lat="37.881880" lon="-122.592590"><ele>256.5</ele></trkpt><trkpt lat="37.881770" lon="-122.592650"><ele>255.6</ele></trkpt><trkpt lat="37.881670" lon="-122.592730"><ele>254.8</ele></trkpt><trkpt lat="37.881580" lon="-122.592990"><ele>253.2</ele></trkpt><trkpt lat="37.881560" lon="-122.593270"><ele>251.7</ele></trkpt><trkpt lat="37.881500" lon="-122.593420"><ele>250.8</ele></trkpt><trkpt lat="37.881400" lon="-122.593560"><ele>249.5</ele></trkpt><trkpt lat="37.881250" lon="-122.593630"><ele>248.1</ele></trkpt><trkpt lat="37.881140" lon="-122.593720"><ele>247.0</ele></trkpt><trkpt lat="37.881100" lon="-122.593800"><ele>246.3</ele></trkpt><trkpt lat="37.881140" lon="-122.593950"><ele>245.2</ele></trkpt><trkpt lat="37.881120" lon="-122.593990"><ele>244.9</ele></trkpt><trkpt lat="37.881080" lon="-122.593980"><ele>244.5</ele></trkpt><trkpt lat="37.881030" lon="-122.593950"><ele>244.0</ele></trkpt><trkpt lat="37.880980" lon="-122.593840"><ele>243.0</ele></trkpt><trkpt lat="37.880960" lon="-122.593710"><ele>241.9</ele></trkpt><trkpt lat="37.880960" lon="-122.593600"><ele>241.1</ele></trkpt><trkpt lat="37.881040" lon="-122.593440"><ele>239.5</ele></trkpt><trkpt lat="37.881020" lon="-122.593380"><ele>239.0</ele></trkpt><trkpt lat="37.880980" lon="-122.593330"><ele>238.5</ele></trkpt><trkpt lat="37.880930" lon="-122.593330"><ele>238.0</ele></trkpt><trkpt lat="37.880780" lon="-122.593520"><ele>235.8</ele></trkpt><trkpt lat="37.880710" lon="-122.593570"><ele>235.0</ele></trkpt><trkpt lat="37.880530" lon="-122.593580"><ele>233.2</ele></trkpt><trkpt lat="37.880210" lon="-122.593690"><ele>229.9</ele></trkpt><trkpt lat="37.880010" lon="-122.593700"><ele>228.0</ele></trkpt><trkpt lat="37.879840" lon="-122.593750"><ele>226.5</ele></trkpt><trkpt lat="37.879690" lon="-122.593780"><ele>225.1</ele></trkpt><trkpt lat="37.879560" lon="-122.593750"><ele>223.9</ele></trkpt><trkpt lat="37.879350" lon="-122.593540"><ele>221.2</ele></trkpt><trkpt lat="37.879280" lon="-122.593510"><ele>220.5</ele></trkpt><trkpt lat="37.879100" lon="-122.593580"><ele>218.5</ele></trkpt><trkpt lat="37.879000" lon="-122.593590"><ele>217.4</ele></trkpt><trkpt lat="37.878840" lon="-122.593510"><ele>215.6</ele></trkpt><trkpt lat="37.878780" lon="-122.593420"><ele>214.7</ele></trkpt><trkpt lat="37.878750" lon="-122.593350"><ele>214.1</ele></trkpt><trkpt lat="37.878700" lon="-122.593290"><ele>213.4</ele></trkpt><trkpt lat="37.878610" lon="-122.593280"><ele>212.5</ele></trkpt><trkpt lat="37.878390" lon="-122.593340"><ele>210.2</ele></trkpt><trkpt lat="37.877690" lon="-122.593360"><ele>203.7</ele></trkpt><trkpt lat="37.877590" lon="-122.593320"><ele>202.8</ele></trkpt><trkpt lat="37.877550" lon="-122.593260"><ele>202.2</ele></trkpt><trkpt lat="37.877540" lon="-122.593160"><ele>201.5</ele></trkpt><trkpt lat="37.877560" lon="-122.593050"><ele>200.7</ele></trkpt><trkpt lat="37.877560" lon="-122.592930"><ele>199.9</ele></trkpt><trkpt lat="37.877530" lon="-122.592830"><ele>199.1</ele></trkpt><trkpt lat="37.877470" lon="-122.592780"><ele>198.5</ele></trkpt><trkpt lat="37.877410" lon="-122.592770"><ele>197.9</ele></trkpt><trkpt lat="37.877290" lon="-122.592790"><ele>196.9</ele></trkpt><trkpt lat="37.877220" lon="-122.592750"><ele>196.2</ele></trkpt><trkpt lat="37.877130" lon="-122.592670"><ele>195.3</ele></trkpt><trkpt lat="37.877060" lon="-122.592650"><ele>194.7</ele></trkpt><trkpt lat="37.876990" lon="-122.592700"><ele>194.1</ele></trkpt><trkpt lat="37.876920" lon="-122.592870"><ele>193.0</ele></trkpt><trkpt lat="37.876840" lon="-122.593210"><ele>190.8</ele></trkpt><trkpt lat="37.876790" lon="-122.593340"><ele>190.0</ele></trkpt><trkpt lat="37.876800" lon="-122.593470"><ele>189.1</ele></trkpt><trkpt lat="37.876770" lon="-122.593490"><ele>188.9</ele></trkpt><trkpt lat="37.876630" lon="-122.593140"><ele>186.4</ele></trkpt><trkpt lat="37.876500" lon="-122.592920"><ele>184.7</ele></trkpt><trkpt lat="37.876280" lon="-122.592680"><ele>182.6</ele></trkpt><trkpt lat="37.876000" lon="-122.592450"><ele>180.3</ele></trkpt><trkpt lat="37.875600" lon="-122.592200"><ele>177.3</ele></trkpt><trkpt lat="37.875600" lon="-122.592200"><ele>177.3</ele></trkpt><trkpt lat="37.875320" lon="-122.592070"><ele>175.3</ele></trkpt><trkpt lat="37.875090" lon="-122.591920"><ele>173.3</ele></trkpt><trkpt lat="37.874970" lon="-122.591810"><ele>171.9</ele></trkpt><trkpt lat="37.874730" lon="-122.591660"><ele>169.4</ele></trkpt><trkpt lat="37.874510" lon="-122.591600"><ele>167.3</ele></trkpt><trkpt lat="37.873690" lon="-122.591220"><ele>157.8</ele></trkpt><trkpt lat="37.873440" lon="-122.591020"><ele>155.3</ele></trkpt><trkpt lat="37.873260" lon="-122.590790"><ele>153.2</ele></trkpt><trkpt lat="37.872880" lon="-122.590790"><ele>150.7</ele></trkpt><trkpt lat="37.872430" lon="-122.590730"><ele>148.0</ele></trkpt><trkpt lat="37.871480" lon="-122.590480"><ele>143.8</ele></trkpt><trkpt lat="37.871100" lon="-122.590260"><ele>141.5</ele></trkpt><trkpt lat="37.870150" lon="-122.589820"><ele>138.7</ele></trkpt><trkpt lat="37.869690" lon="-122.589550"><ele>137.7</ele></trkpt><trkpt lat="37.869610" lon="-122.589520"><ele>137.7</ele></trkpt><trkpt lat="37.869550" lon="-122.589520"><ele>137.7</ele></trkpt><trkpt lat="37.869460" lon="-122.589560"><ele>137.6</ele></trkpt><trkpt lat="37.868180" lon="-122.588580"><ele>138.2</ele></trkpt><trkpt lat="37.868060" lon="-122.588370"><ele>138.5</ele></trkpt><trkpt lat="37.867890" lon="-122.587820"><ele>140.4</ele></trkpt><trkpt lat="37.867780" lon="-122.587700"><ele>141.1</ele></trkpt><trkpt lat="37.867470" lon="-122.587570"><ele>142.2</ele></trkpt><trkpt lat="37.866230" lon="-122.587280"><ele>143.0</ele></trkpt><trkpt lat="37.865580" lon="-122.586990"><ele>140.6</ele></trkpt><trkpt lat="37.865150" lon="-122.586840"><ele>139.8</ele></trkpt><trkpt lat="37.864830" lon="-122.586800"><ele>139.4</ele></trkpt><trkpt lat="37.864640" lon="-122.586700"><ele>138.5</ele></trkpt><trkpt lat="37.864560" lon="-122.586610"><ele>138.1</ele></trkpt><trkpt lat="37.864500" lon="-122.586520"><ele>137.6</ele></trkpt><trkpt lat="37.864360" lon="-122.586090"><ele>135.9</ele></trkpt><trkpt lat="37.864330" lon="-122.585940"><ele>134.7</ele></trkpt><trkpt lat="37.864300" lon="-122.585580"><ele>131.9</ele></trkpt><trkpt lat="37.864270" lon="-122.585480"><ele>131.1</ele></trkpt><trkpt lat="37.864070" lon="-122.585080"><ele>126.4</ele></trkpt><trkpt lat="37.864040" lon="-122.584880"><ele>123.7</ele></trkpt><trkpt lat="37.864070" lon="-122.584640"><ele>120.3</ele></trkpt><trkpt lat="37.864140" lon="-122.584370"><ele>116.5</ele></trkpt><trkpt lat="37.864180" lon="-122.584250"><ele>115.0</ele></trkpt><trkpt lat="37.864300" lon="-122.584070"><ele>112.3</ele></trkpt><trkpt lat="37.864720" lon="-122.583610"><ele>104.6</ele></trkpt><trkpt lat="37.864870" lon="-122.583350"><ele>101.7</ele></trkpt><trkpt lat="37.865160" lon="-122.582620"><ele>95.0</ele></trkpt><trkpt lat="37.865210" lon="-122.582380"><ele>93.2</ele></trkpt><trkpt lat="37.865210" lon="-122.582270"><ele>92.4</ele></trkpt><trkpt lat="37.865190" lon="-122.582160"><ele>91.5</ele></trkpt><trkpt lat="37.865140" lon="-122.582070"><ele>90.7</ele></trkpt><trkpt lat="37.864820" lon="-122.581690"><ele>86.8</ele></trkpt><trkpt lat="37.864580" lon="-122.581210"><ele>82.1</ele></trkpt><trkpt lat="37.864370" lon="-122.580900"><ele>78.3</ele></trkpt><trkpt lat="37.864310" lon="-122.580750"><ele>76.8</ele></trkpt><trkpt lat="37.864280" lon="-122.580510"><ele>75.2</ele></trkpt><trkpt lat="37.864290" lon="-122.580180"><ele>73.3</ele></trkpt><trkpt lat="37.864320" lon="-122.580020"><ele>72.4</ele></trkpt><trkpt lat="37.864370" lon="-122.579860"><ele>71.4</ele></trkpt><trkpt lat="37.864520" lon="-122.579470"><ele>67.5</ele></trkpt><trkpt lat="37.864530" lon="-122.579350"><ele>66.4</ele></trkpt><trkpt lat="37.864490" lon="-122.579200"><ele>64.9</ele></trkpt><trkpt lat="37.864420" lon="-122.579070"><ele>63.4</ele></trkpt><trkpt lat="37.864320" lon="-122.578960"><ele>61.9</ele></trkpt><trkpt lat="37.864090" lon="-122.578820"><ele>59.5</ele></trkpt><trkpt lat="37.863990" lon="-122.578730"><ele>58.3</ele></trkpt><trkpt lat="37.863910" lon="-122.578600"><ele>57.0</ele></trkpt><trkpt lat="37.863750" lon="-122.578240"><ele>53.9</ele></trkpt><trkpt lat="37.863620" lon="-122.578050"><ele>52.0</ele></trkpt><trkpt lat="37.863490" lon="-122.577920"><ele>50.4</ele></trkpt><trkpt lat="37.863230" lon="-122.577720"><ele>47.6</ele></trkpt><trkpt lat="37.863080" lon="-122.577570"><ele>46.0</ele></trkpt><trkpt lat="37.862930" lon="-122.577390"><ele>44.2</ele></trkpt><trkpt lat="37.862840" lon="-122.577220"><ele>42.9</ele></trkpt><trkpt lat="37.862790" lon="-122.577020"><ele>40.8</ele></trkpt><trkpt lat="37.862800" lon="-122.576850"><ele>38.8</ele></trkpt><trkpt lat="37.862850" lon="-122.576610"><ele>36.0</ele></trkpt><trkpt lat="37.862900" lon="-122.576500"><ele>34.5</ele></trkpt><trkpt lat="37.862980" lon="-122.576380"><ele>32.7</ele></trkpt><trkpt lat="37.863120" lon="-122.576270"><ele>29.9</ele></trkpt><trkpt lat="37.863240" lon="-122.576230"><ele>27.8</ele></trkpt><trkpt lat="37.863340" lon="-122.576220"><ele>26.0</ele></trkpt><trkpt lat="37.863340" lon="-122.576130"><ele>24.7</ele></trkpt><trkpt lat="37.863300" lon="-122.576110"><ele>24.0</ele></trkpt><trkpt lat="37.863280" lon="-122.576040"><ele>22.9</ele></trkpt><trkpt lat="37.863250" lon="-122.575860"><ele>20.4</ele></trkpt><trkpt lat="37.863280" lon="-122.575710"><ele>18.5</ele></trkpt><trkpt lat="37.863360" lon="-122.575720"><ele>17.5</ele></trkpt><trkpt lat="37.863410" lon="-122.575690"><ele>16.8</ele></trkpt><trkpt lat="37.863400" lon="-122.575660"><ele>16.5</ele></trkpt><trkpt lat="37.863320" lon="-122.575590"><ele>15.2</ele></trkpt><trkpt lat="37.863300" lon="-122.575510"><ele>14.4</ele></trkpt><trkpt lat="37.863400" lon="-122.575440"><ele>13.0</ele></trkpt><trkpt lat="37.863480" lon="-122.575440"><ele>12.0</ele></trkpt><trkpt lat="37.863490" lon="-122.575420"><ele>11.7</ele></trkpt><trkpt lat="37.863450" lon="-122.575390"><ele>11.1</ele></trkpt><trkpt lat="37.863450" lon="-122.575330"><ele>10.5</ele></trkpt><trkpt lat="37.863410" lon="-122.575310"><ele>10.0</ele></trkpt><trkpt lat="37.863480" lon="-122.575280"><ele>9.8</ele></trkpt><trkpt lat="37.863550" lon="-122.575230"><ele>9.4</ele></trkpt><trkpt lat="37.864520" lon="-122.574660"><ele>8.6</ele></trkpt><trkpt lat="37.864720" lon="-122.574510"><ele>9.2</ele></trkpt><trkpt lat="37.864830" lon="-122.574480"><ele>9.6</ele></trkpt><trkpt lat="37.864790" lon="-122.574370"><ele>9.9</ele></trkpt><trkpt lat="37.864700" lon="-122.574310"><ele>10.3</ele></trkpt><trkpt lat="37.864620" lon="-122.574190"><ele>10.7</ele></trkpt><trkpt lat="37.864600" lon="-122.574110"><ele>10.9</ele></trkpt><trkpt lat="37.864510" lon="-122.574050"><ele>11.2</ele></trkpt><trkpt lat="37.864210" lon="-122.573740"><ele>14.2</ele></trkpt><trkpt lat="37.863910" lon="-122.573470"><ele>17.6</ele></trkpt><trkpt lat="37.863670" lon="-122.573060"><ele>21.3</ele></trkpt><trkpt lat="37.863690" lon="-122.573060"><ele>21.4</ele></trkpt><trkpt lat="37.863780" lon="-122.573130"><ele>22.4</ele></trkpt><trkpt lat="37.863950" lon="-122.573240"><ele>24.1</ele></trkpt><trkpt lat="37.864050" lon="-122.573240"><ele>25.0</ele></trkpt><trkpt lat="37.864090" lon="-122.573300"><ele>25.7</ele></trkpt><trkpt lat="37.864190" lon="-122.573310"><ele>26.7</ele></trkpt><trkpt lat="37.864340" lon="-122.573360"><ele>28.2</ele></trkpt><trkpt lat="37.864430" lon="-122.573420"><ele>29.3</ele></trkpt><trkpt lat="37.864500" lon="-122.573430"><ele>30.0</ele></trkpt><trkpt lat="37.864620" lon="-122.573380"><ele>31.2</ele></trkpt><trkpt lat="37.864710" lon="-122.573380"><ele>32.1</ele></trkpt><trkpt lat="37.864770" lon="-122.573350"><ele>32.4</ele></trkpt><trkpt lat="37.864850" lon="-122.573360"><ele>32.9</ele></trkpt><trkpt lat="37.864900" lon="-122.573350"><ele>33.1</ele></trkpt><trkpt lat="37.864930" lon="-122.573250"><ele>33.6</ele></trkpt><trkpt lat="37.864990" lon="-122.573180"><ele>34.1</ele></trkpt><trkpt lat="37.865050" lon="-122.573170"><ele>34.4</ele></trkpt><trkpt lat="37.865230" lon="-122.573180"><ele>35.4</ele></trkpt><trkpt lat="37.865340" lon="-122.573130"><ele>36.0</ele></trkpt><trkpt lat="37.865480" lon="-122.573150"><ele>37.7</ele></trkpt><trkpt lat="37.865540" lon="-122.573120"><ele>38.4</ele></trkpt><trkpt lat="37.865760" lon="-122.572840"><ele>42.0</ele></trkpt><trkpt lat="37.865750" lon="-122.572810"><ele>42.3</ele></trkpt><trkpt lat="37.865720" lon="-122.572830"><ele>42.7</ele></trkpt><trkpt lat="37.865540" lon="-122.573000"><ele>45.2</ele></trkpt><trkpt lat="37.865280" lon="-122.572990"><ele>47.8</ele></trkpt><trkpt lat="37.865140" lon="-122.572850"><ele>49.6</ele></trkpt><trkpt lat="37.865040" lon="-122.572660"><ele>51.4</ele></trkpt><trkpt lat="37.864970" lon="-122.572580"><ele>52.7</ele></trkpt><trkpt lat="37.864820" lon="-122.572520"><ele>55.0</ele></trkpt><trkpt lat="37.864660" lon="-122.572520"><ele>57.4</ele></trkpt><trkpt lat="37.864590" lon="-122.572540"><ele>58.4</ele></trkpt><trkpt lat="37.864580" lon="-122.572530"><ele>58.6</ele></trkpt><trkpt lat="37.864580" lon="-122.572500"><ele>59.0</ele></trkpt><trkpt lat="37.864630" lon="-122.572410"><ele>60.2</ele></trkpt><trkpt lat="37.864670" lon="-122.572270"><ele>62.0</ele></trkpt><trkpt lat="37.864700" lon="-122.572250"><ele>62.3</ele></trkpt><trkpt lat="37.864820" lon="-122.572200"><ele>63.1</ele></trkpt><trkpt lat="37.864850" lon="-122.572110"><ele>63.6</ele></trkpt><trkpt lat="37.864920" lon="-122.572050"><ele>64.2</ele></trkpt><trkpt lat="37.865010" lon="-122.571920"><ele>65.0</ele></trkpt><trkpt lat="37.865200" lon="-122.571710"><ele>66.7</ele></trkpt><trkpt lat="37.865240" lon="-122.571640"><ele>67.4</ele></trkpt><trkpt lat="37.865290" lon="-122.571490"><ele>69.0</ele></trkpt><trkpt lat="37.865300" lon="-122.571500"><ele>69.1</ele></trkpt><trkpt lat="37.865270" lon="-122.571720"><ele>71.3</ele></trkpt><trkpt lat="37.865260" lon="-122.571860"><ele>72.6</ele></trkpt><trkpt lat="37.865280" lon="-122.571920"><ele>73.3</ele></trkpt><trkpt lat="37.865350" lon="-122.572010"><ele>74.5</ele></trkpt><trkpt lat="37.865400" lon="-122.572030"><ele>75.1</ele></trkpt><trkpt lat="37.865440" lon="-122.572010"><ele>75.6</ele></trkpt><trkpt lat="37.865500" lon="-122.571860"><ele>76.7</ele></trkpt><trkpt lat="37.865460" lon="-122.571780"><ele>77.3</ele></trkpt><trkpt lat="37.865460" lon="-122.571710"><ele>77.7</ele></trkpt><trkpt lat="37.865590" lon="-122.571400"><ele>79.9</ele></trkpt><trkpt lat="37.865630" lon="-122.571270"><ele>80.8</ele></trkpt><trkpt lat="37.865640" lon="-122.571060"><ele>82.8</ele></trkpt><trkpt lat="37.865590" lon="-122.570920"><ele>84.5</ele></trkpt><trkpt lat="37.865620" lon="-122.570900"><ele>85.0</ele></trkpt><trkpt lat="37.865650" lon="-122.570930"><ele>85.5</ele></trkpt><trkpt lat="37.865800" lon="-122.571270"><ele>89.9</ele></trkpt><trkpt lat="37.865960" lon="-122.571420"><ele>92.2</ele></trkpt><trkpt lat="37.865970" lon="-122.571400"><ele>92.3</ele></trkpt><trkpt lat="37.865930" lon="-122.571320"><ele>92.7</ele></trkpt><trkpt lat="37.865880" lon="-122.571090"><ele>93.9</ele></trkpt><trkpt lat="37.865830" lon="-122.570780"><ele>95.4</ele></trkpt><trkpt lat="37.865840" lon="-122.570750"><ele>95.5</ele></trkpt><trkpt lat="37.865860" lon="-122.570760"><ele>95.7</ele></trkpt><trkpt lat="37.865920" lon="-122.570880"><ele>96.5</ele></trkpt><trkpt lat="37.866040" lon="-122.571040"><ele>97.9</ele></trkpt><trkpt lat="37.866090" lon="-122.571060"><ele>98.4</ele></trkpt><trkpt lat="37.866140" lon="-122.571060"><ele>98.8</ele></trkpt><trkpt lat="37.866190" lon="-122.571020"><ele>99.3</ele></trkpt><trkpt lat="37.866220" lon="-122.570960"><ele>99.8</ele></trkpt><trkpt lat="37.866220" lon="-122.570700"><ele>101.5</ele></trkpt><trkpt lat="37.866230" lon="-122.570620"><ele>102.0</ele></trkpt><trkpt lat="37.866260" lon="-122.570560"><ele>102.4</ele></trkpt><trkpt lat="37.866310" lon="-122.570480"><ele>102.9</ele></trkpt><trkpt lat="37.866250" lon="-122.570490"><ele>103.2</ele></trkpt><trkpt lat="37.866200" lon="-122.570470"><ele>103.5</ele></trkpt><trkpt lat="37.866130" lon="-122.570160"><ele>105.0</ele></trkpt><trkpt lat="37.866080" lon="-122.570050"><ele>105.6</ele></trkpt><trkpt lat="37.865970" lon="-122.569880"><ele>106.8</ele></trkpt><trkpt lat="37.865960" lon="-122.569790"><ele>107.5</ele></trkpt><trkpt lat="37.865960" lon="-122.569680"><ele>108.4</ele></trkpt><trkpt lat="37.866080" lon="-122.569550"><ele>109.9</ele></trkpt><trkpt lat="37.866180" lon="-122.569400"><ele>111.5</ele></trkpt><trkpt lat="37.866230" lon="-122.569290"><ele>112.4</ele></trkpt><trkpt lat="37.866250" lon="-122.569100"><ele>113.8</ele></trkpt><trkpt lat="37.866290" lon="-122.569010"><ele>114.3</ele></trkpt><trkpt lat="37.866360" lon="-122.568930"><ele>115.0</ele></trkpt><trkpt lat="37.866450" lon="-122.568850"><ele>115.7</ele></trkpt><trkpt lat="37.866630" lon="-122.568650"><ele>117.3</ele></trkpt><trkpt lat="37.866730" lon="-122.568640"><ele>118.0</ele></trkpt><trkpt lat="37.866890" lon="-122.568700"><ele>119.2</ele></trkpt><trkpt lat="37.867070" lon="-122.568710"><ele>120.5</ele></trkpt><trkpt lat="37.867130" lon="-122.568690"><ele>121.0</ele></trkpt><trkpt lat="37.867170" lon="-122.568650"><ele>121.4</ele></trkpt><trkpt lat="37.867250" lon="-122.568320"><ele>123.5</ele></trkpt><trkpt lat="37.867300" lon="-122.568250"><ele>124.1</ele></trkpt><trkpt lat="37.867370" lon="-122.568200"><ele>125.0</ele></trkpt><trkpt lat="37.867450" lon="-122.568190"><ele>125.8</ele></trkpt><trkpt lat="37.867520" lon="-122.568160"><ele>126.6</ele></trkpt><trkpt lat="37.867620" lon="-122.568090"><ele>127.8</ele></trkpt><trkpt lat="37.867630" lon="-122.568100"><ele>127.9</ele></trkpt><trkpt lat="37.867610" lon="-122.568150"><ele>128.4</ele></trkpt><trkpt lat="37.867500" lon="-122.568320"><ele>130.2</ele></trkpt><trkpt lat="37.867480" lon="-122.568380"><ele>130.8</ele></trkpt><trkpt lat="37.867480" lon="-122.568610"><ele>133.0</ele></trkpt><trkpt lat="37.867520" lon="-122.568850"><ele>135.6</ele></trkpt><trkpt lat="37.867610" lon="-122.569010"><ele>137.7</ele></trkpt><trkpt lat="37.867690" lon="-122.569040"><ele>138.8</ele></trkpt><trkpt lat="37.867840" lon="-122.569080"><ele>140.8</ele></trkpt><trkpt lat="37.868090" lon="-122.569030"><ele>144.2</ele></trkpt><trkpt lat="37.868160" lon="-122.569000"><ele>145.2</ele></trkpt><trkpt lat="37.868370" lon="-122.568770"><ele>148.9</ele></trkpt><trkpt lat="37.868570" lon="-122.568600"><ele>151.5</ele></trkpt><trkpt lat="37.868760" lon="-122.568570"><ele>153.0</ele></trkpt><trkpt lat="37.868810" lon="-122.568570"><ele>153.4</ele></trkpt><trkpt lat="37.868890" lon="-122.568600"><ele>154.1</ele></trkpt><trkpt lat="37.868830" lon="-122.568520"><ele>154.8</ele></trkpt><trkpt lat="37.868830" lon="-122.568440"><ele>155.3</ele></trkpt><trkpt lat="37.868900" lon="-122.568240"><ele>156.7</ele></trkpt><trkpt lat="37.868940" lon="-122.567420"><ele>162.0</ele></trkpt><trkpt lat="37.869000" lon="-122.567240"><ele>163.5</ele></trkpt><trkpt lat="37.869110" lon="-122.567110"><ele>165.0</ele></trkpt><trkpt lat="37.869170" lon="-122.567070"><ele>165.7</ele></trkpt><trkpt lat="37.869330" lon="-122.567070"><ele>167.3</ele></trkpt><trkpt lat="37.869540" lon="-122.567000"><ele>169.5</ele></trkpt><trkpt lat="37.869550" lon="-122.567000"><ele>169.7</ele></trkpt><trkpt lat="37.869870" lon="-122.567020"><ele>174.5</ele></trkpt><trkpt lat="37.869950" lon="-122.566990"><ele>175.8</ele></trkpt><trkpt lat="37.870190" lon="-122.566960"><ele>179.4</ele></trkpt><trkpt lat="37.870380" lon="-122.566920"><ele>182.3</ele></trkpt><trkpt lat="37.870450" lon="-122.566920"><ele>183.4</ele></trkpt><trkpt lat="37.870610" lon="-122.566980"><ele>186.0</ele></trkpt><trkpt lat="37.870760" lon="-122.566980"><ele>188.3</ele></trkpt><trkpt lat="37.870910" lon="-122.567020"><ele>190.7</ele></trkpt><trkpt lat="37.871320" lon="-122.567100"><ele>196.8</ele></trkpt><trkpt lat="37.871500" lon="-122.567190"><ele>199.6</ele></trkpt><trkpt lat="37.871560" lon="-122.567180"><ele>200.5</ele></trkpt><trkpt lat="37.871600" lon="-122.567150"><ele>201.2</ele></trkpt><trkpt lat="37.871640" lon="-122.567010"><ele>202.7</ele></trkpt><trkpt lat="37.871680" lon="-122.566970"><ele>203.2</ele></trkpt><trkpt lat="37.871810" lon="-122.566920"><ele>204.7</ele></trkpt><trkpt lat="37.871950" lon="-122.566820"><ele>206.5</ele></trkpt><trkpt lat="37.872130" lon="-122.566680"><ele>208.8</ele></trkpt><trkpt lat="37.872190" lon="-122.566570"><ele>209.9</ele></trkpt><trkpt lat="37.872230" lon="-122.566550"><ele>210.5</ele></trkpt><trkpt lat="37.872270" lon="-122.566540"><ele>210.9</ele></trkpt><trkpt lat="37.872320" lon="-122.566560"><ele>211.6</ele></trkpt><trkpt lat="37.872330" lon="-122.566620"><ele>212.2</ele></trkpt><trkpt lat="37.872360" lon="-122.566670"><ele>212.8</ele></trkpt><trkpt lat="37.872470" lon="-122.566730"><ele>214.2</ele></trkpt><trkpt lat="37.872460" lon="-122.566770"><ele>214.6</ele></trkpt><trkpt lat="37.872360" lon="-122.566800"><ele>215.9</ele></trkpt><trkpt lat="37.872270" lon="-122.566870"><ele>217.2</ele></trkpt><trkpt lat="37.872220" lon="-122.566970"><ele>218.3</ele></trkpt><trkpt lat="37.872190" lon="-122.567080"><ele>219.3</ele></trkpt><trkpt lat="37.872210" lon="-122.567370"><ele>221.5</ele></trkpt><trkpt lat="37.872310" lon="-122.567760"><ele>224.5</ele></trkpt><trkpt lat="37.872500" lon="-122.568040"><ele>227.3</ele></trkpt><trkpt lat="37.872540" lon="-122.568050"><ele>227.7</ele></trkpt><trkpt lat="37.872540" lon="-122.568020"><ele>228.0</ele></trkpt><trkpt lat="37.872500" lon="-122.567930"><ele>228.7</ele></trkpt><trkpt lat="37.872470" lon="-122.567840"><ele>229.5</ele></trkpt><trkpt lat="37.872490" lon="-122.567650"><ele>231.0</ele></trkpt><trkpt lat="37.872570" lon="-122.567510"><ele>232.3</ele></trkpt><trkpt lat="37.872630" lon="-122.567470"><ele>232.6</ele></trkpt><trkpt lat="37.872750" lon="-122.567460"><ele>232.8</ele></trkpt><trkpt lat="37.872930" lon="-122.567510"><ele>233.1</ele></trkpt><trkpt lat="37.873220" lon="-122.567450"><ele>233.6</ele></trkpt><trkpt lat="37.873330" lon="-122.567370"><ele>233.9</ele></trkpt><trkpt lat="37.873390" lon="-122.567280"><ele>234.2</ele></trkpt><trkpt lat="37.873520" lon="-122.567180"><ele>234.6</ele></trkpt><trkpt lat="37.873700" lon="-122.566950"><ele>235.4</ele></trkpt><trkpt lat="37.873870" lon="-122.566850"><ele>235.9</ele></trkpt><trkpt lat="37.874160" lon="-122.566730"><ele>235.4</ele></trkpt><trkpt lat="37.874250" lon="-122.566670"><ele>235.2</ele></trkpt><trkpt lat="37.874750" lon="-122.566270"><ele>233.4</ele></trkpt><trkpt lat="37.875040" lon="-122.565990"><ele>231.7</ele></trkpt><trkpt lat="37.875550" lon="-122.565580"><ele>226.9</ele></trkpt><trkpt lat="37.875790" lon="-122.565350"><ele>224.3</ele></trkpt><trkpt lat="37.875840" lon="-122.565280"><ele>223.5</ele></trkpt><trkpt lat="37.876050" lon="-122.564930"><ele>220.1</ele></trkpt><trkpt lat="37.876160" lon="-122.564800"><ele>218.6</ele></trkpt><trkpt lat="37.876230" lon="-122.564750"><ele>217.9</ele></trkpt><trkpt lat="37.876320" lon="-122.564740"><ele>217.2</ele></trkpt><trkpt lat="37.876470" lon="-122.564890"><ele>215.7</ele></trkpt><trkpt lat="37.876640" lon="-122.565030"><ele>214.0</ele></trkpt><trkpt lat="37.876720" lon="-122.565150"><ele>213.0</ele></trkpt><trkpt lat="37.876900" lon="-122.565340"><ele>210.9</ele></trkpt><trkpt lat="37.877040" lon="-122.565430"><ele>209.4</ele></trkpt><trkpt lat="37.877170" lon="-122.565550"><ele>207.8</ele></trkpt><trkpt lat="37.877280" lon="-122.565540"><ele>206.8</ele></trkpt><trkpt lat="37.877430" lon="-122.565460"><ele>205.3</ele></trkpt><trkpt lat="37.877570" lon="-122.565490"><ele>204.3</ele></trkpt><trkpt lat="37.877680" lon="-122.565650"><ele>203.2</ele></trkpt><trkpt lat="37.877720" lon="-122.565620"><ele>202.8</ele></trkpt><trkpt lat="37.877670" lon="-122.565470"><ele>202.0</ele></trkpt><trkpt lat="37.877660" lon="-122.565290"><ele>201.0</ele></trkpt><trkpt lat="37.877610" lon="-122.565120"><ele>200.2</ele></trkpt><trkpt lat="37.877510" lon="-122.564900"><ele>199.2</ele></trkpt><trkpt lat="37.877350" lon="-122.564650"><ele>198.1</ele></trkpt><trkpt lat="37.877460" lon="-122.564600"><ele>197.5</ele></trkpt><trkpt lat="37.877500" lon="-122.564530"><ele>197.2</ele></trkpt><trkpt lat="37.877530" lon="-122.564040"><ele>197.2</ele></trkpt><trkpt lat="37.877520" lon="-122.563880"><ele>197.2</ele></trkpt><trkpt lat="37.877300" lon="-122.563480"><ele>197.5</ele></trkpt><trkpt lat="37.877280" lon="-122.563260"><ele>197.8</ele></trkpt><trkpt lat="37.877310" lon="-122.563070"><ele>198.1</ele></trkpt><trkpt lat="37.877350" lon="-122.562970"><ele>198.2</ele></trkpt><trkpt lat="37.877370" lon="-122.562890"><ele>198.3</ele></trkpt><trkpt lat="37.877360" lon="-122.562540"><ele>200.0</ele></trkpt><trkpt lat="37.877330" lon="-122.562450"><ele>200.6</ele></trkpt><trkpt lat="37.877440" lon="-122.562510"><ele>201.6</ele></trkpt><trkpt lat="37.877490" lon="-122.562510"><ele>201.9</ele></trkpt><trkpt lat="37.877500" lon="-122.562480"><ele>202.1</ele></trkpt><trkpt lat="37.877440" lon="-122.562330"><ele>203.2</ele></trkpt><trkpt lat="37.877380" lon="-122.562230"><ele>203.9</ele></trkpt><trkpt lat="37.877360" lon="-122.562060"><ele>205.4</ele></trkpt><trkpt lat="37.877300" lon="-122.561940"><ele>206.7</ele></trkpt><trkpt lat="37.877350" lon="-122.561620"><ele>209.5</ele></trkpt><trkpt lat="37.877310" lon="-122.561300"><ele>212.2</ele></trkpt><trkpt lat="37.877260" lon="-122.561090"><ele>213.7</ele></trkpt><trkpt lat="37.877180" lon="-122.560970"><ele>214.8</ele></trkpt><trkpt lat="37.877160" lon="-122.560820"><ele>215.9</ele></trkpt><trkpt lat="37.877190" lon="-122.560740"><ele>216.5</ele></trkpt><trkpt lat="37.877260" lon="-122.560490"><ele>218.3</ele></trkpt><trkpt lat="37.877240" lon="-122.560390"><ele>218.8</ele></trkpt><trkpt lat="37.877190" lon="-122.560310"><ele>219.2</ele></trkpt><trkpt lat="37.877080" lon="-122.560180"><ele>220.1</ele></trkpt><trkpt lat="37.877020" lon="-122.560150"><ele>220.4</ele></trkpt><trkpt lat="37.876930" lon="-122.560020"><ele>221.2</ele></trkpt><trkpt lat="37.876960" lon="-122.559840"><ele>222.0</ele></trkpt><trkpt lat="37.877070" lon="-122.559810"><ele>222.2</ele></trkpt><trkpt lat="37.877180" lon="-122.559950"><ele>222.3</ele></trkpt><trkpt lat="37.877260" lon="-122.559980"><ele>222.3</ele></trkpt><trkpt lat="37.877370" lon="-122.559960"><ele>222.4</ele></trkpt><trkpt lat="37.877540" lon="-122.559860"><ele>222.5</ele></trkpt><trkpt lat="37.877690" lon="-122.559850"><ele>222.6</ele></trkpt><trkpt lat="37.877760" lon="-122.559870"><ele>222.9</ele></trkpt><trkpt lat="37.877850" lon="-122.560170"><ele>223.7</ele></trkpt><trkpt lat="37.877950" lon="-122.560250"><ele>224.1</ele></trkpt><trkpt lat="37.878060" lon="-122.560270"><ele>224.5</ele></trkpt><trkpt lat="37.878290" lon="-122.560180"><ele>225.3</ele></trkpt><trkpt lat="37.878420" lon="-122.560200"><ele>225.6</ele></trkpt><trkpt lat="37.878610" lon="-122.560130"><ele>226.2</ele></trkpt><trkpt lat="37.878750" lon="-122.560010"><ele>226.7</ele></trkpt><trkpt lat="37.878890" lon="-122.559720"><ele>227.7</ele></trkpt><trkpt lat="37.879070" lon="-122.559430"><ele>228.9</ele></trkpt><trkpt lat="37.879180" lon="-122.559350"><ele>229.5</ele></trkpt><trkpt lat="37.879420" lon="-122.558980"><ele>229.7</ele></trkpt><trkpt lat="37.879560" lon="-122.558720"><ele>229.3</ele></trkpt><trkpt lat="37.879570" lon="-122.558720"><ele>229.3</ele></trkpt><trkpt lat="37.879640" lon="-122.558520"><ele>229.0</ele></trkpt><trkpt lat="37.879740" lon="-122.558340"><ele>228.4</ele></trkpt><trkpt lat="37.879940" lon="-122.558260"><ele>227.4</ele></trkpt><trkpt lat="37.880130" lon="-122.558250"><ele>226.6</ele></trkpt><trkpt lat="37.880320" lon="-122.558350"><ele>225.6</ele></trkpt><trkpt lat="37.880420" lon="-122.558390"><ele>225.2</ele></trkpt><trkpt lat="37.880520" lon="-122.558380"><ele>224.8</ele></trkpt><trkpt lat="37.880680" lon="-122.558270"><ele>224.1</ele></trkpt><trkpt lat="37.880940" lon="-122.558220"><ele>223.1</ele></trkpt><trkpt lat="37.881020" lon="-122.558050"><ele>222.6</ele></trkpt><trkpt lat="37.881120" lon="-122.557980"><ele>222.2</ele></trkpt><trkpt lat="37.881290" lon="-122.558010"><ele>221.7</ele></trkpt><trkpt lat="37.881480" lon="-122.557980"><ele>221.2</ele></trkpt><trkpt lat="37.881610" lon="-122.557920"><ele>220.8</ele></trkpt><trkpt lat="37.881750" lon="-122.557770"><ele>220.8</ele></trkpt><trkpt lat="37.881920" lon="-122.557490"><ele>221.0</ele></trkpt><trkpt lat="37.882040" lon="-122.557080"><ele>221.1</ele></trkpt><trkpt lat="37.882140" lon="-122.556890"><ele>220.7</ele></trkpt><trkpt lat="37.882240" lon="-122.556760"><ele>220.3</ele></trkpt><trkpt lat="37.882290" lon="-122.556610"><ele>220.0</ele></trkpt><trkpt lat="37.882280" lon="-122.556400"><ele>219.6</ele></trkpt><trkpt lat="37.882320" lon="-122.556240"><ele>219.1</ele></trkpt><trkpt lat="37.882220" lon="-122.555950"><ele>218.0</ele></trkpt><trkpt lat="37.882240" lon="-122.555880"><ele>217.8</ele></trkpt><trkpt lat="37.882270" lon="-122.555840"><ele>217.6</ele></trkpt><trkpt lat="37.882330" lon="-122.555710"><ele>217.1</ele></trkpt><trkpt lat="37.882350" lon="-122.555610"><ele>216.7</ele></trkpt><trkpt lat="37.882290" lon="-122.555500"><ele>216.2</ele></trkpt><trkpt lat="37.882190" lon="-122.555230"><ele>214.7</ele></trkpt><trkpt lat="37.882060" lon="-122.555060"><ele>213.6</ele></trkpt><trkpt lat="37.881980" lon="-122.555010"><ele>213.0</ele></trkpt><trkpt lat="37.881750" lon="-122.554960"><ele>211.5</ele></trkpt><trkpt lat="37.881550" lon="-122.554760"><ele>209.8</ele></trkpt><trkpt lat="37.881510" lon="-122.554680"><ele>209.3</ele></trkpt><trkpt lat="37.881410" lon="-122.554680"><ele>208.6</ele></trkpt><trkpt lat="37.881250" lon="-122.554650"><ele>207.5</ele></trkpt><trkpt lat="37.881110" lon="-122.554690"><ele>206.7</ele></trkpt><trkpt lat="37.881010" lon="-122.554690"><ele>206.4</ele></trkpt><trkpt lat="37.880770" lon="-122.554610"><ele>205.4</ele></trkpt><trkpt lat="37.880650" lon="-122.554670"><ele>204.9</ele></trkpt><trkpt lat="37.880550" lon="-122.554680"><ele>204.5</ele></trkpt><trkpt lat="37.880390" lon="-122.554620"><ele>203.7</ele></trkpt><trkpt lat="37.880260" lon="-122.554610"><ele>202.9</ele></trkpt><trkpt lat="37.880230" lon="-122.554650"><ele>202.7</ele></trkpt><trkpt lat="37.880220" lon="-122.554730"><ele>202.3</ele></trkpt><trkpt lat="37.880340" lon="-122.555020"><ele>200.8</ele></trkpt><trkpt lat="37.880360" lon="-122.555130"><ele>200.3</ele></trkpt><trkpt lat="37.880350" lon="-122.555160"><ele>200.1</ele></trkpt><trkpt lat="37.880300" lon="-122.555190"><ele>199.8</ele></trkpt><trkpt lat="37.880170" lon="-122.555170"><ele>199.3</ele></trkpt><trkpt lat="37.880080" lon="-122.555120"><ele>199.0</ele></trkpt><trkpt lat="37.879760" lon="-122.555030"><ele>197.7</ele></trkpt><trkpt lat="37.879600" lon="-122.554960"><ele>197.1</ele></trkpt><trkpt lat="37.879530" lon="-122.554960"><ele>196.7</ele></trkpt><trkpt lat="37.879520" lon="-122.554930"><ele>196.6</ele></trkpt><trkpt lat="37.879720" lon="-122.554840"><ele>195.5</ele></trkpt><trkpt lat="37.879720" lon="-122.554810"><ele>195.4</ele></trkpt><trkpt lat="37.879570" lon="-122.554770"><ele>194.6</ele></trkpt><trkpt lat="37.879440" lon="-122.554780"><ele>194.0</ele></trkpt><trkpt lat="37.879370" lon="-122.554710"><ele>193.5</ele></trkpt><trkpt lat="37.879410" lon="-122.554640"><ele>193.4</ele></trkpt><trkpt lat="37.879410" lon="-122.554520"><ele>193.2</ele></trkpt><trkpt lat="37.879210" lon="-122.554140"><ele>192.4</ele></trkpt><trkpt lat="37.879210" lon="-122.553990"><ele>192.2</ele></trkpt><trkpt lat="37.879230" lon="-122.553930"><ele>192.0</ele></trkpt><trkpt lat="37.879110" lon="-122.553860"><ele>192.4</ele></trkpt><trkpt lat="37.878960" lon="-122.553620"><ele>193.2</ele></trkpt><trkpt lat="37.878850" lon="-122.553570"><ele>193.6</ele></trkpt><trkpt lat="37.878760" lon="-122.553590"><ele>193.9</ele></trkpt><trkpt lat="37.878600" lon="-122.553720"><ele>194.6</ele></trkpt><trkpt lat="37.878530" lon="-122.553760"><ele>194.9</ele></trkpt><trkpt lat="37.878410" lon="-122.553740"><ele>195.3</ele></trkpt><trkpt lat="37.878290" lon="-122.553660"><ele>195.9</ele></trkpt><trkpt lat="37.878150" lon="-122.553630"><ele>196.4</ele></trkpt><trkpt lat="37.878080" lon="-122.553640"><ele>196.7</ele></trkpt><trkpt lat="37.878020" lon="-122.553660"><ele>196.9</ele></trkpt><trkpt lat="37.877780" lon="-122.553820"><ele>198.9</ele></trkpt><trkpt lat="37.877670" lon="-122.553810"><ele>199.9</ele></trkpt><trkpt lat="37.877570" lon="-122.553760"><ele>200.8</ele></trkpt><trkpt lat="37.877520" lon="-122.553700"><ele>201.5</ele></trkpt><trkpt lat="37.877390" lon="-122.553460"><ele>203.5</ele></trkpt><trkpt lat="37.877230" lon="-122.553320"><ele>204.3</ele></trkpt><trkpt lat="37.877020" lon="-122.553210"><ele>205.2</ele></trkpt><trkpt lat="37.876980" lon="-122.553160"><ele>205.4</ele></trkpt><trkpt lat="37.876880" lon="-122.552890"><ele>206.3</ele></trkpt><trkpt lat="37.876860" lon="-122.552860"><ele>206.4</ele></trkpt><trkpt lat="37.876700" lon="-122.552760"><ele>207.3</ele></trkpt><trkpt lat="37.876610" lon="-122.552670"><ele>207.9</ele></trkpt><trkpt lat="37.876600" lon="-122.552530"><ele>208.4</ele></trkpt><trkpt lat="37.876720" lon="-122.552290"><ele>209.6</ele></trkpt><trkpt lat="37.876730" lon="-122.552230"><ele>209.8</ele></trkpt><trkpt lat="37.876690" lon="-122.552150"><ele>210.0</ele></trkpt><trkpt lat="37.876510" lon="-122.552120"><ele>210.2</ele></trkpt><trkpt lat="37.876470" lon="-122.552100"><ele>210.2</ele></trkpt><trkpt lat="37.876440" lon="-122.552050"><ele>210.3</ele></trkpt><trkpt lat="37.876390" lon="-122.551800"><ele>210.4</ele></trkpt><trkpt lat="37.876340" lon="-122.551720"><ele>210.5</ele></trkpt><trkpt lat="37.876230" lon="-122.551680"><ele>210.6</ele></trkpt><trkpt lat="37.875910" lon="-122.551660"><ele>215.0</ele></trkpt><trkpt lat="37.875750" lon="-122.551720"><ele>217.3</ele></trkpt><trkpt lat="37.875670" lon="-122.551680"><ele>218.5</ele></trkpt><trkpt lat="37.875610" lon="-122.551550"><ele>220.2</ele></trkpt><trkpt lat="37.875580" lon="-122.551510"><ele>220.8</ele></trkpt><trkpt lat="37.875460" lon="-122.551510"><ele>222.4</ele></trkpt><trkpt lat="37.875260" lon="-122.551680"><ele>225.6</ele></trkpt><trkpt lat="37.875190" lon="-122.551760"><ele>226.9</ele></trkpt><trkpt lat="37.875150" lon="-122.551830"><ele>227.8</ele></trkpt><trkpt lat="37.875040" lon="-122.552150"><ele>231.5</ele></trkpt><trkpt lat="37.874990" lon="-122.552200"><ele>232.3</ele></trkpt><trkpt lat="37.874930" lon="-122.552220"><ele>233.1</ele></trkpt><trkpt lat="37.874740" lon="-122.552230"><ele>235.6</ele></trkpt><trkpt lat="37.874580" lon="-122.552340"><ele>237.9</ele></trkpt><trkpt lat="37.874500" lon="-122.552340"><ele>239.0</ele></trkpt><trkpt lat="37.874450" lon="-122.552310"><ele>239.7</ele></trkpt><trkpt lat="37.874320" lon="-122.552170"><ele>239.7</ele></trkpt><trkpt lat="37.874150" lon="-122.551890"><ele>239.5</ele></trkpt><trkpt lat="37.874100" lon="-122.551850"><ele>239.5</ele></trkpt><trkpt lat="37.873890" lon="-122.551810"><ele>239.3</ele></trkpt><trkpt lat="37.873760" lon="-122.551740"><ele>239.3</ele></trkpt><trkpt lat="37.873710" lon="-122.551670"><ele>239.4</ele></trkpt><trkpt lat="37.873610" lon="-122.551460"><ele>239.4</ele></trkpt><trkpt lat="37.873570" lon="-122.551420"><ele>239.5</ele></trkpt><trkpt lat="37.873450" lon="-122.551350"><ele>239.5</ele></trkpt><trkpt lat="37.873180" lon="-122.551110"><ele>239.8</ele></trkpt><trkpt lat="37.873120" lon="-122.551090"><ele>239.9</ele></trkpt><trkpt lat="37.873080" lon="-122.551090"><ele>239.9</ele></trkpt><trkpt lat="37.873030" lon="-122.551130"><ele>240.0</ele></trkpt><trkpt lat="37.872890" lon="-122.551490"><ele>240.4</ele></trkpt><trkpt lat="37.872560" lon="-122.551770"><ele>243.1</ele></trkpt><trkpt lat="37.872270" lon="-122.551980"><ele>245.7</ele></trkpt><trkpt lat="37.872220" lon="-122.552050"><ele>246.1</ele></trkpt><trkpt lat="37.872220" lon="-122.552060"><ele>246.1</ele></trkpt><trkpt lat="37.872150" lon="-122.552190"><ele>246.3</ele></trkpt><trkpt lat="37.872090" lon="-122.552250"><ele>246.5</ele></trkpt><trkpt lat="37.871900" lon="-122.552400"><ele>247.0</ele></trkpt><trkpt lat="37.871690" lon="-122.552760"><ele>248.0</ele></trkpt><trkpt lat="37.871580" lon="-122.552830"><ele>248.6</ele></trkpt><trkpt lat="37.871480" lon="-122.552830"><ele>249.1</ele></trkpt><trkpt lat="37.871420" lon="-122.552780"><ele>249.5</ele></trkpt><trkpt lat="37.871380" lon="-122.552720"><ele>249.8</ele></trkpt><trkpt lat="37.871360" lon="-122.552640"><ele>250.1</ele></trkpt><trkpt lat="37.871340" lon="-122.552400"><ele>251.1</ele></trkpt><trkpt lat="37.871290" lon="-122.552060"><ele>250.5</ele></trkpt><trkpt lat="37.871230" lon="-122.551950"><ele>250.2</ele></trkpt><trkpt lat="37.871160" lon="-122.551860"><ele>250.0</ele></trkpt><trkpt lat="37.871060" lon="-122.551850"><ele>249.7</ele></trkpt><trkpt lat="37.870870" lon="-122.551940"><ele>249.4</ele></trkpt><trkpt lat="37.870600" lon="-122.552100"><ele>249.6</ele></trkpt><trkpt lat="37.870520" lon="-122.552090"><ele>249.7</ele></trkpt><trkpt lat="37.870490" lon="-122.552050"><ele>249.7</ele></trkpt><trkpt lat="37.870460" lon="-122.551950"><ele>249.8</ele></trkpt><trkpt lat="37.870460" lon="-122.551810"><ele>249.9</ele></trkpt><trkpt lat="37.870490" lon="-122.551560"><ele>250.0</ele></trkpt><trkpt lat="37.870540" lon="-122.551290"><ele>250.1</ele></trkpt><trkpt lat="37.870550" lon="-122.551140"><ele>250.1</ele></trkpt><trkpt lat="37.870530" lon="-122.550830"><ele>250.3</ele></trkpt><trkpt lat="37.870480" lon="-122.550710"><ele>250.5</ele></trkpt><trkpt lat="37.870450" lon="-122.550680"><ele>250.6</ele></trkpt><trkpt lat="37.870420" lon="-122.550660"><ele>250.7</ele></trkpt><trkpt lat="37.870320" lon="-122.550670"><ele>251.0</ele></trkpt><trkpt lat="37.870180" lon="-122.550710"><ele>251.3</ele></trkpt><trkpt lat="37.870070" lon="-122.550770"><ele>251.6</ele></trkpt><trkpt lat="37.869660" lon="-122.551150"><ele>252.2</ele></trkpt><trkpt lat="37.869470" lon="-122.551370"><ele>252.3</ele></trkpt><trkpt lat="37.869380" lon="-122.551360"><ele>252.4</ele></trkpt><trkpt lat="37.869250" lon="-122.551240"><ele>252.8</ele></trkpt><trkpt lat="37.869110" lon="-122.551180"><ele>253.2</ele></trkpt><trkpt lat="37.869090" lon="-122.551100"><ele>253.4</ele></trkpt><trkpt lat="37.869090" lon="-122.551050"><ele>253.5</ele></trkpt><trkpt lat="37.869220" lon="-122.550790"><ele>254.2</ele></trkpt><trkpt lat="37.869320" lon="-122.550370"><ele>255.8</ele></trkpt><trkpt lat="37.869420" lon="-122.550120"><ele>256.9</ele></trkpt><trkpt lat="37.869470" lon="-122.549630"><ele>259.3</ele></trkpt><trkpt lat="37.869510" lon="-122.549560"><ele>259.9</ele></trkpt><trkpt lat="37.869550" lon="-122.549330"><ele>261.5</ele></trkpt><trkpt lat="37.869530" lon="-122.549240"><ele>262.1</ele></trkpt><trkpt lat="37.869430" lon="-122.549090"><ele>263.4</ele></trkpt><trkpt lat="37.869280" lon="-122.549060"><ele>264.4</ele></trkpt><trkpt lat="37.869200" lon="-122.549090"><ele>264.7</ele></trkpt><trkpt lat="37.869120" lon="-122.549160"><ele>265.0</ele></trkpt><trkpt lat="37.869080" lon="-122.549260"><ele>265.3</ele></trkpt><trkpt lat="37.869050" lon="-122.549670"><ele>266.5</ele></trkpt><trkpt lat="37.869000" lon="-122.549790"><ele>267.0</ele></trkpt><trkpt lat="37.868820" lon="-122.550030"><ele>269.2</ele></trkpt><trkpt lat="37.868610" lon="-122.550230"><ele>271.4</ele></trkpt><trkpt lat="37.868500" lon="-122.550300"><ele>272.5</ele></trkpt><trkpt lat="37.868340" lon="-122.550380"><ele>273.6</ele></trkpt><trkpt lat="37.868300" lon="-122.550430"><ele>274.0</ele></trkpt><trkpt lat="37.868250" lon="-122.550540"><ele>274.6</ele></trkpt><trkpt lat="37.868140" lon="-122.551040"><ele>277.2</ele></trkpt><trkpt lat="37.868000" lon="-122.551290"><ele>279.1</ele></trkpt><trkpt lat="37.867920" lon="-122.551370"><ele>280.0</ele></trkpt><trkpt lat="37.867580" lon="-122.551630"><ele>283.2</ele></trkpt><trkpt lat="37.867510" lon="-122.551650"><ele>283.3</ele></trkpt><trkpt lat="37.867450" lon="-122.551640"><ele>283.4</ele></trkpt><trkpt lat="37.867380" lon="-122.551570"><ele>283.5</ele></trkpt><trkpt lat="37.867350" lon="-122.551490"><ele>283.7</ele></trkpt><trkpt lat="37.867330" lon="-122.551370"><ele>283.8</ele></trkpt><trkpt lat="37.867320" lon="-122.550450"><ele>282.6</ele></trkpt><trkpt lat="37.867230" lon="-122.550230"><ele>281.6</ele></trkpt><trkpt lat="37.867210" lon="-122.550120"><ele>281.2</ele></trkpt><trkpt lat="37.867210" lon="-122.550020"><ele>280.9</ele></trkpt><trkpt lat="37.867350" lon="-122.549770"><ele>279.7</ele></trkpt><trkpt lat="37.867390" lon="-122.549640"><ele>279.2</ele></trkpt><trkpt lat="37.867410" lon="-122.549510"><ele>278.8</ele></trkpt><trkpt lat="37.867410" lon="-122.549410"><ele>278.4</ele></trkpt><trkpt lat="37.867320" lon="-122.549190"><ele>277.7</ele></trkpt><trkpt lat="37.867210" lon="-122.549020"><ele>277.9</ele></trkpt><trkpt lat="37.867090" lon="-122.548760"><ele>278.1</ele></trkpt><trkpt lat="37.867030" lon="-122.548940"><ele>278.2</ele></trkpt><trkpt lat="37.867000" lon="-122.549840"><ele>282.4</ele></trkpt><trkpt lat="37.867030" lon="-122.550150"><ele>283.8</ele></trkpt><trkpt lat="37.867100" lon="-122.550350"><ele>284.7</ele></trkpt><trkpt lat="37.867180" lon="-122.550540"><ele>285.6</ele></trkpt><trkpt lat="37.867200" lon="-122.550710"><ele>286.2</ele></trkpt><trkpt lat="37.867180" lon="-122.550900"><ele>287.2</ele></trkpt><trkpt lat="37.867050" lon="-122.551320"><ele>290.4</ele></trkpt><trkpt lat="37.867020" lon="-122.551610"><ele>292.5</ele></trkpt><trkpt lat="37.867020" lon="-122.552100"><ele>296.7</ele></trkpt><trkpt lat="37.867060" lon="-122.552270"><ele>298.3</ele></trkpt><trkpt lat="37.867020" lon="-122.552350"><ele>299.1</ele></trkpt><trkpt lat="37.866990" lon="-122.552350"><ele>299.5</ele></trkpt><trkpt lat="37.866930" lon="-122.552290"><ele>300.3</ele></trkpt><trkpt lat="37.866900" lon="-122.552210"><ele>301.1</ele></trkpt><trkpt lat="37.866790" lon="-122.552100"><ele>302.6</ele></trkpt><trkpt lat="37.866680" lon="-122.552070"><ele>303.7</ele></trkpt><trkpt lat="37.866560" lon="-122.552080"><ele>304.9</ele></trkpt><trkpt lat="37.866310" lon="-122.552170"><ele>307.5</ele></trkpt><trkpt lat="37.866200" lon="-122.552530"><ele>308.5</ele></trkpt><trkpt lat="37.866110" lon="-122.552630"><ele>308.4</ele></trkpt><trkpt lat="37.865700" lon="-122.552860"><ele>307.5</ele></trkpt><trkpt lat="37.865240" lon="-122.553060"><ele>303.2</ele></trkpt><trkpt lat="37.864280" lon="-122.553370"><ele>293.5</ele></trkpt><trkpt lat="37.863390" lon="-122.553520"><ele>285.6</ele></trkpt><trkpt lat="37.862220" lon="-122.554040"><ele>271.2</ele></trkpt><trkpt lat="37.860110" lon="-122.554930"><ele>268.8</ele></trkpt><trkpt lat="37.859730" lon="-122.555130"><ele>271.6</ele></trkpt><trkpt lat="37.859460" lon="-122.554610"><ele>271.4</ele></trkpt><trkpt lat="37.859220" lon="-122.554200"><ele>268.9</ele></trkpt><trkpt lat="37.858640" lon="-122.554000"><ele>262.0</ele></trkpt><trkpt lat="37.857810" lon="-122.553900"><ele>250.3</ele></trkpt><trkpt lat="37.857660" lon="-122.553860"><ele>248.3</ele></trkpt><trkpt lat="37.857550" lon="-122.553770"><ele>246.8</ele></trkpt><trkpt lat="37.857030" lon="-122.553100"><ele>238.0</ele></trkpt><trkpt lat="37.856690" lon="-122.552900"><ele>233.5</ele></trkpt><trkpt lat="37.856450" lon="-122.552840"><ele>230.9</ele></trkpt><trkpt lat="37.855920" lon="-122.552930"><ele>225.7</ele></trkpt><trkpt lat="37.855510" lon="-122.553110"><ele>222.0</ele></trkpt><trkpt lat="37.854840" lon="-122.553300"><ele>217.9</ele></trkpt><trkpt lat="37.854310" lon="-122.553490"><ele>215.8</ele></trkpt><trkpt lat="37.853890" lon="-122.553870"><ele>214.1</ele></trkpt><trkpt lat="37.853730" lon="-122.554090"><ele>211.6</ele></trkpt><trkpt lat="37.853570" lon="-122.554410"><ele>208.2</ele></trkpt><trkpt lat="37.853480" lon="-122.554470"><ele>207.1</ele></trkpt><trkpt lat="37.851850" lon="-122.554760"><ele>188.4</ele></trkpt><trkpt lat="37.851700" lon="-122.554850"><ele>187.4</ele></trkpt><trkpt lat="37.851590" lon="-122.554990"><ele>186.4</ele></trkpt><trkpt lat="37.851490" lon="-122.555250"><ele>185.0</ele></trkpt><trkpt lat="37.851290" lon="-122.555560"><ele>182.8</ele></trkpt><trkpt lat="37.850820" lon="-122.555960"><ele>178.9</ele></trkpt><trkpt lat="37.850360" lon="-122.556320"><ele>175.9</ele></trkpt><trkpt lat="37.850140" lon="-122.556410"><ele>174.1</ele></trkpt><trkpt lat="37.850130" lon="-122.556410"><ele>173.9</ele></trkpt><trkpt lat="37.850100" lon="-122.556420"><ele>173.6</ele></trkpt><trkpt lat="37.849980" lon="-122.556410"><ele>172.3</ele></trkpt><trkpt lat="37.849920" lon="-122.556380"><ele>171.6</ele></trkpt><trkpt lat="37.849900" lon="-122.556200"><ele>170.1</ele></trkpt><trkpt lat="37.849960" lon="-122.555390"><ele>161.9</ele></trkpt><trkpt lat="37.850150" lon="-122.554850"><ele>155.0</ele></trkpt><trkpt lat="37.850220" lon="-122.554510"><ele>150.4</ele></trkpt><trkpt lat="37.850210" lon="-122.554090"><ele>145.1</ele></trkpt><trkpt lat="37.850170" lon="-122.553880"><ele>143.0</ele></trkpt><trkpt lat="37.849920" lon="-122.553670"><ele>139.3</ele></trkpt><trkpt lat="37.849700" lon="-122.553320"><ele>134.7</ele></trkpt><trkpt lat="37.849430" lon="-122.553090"><ele>130.2</ele></trkpt><trkpt lat="37.849340" lon="-122.552970"><ele>128.4</ele></trkpt><trkpt lat="37.849110" lon="-122.552460"><ele>122.4</ele></trkpt><trkpt lat="37.848710" lon="-122.551750"><ele>113.3</ele></trkpt><trkpt lat="37.848660" lon="-122.551610"><ele>111.6</ele></trkpt><trkpt lat="37.848740" lon="-122.551360"><ele>108.7</ele></trkpt><trkpt lat="37.848750" lon="-122.551220"><ele>107.1</ele></trkpt><trkpt lat="37.848720" lon="-122.551160"><ele>106.3</ele></trkpt><trkpt lat="37.848690" lon="-122.551110"><ele>105.5</ele></trkpt><trkpt lat="37.848570" lon="-122.551070"><ele>103.6</ele></trkpt><trkpt lat="37.848390" lon="-122.551110"><ele>100.9</ele></trkpt><trkpt lat="37.848260" lon="-122.551090"><ele>98.9</ele></trkpt><trkpt lat="37.848180" lon="-122.551000"><ele>97.3</ele></trkpt><trkpt lat="37.848140" lon="-122.550910"><ele>96.1</ele></trkpt><trkpt lat="37.848050" lon="-122.550440"><ele>90.3</ele></trkpt><trkpt lat="37.848050" lon="-122.550000"><ele>85.1</ele></trkpt><trkpt lat="37.848140" lon="-122.549600"><ele>80.5</ele></trkpt><trkpt lat="37.848230" lon="-122.548990"><ele>74.4</ele></trkpt><trkpt lat="37.848310" lon="-122.548620"><ele>71.5</ele></trkpt><trkpt lat="37.848430" lon="-122.547930"><ele>63.8</ele></trkpt><trkpt lat="37.848820" lon="-122.546890"><ele>48.5</ele></trkpt><trkpt lat="37.848930" lon="-122.546380"><ele>42.1</ele></trkpt><trkpt lat="37.849010" lon="-122.545880"><ele>36.4</ele></trkpt><trkpt lat="37.849480" lon="-122.545310"><ele>33.6</ele></trkpt><trkpt lat="37.849510" lon="-122.545180"><ele>33.4</ele></trkpt><trkpt lat="37.849520" lon="-122.544700"><ele>32.2</ele></trkpt><trkpt lat="37.849480" lon="-122.544500"><ele>31.7</ele></trkpt><trkpt lat="37.849350" lon="-122.544200"><ele>30.8</ele></trkpt><trkpt lat="37.849280" lon="-122.543920"><ele>29.7</ele></trkpt><trkpt lat="37.849340" lon="-122.543140"><ele>27.3</ele></trkpt><trkpt lat="37.849270" lon="-122.542820"><ele>27.1</ele></trkpt><trkpt lat="37.849170" lon="-122.542550"><ele>26.9</ele></trkpt><trkpt lat="37.849130" lon="-122.542320"><ele>27.1</ele></trkpt><trkpt lat="37.849130" lon="-122.541460"><ele>29.2</ele></trkpt><trkpt lat="37.849180" lon="-122.540950"><ele>32.8</ele></trkpt><trkpt lat="37.849300" lon="-122.540620"><ele>35.2</ele></trkpt><trkpt lat="37.849490" lon="-122.540200"><ele>36.3</ele></trkpt><trkpt lat="37.849800" lon="-122.539750"><ele>37.3</ele></trkpt><trkpt lat="37.850260" lon="-122.539190"><ele>37.3</ele></trkpt><trkpt lat="37.850770" lon="-122.538680"><ele>34.1</ele></trkpt><trkpt lat="37.850980" lon="-122.538580"><ele>33.4</ele></trkpt><trkpt lat="37.851310" lon="-122.538530"><ele>32.5</ele></trkpt><trkpt lat="37.851850" lon="-122.538570"><ele>32.3</ele></trkpt><trkpt lat="37.852160" lon="-122.538570"><ele>32.6</ele></trkpt><trkpt lat="37.852440" lon="-122.538720"><ele>33.9</ele></trkpt><trkpt lat="37.853170" lon="-122.539020"><ele>37.7</ele></trkpt><trkpt lat="37.853560" lon="-122.539220"><ele>40.0</ele></trkpt><trkpt lat="37.854100" lon="-122.539580"><ele>41.8</ele></trkpt><trkpt lat="37.854460" lon="-122.539710"><ele>42.3</ele></trkpt><trkpt lat="37.854700" lon="-122.539750"><ele>42.5</ele></trkpt><trkpt lat="37.854930" lon="-122.539700"><ele>42.6</ele></trkpt><trkpt lat="37.855320" lon="-122.539520"><ele>42.1</ele></trkpt><trkpt lat="37.855560" lon="-122.539450"><ele>41.8</ele></trkpt><trkpt lat="37.856160" lon="-122.539360"><ele>42.5</ele></trkpt><trkpt lat="37.856460" lon="-122.539240"><ele>42.9</ele></trkpt><trkpt lat="37.857410" lon="-122.539010"><ele>49.0</ele></trkpt><trkpt lat="37.857630" lon="-122.538870"><ele>52.2</ele></trkpt><trkpt lat="37.860875" lon="-122.545730"><ele>86.6</ele></trkpt></trkseg></trk>
<trk><name>Sun alt 2 watershed</name><trkseg><trkpt lat="38.018120" lon="-122.733360"><ele>41.8</ele></trkpt><trkpt lat="38.017870" lon="-122.732990"><ele>42.6</ele></trkpt><trkpt lat="38.017810" lon="-122.732810"><ele>42.9</ele></trkpt><trkpt lat="38.017740" lon="-122.732620"><ele>43.2</ele></trkpt><trkpt lat="38.017690" lon="-122.732280"><ele>43.6</ele></trkpt><trkpt lat="38.017690" lon="-122.731680"><ele>44.2</ele></trkpt><trkpt lat="38.017840" lon="-122.731120"><ele>43.8</ele></trkpt><trkpt lat="38.018130" lon="-122.730590"><ele>43.3</ele></trkpt><trkpt lat="38.018670" lon="-122.729850"><ele>42.0</ele></trkpt><trkpt lat="38.019030" lon="-122.729220"><ele>41.1</ele></trkpt><trkpt lat="38.019470" lon="-122.728710"><ele>40.6</ele></trkpt><trkpt lat="38.019620" lon="-122.728280"><ele>39.6</ele></trkpt><trkpt lat="38.019750" lon="-122.727930"><ele>38.9</ele></trkpt><trkpt lat="38.019840" lon="-122.727200"><ele>38.2</ele></trkpt><trkpt lat="38.019670" lon="-122.726420"><ele>38.8</ele></trkpt><trkpt lat="38.019180" lon="-122.725600"><ele>40.4</ele></trkpt><trkpt lat="38.018420" lon="-122.724700"><ele>42.8</ele></trkpt><trkpt lat="38.017780" lon="-122.724250"><ele>45.1</ele></trkpt><trkpt lat="38.017540" lon="-122.723950"><ele>46.2</ele></trkpt><trkpt lat="38.017360" lon="-122.723880"><ele>46.7</ele></trkpt><trkpt lat="38.017010" lon="-122.723570"><ele>47.3</ele></trkpt><trkpt lat="38.016890" lon="-122.723430"><ele>47.5</ele></trkpt><trkpt lat="38.016850" lon="-122.723360"><ele>47.5</ele></trkpt><trkpt lat="38.016740" lon="-122.723060"><ele>47.1</ele></trkpt><trkpt lat="38.016650" lon="-122.722510"><ele>46.4</ele></trkpt><trkpt lat="38.016610" lon="-122.721690"><ele>45.5</ele></trkpt><trkpt lat="38.016590" lon="-122.721150"><ele>45.4</ele></trkpt><trkpt lat="38.016550" lon="-122.720830"><ele>45.4</ele></trkpt><trkpt lat="38.016460" lon="-122.720420"><ele>45.5</ele></trkpt><trkpt lat="38.016320" lon="-122.720010"><ele>45.7</ele></trkpt><trkpt lat="38.015740" lon="-122.718630"><ele>55.8</ele></trkpt><trkpt lat="38.014490" lon="-122.715760"><ele>61.0</ele></trkpt><trkpt lat="38.014230" lon="-122.715310"><ele>54.9</ele></trkpt><trkpt lat="38.014100" lon="-122.715140"><ele>52.3</ele></trkpt><trkpt lat="38.013990" lon="-122.715020"><ele>52.4</ele></trkpt><trkpt lat="38.013440" lon="-122.714570"><ele>55.5</ele></trkpt><trkpt lat="38.012810" lon="-122.714120"><ele>56.1</ele></trkpt><trkpt lat="38.012580" lon="-122.713890"><ele>56.4</ele></trkpt><trkpt lat="38.012360" lon="-122.713530"><ele>56.7</ele></trkpt><trkpt lat="38.012190" lon="-122.713150"><ele>56.2</ele></trkpt><trkpt lat="38.011920" lon="-122.712620"><ele>55.3</ele></trkpt><trkpt lat="38.011780" lon="-122.712410"><ele>55.0</ele></trkpt><trkpt lat="38.011440" lon="-122.712050"><ele>54.2</ele></trkpt><trkpt lat="38.011080" lon="-122.711840"><ele>53.7</ele></trkpt><trkpt lat="38.010670" lon="-122.711630"><ele>53.2</ele></trkpt><trkpt lat="38.010570" lon="-122.711520"><ele>53.1</ele></trkpt><trkpt lat="38.009360" lon="-122.711150"><ele>52.7</ele></trkpt><trkpt lat="38.009160" lon="-122.711060"><ele>52.6</ele></trkpt><trkpt lat="38.008980" lon="-122.711030"><ele>52.5</ele></trkpt><trkpt lat="38.008340" lon="-122.710840"><ele>52.8</ele></trkpt><trkpt lat="38.008050" lon="-122.710780"><ele>53.0</ele></trkpt><trkpt lat="38.007850" lon="-122.710780"><ele>53.2</ele></trkpt><trkpt lat="38.007500" lon="-122.710840"><ele>53.5</ele></trkpt><trkpt lat="38.007360" lon="-122.710820"><ele>53.6</ele></trkpt><trkpt lat="38.007180" lon="-122.710840"><ele>53.7</ele></trkpt><trkpt lat="38.006920" lon="-122.710840"><ele>53.8</ele></trkpt><trkpt lat="38.006810" lon="-122.710820"><ele>53.9</ele></trkpt><trkpt lat="38.006080" lon="-122.710790"><ele>54.2</ele></trkpt><trkpt lat="38.005790" lon="-122.710750"><ele>54.3</ele></trkpt><trkpt lat="38.005620" lon="-122.710660"><ele>54.5</ele></trkpt><trkpt lat="38.005540" lon="-122.710580"><ele>54.6</ele></trkpt><trkpt lat="38.005380" lon="-122.710320"><ele>54.8</ele></trkpt><trkpt lat="38.005200" lon="-122.709630"><ele>55.3</ele></trkpt><trkpt lat="38.005180" lon="-122.709020"><ele>55.2</ele></trkpt><trkpt lat="38.005270" lon="-122.708460"><ele>54.6</ele></trkpt><trkpt lat="38.005250" lon="-122.708280"><ele>56.5</ele></trkpt><trkpt lat="38.004810" lon="-122.708320"><ele>64.1</ele></trkpt><trkpt lat="38.004640" lon="-122.708360"><ele>67.1</ele></trkpt><trkpt lat="38.004610" lon="-122.708440"><ele>67.1</ele></trkpt><trkpt lat="38.003230" lon="-122.708350"><ele>70.7</ele></trkpt><trkpt lat="38.002870" lon="-122.708260"><ele>65.9</ele></trkpt><trkpt lat="38.002590" lon="-122.708220"><ele>62.2</ele></trkpt><trkpt lat="38.002450" lon="-122.708220"><ele>61.9</ele></trkpt><trkpt lat="38.002330" lon="-122.708250"><ele>63.1</ele></trkpt><trkpt lat="38.001910" lon="-122.708460"><ele>67.2</ele></trkpt><trkpt lat="38.001830" lon="-122.708470"><ele>68.0</ele></trkpt><trkpt lat="38.001720" lon="-122.708460"><ele>70.0</ele></trkpt><trkpt lat="38.001650" lon="-122.708430"><ele>71.3</ele></trkpt><trkpt lat="38.001610" lon="-122.708310"><ele>73.3</ele></trkpt><trkpt lat="38.001530" lon="-122.708160"><ele>75.9</ele></trkpt><trkpt lat="38.001510" lon="-122.708050"><ele>77.5</ele></trkpt><trkpt lat="38.001510" lon="-122.707920"><ele>79.4</ele></trkpt><trkpt lat="38.001570" lon="-122.707840"><ele>81.1</ele></trkpt><trkpt lat="38.001640" lon="-122.707800"><ele>82.5</ele></trkpt><trkpt lat="38.001880" lon="-122.707950"><ele>87.8</ele></trkpt><trkpt lat="38.001980" lon="-122.707960"><ele>89.8</ele></trkpt><trkpt lat="38.002120" lon="-122.707910"><ele>92.6</ele></trkpt><trkpt lat="38.002350" lon="-122.707740"><ele>98.1</ele></trkpt><trkpt lat="38.002480" lon="-122.707690"><ele>101.1</ele></trkpt><trkpt lat="38.002970" lon="-122.707640"><ele>111.4</ele></trkpt><trkpt lat="38.003070" lon="-122.707590"><ele>112.0</ele></trkpt><trkpt lat="38.003110" lon="-122.707520"><ele>112.4</ele></trkpt><trkpt lat="38.003140" lon="-122.707260"><ele>113.7</ele></trkpt><trkpt lat="38.003200" lon="-122.707150"><ele>114.3</ele></trkpt><trkpt lat="38.003240" lon="-122.707120"><ele>114.5</ele></trkpt><trkpt lat="38.003300" lon="-122.707130"><ele>114.9</ele></trkpt><trkpt lat="38.003340" lon="-122.707150"><ele>115.2</ele></trkpt><trkpt lat="38.003490" lon="-122.707280"><ele>116.3</ele></trkpt><trkpt lat="38.003640" lon="-122.707370"><ele>117.5</ele></trkpt><trkpt lat="38.003730" lon="-122.707370"><ele>118.1</ele></trkpt><trkpt lat="38.004040" lon="-122.707250"><ele>120.3</ele></trkpt><trkpt lat="38.004140" lon="-122.707180"><ele>120.8</ele></trkpt><trkpt lat="38.004200" lon="-122.707120"><ele>121.1</ele></trkpt><trkpt lat="38.004220" lon="-122.707050"><ele>121.4</ele></trkpt><trkpt lat="38.004190" lon="-122.706940"><ele>121.8</ele></trkpt><trkpt lat="38.004130" lon="-122.706850"><ele>122.2</ele></trkpt><trkpt lat="38.004090" lon="-122.706630"><ele>122.9</ele></trkpt><trkpt lat="38.004040" lon="-122.706510"><ele>123.4</ele></trkpt><trkpt lat="38.003820" lon="-122.706270"><ele>127.8</ele></trkpt><trkpt lat="38.003690" lon="-122.706030"><ele>131.5</ele></trkpt><trkpt lat="38.003660" lon="-122.705950"><ele>132.6</ele></trkpt><trkpt lat="38.003640" lon="-122.705860"><ele>133.7</ele></trkpt><trkpt lat="38.003650" lon="-122.705770"><ele>134.9</ele></trkpt><trkpt lat="38.003730" lon="-122.705440"><ele>139.7</ele></trkpt><trkpt lat="38.003780" lon="-122.705090"><ele>144.7</ele></trkpt><trkpt lat="38.003830" lon="-122.704990"><ele>146.3</ele></trkpt><trkpt lat="38.004010" lon="-122.704710"><ele>150.2</ele></trkpt><trkpt lat="38.004120" lon="-122.704460"><ele>152.9</ele></trkpt><trkpt lat="38.004130" lon="-122.704370"><ele>153.8</ele></trkpt><trkpt lat="38.004110" lon="-122.704190"><ele>155.5</ele></trkpt><trkpt lat="38.004110" lon="-122.704000"><ele>157.3</ele></trkpt><trkpt lat="38.004180" lon="-122.703690"><ele>160.4</ele></trkpt><trkpt lat="38.004190" lon="-122.703560"><ele>161.7</ele></trkpt><trkpt lat="38.004180" lon="-122.703330"><ele>163.9</ele></trkpt><trkpt lat="38.004180" lon="-122.703050"><ele>166.3</ele></trkpt><trkpt lat="38.004160" lon="-122.702960"><ele>167.0</ele></trkpt><trkpt lat="38.004190" lon="-122.702780"><ele>168.4</ele></trkpt><trkpt lat="38.004220" lon="-122.702760"><ele>168.8</ele></trkpt><trkpt lat="38.004360" lon="-122.702820"><ele>170.2</ele></trkpt><trkpt lat="38.004650" lon="-122.703000"><ele>173.9</ele></trkpt><trkpt lat="38.004800" lon="-122.703130"><ele>176.5</ele></trkpt><trkpt lat="38.004890" lon="-122.703200"><ele>178.0</ele></trkpt><trkpt lat="38.004960" lon="-122.703220"><ele>179.1</ele></trkpt><trkpt lat="38.005100" lon="-122.703180"><ele>181.2</ele></trkpt><trkpt lat="38.005150" lon="-122.703120"><ele>182.2</ele></trkpt><trkpt lat="38.005170" lon="-122.703030"><ele>182.9</ele></trkpt><trkpt lat="38.005160" lon="-122.702940"><ele>183.5</ele></trkpt><trkpt lat="38.005120" lon="-122.702770"><ele>184.5</ele></trkpt><trkpt lat="38.004880" lon="-122.702140"><ele>188.9</ele></trkpt><trkpt lat="38.004830" lon="-122.701880"><ele>191.1</ele></trkpt><trkpt lat="38.004750" lon="-122.701310"><ele>195.8</ele></trkpt><trkpt lat="38.004760" lon="-122.701310"><ele>195.9</ele></trkpt><trkpt lat="38.004790" lon="-122.701010"><ele>199.0</ele></trkpt><trkpt lat="38.004940" lon="-122.700880"><ele>201.4</ele></trkpt><trkpt lat="38.005000" lon="-122.700760"><ele>202.8</ele></trkpt><trkpt lat="38.005020" lon="-122.700670"><ele>203.8</ele></trkpt><trkpt lat="38.005010" lon="-122.700450"><ele>206.4</ele></trkpt><trkpt lat="38.004950" lon="-122.700330"><ele>208.2</ele></trkpt><trkpt lat="38.004860" lon="-122.700260"><ele>209.9</ele></trkpt><trkpt lat="38.004570" lon="-122.700250"><ele>214.6</ele></trkpt><trkpt lat="38.004460" lon="-122.700230"><ele>216.4</ele></trkpt><trkpt lat="38.004400" lon="-122.700180"><ele>217.3</ele></trkpt><trkpt lat="38.004100" lon="-122.699850"><ele>222.3</ele></trkpt><trkpt lat="38.003970" lon="-122.699630"><ele>225.1</ele></trkpt><trkpt lat="38.003930" lon="-122.699230"><ele>228.1</ele></trkpt><trkpt lat="38.003850" lon="-122.698970"><ele>230.2</ele></trkpt><trkpt lat="38.003490" lon="-122.698230"><ele>237.4</ele></trkpt><trkpt lat="38.003170" lon="-122.698010"><ele>241.4</ele></trkpt><trkpt lat="38.002810" lon="-122.697610"><ele>246.7</ele></trkpt><trkpt lat="38.002700" lon="-122.697560"><ele>247.9</ele></trkpt><trkpt lat="38.002450" lon="-122.697380"><ele>249.8</ele></trkpt><trkpt lat="38.002230" lon="-122.697190"><ele>251.5</ele></trkpt><trkpt lat="38.002150" lon="-122.697090"><ele>252.2</ele></trkpt><trkpt lat="38.002010" lon="-122.696860"><ele>253.5</ele></trkpt><trkpt lat="38.001960" lon="-122.696800"><ele>253.9</ele></trkpt><trkpt lat="38.001700" lon="-122.696610"><ele>255.5</ele></trkpt><trkpt lat="38.001570" lon="-122.696450"><ele>256.5</ele></trkpt><trkpt lat="38.001760" lon="-122.696110"><ele>260.2</ele></trkpt><trkpt lat="38.001910" lon="-122.695790"><ele>263.6</ele></trkpt><trkpt lat="38.002030" lon="-122.695460"><ele>266.5</ele></trkpt><trkpt lat="38.002130" lon="-122.695160"><ele>268.9</ele></trkpt><trkpt lat="38.002180" lon="-122.694980"><ele>270.3</ele></trkpt><trkpt lat="38.002270" lon="-122.694730"><ele>272.1</ele></trkpt><trkpt lat="38.002320" lon="-122.694510"><ele>273.4</ele></trkpt><trkpt lat="38.002360" lon="-122.694430"><ele>273.9</ele></trkpt><trkpt lat="38.002430" lon="-122.694390"><ele>274.5</ele></trkpt><trkpt lat="38.002500" lon="-122.694390"><ele>275.0</ele></trkpt><trkpt lat="38.002780" lon="-122.694600"><ele>277.0</ele></trkpt><trkpt lat="38.002880" lon="-122.694660"><ele>277.2</ele></trkpt><trkpt lat="38.002950" lon="-122.694670"><ele>277.4</ele></trkpt><trkpt lat="38.003240" lon="-122.694650"><ele>278.2</ele></trkpt><trkpt lat="38.003340" lon="-122.694600"><ele>278.4</ele></trkpt><trkpt lat="38.003390" lon="-122.694530"><ele>278.7</ele></trkpt><trkpt lat="38.003430" lon="-122.694420"><ele>279.1</ele></trkpt><trkpt lat="38.003450" lon="-122.694290"><ele>279.5</ele></trkpt><trkpt lat="38.003400" lon="-122.693670"><ele>281.6</ele></trkpt><trkpt lat="38.003470" lon="-122.693410"><ele>283.2</ele></trkpt><trkpt lat="38.003710" lon="-122.693190"><ele>285.6</ele></trkpt><trkpt lat="38.003860" lon="-122.693010"><ele>287.3</ele></trkpt><trkpt lat="38.003870" lon="-122.692850"><ele>288.3</ele></trkpt><trkpt lat="38.003900" lon="-122.692760"><ele>288.9</ele></trkpt><trkpt lat="38.003980" lon="-122.692670"><ele>289.7</ele></trkpt><trkpt lat="38.004110" lon="-122.692580"><ele>290.9</ele></trkpt><trkpt lat="38.004470" lon="-122.692370"><ele>293.8</ele></trkpt><trkpt lat="38.004560" lon="-122.692230"><ele>294.5</ele></trkpt><trkpt lat="38.004570" lon="-122.692090"><ele>295.1</ele></trkpt><trkpt lat="38.004530" lon="-122.691970"><ele>295.6</ele></trkpt><trkpt lat="38.004360" lon="-122.691720"><ele>296.9</ele></trkpt><trkpt lat="38.004300" lon="-122.691610"><ele>297.1</ele></trkpt><trkpt lat="38.004260" lon="-122.691430"><ele>297.4</ele></trkpt><trkpt lat="38.004250" lon="-122.691290"><ele>297.7</ele></trkpt><trkpt lat="38.004270" lon="-122.690920"><ele>298.3</ele></trkpt><trkpt lat="38.004260" lon="-122.690740"><ele>298.5</ele></trkpt><trkpt lat="38.004170" lon="-122.690480"><ele>298.7</ele></trkpt><trkpt lat="38.004070" lon="-122.690240"><ele>298.8</ele></trkpt><trkpt lat="38.003950" lon="-122.689860"><ele>299.8</ele></trkpt><trkpt lat="38.003840" lon="-122.689420"><ele>302.0</ele></trkpt><trkpt lat="38.003800" lon="-122.689330"><ele>302.4</ele></trkpt><trkpt lat="38.003630" lon="-122.689100"><ele>303.9</ele></trkpt><trkpt lat="38.003430" lon="-122.688710"><ele>306.1</ele></trkpt><trkpt lat="38.003360" lon="-122.688450"><ele>307.4</ele></trkpt><trkpt lat="38.003260" lon="-122.688260"><ele>308.7</ele></trkpt><trkpt lat="38.003190" lon="-122.688000"><ele>310.3</ele></trkpt><trkpt lat="38.002970" lon="-122.687520"><ele>313.5</ele></trkpt><trkpt lat="38.002880" lon="-122.687170"><ele>315.4</ele></trkpt><trkpt lat="38.002900" lon="-122.686850"><ele>317.0</ele></trkpt><trkpt lat="38.002950" lon="-122.686580"><ele>318.9</ele></trkpt><trkpt lat="38.003060" lon="-122.686290"><ele>321.3</ele></trkpt><trkpt lat="38.003090" lon="-122.686160"><ele>322.4</ele></trkpt><trkpt lat="38.003110" lon="-122.685840"><ele>324.8</ele></trkpt><trkpt lat="38.003150" lon="-122.685680"><ele>326.3</ele></trkpt><trkpt lat="38.003190" lon="-122.685570"><ele>327.3</ele></trkpt><trkpt lat="38.003450" lon="-122.685180"><ele>331.7</ele></trkpt><trkpt lat="38.003480" lon="-122.685100"><ele>332.5</ele></trkpt><trkpt lat="38.003490" lon="-122.684960"><ele>333.7</ele></trkpt><trkpt lat="38.003440" lon="-122.684790"><ele>335.3</ele></trkpt><trkpt lat="38.003370" lon="-122.684630"><ele>336.9</ele></trkpt><trkpt lat="38.003320" lon="-122.684500"><ele>338.1</ele></trkpt><trkpt lat="38.003310" lon="-122.684270"><ele>340.1</ele></trkpt><trkpt lat="38.003230" lon="-122.683870"><ele>342.3</ele></trkpt><trkpt lat="38.002950" lon="-122.683330"><ele>345.3</ele></trkpt><trkpt lat="38.002910" lon="-122.683210"><ele>345.7</ele></trkpt><trkpt lat="38.002900" lon="-122.683120"><ele>345.9</ele></trkpt><trkpt lat="38.002920" lon="-122.682980"><ele>346.3</ele></trkpt><trkpt lat="38.002960" lon="-122.682900"><ele>346.6</ele></trkpt><trkpt lat="38.003020" lon="-122.682850"><ele>346.8</ele></trkpt><trkpt lat="38.003160" lon="-122.682810"><ele>347.3</ele></trkpt><trkpt lat="38.003260" lon="-122.682760"><ele>347.7</ele></trkpt><trkpt lat="38.003320" lon="-122.682700"><ele>348.0</ele></trkpt><trkpt lat="38.003340" lon="-122.682610"><ele>348.2</ele></trkpt><trkpt lat="38.003340" lon="-122.682570"><ele>348.4</ele></trkpt><trkpt lat="38.003310" lon="-122.682440"><ele>348.8</ele></trkpt><trkpt lat="38.003250" lon="-122.682320"><ele>349.2</ele></trkpt><trkpt lat="38.002980" lon="-122.682010"><ele>350.5</ele></trkpt><trkpt lat="38.002870" lon="-122.681840"><ele>351.0</ele></trkpt><trkpt lat="38.002720" lon="-122.681570"><ele>351.8</ele></trkpt><trkpt lat="38.002490" lon="-122.681280"><ele>352.2</ele></trkpt><trkpt lat="38.002460" lon="-122.681060"><ele>352.1</ele></trkpt><trkpt lat="38.002520" lon="-122.680840"><ele>351.9</ele></trkpt><trkpt lat="38.002590" lon="-122.680740"><ele>351.8</ele></trkpt><trkpt lat="38.002670" lon="-122.680650"><ele>351.8</ele></trkpt><trkpt lat="38.002930" lon="-122.680480"><ele>350.6</ele></trkpt><trkpt lat="38.003400" lon="-122.680230"><ele>348.4</ele></trkpt><trkpt lat="38.003460" lon="-122.680180"><ele>348.0</ele></trkpt><trkpt lat="38.003480" lon="-122.680140"><ele>347.8</ele></trkpt><trkpt lat="38.003510" lon="-122.680010"><ele>347.2</ele></trkpt><trkpt lat="38.003500" lon="-122.679780"><ele>346.2</ele></trkpt><trkpt lat="38.003520" lon="-122.679600"><ele>345.4</ele></trkpt><trkpt lat="38.003400" lon="-122.679500"><ele>344.6</ele></trkpt><trkpt lat="38.003200" lon="-122.679300"><ele>343.4</ele></trkpt><trkpt lat="38.003010" lon="-122.679150"><ele>342.4</ele></trkpt><trkpt lat="38.002900" lon="-122.679030"><ele>341.7</ele></trkpt><trkpt lat="38.002850" lon="-122.678900"><ele>341.2</ele></trkpt><trkpt lat="38.002830" lon="-122.678770"><ele>340.7</ele></trkpt><trkpt lat="38.002830" lon="-122.678580"><ele>340.1</ele></trkpt><trkpt lat="38.002850" lon="-122.678440"><ele>339.6</ele></trkpt><trkpt lat="38.002930" lon="-122.678230"><ele>338.9</ele></trkpt><trkpt lat="38.002980" lon="-122.678050"><ele>338.2</ele></trkpt><trkpt lat="38.002990" lon="-122.677910"><ele>337.7</ele></trkpt><trkpt lat="38.002980" lon="-122.677770"><ele>337.2</ele></trkpt><trkpt lat="38.002930" lon="-122.677600"><ele>336.5</ele></trkpt><trkpt lat="38.002830" lon="-122.677400"><ele>335.7</ele></trkpt><trkpt lat="38.002720" lon="-122.677220"><ele>334.7</ele></trkpt><trkpt lat="38.002600" lon="-122.677110"><ele>333.5</ele></trkpt><trkpt lat="38.002670" lon="-122.676920"><ele>332.2</ele></trkpt><trkpt lat="38.002610" lon="-122.676700"><ele>330.7</ele></trkpt><trkpt lat="38.002610" lon="-122.676560"><ele>329.8</ele></trkpt><trkpt lat="38.002690" lon="-122.676250"><ele>327.9</ele></trkpt><trkpt lat="38.002720" lon="-122.676060"><ele>326.9</ele></trkpt><trkpt lat="38.002790" lon="-122.675900"><ele>325.9</ele></trkpt><trkpt lat="38.002810" lon="-122.675760"><ele>325.2</ele></trkpt><trkpt lat="38.002820" lon="-122.675430"><ele>323.3</ele></trkpt><trkpt lat="38.002760" lon="-122.675260"><ele>322.2</ele></trkpt><trkpt lat="38.002750" lon="-122.675080"><ele>321.1</ele></trkpt><trkpt lat="38.002770" lon="-122.674800"><ele>319.4</ele></trkpt><trkpt lat="38.002820" lon="-122.674530"><ele>318.3</ele></trkpt><trkpt lat="38.002830" lon="-122.674340"><ele>317.7</ele></trkpt><trkpt lat="38.002810" lon="-122.674200"><ele>317.3</ele></trkpt><trkpt lat="38.002750" lon="-122.674030"><ele>316.8</ele></trkpt><trkpt lat="38.002480" lon="-122.673920"><ele>315.7</ele></trkpt><trkpt lat="38.002320" lon="-122.673700"><ele>314.9</ele></trkpt><trkpt lat="38.002220" lon="-122.673260"><ele>313.7</ele></trkpt><trkpt lat="38.002160" lon="-122.673140"><ele>313.8</ele></trkpt><trkpt lat="38.001740" lon="-122.672880"><ele>314.6</ele></trkpt><trkpt lat="38.001310" lon="-122.672680"><ele>316.3</ele></trkpt><trkpt lat="38.001220" lon="-122.672610"><ele>316.7</ele></trkpt><trkpt lat="38.000710" lon="-122.672350"><ele>318.4</ele></trkpt><trkpt lat="38.000620" lon="-122.672260"><ele>318.5</ele></trkpt><trkpt lat="38.000430" lon="-122.671850"><ele>318.8</ele></trkpt><trkpt lat="38.000360" lon="-122.671640"><ele>318.7</ele></trkpt><trkpt lat="38.000370" lon="-122.671500"><ele>318.7</ele></trkpt><trkpt lat="38.000440" lon="-122.671350"><ele>318.6</ele></trkpt><trkpt lat="38.000480" lon="-122.671180"><ele>318.6</ele></trkpt><trkpt lat="38.000530" lon="-122.671130"><ele>318.6</ele></trkpt><trkpt lat="38.000530" lon="-122.671130"><ele>318.6</ele></trkpt><trkpt lat="38.000480" lon="-122.671180"><ele>318.5</ele></trkpt><trkpt lat="38.000420" lon="-122.670840"><ele>322.3</ele></trkpt><trkpt lat="38.000400" lon="-122.670560"><ele>325.5</ele></trkpt><trkpt lat="38.000380" lon="-122.670470"><ele>326.6</ele></trkpt><trkpt lat="38.000280" lon="-122.670340"><ele>328.7</ele></trkpt><trkpt lat="38.000140" lon="-122.670260"><ele>331.5</ele></trkpt><trkpt lat="37.999930" lon="-122.670220"><ele>335.5</ele></trkpt><trkpt lat="37.999160" lon="-122.670220"><ele>350.5</ele></trkpt><trkpt lat="37.999050" lon="-122.670200"><ele>352.7</ele></trkpt><trkpt lat="37.999000" lon="-122.670130"><ele>354.2</ele></trkpt><trkpt lat="37.998970" lon="-122.670040"><ele>355.8</ele></trkpt><trkpt lat="37.998960" lon="-122.669900"><ele>357.4</ele></trkpt><trkpt lat="37.998970" lon="-122.669670"><ele>358.4</ele></trkpt><trkpt lat="37.999090" lon="-122.669580"><ele>359.2</ele></trkpt><trkpt lat="37.999230" lon="-122.669530"><ele>360.0</ele></trkpt><trkpt lat="37.999320" lon="-122.669430"><ele>360.6</ele></trkpt><trkpt lat="37.999450" lon="-122.669150"><ele>361.5</ele></trkpt><trkpt lat="37.999510" lon="-122.668970"><ele>361.8</ele></trkpt><trkpt lat="37.999630" lon="-122.668770"><ele>362.3</ele></trkpt><trkpt lat="37.999650" lon="-122.668690"><ele>362.4</ele></trkpt><trkpt lat="37.999740" lon="-122.667710"><ele>368.4</ele></trkpt><trkpt lat="37.999890" lon="-122.666620"><ele>378.1</ele></trkpt><trkpt lat="37.999940" lon="-122.666500"><ele>379.8</ele></trkpt><trkpt lat="38.000060" lon="-122.666340"><ele>382.6</ele></trkpt><trkpt lat="38.000100" lon="-122.666140"><ele>385.2</ele></trkpt><trkpt lat="38.000280" lon="-122.665810"><ele>389.4</ele></trkpt><trkpt lat="38.000310" lon="-122.665720"><ele>390.0</ele></trkpt><trkpt lat="38.000330" lon="-122.665580"><ele>390.9</ele></trkpt><trkpt lat="38.000310" lon="-122.665440"><ele>391.8</ele></trkpt><trkpt lat="38.000270" lon="-122.665310"><ele>392.6</ele></trkpt><trkpt lat="38.000210" lon="-122.665170"><ele>393.6</ele></trkpt><trkpt lat="38.000120" lon="-122.664830"><ele>395.0</ele></trkpt><trkpt lat="38.000020" lon="-122.664590"><ele>395.9</ele></trkpt><trkpt lat="37.999950" lon="-122.664270"><ele>397.0</ele></trkpt><trkpt lat="37.999800" lon="-122.663760"><ele>400.0</ele></trkpt><trkpt lat="37.999390" lon="-122.663010"><ele>406.0</ele></trkpt><trkpt lat="37.999270" lon="-122.662720"><ele>408.3</ele></trkpt><trkpt lat="37.999230" lon="-122.662440"><ele>410.4</ele></trkpt><trkpt lat="37.999180" lon="-122.662350"><ele>411.2</ele></trkpt><trkpt lat="37.999040" lon="-122.662210"><ele>412.8</ele></trkpt><trkpt lat="37.999000" lon="-122.662130"><ele>413.4</ele></trkpt><trkpt lat="37.998960" lon="-122.661910"><ele>415.1</ele></trkpt><trkpt lat="37.998840" lon="-122.661470"><ele>416.7</ele></trkpt><trkpt lat="37.998850" lon="-122.661370"><ele>417.0</ele></trkpt><trkpt lat="37.998910" lon="-122.661260"><ele>417.4</ele></trkpt><trkpt lat="37.999020" lon="-122.661130"><ele>417.9</ele></trkpt><trkpt lat="37.999190" lon="-122.660970"><ele>418.9</ele></trkpt><trkpt lat="37.999260" lon="-122.660870"><ele>419.5</ele></trkpt><trkpt lat="37.999270" lon="-122.660770"><ele>419.9</ele></trkpt><trkpt lat="37.999260" lon="-122.660670"><ele>420.3</ele></trkpt><trkpt lat="37.999150" lon="-122.660220"><ele>422.1</ele></trkpt><trkpt lat="37.999150" lon="-122.660000"><ele>422.8</ele></trkpt><trkpt lat="37.999170" lon="-122.659830"><ele>423.4</ele></trkpt><trkpt lat="37.999450" lon="-122.659260"><ele>424.7</ele></trkpt><trkpt lat="37.999610" lon="-122.659030"><ele>424.5</ele></trkpt><trkpt lat="37.999640" lon="-122.658950"><ele>424.5</ele></trkpt><trkpt lat="37.999520" lon="-122.658340"><ele>422.9</ele></trkpt><trkpt lat="37.999450" lon="-122.658130"><ele>422.0</ele></trkpt><trkpt lat="37.999450" lon="-122.657900"><ele>421.1</ele></trkpt><trkpt lat="37.999430" lon="-122.657760"><ele>420.5</ele></trkpt><trkpt lat="37.999400" lon="-122.657670"><ele>419.9</ele></trkpt><trkpt lat="37.999350" lon="-122.657600"><ele>419.4</ele></trkpt><trkpt lat="37.999120" lon="-122.657380"><ele>417.3</ele></trkpt><trkpt lat="37.998890" lon="-122.657220"><ele>415.5</ele></trkpt><trkpt lat="37.998740" lon="-122.657090"><ele>414.2</ele></trkpt><trkpt lat="37.998680" lon="-122.657060"><ele>413.8</ele></trkpt><trkpt lat="37.998520" lon="-122.657040"><ele>412.7</ele></trkpt><trkpt lat="37.998310" lon="-122.656890"><ele>411.0</ele></trkpt><trkpt lat="37.997940" lon="-122.656810"><ele>408.8</ele></trkpt><trkpt lat="37.997900" lon="-122.656790"><ele>408.5</ele></trkpt><trkpt lat="37.997860" lon="-122.656720"><ele>408.1</ele></trkpt><trkpt lat="37.997870" lon="-122.656630"><ele>407.7</ele></trkpt><trkpt lat="37.997930" lon="-122.656520"><ele>407.1</ele></trkpt><trkpt lat="37.998310" lon="-122.656210"><ele>405.6</ele></trkpt><trkpt lat="37.998390" lon="-122.656120"><ele>405.4</ele></trkpt><trkpt lat="37.998430" lon="-122.656040"><ele>405.2</ele></trkpt><trkpt lat="37.998510" lon="-122.655730"><ele>404.9</ele></trkpt><trkpt lat="37.998530" lon="-122.655600"><ele>405.3</ele></trkpt><trkpt lat="37.998580" lon="-122.655100"><ele>406.8</ele></trkpt><trkpt lat="37.998550" lon="-122.654670"><ele>408.4</ele></trkpt><trkpt lat="37.998570" lon="-122.654440"><ele>409.3</ele></trkpt><trkpt lat="37.998730" lon="-122.653880"><ele>411.7</ele></trkpt><trkpt lat="37.998900" lon="-122.653340"><ele>414.4</ele></trkpt><trkpt lat="37.998870" lon="-122.653250"><ele>414.9</ele></trkpt><trkpt lat="37.998810" lon="-122.653190"><ele>415.3</ele></trkpt><trkpt lat="37.998650" lon="-122.653070"><ele>416.2</ele></trkpt><trkpt lat="37.998550" lon="-122.653030"><ele>416.7</ele></trkpt><trkpt lat="37.998410" lon="-122.653070"><ele>417.4</ele></trkpt><trkpt lat="37.998260" lon="-122.653210"><ele>418.2</ele></trkpt><trkpt lat="37.998160" lon="-122.653270"><ele>418.7</ele></trkpt><trkpt lat="37.998090" lon="-122.653250"><ele>419.0</ele></trkpt><trkpt lat="37.997810" lon="-122.653050"><ele>420.1</ele></trkpt><trkpt lat="37.997630" lon="-122.652890"><ele>420.8</ele></trkpt><trkpt lat="37.997530" lon="-122.652760"><ele>421.3</ele></trkpt><trkpt lat="37.997490" lon="-122.652630"><ele>421.5</ele></trkpt><trkpt lat="37.997420" lon="-122.652180"><ele>422.1</ele></trkpt><trkpt lat="37.997270" lon="-122.651970"><ele>422.5</ele></trkpt><trkpt lat="37.997030" lon="-122.651760"><ele>422.8</ele></trkpt><trkpt lat="37.996240" lon="-122.651400"><ele>423.9</ele></trkpt><trkpt lat="37.995940" lon="-122.651140"><ele>424.1</ele></trkpt><trkpt lat="37.995650" lon="-122.650930"><ele>423.3</ele></trkpt><trkpt lat="37.995410" lon="-122.650670"><ele>422.5</ele></trkpt><trkpt lat="37.995310" lon="-122.650640"><ele>422.3</ele></trkpt><trkpt lat="37.995170" lon="-122.650540"><ele>422.1</ele></trkpt><trkpt lat="37.994990" lon="-122.650380"><ele>421.9</ele></trkpt><trkpt lat="37.994880" lon="-122.650240"><ele>421.7</ele></trkpt><trkpt lat="37.994790" lon="-122.650160"><ele>421.5</ele></trkpt><trkpt lat="37.994590" lon="-122.650080"><ele>421.6</ele></trkpt><trkpt lat="37.994220" lon="-122.649850"><ele>421.8</ele></trkpt><trkpt lat="37.994110" lon="-122.649840"><ele>421.9</ele></trkpt><trkpt lat="37.993820" lon="-122.649850"><ele>423.0</ele></trkpt><trkpt lat="37.993420" lon="-122.649760"><ele>424.5</ele></trkpt><trkpt lat="37.993240" lon="-122.649780"><ele>425.8</ele></trkpt><trkpt lat="37.993240" lon="-122.649780"><ele>425.8</ele></trkpt><trkpt lat="37.993060" lon="-122.649800"><ele>427.1</ele></trkpt><trkpt lat="37.992700" lon="-122.649630"><ele>429.8</ele></trkpt><trkpt lat="37.992570" lon="-122.649450"><ele>431.1</ele></trkpt><trkpt lat="37.992320" lon="-122.648930"><ele>434.4</ele></trkpt><trkpt lat="37.992260" lon="-122.648880"><ele>434.9</ele></trkpt><trkpt lat="37.991850" lon="-122.648750"><ele>438.1</ele></trkpt><trkpt lat="37.991790" lon="-122.648690"><ele>438.7</ele></trkpt><trkpt lat="37.991750" lon="-122.648590"><ele>439.4</ele></trkpt><trkpt lat="37.991680" lon="-122.648230"><ele>441.1</ele></trkpt><trkpt lat="37.991590" lon="-122.648030"><ele>442.0</ele></trkpt><trkpt lat="37.991540" lon="-122.647980"><ele>442.4</ele></trkpt><trkpt lat="37.991350" lon="-122.647860"><ele>443.4</ele></trkpt><trkpt lat="37.991300" lon="-122.647780"><ele>443.8</ele></trkpt><trkpt lat="37.991260" lon="-122.647630"><ele>443.8</ele></trkpt><trkpt lat="37.991270" lon="-122.647410"><ele>443.8</ele></trkpt><trkpt lat="37.991240" lon="-122.647280"><ele>443.8</ele></trkpt><trkpt lat="37.991170" lon="-122.647190"><ele>443.8</ele></trkpt><trkpt lat="37.991070" lon="-122.647150"><ele>443.8</ele></trkpt><trkpt lat="37.991000" lon="-122.647180"><ele>443.8</ele></trkpt><trkpt lat="37.990950" lon="-122.647230"><ele>443.8</ele></trkpt><trkpt lat="37.990500" lon="-122.647760"><ele>443.5</ele></trkpt><trkpt lat="37.990460" lon="-122.647940"><ele>443.7</ele></trkpt><trkpt lat="37.990490" lon="-122.648210"><ele>444.2</ele></trkpt><trkpt lat="37.990480" lon="-122.648320"><ele>444.4</ele></trkpt><trkpt lat="37.990440" lon="-122.648410"><ele>444.6</ele></trkpt><trkpt lat="37.990390" lon="-122.648440"><ele>444.8</ele></trkpt><trkpt lat="37.990130" lon="-122.648510"><ele>445.7</ele></trkpt><trkpt lat="37.989700" lon="-122.648590"><ele>448.4</ele></trkpt><trkpt lat="37.989360" lon="-122.648670"><ele>450.6</ele></trkpt><trkpt lat="37.989230" lon="-122.648660"><ele>451.4</ele></trkpt><trkpt lat="37.988990" lon="-122.648590"><ele>453.0</ele></trkpt><trkpt lat="37.988910" lon="-122.648590"><ele>453.5</ele></trkpt><trkpt lat="37.988820" lon="-122.648660"><ele>454.1</ele></trkpt><trkpt lat="37.988610" lon="-122.648910"><ele>455.3</ele></trkpt><trkpt lat="37.988240" lon="-122.649250"><ele>456.8</ele></trkpt><trkpt lat="37.987880" lon="-122.649500"><ele>458.2</ele></trkpt><trkpt lat="37.987670" lon="-122.649570"><ele>458.9</ele></trkpt><trkpt lat="37.987490" lon="-122.649600"><ele>459.5</ele></trkpt><trkpt lat="37.987250" lon="-122.649590"><ele>460.2</ele></trkpt><trkpt lat="37.986850" lon="-122.649450"><ele>461.4</ele></trkpt><trkpt lat="37.986670" lon="-122.649430"><ele>461.9</ele></trkpt><trkpt lat="37.986600" lon="-122.649440"><ele>462.1</ele></trkpt><trkpt lat="37.986360" lon="-122.649520"><ele>462.7</ele></trkpt><trkpt lat="37.986050" lon="-122.649660"><ele>463.6</ele></trkpt><trkpt lat="37.985940" lon="-122.649660"><ele>463.9</ele></trkpt><trkpt lat="37.985760" lon="-122.649560"><ele>464.5</ele></trkpt><trkpt lat="37.985490" lon="-122.649360"><ele>465.4</ele></trkpt><trkpt lat="37.985250" lon="-122.649140"><ele>466.0</ele></trkpt><trkpt lat="37.985000" lon="-122.648960"><ele>466.7</ele></trkpt><trkpt lat="37.984770" lon="-122.648730"><ele>467.1</ele></trkpt><trkpt lat="37.984700" lon="-122.648630"><ele>467.2</ele></trkpt><trkpt lat="37.984630" lon="-122.648470"><ele>467.3</ele></trkpt><trkpt lat="37.984510" lon="-122.647980"><ele>467.4</ele></trkpt><trkpt lat="37.984470" lon="-122.647860"><ele>467.3</ele></trkpt><trkpt lat="37.984370" lon="-122.647660"><ele>466.9</ele></trkpt><trkpt lat="37.984120" lon="-122.647270"><ele>466.2</ele></trkpt><trkpt lat="37.984020" lon="-122.647160"><ele>465.7</ele></trkpt><trkpt lat="37.983770" lon="-122.646940"><ele>464.7</ele></trkpt><trkpt lat="37.983540" lon="-122.646800"><ele>463.8</ele></trkpt><trkpt lat="37.983360" lon="-122.646670"><ele>463.2</ele></trkpt><trkpt lat="37.982600" lon="-122.646560"><ele>460.8</ele></trkpt><trkpt lat="37.982470" lon="-122.646540"><ele>460.3</ele></trkpt><trkpt lat="37.982370" lon="-122.646490"><ele>459.8</ele></trkpt><trkpt lat="37.982230" lon="-122.646340"><ele>459.1</ele></trkpt><trkpt lat="37.982000" lon="-122.645990"><ele>458.2</ele></trkpt><trkpt lat="37.981810" lon="-122.645770"><ele>457.5</ele></trkpt><trkpt lat="37.981210" lon="-122.645260"><ele>454.5</ele></trkpt><trkpt lat="37.980600" lon="-122.644750"><ele>449.9</ele></trkpt><trkpt lat="37.980350" lon="-122.644570"><ele>447.3</ele></trkpt><trkpt lat="37.979950" lon="-122.644320"><ele>442.6</ele></trkpt><trkpt lat="37.979540" lon="-122.644060"><ele>437.6</ele></trkpt><trkpt lat="37.979290" lon="-122.643870"><ele>434.4</ele></trkpt><trkpt lat="37.979210" lon="-122.643790"><ele>433.3</ele></trkpt><trkpt lat="37.978980" lon="-122.643490"><ele>430.4</ele></trkpt><trkpt lat="37.978870" lon="-122.643310"><ele>428.8</ele></trkpt><trkpt lat="37.978750" lon="-122.643220"><ele>427.6</ele></trkpt><trkpt lat="37.978630" lon="-122.642970"><ele>426.0</ele></trkpt><trkpt lat="37.978040" lon="-122.642220"><ele>421.8</ele></trkpt><trkpt lat="37.977560" lon="-122.641540"><ele>418.9</ele></trkpt><trkpt lat="37.977270" lon="-122.641060"><ele>416.5</ele></trkpt><trkpt lat="37.977110" lon="-122.640700"><ele>415.4</ele></trkpt><trkpt lat="37.977020" lon="-122.640610"><ele>415.1</ele></trkpt><trkpt lat="37.976820" lon="-122.640420"><ele>414.2</ele></trkpt><trkpt lat="37.976360" lon="-122.640090"><ele>412.4</ele></trkpt><trkpt lat="37.975910" lon="-122.639760"><ele>411.9</ele></trkpt><trkpt lat="37.975910" lon="-122.639760"><ele>411.9</ele></trkpt><trkpt lat="37.975910" lon="-122.639760"><ele>411.9</ele></trkpt><trkpt lat="37.975810" lon="-122.639690"><ele>412.0</ele></trkpt><trkpt lat="37.975580" lon="-122.639460"><ele>412.1</ele></trkpt><trkpt lat="37.975470" lon="-122.639340"><ele>412.6</ele></trkpt><trkpt lat="37.975350" lon="-122.639160"><ele>413.1</ele></trkpt><trkpt lat="37.975100" lon="-122.638610"><ele>415.3</ele></trkpt><trkpt lat="37.974980" lon="-122.638430"><ele>416.9</ele></trkpt><trkpt lat="37.974920" lon="-122.638380"><ele>417.5</ele></trkpt><trkpt lat="37.974790" lon="-122.638310"><ele>418.7</ele></trkpt><trkpt lat="37.974300" lon="-122.638130"><ele>424.9</ele></trkpt><trkpt lat="37.973980" lon="-122.638110"><ele>429.5</ele></trkpt><trkpt lat="37.973610" lon="-122.638140"><ele>434.0</ele></trkpt><trkpt lat="37.973410" lon="-122.638080"><ele>436.4</ele></trkpt><trkpt lat="37.973280" lon="-122.637990"><ele>438.2</ele></trkpt><trkpt lat="37.973210" lon="-122.637730"><ele>440.1</ele></trkpt><trkpt lat="37.973000" lon="-122.637220"><ele>443.4</ele></trkpt><trkpt lat="37.972800" lon="-122.636710"><ele>442.8</ele></trkpt><trkpt lat="37.972680" lon="-122.636480"><ele>441.7</ele></trkpt><trkpt lat="37.972450" lon="-122.636080"><ele>438.3</ele></trkpt><trkpt lat="37.972320" lon="-122.635700"><ele>434.5</ele></trkpt><trkpt lat="37.972170" lon="-122.635380"><ele>430.6</ele></trkpt><trkpt lat="37.972060" lon="-122.634900"><ele>424.3</ele></trkpt><trkpt lat="37.972010" lon="-122.634450"><ele>418.2</ele></trkpt><trkpt lat="37.971980" lon="-122.634340"><ele>416.5</ele></trkpt><trkpt lat="37.971940" lon="-122.634240"><ele>414.9</ele></trkpt><trkpt lat="37.971770" lon="-122.634000"><ele>410.2</ele></trkpt><trkpt lat="37.971700" lon="-122.633870"><ele>407.9</ele></trkpt><trkpt lat="37.971570" lon="-122.633570"><ele>403.3</ele></trkpt><trkpt lat="37.971510" lon="-122.633310"><ele>399.7</ele></trkpt><trkpt lat="37.971320" lon="-122.632970"><ele>394.3</ele></trkpt><trkpt lat="37.970990" lon="-122.632210"><ele>383.8</ele></trkpt><trkpt lat="37.970590" lon="-122.631620"><ele>377.2</ele></trkpt><trkpt lat="37.970400" lon="-122.631410"><ele>374.9</ele></trkpt><trkpt lat="37.970310" lon="-122.631270"><ele>373.7</ele></trkpt><trkpt lat="37.970150" lon="-122.630810"><ele>370.4</ele></trkpt><trkpt lat="37.969880" lon="-122.630160"><ele>365.7</ele></trkpt><trkpt lat="37.969580" lon="-122.629540"><ele>362.4</ele></trkpt><trkpt lat="37.969450" lon="-122.629320"><ele>361.3</ele></trkpt><trkpt lat="37.969330" lon="-122.629220"><ele>360.5</ele></trkpt><trkpt lat="37.969090" lon="-122.629100"><ele>359.0</ele></trkpt><trkpt lat="37.968850" lon="-122.628900"><ele>357.3</ele></trkpt><trkpt lat="37.968680" lon="-122.628670"><ele>356.0</ele></trkpt><trkpt lat="37.968590" lon="-122.628590"><ele>355.5</ele></trkpt><trkpt lat="37.968330" lon="-122.628440"><ele>354.1</ele></trkpt><trkpt lat="37.968090" lon="-122.628240"><ele>352.6</ele></trkpt><trkpt lat="37.967790" lon="-122.628080"><ele>350.2</ele></trkpt><trkpt lat="37.967480" lon="-122.627770"><ele>347.7</ele></trkpt><trkpt lat="37.967340" lon="-122.627510"><ele>346.6</ele></trkpt><trkpt lat="37.967090" lon="-122.627240"><ele>345.2</ele></trkpt><trkpt lat="37.967020" lon="-122.627130"><ele>345.1</ele></trkpt><trkpt lat="37.966910" lon="-122.626750"><ele>345.4</ele></trkpt><trkpt lat="37.966800" lon="-122.626560"><ele>345.5</ele></trkpt><trkpt lat="37.966670" lon="-122.626510"><ele>345.6</ele></trkpt><trkpt lat="37.966420" lon="-122.626530"><ele>345.5</ele></trkpt><trkpt lat="37.966280" lon="-122.626490"><ele>345.5</ele></trkpt><trkpt lat="37.966180" lon="-122.626430"><ele>345.4</ele></trkpt><trkpt lat="37.966130" lon="-122.626360"><ele>345.4</ele></trkpt><trkpt lat="37.966050" lon="-122.626200"><ele>345.3</ele></trkpt><trkpt lat="37.965990" lon="-122.626150"><ele>345.4</ele></trkpt><trkpt lat="37.965860" lon="-122.626100"><ele>345.6</ele></trkpt><trkpt lat="37.965570" lon="-122.626050"><ele>346.0</ele></trkpt><trkpt lat="37.965420" lon="-122.625940"><ele>346.2</ele></trkpt><trkpt lat="37.965310" lon="-122.625910"><ele>345.8</ele></trkpt><trkpt lat="37.965240" lon="-122.625910"><ele>345.2</ele></trkpt><trkpt lat="37.964960" lon="-122.625990"><ele>342.6</ele></trkpt><trkpt lat="37.964820" lon="-122.625990"><ele>341.4</ele></trkpt><trkpt lat="37.964710" lon="-122.625980"><ele>340.4</ele></trkpt><trkpt lat="37.964470" lon="-122.625860"><ele>338.4</ele></trkpt><trkpt lat="37.964400" lon="-122.625860"><ele>337.9</ele></trkpt><trkpt lat="37.964330" lon="-122.625870"><ele>337.4</ele></trkpt><trkpt lat="37.964020" lon="-122.625980"><ele>335.2</ele></trkpt><trkpt lat="37.963910" lon="-122.625960"><ele>334.3</ele></trkpt><trkpt lat="37.963860" lon="-122.625900"><ele>333.6</ele></trkpt><trkpt lat="37.963790" lon="-122.625740"><ele>332.2</ele></trkpt><trkpt lat="37.963810" lon="-122.625600"><ele>331.1</ele></trkpt><trkpt lat="37.963890" lon="-122.625350"><ele>329.0</ele></trkpt><trkpt lat="37.963980" lon="-122.625190"><ele>327.6</ele></trkpt><trkpt lat="37.963930" lon="-122.625280"><ele>327.1</ele></trkpt><trkpt lat="37.963980" lon="-122.625190"><ele>326.6</ele></trkpt><trkpt lat="37.964110" lon="-122.625170"><ele>325.9</ele></trkpt><trkpt lat="37.964390" lon="-122.625080"><ele>324.3</ele></trkpt><trkpt lat="37.964950" lon="-122.624920"><ele>319.8</ele></trkpt><trkpt lat="37.965100" lon="-122.624920"><ele>318.5</ele></trkpt><trkpt lat="37.965310" lon="-122.624980"><ele>316.9</ele></trkpt><trkpt lat="37.965420" lon="-122.624980"><ele>316.2</ele></trkpt><trkpt lat="37.965690" lon="-122.624860"><ele>314.2</ele></trkpt><trkpt lat="37.965900" lon="-122.624820"><ele>312.8</ele></trkpt><trkpt lat="37.966080" lon="-122.624840"><ele>311.7</ele></trkpt><trkpt lat="37.966250" lon="-122.624920"><ele>310.7</ele></trkpt><trkpt lat="37.966360" lon="-122.624920"><ele>310.0</ele></trkpt><trkpt lat="37.966580" lon="-122.624760"><ele>308.6</ele></trkpt><trkpt lat="37.966720" lon="-122.624730"><ele>307.9</ele></trkpt><trkpt lat="37.967040" lon="-122.624800"><ele>306.3</ele></trkpt><trkpt lat="37.967200" lon="-122.624890"><ele>305.5</ele></trkpt><trkpt lat="37.967380" lon="-122.625110"><ele>304.1</ele></trkpt><trkpt lat="37.967500" lon="-122.625280"><ele>303.1</ele></trkpt><trkpt lat="37.967640" lon="-122.625630"><ele>301.3</ele></trkpt><trkpt lat="37.967690" lon="-122.625690"><ele>300.9</ele></trkpt><trkpt lat="37.967740" lon="-122.625730"><ele>300.4</ele></trkpt><trkpt lat="37.967900" lon="-122.625770"><ele>299.3</ele></trkpt><trkpt lat="37.968130" lon="-122.625730"><ele>297.6</ele></trkpt><trkpt lat="37.968260" lon="-122.625640"><ele>296.6</ele></trkpt><trkpt lat="37.968390" lon="-122.625490"><ele>295.2</ele></trkpt><trkpt lat="37.968450" lon="-122.625440"><ele>294.6</ele></trkpt><trkpt lat="37.968510" lon="-122.625390"><ele>293.9</ele></trkpt><trkpt lat="37.968580" lon="-122.625380"><ele>293.3</ele></trkpt><trkpt lat="37.968730" lon="-122.625390"><ele>292.0</ele></trkpt><trkpt lat="37.968960" lon="-122.625500"><ele>289.8</ele></trkpt><trkpt lat="37.969030" lon="-122.625500"><ele>289.1</ele></trkpt><trkpt lat="37.969100" lon="-122.625470"><ele>288.4</ele></trkpt><trkpt lat="37.969360" lon="-122.625210"><ele>285.4</ele></trkpt><trkpt lat="37.969440" lon="-122.625170"><ele>284.6</ele></trkpt><trkpt lat="37.969510" lon="-122.625170"><ele>283.9</ele></trkpt><trkpt lat="37.969580" lon="-122.625190"><ele>283.3</ele></trkpt><trkpt lat="37.969670" lon="-122.625300"><ele>282.2</ele></trkpt><trkpt lat="37.969700" lon="-122.625450"><ele>281.3</ele></trkpt><trkpt lat="37.969730" lon="-122.625730"><ele>279.8</ele></trkpt><trkpt lat="37.969790" lon="-122.625980"><ele>278.3</ele></trkpt><trkpt lat="37.969840" lon="-122.626070"><ele>277.7</ele></trkpt><trkpt lat="37.969890" lon="-122.626120"><ele>277.2</ele></trkpt><trkpt lat="37.970100" lon="-122.626190"><ele>275.8</ele></trkpt><trkpt lat="37.970130" lon="-122.626230"><ele>275.5</ele></trkpt><trkpt lat="37.970180" lon="-122.626310"><ele>274.9</ele></trkpt><trkpt lat="37.970230" lon="-122.626580"><ele>273.4</ele></trkpt><trkpt lat="37.970260" lon="-122.626650"><ele>273.0</ele></trkpt><trkpt lat="37.970340" lon="-122.626770"><ele>272.2</ele></trkpt><trkpt lat="37.970430" lon="-122.626810"><ele>271.7</ele></trkpt><trkpt lat="37.970480" lon="-122.626810"><ele>271.4</ele></trkpt><trkpt lat="37.970540" lon="-122.626780"><ele>271.0</ele></trkpt><trkpt lat="37.970600" lon="-122.626720"><ele>270.5</ele></trkpt><trkpt lat="37.970800" lon="-122.626320"><ele>268.3</ele></trkpt><trkpt lat="37.970860" lon="-122.626100"><ele>266.6</ele></trkpt><trkpt lat="37.970950" lon="-122.625850"><ele>264.6</ele></trkpt><trkpt lat="37.971080" lon="-122.625690"><ele>262.9</ele></trkpt><trkpt lat="37.971520" lon="-122.625370"><ele>258.8</ele></trkpt><trkpt lat="37.971620" lon="-122.625330"><ele>258.0</ele></trkpt><trkpt lat="37.971690" lon="-122.625330"><ele>257.5</ele></trkpt><trkpt lat="37.971800" lon="-122.625380"><ele>256.6</ele></trkpt><trkpt lat="37.971850" lon="-122.625430"><ele>256.1</ele></trkpt><trkpt lat="37.972000" lon="-122.625690"><ele>253.9</ele></trkpt><trkpt lat="37.972080" lon="-122.625790"><ele>252.9</ele></trkpt><trkpt lat="37.972360" lon="-122.625990"><ele>250.0</ele></trkpt><trkpt lat="37.972420" lon="-122.626050"><ele>249.4</ele></trkpt><trkpt lat="37.972480" lon="-122.626150"><ele>248.8</ele></trkpt><trkpt lat="37.972600" lon="-122.626440"><ele>247.3</ele></trkpt><trkpt lat="37.972700" lon="-122.626570"><ele>246.5</ele></trkpt><trkpt lat="37.972800" lon="-122.626630"><ele>245.8</ele></trkpt><trkpt lat="37.972940" lon="-122.626640"><ele>245.2</ele></trkpt><trkpt lat="37.973010" lon="-122.626600"><ele>244.9</ele></trkpt><trkpt lat="37.973080" lon="-122.626510"><ele>244.7</ele></trkpt><trkpt lat="37.973110" lon="-122.626370"><ele>244.3</ele></trkpt><trkpt lat="37.973080" lon="-122.626200"><ele>243.9</ele></trkpt><trkpt lat="37.972980" lon="-122.626000"><ele>243.4</ele></trkpt><trkpt lat="37.972680" lon="-122.625540"><ele>242.9</ele></trkpt><trkpt lat="37.972630" lon="-122.625370"><ele>242.7</ele></trkpt><trkpt lat="37.972600" lon="-122.625150"><ele>242.5</ele></trkpt><trkpt lat="37.972610" lon="-122.624970"><ele>242.2</ele></trkpt><trkpt lat="37.972650" lon="-122.624840"><ele>241.9</ele></trkpt><trkpt lat="37.972950" lon="-122.624220"><ele>240.3</ele></trkpt><trkpt lat="37.972970" lon="-122.624080"><ele>240.0</ele></trkpt><trkpt lat="37.972950" lon="-122.623990"><ele>239.7</ele></trkpt><trkpt lat="37.972880" lon="-122.623890"><ele>239.4</ele></trkpt><trkpt lat="37.972530" lon="-122.623650"><ele>237.8</ele></trkpt><trkpt lat="37.972100" lon="-122.623310"><ele>235.0</ele></trkpt><trkpt lat="37.972020" lon="-122.623230"><ele>234.5</ele></trkpt><trkpt lat="37.971920" lon="-122.623090"><ele>233.9</ele></trkpt><trkpt lat="37.971790" lon="-122.622770"><ele>233.0</ele></trkpt><trkpt lat="37.971650" lon="-122.622200"><ele>230.8</ele></trkpt><trkpt lat="37.971610" lon="-122.621980"><ele>229.7</ele></trkpt><trkpt lat="37.971620" lon="-122.621700"><ele>228.3</ele></trkpt><trkpt lat="37.971670" lon="-122.621530"><ele>227.4</ele></trkpt><trkpt lat="37.971740" lon="-122.621420"><ele>226.9</ele></trkpt><trkpt lat="37.971890" lon="-122.621300"><ele>226.1</ele></trkpt><trkpt lat="37.972120" lon="-122.621170"><ele>224.9</ele></trkpt><trkpt lat="37.972240" lon="-122.621070"><ele>224.2</ele></trkpt><trkpt lat="37.972240" lon="-122.621070"><ele>224.2</ele></trkpt><trkpt lat="37.972400" lon="-122.620880"><ele>223.2</ele></trkpt><trkpt lat="37.972840" lon="-122.620280"><ele>220.9</ele></trkpt><trkpt lat="37.973090" lon="-122.620020"><ele>221.6</ele></trkpt><trkpt lat="37.973350" lon="-122.619880"><ele>222.2</ele></trkpt><trkpt lat="37.973250" lon="-122.619410"><ele>224.1</ele></trkpt><trkpt lat="37.973270" lon="-122.619270"><ele>224.6</ele></trkpt><trkpt lat="37.973540" lon="-122.618800"><ele>227.5</ele></trkpt><trkpt lat="37.973580" lon="-122.618700"><ele>228.2</ele></trkpt><trkpt lat="37.973590" lon="-122.618540"><ele>229.1</ele></trkpt><trkpt lat="37.973630" lon="-122.618470"><ele>229.7</ele></trkpt><trkpt lat="37.973460" lon="-122.618050"><ele>232.1</ele></trkpt><trkpt lat="37.973390" lon="-122.617960"><ele>232.6</ele></trkpt><trkpt lat="37.973150" lon="-122.617760"><ele>234.1</ele></trkpt><trkpt lat="37.972950" lon="-122.617670"><ele>235.1</ele></trkpt><trkpt lat="37.972860" lon="-122.617590"><ele>235.3</ele></trkpt><trkpt lat="37.972630" lon="-122.617290"><ele>236.0</ele></trkpt><trkpt lat="37.972580" lon="-122.617170"><ele>236.2</ele></trkpt><trkpt lat="37.972520" lon="-122.616860"><ele>236.2</ele></trkpt><trkpt lat="37.972480" lon="-122.616780"><ele>236.0</ele></trkpt><trkpt lat="37.972360" lon="-122.616610"><ele>235.5</ele></trkpt><trkpt lat="37.972340" lon="-122.616520"><ele>235.2</ele></trkpt><trkpt lat="37.972320" lon="-122.616390"><ele>234.9</ele></trkpt><trkpt lat="37.972310" lon="-122.616110"><ele>234.3</ele></trkpt><trkpt lat="37.972260" lon="-122.615700"><ele>233.3</ele></trkpt><trkpt lat="37.972200" lon="-122.615580"><ele>232.9</ele></trkpt><trkpt lat="37.972030" lon="-122.615290"><ele>232.0</ele></trkpt><trkpt lat="37.971900" lon="-122.615010"><ele>230.9</ele></trkpt><trkpt lat="37.971790" lon="-122.614620"><ele>229.6</ele></trkpt><trkpt lat="37.971740" lon="-122.614550"><ele>229.3</ele></trkpt><trkpt lat="37.971590" lon="-122.614410"><ele>229.2</ele></trkpt><trkpt lat="37.971470" lon="-122.614140"><ele>229.2</ele></trkpt><trkpt lat="37.971200" lon="-122.613900"><ele>229.2</ele></trkpt><trkpt lat="37.971000" lon="-122.613630"><ele>229.1</ele></trkpt><trkpt lat="37.970970" lon="-122.613500"><ele>229.0</ele></trkpt><trkpt lat="37.971010" lon="-122.613330"><ele>229.0</ele></trkpt><trkpt lat="37.971010" lon="-122.613190"><ele>228.9</ele></trkpt><trkpt lat="37.970890" lon="-122.612960"><ele>229.0</ele></trkpt><trkpt lat="37.970870" lon="-122.612820"><ele>229.0</ele></trkpt><trkpt lat="37.970910" lon="-122.612550"><ele>229.1</ele></trkpt><trkpt lat="37.971000" lon="-122.612240"><ele>229.2</ele></trkpt><trkpt lat="37.971000" lon="-122.612150"><ele>229.1</ele></trkpt><trkpt lat="37.970990" lon="-122.612060"><ele>229.0</ele></trkpt><trkpt lat="37.970910" lon="-122.611960"><ele>228.8</ele></trkpt><trkpt lat="37.970690" lon="-122.611800"><ele>228.5</ele></trkpt><trkpt lat="37.970490" lon="-122.611700"><ele>228.1</ele></trkpt><trkpt lat="37.970330" lon="-122.611590"><ele>227.3</ele></trkpt><trkpt lat="37.970220" lon="-122.611480"><ele>226.6</ele></trkpt><trkpt lat="37.970060" lon="-122.611220"><ele>225.4</ele></trkpt><trkpt lat="37.969770" lon="-122.610930"><ele>223.7</ele></trkpt><trkpt lat="37.969610" lon="-122.610680"><ele>222.5</ele></trkpt><trkpt lat="37.969340" lon="-122.610360"><ele>220.7</ele></trkpt><trkpt lat="37.968920" lon="-122.610070"><ele>218.3</ele></trkpt><trkpt lat="37.968450" lon="-122.609820"><ele>215.9</ele></trkpt><trkpt lat="37.968170" lon="-122.609730"><ele>214.6</ele></trkpt><trkpt lat="37.967900" lon="-122.609580"><ele>213.2</ele></trkpt><trkpt lat="37.967550" lon="-122.609460"><ele>211.5</ele></trkpt><trkpt lat="37.967510" lon="-122.609400"><ele>211.2</ele></trkpt><trkpt lat="37.967490" lon="-122.609340"><ele>211.0</ele></trkpt><trkpt lat="37.967540" lon="-122.609440"><ele>210.6</ele></trkpt><trkpt lat="37.967490" lon="-122.609340"><ele>210.2</ele></trkpt><trkpt lat="37.967410" lon="-122.609360"><ele>209.9</ele></trkpt><trkpt lat="37.967280" lon="-122.609490"><ele>209.2</ele></trkpt><trkpt lat="37.967140" lon="-122.609560"><ele>208.5</ele></trkpt><trkpt lat="37.966950" lon="-122.609560"><ele>208.0</ele></trkpt><trkpt lat="37.966820" lon="-122.609660"><ele>207.7</ele></trkpt><trkpt lat="37.966730" lon="-122.609690"><ele>207.6</ele></trkpt><trkpt lat="37.966600" lon="-122.609650"><ele>207.4</ele></trkpt><trkpt lat="37.966470" lon="-122.609590"><ele>207.1</ele></trkpt><trkpt lat="37.966360" lon="-122.609560"><ele>206.9</ele></trkpt><trkpt lat="37.966210" lon="-122.609580"><ele>206.8</ele></trkpt><trkpt lat="37.966080" lon="-122.609550"><ele>206.7</ele></trkpt><trkpt lat="37.965990" lon="-122.609540"><ele>206.6</ele></trkpt><trkpt lat="37.965840" lon="-122.609540"><ele>206.5</ele></trkpt><trkpt lat="37.965710" lon="-122.609610"><ele>206.4</ele></trkpt><trkpt lat="37.965630" lon="-122.609710"><ele>206.4</ele></trkpt><trkpt lat="37.965560" lon="-122.609820"><ele>206.4</ele></trkpt><trkpt lat="37.965530" lon="-122.610050"><ele>206.5</ele></trkpt><trkpt lat="37.965530" lon="-122.610050"><ele>206.5</ele></trkpt><trkpt lat="37.965580" lon="-122.610410"><ele>206.6</ele></trkpt><trkpt lat="37.965610" lon="-122.610730"><ele>207.2</ele></trkpt><trkpt lat="37.965600" lon="-122.610820"><ele>207.4</ele></trkpt><trkpt lat="37.965540" lon="-122.611040"><ele>208.0</ele></trkpt><trkpt lat="37.965430" lon="-122.611280"><ele>208.6</ele></trkpt><trkpt lat="37.965360" lon="-122.611600"><ele>208.6</ele></trkpt><trkpt lat="37.965210" lon="-122.611860"><ele>208.4</ele></trkpt><trkpt lat="37.965080" lon="-122.612240"><ele>208.2</ele></trkpt><trkpt lat="37.965030" lon="-122.612310"><ele>208.1</ele></trkpt><trkpt lat="37.964940" lon="-122.612350"><ele>208.1</ele></trkpt><trkpt lat="37.964860" lon="-122.612360"><ele>208.0</ele></trkpt><trkpt lat="37.964780" lon="-122.612340"><ele>208.0</ele></trkpt><trkpt lat="37.964230" lon="-122.612120"><ele>206.8</ele></trkpt><trkpt lat="37.963870" lon="-122.612010"><ele>205.3</ele></trkpt><trkpt lat="37.963620" lon="-122.611960"><ele>204.5</ele></trkpt><trkpt lat="37.963150" lon="-122.611970"><ele>203.5</ele></trkpt><trkpt lat="37.963150" lon="-122.611970"><ele>203.5</ele></trkpt><trkpt lat="37.963350" lon="-122.611960"><ele>203.2</ele></trkpt><trkpt lat="37.962890" lon="-122.611970"><ele>202.6</ele></trkpt><trkpt lat="37.962430" lon="-122.611980"><ele>202.4</ele></trkpt><trkpt lat="37.962110" lon="-122.612020"><ele>202.4</ele></trkpt><trkpt lat="37.961990" lon="-122.611990"><ele>202.4</ele></trkpt><trkpt lat="37.961680" lon="-122.611850"><ele>202.7</ele></trkpt><trkpt lat="37.961560" lon="-122.611820"><ele>202.8</ele></trkpt><trkpt lat="37.961250" lon="-122.611650"><ele>202.9</ele></trkpt><trkpt lat="37.961030" lon="-122.611680"><ele>202.7</ele></trkpt><trkpt lat="37.960710" lon="-122.611780"><ele>202.5</ele></trkpt><trkpt lat="37.959930" lon="-122.611960"><ele>201.5</ele></trkpt><trkpt lat="37.959280" lon="-122.611910"><ele>201.7</ele></trkpt><trkpt lat="37.959200" lon="-122.611950"><ele>201.8</ele></trkpt><trkpt lat="37.958970" lon="-122.611840"><ele>202.0</ele></trkpt><trkpt lat="37.958920" lon="-122.611780"><ele>202.0</ele></trkpt><trkpt lat="37.958880" lon="-122.611620"><ele>202.1</ele></trkpt><trkpt lat="37.958890" lon="-122.611520"><ele>202.2</ele></trkpt><trkpt lat="37.958880" lon="-122.611040"><ele>202.8</ele></trkpt><trkpt lat="37.958900" lon="-122.610900"><ele>203.1</ele></trkpt><trkpt lat="37.958980" lon="-122.610590"><ele>203.8</ele></trkpt><trkpt lat="37.959110" lon="-122.610410"><ele>204.2</ele></trkpt><trkpt lat="37.959300" lon="-122.609920"><ele>205.3</ele></trkpt><trkpt lat="37.959470" lon="-122.609570"><ele>206.3</ele></trkpt><trkpt lat="37.959620" lon="-122.609330"><ele>207.3</ele></trkpt><trkpt lat="37.959710" lon="-122.609250"><ele>207.7</ele></trkpt><trkpt lat="37.959820" lon="-122.609040"><ele>208.6</ele></trkpt><trkpt lat="37.959820" lon="-122.609040"><ele>208.6</ele></trkpt><trkpt lat="37.959910" lon="-122.608810"><ele>209.5</ele></trkpt><trkpt lat="37.960040" lon="-122.608580"><ele>210.8</ele></trkpt><trkpt lat="37.960140" lon="-122.608450"><ele>211.5</ele></trkpt><trkpt lat="37.960330" lon="-122.608240"><ele>212.9</ele></trkpt><trkpt lat="37.960630" lon="-122.607980"><ele>215.4</ele></trkpt><trkpt lat="37.960740" lon="-122.607860"><ele>216.4</ele></trkpt><trkpt lat="37.960840" lon="-122.607670"><ele>217.6</ele></trkpt><trkpt lat="37.961040" lon="-122.607120"><ele>220.8</ele></trkpt><trkpt lat="37.961120" lon="-122.606970"><ele>221.8</ele></trkpt><trkpt lat="37.961240" lon="-122.606840"><ele>222.8</ele></trkpt><trkpt lat="37.961700" lon="-122.606470"><ele>226.3</ele></trkpt><trkpt lat="37.961980" lon="-122.606230"><ele>227.8</ele></trkpt><trkpt lat="37.962090" lon="-122.606110"><ele>228.2</ele></trkpt><trkpt lat="37.962180" lon="-122.605910"><ele>228.6</ele></trkpt><trkpt lat="37.962310" lon="-122.605370"><ele>229.7</ele></trkpt><trkpt lat="37.962390" lon="-122.605110"><ele>230.1</ele></trkpt><trkpt lat="37.962590" lon="-122.604900"><ele>230.7</ele></trkpt><trkpt lat="37.962870" lon="-122.604640"><ele>231.3</ele></trkpt><trkpt lat="37.962760" lon="-122.604310"><ele>231.8</ele></trkpt><trkpt lat="37.962760" lon="-122.604130"><ele>232.1</ele></trkpt><trkpt lat="37.962690" lon="-122.603940"><ele>232.8</ele></trkpt><trkpt lat="37.962700" lon="-122.603780"><ele>233.4</ele></trkpt><trkpt lat="37.962720" lon="-122.603660"><ele>233.9</ele></trkpt><trkpt lat="37.962780" lon="-122.603580"><ele>234.3</ele></trkpt><trkpt lat="37.962770" lon="-122.603490"><ele>234.6</ele></trkpt><trkpt lat="37.962680" lon="-122.603220"><ele>235.9</ele></trkpt><trkpt lat="37.962530" lon="-122.602910"><ele>237.8</ele></trkpt><trkpt lat="37.962350" lon="-122.602810"><ele>239.2</ele></trkpt><trkpt lat="37.962290" lon="-122.602760"><ele>239.7</ele></trkpt><trkpt lat="37.962170" lon="-122.602470"><ele>241.5</ele></trkpt><trkpt lat="37.962020" lon="-122.602280"><ele>243.0</ele></trkpt><trkpt lat="37.961860" lon="-122.602020"><ele>244.9</ele></trkpt><trkpt lat="37.961800" lon="-122.601970"><ele>245.4</ele></trkpt><trkpt lat="37.961640" lon="-122.601880"><ele>246.3</ele></trkpt><trkpt lat="37.961550" lon="-122.601800"><ele>246.8</ele></trkpt><trkpt lat="37.961490" lon="-122.601560"><ele>247.8</ele></trkpt><trkpt lat="37.961490" lon="-122.601560"><ele>247.8</ele></trkpt><trkpt lat="37.961430" lon="-122.601220"><ele>249.0</ele></trkpt><trkpt lat="37.961370" lon="-122.601000"><ele>249.1</ele></trkpt><trkpt lat="37.961300" lon="-122.600840"><ele>249.2</ele></trkpt><trkpt lat="37.961230" lon="-122.600730"><ele>249.2</ele></trkpt><trkpt lat="37.961170" lon="-122.600680"><ele>249.3</ele></trkpt><trkpt lat="37.961060" lon="-122.600650"><ele>249.3</ele></trkpt><trkpt lat="37.960990" lon="-122.600660"><ele>249.3</ele></trkpt><trkpt lat="37.960750" lon="-122.600750"><ele>248.8</ele></trkpt><trkpt lat="37.960570" lon="-122.600750"><ele>248.4</ele></trkpt><trkpt lat="37.960360" lon="-122.600650"><ele>247.9</ele></trkpt><trkpt lat="37.959750" lon="-122.600240"><ele>244.9</ele></trkpt><trkpt lat="37.959100" lon="-122.600180"><ele>241.4</ele></trkpt><trkpt lat="37.958990" lon="-122.600150"><ele>240.8</ele></trkpt><trkpt lat="37.958790" lon="-122.600040"><ele>239.4</ele></trkpt><trkpt lat="37.958420" lon="-122.599680"><ele>236.2</ele></trkpt><trkpt lat="37.958280" lon="-122.599610"><ele>235.1</ele></trkpt><trkpt lat="37.957680" lon="-122.599440"><ele>230.7</ele></trkpt><trkpt lat="37.957600" lon="-122.599430"><ele>230.2</ele></trkpt><trkpt lat="37.957600" lon="-122.599430"><ele>230.2</ele></trkpt><trkpt lat="37.957600" lon="-122.599430"><ele>230.2</ele></trkpt><trkpt lat="37.957320" lon="-122.599400"><ele>228.2</ele></trkpt><trkpt lat="37.957140" lon="-122.599360"><ele>226.9</ele></trkpt><trkpt lat="37.956530" lon="-122.599070"><ele>224.5</ele></trkpt><trkpt lat="37.956360" lon="-122.599020"><ele>224.2</ele></trkpt><trkpt lat="37.956210" lon="-122.599050"><ele>224.1</ele></trkpt><trkpt lat="37.956110" lon="-122.599100"><ele>224.2</ele></trkpt><trkpt lat="37.956060" lon="-122.599170"><ele>224.3</ele></trkpt><trkpt lat="37.956000" lon="-122.599280"><ele>224.4</ele></trkpt><trkpt lat="37.955940" lon="-122.599500"><ele>224.7</ele></trkpt><trkpt lat="37.955860" lon="-122.599700"><ele>224.9</ele></trkpt><trkpt lat="37.955630" lon="-122.600180"><ele>226.0</ele></trkpt><trkpt lat="37.955550" lon="-122.600270"><ele>226.2</ele></trkpt><trkpt lat="37.955330" lon="-122.600430"><ele>226.8</ele></trkpt><trkpt lat="37.955160" lon="-122.600670"><ele>227.1</ele></trkpt><trkpt lat="37.955100" lon="-122.600730"><ele>227.2</ele></trkpt><trkpt lat="37.955000" lon="-122.600760"><ele>227.4</ele></trkpt><trkpt lat="37.954900" lon="-122.600720"><ele>227.5</ele></trkpt><trkpt lat="37.954840" lon="-122.600670"><ele>227.6</ele></trkpt><trkpt lat="37.954620" lon="-122.600370"><ele>228.0</ele></trkpt><trkpt lat="37.954450" lon="-122.600280"><ele>228.2</ele></trkpt><trkpt lat="37.954200" lon="-122.600200"><ele>228.6</ele></trkpt><trkpt lat="37.954070" lon="-122.600130"><ele>228.8</ele></trkpt><trkpt lat="37.953850" lon="-122.599980"><ele>229.4</ele></trkpt><trkpt lat="37.953710" lon="-122.599820"><ele>229.8</ele></trkpt><trkpt lat="37.953600" lon="-122.599650"><ele>230.1</ele></trkpt><trkpt lat="37.953190" lon="-122.598800"><ele>230.4</ele></trkpt><trkpt lat="37.952790" lon="-122.597950"><ele>230.2</ele></trkpt><trkpt lat="37.952380" lon="-122.597100"><ele>228.9</ele></trkpt><trkpt lat="37.951970" lon="-122.596260"><ele>227.0</ele></trkpt><trkpt lat="37.951740" lon="-122.596710"><ele>225.4</ele></trkpt><trkpt lat="37.951580" lon="-122.597090"><ele>224.1</ele></trkpt><trkpt lat="37.951160" lon="-122.597900"><ele>221.3</ele></trkpt><trkpt lat="37.951060" lon="-122.598090"><ele>220.7</ele></trkpt><trkpt lat="37.950790" lon="-122.597950"><ele>220.1</ele></trkpt><trkpt lat="37.950660" lon="-122.597950"><ele>220.1</ele></trkpt><trkpt lat="37.950530" lon="-122.598060"><ele>220.1</ele></trkpt><trkpt lat="37.950220" lon="-122.598510"><ele>220.2</ele></trkpt><trkpt lat="37.950160" lon="-122.598570"><ele>220.3</ele></trkpt><trkpt lat="37.950090" lon="-122.598590"><ele>220.4</ele></trkpt><trkpt lat="37.949930" lon="-122.598530"><ele>220.6</ele></trkpt><trkpt lat="37.949930" lon="-122.598530"><ele>220.6</ele></trkpt><trkpt lat="37.949810" lon="-122.598490"><ele>220.8</ele></trkpt><trkpt lat="37.949610" lon="-122.598210"><ele>221.4</ele></trkpt><trkpt lat="37.949350" lon="-122.597710"><ele>222.8</ele></trkpt><trkpt lat="37.949280" lon="-122.597720"><ele>223.0</ele></trkpt><trkpt lat="37.948920" lon="-122.597560"><ele>224.9</ele></trkpt><trkpt lat="37.948890" lon="-122.597510"><ele>225.1</ele></trkpt><trkpt lat="37.948890" lon="-122.597410"><ele>225.5</ele></trkpt><trkpt lat="37.948940" lon="-122.597360"><ele>225.8</ele></trkpt><trkpt lat="37.949000" lon="-122.597370"><ele>226.1</ele></trkpt><trkpt lat="37.948950" lon="-122.597260"><ele>226.6</ele></trkpt><trkpt lat="37.948930" lon="-122.597180"><ele>227.1</ele></trkpt><trkpt lat="37.948710" lon="-122.597080"><ele>229.1</ele></trkpt><trkpt lat="37.948200" lon="-122.596770"><ele>233.5</ele></trkpt><trkpt lat="37.947820" lon="-122.596400"><ele>236.4</ele></trkpt><trkpt lat="37.947690" lon="-122.596350"><ele>237.2</ele></trkpt><trkpt lat="37.947590" lon="-122.596340"><ele>237.6</ele></trkpt><trkpt lat="37.947520" lon="-122.596720"><ele>238.9</ele></trkpt><trkpt lat="37.947510" lon="-122.596720"><ele>239.0</ele></trkpt><trkpt lat="37.947510" lon="-122.596720"><ele>239.0</ele></trkpt><trkpt lat="37.947310" lon="-122.597780"><ele>239.9</ele></trkpt><trkpt lat="37.947130" lon="-122.597940"><ele>239.9</ele></trkpt><trkpt lat="37.947130" lon="-122.598000"><ele>240.0</ele></trkpt><trkpt lat="37.946990" lon="-122.598030"><ele>240.1</ele></trkpt><trkpt lat="37.946820" lon="-122.597940"><ele>240.3</ele></trkpt><trkpt lat="37.946770" lon="-122.597870"><ele>240.3</ele></trkpt><trkpt lat="37.946730" lon="-122.597640"><ele>240.5</ele></trkpt><trkpt lat="37.946690" lon="-122.597560"><ele>240.5</ele></trkpt><trkpt lat="37.946630" lon="-122.597510"><ele>240.5</ele></trkpt><trkpt lat="37.946480" lon="-122.597490"><ele>240.6</ele></trkpt><trkpt lat="37.946380" lon="-122.597460"><ele>240.6</ele></trkpt><trkpt lat="37.946320" lon="-122.597390"><ele>240.7</ele></trkpt><trkpt lat="37.946230" lon="-122.597130"><ele>240.8</ele></trkpt><trkpt lat="37.946170" lon="-122.597080"><ele>240.8</ele></trkpt><trkpt lat="37.946000" lon="-122.596990"><ele>240.7</ele></trkpt><trkpt lat="37.945850" lon="-122.596850"><ele>240.6</ele></trkpt><trkpt lat="37.945720" lon="-122.596770"><ele>240.6</ele></trkpt><trkpt lat="37.945220" lon="-122.596810"><ele>240.2</ele></trkpt><trkpt lat="37.945110" lon="-122.596810"><ele>240.1</ele></trkpt><trkpt lat="37.944900" lon="-122.596750"><ele>239.9</ele></trkpt><trkpt lat="37.944830" lon="-122.596750"><ele>239.9</ele></trkpt><trkpt lat="37.944690" lon="-122.596800"><ele>239.9</ele></trkpt><trkpt lat="37.944300" lon="-122.597050"><ele>239.9</ele></trkpt><trkpt lat="37.944150" lon="-122.597180"><ele>239.9</ele></trkpt><trkpt lat="37.944050" lon="-122.597310"><ele>239.9</ele></trkpt><trkpt lat="37.943980" lon="-122.597350"><ele>239.9</ele></trkpt><trkpt lat="37.943920" lon="-122.597380"><ele>239.9</ele></trkpt><trkpt lat="37.943810" lon="-122.597390"><ele>239.9</ele></trkpt><trkpt lat="37.943720" lon="-122.597418"><ele>239.9</ele></trkpt><trkpt lat="37.943765" lon="-122.597421"><ele>239.9</ele></trkpt><trkpt lat="37.943911" lon="-122.597401"><ele>239.9</ele></trkpt><trkpt lat="37.944045" lon="-122.597366"><ele>239.9</ele></trkpt><trkpt lat="37.944073" lon="-122.597307"><ele>240.0</ele></trkpt><trkpt lat="37.944152" lon="-122.597176"><ele>240.0</ele></trkpt><trkpt lat="37.944301" lon="-122.597046"><ele>240.1</ele></trkpt><trkpt lat="37.944687" lon="-122.596795"><ele>240.3</ele></trkpt><trkpt lat="37.944826" lon="-122.596750"><ele>240.3</ele></trkpt><trkpt lat="37.944899" lon="-122.596751"><ele>240.4</ele></trkpt><trkpt lat="37.945110" lon="-122.596808"><ele>240.5</ele></trkpt><trkpt lat="37.945218" lon="-122.596813"><ele>240.5</ele></trkpt><trkpt lat="37.945723" lon="-122.596772"><ele>240.5</ele></trkpt><trkpt lat="37.945839" lon="-122.596784"><ele>240.5</ele></trkpt><trkpt lat="37.945894" lon="-122.596827"><ele>240.5</ele></trkpt><trkpt lat="37.945933" lon="-122.596892"><ele>241.9</ele></trkpt><trkpt lat="37.945958" lon="-122.596948"><ele>243.0</ele></trkpt><trkpt lat="37.945970" lon="-122.596996"><ele>244.0</ele></trkpt><trkpt lat="37.945885" lon="-122.596924"><ele>246.3</ele></trkpt><trkpt lat="37.945810" lon="-122.596910"><ele>248.1</ele></trkpt><trkpt lat="37.945739" lon="-122.596911"><ele>249.7</ele></trkpt><trkpt lat="37.945641" lon="-122.596970"><ele>252.2</ele></trkpt><trkpt lat="37.945535" lon="-122.597073"><ele>255.3</ele></trkpt><trkpt lat="37.945424" lon="-122.597201"><ele>258.7</ele></trkpt><trkpt lat="37.945287" lon="-122.597432"><ele>263.9</ele></trkpt><trkpt lat="37.945237" lon="-122.597485"><ele>265.4</ele></trkpt><trkpt lat="37.945191" lon="-122.597507"><ele>266.5</ele></trkpt><trkpt lat="37.945122" lon="-122.597509"><ele>268.1</ele></trkpt><trkpt lat="37.945059" lon="-122.597492"><ele>269.5</ele></trkpt><trkpt lat="37.944989" lon="-122.597474"><ele>271.1</ele></trkpt><trkpt lat="37.944921" lon="-122.597497"><ele>272.7</ele></trkpt><trkpt lat="37.944851" lon="-122.597582"><ele>275.6</ele></trkpt><trkpt lat="37.944809" lon="-122.597666"><ele>278.1</ele></trkpt><trkpt lat="37.944785" lon="-122.597780"><ele>281.1</ele></trkpt><trkpt lat="37.944793" lon="-122.597902"><ele>284.2</ele></trkpt><trkpt lat="37.944838" lon="-122.597982"><ele>286.6</ele></trkpt><trkpt lat="37.944934" lon="-122.598120"><ele>291.3</ele></trkpt><trkpt lat="37.944954" lon="-122.598175"><ele>292.8</ele></trkpt><trkpt lat="37.944952" lon="-122.598270"><ele>295.2</ele></trkpt><trkpt lat="37.944931" lon="-122.598362"><ele>296.7</ele></trkpt><trkpt lat="37.944936" lon="-122.598463"><ele>297.1</ele></trkpt><trkpt lat="37.944966" lon="-122.598560"><ele>297.6</ele></trkpt><trkpt lat="37.945023" lon="-122.598672"><ele>298.1</ele></trkpt><trkpt lat="37.945051" lon="-122.598741"><ele>298.4</ele></trkpt><trkpt lat="37.945111" lon="-122.598897"><ele>299.1</ele></trkpt><trkpt lat="37.945134" lon="-122.599019"><ele>299.6</ele></trkpt><trkpt lat="37.945286" lon="-122.599270"><ele>301.3</ele></trkpt><trkpt lat="37.945302" lon="-122.599316"><ele>301.6</ele></trkpt><trkpt lat="37.945308" lon="-122.599441"><ele>302.4</ele></trkpt><trkpt lat="37.945321" lon="-122.599502"><ele>302.8</ele></trkpt><trkpt lat="37.945375" lon="-122.599625"><ele>303.8</ele></trkpt><trkpt lat="37.945389" lon="-122.599707"><ele>304.3</ele></trkpt><trkpt lat="37.945383" lon="-122.599843"><ele>305.2</ele></trkpt><trkpt lat="37.945294" lon="-122.600044"><ele>306.8</ele></trkpt><trkpt lat="37.945185" lon="-122.600162"><ele>308.1</ele></trkpt><trkpt lat="37.945011" lon="-122.600230"><ele>309.7</ele></trkpt><trkpt lat="37.944880" lon="-122.600308"><ele>311.0</ele></trkpt><trkpt lat="37.944632" lon="-122.600374"><ele>313.2</ele></trkpt><trkpt lat="37.944292" lon="-122.600569"><ele>316.0</ele></trkpt><trkpt lat="37.944220" lon="-122.600579"><ele>316.6</ele></trkpt><trkpt lat="37.944152" lon="-122.600605"><ele>317.1</ele></trkpt><trkpt lat="37.944070" lon="-122.600641"><ele>317.8</ele></trkpt><trkpt lat="37.944035" lon="-122.600680"><ele>318.1</ele></trkpt><trkpt lat="37.943982" lon="-122.600740"><ele>318.9</ele></trkpt><trkpt lat="37.943937" lon="-122.600763"><ele>319.5</ele></trkpt><trkpt lat="37.943868" lon="-122.600763"><ele>320.4</ele></trkpt><trkpt lat="37.943679" lon="-122.600679"><ele>322.8</ele></trkpt><trkpt lat="37.943627" lon="-122.600682"><ele>323.4</ele></trkpt><trkpt lat="37.943581" lon="-122.600719"><ele>324.1</ele></trkpt><trkpt lat="37.943569" lon="-122.600772"><ele>324.6</ele></trkpt><trkpt lat="37.943588" lon="-122.600848"><ele>325.4</ele></trkpt><trkpt lat="37.943611" lon="-122.601049"><ele>327.1</ele></trkpt><trkpt lat="37.943526" lon="-122.601252"><ele>327.5</ele></trkpt><trkpt lat="37.943357" lon="-122.601424"><ele>328.0</ele></trkpt><trkpt lat="37.943190" lon="-122.601550"><ele>328.4</ele></trkpt><trkpt lat="37.943104" lon="-122.601580"><ele>328.6</ele></trkpt><trkpt lat="37.943046" lon="-122.601582"><ele>329.2</ele></trkpt><trkpt lat="37.943004" lon="-122.601563"><ele>329.8</ele></trkpt><trkpt lat="37.942940" lon="-122.601488"><ele>331.0</ele></trkpt><trkpt lat="37.942829" lon="-122.601314"><ele>333.3</ele></trkpt><trkpt lat="37.942754" lon="-122.601282"><ele>334.3</ele></trkpt><trkpt lat="37.942698" lon="-122.601306"><ele>335.1</ele></trkpt><trkpt lat="37.942630" lon="-122.601396"><ele>336.3</ele></trkpt><trkpt lat="37.942416" lon="-122.601644"><ele>340.6</ele></trkpt><trkpt lat="37.942155" lon="-122.601893"><ele>345.8</ele></trkpt><trkpt lat="37.942092" lon="-122.601935"><ele>346.9</ele></trkpt><trkpt lat="37.942022" lon="-122.601949"><ele>348.1</ele></trkpt><trkpt lat="37.941917" lon="-122.601929"><ele>349.8</ele></trkpt><trkpt lat="37.941850" lon="-122.601894"><ele>351.1</ele></trkpt><trkpt lat="37.941669" lon="-122.601742"><ele>355.1</ele></trkpt><trkpt lat="37.941495" lon="-122.601679"><ele>358.4</ele></trkpt><trkpt lat="37.941422" lon="-122.601679"><ele>359.8</ele></trkpt><trkpt lat="37.941318" lon="-122.601716"><ele>361.8</ele></trkpt><trkpt lat="37.941204" lon="-122.601829"><ele>364.9</ele></trkpt><trkpt lat="37.941170" lon="-122.601959"><ele>367.4</ele></trkpt><trkpt lat="37.941171" lon="-122.602143"><ele>370.8</ele></trkpt><trkpt lat="37.941131" lon="-122.602270"><ele>373.4</ele></trkpt><trkpt lat="37.940831" lon="-122.602669"><ele>380.4</ele></trkpt><trkpt lat="37.940740" lon="-122.602812"><ele>380.9</ele></trkpt><trkpt lat="37.940593" lon="-122.603129"><ele>382.0</ele></trkpt><trkpt lat="37.940565" lon="-122.603262"><ele>382.5</ele></trkpt><trkpt lat="37.940584" lon="-122.603396"><ele>384.2</ele></trkpt><trkpt lat="37.940622" lon="-122.603474"><ele>385.6</ele></trkpt><trkpt lat="37.940672" lon="-122.603541"><ele>387.0</ele></trkpt><trkpt lat="37.940878" lon="-122.603728"><ele>391.8</ele></trkpt><trkpt lat="37.940917" lon="-122.603805"><ele>393.1</ele></trkpt><trkpt lat="37.940924" lon="-122.603850"><ele>393.8</ele></trkpt><trkpt lat="37.940919" lon="-122.604172"><ele>397.4</ele></trkpt><trkpt lat="37.940855" lon="-122.604435"><ele>399.5</ele></trkpt><trkpt lat="37.940763" lon="-122.604632"><ele>401.2</ele></trkpt><trkpt lat="37.940646" lon="-122.604819"><ele>403.0</ele></trkpt><trkpt lat="37.940575" lon="-122.604894"><ele>404.8</ele></trkpt><trkpt lat="37.940516" lon="-122.604955"><ele>406.3</ele></trkpt><trkpt lat="37.940499" lon="-122.605013"><ele>407.3</ele></trkpt><trkpt lat="37.940493" lon="-122.605067"><ele>408.2</ele></trkpt><trkpt lat="37.940510" lon="-122.605112"><ele>408.9</ele></trkpt><trkpt lat="37.940557" lon="-122.605142"><ele>410.0</ele></trkpt><trkpt lat="37.940725" lon="-122.605222"><ele>413.5</ele></trkpt><trkpt lat="37.940800" lon="-122.605321"><ele>415.6</ele></trkpt><trkpt lat="37.940856" lon="-122.605488"><ele>418.1</ele></trkpt><trkpt lat="37.940840" lon="-122.605624"><ele>419.5</ele></trkpt><trkpt lat="37.940796" lon="-122.605697"><ele>420.4</ele></trkpt><trkpt lat="37.940696" lon="-122.605750"><ele>421.8</ele></trkpt><trkpt lat="37.940590" lon="-122.605782"><ele>423.3</ele></trkpt><trkpt lat="37.940374" lon="-122.605807"><ele>426.1</ele></trkpt><trkpt lat="37.940276" lon="-122.605817"><ele>427.2</ele></trkpt><trkpt lat="37.940194" lon="-122.605870"><ele>428.2</ele></trkpt><trkpt lat="37.940080" lon="-122.606017"><ele>430.0</ele></trkpt><trkpt lat="37.940008" lon="-122.606140"><ele>431.3</ele></trkpt><trkpt lat="37.939931" lon="-122.606264"><ele>432.7</ele></trkpt><trkpt lat="37.939911" lon="-122.606356"><ele>433.5</ele></trkpt><trkpt lat="37.939944" lon="-122.606564"><ele>435.2</ele></trkpt><trkpt lat="37.939933" lon="-122.606666"><ele>436.0</ele></trkpt><trkpt lat="37.939874" lon="-122.606805"><ele>437.1</ele></trkpt><trkpt lat="37.939793" lon="-122.606911"><ele>438.1</ele></trkpt><trkpt lat="37.939737" lon="-122.606999"><ele>438.9</ele></trkpt><trkpt lat="37.939711" lon="-122.607135"><ele>439.9</ele></trkpt><trkpt lat="37.939686" lon="-122.607216"><ele>440.6</ele></trkpt><trkpt lat="37.939642" lon="-122.607276"><ele>441.1</ele></trkpt><trkpt lat="37.939574" lon="-122.607307"><ele>441.7</ele></trkpt><trkpt lat="37.939491" lon="-122.607321"><ele>442.4</ele></trkpt><trkpt lat="37.939406" lon="-122.607315"><ele>443.2</ele></trkpt><trkpt lat="37.939311" lon="-122.607262"><ele>444.0</ele></trkpt><trkpt lat="37.939246" lon="-122.607175"><ele>444.8</ele></trkpt><trkpt lat="37.939209" lon="-122.607051"><ele>445.7</ele></trkpt><trkpt lat="37.939218" lon="-122.606901"><ele>446.7</ele></trkpt><trkpt lat="37.939227" lon="-122.606779"><ele>447.8</ele></trkpt><trkpt lat="37.939212" lon="-122.606652"><ele>449.3</ele></trkpt><trkpt lat="37.939177" lon="-122.606556"><ele>450.5</ele></trkpt><trkpt lat="37.939016" lon="-122.606323"><ele>454.1</ele></trkpt><trkpt lat="37.938876" lon="-122.606077"><ele>457.6</ele></trkpt><trkpt lat="37.938796" lon="-122.605984"><ele>459.3</ele></trkpt><trkpt lat="37.938732" lon="-122.605942"><ele>460.3</ele></trkpt><trkpt lat="37.938626" lon="-122.605911"><ele>462.0</ele></trkpt><trkpt lat="37.938481" lon="-122.605920"><ele>464.1</ele></trkpt><trkpt lat="37.938345" lon="-122.605980"><ele>466.3</ele></trkpt><trkpt lat="37.938074" lon="-122.606210"><ele>470.8</ele></trkpt><trkpt lat="37.937962" lon="-122.606270"><ele>472.4</ele></trkpt><trkpt lat="37.937824" lon="-122.606327"><ele>474.3</ele></trkpt><trkpt lat="37.937661" lon="-122.606356"><ele>476.4</ele></trkpt><trkpt lat="37.937503" lon="-122.606380"><ele>478.8</ele></trkpt><trkpt lat="37.937390" lon="-122.606394"><ele>481.1</ele></trkpt><trkpt lat="37.937312" lon="-122.606388"><ele>482.7</ele></trkpt><trkpt lat="37.937223" lon="-122.606360"><ele>484.5</ele></trkpt><trkpt lat="37.937076" lon="-122.606288"><ele>487.7</ele></trkpt><trkpt lat="37.936923" lon="-122.606197"><ele>491.1</ele></trkpt><trkpt lat="37.936846" lon="-122.606126"><ele>493.1</ele></trkpt><trkpt lat="37.936771" lon="-122.606028"><ele>495.6</ele></trkpt><trkpt lat="37.936647" lon="-122.605827"><ele>500.3</ele></trkpt><trkpt lat="37.936504" lon="-122.605576"><ele>506.1</ele></trkpt><trkpt lat="37.936429" lon="-122.605464"><ele>508.8</ele></trkpt><trkpt lat="37.936365" lon="-122.605405"><ele>510.3</ele></trkpt><trkpt lat="37.936091" lon="-122.605285"><ele>514.8</ele></trkpt><trkpt lat="37.935924" lon="-122.605192"><ele>517.6</ele></trkpt><trkpt lat="37.935819" lon="-122.605162"><ele>519.2</ele></trkpt><trkpt lat="37.935727" lon="-122.605150"><ele>520.6</ele></trkpt><trkpt lat="37.935621" lon="-122.605167"><ele>521.6</ele></trkpt><trkpt lat="37.935459" lon="-122.605200"><ele>523.1</ele></trkpt><trkpt lat="37.935310" lon="-122.605225"><ele>524.5</ele></trkpt><trkpt lat="37.935169" lon="-122.605197"><ele>525.8</ele></trkpt><trkpt lat="37.935065" lon="-122.605157"><ele>526.8</ele></trkpt><trkpt lat="37.934566" lon="-122.604854"><ele>530.9</ele></trkpt><trkpt lat="37.934290" lon="-122.604724"><ele>533.1</ele></trkpt><trkpt lat="37.934090" lon="-122.604606"><ele>535.2</ele></trkpt><trkpt lat="37.933950" lon="-122.604512"><ele>536.7</ele></trkpt><trkpt lat="37.933841" lon="-122.604415"><ele>538.0</ele></trkpt><trkpt lat="37.933741" lon="-122.604330"><ele>539.1</ele></trkpt><trkpt lat="37.933644" lon="-122.604277"><ele>540.5</ele></trkpt><trkpt lat="37.933531" lon="-122.604259"><ele>542.0</ele></trkpt><trkpt lat="37.933451" lon="-122.604256"><ele>543.1</ele></trkpt><trkpt lat="37.933172" lon="-122.604317"><ele>546.9</ele></trkpt><trkpt lat="37.932969" lon="-122.604305"><ele>549.6</ele></trkpt><trkpt lat="37.932786" lon="-122.604286"><ele>551.9</ele></trkpt><trkpt lat="37.932662" lon="-122.604230"><ele>553.5</ele></trkpt><trkpt lat="37.932511" lon="-122.604186"><ele>555.5</ele></trkpt><trkpt lat="37.932372" lon="-122.604140"><ele>557.3</ele></trkpt><trkpt lat="37.932183" lon="-122.604043"><ele>560.4</ele></trkpt><trkpt lat="37.932075" lon="-122.603953"><ele>562.6</ele></trkpt><trkpt lat="37.932007" lon="-122.603940"><ele>563.7</ele></trkpt><trkpt lat="37.931952" lon="-122.603955"><ele>564.6</ele></trkpt><trkpt lat="37.931884" lon="-122.604011"><ele>566.0</ele></trkpt><trkpt lat="37.931764" lon="-122.604107"><ele>568.4</ele></trkpt><trkpt lat="37.931657" lon="-122.604151"><ele>570.1</ele></trkpt><trkpt lat="37.931553" lon="-122.604171"><ele>570.9</ele></trkpt><trkpt lat="37.931230" lon="-122.604108"><ele>573.4</ele></trkpt><trkpt lat="37.931027" lon="-122.604047"><ele>574.9</ele></trkpt><trkpt lat="37.930807" lon="-122.603957"><ele>576.4</ele></trkpt><trkpt lat="37.930601" lon="-122.603890"><ele>577.6</ele></trkpt><trkpt lat="37.930475" lon="-122.603860"><ele>578.4</ele></trkpt><trkpt lat="37.930350" lon="-122.603799"><ele>579.2</ele></trkpt><trkpt lat="37.930270" lon="-122.603700"><ele>579.7</ele></trkpt><trkpt lat="37.930221" lon="-122.603577"><ele>579.6</ele></trkpt><trkpt lat="37.930200" lon="-122.603391"><ele>579.5</ele></trkpt><trkpt lat="37.930150" lon="-122.603307"><ele>579.4</ele></trkpt><trkpt lat="37.930052" lon="-122.603270"><ele>579.3</ele></trkpt><trkpt lat="37.929930" lon="-122.603292"><ele>579.2</ele></trkpt><trkpt lat="37.929762" lon="-122.603395"><ele>579.4</ele></trkpt><trkpt lat="37.929608" lon="-122.603510"><ele>580.7</ele></trkpt><trkpt lat="37.929448" lon="-122.603695"><ele>582.1</ele></trkpt><trkpt lat="37.929311" lon="-122.603813"><ele>583.3</ele></trkpt><trkpt lat="37.929154" lon="-122.603927"><ele>584.6</ele></trkpt><trkpt lat="37.929017" lon="-122.604002"><ele>585.9</ele></trkpt><trkpt lat="37.928921" lon="-122.604051"><ele>586.8</ele></trkpt><trkpt lat="37.928884" lon="-122.604116"><ele>587.3</ele></trkpt><trkpt lat="37.928883" lon="-122.604222"><ele>588.0</ele></trkpt><trkpt lat="37.928943" lon="-122.604418"><ele>589.4</ele></trkpt><trkpt lat="37.928981" lon="-122.604607"><ele>591.2</ele></trkpt><trkpt lat="37.929028" lon="-122.604935"><ele>595.4</ele></trkpt><trkpt lat="37.929016" lon="-122.605070"><ele>597.1</ele></trkpt><trkpt lat="37.928965" lon="-122.605160"><ele>598.5</ele></trkpt><trkpt lat="37.928889" lon="-122.605212"><ele>599.9</ele></trkpt><trkpt lat="37.928729" lon="-122.605332"><ele>602.0</ele></trkpt><trkpt lat="37.928392" lon="-122.605625"><ele>604.0</ele></trkpt><trkpt lat="37.928280" lon="-122.605706"><ele>604.6</ele></trkpt><trkpt lat="37.928174" lon="-122.605704"><ele>605.1</ele></trkpt><trkpt lat="37.928081" lon="-122.605734"><ele>606.5</ele></trkpt><trkpt lat="37.927967" lon="-122.605797"><ele>608.2</ele></trkpt><trkpt lat="37.927744" lon="-122.605950"><ele>611.7</ele></trkpt><trkpt lat="37.927425" lon="-122.606072"><ele>616.0</ele></trkpt><trkpt lat="37.927296" lon="-122.606138"><ele>617.5</ele></trkpt><trkpt lat="37.927192" lon="-122.606207"><ele>618.8</ele></trkpt><trkpt lat="37.927120" lon="-122.606283"><ele>619.9</ele></trkpt><trkpt lat="37.927111" lon="-122.606355"><ele>620.5</ele></trkpt><trkpt lat="37.927101" lon="-122.606425"><ele>621.1</ele></trkpt><trkpt lat="37.927112" lon="-122.606533"><ele>622.0</ele></trkpt><trkpt lat="37.927145" lon="-122.606632"><ele>623.0</ele></trkpt><trkpt lat="37.927155" lon="-122.606767"><ele>624.5</ele></trkpt><trkpt lat="37.927119" lon="-122.606855"><ele>625.6</ele></trkpt><trkpt lat="37.927055" lon="-122.606911"><ele>626.7</ele></trkpt><trkpt lat="37.926988" lon="-122.606891"><ele>627.7</ele></trkpt><trkpt lat="37.926865" lon="-122.606819"><ele>629.6</ele></trkpt><trkpt lat="37.926776" lon="-122.606814"><ele>630.9</ele></trkpt><trkpt lat="37.926712" lon="-122.606849"><ele>631.9</ele></trkpt><trkpt lat="37.926462" lon="-122.607102"><ele>634.9</ele></trkpt><trkpt lat="37.926317" lon="-122.607188"><ele>635.9</ele></trkpt><trkpt lat="37.926238" lon="-122.607200"><ele>636.5</ele></trkpt><trkpt lat="37.926089" lon="-122.607172"><ele>637.5</ele></trkpt><trkpt lat="37.925996" lon="-122.607127"><ele>638.2</ele></trkpt><trkpt lat="37.925879" lon="-122.607057"><ele>638.1</ele></trkpt><trkpt lat="37.925766" lon="-122.606954"><ele>638.0</ele></trkpt><trkpt lat="37.925652" lon="-122.606828"><ele>637.9</ele></trkpt><trkpt lat="37.925563" lon="-122.606673"><ele>637.8</ele></trkpt><trkpt lat="37.925396" lon="-122.606383"><ele>636.9</ele></trkpt><trkpt lat="37.925339" lon="-122.606312"><ele>636.5</ele></trkpt><trkpt lat="37.925242" lon="-122.606235"><ele>635.8</ele></trkpt><trkpt lat="37.925132" lon="-122.606186"><ele>635.1</ele></trkpt><trkpt lat="37.925015" lon="-122.606142"><ele>634.4</ele></trkpt><trkpt lat="37.924920" lon="-122.606150"><ele>633.8</ele></trkpt><trkpt lat="37.924825" lon="-122.606188"><ele>633.3</ele></trkpt><trkpt lat="37.924687" lon="-122.606308"><ele>632.6</ele></trkpt><trkpt lat="37.924102" lon="-122.606858"><ele>630.2</ele></trkpt><trkpt lat="37.924042" lon="-122.606911"><ele>630.2</ele></trkpt><trkpt lat="37.923973" lon="-122.606996"><ele>630.2</ele></trkpt><trkpt lat="37.923909" lon="-122.607099"><ele>630.1</ele></trkpt><trkpt lat="37.923862" lon="-122.607223"><ele>630.1</ele></trkpt><trkpt lat="37.923793" lon="-122.607508"><ele>630.5</ele></trkpt><trkpt lat="37.923752" lon="-122.607714"><ele>631.3</ele></trkpt><trkpt lat="37.923709" lon="-122.607862"><ele>631.8</ele></trkpt><trkpt lat="37.923673" lon="-122.607985"><ele>632.3</ele></trkpt><trkpt lat="37.923598" lon="-122.608263"><ele>633.4</ele></trkpt><trkpt lat="37.923491" lon="-122.608788"><ele>638.3</ele></trkpt><trkpt lat="37.923395" lon="-122.609201"><ele>642.4</ele></trkpt><trkpt lat="37.923343" lon="-122.609381"><ele>644.8</ele></trkpt><trkpt lat="37.923288" lon="-122.609471"><ele>646.3</ele></trkpt><trkpt lat="37.923185" lon="-122.609554"><ele>648.3</ele></trkpt><trkpt lat="37.922941" lon="-122.609690"><ele>652.6</ele></trkpt><trkpt lat="37.922839" lon="-122.609772"><ele>655.2</ele></trkpt><trkpt lat="37.922703" lon="-122.609861"><ele>658.7</ele></trkpt><trkpt lat="37.922517" lon="-122.609878"><ele>663.0</ele></trkpt><trkpt lat="37.922388" lon="-122.609910"><ele>666.0</ele></trkpt><trkpt lat="37.922229" lon="-122.610007"><ele>670.1</ele></trkpt><trkpt lat="37.922078" lon="-122.610104"><ele>673.0</ele></trkpt><trkpt lat="37.921544" lon="-122.610333"><ele>682.7</ele></trkpt><trkpt lat="37.921444" lon="-122.610401"><ele>684.6</ele></trkpt><trkpt lat="37.921377" lon="-122.610471"><ele>686.2</ele></trkpt><trkpt lat="37.921288" lon="-122.610612"><ele>688.7</ele></trkpt><trkpt lat="37.921176" lon="-122.610720"><ele>691.1</ele></trkpt><trkpt lat="37.921024" lon="-122.610814"><ele>694.1</ele></trkpt><trkpt lat="37.920895" lon="-122.610914"><ele>695.8</ele></trkpt><trkpt lat="37.920739" lon="-122.611038"><ele>697.2</ele></trkpt><trkpt lat="37.920587" lon="-122.611189"><ele>698.8</ele></trkpt><trkpt lat="37.920484" lon="-122.611250"><ele>699.7</ele></trkpt><trkpt lat="37.920389" lon="-122.611289"><ele>700.5</ele></trkpt><trkpt lat="37.920226" lon="-122.611300"><ele>701.0</ele></trkpt><trkpt lat="37.920043" lon="-122.611261"><ele>701.3</ele></trkpt><trkpt lat="37.919910" lon="-122.611250"><ele>701.5</ele></trkpt><trkpt lat="37.919643" lon="-122.611263"><ele>701.9</ele></trkpt><trkpt lat="37.919478" lon="-122.611230"><ele>700.9</ele></trkpt><trkpt lat="37.919327" lon="-122.611184"><ele>699.9</ele></trkpt><trkpt lat="37.919259" lon="-122.611153"><ele>699.4</ele></trkpt><trkpt lat="37.919202" lon="-122.611116"><ele>699.0</ele></trkpt><trkpt lat="37.919117" lon="-122.611049"><ele>698.3</ele></trkpt><trkpt lat="37.918957" lon="-122.610889"><ele>696.9</ele></trkpt><trkpt lat="37.918842" lon="-122.610763"><ele>695.9</ele></trkpt><trkpt lat="37.918769" lon="-122.610691"><ele>695.2</ele></trkpt><trkpt lat="37.918694" lon="-122.610642"><ele>694.7</ele></trkpt><trkpt lat="37.918631" lon="-122.610630"><ele>694.2</ele></trkpt><trkpt lat="37.918512" lon="-122.610638"><ele>693.4</ele></trkpt><trkpt lat="37.918440" lon="-122.610648"><ele>692.9</ele></trkpt><trkpt lat="37.918385" lon="-122.610630"><ele>692.5</ele></trkpt><trkpt lat="37.918317" lon="-122.610576"><ele>691.9</ele></trkpt><trkpt lat="37.918232" lon="-122.610490"><ele>690.8</ele></trkpt><trkpt lat="37.918124" lon="-122.610384"><ele>689.5</ele></trkpt><trkpt lat="37.918031" lon="-122.610317"><ele>688.5</ele></trkpt><trkpt lat="37.917892" lon="-122.610240"><ele>687.0</ele></trkpt><trkpt lat="37.917778" lon="-122.610189"><ele>685.8</ele></trkpt><trkpt lat="37.917685" lon="-122.610159"><ele>684.8</ele></trkpt><trkpt lat="37.917590" lon="-122.610148"><ele>683.5</ele></trkpt><trkpt lat="37.917460" lon="-122.610161"><ele>681.7</ele></trkpt><trkpt lat="37.917345" lon="-122.610168"><ele>680.1</ele></trkpt><trkpt lat="37.917260" lon="-122.610160"><ele>678.9</ele></trkpt><trkpt lat="37.917161" lon="-122.610135"><ele>677.5</ele></trkpt><trkpt lat="37.917011" lon="-122.610060"><ele>675.3</ele></trkpt><trkpt lat="37.916843" lon="-122.609952"><ele>673.0</ele></trkpt><trkpt lat="37.916619" lon="-122.609858"><ele>670.2</ele></trkpt><trkpt lat="37.916538" lon="-122.609822"><ele>669.2</ele></trkpt><trkpt lat="37.916457" lon="-122.609792"><ele>668.2</ele></trkpt><trkpt lat="37.916381" lon="-122.609775"><ele>667.2</ele></trkpt><trkpt lat="37.916309" lon="-122.609789"><ele>666.5</ele></trkpt><trkpt lat="37.916208" lon="-122.609841"><ele>666.0</ele></trkpt><trkpt lat="37.916100" lon="-122.609955"><ele>665.4</ele></trkpt><trkpt lat="37.915994" lon="-122.610096"><ele>664.6</ele></trkpt><trkpt lat="37.915931" lon="-122.610189"><ele>664.2</ele></trkpt><trkpt lat="37.915855" lon="-122.610248"><ele>663.8</ele></trkpt><trkpt lat="37.915751" lon="-122.610305"><ele>663.3</ele></trkpt><trkpt lat="37.915650" lon="-122.610345"><ele>662.8</ele></trkpt><trkpt lat="37.915567" lon="-122.610347"><ele>662.5</ele></trkpt><trkpt lat="37.915481" lon="-122.610291"><ele>662.1</ele></trkpt><trkpt lat="37.915441" lon="-122.610205"><ele>661.7</ele></trkpt><trkpt lat="37.915420" lon="-122.610115"><ele>661.4</ele></trkpt><trkpt lat="37.915404" lon="-122.610017"><ele>661.1</ele></trkpt><trkpt lat="37.915369" lon="-122.609947"><ele>660.8</ele></trkpt><trkpt lat="37.915315" lon="-122.609894"><ele>660.5</ele></trkpt><trkpt lat="37.915264" lon="-122.609870"><ele>660.3</ele></trkpt><trkpt lat="37.915209" lon="-122.609874"><ele>660.0</ele></trkpt><trkpt lat="37.915117" lon="-122.609872"><ele>659.6</ele></trkpt><trkpt lat="37.915017" lon="-122.609833"><ele>659.1</ele></trkpt><trkpt lat="37.914869" lon="-122.609748"><ele>658.2</ele></trkpt><trkpt lat="37.914693" lon="-122.609659"><ele>657.3</ele></trkpt><trkpt lat="37.914654" lon="-122.609652"><ele>657.1</ele></trkpt><trkpt lat="37.914677" lon="-122.609559"><ele>656.7</ele></trkpt><trkpt lat="37.914762" lon="-122.609388"><ele>657.0</ele></trkpt><trkpt lat="37.914751" lon="-122.609190"><ele>657.6</ele></trkpt><trkpt lat="37.914732" lon="-122.609081"><ele>658.0</ele></trkpt><trkpt lat="37.914833" lon="-122.608785"><ele>659.0</ele></trkpt><trkpt lat="37.914883" lon="-122.608599"><ele>660.6</ele></trkpt><trkpt lat="37.914959" lon="-122.608226"><ele>666.3</ele></trkpt><trkpt lat="37.914994" lon="-122.608100"><ele>668.2</ele></trkpt><trkpt lat="37.915031" lon="-122.608035"><ele>669.4</ele></trkpt><trkpt lat="37.915088" lon="-122.607976"><ele>670.8</ele></trkpt><trkpt lat="37.915152" lon="-122.607930"><ele>672.1</ele></trkpt><trkpt lat="37.915205" lon="-122.607921"><ele>673.1</ele></trkpt><trkpt lat="37.915261" lon="-122.607926"><ele>674.2</ele></trkpt><trkpt lat="37.915315" lon="-122.607947"><ele>675.2</ele></trkpt><trkpt lat="37.915479" lon="-122.608028"><ele>678.6</ele></trkpt><trkpt lat="37.915562" lon="-122.608051"><ele>680.2</ele></trkpt><trkpt lat="37.915613" lon="-122.608051"><ele>681.1</ele></trkpt><trkpt lat="37.915669" lon="-122.608030"><ele>682.2</ele></trkpt><trkpt lat="37.915743" lon="-122.607989"><ele>683.8</ele></trkpt><trkpt lat="37.915953" lon="-122.607858"><ele>686.8</ele></trkpt><trkpt lat="37.916078" lon="-122.607768"><ele>687.5</ele></trkpt><trkpt lat="37.916216" lon="-122.607657"><ele>688.3</ele></trkpt><trkpt lat="37.916317" lon="-122.607604"><ele>688.8</ele></trkpt><trkpt lat="37.916421" lon="-122.607568"><ele>689.3</ele></trkpt><trkpt lat="37.916512" lon="-122.607545"><ele>689.8</ele></trkpt><trkpt lat="37.916658" lon="-122.607534"><ele>690.5</ele></trkpt><trkpt lat="37.916779" lon="-122.607544"><ele>691.2</ele></trkpt><trkpt lat="37.916869" lon="-122.607548"><ele>691.7</ele></trkpt><trkpt lat="37.916936" lon="-122.607543"><ele>692.1</ele></trkpt><trkpt lat="37.917010" lon="-122.607514"><ele>692.5</ele></trkpt><trkpt lat="37.917073" lon="-122.607480"><ele>692.9</ele></trkpt><trkpt lat="37.917138" lon="-122.607435"><ele>693.3</ele></trkpt><trkpt lat="37.917256" lon="-122.607350"><ele>694.3</ele></trkpt><trkpt lat="37.917329" lon="-122.607321"><ele>695.3</ele></trkpt><trkpt lat="37.917452" lon="-122.607278"><ele>696.8</ele></trkpt><trkpt lat="37.917587" lon="-122.607234"><ele>698.5</ele></trkpt><trkpt lat="37.917789" lon="-122.607174"><ele>701.0</ele></trkpt><trkpt lat="37.917950" lon="-122.607123"><ele>702.8</ele></trkpt><trkpt lat="37.918061" lon="-122.607088"><ele>703.6</ele></trkpt><trkpt lat="37.918129" lon="-122.607058"><ele>704.1</ele></trkpt><trkpt lat="37.918178" lon="-122.607023"><ele>704.5</ele></trkpt><trkpt lat="37.918232" lon="-122.606976"><ele>704.9</ele></trkpt><trkpt lat="37.918305" lon="-122.606890"><ele>705.6</ele></trkpt><trkpt lat="37.918378" lon="-122.606797"><ele>706.3</ele></trkpt><trkpt lat="37.918471" lon="-122.606714"><ele>707.1</ele></trkpt><trkpt lat="37.918578" lon="-122.606645"><ele>707.9</ele></trkpt><trkpt lat="37.918683" lon="-122.606588"><ele>708.5</ele></trkpt><trkpt lat="37.918871" lon="-122.606519"><ele>709.7</ele></trkpt><trkpt lat="37.918941" lon="-122.606478"><ele>710.1</ele></trkpt><trkpt lat="37.919006" lon="-122.606418"><ele>710.6</ele></trkpt><trkpt lat="37.919047" lon="-122.606360"><ele>711.0</ele></trkpt><trkpt lat="37.919104" lon="-122.606259"><ele>711.6</ele></trkpt><trkpt lat="37.919306" lon="-122.605894"><ele>708.4</ele></trkpt><trkpt lat="37.919376" lon="-122.605764"><ele>707.2</ele></trkpt><trkpt lat="37.919441" lon="-122.605663"><ele>706.1</ele></trkpt><trkpt lat="37.919537" lon="-122.605537"><ele>704.7</ele></trkpt><trkpt lat="37.919631" lon="-122.605439"><ele>704.5</ele></trkpt><trkpt lat="37.919718" lon="-122.605344"><ele>704.6</ele></trkpt><trkpt lat="37.919840" lon="-122.605150"><ele>704.7</ele></trkpt><trkpt lat="37.919893" lon="-122.605045"><ele>704.8</ele></trkpt><trkpt lat="37.919924" lon="-122.604969"><ele>704.9</ele></trkpt><trkpt lat="37.919953" lon="-122.604875"><ele>704.9</ele></trkpt><trkpt lat="37.919964" lon="-122.604795"><ele>705.0</ele></trkpt><trkpt lat="37.919965" lon="-122.604712"><ele>705.3</ele></trkpt><trkpt lat="37.919952" lon="-122.604600"><ele>705.8</ele></trkpt><trkpt lat="37.919931" lon="-122.604507"><ele>706.3</ele></trkpt><trkpt lat="37.919899" lon="-122.604382"><ele>706.9</ele></trkpt><trkpt lat="37.919884" lon="-122.604299"><ele>707.3</ele></trkpt><trkpt lat="37.919883" lon="-122.604203"><ele>707.8</ele></trkpt><trkpt lat="37.919900" lon="-122.604131"><ele>708.1</ele></trkpt><trkpt lat="37.919916" lon="-122.604077"><ele>708.4</ele></trkpt><trkpt lat="37.919944" lon="-122.604009"><ele>708.8</ele></trkpt><trkpt lat="37.919979" lon="-122.603936"><ele>709.2</ele></trkpt><trkpt lat="37.920033" lon="-122.603827"><ele>710.5</ele></trkpt><trkpt lat="37.920090" lon="-122.603739"><ele>711.8</ele></trkpt><trkpt lat="37.920151" lon="-122.603674"><ele>712.9</ele></trkpt><trkpt lat="37.920237" lon="-122.603617"><ele>714.3</ele></trkpt><trkpt lat="37.920350" lon="-122.603561"><ele>716.0</ele></trkpt><trkpt lat="37.920452" lon="-122.603493"><ele>717.7</ele></trkpt><trkpt lat="37.920556" lon="-122.603400"><ele>719.5</ele></trkpt><trkpt lat="37.920710" lon="-122.603284"><ele>723.2</ele></trkpt><trkpt lat="37.920782" lon="-122.603242"><ele>724.8</ele></trkpt><trkpt lat="37.920853" lon="-122.603220"><ele>726.4</ele></trkpt><trkpt lat="37.920951" lon="-122.603221"><ele>728.4</ele></trkpt><trkpt lat="37.921098" lon="-122.603245"><ele>731.5</ele></trkpt><trkpt lat="37.921203" lon="-122.603254"><ele>733.7</ele></trkpt><trkpt lat="37.921263" lon="-122.603250"><ele>734.9</ele></trkpt><trkpt lat="37.921322" lon="-122.603222"><ele>735.1</ele></trkpt><trkpt lat="37.921370" lon="-122.603190"><ele>735.3</ele></trkpt><trkpt lat="37.921577" lon="-122.602952"><ele>736.4</ele></trkpt><trkpt lat="37.921765" lon="-122.602694"><ele>737.5</ele></trkpt><trkpt lat="37.921858" lon="-122.602587"><ele>737.9</ele></trkpt><trkpt lat="37.921961" lon="-122.602498"><ele>738.2</ele></trkpt><trkpt lat="37.922017" lon="-122.602429"><ele>738.4</ele></trkpt><trkpt lat="37.922057" lon="-122.602348"><ele>738.6</ele></trkpt><trkpt lat="37.922151" lon="-122.601977"><ele>739.3</ele></trkpt><trkpt lat="37.922173" lon="-122.601915"><ele>739.4</ele></trkpt><trkpt lat="37.922246" lon="-122.601770"><ele>738.3</ele></trkpt><trkpt lat="37.922494" lon="-122.601444"><ele>735.4</ele></trkpt><trkpt lat="37.922600" lon="-122.601264"><ele>734.0</ele></trkpt><trkpt lat="37.922709" lon="-122.601100"><ele>733.6</ele></trkpt><trkpt lat="37.922795" lon="-122.600965"><ele>733.4</ele></trkpt><trkpt lat="37.922838" lon="-122.600856"><ele>733.4</ele></trkpt><trkpt lat="37.922853" lon="-122.600787"><ele>733.3</ele></trkpt><trkpt lat="37.922860" lon="-122.600706"><ele>733.3</ele></trkpt><trkpt lat="37.922847" lon="-122.600615"><ele>733.2</ele></trkpt><trkpt lat="37.922804" lon="-122.600456"><ele>733.1</ele></trkpt><trkpt lat="37.922668" lon="-122.600009"><ele>735.5</ele></trkpt><trkpt lat="37.922615" lon="-122.599871"><ele>736.4</ele></trkpt><trkpt lat="37.922568" lon="-122.599758"><ele>737.1</ele></trkpt><trkpt lat="37.922550" lon="-122.599657"><ele>737.7</ele></trkpt><trkpt lat="37.922544" lon="-122.599306"><ele>742.3</ele></trkpt><trkpt lat="37.922544" lon="-122.599296"><ele>742.5</ele></trkpt><trkpt lat="37.922528" lon="-122.599194"><ele>744.1</ele></trkpt><trkpt lat="37.922498" lon="-122.599097"><ele>745.7</ele></trkpt><trkpt lat="37.922411" lon="-122.598903"><ele>749.2</ele></trkpt><trkpt lat="37.922372" lon="-122.598785"><ele>751.2</ele></trkpt><trkpt lat="37.922367" lon="-122.598675"><ele>752.9</ele></trkpt><trkpt lat="37.922383" lon="-122.598549"><ele>754.6</ele></trkpt><trkpt lat="37.922411" lon="-122.598429"><ele>756.3</ele></trkpt><trkpt lat="37.922464" lon="-122.598262"><ele>758.6</ele></trkpt><trkpt lat="37.922523" lon="-122.598114"><ele>760.9</ele></trkpt><trkpt lat="37.922582" lon="-122.598006"><ele>762.6</ele></trkpt><trkpt lat="37.922645" lon="-122.597927"><ele>764.1</ele></trkpt><trkpt lat="37.922716" lon="-122.597874"><ele>765.3</ele></trkpt><trkpt lat="37.922792" lon="-122.597842"><ele>766.2</ele></trkpt><trkpt lat="37.922927" lon="-122.597815"><ele>767.9</ele></trkpt><trkpt lat="37.922960" lon="-122.597801"><ele>768.3</ele></trkpt><trkpt lat="37.923002" lon="-122.597777"><ele>768.8</ele></trkpt><trkpt lat="37.923040" lon="-122.597730"><ele>769.5</ele></trkpt><trkpt lat="37.923065" lon="-122.597671"><ele>770.1</ele></trkpt><trkpt lat="37.923082" lon="-122.597552"><ele>771.2</ele></trkpt><trkpt lat="37.923089" lon="-122.597433"><ele>772.4</ele></trkpt><trkpt lat="37.923089" lon="-122.597212"><ele>772.8</ele></trkpt><trkpt lat="37.923080" lon="-122.597116"><ele>772.5</ele></trkpt><trkpt lat="37.923053" lon="-122.596991"><ele>772.0</ele></trkpt><trkpt lat="37.923006" lon="-122.596857"><ele>771.5</ele></trkpt><trkpt lat="37.922932" lon="-122.596690"><ele>770.8</ele></trkpt><trkpt lat="37.922832" lon="-122.596542"><ele>770.0</ele></trkpt><trkpt lat="37.922802" lon="-122.596497"><ele>769.9</ele></trkpt><trkpt lat="37.922739" lon="-122.596409"><ele>769.6</ele></trkpt><trkpt lat="37.922721" lon="-122.596359"><ele>769.5</ele></trkpt><trkpt lat="37.922704" lon="-122.596298"><ele>769.3</ele></trkpt><trkpt lat="37.922691" lon="-122.596192"><ele>769.1</ele></trkpt><trkpt lat="37.922687" lon="-122.596099"><ele>768.8</ele></trkpt><trkpt lat="37.922683" lon="-122.595779"><ele>768.1</ele></trkpt><trkpt lat="37.922688" lon="-122.595691"><ele>767.9</ele></trkpt><trkpt lat="37.922705" lon="-122.595627"><ele>767.7</ele></trkpt><trkpt lat="37.922734" lon="-122.595568"><ele>767.4</ele></trkpt><trkpt lat="37.922759" lon="-122.595531"><ele>767.3</ele></trkpt><trkpt lat="37.922803" lon="-122.595492"><ele>767.0</ele></trkpt><trkpt lat="37.922857" lon="-122.595464"><ele>766.8</ele></trkpt><trkpt lat="37.922912" lon="-122.595448"><ele>766.5</ele></trkpt><trkpt lat="37.922980" lon="-122.595440"><ele>766.2</ele></trkpt><trkpt lat="37.923024" lon="-122.595438"><ele>766.0</ele></trkpt><trkpt lat="37.923112" lon="-122.595443"><ele>765.6</ele></trkpt><trkpt lat="37.923280" lon="-122.595468"><ele>764.8</ele></trkpt><trkpt lat="37.923357" lon="-122.595475"><ele>764.4</ele></trkpt><trkpt lat="37.923426" lon="-122.595471"><ele>764.2</ele></trkpt><trkpt lat="37.923506" lon="-122.595456"><ele>763.9</ele></trkpt><trkpt lat="37.923581" lon="-122.595433"><ele>763.7</ele></trkpt><trkpt lat="37.923681" lon="-122.595396"><ele>763.3</ele></trkpt><trkpt lat="37.923836" lon="-122.595321"><ele>762.7</ele></trkpt><trkpt lat="37.923914" lon="-122.595278"><ele>762.4</ele></trkpt><trkpt lat="37.923982" lon="-122.595251"><ele>762.2</ele></trkpt><trkpt lat="37.924052" lon="-122.595232"><ele>761.9</ele></trkpt><trkpt lat="37.924177" lon="-122.595233"><ele>761.1</ele></trkpt><trkpt lat="37.924342" lon="-122.595242"><ele>760.0</ele></trkpt><trkpt lat="37.924484" lon="-122.595240"><ele>759.0</ele></trkpt><trkpt lat="37.924634" lon="-122.595237"><ele>758.0</ele></trkpt><trkpt lat="37.924735" lon="-122.595238"><ele>757.3</ele></trkpt><trkpt lat="37.924806" lon="-122.595246"><ele>756.4</ele></trkpt><trkpt lat="37.924890" lon="-122.595260"><ele>755.0</ele></trkpt><trkpt lat="37.925018" lon="-122.595294"><ele>752.7</ele></trkpt><trkpt lat="37.925107" lon="-122.595309"><ele>751.2</ele></trkpt><trkpt lat="37.925226" lon="-122.595322"><ele>749.2</ele></trkpt><trkpt lat="37.925327" lon="-122.595331"><ele>747.4</ele></trkpt><trkpt lat="37.925440" lon="-122.595357"><ele>745.4</ele></trkpt><trkpt lat="37.925492" lon="-122.595367"><ele>744.6</ele></trkpt><trkpt lat="37.925554" lon="-122.595364"><ele>743.7</ele></trkpt><trkpt lat="37.925598" lon="-122.595339"><ele>743.0</ele></trkpt><trkpt lat="37.925632" lon="-122.595309"><ele>742.4</ele></trkpt><trkpt lat="37.925664" lon="-122.595269"><ele>741.8</ele></trkpt><trkpt lat="37.925685" lon="-122.595225"><ele>741.2</ele></trkpt><trkpt lat="37.925709" lon="-122.595174"><ele>740.5</ele></trkpt><trkpt lat="37.925740" lon="-122.595065"><ele>739.2</ele></trkpt><trkpt lat="37.925766" lon="-122.594951"><ele>737.9</ele></trkpt><trkpt lat="37.925780" lon="-122.594869"><ele>737.0</ele></trkpt><trkpt lat="37.925800" lon="-122.594709"><ele>735.2</ele></trkpt><trkpt lat="37.925817" lon="-122.594634"><ele>734.2</ele></trkpt><trkpt lat="37.925849" lon="-122.594583"><ele>733.2</ele></trkpt><trkpt lat="37.925888" lon="-122.594546"><ele>732.3</ele></trkpt><trkpt lat="37.925938" lon="-122.594523"><ele>731.3</ele></trkpt><trkpt lat="37.926044" lon="-122.594501"><ele>729.3</ele></trkpt><trkpt lat="37.926095" lon="-122.594487"><ele>728.3</ele></trkpt><trkpt lat="37.926140" lon="-122.594463"><ele>727.4</ele></trkpt><trkpt lat="37.926180" lon="-122.594431"><ele>726.5</ele></trkpt><trkpt lat="37.926214" lon="-122.594391"><ele>725.6</ele></trkpt><trkpt lat="37.926249" lon="-122.594332"><ele>724.5</ele></trkpt><trkpt lat="37.926299" lon="-122.594225"><ele>722.6</ele></trkpt><trkpt lat="37.926333" lon="-122.594119"><ele>720.9</ele></trkpt><trkpt lat="37.926360" lon="-122.594012"><ele>719.7</ele></trkpt><trkpt lat="37.926375" lon="-122.593905"><ele>718.6</ele></trkpt><trkpt lat="37.926392" lon="-122.593703"><ele>716.4</ele></trkpt><trkpt lat="37.926408" lon="-122.593604"><ele>715.3</ele></trkpt><trkpt lat="37.926433" lon="-122.593515"><ele>714.3</ele></trkpt><trkpt lat="37.926463" lon="-122.593448"><ele>713.5</ele></trkpt><trkpt lat="37.926494" lon="-122.593398"><ele>712.8</ele></trkpt><trkpt lat="37.926531" lon="-122.593358"><ele>712.2</ele></trkpt><trkpt lat="37.926571" lon="-122.593326"><ele>711.5</ele></trkpt><trkpt lat="37.926629" lon="-122.593297"><ele>710.6</ele></trkpt><trkpt lat="37.926817" lon="-122.593238"><ele>707.3</ele></trkpt><trkpt lat="37.926884" lon="-122.593210"><ele>706.2</ele></trkpt><trkpt lat="37.926961" lon="-122.593162"><ele>704.7</ele></trkpt><trkpt lat="37.927034" lon="-122.593097"><ele>703.2</ele></trkpt><trkpt lat="37.927098" lon="-122.593020"><ele>701.7</ele></trkpt><trkpt lat="37.927145" lon="-122.592946"><ele>700.5</ele></trkpt><trkpt lat="37.927186" lon="-122.592861"><ele>699.2</ele></trkpt><trkpt lat="37.927212" lon="-122.592776"><ele>698.6</ele></trkpt><trkpt lat="37.927234" lon="-122.592642"><ele>698.1</ele></trkpt><trkpt lat="37.927256" lon="-122.592494"><ele>697.4</ele></trkpt><trkpt lat="37.927279" lon="-122.592310"><ele>696.7</ele></trkpt><trkpt lat="37.927286" lon="-122.592186"><ele>696.2</ele></trkpt><trkpt lat="37.927276" lon="-122.592075"><ele>695.7</ele></trkpt><trkpt lat="37.927246" lon="-122.591953"><ele>695.3</ele></trkpt><trkpt lat="37.927212" lon="-122.591866"><ele>695.6</ele></trkpt><trkpt lat="37.927165" lon="-122.591769"><ele>696.1</ele></trkpt><trkpt lat="37.927090" lon="-122.591643"><ele>696.6</ele></trkpt><trkpt lat="37.927029" lon="-122.591531"><ele>697.1</ele></trkpt><trkpt lat="37.926980" lon="-122.591426"><ele>697.6</ele></trkpt><trkpt lat="37.926928" lon="-122.591261"><ele>698.2</ele></trkpt><trkpt lat="37.926890" lon="-122.591147"><ele>698.9</ele></trkpt><trkpt lat="37.926846" lon="-122.591039"><ele>700.6</ele></trkpt><trkpt lat="37.926752" lon="-122.590843"><ele>703.9</ele></trkpt><trkpt lat="37.926709" lon="-122.590740"><ele>705.6</ele></trkpt><trkpt lat="37.926676" lon="-122.590640"><ele>707.1</ele></trkpt><trkpt lat="37.926628" lon="-122.590445"><ele>710.1</ele></trkpt><trkpt lat="37.926597" lon="-122.590346"><ele>711.6</ele></trkpt><trkpt lat="37.926553" lon="-122.590265"><ele>713.4</ele></trkpt><trkpt lat="37.926503" lon="-122.590216"><ele>714.9</ele></trkpt><trkpt lat="37.926442" lon="-122.590189"><ele>716.4</ele></trkpt><trkpt lat="37.926321" lon="-122.590169"><ele>719.2</ele></trkpt><trkpt lat="37.926238" lon="-122.590147"><ele>721.2</ele></trkpt><trkpt lat="37.926175" lon="-122.590113"><ele>722.8</ele></trkpt><trkpt lat="37.926123" lon="-122.590055"><ele>724.5</ele></trkpt><trkpt lat="37.926089" lon="-122.589982"><ele>726.1</ele></trkpt><trkpt lat="37.926047" lon="-122.589843"><ele>728.5</ele></trkpt><trkpt lat="37.925994" lon="-122.589630"><ele>729.0</ele></trkpt><trkpt lat="37.925971" lon="-122.589471"><ele>729.4</ele></trkpt><trkpt lat="37.925957" lon="-122.589224"><ele>730.0</ele></trkpt><trkpt lat="37.925934" lon="-122.589139"><ele>730.2</ele></trkpt><trkpt lat="37.925901" lon="-122.589075"><ele>730.4</ele></trkpt><trkpt lat="37.925850" lon="-122.589015"><ele>730.6</ele></trkpt><trkpt lat="37.925790" lon="-122.588972"><ele>729.9</ele></trkpt><trkpt lat="37.925614" lon="-122.588877"><ele>727.9</ele></trkpt><trkpt lat="37.925548" lon="-122.588828"><ele>727.0</ele></trkpt><trkpt lat="37.925493" lon="-122.588767"><ele>726.2</ele></trkpt><trkpt lat="37.925436" lon="-122.588688"><ele>725.3</ele></trkpt><trkpt lat="37.925276" lon="-122.588420"><ele>722.4</ele></trkpt><trkpt lat="37.925132" lon="-122.588181"><ele>720.0</ele></trkpt><trkpt lat="37.925029" lon="-122.587993"><ele>718.1</ele></trkpt><trkpt lat="37.924965" lon="-122.587863"><ele>716.9</ele></trkpt><trkpt lat="37.924943" lon="-122.587785"><ele>716.2</ele></trkpt><trkpt lat="37.924940" lon="-122.587727"><ele>715.7</ele></trkpt><trkpt lat="37.924959" lon="-122.587673"><ele>715.3</ele></trkpt><trkpt lat="37.924987" lon="-122.587634"><ele>715.2</ele></trkpt><trkpt lat="37.925037" lon="-122.587604"><ele>715.0</ele></trkpt><trkpt lat="37.925101" lon="-122.587589"><ele>714.9</ele></trkpt><trkpt lat="37.925259" lon="-122.587566"><ele>714.4</ele></trkpt><trkpt lat="37.925392" lon="-122.587537"><ele>714.0</ele></trkpt><trkpt lat="37.925542" lon="-122.587486"><ele>713.5</ele></trkpt><trkpt lat="37.925615" lon="-122.587448"><ele>713.3</ele></trkpt><trkpt lat="37.925670" lon="-122.587396"><ele>713.5</ele></trkpt><trkpt lat="37.925709" lon="-122.587330"><ele>713.8</ele></trkpt><trkpt lat="37.925729" lon="-122.587233"><ele>714.3</ele></trkpt><trkpt lat="37.925727" lon="-122.587151"><ele>714.6</ele></trkpt><trkpt lat="37.925707" lon="-122.587013"><ele>715.2</ele></trkpt><trkpt lat="37.925694" lon="-122.586916"><ele>715.6</ele></trkpt><trkpt lat="37.925689" lon="-122.586824"><ele>716.0</ele></trkpt><trkpt lat="37.925697" lon="-122.586744"><ele>716.4</ele></trkpt><trkpt lat="37.925717" lon="-122.586678"><ele>716.7</ele></trkpt><trkpt lat="37.925748" lon="-122.586621"><ele>717.0</ele></trkpt><trkpt lat="37.925794" lon="-122.586581"><ele>717.1</ele></trkpt><trkpt lat="37.925855" lon="-122.586552"><ele>716.8</ele></trkpt><trkpt lat="37.925949" lon="-122.586525"><ele>716.3</ele></trkpt><trkpt lat="37.926040" lon="-122.586518"><ele>715.8</ele></trkpt><trkpt lat="37.926128" lon="-122.586517"><ele>715.4</ele></trkpt><trkpt lat="37.926266" lon="-122.586526"><ele>714.7</ele></trkpt><trkpt lat="37.926455" lon="-122.586519"><ele>713.7</ele></trkpt><trkpt lat="37.926608" lon="-122.586501"><ele>715.1</ele></trkpt><trkpt lat="37.926816" lon="-122.586501"><ele>717.9</ele></trkpt><trkpt lat="37.926905" lon="-122.586507"><ele>719.1</ele></trkpt><trkpt lat="37.927076" lon="-122.586538"><ele>721.5</ele></trkpt><trkpt lat="37.927164" lon="-122.586545"><ele>722.7</ele></trkpt><trkpt lat="37.927227" lon="-122.586532"><ele>723.3</ele></trkpt><trkpt lat="37.927281" lon="-122.586504"><ele>723.5</ele></trkpt><trkpt lat="37.927343" lon="-122.586466"><ele>723.7</ele></trkpt><trkpt lat="37.927406" lon="-122.586438"><ele>723.8</ele></trkpt><trkpt lat="37.927538" lon="-122.586415"><ele>724.2</ele></trkpt><trkpt lat="37.927650" lon="-122.586381"><ele>724.5</ele></trkpt><trkpt lat="37.927752" lon="-122.586298"><ele>724.8</ele></trkpt><trkpt lat="37.927812" lon="-122.586209"><ele>725.0</ele></trkpt><trkpt lat="37.927844" lon="-122.586082"><ele>724.9</ele></trkpt><trkpt lat="37.927862" lon="-122.585917"><ele>724.3</ele></trkpt><trkpt lat="37.927869" lon="-122.585802"><ele>723.9</ele></trkpt><trkpt lat="37.927866" lon="-122.585710"><ele>723.6</ele></trkpt><trkpt lat="37.927855" lon="-122.585607"><ele>723.3</ele></trkpt><trkpt lat="37.927848" lon="-122.585544"><ele>723.1</ele></trkpt><trkpt lat="37.927852" lon="-122.585480"><ele>722.9</ele></trkpt><trkpt lat="37.927865" lon="-122.585420"><ele>722.7</ele></trkpt><trkpt lat="37.927888" lon="-122.585359"><ele>722.4</ele></trkpt><trkpt lat="37.928001" lon="-122.585157"><ele>719.4</ele></trkpt><trkpt lat="37.928058" lon="-122.585073"><ele>717.2</ele></trkpt><trkpt lat="37.928128" lon="-122.584992"><ele>714.8</ele></trkpt><trkpt lat="37.928218" lon="-122.584915"><ele>712.1</ele></trkpt><trkpt lat="37.928334" lon="-122.584838"><ele>708.9</ele></trkpt><trkpt lat="37.928525" lon="-122.584741"><ele>704.0</ele></trkpt><trkpt lat="37.928644" lon="-122.584666"><ele>701.7</ele></trkpt><trkpt lat="37.928756" lon="-122.584577"><ele>699.4</ele></trkpt><trkpt lat="37.928834" lon="-122.584483"><ele>697.6</ele></trkpt><trkpt lat="37.928889" lon="-122.584379"><ele>695.9</ele></trkpt><trkpt lat="37.928907" lon="-122.584291"><ele>694.6</ele></trkpt><trkpt lat="37.928904" lon="-122.584144"><ele>692.6</ele></trkpt><trkpt lat="37.928882" lon="-122.584069"><ele>691.7</ele></trkpt><trkpt lat="37.928846" lon="-122.584007"><ele>691.1</ele></trkpt><trkpt lat="37.928721" lon="-122.583853"><ele>689.4</ele></trkpt><trkpt lat="37.928621" lon="-122.583752"><ele>688.2</ele></trkpt><trkpt lat="37.928558" lon="-122.583671"><ele>687.3</ele></trkpt><trkpt lat="37.928377" lon="-122.583476"><ele>685.0</ele></trkpt><trkpt lat="37.928220" lon="-122.583300"><ele>685.7</ele></trkpt><trkpt lat="37.928031" lon="-122.583077"><ele>686.8</ele></trkpt><trkpt lat="37.927809" lon="-122.582794"><ele>688.3</ele></trkpt><trkpt lat="37.927675" lon="-122.582614"><ele>690.1</ele></trkpt><trkpt lat="37.927589" lon="-122.582453"><ele>691.5</ele></trkpt><trkpt lat="37.927515" lon="-122.582233"><ele>693.2</ele></trkpt><trkpt lat="37.927464" lon="-122.581942"><ele>695.5</ele></trkpt><trkpt lat="37.927405" lon="-122.581242"><ele>701.9</ele></trkpt><trkpt lat="37.927351" lon="-122.580841"><ele>705.1</ele></trkpt><trkpt lat="37.927338" lon="-122.580651"><ele>706.5</ele></trkpt><trkpt lat="37.927321" lon="-122.580395"><ele>708.5</ele></trkpt><trkpt lat="37.927298" lon="-122.580337"><ele>709.0</ele></trkpt><trkpt lat="37.927262" lon="-122.580270"><ele>709.6</ele></trkpt><trkpt lat="37.927240" lon="-122.580219"><ele>709.8</ele></trkpt><trkpt lat="37.927239" lon="-122.580147"><ele>710.1</ele></trkpt><trkpt lat="37.927291" lon="-122.579915"><ele>711.1</ele></trkpt><trkpt lat="37.927349" lon="-122.579852"><ele>711.5</ele></trkpt><trkpt lat="37.927396" lon="-122.579884"><ele>711.8</ele></trkpt><trkpt lat="37.927416" lon="-122.579858"><ele>711.9</ele></trkpt><trkpt lat="37.927435" lon="-122.579629"><ele>712.9</ele></trkpt><trkpt lat="37.927438" lon="-122.579602"><ele>713.0</ele></trkpt><trkpt lat="37.927475" lon="-122.579646"><ele>713.2</ele></trkpt><trkpt lat="37.927509" lon="-122.579665"><ele>713.3</ele></trkpt><trkpt lat="37.927507" lon="-122.579676"><ele>713.3</ele></trkpt><trkpt lat="37.927498" lon="-122.579750"><ele>713.5</ele></trkpt><trkpt lat="37.927534" lon="-122.579813"><ele>713.7</ele></trkpt><trkpt lat="37.927600" lon="-122.579823"><ele>713.8</ele></trkpt><trkpt lat="37.927599" lon="-122.579837"><ele>713.8</ele></trkpt><trkpt lat="37.927592" lon="-122.579836"><ele>713.9</ele></trkpt><trkpt lat="37.927585" lon="-122.579886"><ele>714.0</ele></trkpt><trkpt lat="37.927617" lon="-122.579893"><ele>714.0</ele></trkpt><trkpt lat="37.927585" lon="-122.579886"><ele>714.1</ele></trkpt><trkpt lat="37.927592" lon="-122.579836"><ele>714.2</ele></trkpt><trkpt lat="37.927599" lon="-122.579837"><ele>714.2</ele></trkpt><trkpt lat="37.927600" lon="-122.579823"><ele>714.3</ele></trkpt><trkpt lat="37.927534" lon="-122.579813"><ele>714.4</ele></trkpt><trkpt lat="37.927498" lon="-122.579750"><ele>714.6</ele></trkpt><trkpt lat="37.927507" lon="-122.579676"><ele>714.7</ele></trkpt><trkpt lat="37.927509" lon="-122.579665"><ele>714.8</ele></trkpt><trkpt lat="37.927475" lon="-122.579646"><ele>714.9</ele></trkpt><trkpt lat="37.927438" lon="-122.579602"><ele>715.0</ele></trkpt><trkpt lat="37.927465" lon="-122.579549"><ele>714.9</ele></trkpt><trkpt lat="37.927501" lon="-122.579465"><ele>714.4</ele></trkpt><trkpt lat="37.927459" lon="-122.579482"><ele>714.0</ele></trkpt><trkpt lat="37.927419" lon="-122.579498"><ele>713.7</ele></trkpt><trkpt lat="37.927358" lon="-122.579526"><ele>713.3</ele></trkpt><trkpt lat="37.927303" lon="-122.579566"><ele>712.8</ele></trkpt><trkpt lat="37.927236" lon="-122.579656"><ele>712.1</ele></trkpt><trkpt lat="37.927034" lon="-122.579964"><ele>709.9</ele></trkpt><trkpt lat="37.926890" lon="-122.579947"><ele>708.0</ele></trkpt><trkpt lat="37.926808" lon="-122.579949"><ele>706.9</ele></trkpt><trkpt lat="37.926722" lon="-122.579953"><ele>705.8</ele></trkpt><trkpt lat="37.926693" lon="-122.579955"><ele>705.4</ele></trkpt><trkpt lat="37.926671" lon="-122.579945"><ele>705.1</ele></trkpt><trkpt lat="37.926660" lon="-122.579927"><ele>704.9</ele></trkpt><trkpt lat="37.926649" lon="-122.579897"><ele>704.6</ele></trkpt><trkpt lat="37.926619" lon="-122.579867"><ele>704.1</ele></trkpt><trkpt lat="37.926574" lon="-122.579822"><ele>703.3</ele></trkpt><trkpt lat="37.926543" lon="-122.579819"><ele>702.9</ele></trkpt><trkpt lat="37.926493" lon="-122.579800"><ele>702.2</ele></trkpt><trkpt lat="37.926451" lon="-122.579797"><ele>701.7</ele></trkpt><trkpt lat="37.926411" lon="-122.579795"><ele>701.2</ele></trkpt><trkpt lat="37.926381" lon="-122.579788"><ele>700.8</ele></trkpt><trkpt lat="37.926349" lon="-122.579791"><ele>700.3</ele></trkpt><trkpt lat="37.926309" lon="-122.579776"><ele>698.9</ele></trkpt><trkpt lat="37.926279" lon="-122.579758"><ele>697.9</ele></trkpt><trkpt lat="37.926237" lon="-122.579743"><ele>696.5</ele></trkpt><trkpt lat="37.926194" lon="-122.579765"><ele>695.0</ele></trkpt><trkpt lat="37.926178" lon="-122.579782"><ele>694.3</ele></trkpt><trkpt lat="37.926155" lon="-122.579791"><ele>693.5</ele></trkpt><trkpt lat="37.926134" lon="-122.579792"><ele>692.9</ele></trkpt><trkpt lat="37.926114" lon="-122.579795"><ele>692.2</ele></trkpt><trkpt lat="37.926098" lon="-122.579812"><ele>691.5</ele></trkpt><trkpt lat="37.926086" lon="-122.579828"><ele>691.0</ele></trkpt><trkpt lat="37.926068" lon="-122.579838"><ele>690.4</ele></trkpt><trkpt lat="37.926051" lon="-122.579841"><ele>689.8</ele></trkpt><trkpt lat="37.926026" lon="-122.579858"><ele>688.9</ele></trkpt><trkpt lat="37.925993" lon="-122.579860"><ele>687.8</ele></trkpt><trkpt lat="37.925949" lon="-122.579872"><ele>686.4</ele></trkpt><trkpt lat="37.925926" lon="-122.579883"><ele>685.6</ele></trkpt><trkpt lat="37.925898" lon="-122.579882"><ele>684.7</ele></trkpt><trkpt lat="37.925876" lon="-122.579896"><ele>683.9</ele></trkpt><trkpt lat="37.925859" lon="-122.579897"><ele>683.4</ele></trkpt><trkpt lat="37.925838" lon="-122.579912"><ele>682.6</ele></trkpt><trkpt lat="37.925823" lon="-122.579920"><ele>682.1</ele></trkpt><trkpt lat="37.925796" lon="-122.579926"><ele>681.2</ele></trkpt><trkpt lat="37.925773" lon="-122.579941"><ele>680.4</ele></trkpt><trkpt lat="37.925750" lon="-122.579949"><ele>679.6</ele></trkpt><trkpt lat="37.925731" lon="-122.579951"><ele>679.0</ele></trkpt><trkpt lat="37.925712" lon="-122.579953"><ele>678.4</ele></trkpt><trkpt lat="37.925696" lon="-122.579954"><ele>677.9</ele></trkpt><trkpt lat="37.925682" lon="-122.579953"><ele>677.5</ele></trkpt><trkpt lat="37.925662" lon="-122.579947"><ele>677.0</ele></trkpt><trkpt lat="37.925643" lon="-122.579949"><ele>676.5</ele></trkpt><trkpt lat="37.925606" lon="-122.579973"><ele>675.5</ele></trkpt><trkpt lat="37.925545" lon="-122.579994"><ele>673.9</ele></trkpt><trkpt lat="37.925470" lon="-122.580013"><ele>672.1</ele></trkpt><trkpt lat="37.925424" lon="-122.580028"><ele>670.9</ele></trkpt><trkpt lat="37.925397" lon="-122.580047"><ele>670.2</ele></trkpt><trkpt lat="37.925355" lon="-122.580059"><ele>669.1</ele></trkpt><trkpt lat="37.925320" lon="-122.580062"><ele>668.3</ele></trkpt><trkpt lat="37.925271" lon="-122.580073"><ele>667.1</ele></trkpt><trkpt lat="37.925229" lon="-122.580075"><ele>666.1</ele></trkpt><trkpt lat="37.925198" lon="-122.580081"><ele>665.3</ele></trkpt><trkpt lat="37.925151" lon="-122.580081"><ele>664.2</ele></trkpt><trkpt lat="37.925133" lon="-122.580090"><ele>663.7</ele></trkpt><trkpt lat="37.925112" lon="-122.580097"><ele>663.2</ele></trkpt><trkpt lat="37.925094" lon="-122.580097"><ele>662.7</ele></trkpt><trkpt lat="37.925072" lon="-122.580102"><ele>662.2</ele></trkpt><trkpt lat="37.925057" lon="-122.580111"><ele>661.8</ele></trkpt><trkpt lat="37.925040" lon="-122.580108"><ele>661.4</ele></trkpt><trkpt lat="37.925021" lon="-122.580096"><ele>660.8</ele></trkpt><trkpt lat="37.925003" lon="-122.580093"><ele>660.4</ele></trkpt><trkpt lat="37.924981" lon="-122.580091"><ele>659.9</ele></trkpt><trkpt lat="37.924960" lon="-122.580082"><ele>659.5</ele></trkpt><trkpt lat="37.924946" lon="-122.580072"><ele>659.2</ele></trkpt><trkpt lat="37.924919" lon="-122.580071"><ele>658.8</ele></trkpt><trkpt lat="37.924899" lon="-122.580065"><ele>658.4</ele></trkpt><trkpt lat="37.924877" lon="-122.580066"><ele>658.1</ele></trkpt><trkpt lat="37.924858" lon="-122.580064"><ele>657.7</ele></trkpt><trkpt lat="37.924845" lon="-122.580054"><ele>657.5</ele></trkpt><trkpt lat="37.924833" lon="-122.580039"><ele>657.2</ele></trkpt><trkpt lat="37.924817" lon="-122.580039"><ele>656.9</ele></trkpt><trkpt lat="37.924799" lon="-122.580038"><ele>656.6</ele></trkpt><trkpt lat="37.924781" lon="-122.580027"><ele>656.3</ele></trkpt><trkpt lat="37.924766" lon="-122.580029"><ele>656.0</ele></trkpt><trkpt lat="37.924753" lon="-122.580038"><ele>655.8</ele></trkpt><trkpt lat="37.924722" lon="-122.580041"><ele>655.3</ele></trkpt><trkpt lat="37.924697" lon="-122.580042"><ele>654.9</ele></trkpt><trkpt lat="37.924678" lon="-122.580053"><ele>654.5</ele></trkpt><trkpt lat="37.924648" lon="-122.580053"><ele>654.0</ele></trkpt><trkpt lat="37.924631" lon="-122.580060"><ele>653.7</ele></trkpt><trkpt lat="37.924616" lon="-122.580072"><ele>653.4</ele></trkpt><trkpt lat="37.924593" lon="-122.580082"><ele>653.0</ele></trkpt><trkpt lat="37.924562" lon="-122.580076"><ele>652.5</ele></trkpt><trkpt lat="37.924536" lon="-122.580078"><ele>652.0</ele></trkpt><trkpt lat="37.924507" lon="-122.580085"><ele>651.5</ele></trkpt><trkpt lat="37.924483" lon="-122.580086"><ele>651.1</ele></trkpt><trkpt lat="37.924451" lon="-122.580107"><ele>650.5</ele></trkpt><trkpt lat="37.924423" lon="-122.580126"><ele>650.0</ele></trkpt><trkpt lat="37.924386" lon="-122.580140"><ele>649.4</ele></trkpt><trkpt lat="37.924346" lon="-122.580157"><ele>648.7</ele></trkpt><trkpt lat="37.924310" lon="-122.580172"><ele>648.0</ele></trkpt><trkpt lat="37.924279" lon="-122.580173"><ele>647.8</ele></trkpt><trkpt lat="37.924264" lon="-122.580164"><ele>647.8</ele></trkpt><trkpt lat="37.924242" lon="-122.580168"><ele>647.9</ele></trkpt><trkpt lat="37.924212" lon="-122.580174"><ele>648.0</ele></trkpt><trkpt lat="37.924148" lon="-122.580170"><ele>648.3</ele></trkpt><trkpt lat="37.924100" lon="-122.580175"><ele>648.5</ele></trkpt><trkpt lat="37.924061" lon="-122.580175"><ele>648.7</ele></trkpt><trkpt lat="37.924038" lon="-122.580182"><ele>648.8</ele></trkpt><trkpt lat="37.923968" lon="-122.580183"><ele>649.1</ele></trkpt><trkpt lat="37.923888" lon="-122.580183"><ele>649.4</ele></trkpt><trkpt lat="37.923814" lon="-122.580183"><ele>649.8</ele></trkpt><trkpt lat="37.923787" lon="-122.580187"><ele>649.9</ele></trkpt><trkpt lat="37.923736" lon="-122.580186"><ele>650.1</ele></trkpt><trkpt lat="37.923691" lon="-122.580178"><ele>650.3</ele></trkpt><trkpt lat="37.923660" lon="-122.580175"><ele>650.4</ele></trkpt><trkpt lat="37.923643" lon="-122.580186"><ele>650.5</ele></trkpt><trkpt lat="37.923615" lon="-122.580192"><ele>650.6</ele></trkpt><trkpt lat="37.923591" lon="-122.580198"><ele>650.7</ele></trkpt><trkpt lat="37.923552" lon="-122.580202"><ele>650.2</ele></trkpt><trkpt lat="37.923506" lon="-122.580226"><ele>649.4</ele></trkpt><trkpt lat="37.923489" lon="-122.580245"><ele>649.0</ele></trkpt><trkpt lat="37.923461" lon="-122.580269"><ele>648.5</ele></trkpt><trkpt lat="37.923415" lon="-122.580289"><ele>647.7</ele></trkpt><trkpt lat="37.923388" lon="-122.580311"><ele>647.2</ele></trkpt><trkpt lat="37.923363" lon="-122.580308"><ele>646.7</ele></trkpt><trkpt lat="37.923332" lon="-122.580332"><ele>646.2</ele></trkpt><trkpt lat="37.923283" lon="-122.580374"><ele>645.2</ele></trkpt><trkpt lat="37.923235" lon="-122.580412"><ele>644.3</ele></trkpt><trkpt lat="37.923167" lon="-122.580464"><ele>643.0</ele></trkpt><trkpt lat="37.923148" lon="-122.580492"><ele>642.5</ele></trkpt><trkpt lat="37.923120" lon="-122.580510"><ele>642.0</ele></trkpt><trkpt lat="37.923108" lon="-122.580528"><ele>641.7</ele></trkpt><trkpt lat="37.923096" lon="-122.580558"><ele>641.2</ele></trkpt><trkpt lat="37.923076" lon="-122.580589"><ele>640.7</ele></trkpt><trkpt lat="37.923040" lon="-122.580638"><ele>639.8</ele></trkpt><trkpt lat="37.922998" lon="-122.580674"><ele>639.0</ele></trkpt><trkpt lat="37.922979" lon="-122.580707"><ele>638.0</ele></trkpt><trkpt lat="37.922977" lon="-122.580737"><ele>637.1</ele></trkpt><trkpt lat="37.922965" lon="-122.580761"><ele>636.3</ele></trkpt><trkpt lat="37.922931" lon="-122.580770"><ele>635.0</ele></trkpt><trkpt lat="37.922797" lon="-122.580816"><ele>629.9</ele></trkpt><trkpt lat="37.922750" lon="-122.580826"><ele>628.1</ele></trkpt><trkpt lat="37.922695" lon="-122.580844"><ele>626.1</ele></trkpt><trkpt lat="37.922523" lon="-122.580867"><ele>619.7</ele></trkpt><trkpt lat="37.922441" lon="-122.580873"><ele>616.7</ele></trkpt><trkpt lat="37.922341" lon="-122.580878"><ele>613.0</ele></trkpt><trkpt lat="37.922267" lon="-122.580857"><ele>610.0</ele></trkpt><trkpt lat="37.922213" lon="-122.580831"><ele>607.7</ele></trkpt><trkpt lat="37.922163" lon="-122.580841"><ele>605.6</ele></trkpt><trkpt lat="37.922106" lon="-122.580898"><ele>602.7</ele></trkpt><trkpt lat="37.922056" lon="-122.580898"><ele>600.7</ele></trkpt><trkpt lat="37.922016" lon="-122.580860"><ele>598.7</ele></trkpt><trkpt lat="37.921973" lon="-122.580851"><ele>596.9</ele></trkpt><trkpt lat="37.921906" lon="-122.580856"><ele>594.2</ele></trkpt><trkpt lat="37.921830" lon="-122.580853"><ele>591.2</ele></trkpt><trkpt lat="37.921752" lon="-122.580840"><ele>588.0</ele></trkpt><trkpt lat="37.921690" lon="-122.580850"><ele>585.5</ele></trkpt><trkpt lat="37.921577" lon="-122.580854"><ele>581.0</ele></trkpt><trkpt lat="37.921446" lon="-122.580861"><ele>576.0</ele></trkpt><trkpt lat="37.921341" lon="-122.580864"><ele>572.0</ele></trkpt><trkpt lat="37.921274" lon="-122.580888"><ele>569.3</ele></trkpt><trkpt lat="37.921188" lon="-122.580894"><ele>566.0</ele></trkpt><trkpt lat="37.921095" lon="-122.580898"><ele>562.4</ele></trkpt><trkpt lat="37.921049" lon="-122.580894"><ele>560.6</ele></trkpt><trkpt lat="37.921000" lon="-122.580861"><ele>558.5</ele></trkpt><trkpt lat="37.920914" lon="-122.580883"><ele>555.2</ele></trkpt><trkpt lat="37.920836" lon="-122.580896"><ele>552.9</ele></trkpt><trkpt lat="37.920759" lon="-122.580941"><ele>550.5</ele></trkpt><trkpt lat="37.920515" lon="-122.581072"><ele>543.0</ele></trkpt><trkpt lat="37.920332" lon="-122.581160"><ele>537.4</ele></trkpt><trkpt lat="37.920187" lon="-122.581240"><ele>532.1</ele></trkpt><trkpt lat="37.920111" lon="-122.581266"><ele>528.8</ele></trkpt><trkpt lat="37.920055" lon="-122.581273"><ele>526.5</ele></trkpt><trkpt lat="37.920014" lon="-122.581274"><ele>524.8</ele></trkpt><trkpt lat="37.919983" lon="-122.581283"><ele>523.5</ele></trkpt><trkpt lat="37.919977" lon="-122.581309"><ele>522.6</ele></trkpt><trkpt lat="37.919952" lon="-122.581324"><ele>521.4</ele></trkpt><trkpt lat="37.919880" lon="-122.581313"><ele>518.4</ele></trkpt><trkpt lat="37.919742" lon="-122.581272"><ele>512.5</ele></trkpt><trkpt lat="37.919652" lon="-122.581263"><ele>508.8</ele></trkpt><trkpt lat="37.919587" lon="-122.581261"><ele>506.1</ele></trkpt><trkpt lat="37.919555" lon="-122.581248"><ele>504.7</ele></trkpt><trkpt lat="37.919529" lon="-122.581250"><ele>503.6</ele></trkpt><trkpt lat="37.919488" lon="-122.581245"><ele>501.9</ele></trkpt><trkpt lat="37.919445" lon="-122.581255"><ele>500.0</ele></trkpt><trkpt lat="37.919252" lon="-122.581255"><ele>491.9</ele></trkpt><trkpt lat="37.918882" lon="-122.581236"><ele>476.2</ele></trkpt><trkpt lat="37.918724" lon="-122.581251"><ele>472.6</ele></trkpt><trkpt lat="37.918575" lon="-122.581309"><ele>470.3</ele></trkpt><trkpt lat="37.918474" lon="-122.581328"><ele>468.8</ele></trkpt><trkpt lat="37.918418" lon="-122.581330"><ele>468.0</ele></trkpt><trkpt lat="37.918375" lon="-122.581326"><ele>467.4</ele></trkpt><trkpt lat="37.918333" lon="-122.581316"><ele>466.8</ele></trkpt><trkpt lat="37.918303" lon="-122.581288"><ele>466.2</ele></trkpt><trkpt lat="37.918267" lon="-122.581235"><ele>465.4</ele></trkpt><trkpt lat="37.918204" lon="-122.581179"><ele>464.3</ele></trkpt><trkpt lat="37.918146" lon="-122.581128"><ele>463.6</ele></trkpt><trkpt lat="37.918206" lon="-122.581079"><ele>463.6</ele></trkpt><trkpt lat="37.918282" lon="-122.581022"><ele>463.5</ele></trkpt><trkpt lat="37.918326" lon="-122.580984"><ele>463.5</ele></trkpt><trkpt lat="37.918359" lon="-122.580941"><ele>463.5</ele></trkpt><trkpt lat="37.918389" lon="-122.580887"><ele>463.5</ele></trkpt><trkpt lat="37.918418" lon="-122.580824"><ele>463.4</ele></trkpt><trkpt lat="37.918454" lon="-122.580713"><ele>463.4</ele></trkpt><trkpt lat="37.918495" lon="-122.580615"><ele>463.4</ele></trkpt><trkpt lat="37.918529" lon="-122.580559"><ele>463.3</ele></trkpt><trkpt lat="37.918570" lon="-122.580514"><ele>463.3</ele></trkpt><trkpt lat="37.918641" lon="-122.580461"><ele>464.0</ele></trkpt><trkpt lat="37.918758" lon="-122.580352"><ele>466.5</ele></trkpt><trkpt lat="37.918842" lon="-122.580241"><ele>468.5</ele></trkpt><trkpt lat="37.918885" lon="-122.580198"><ele>469.4</ele></trkpt><trkpt lat="37.918947" lon="-122.580146"><ele>470.7</ele></trkpt><trkpt lat="37.919026" lon="-122.580086"><ele>472.2</ele></trkpt><trkpt lat="37.919134" lon="-122.580032"><ele>474.1</ele></trkpt><trkpt lat="37.919248" lon="-122.579960"><ele>474.5</ele></trkpt><trkpt lat="37.919327" lon="-122.579894"><ele>473.5</ele></trkpt><trkpt lat="37.919374" lon="-122.579830"><ele>472.7</ele></trkpt><trkpt lat="37.919409" lon="-122.579771"><ele>472.1</ele></trkpt><trkpt lat="37.919438" lon="-122.579700"><ele>471.4</ele></trkpt><trkpt lat="37.919453" lon="-122.579608"><ele>470.6</ele></trkpt><trkpt lat="37.919458" lon="-122.579506"><ele>469.7</ele></trkpt><trkpt lat="37.919467" lon="-122.579431"><ele>469.0</ele></trkpt><trkpt lat="37.919489" lon="-122.579373"><ele>468.5</ele></trkpt><trkpt lat="37.919512" lon="-122.579320"><ele>467.9</ele></trkpt><trkpt lat="37.919597" lon="-122.579213"><ele>467.2</ele></trkpt><trkpt lat="37.919690" lon="-122.579126"><ele>467.0</ele></trkpt><trkpt lat="37.919741" lon="-122.579058"><ele>466.9</ele></trkpt><trkpt lat="37.919775" lon="-122.578998"><ele>466.9</ele></trkpt><trkpt lat="37.919788" lon="-122.578952"><ele>466.8</ele></trkpt><trkpt lat="37.919791" lon="-122.578909"><ele>466.8</ele></trkpt><trkpt lat="37.919786" lon="-122.578852"><ele>466.7</ele></trkpt><trkpt lat="37.919774" lon="-122.578799"><ele>466.7</ele></trkpt><trkpt lat="37.919718" lon="-122.578670"><ele>466.5</ele></trkpt><trkpt lat="37.919701" lon="-122.578621"><ele>466.5</ele></trkpt><trkpt lat="37.919691" lon="-122.578567"><ele>466.4</ele></trkpt><trkpt lat="37.919689" lon="-122.578513"><ele>466.4</ele></trkpt><trkpt lat="37.919694" lon="-122.578466"><ele>465.8</ele></trkpt><trkpt lat="37.919708" lon="-122.578427"><ele>465.1</ele></trkpt><trkpt lat="37.919732" lon="-122.578391"><ele>464.4</ele></trkpt><trkpt lat="37.919763" lon="-122.578351"><ele>463.5</ele></trkpt><trkpt lat="37.919802" lon="-122.578318"><ele>462.5</ele></trkpt><trkpt lat="37.919953" lon="-122.578254"><ele>459.2</ele></trkpt><trkpt lat="37.920018" lon="-122.578214"><ele>457.7</ele></trkpt><trkpt lat="37.920055" lon="-122.578184"><ele>456.8</ele></trkpt><trkpt lat="37.920076" lon="-122.578156"><ele>456.2</ele></trkpt><trkpt lat="37.920093" lon="-122.578118"><ele>455.5</ele></trkpt><trkpt lat="37.920097" lon="-122.578077"><ele>454.8</ele></trkpt><trkpt lat="37.920096" lon="-122.578022"><ele>453.9</ele></trkpt><trkpt lat="37.920088" lon="-122.577970"><ele>453.1</ele></trkpt><trkpt lat="37.920070" lon="-122.577914"><ele>452.1</ele></trkpt><trkpt lat="37.920036" lon="-122.577847"><ele>450.8</ele></trkpt><trkpt lat="37.920002" lon="-122.577799"><ele>449.6</ele></trkpt><trkpt lat="37.919958" lon="-122.577756"><ele>448.4</ele></trkpt><trkpt lat="37.919863" lon="-122.577682"><ele>446.0</ele></trkpt><trkpt lat="37.919765" lon="-122.577624"><ele>443.6</ele></trkpt><trkpt lat="37.919648" lon="-122.577550"><ele>440.8</ele></trkpt><trkpt lat="37.919484" lon="-122.577466"><ele>436.9</ele></trkpt><trkpt lat="37.919409" lon="-122.577423"><ele>435.3</ele></trkpt><trkpt lat="37.919315" lon="-122.577341"><ele>433.2</ele></trkpt><trkpt lat="37.919220" lon="-122.577237"><ele>430.9</ele></trkpt><trkpt lat="37.919104" lon="-122.577155"><ele>428.5</ele></trkpt><trkpt lat="37.919021" lon="-122.577091"><ele>426.8</ele></trkpt><trkpt lat="37.918979" lon="-122.577041"><ele>425.7</ele></trkpt><trkpt lat="37.918958" lon="-122.576999"><ele>425.0</ele></trkpt><trkpt lat="37.918942" lon="-122.576947"><ele>424.2</ele></trkpt><trkpt lat="37.918936" lon="-122.576888"><ele>423.4</ele></trkpt><trkpt lat="37.918941" lon="-122.576835"><ele>422.7</ele></trkpt><trkpt lat="37.918960" lon="-122.576778"><ele>422.2</ele></trkpt><trkpt lat="37.918987" lon="-122.576730"><ele>421.7</ele></trkpt><trkpt lat="37.919024" lon="-122.576684"><ele>421.2</ele></trkpt><trkpt lat="37.919073" lon="-122.576649"><ele>420.6</ele></trkpt><trkpt lat="37.919147" lon="-122.576601"><ele>419.8</ele></trkpt><trkpt lat="37.919314" lon="-122.576521"><ele>418.0</ele></trkpt><trkpt lat="37.919374" lon="-122.576489"><ele>417.3</ele></trkpt><trkpt lat="37.919430" lon="-122.576448"><ele>416.7</ele></trkpt><trkpt lat="37.919480" lon="-122.576382"><ele>416.0</ele></trkpt><trkpt lat="37.919495" lon="-122.576334"><ele>415.5</ele></trkpt><trkpt lat="37.919501" lon="-122.576281"><ele>415.8</ele></trkpt><trkpt lat="37.919499" lon="-122.576226"><ele>416.3</ele></trkpt><trkpt lat="37.919460" lon="-122.576093"><ele>417.5</ele></trkpt><trkpt lat="37.919450" lon="-122.576039"><ele>417.9</ele></trkpt><trkpt lat="37.919452" lon="-122.575989"><ele>418.3</ele></trkpt><trkpt lat="37.919457" lon="-122.575942"><ele>418.8</ele></trkpt><trkpt lat="37.919471" lon="-122.575896"><ele>419.2</ele></trkpt><trkpt lat="37.919496" lon="-122.575847"><ele>419.7</ele></trkpt><trkpt lat="37.919526" lon="-122.575815"><ele>420.1</ele></trkpt><trkpt lat="37.919569" lon="-122.575779"><ele>420.6</ele></trkpt><trkpt lat="37.919806" lon="-122.575647"><ele>422.6</ele></trkpt><trkpt lat="37.920040" lon="-122.575513"><ele>419.2</ele></trkpt><trkpt lat="37.920233" lon="-122.575396"><ele>416.3</ele></trkpt><trkpt lat="37.920281" lon="-122.575377"><ele>415.6</ele></trkpt><trkpt lat="37.920396" lon="-122.575335"><ele>414.0</ele></trkpt><trkpt lat="37.920487" lon="-122.575302"><ele>413.1</ele></trkpt><trkpt lat="37.920533" lon="-122.575274"><ele>412.9</ele></trkpt><trkpt lat="37.920584" lon="-122.575221"><ele>412.6</ele></trkpt><trkpt lat="37.920632" lon="-122.575145"><ele>412.2</ele></trkpt><trkpt lat="37.920662" lon="-122.575065"><ele>411.9</ele></trkpt><trkpt lat="37.920681" lon="-122.574990"><ele>411.6</ele></trkpt><trkpt lat="37.920681" lon="-122.574908"><ele>411.3</ele></trkpt><trkpt lat="37.920647" lon="-122.574814"><ele>410.9</ele></trkpt><trkpt lat="37.920584" lon="-122.574745"><ele>410.6</ele></trkpt><trkpt lat="37.920462" lon="-122.574663"><ele>409.8</ele></trkpt><trkpt lat="37.920419" lon="-122.574619"><ele>408.9</ele></trkpt><trkpt lat="37.920386" lon="-122.574567"><ele>408.1</ele></trkpt><trkpt lat="37.920365" lon="-122.574498"><ele>407.2</ele></trkpt><trkpt lat="37.920356" lon="-122.574443"><ele>406.5</ele></trkpt><trkpt lat="37.920349" lon="-122.574368"><ele>405.5</ele></trkpt><trkpt lat="37.920365" lon="-122.574119"><ele>402.3</ele></trkpt><trkpt lat="37.920367" lon="-122.573904"><ele>399.6</ele></trkpt><trkpt lat="37.920377" lon="-122.573678"><ele>396.9</ele></trkpt><trkpt lat="37.920396" lon="-122.573376"><ele>393.6</ele></trkpt><trkpt lat="37.920395" lon="-122.573278"><ele>392.5</ele></trkpt><trkpt lat="37.920389" lon="-122.573227"><ele>391.9</ele></trkpt><trkpt lat="37.920371" lon="-122.573172"><ele>391.2</ele></trkpt><trkpt lat="37.920346" lon="-122.573121"><ele>390.5</ele></trkpt><trkpt lat="37.920317" lon="-122.573080"><ele>389.9</ele></trkpt><trkpt lat="37.920279" lon="-122.573047"><ele>389.3</ele></trkpt><trkpt lat="37.920235" lon="-122.573024"><ele>388.6</ele></trkpt><trkpt lat="37.920196" lon="-122.573012"><ele>388.0</ele></trkpt><trkpt lat="37.920153" lon="-122.573007"><ele>387.2</ele></trkpt><trkpt lat="37.920257" lon="-122.572901"><ele>384.7</ele></trkpt><trkpt lat="37.920302" lon="-122.572868"><ele>383.7</ele></trkpt><trkpt lat="37.920324" lon="-122.572780"><ele>382.4</ele></trkpt><trkpt lat="37.920349" lon="-122.572705"><ele>381.2</ele></trkpt><trkpt lat="37.920401" lon="-122.572632"><ele>379.8</ele></trkpt><trkpt lat="37.920425" lon="-122.572572"><ele>378.8</ele></trkpt><trkpt lat="37.920514" lon="-122.572320"><ele>374.7</ele></trkpt><trkpt lat="37.920567" lon="-122.572192"><ele>372.4</ele></trkpt><trkpt lat="37.920641" lon="-122.572032"><ele>369.3</ele></trkpt><trkpt lat="37.920698" lon="-122.571866"><ele>366.4</ele></trkpt><trkpt lat="37.920712" lon="-122.571808"><ele>365.4</ele></trkpt><trkpt lat="37.920755" lon="-122.571746"><ele>364.1</ele></trkpt><trkpt lat="37.920837" lon="-122.571529"><ele>360.2</ele></trkpt><trkpt lat="37.920884" lon="-122.571398"><ele>358.2</ele></trkpt><trkpt lat="37.920940" lon="-122.571270"><ele>356.3</ele></trkpt><trkpt lat="37.920972" lon="-122.571168"><ele>354.8</ele></trkpt><trkpt lat="37.921012" lon="-122.571060"><ele>353.3</ele></trkpt><trkpt lat="37.921054" lon="-122.570996"><ele>352.2</ele></trkpt><trkpt lat="37.921072" lon="-122.570942"><ele>351.4</ele></trkpt><trkpt lat="37.921105" lon="-122.570862"><ele>350.2</ele></trkpt><trkpt lat="37.921158" lon="-122.570792"><ele>348.9</ele></trkpt><trkpt lat="37.921211" lon="-122.570704"><ele>347.6</ele></trkpt><trkpt lat="37.921243" lon="-122.570615"><ele>346.7</ele></trkpt><trkpt lat="37.921241" lon="-122.570534"><ele>345.9</ele></trkpt><trkpt lat="37.921223" lon="-122.570440"><ele>345.0</ele></trkpt><trkpt lat="37.921194" lon="-122.570328"><ele>343.8</ele></trkpt><trkpt lat="37.921165" lon="-122.570192"><ele>342.5</ele></trkpt><trkpt lat="37.921213" lon="-122.570173"><ele>341.9</ele></trkpt><trkpt lat="37.921293" lon="-122.570106"><ele>340.7</ele></trkpt><trkpt lat="37.921353" lon="-122.569990"><ele>339.4</ele></trkpt><trkpt lat="37.921398" lon="-122.569818"><ele>338.3</ele></trkpt><trkpt lat="37.921445" lon="-122.569646"><ele>337.4</ele></trkpt><trkpt lat="37.921463" lon="-122.569498"><ele>336.6</ele></trkpt><trkpt lat="37.921444" lon="-122.569407"><ele>336.1</ele></trkpt><trkpt lat="37.921413" lon="-122.569311"><ele>335.5</ele></trkpt><trkpt lat="37.921281" lon="-122.568975"><ele>334.0</ele></trkpt><trkpt lat="37.921240" lon="-122.568846"><ele>333.7</ele></trkpt><trkpt lat="37.921228" lon="-122.568749"><ele>333.4</ele></trkpt><trkpt lat="37.921237" lon="-122.568672"><ele>333.3</ele></trkpt><trkpt lat="37.921274" lon="-122.568405"><ele>332.6</ele></trkpt><trkpt lat="37.921261" lon="-122.568271"><ele>332.3</ele></trkpt><trkpt lat="37.921216" lon="-122.568176"><ele>331.5</ele></trkpt><trkpt lat="37.921108" lon="-122.568070"><ele>329.7</ele></trkpt><trkpt lat="37.921001" lon="-122.567933"><ele>327.6</ele></trkpt><trkpt lat="37.920930" lon="-122.567661"><ele>324.6</ele></trkpt><trkpt lat="37.920911" lon="-122.567600"><ele>323.9</ele></trkpt><trkpt lat="37.920880" lon="-122.567556"><ele>323.3</ele></trkpt><trkpt lat="37.920838" lon="-122.567516"><ele>322.6</ele></trkpt><trkpt lat="37.920772" lon="-122.567472"><ele>321.8</ele></trkpt><trkpt lat="37.920662" lon="-122.567408"><ele>320.3</ele></trkpt><trkpt lat="37.920592" lon="-122.567352"><ele>319.4</ele></trkpt><trkpt lat="37.920546" lon="-122.567298"><ele>318.6</ele></trkpt><trkpt lat="37.920509" lon="-122.567226"><ele>317.8</ele></trkpt><trkpt lat="37.920485" lon="-122.567142"><ele>317.0</ele></trkpt><trkpt lat="37.920479" lon="-122.567048"><ele>316.1</ele></trkpt><trkpt lat="37.920488" lon="-122.566937"><ele>315.1</ele></trkpt><trkpt lat="37.920551" lon="-122.566613"><ele>311.2</ele></trkpt><trkpt lat="37.920627" lon="-122.566281"><ele>307.0</ele></trkpt><trkpt lat="37.920646" lon="-122.566171"><ele>305.6</ele></trkpt><trkpt lat="37.920653" lon="-122.566080"><ele>304.5</ele></trkpt><trkpt lat="37.920649" lon="-122.565993"><ele>303.4</ele></trkpt><trkpt lat="37.920632" lon="-122.565919"><ele>302.6</ele></trkpt><trkpt lat="37.920601" lon="-122.565850"><ele>302.0</ele></trkpt><trkpt lat="37.920555" lon="-122.565794"><ele>301.4</ele></trkpt><trkpt lat="37.920508" lon="-122.565729"><ele>300.7</ele></trkpt><trkpt lat="37.920471" lon="-122.565649"><ele>300.0</ele></trkpt><trkpt lat="37.920445" lon="-122.565573"><ele>299.3</ele></trkpt><trkpt lat="37.920425" lon="-122.565491"><ele>298.7</ele></trkpt><trkpt lat="37.920398" lon="-122.565417"><ele>298.0</ele></trkpt><trkpt lat="37.920361" lon="-122.565364"><ele>297.5</ele></trkpt><trkpt lat="37.920319" lon="-122.565313"><ele>296.9</ele></trkpt><trkpt lat="37.920275" lon="-122.565270"><ele>296.4</ele></trkpt><trkpt lat="37.920219" lon="-122.565232"><ele>295.7</ele></trkpt><trkpt lat="37.920084" lon="-122.565174"><ele>293.7</ele></trkpt><trkpt lat="37.920032" lon="-122.565132"><ele>292.8</ele></trkpt><trkpt lat="37.919992" lon="-122.565087"><ele>292.1</ele></trkpt><trkpt lat="37.919955" lon="-122.565027"><ele>291.3</ele></trkpt><trkpt lat="37.919926" lon="-122.564953"><ele>290.3</ele></trkpt><trkpt lat="37.919921" lon="-122.564875"><ele>289.5</ele></trkpt><trkpt lat="37.919928" lon="-122.564789"><ele>288.5</ele></trkpt><trkpt lat="37.919955" lon="-122.564684"><ele>287.3</ele></trkpt><trkpt lat="37.920024" lon="-122.564499"><ele>285.3</ele></trkpt><trkpt lat="37.920056" lon="-122.564338"><ele>284.1</ele></trkpt><trkpt lat="37.920060" lon="-122.564229"><ele>283.2</ele></trkpt><trkpt lat="37.920055" lon="-122.564109"><ele>282.3</ele></trkpt><trkpt lat="37.920021" lon="-122.563994"><ele>281.4</ele></trkpt><trkpt lat="37.919983" lon="-122.563935"><ele>280.8</ele></trkpt><trkpt lat="37.919942" lon="-122.563877"><ele>280.2</ele></trkpt><trkpt lat="37.919771" lon="-122.563777"><ele>278.6</ele></trkpt><trkpt lat="37.919606" lon="-122.563656"><ele>277.6</ele></trkpt><trkpt lat="37.919416" lon="-122.563511"><ele>276.4</ele></trkpt><trkpt lat="37.919334" lon="-122.563456"><ele>275.8</ele></trkpt><trkpt lat="37.919268" lon="-122.563417"><ele>275.4</ele></trkpt><trkpt lat="37.919203" lon="-122.563401"><ele>275.1</ele></trkpt><trkpt lat="37.919046" lon="-122.563400"><ele>273.5</ele></trkpt><trkpt lat="37.918969" lon="-122.563387"><ele>272.6</ele></trkpt><trkpt lat="37.918908" lon="-122.563353"><ele>271.9</ele></trkpt><trkpt lat="37.918835" lon="-122.563303"><ele>271.0</ele></trkpt><trkpt lat="37.918768" lon="-122.563250"><ele>270.1</ele></trkpt><trkpt lat="37.918696" lon="-122.563226"><ele>269.3</ele></trkpt><trkpt lat="37.918609" lon="-122.563224"><ele>268.3</ele></trkpt><trkpt lat="37.918546" lon="-122.563219"><ele>267.6</ele></trkpt><trkpt lat="37.918495" lon="-122.563205"><ele>267.0</ele></trkpt><trkpt lat="37.918446" lon="-122.563183"><ele>266.9</ele></trkpt><trkpt lat="37.918403" lon="-122.563150"><ele>266.7</ele></trkpt><trkpt lat="37.918363" lon="-122.563107"><ele>266.6</ele></trkpt><trkpt lat="37.918331" lon="-122.563053"><ele>266.4</ele></trkpt><trkpt lat="37.918313" lon="-122.562986"><ele>266.2</ele></trkpt><trkpt lat="37.918302" lon="-122.562891"><ele>266.0</ele></trkpt><trkpt lat="37.918304" lon="-122.562799"><ele>265.8</ele></trkpt><trkpt lat="37.918316" lon="-122.562710"><ele>265.6</ele></trkpt><trkpt lat="37.918351" lon="-122.562613"><ele>265.3</ele></trkpt><trkpt lat="37.918390" lon="-122.562526"><ele>265.1</ele></trkpt><trkpt lat="37.918440" lon="-122.562428"><ele>264.8</ele></trkpt><trkpt lat="37.918488" lon="-122.562347"><ele>264.6</ele></trkpt><trkpt lat="37.918526" lon="-122.562309"><ele>264.4</ele></trkpt><trkpt lat="37.918573" lon="-122.562295"><ele>264.2</ele></trkpt><trkpt lat="37.918624" lon="-122.562295"><ele>264.1</ele></trkpt><trkpt lat="37.918672" lon="-122.562306"><ele>263.9</ele></trkpt><trkpt lat="37.918738" lon="-122.562361"><ele>263.6</ele></trkpt><trkpt lat="37.918773" lon="-122.562416"><ele>263.5</ele></trkpt><trkpt lat="37.918855" lon="-122.562583"><ele>262.9</ele></trkpt><trkpt lat="37.918929" lon="-122.562734"><ele>262.5</ele></trkpt><trkpt lat="37.918963" lon="-122.562799"><ele>262.7</ele></trkpt><trkpt lat="37.919009" lon="-122.562845"><ele>262.9</ele></trkpt><trkpt lat="37.919062" lon="-122.562878"><ele>263.2</ele></trkpt><trkpt lat="37.919120" lon="-122.562905"><ele>263.4</ele></trkpt><trkpt lat="37.919183" lon="-122.562917"><ele>263.7</ele></trkpt><trkpt lat="37.919367" lon="-122.562912"><ele>264.5</ele></trkpt><trkpt lat="37.919438" lon="-122.562931"><ele>264.8</ele></trkpt><trkpt lat="37.919509" lon="-122.562968"><ele>265.1</ele></trkpt><trkpt lat="37.919567" lon="-122.563016"><ele>265.4</ele></trkpt><trkpt lat="37.919629" lon="-122.563084"><ele>265.2</ele></trkpt><trkpt lat="37.919693" lon="-122.563180"><ele>264.8</ele></trkpt><trkpt lat="37.919776" lon="-122.563269"><ele>264.4</ele></trkpt><trkpt lat="37.919859" lon="-122.563349"><ele>264.0</ele></trkpt><trkpt lat="37.919935" lon="-122.563407"><ele>263.7</ele></trkpt><trkpt lat="37.920003" lon="-122.563429"><ele>263.4</ele></trkpt><trkpt lat="37.920056" lon="-122.563422"><ele>263.2</ele></trkpt><trkpt lat="37.920112" lon="-122.563390"><ele>263.0</ele></trkpt><trkpt lat="37.920156" lon="-122.563318"><ele>262.7</ele></trkpt><trkpt lat="37.919944" lon="-122.563092"><ele>261.5</ele></trkpt><trkpt lat="37.919907" lon="-122.563107"><ele>261.3</ele></trkpt><trkpt lat="37.919862" lon="-122.563043"><ele>261.0</ele></trkpt><trkpt lat="37.919820" lon="-122.562976"><ele>260.6</ele></trkpt><trkpt lat="37.919776" lon="-122.562888"><ele>260.3</ele></trkpt><trkpt lat="37.919680" lon="-122.562779"><ele>259.7</ele></trkpt><trkpt lat="37.919574" lon="-122.562680"><ele>258.5</ele></trkpt><trkpt lat="37.919426" lon="-122.562609"><ele>256.4</ele></trkpt><trkpt lat="37.919339" lon="-122.562564"><ele>255.1</ele></trkpt><trkpt lat="37.919234" lon="-122.562539"><ele>253.7</ele></trkpt><trkpt lat="37.919179" lon="-122.562495"><ele>252.8</ele></trkpt><trkpt lat="37.919149" lon="-122.562439"><ele>252.1</ele></trkpt><trkpt lat="37.919134" lon="-122.562380"><ele>251.5</ele></trkpt><trkpt lat="37.919087" lon="-122.562040"><ele>248.8</ele></trkpt><trkpt lat="37.919061" lon="-122.561935"><ele>248.2</ele></trkpt><trkpt lat="37.919042" lon="-122.561895"><ele>247.9</ele></trkpt><trkpt lat="37.919029" lon="-122.561835"><ele>247.6</ele></trkpt><trkpt lat="37.918940" lon="-122.561577"><ele>246.0</ele></trkpt><trkpt lat="37.918918" lon="-122.561530"><ele>245.7</ele></trkpt><trkpt lat="37.918863" lon="-122.561444"><ele>245.1</ele></trkpt><trkpt lat="37.918806" lon="-122.561401"><ele>244.4</ele></trkpt><trkpt lat="37.918741" lon="-122.561381"><ele>243.5</ele></trkpt><trkpt lat="37.918636" lon="-122.561376"><ele>242.1</ele></trkpt><trkpt lat="37.918542" lon="-122.561336"><ele>240.8</ele></trkpt><trkpt lat="37.918514" lon="-122.561313"><ele>240.3</ele></trkpt><trkpt lat="37.918443" lon="-122.561225"><ele>239.0</ele></trkpt><trkpt lat="37.918387" lon="-122.561131"><ele>237.8</ele></trkpt><trkpt lat="37.918318" lon="-122.561039"><ele>236.4</ele></trkpt><trkpt lat="37.918223" lon="-122.560929"><ele>234.9</ele></trkpt><trkpt lat="37.918190" lon="-122.560890"><ele>234.8</ele></trkpt><trkpt lat="37.918149" lon="-122.560861"><ele>234.7</ele></trkpt><trkpt lat="37.918074" lon="-122.560828"><ele>234.4</ele></trkpt><trkpt lat="37.917921" lon="-122.560836"><ele>234.0</ele></trkpt><trkpt lat="37.917764" lon="-122.560824"><ele>233.5</ele></trkpt><trkpt lat="37.917695" lon="-122.560784"><ele>233.3</ele></trkpt><trkpt lat="37.917648" lon="-122.560743"><ele>233.1</ele></trkpt><trkpt lat="37.917483" lon="-122.560543"><ele>230.8</ele></trkpt><trkpt lat="37.917442" lon="-122.560503"><ele>230.0</ele></trkpt><trkpt lat="37.917408" lon="-122.560483"><ele>229.4</ele></trkpt><trkpt lat="37.917321" lon="-122.560464"><ele>228.1</ele></trkpt><trkpt lat="37.917190" lon="-122.560458"><ele>226.1</ele></trkpt><trkpt lat="37.917151" lon="-122.560439"><ele>225.5</ele></trkpt><trkpt lat="37.917087" lon="-122.560376"><ele>224.3</ele></trkpt><trkpt lat="37.916988" lon="-122.560233"><ele>222.1</ele></trkpt><trkpt lat="37.916948" lon="-122.560187"><ele>221.6</ele></trkpt><trkpt lat="37.916843" lon="-122.560100"><ele>220.3</ele></trkpt><trkpt lat="37.916666" lon="-122.559990"><ele>218.3</ele></trkpt><trkpt lat="37.916600" lon="-122.559926"><ele>217.5</ele></trkpt><trkpt lat="37.916553" lon="-122.559881"><ele>216.9</ele></trkpt><trkpt lat="37.916508" lon="-122.559804"><ele>216.1</ele></trkpt><trkpt lat="37.916487" lon="-122.559749"><ele>215.6</ele></trkpt><trkpt lat="37.916462" lon="-122.559636"><ele>214.6</ele></trkpt><trkpt lat="37.916456" lon="-122.559492"><ele>212.5</ele></trkpt><trkpt lat="37.916483" lon="-122.559363"><ele>210.7</ele></trkpt><trkpt lat="37.916557" lon="-122.559178"><ele>207.8</ele></trkpt><trkpt lat="37.916617" lon="-122.559022"><ele>205.4</ele></trkpt><trkpt lat="37.916638" lon="-122.558933"><ele>204.1</ele></trkpt><trkpt lat="37.916639" lon="-122.558851"><ele>202.9</ele></trkpt><trkpt lat="37.916618" lon="-122.558776"><ele>201.9</ele></trkpt><trkpt lat="37.916590" lon="-122.558727"><ele>201.5</ele></trkpt><trkpt lat="37.916516" lon="-122.558642"><ele>200.5</ele></trkpt><trkpt lat="37.916392" lon="-122.558527"><ele>199.0</ele></trkpt><trkpt lat="37.916122" lon="-122.558247"><ele>195.5</ele></trkpt><trkpt lat="37.916024" lon="-122.558103"><ele>194.2</ele></trkpt><trkpt lat="37.915910" lon="-122.557867"><ele>192.5</ele></trkpt><trkpt lat="37.915836" lon="-122.557783"><ele>191.7</ele></trkpt><trkpt lat="37.915741" lon="-122.557738"><ele>190.9</ele></trkpt><trkpt lat="37.915473" lon="-122.557709"><ele>188.6</ele></trkpt><trkpt lat="37.915119" lon="-122.557671"><ele>185.2</ele></trkpt><trkpt lat="37.914686" lon="-122.557429"><ele>180.3</ele></trkpt><trkpt lat="37.914625" lon="-122.557428"><ele>179.6</ele></trkpt><trkpt lat="37.914551" lon="-122.557450"><ele>178.7</ele></trkpt><trkpt lat="37.914367" lon="-122.557502"><ele>176.5</ele></trkpt><trkpt lat="37.914159" lon="-122.557534"><ele>174.0</ele></trkpt><trkpt lat="37.914057" lon="-122.557541"><ele>172.3</ele></trkpt><trkpt lat="37.913975" lon="-122.557566"><ele>170.8</ele></trkpt><trkpt lat="37.913760" lon="-122.557701"><ele>166.4</ele></trkpt><trkpt lat="37.913677" lon="-122.557758"><ele>164.6</ele></trkpt><trkpt lat="37.913625" lon="-122.557793"><ele>163.5</ele></trkpt><trkpt lat="37.913544" lon="-122.557805"><ele>162.0</ele></trkpt><trkpt lat="37.913486" lon="-122.557825"><ele>160.9</ele></trkpt><trkpt lat="37.913419" lon="-122.557816"><ele>160.1</ele></trkpt><trkpt lat="37.913321" lon="-122.557738"><ele>159.0</ele></trkpt><trkpt lat="37.913253" lon="-122.557700"><ele>158.2</ele></trkpt><trkpt lat="37.913184" lon="-122.557691"><ele>157.5</ele></trkpt><trkpt lat="37.913127" lon="-122.557697"><ele>156.9</ele></trkpt><trkpt lat="37.913020" lon="-122.557752"><ele>155.8</ele></trkpt><trkpt lat="37.912939" lon="-122.557763"><ele>155.0</ele></trkpt><trkpt lat="37.912878" lon="-122.557759"><ele>154.3</ele></trkpt><trkpt lat="37.912800" lon="-122.557732"><ele>153.5</ele></trkpt><trkpt lat="37.912726" lon="-122.557685"><ele>151.7</ele></trkpt><trkpt lat="37.912597" lon="-122.557593"><ele>147.7</ele></trkpt><trkpt lat="37.912492" lon="-122.557481"><ele>144.0</ele></trkpt><trkpt lat="37.912428" lon="-122.557391"><ele>141.4</ele></trkpt><trkpt lat="37.912402" lon="-122.557305"><ele>139.5</ele></trkpt><trkpt lat="37.912379" lon="-122.557276"><ele>138.6</ele></trkpt><trkpt lat="37.912344" lon="-122.557280"><ele>137.6</ele></trkpt><trkpt lat="37.912273" lon="-122.557331"><ele>135.5</ele></trkpt><trkpt lat="37.912111" lon="-122.557497"><ele>133.3</ele></trkpt><trkpt lat="37.912032" lon="-122.557549"><ele>133.0</ele></trkpt><trkpt lat="37.911905" lon="-122.557601"><ele>132.5</ele></trkpt><trkpt lat="37.911791" lon="-122.557621"><ele>132.1</ele></trkpt><trkpt lat="37.911573" lon="-122.557596"><ele>131.4</ele></trkpt><trkpt lat="37.911507" lon="-122.557595"><ele>131.0</ele></trkpt><trkpt lat="37.911400" lon="-122.557628"><ele>130.3</ele></trkpt><trkpt lat="37.911338" lon="-122.557635"><ele>129.9</ele></trkpt><trkpt lat="37.911264" lon="-122.557624"><ele>129.5</ele></trkpt><trkpt lat="37.911212" lon="-122.557589"><ele>129.1</ele></trkpt><trkpt lat="37.911118" lon="-122.557485"><ele>128.3</ele></trkpt><trkpt lat="37.911032" lon="-122.557330"><ele>127.4</ele></trkpt><trkpt lat="37.910983" lon="-122.557186"><ele>126.8</ele></trkpt><trkpt lat="37.910959" lon="-122.557151"><ele>126.7</ele></trkpt><trkpt lat="37.910926" lon="-122.557121"><ele>126.7</ele></trkpt><trkpt lat="37.910889" lon="-122.557106"><ele>126.7</ele></trkpt><trkpt lat="37.910814" lon="-122.557087"><ele>126.6</ele></trkpt><trkpt lat="37.910786" lon="-122.557067"><ele>126.6</ele></trkpt><trkpt lat="37.910710" lon="-122.556975"><ele>126.5</ele></trkpt><trkpt lat="37.910596" lon="-122.556801"><ele>126.3</ele></trkpt><trkpt lat="37.910474" lon="-122.556599"><ele>126.1</ele></trkpt><trkpt lat="37.910329" lon="-122.556474"><ele>125.4</ele></trkpt><trkpt lat="37.910177" lon="-122.556421"><ele>124.7</ele></trkpt><trkpt lat="37.910067" lon="-122.556356"><ele>124.2</ele></trkpt><trkpt lat="37.909978" lon="-122.556265"><ele>123.7</ele></trkpt><trkpt lat="37.909813" lon="-122.556174"><ele>123.0</ele></trkpt><trkpt lat="37.909597" lon="-122.556056"><ele>122.4</ele></trkpt><trkpt lat="37.909423" lon="-122.555825"><ele>121.8</ele></trkpt><trkpt lat="37.909254" lon="-122.555562"><ele>122.0</ele></trkpt><trkpt lat="37.909250" lon="-122.555428"><ele>122.8</ele></trkpt><trkpt lat="37.909317" lon="-122.555273"><ele>123.9</ele></trkpt><trkpt lat="37.909432" lon="-122.554994"><ele>125.9</ele></trkpt><trkpt lat="37.909478" lon="-122.554768"><ele>126.6</ele></trkpt><trkpt lat="37.909432" lon="-122.554538"><ele>124.2</ele></trkpt><trkpt lat="37.909356" lon="-122.554382"><ele>122.3</ele></trkpt><trkpt lat="37.909326" lon="-122.554173"><ele>120.1</ele></trkpt><trkpt lat="37.909339" lon="-122.553905"><ele>117.4</ele></trkpt><trkpt lat="37.909322" lon="-122.553620"><ele>114.6</ele></trkpt><trkpt lat="37.909225" lon="-122.553389"><ele>112.2</ele></trkpt><trkpt lat="37.909065" lon="-122.553188"><ele>109.4</ele></trkpt><trkpt lat="37.908984" lon="-122.552889"><ele>107.3</ele></trkpt><trkpt lat="37.908849" lon="-122.552759"><ele>106.0</ele></trkpt><trkpt lat="37.908702" lon="-122.552652"><ele>104.6</ele></trkpt><trkpt lat="37.908562" lon="-122.552576"><ele>103.4</ele></trkpt><trkpt lat="37.908541" lon="-122.552541"><ele>103.2</ele></trkpt><trkpt lat="37.908499" lon="-122.552472"><ele>102.7</ele></trkpt><trkpt lat="37.908436" lon="-122.552229"><ele>101.4</ele></trkpt><trkpt lat="37.908421" lon="-122.552141"><ele>100.9</ele></trkpt><trkpt lat="37.908418" lon="-122.552051"><ele>100.4</ele></trkpt><trkpt lat="37.908458" lon="-122.551871"><ele>99.4</ele></trkpt><trkpt lat="37.908490" lon="-122.551673"><ele>98.3</ele></trkpt><trkpt lat="37.908491" lon="-122.551588"><ele>97.9</ele></trkpt><trkpt lat="37.908479" lon="-122.551534"><ele>97.6</ele></trkpt><trkpt lat="37.908453" lon="-122.551488"><ele>97.3</ele></trkpt><trkpt lat="37.908430" lon="-122.551455"><ele>97.1</ele></trkpt><trkpt lat="37.907936" lon="-122.550943"><ele>92.8</ele></trkpt><trkpt lat="37.907875" lon="-122.550883"><ele>92.1</ele></trkpt><trkpt lat="37.907846" lon="-122.550837"><ele>91.7</ele></trkpt><trkpt lat="37.907825" lon="-122.550787"><ele>91.3</ele></trkpt><trkpt lat="37.907818" lon="-122.550748"><ele>91.0</ele></trkpt><trkpt lat="37.907818" lon="-122.550709"><ele>90.7</ele></trkpt><trkpt lat="37.907820" lon="-122.550654"><ele>90.3</ele></trkpt><trkpt lat="37.907821" lon="-122.550623"><ele>90.1</ele></trkpt><trkpt lat="37.907822" lon="-122.550579"><ele>89.8</ele></trkpt><trkpt lat="37.907825" lon="-122.550534"><ele>89.4</ele></trkpt><trkpt lat="37.907828" lon="-122.550477"><ele>89.0</ele></trkpt><trkpt lat="37.907824" lon="-122.550409"><ele>88.6</ele></trkpt><trkpt lat="37.907814" lon="-122.550338"><ele>88.0</ele></trkpt><trkpt lat="37.907805" lon="-122.550267"><ele>87.5</ele></trkpt><trkpt lat="37.907807" lon="-122.550208"><ele>87.1</ele></trkpt><trkpt lat="37.907819" lon="-122.550162"><ele>86.8</ele></trkpt><trkpt lat="37.907841" lon="-122.550120"><ele>86.5</ele></trkpt><trkpt lat="37.907870" lon="-122.550082"><ele>86.1</ele></trkpt><trkpt lat="37.907888" lon="-122.550047"><ele>85.8</ele></trkpt><trkpt lat="37.907939" lon="-122.549922"><ele>84.9</ele></trkpt><trkpt lat="37.907872" lon="-122.549938"><ele>84.3</ele></trkpt><trkpt lat="37.907844" lon="-122.549951"><ele>84.1</ele></trkpt><trkpt lat="37.907816" lon="-122.549967"><ele>83.8</ele></trkpt><trkpt lat="37.907780" lon="-122.549993"><ele>83.5</ele></trkpt><trkpt lat="37.907744" lon="-122.550036"><ele>83.1</ele></trkpt><trkpt lat="37.907715" lon="-122.550079"><ele>82.7</ele></trkpt><trkpt lat="37.907688" lon="-122.550138"><ele>82.2</ele></trkpt><trkpt lat="37.907661" lon="-122.550216"><ele>81.7</ele></trkpt><trkpt lat="37.907635" lon="-122.550287"><ele>81.1</ele></trkpt><trkpt lat="37.907613" lon="-122.550338"><ele>80.6</ele></trkpt><trkpt lat="37.907585" lon="-122.550384"><ele>80.2</ele></trkpt><trkpt lat="37.907545" lon="-122.550418"><ele>79.7</ele></trkpt><trkpt lat="37.907488" lon="-122.550432"><ele>79.1</ele></trkpt><trkpt lat="37.907364" lon="-122.550417"><ele>77.9</ele></trkpt><trkpt lat="37.907190" lon="-122.550414"><ele>76.1</ele></trkpt><trkpt lat="37.907141" lon="-122.550416"><ele>75.6</ele></trkpt><trkpt lat="37.907095" lon="-122.550441"><ele>75.1</ele></trkpt><trkpt lat="37.907058" lon="-122.550475"><ele>74.7</ele></trkpt><trkpt lat="37.907023" lon="-122.550516"><ele>74.2</ele></trkpt><trkpt lat="37.906993" lon="-122.550578"><ele>73.6</ele></trkpt><trkpt lat="37.906975" lon="-122.550641"><ele>73.0</ele></trkpt><trkpt lat="37.906969" lon="-122.550703"><ele>72.5</ele></trkpt><trkpt lat="37.906973" lon="-122.550879"><ele>71.1</ele></trkpt><trkpt lat="37.906998" lon="-122.551056"><ele>69.6</ele></trkpt><trkpt lat="37.907016" lon="-122.551121"><ele>69.1</ele></trkpt><trkpt lat="37.907060" lon="-122.551237"><ele>68.0</ele></trkpt><trkpt lat="37.907120" lon="-122.551339"><ele>67.0</ele></trkpt><trkpt lat="37.907148" lon="-122.551394"><ele>66.5</ele></trkpt><trkpt lat="37.907155" lon="-122.551455"><ele>65.9</ele></trkpt><trkpt lat="37.907156" lon="-122.551461"><ele>65.9</ele></trkpt><trkpt lat="37.907151" lon="-122.551519"><ele>65.4</ele></trkpt><trkpt lat="37.907128" lon="-122.551583"><ele>64.8</ele></trkpt><trkpt lat="37.907080" lon="-122.551620"><ele>64.2</ele></trkpt><trkpt lat="37.906999" lon="-122.551663"><ele>63.3</ele></trkpt><trkpt lat="37.906924" lon="-122.551701"><ele>62.5</ele></trkpt><trkpt lat="37.906869" lon="-122.551732"><ele>61.8</ele></trkpt><trkpt lat="37.906806" lon="-122.551785"><ele>61.0</ele></trkpt><trkpt lat="37.906746" lon="-122.551999"><ele>59.2</ele></trkpt><trkpt lat="37.906737" lon="-122.552151"><ele>57.5</ele></trkpt><trkpt lat="37.906431" lon="-122.552397"><ele>52.5</ele></trkpt><trkpt lat="37.906381" lon="-122.552430"><ele>51.7</ele></trkpt><trkpt lat="37.906136" lon="-122.551960"><ele>45.4</ele></trkpt><trkpt lat="37.906085" lon="-122.552003"><ele>44.6</ele></trkpt><trkpt lat="37.905474" lon="-122.552522"><ele>37.9</ele></trkpt><trkpt lat="37.905458" lon="-122.552535"><ele>37.8</ele></trkpt><trkpt lat="37.905412" lon="-122.552575"><ele>37.6</ele></trkpt><trkpt lat="37.905383" lon="-122.552514"><ele>37.4</ele></trkpt><trkpt lat="37.905371" lon="-122.552488"><ele>37.3</ele></trkpt><trkpt lat="37.905079" lon="-122.551873"><ele>36.3</ele></trkpt><trkpt lat="37.905050" lon="-122.551814"><ele>36.2</ele></trkpt><trkpt lat="37.904988" lon="-122.551687"><ele>36.1</ele></trkpt><trkpt lat="37.904958" lon="-122.551591"><ele>36.1</ele></trkpt><trkpt lat="37.904948" lon="-122.551525"><ele>36.0</ele></trkpt><trkpt lat="37.904950" lon="-122.551446"><ele>36.0</ele></trkpt><trkpt lat="37.905086" lon="-122.550616"><ele>34.6</ele></trkpt><trkpt lat="37.905238" lon="-122.549829"><ele>30.5</ele></trkpt><trkpt lat="37.905258" lon="-122.549760"><ele>30.1</ele></trkpt><trkpt lat="37.905290" lon="-122.549707"><ele>29.8</ele></trkpt><trkpt lat="37.905363" lon="-122.549587"><ele>29.3</ele></trkpt><trkpt lat="37.905676" lon="-122.549084"><ele>27.6</ele></trkpt><trkpt lat="37.905791" lon="-122.548915"><ele>27.0</ele></trkpt><trkpt lat="37.905862" lon="-122.548807"><ele>26.9</ele></trkpt><trkpt lat="37.906101" lon="-122.548446"><ele>26.2</ele></trkpt><trkpt lat="37.906184" lon="-122.548319"><ele>26.0</ele></trkpt><trkpt lat="37.906244" lon="-122.548229"><ele>25.9</ele></trkpt><trkpt lat="37.906297" lon="-122.548150"><ele>26.0</ele></trkpt><trkpt lat="37.906393" lon="-122.548000"><ele>26.0</ele></trkpt><trkpt lat="37.906465" lon="-122.547890"><ele>26.1</ele></trkpt><trkpt lat="37.906555" lon="-122.547769"><ele>26.1</ele></trkpt><trkpt lat="37.906647" lon="-122.547629"><ele>26.2</ele></trkpt><trkpt lat="37.906692" lon="-122.547563"><ele>26.2</ele></trkpt><trkpt lat="37.906664" lon="-122.547489"><ele>26.3</ele></trkpt><trkpt lat="37.906632" lon="-122.547403"><ele>26.4</ele></trkpt><trkpt lat="37.906591" lon="-122.547259"><ele>26.6</ele></trkpt><trkpt lat="37.906581" lon="-122.547181"><ele>26.6</ele></trkpt><trkpt lat="37.906582" lon="-122.547101"><ele>26.7</ele></trkpt><trkpt lat="37.906596" lon="-122.546844"><ele>27.0</ele></trkpt><trkpt lat="37.906632" lon="-122.546506"><ele>27.2</ele></trkpt><trkpt lat="37.906660" lon="-122.546236"><ele>27.4</ele></trkpt><trkpt lat="37.906631" lon="-122.546195"><ele>27.5</ele></trkpt><trkpt lat="37.906414" lon="-122.545886"><ele>27.7</ele></trkpt><trkpt lat="37.906267" lon="-122.545688"><ele>27.7</ele></trkpt><trkpt lat="37.906177" lon="-122.545561"><ele>27.7</ele></trkpt><trkpt lat="37.906097" lon="-122.545448"><ele>27.7</ele></trkpt><trkpt lat="37.905999" lon="-122.545285"><ele>27.7</ele></trkpt><trkpt lat="37.906027" lon="-122.545203"><ele>27.7</ele></trkpt><trkpt lat="37.906034" lon="-122.545114"><ele>27.7</ele></trkpt><trkpt lat="37.906034" lon="-122.545000"><ele>27.5</ele></trkpt><trkpt lat="37.906034" lon="-122.545114"><ele>27.3</ele></trkpt><trkpt lat="37.906027" lon="-122.545203"><ele>27.2</ele></trkpt><trkpt lat="37.905999" lon="-122.545285"><ele>27.1</ele></trkpt><trkpt lat="37.905762" lon="-122.544892"><ele>26.3</ele></trkpt><trkpt lat="37.905731" lon="-122.544839"><ele>26.1</ele></trkpt><trkpt lat="37.905339" lon="-122.544184"><ele>23.4</ele></trkpt><trkpt lat="37.905286" lon="-122.544096"><ele>23.2</ele></trkpt><trkpt lat="37.905265" lon="-122.544063"><ele>23.2</ele></trkpt><trkpt lat="37.905232" lon="-122.544011"><ele>23.0</ele></trkpt><trkpt lat="37.905092" lon="-122.543762"><ele>22.5</ele></trkpt><trkpt lat="37.905085" lon="-122.543748"><ele>22.5</ele></trkpt><trkpt lat="37.904833" lon="-122.543299"><ele>21.4</ele></trkpt><trkpt lat="37.904460" lon="-122.542494"><ele>19.6</ele></trkpt><trkpt lat="37.904374" lon="-122.542555"><ele>19.4</ele></trkpt><trkpt lat="37.903611" lon="-122.543102"><ele>18.9</ele></trkpt><trkpt lat="37.903427" lon="-122.543253"><ele>18.9</ele></trkpt><trkpt lat="37.903362" lon="-122.543298"><ele>19.0</ele></trkpt><trkpt lat="37.903324" lon="-122.543324"><ele>19.3</ele></trkpt><trkpt lat="37.903266" lon="-122.543368"><ele>19.9</ele></trkpt><trkpt lat="37.903187" lon="-122.543426"><ele>20.6</ele></trkpt><trkpt lat="37.903150" lon="-122.543454"><ele>20.9</ele></trkpt><trkpt lat="37.902954" lon="-122.543169"><ele>23.3</ele></trkpt><trkpt lat="37.902818" lon="-122.543023"><ele>24.7</ele></trkpt><trkpt lat="37.902676" lon="-122.542903"><ele>24.6</ele></trkpt><trkpt lat="37.902521" lon="-122.542768"><ele>24.5</ele></trkpt><trkpt lat="37.902419" lon="-122.542680"><ele>24.5</ele></trkpt><trkpt lat="37.902243" lon="-122.542525"><ele>24.4</ele></trkpt><trkpt lat="37.902231" lon="-122.542513"><ele>24.4</ele></trkpt><trkpt lat="37.902013" lon="-122.542285"><ele>23.2</ele></trkpt><trkpt lat="37.901939" lon="-122.542202"><ele>22.8</ele></trkpt><trkpt lat="37.901620" lon="-122.541844"><ele>20.6</ele></trkpt><trkpt lat="37.901473" lon="-122.541681"><ele>18.9</ele></trkpt><trkpt lat="37.901391" lon="-122.541589"><ele>17.9</ele></trkpt><trkpt lat="37.900112" lon="-122.540149"><ele>15.2</ele></trkpt><trkpt lat="37.899759" lon="-122.539767"><ele>14.7</ele></trkpt><trkpt lat="37.899125" lon="-122.539039"><ele>12.5</ele></trkpt><trkpt lat="37.898858" lon="-122.538701"><ele>11.6</ele></trkpt><trkpt lat="37.898811" lon="-122.538643"><ele>11.6</ele></trkpt><trkpt lat="37.898736" lon="-122.538556"><ele>11.4</ele></trkpt><trkpt lat="37.898682" lon="-122.538497"><ele>11.3</ele></trkpt><trkpt lat="37.898638" lon="-122.538450"><ele>11.3</ele></trkpt><trkpt lat="37.898588" lon="-122.538397"><ele>11.2</ele></trkpt><trkpt lat="37.898540" lon="-122.538345"><ele>11.1</ele></trkpt><trkpt lat="37.898326" lon="-122.538107"><ele>10.3</ele></trkpt><trkpt lat="37.898240" lon="-122.538009"><ele>9.8</ele></trkpt><trkpt lat="37.898142" lon="-122.537899"><ele>9.3</ele></trkpt><trkpt lat="37.898013" lon="-122.537752"><ele>8.7</ele></trkpt><trkpt lat="37.897944" lon="-122.537672"><ele>8.3</ele></trkpt><trkpt lat="37.897894" lon="-122.537611"><ele>8.2</ele></trkpt><trkpt lat="37.897850" lon="-122.537551"><ele>8.1</ele></trkpt><trkpt lat="37.897804" lon="-122.537484"><ele>7.9</ele></trkpt><trkpt lat="37.897760" lon="-122.537426"><ele>7.8</ele></trkpt><trkpt lat="37.897547" lon="-122.537188"><ele>7.4</ele></trkpt><trkpt lat="37.897543" lon="-122.537184"><ele>7.3</ele></trkpt><trkpt lat="37.897522" lon="-122.537159"><ele>7.3</ele></trkpt><trkpt lat="37.897459" lon="-122.537089"><ele>7.2</ele></trkpt><trkpt lat="37.897403" lon="-122.537029"><ele>7.0</ele></trkpt><trkpt lat="37.897297" lon="-122.536912"><ele>6.6</ele></trkpt><trkpt lat="37.896993" lon="-122.536577"><ele>5.4</ele></trkpt><trkpt lat="37.896830" lon="-122.536397"><ele>4.9</ele></trkpt><trkpt lat="37.896749" lon="-122.536309"><ele>4.9</ele></trkpt><trkpt lat="37.896670" lon="-122.536227"><ele>4.9</ele></trkpt><trkpt lat="37.896610" lon="-122.536165"><ele>4.9</ele></trkpt><trkpt lat="37.896554" lon="-122.536105"><ele>4.9</ele></trkpt><trkpt lat="37.896462" lon="-122.536007"><ele>4.9</ele></trkpt><trkpt lat="37.896358" lon="-122.535895"><ele>4.9</ele></trkpt><trkpt lat="37.896253" lon="-122.535779"><ele>4.9</ele></trkpt><trkpt lat="37.896211" lon="-122.535733"><ele>4.9</ele></trkpt><trkpt lat="37.896159" lon="-122.535675"><ele>4.9</ele></trkpt><trkpt lat="37.896080" lon="-122.535584"><ele>4.9</ele></trkpt><trkpt lat="37.895985" lon="-122.535476"><ele>4.9</ele></trkpt><trkpt lat="37.895938" lon="-122.535422"><ele>4.9</ele></trkpt><trkpt lat="37.895890" lon="-122.535368"><ele>4.9</ele></trkpt><trkpt lat="37.895694" lon="-122.535153"><ele>5.1</ele></trkpt><trkpt lat="37.895642" lon="-122.535097"><ele>5.3</ele></trkpt><trkpt lat="37.895592" lon="-122.535043"><ele>5.4</ele></trkpt><trkpt lat="37.895542" lon="-122.534984"><ele>5.6</ele></trkpt><trkpt lat="37.895505" lon="-122.534940"><ele>5.8</ele></trkpt><trkpt lat="37.895448" lon="-122.534865"><ele>6.0</ele></trkpt><trkpt lat="37.895408" lon="-122.534808"><ele>6.1</ele></trkpt><trkpt lat="37.895362" lon="-122.534736"><ele>6.3</ele></trkpt><trkpt lat="37.895319" lon="-122.534667"><ele>6.5</ele></trkpt><trkpt lat="37.895287" lon="-122.534616"><ele>6.6</ele></trkpt><trkpt lat="37.895254" lon="-122.534559"><ele>6.7</ele></trkpt><trkpt lat="37.895224" lon="-122.534502"><ele>6.7</ele></trkpt><trkpt lat="37.895191" lon="-122.534438"><ele>6.7</ele></trkpt><trkpt lat="37.895162" lon="-122.534374"><ele>6.7</ele></trkpt><trkpt lat="37.895137" lon="-122.534320"><ele>6.7</ele></trkpt><trkpt lat="37.895096" lon="-122.534232"><ele>6.7</ele></trkpt><trkpt lat="37.895060" lon="-122.534160"><ele>6.7</ele></trkpt><trkpt lat="37.895024" lon="-122.534091"><ele>6.7</ele></trkpt><trkpt lat="37.894986" lon="-122.534022"><ele>6.7</ele></trkpt><trkpt lat="37.894948" lon="-122.533957"><ele>6.7</ele></trkpt><trkpt lat="37.894907" lon="-122.533889"><ele>6.7</ele></trkpt><trkpt lat="37.894626" lon="-122.533425"><ele>6.5</ele></trkpt><trkpt lat="37.894585" lon="-122.533357"><ele>6.5</ele></trkpt><trkpt lat="37.894543" lon="-122.533292"><ele>6.5</ele></trkpt><trkpt lat="37.894499" lon="-122.533229"><ele>6.5</ele></trkpt><trkpt lat="37.894476" lon="-122.533196"><ele>6.4</ele></trkpt><trkpt lat="37.894455" lon="-122.533166"><ele>6.4</ele></trkpt><trkpt lat="37.894410" lon="-122.533103"><ele>6.4</ele></trkpt><trkpt lat="37.894355" lon="-122.533026"><ele>6.2</ele></trkpt><trkpt lat="37.894303" lon="-122.532954"><ele>5.9</ele></trkpt><trkpt lat="37.894270" lon="-122.532908"><ele>5.8</ele></trkpt><trkpt lat="37.894234" lon="-122.532854"><ele>5.6</ele></trkpt><trkpt lat="37.894174" lon="-122.532770"><ele>5.4</ele></trkpt><trkpt lat="37.893965" lon="-122.532481"><ele>4.5</ele></trkpt><trkpt lat="37.893824" lon="-122.532285"><ele>4.3</ele></trkpt><trkpt lat="37.893780" lon="-122.532221"><ele>4.4</ele></trkpt><trkpt lat="37.893737" lon="-122.532158"><ele>4.4</ele></trkpt><trkpt lat="37.893694" lon="-122.532092"><ele>4.4</ele></trkpt><trkpt lat="37.893641" lon="-122.532009"><ele>4.5</ele></trkpt><trkpt lat="37.893591" lon="-122.531925"><ele>4.5</ele></trkpt><trkpt lat="37.893541" lon="-122.531839"><ele>4.5</ele></trkpt><trkpt lat="37.893514" lon="-122.531790"><ele>4.5</ele></trkpt><trkpt lat="37.893493" lon="-122.531752"><ele>4.6</ele></trkpt><trkpt lat="37.893446" lon="-122.531663"><ele>4.5</ele></trkpt><trkpt lat="37.893313" lon="-122.531406"><ele>4.4</ele></trkpt><trkpt lat="37.893263" lon="-122.531318"><ele>4.4</ele></trkpt><trkpt lat="37.893214" lon="-122.531231"><ele>4.4</ele></trkpt><trkpt lat="37.893175" lon="-122.531155"><ele>4.3</ele></trkpt><trkpt lat="37.893144" lon="-122.531091"><ele>4.3</ele></trkpt><trkpt lat="37.893102" lon="-122.531005"><ele>4.3</ele></trkpt><trkpt lat="37.893071" lon="-122.530935"><ele>4.3</ele></trkpt><trkpt lat="37.892976" lon="-122.530716"><ele>4.4</ele></trkpt><trkpt lat="37.892885" lon="-122.530506"><ele>4.4</ele></trkpt><trkpt lat="37.892880" lon="-122.530496"><ele>4.4</ele></trkpt><trkpt lat="37.892837" lon="-122.530401"><ele>4.5</ele></trkpt><trkpt lat="37.892824" lon="-122.530369"><ele>4.5</ele></trkpt><trkpt lat="37.892798" lon="-122.530304"><ele>4.5</ele></trkpt><trkpt lat="37.892771" lon="-122.530228"><ele>4.5</ele></trkpt><trkpt lat="37.892764" lon="-122.530204"><ele>4.6</ele></trkpt><trkpt lat="37.892729" lon="-122.530079"><ele>4.5</ele></trkpt><trkpt lat="37.892707" lon="-122.529979"><ele>4.4</ele></trkpt><trkpt lat="37.892685" lon="-122.529884"><ele>4.3</ele></trkpt><trkpt lat="37.892669" lon="-122.529824"><ele>4.2</ele></trkpt><trkpt lat="37.892650" lon="-122.529749"><ele>4.2</ele></trkpt><trkpt lat="37.892626" lon="-122.529669"><ele>4.1</ele></trkpt><trkpt lat="37.892599" lon="-122.529592"><ele>4.0</ele></trkpt><trkpt lat="37.892569" lon="-122.529517"><ele>3.9</ele></trkpt><trkpt lat="37.892537" lon="-122.529442"><ele>3.8</ele></trkpt><trkpt lat="37.892504" lon="-122.529373"><ele>3.7</ele></trkpt><trkpt lat="37.892467" lon="-122.529301"><ele>3.7</ele></trkpt><trkpt lat="37.892430" lon="-122.529232"><ele>3.7</ele></trkpt><trkpt lat="37.892253" lon="-122.528906"><ele>3.8</ele></trkpt><trkpt lat="37.892094" lon="-122.528610"><ele>3.9</ele></trkpt><trkpt lat="37.891884" lon="-122.528223"><ele>3.7</ele></trkpt><trkpt lat="37.891258" lon="-122.527081"><ele>3.9</ele></trkpt><trkpt lat="37.891037" lon="-122.526682"><ele>4.1</ele></trkpt><trkpt lat="37.890791" lon="-122.526246"><ele>4.4</ele></trkpt><trkpt lat="37.890752" lon="-122.526178"><ele>4.4</ele></trkpt><trkpt lat="37.890712" lon="-122.526108"><ele>4.5</ele></trkpt><trkpt lat="37.890673" lon="-122.526041"><ele>4.6</ele></trkpt><trkpt lat="37.890632" lon="-122.525975"><ele>4.7</ele></trkpt><trkpt lat="37.890589" lon="-122.525909"><ele>4.8</ele></trkpt><trkpt lat="37.890542" lon="-122.525846"><ele>4.9</ele></trkpt><trkpt lat="37.890494" lon="-122.525788"><ele>4.9</ele></trkpt><trkpt lat="37.890442" lon="-122.525732"><ele>5.0</ele></trkpt><trkpt lat="37.890390" lon="-122.525681"><ele>5.1</ele></trkpt><trkpt lat="37.890334" lon="-122.525633"><ele>5.2</ele></trkpt><trkpt lat="37.890278" lon="-122.525587"><ele>5.2</ele></trkpt><trkpt lat="37.890220" lon="-122.525545"><ele>5.3</ele></trkpt><trkpt lat="37.890161" lon="-122.525508"><ele>5.4</ele></trkpt><trkpt lat="37.890101" lon="-122.525472"><ele>5.4</ele></trkpt><trkpt lat="37.890039" lon="-122.525440"><ele>5.5</ele></trkpt><trkpt lat="37.889976" lon="-122.525412"><ele>5.5</ele></trkpt><trkpt lat="37.889912" lon="-122.525387"><ele>5.6</ele></trkpt><trkpt lat="37.889847" lon="-122.525365"><ele>5.6</ele></trkpt><trkpt lat="37.889780" lon="-122.525347"><ele>5.7</ele></trkpt><trkpt lat="37.889715" lon="-122.525334"><ele>5.8</ele></trkpt><trkpt lat="37.889305" lon="-122.525266"><ele>6.1</ele></trkpt><trkpt lat="37.889226" lon="-122.525252"><ele>6.2</ele></trkpt><trkpt lat="37.888612" lon="-122.525133"><ele>7.0</ele></trkpt><trkpt lat="37.888502" lon="-122.525113"><ele>7.2</ele></trkpt><trkpt lat="37.888402" lon="-122.525097"><ele>7.4</ele></trkpt><trkpt lat="37.887900" lon="-122.525018"><ele>8.1</ele></trkpt><trkpt lat="37.887816" lon="-122.525003"><ele>8.2</ele></trkpt><trkpt lat="37.887725" lon="-122.524986"><ele>8.3</ele></trkpt><trkpt lat="37.887668" lon="-122.524976"><ele>8.3</ele></trkpt><trkpt lat="37.887609" lon="-122.524961"><ele>8.4</ele></trkpt><trkpt lat="37.887551" lon="-122.524943"><ele>8.5</ele></trkpt><trkpt lat="37.887495" lon="-122.524923"><ele>8.6</ele></trkpt><trkpt lat="37.887446" lon="-122.524902"><ele>8.6</ele></trkpt><trkpt lat="37.887352" lon="-122.524858"><ele>8.8</ele></trkpt><trkpt lat="37.887275" lon="-122.524815"><ele>8.9</ele></trkpt><trkpt lat="37.887194" lon="-122.524765"><ele>9.0</ele></trkpt><trkpt lat="37.887131" lon="-122.524724"><ele>9.1</ele></trkpt><trkpt lat="37.887070" lon="-122.524680"><ele>9.2</ele></trkpt><trkpt lat="37.887015" lon="-122.524635"><ele>9.2</ele></trkpt><trkpt lat="37.886954" lon="-122.524583"><ele>9.3</ele></trkpt><trkpt lat="37.886895" lon="-122.524532"><ele>9.4</ele></trkpt><trkpt lat="37.886751" lon="-122.524403"><ele>10.0</ele></trkpt><trkpt lat="37.886608" lon="-122.524276"><ele>10.6</ele></trkpt><trkpt lat="37.886359" lon="-122.524050"><ele>11.6</ele></trkpt><trkpt lat="37.886306" lon="-122.523997"><ele>11.9</ele></trkpt><trkpt lat="37.886180" lon="-122.523862"><ele>12.1</ele></trkpt><trkpt lat="37.886130" lon="-122.523822"><ele>12.2</ele></trkpt><trkpt lat="37.886078" lon="-122.523784"><ele>12.2</ele></trkpt><trkpt lat="37.886030" lon="-122.523751"><ele>12.3</ele></trkpt><trkpt lat="37.885980" lon="-122.523721"><ele>12.4</ele></trkpt><trkpt lat="37.885927" lon="-122.523694"><ele>12.4</ele></trkpt><trkpt lat="37.885874" lon="-122.523671"><ele>12.5</ele></trkpt><trkpt lat="37.885817" lon="-122.523651"><ele>12.6</ele></trkpt><trkpt lat="37.885761" lon="-122.523635"><ele>12.7</ele></trkpt><trkpt lat="37.885707" lon="-122.523623"><ele>12.7</ele></trkpt><trkpt lat="37.885655" lon="-122.523613"><ele>12.8</ele></trkpt><trkpt lat="37.885601" lon="-122.523607"><ele>12.9</ele></trkpt><trkpt lat="37.885546" lon="-122.523603"><ele>13.0</ele></trkpt><trkpt lat="37.885486" lon="-122.523604"><ele>13.1</ele></trkpt><trkpt lat="37.885430" lon="-122.523609"><ele>13.2</ele></trkpt><trkpt lat="37.885373" lon="-122.523619"><ele>13.3</ele></trkpt><trkpt lat="37.885312" lon="-122.523633"><ele>13.4</ele></trkpt><trkpt lat="37.885254" lon="-122.523650"><ele>13.5</ele></trkpt><trkpt lat="37.885196" lon="-122.523670"><ele>13.6</ele></trkpt><trkpt lat="37.885137" lon="-122.523696"><ele>13.7</ele></trkpt><trkpt lat="37.885075" lon="-122.523726"><ele>13.8</ele></trkpt><trkpt lat="37.885014" lon="-122.523762"><ele>13.9</ele></trkpt><trkpt lat="37.884958" lon="-122.523801"><ele>14.0</ele></trkpt><trkpt lat="37.884905" lon="-122.523842"><ele>13.8</ele></trkpt><trkpt lat="37.884853" lon="-122.523887"><ele>13.6</ele></trkpt><trkpt lat="37.884803" lon="-122.523938"><ele>13.3</ele></trkpt><trkpt lat="37.884752" lon="-122.523996"><ele>13.0</ele></trkpt><trkpt lat="37.884704" lon="-122.524057"><ele>12.8</ele></trkpt><trkpt lat="37.884655" lon="-122.524126"><ele>12.5</ele></trkpt><trkpt lat="37.884588" lon="-122.524225"><ele>12.1</ele></trkpt><trkpt lat="37.884515" lon="-122.524330"><ele>11.7</ele></trkpt><trkpt lat="37.884476" lon="-122.524387"><ele>11.4</ele></trkpt><trkpt lat="37.884434" lon="-122.524441"><ele>11.3</ele></trkpt><trkpt lat="37.884421" lon="-122.524456"><ele>11.2</ele></trkpt><trkpt lat="37.884345" lon="-122.524542"><ele>11.0</ele></trkpt><trkpt lat="37.884287" lon="-122.524594"><ele>10.9</ele></trkpt><trkpt lat="37.884243" lon="-122.524629"><ele>10.8</ele></trkpt><trkpt lat="37.884198" lon="-122.524658"><ele>10.8</ele></trkpt><trkpt lat="37.884143" lon="-122.524687"><ele>10.7</ele></trkpt><trkpt lat="37.884076" lon="-122.524712"><ele>10.5</ele></trkpt><trkpt lat="37.884050" lon="-122.524716"><ele>10.5</ele></trkpt><trkpt lat="37.883952" lon="-122.524734"><ele>10.3</ele></trkpt><trkpt lat="37.883881" lon="-122.524736"><ele>10.2</ele></trkpt><trkpt lat="37.883807" lon="-122.524735"><ele>10.1</ele></trkpt><trkpt lat="37.883688" lon="-122.524730"><ele>9.7</ele></trkpt><trkpt lat="37.883578" lon="-122.524722"><ele>9.3</ele></trkpt><trkpt lat="37.883494" lon="-122.524713"><ele>8.9</ele></trkpt><trkpt lat="37.883407" lon="-122.524706"><ele>8.6</ele></trkpt><trkpt lat="37.883322" lon="-122.524700"><ele>8.3</ele></trkpt><trkpt lat="37.883236" lon="-122.524701"><ele>8.0</ele></trkpt><trkpt lat="37.883145" lon="-122.524705"><ele>7.6</ele></trkpt><trkpt lat="37.883036" lon="-122.524718"><ele>7.5</ele></trkpt><trkpt lat="37.882925" lon="-122.524738"><ele>8.2</ele></trkpt><trkpt lat="37.882817" lon="-122.524761"><ele>8.9</ele></trkpt><trkpt lat="37.882706" lon="-122.524788"><ele>9.6</ele></trkpt><trkpt lat="37.882608" lon="-122.524814"><ele>10.2</ele></trkpt><trkpt lat="37.882444" lon="-122.524859"><ele>11.3</ele></trkpt><trkpt lat="37.882278" lon="-122.524908"><ele>12.2</ele></trkpt><trkpt lat="37.882218" lon="-122.524920"><ele>12.4</ele></trkpt><trkpt lat="37.882185" lon="-122.524923"><ele>12.5</ele></trkpt><trkpt lat="37.882149" lon="-122.524924"><ele>12.7</ele></trkpt><trkpt lat="37.882117" lon="-122.524923"><ele>12.8</ele></trkpt><trkpt lat="37.882103" lon="-122.524979"><ele>13.0</ele></trkpt><trkpt lat="37.882088" lon="-122.525029"><ele>13.1</ele></trkpt><trkpt lat="37.882070" lon="-122.525077"><ele>13.3</ele></trkpt><trkpt lat="37.882050" lon="-122.525126"><ele>13.5</ele></trkpt><trkpt lat="37.882035" lon="-122.525155"><ele>13.6</ele></trkpt><trkpt lat="37.881995" lon="-122.525233"><ele>13.8</ele></trkpt><trkpt lat="37.881962" lon="-122.525295"><ele>14.1</ele></trkpt><trkpt lat="37.881930" lon="-122.525353"><ele>14.3</ele></trkpt><trkpt lat="37.881909" lon="-122.525390"><ele>14.4</ele></trkpt><trkpt lat="37.881891" lon="-122.525420"><ele>14.5</ele></trkpt><trkpt lat="37.881831" lon="-122.525522"><ele>15.0</ele></trkpt><trkpt lat="37.881785" lon="-122.525596"><ele>15.3</ele></trkpt><trkpt lat="37.881750" lon="-122.525664"><ele>15.6</ele></trkpt><trkpt lat="37.881675" lon="-122.525775"><ele>16.2</ele></trkpt><trkpt lat="37.881623" lon="-122.525860"><ele>16.6</ele></trkpt><trkpt lat="37.881535" lon="-122.525995"><ele>17.2</ele></trkpt><trkpt lat="37.881436" lon="-122.526139"><ele>17.9</ele></trkpt><trkpt lat="37.881315" lon="-122.526298"><ele>16.7</ele></trkpt><trkpt lat="37.881156" lon="-122.526504"><ele>14.9</ele></trkpt><trkpt lat="37.881076" lon="-122.526595"><ele>14.1</ele></trkpt><trkpt lat="37.881028" lon="-122.526470"><ele>13.2</ele></trkpt><trkpt lat="37.880972" lon="-122.526416"><ele>12.6</ele></trkpt><trkpt lat="37.880813" lon="-122.526262"><ele>11.3</ele></trkpt><trkpt lat="37.880717" lon="-122.526188"><ele>10.6</ele></trkpt><trkpt lat="37.880631" lon="-122.526133"><ele>10.1</ele></trkpt><trkpt lat="37.880531" lon="-122.526083"><ele>9.4</ele></trkpt><trkpt lat="37.880428" lon="-122.526038"><ele>8.8</ele></trkpt><trkpt lat="37.880316" lon="-122.526011"><ele>8.1</ele></trkpt><trkpt lat="37.880201" lon="-122.525993"><ele>7.4</ele></trkpt><trkpt lat="37.880033" lon="-122.525992"><ele>6.3</ele></trkpt><trkpt lat="37.879921" lon="-122.525999"><ele>5.6</ele></trkpt><trkpt lat="37.879814" lon="-122.526032"><ele>4.9</ele></trkpt><trkpt lat="37.878835" lon="-122.526437"><ele>2.4</ele></trkpt><trkpt lat="37.878808" lon="-122.526448"><ele>2.4</ele></trkpt><trkpt lat="37.878571" lon="-122.526548"><ele>2.3</ele></trkpt><trkpt lat="37.878301" lon="-122.526657"><ele>2.2</ele></trkpt><trkpt lat="37.877646" lon="-122.526931"><ele>2.1</ele></trkpt><trkpt lat="37.877103" lon="-122.527155"><ele>3.2</ele></trkpt><trkpt lat="37.877071" lon="-122.527162"><ele>3.3</ele></trkpt><trkpt lat="37.877043" lon="-122.527159"><ele>3.4</ele></trkpt><trkpt lat="37.876995" lon="-122.527140"><ele>3.5</ele></trkpt><trkpt lat="37.876912" lon="-122.527086"><ele>3.7</ele></trkpt><trkpt lat="37.876843" lon="-122.527044"><ele>3.9</ele></trkpt><trkpt lat="37.876940" lon="-122.526756"><ele>4.8</ele></trkpt><trkpt lat="37.876975" lon="-122.526622"><ele>5.1</ele></trkpt><trkpt lat="37.876983" lon="-122.526582"><ele>5.2</ele></trkpt><trkpt lat="37.876994" lon="-122.526490"><ele>5.5</ele></trkpt><trkpt lat="37.876992" lon="-122.526434"><ele>5.6</ele></trkpt><trkpt lat="37.876862" lon="-122.526444"><ele>6.1</ele></trkpt><trkpt lat="37.876758" lon="-122.526443"><ele>6.4</ele></trkpt><trkpt lat="37.876664" lon="-122.526438"><ele>6.8</ele></trkpt><trkpt lat="37.876594" lon="-122.526418"><ele>7.1</ele></trkpt><trkpt lat="37.876518" lon="-122.526377"><ele>7.4</ele></trkpt><trkpt lat="37.876420" lon="-122.526297"><ele>7.8</ele></trkpt><trkpt lat="37.876245" lon="-122.526138"><ele>8.7</ele></trkpt><trkpt lat="37.876132" lon="-122.526047"><ele>9.1</ele></trkpt><trkpt lat="37.876010" lon="-122.525963"><ele>9.0</ele></trkpt><trkpt lat="37.875923" lon="-122.525923"><ele>8.9</ele></trkpt><trkpt lat="37.875851" lon="-122.525895"><ele>8.9</ele></trkpt><trkpt lat="37.875758" lon="-122.525887"><ele>8.8</ele></trkpt><trkpt lat="37.875675" lon="-122.525889"><ele>8.7</ele></trkpt><trkpt lat="37.875593" lon="-122.525905"><ele>8.7</ele></trkpt><trkpt lat="37.875401" lon="-122.525970"><ele>8.5</ele></trkpt><trkpt lat="37.875162" lon="-122.526045"><ele>8.5</ele></trkpt><trkpt lat="37.875073" lon="-122.526060"><ele>8.5</ele></trkpt><trkpt lat="37.874984" lon="-122.526069"><ele>8.5</ele></trkpt><trkpt lat="37.874892" lon="-122.526064"><ele>8.5</ele></trkpt><trkpt lat="37.874800" lon="-122.526056"><ele>8.5</ele></trkpt><trkpt lat="37.874379" lon="-122.525985"><ele>7.9</ele></trkpt><trkpt lat="37.874314" lon="-122.525983"><ele>7.8</ele></trkpt><trkpt lat="37.874231" lon="-122.525985"><ele>7.7</ele></trkpt><trkpt lat="37.874058" lon="-122.526000"><ele>7.4</ele></trkpt><trkpt lat="37.873962" lon="-122.526004"><ele>7.4</ele></trkpt><trkpt lat="37.873841" lon="-122.525995"><ele>7.5</ele></trkpt><trkpt lat="37.873689" lon="-122.525971"><ele>7.6</ele></trkpt><trkpt lat="37.873510" lon="-122.525941"><ele>7.7</ele></trkpt><trkpt lat="37.873394" lon="-122.525913"><ele>7.8</ele></trkpt><trkpt lat="37.873120" lon="-122.525833"><ele>7.8</ele></trkpt><trkpt lat="37.873060" lon="-122.525819"><ele>7.7</ele></trkpt><trkpt lat="37.873005" lon="-122.525818"><ele>7.7</ele></trkpt><trkpt lat="37.872935" lon="-122.525832"><ele>7.6</ele></trkpt><trkpt lat="37.872387" lon="-122.526039"><ele>7.5</ele></trkpt><trkpt lat="37.872011" lon="-122.526191"><ele>7.8</ele></trkpt><trkpt lat="37.871356" lon="-122.526495"><ele>7.7</ele></trkpt><trkpt lat="37.870932" lon="-122.526683"><ele>8.3</ele></trkpt><trkpt lat="37.870522" lon="-122.526853"><ele>9.1</ele></trkpt><trkpt lat="37.870409" lon="-122.526901"><ele>8.9</ele></trkpt><trkpt lat="37.870304" lon="-122.526953"><ele>8.6</ele></trkpt><trkpt lat="37.870222" lon="-122.527005"><ele>8.4</ele></trkpt><trkpt lat="37.870140" lon="-122.527070"><ele>8.2</ele></trkpt><trkpt lat="37.870050" lon="-122.527166"><ele>8.0</ele></trkpt><trkpt lat="37.869866" lon="-122.527393"><ele>7.6</ele></trkpt><trkpt lat="37.869544" lon="-122.527798"><ele>7.6</ele></trkpt><trkpt lat="37.869476" lon="-122.527886"><ele>7.6</ele></trkpt><trkpt lat="37.869388" lon="-122.528001"><ele>7.7</ele></trkpt><trkpt lat="37.869209" lon="-122.528213"><ele>8.2</ele></trkpt><trkpt lat="37.869069" lon="-122.528359"><ele>8.6</ele></trkpt><trkpt lat="37.868932" lon="-122.528490"><ele>9.0</ele></trkpt><trkpt lat="37.868807" lon="-122.528602"><ele>9.6</ele></trkpt><trkpt lat="37.868599" lon="-122.528804"><ele>11.2</ele></trkpt><trkpt lat="37.868425" lon="-122.528979"><ele>12.5</ele></trkpt><trkpt lat="37.868328" lon="-122.529089"><ele>13.2</ele></trkpt><trkpt lat="37.868258" lon="-122.529193"><ele>13.9</ele></trkpt><trkpt lat="37.868072" lon="-122.529548"><ele>16.0</ele></trkpt><trkpt lat="37.867999" lon="-122.529665"><ele>16.8</ele></trkpt><trkpt lat="37.867925" lon="-122.529757"><ele>17.4</ele></trkpt><trkpt lat="37.867704" lon="-122.529962"><ele>19.0</ele></trkpt><trkpt lat="37.867599" lon="-122.530084"><ele>19.8</ele></trkpt><trkpt lat="37.867128" lon="-122.530760"><ele>23.9</ele></trkpt><trkpt lat="37.867030" lon="-122.530892"><ele>24.7</ele></trkpt><trkpt lat="37.866910" lon="-122.531039"><ele>25.7</ele></trkpt><trkpt lat="37.866799" lon="-122.531152"><ele>26.8</ele></trkpt><trkpt lat="37.866681" lon="-122.531241"><ele>28.2</ele></trkpt><trkpt lat="37.866591" lon="-122.531293"><ele>29.2</ele></trkpt><trkpt lat="37.866373" lon="-122.531386"><ele>31.7</ele></trkpt><trkpt lat="37.866300" lon="-122.531425"><ele>32.5</ele></trkpt><trkpt lat="37.866232" lon="-122.531474"><ele>33.3</ele></trkpt><trkpt lat="37.866166" lon="-122.531540"><ele>33.9</ele></trkpt><trkpt lat="37.866001" lon="-122.531760"><ele>34.3</ele></trkpt><trkpt lat="37.865909" lon="-122.531894"><ele>34.5</ele></trkpt><trkpt lat="37.865763" lon="-122.532078"><ele>34.9</ele></trkpt><trkpt lat="37.865673" lon="-122.532206"><ele>35.3</ele></trkpt><trkpt lat="37.865450" lon="-122.532574"><ele>37.1</ele></trkpt><trkpt lat="37.865375" lon="-122.532679"><ele>37.7</ele></trkpt><trkpt lat="37.865302" lon="-122.532762"><ele>38.2</ele></trkpt><trkpt lat="37.865204" lon="-122.532840"><ele>38.7</ele></trkpt><trkpt lat="37.865089" lon="-122.532911"><ele>38.9</ele></trkpt><trkpt lat="37.864878" lon="-122.533018"><ele>39.3</ele></trkpt><trkpt lat="37.864776" lon="-122.533062"><ele>39.5</ele></trkpt><trkpt lat="37.864617" lon="-122.533124"><ele>39.8</ele></trkpt><trkpt lat="37.864515" lon="-122.533166"><ele>40.0</ele></trkpt><trkpt lat="37.864416" lon="-122.533226"><ele>40.7</ele></trkpt><trkpt lat="37.864163" lon="-122.533412"><ele>42.4</ele></trkpt><trkpt lat="37.864044" lon="-122.533481"><ele>43.2</ele></trkpt><trkpt lat="37.863900" lon="-122.533543"><ele>44.1</ele></trkpt><trkpt lat="37.863562" lon="-122.533653"><ele>45.7</ele></trkpt><trkpt lat="37.863436" lon="-122.533704"><ele>46.4</ele></trkpt><trkpt lat="37.862942" lon="-122.533938"><ele>48.6</ele></trkpt><trkpt lat="37.862838" lon="-122.533984"><ele>49.0</ele></trkpt><trkpt lat="37.862754" lon="-122.534032"><ele>49.3</ele></trkpt><trkpt lat="37.862660" lon="-122.534099"><ele>49.8</ele></trkpt><trkpt lat="37.862575" lon="-122.534173"><ele>50.1</ele></trkpt><trkpt lat="37.862502" lon="-122.534249"><ele>50.6</ele></trkpt><trkpt lat="37.862428" lon="-122.534341"><ele>51.3</ele></trkpt><trkpt lat="37.862364" lon="-122.534441"><ele>51.9</ele></trkpt><trkpt lat="37.862297" lon="-122.534553"><ele>52.6</ele></trkpt><trkpt lat="37.862235" lon="-122.534644"><ele>53.2</ele></trkpt><trkpt lat="37.862160" lon="-122.534741"><ele>53.9</ele></trkpt><trkpt lat="37.862069" lon="-122.534845"><ele>54.7</ele></trkpt><trkpt lat="37.861968" lon="-122.534927"><ele>55.3</ele></trkpt><trkpt lat="37.861826" lon="-122.535029"><ele>56.0</ele></trkpt><trkpt lat="37.861651" lon="-122.535124"><ele>56.8</ele></trkpt><trkpt lat="37.861581" lon="-122.535160"><ele>57.1</ele></trkpt><trkpt lat="37.861522" lon="-122.535196"><ele>57.4</ele></trkpt><trkpt lat="37.861467" lon="-122.535237"><ele>57.6</ele></trkpt><trkpt lat="37.861414" lon="-122.535279"><ele>57.9</ele></trkpt><trkpt lat="37.861368" lon="-122.535320"><ele>58.1</ele></trkpt><trkpt lat="37.861317" lon="-122.535367"><ele>58.3</ele></trkpt><trkpt lat="37.861222" lon="-122.535465"><ele>58.6</ele></trkpt><trkpt lat="37.861128" lon="-122.535567"><ele>59.0</ele></trkpt><trkpt lat="37.861031" lon="-122.535678"><ele>59.4</ele></trkpt><trkpt lat="37.860939" lon="-122.535781"><ele>59.7</ele></trkpt><trkpt lat="37.860840" lon="-122.535885"><ele>60.0</ele></trkpt><trkpt lat="37.860755" lon="-122.535969"><ele>60.0</ele></trkpt><trkpt lat="37.860549" lon="-122.536165"><ele>60.0</ele></trkpt><trkpt lat="37.860360" lon="-122.536345"><ele>60.0</ele></trkpt><trkpt lat="37.860328" lon="-122.536379"><ele>60.0</ele></trkpt><trkpt lat="37.860190" lon="-122.536531"><ele>59.8</ele></trkpt><trkpt lat="37.860101" lon="-122.536630"><ele>59.5</ele></trkpt><trkpt lat="37.860018" lon="-122.536725"><ele>59.3</ele></trkpt><trkpt lat="37.859945" lon="-122.536809"><ele>59.1</ele></trkpt><trkpt lat="37.859867" lon="-122.536892"><ele>58.9</ele></trkpt><trkpt lat="37.859794" lon="-122.536965"><ele>58.7</ele></trkpt><trkpt lat="37.859709" lon="-122.537038"><ele>58.3</ele></trkpt><trkpt lat="37.859614" lon="-122.537106"><ele>57.5</ele></trkpt><trkpt lat="37.859154" lon="-122.537413"><ele>53.5</ele></trkpt><trkpt lat="37.858730" lon="-122.537690"><ele>50.6</ele></trkpt><trkpt lat="37.858630" lon="-122.537754"><ele>49.9</ele></trkpt><trkpt lat="37.858539" lon="-122.537817"><ele>49.3</ele></trkpt><trkpt lat="37.858456" lon="-122.537879"><ele>48.8</ele></trkpt><trkpt lat="37.858378" lon="-122.537943"><ele>48.3</ele></trkpt><trkpt lat="37.858300" lon="-122.538017"><ele>47.8</ele></trkpt><trkpt lat="37.858230" lon="-122.538091"><ele>47.3</ele></trkpt><trkpt lat="37.858167" lon="-122.538163"><ele>46.9</ele></trkpt><trkpt lat="37.858099" lon="-122.538247"><ele>46.4</ele></trkpt><trkpt lat="37.858026" lon="-122.538342"><ele>45.9</ele></trkpt><trkpt lat="37.857835" lon="-122.538603"><ele>46.5</ele></trkpt><trkpt lat="37.857769" lon="-122.538689"><ele>47.5</ele></trkpt><trkpt lat="37.857701" lon="-122.538767"><ele>48.6</ele></trkpt><trkpt lat="37.857636" lon="-122.538838"><ele>49.5</ele></trkpt><trkpt lat="37.857583" lon="-122.538885"><ele>50.2</ele></trkpt><trkpt lat="37.857526" lon="-122.538929"><ele>51.0</ele></trkpt><trkpt lat="37.857471" lon="-122.538964"><ele>51.7</ele></trkpt><trkpt lat="37.857412" lon="-122.538995"><ele>52.4</ele></trkpt><trkpt lat="37.857448" lon="-122.539108"><ele>53.3</ele></trkpt><trkpt lat="37.857488" lon="-122.539243"><ele>54.1</ele></trkpt><trkpt lat="37.857521" lon="-122.539359"><ele>54.8</ele></trkpt><trkpt lat="37.857547" lon="-122.539465"><ele>55.4</ele></trkpt><trkpt lat="37.857568" lon="-122.539566"><ele>56.0</ele></trkpt><trkpt lat="37.857586" lon="-122.539674"><ele>56.7</ele></trkpt><trkpt lat="37.857603" lon="-122.539782"><ele>57.3</ele></trkpt><trkpt lat="37.857621" lon="-122.539877"><ele>57.8</ele></trkpt><trkpt lat="37.857645" lon="-122.539966"><ele>58.4</ele></trkpt><trkpt lat="37.857684" lon="-122.540044"><ele>59.2</ele></trkpt><trkpt lat="37.857730" lon="-122.540122"><ele>60.1</ele></trkpt><trkpt lat="37.857811" lon="-122.540229"><ele>61.4</ele></trkpt><trkpt lat="37.857912" lon="-122.540351"><ele>62.9</ele></trkpt><trkpt lat="37.857972" lon="-122.540443"><ele>63.9</ele></trkpt><trkpt lat="37.858012" lon="-122.540523"><ele>64.7</ele></trkpt><trkpt lat="37.858088" lon="-122.540711"><ele>66.1</ele></trkpt><trkpt lat="37.858147" lon="-122.540856"><ele>65.8</ele></trkpt><trkpt lat="37.858200" lon="-122.540950"><ele>65.6</ele></trkpt><trkpt lat="37.858332" lon="-122.541129"><ele>65.2</ele></trkpt><trkpt lat="37.858570" lon="-122.541430"><ele>65.1</ele></trkpt><trkpt lat="37.858663" lon="-122.541559"><ele>66.0</ele></trkpt><trkpt lat="37.858877" lon="-122.541865"><ele>68.0</ele></trkpt><trkpt lat="37.858966" lon="-122.541972"><ele>68.8</ele></trkpt><trkpt lat="37.859153" lon="-122.542170"><ele>70.6</ele></trkpt><trkpt lat="37.859239" lon="-122.542271"><ele>71.6</ele></trkpt><trkpt lat="37.859290" lon="-122.542355"><ele>72.2</ele></trkpt><trkpt lat="37.859353" lon="-122.542466"><ele>73.1</ele></trkpt><trkpt lat="37.859637" lon="-122.543095"><ele>77.7</ele></trkpt><trkpt lat="37.859701" lon="-122.543220"><ele>78.6</ele></trkpt><trkpt lat="37.859763" lon="-122.543319"><ele>79.4</ele></trkpt><trkpt lat="37.859847" lon="-122.543445"><ele>80.4</ele></trkpt><trkpt lat="37.860223" lon="-122.543894"><ele>82.4</ele></trkpt><trkpt lat="37.860605" lon="-122.544293"><ele>82.9</ele></trkpt><trkpt lat="37.860783" lon="-122.544451"><ele>82.6</ele></trkpt><trkpt lat="37.860924" lon="-122.544558"><ele>82.4</ele></trkpt><trkpt lat="37.861087" lon="-122.544651"><ele>83.0</ele></trkpt><trkpt lat="37.861139" lon="-122.544669"><ele>83.5</ele></trkpt><trkpt lat="37.861193" lon="-122.544677"><ele>83.9</ele></trkpt><trkpt lat="37.861294" lon="-122.544675"><ele>84.7</ele></trkpt><trkpt lat="37.861440" lon="-122.544660"><ele>85.9</ele></trkpt><trkpt lat="37.861487" lon="-122.544667"><ele>86.2</ele></trkpt><trkpt lat="37.861529" lon="-122.544686"><ele>86.6</ele></trkpt><trkpt lat="37.861558" lon="-122.544717"><ele>86.9</ele></trkpt><trkpt lat="37.861585" lon="-122.544765"><ele>87.3</ele></trkpt><trkpt lat="37.861593" lon="-122.544817"><ele>87.6</ele></trkpt><trkpt lat="37.861594" lon="-122.544878"><ele>88.0</ele></trkpt><trkpt lat="37.861579" lon="-122.544948"><ele>88.2</ele></trkpt><trkpt lat="37.861542" lon="-122.545003"><ele>88.4</ele></trkpt><trkpt lat="37.861482" lon="-122.545065"><ele>88.7</ele></trkpt><trkpt lat="37.861122" lon="-122.545375"><ele>90.2</ele></trkpt><trkpt lat="37.861080" lon="-122.545422"><ele>90.4</ele></trkpt><trkpt lat="37.861010" lon="-122.545530"><ele>90.5</ele></trkpt><trkpt lat="37.860938" lon="-122.545671"><ele>90.5</ele></trkpt><trkpt lat="37.860922" lon="-122.545698"><ele>90.5</ele></trkpt><trkpt lat="37.860909" lon="-122.545716"><ele>90.5</ele></trkpt><trkpt lat="37.860893" lon="-122.545726"><ele>90.5</ele></trkpt><trkpt lat="37.860875" lon="-122.545730"><ele>90.5</ele></trkpt><trkpt lat="37.860875" lon="-122.545730"><ele>90.5</ele></trkpt></trkseg></trk>
</gpx>