<?xml version="1.0" encoding="UTF-8"?>
<gpx version="1.1" creator="north-bay-planning" xmlns="http://www.topografix.com/GPX/1/1">
<metadata><name>Martinez to Sibley over Briones overnight</name><desc>Martinez Amtrak over Briones and Tilden to Sibley, then Chabot and San Leandro BART</desc></metadata>
<wpt lat="37.850080" lon="-122.196860"><name>Sibley Backpack Camp</name><desc>Reserve on ReserveAmerica 2+ business days ahead. No water.</desc></wpt>
<trk><name>Day 1 Martinez to Sibley</name><trkseg><trkpt lat="38.018991" lon="-122.137994"><ele>3.0</ele></trkpt><trkpt lat="38.019053" lon="-122.137855"><ele>3.1</ele></trkpt><trkpt lat="38.019106" lon="-122.137906"><ele>3.2</ele></trkpt><trkpt lat="38.019131" lon="-122.137852"><ele>3.2</ele></trkpt><trkpt lat="38.019076" lon="-122.137806"><ele>3.2</ele></trkpt><trkpt lat="38.018592" lon="-122.137428"><ele>3.7</ele></trkpt><trkpt lat="38.018550" lon="-122.137393"><ele>3.8</ele></trkpt><trkpt lat="38.018518" lon="-122.137368"><ele>3.8</ele></trkpt><trkpt lat="38.018018" lon="-122.136977"><ele>4.2</ele></trkpt><trkpt lat="38.017962" lon="-122.136935"><ele>4.3</ele></trkpt><trkpt lat="38.017914" lon="-122.136899"><ele>4.3</ele></trkpt><trkpt lat="38.017683" lon="-122.136717"><ele>4.6</ele></trkpt><trkpt lat="38.017660" lon="-122.136701"><ele>4.7</ele></trkpt><trkpt lat="38.017429" lon="-122.136521"><ele>5.0</ele></trkpt><trkpt lat="38.017378" lon="-122.136480"><ele>5.0</ele></trkpt><trkpt lat="38.017344" lon="-122.136546"><ele>5.1</ele></trkpt><trkpt lat="38.017266" lon="-122.136708"><ele>5.3</ele></trkpt><trkpt lat="38.017154" lon="-122.136918"><ele>5.5</ele></trkpt><trkpt lat="38.016862" lon="-122.137394"><ele>5.8</ele></trkpt><trkpt lat="38.016821" lon="-122.137461"><ele>5.8</ele></trkpt><trkpt lat="38.016784" lon="-122.137522"><ele>5.8</ele></trkpt><trkpt lat="38.016436" lon="-122.138112"><ele>5.9</ele></trkpt><trkpt lat="38.016399" lon="-122.138177"><ele>5.9</ele></trkpt><trkpt lat="38.016360" lon="-122.138239"><ele>5.9</ele></trkpt><trkpt lat="38.016182" lon="-122.138532"><ele>6.1</ele></trkpt><trkpt lat="38.016156" lon="-122.138575"><ele>6.2</ele></trkpt><trkpt lat="38.016067" lon="-122.138724"><ele>6.5</ele></trkpt><trkpt lat="38.016025" lon="-122.138794"><ele>6.6</ele></trkpt><trkpt lat="38.016005" lon="-122.138826"><ele>6.7</ele></trkpt><trkpt lat="38.015972" lon="-122.138881"><ele>6.8</ele></trkpt><trkpt lat="38.015927" lon="-122.138840"><ele>7.0</ele></trkpt><trkpt lat="38.015421" lon="-122.138355"><ele>7.6</ele></trkpt><trkpt lat="38.014918" lon="-122.137873"><ele>10.7</ele></trkpt><trkpt lat="38.014865" lon="-122.137823"><ele>10.7</ele></trkpt><trkpt lat="38.014833" lon="-122.137791"><ele>10.7</ele></trkpt><trkpt lat="38.014326" lon="-122.137297"><ele>12.7</ele></trkpt><trkpt lat="38.013859" lon="-122.136839"><ele>14.9</ele></trkpt><trkpt lat="38.013820" lon="-122.136802"><ele>14.9</ele></trkpt><trkpt lat="38.013771" lon="-122.136754"><ele>14.9</ele></trkpt><trkpt lat="38.013671" lon="-122.136657"><ele>14.9</ele></trkpt><trkpt lat="38.013229" lon="-122.136231"><ele>17.0</ele></trkpt><trkpt lat="38.013225" lon="-122.136226"><ele>17.1</ele></trkpt><trkpt lat="38.012797" lon="-122.135813"><ele>15.0</ele></trkpt><trkpt lat="38.012726" lon="-122.135745"><ele>15.0</ele></trkpt><trkpt lat="38.012675" lon="-122.135695"><ele>15.1</ele></trkpt><trkpt lat="38.012121" lon="-122.135186"><ele>13.9</ele></trkpt><trkpt lat="38.012077" lon="-122.135145"><ele>13.6</ele></trkpt><trkpt lat="38.011905" lon="-122.134976"><ele>12.5</ele></trkpt><trkpt lat="38.011563" lon="-122.134649"><ele>12.8</ele></trkpt><trkpt lat="38.011005" lon="-122.134118"><ele>11.7</ele></trkpt><trkpt lat="38.010460" lon="-122.133583"><ele>12.6</ele></trkpt><trkpt lat="38.010005" lon="-122.133156"><ele>13.1</ele></trkpt><trkpt lat="38.009907" lon="-122.133065"><ele>13.2</ele></trkpt><trkpt lat="38.009601" lon="-122.132774"><ele>13.5</ele></trkpt><trkpt lat="38.009348" lon="-122.132533"><ele>13.7</ele></trkpt><trkpt lat="38.008796" lon="-122.132001"><ele>14.3</ele></trkpt><trkpt lat="38.008748" lon="-122.131956"><ele>14.3</ele></trkpt><trkpt lat="38.008241" lon="-122.131483"><ele>14.6</ele></trkpt><trkpt lat="38.008028" lon="-122.131317"><ele>14.9</ele></trkpt><trkpt lat="38.007530" lon="-122.130927"><ele>15.6</ele></trkpt><trkpt lat="38.007410" lon="-122.130862"><ele>15.7</ele></trkpt><trkpt lat="38.007362" lon="-122.130836"><ele>15.8</ele></trkpt><trkpt lat="38.007225" lon="-122.130809"><ele>15.9</ele></trkpt><trkpt lat="38.007101" lon="-122.130802"><ele>16.1</ele></trkpt><trkpt lat="38.006976" lon="-122.130822"><ele>16.2</ele></trkpt><trkpt lat="38.006861" lon="-122.130845"><ele>16.3</ele></trkpt><trkpt lat="38.006531" lon="-122.130890"><ele>16.4</ele></trkpt><trkpt lat="38.006470" lon="-122.130898"><ele>16.5</ele></trkpt><trkpt lat="38.006426" lon="-122.130907"><ele>16.5</ele></trkpt><trkpt lat="38.006105" lon="-122.130974"><ele>16.9</ele></trkpt><trkpt lat="38.005908" lon="-122.131006"><ele>17.1</ele></trkpt><trkpt lat="38.005661" lon="-122.131051"><ele>17.1</ele></trkpt><trkpt lat="38.005503" lon="-122.131079"><ele>17.1</ele></trkpt><trkpt lat="38.005480" lon="-122.131083"><ele>17.1</ele></trkpt><trkpt lat="38.005113" lon="-122.131104"><ele>17.1</ele></trkpt><trkpt lat="38.005065" lon="-122.131113"><ele>17.1</ele></trkpt><trkpt lat="38.003823" lon="-122.131326"><ele>18.3</ele></trkpt><trkpt lat="38.003770" lon="-122.131335"><ele>18.3</ele></trkpt><trkpt lat="38.003689" lon="-122.131350"><ele>18.5</ele></trkpt><trkpt lat="38.003074" lon="-122.131467"><ele>19.5</ele></trkpt><trkpt lat="38.002449" lon="-122.131578"><ele>20.6</ele></trkpt><trkpt lat="38.002389" lon="-122.131588"><ele>20.7</ele></trkpt><trkpt lat="38.002236" lon="-122.131611"><ele>20.9</ele></trkpt><trkpt lat="38.001985" lon="-122.131655"><ele>21.3</ele></trkpt><trkpt lat="38.001682" lon="-122.131711"><ele>21.6</ele></trkpt><trkpt lat="38.001088" lon="-122.131813"><ele>22.3</ele></trkpt><trkpt lat="38.001015" lon="-122.131825"><ele>22.4</ele></trkpt><trkpt lat="38.000864" lon="-122.131848"><ele>22.5</ele></trkpt><trkpt lat="38.000522" lon="-122.131899"><ele>22.9</ele></trkpt><trkpt lat="38.000303" lon="-122.131942"><ele>23.2</ele></trkpt><trkpt lat="38.000028" lon="-122.131991"><ele>23.5</ele></trkpt><trkpt lat="37.999681" lon="-122.132041"><ele>24.1</ele></trkpt><trkpt lat="37.999045" lon="-122.132124"><ele>24.9</ele></trkpt><trkpt lat="37.998924" lon="-122.132147"><ele>25.1</ele></trkpt><trkpt lat="37.998721" lon="-122.132175"><ele>25.4</ele></trkpt><trkpt lat="37.998488" lon="-122.132216"><ele>25.8</ele></trkpt><trkpt lat="37.998413" lon="-122.132230"><ele>25.9</ele></trkpt><trkpt lat="37.998127" lon="-122.132283"><ele>26.2</ele></trkpt><trkpt lat="37.997951" lon="-122.132323"><ele>26.4</ele></trkpt><trkpt lat="37.997652" lon="-122.132364"><ele>26.6</ele></trkpt><trkpt lat="37.997228" lon="-122.132450"><ele>26.9</ele></trkpt><trkpt lat="37.996811" lon="-122.132515"><ele>27.1</ele></trkpt><trkpt lat="37.996648" lon="-122.132526"><ele>27.3</ele></trkpt><trkpt lat="37.996382" lon="-122.132513"><ele>27.6</ele></trkpt><trkpt lat="37.996269" lon="-122.132492"><ele>27.7</ele></trkpt><trkpt lat="37.995961" lon="-122.132434"><ele>28.1</ele></trkpt><trkpt lat="37.995816" lon="-122.132387"><ele>28.2</ele></trkpt><trkpt lat="37.995637" lon="-122.132310"><ele>28.4</ele></trkpt><trkpt lat="37.995537" lon="-122.132267"><ele>28.5</ele></trkpt><trkpt lat="37.995461" lon="-122.132234"><ele>28.5</ele></trkpt><trkpt lat="37.995391" lon="-122.132203"><ele>28.6</ele></trkpt><trkpt lat="37.995323" lon="-122.132164"><ele>28.6</ele></trkpt><trkpt lat="37.995109" lon="-122.132067"><ele>28.8</ele></trkpt><trkpt lat="37.994793" lon="-122.131924"><ele>29.2</ele></trkpt><trkpt lat="37.994504" lon="-122.131792"><ele>29.8</ele></trkpt><trkpt lat="37.994395" lon="-122.131742"><ele>30.0</ele></trkpt><trkpt lat="37.994083" lon="-122.131599"><ele>30.7</ele></trkpt><trkpt lat="37.994066" lon="-122.131591"><ele>30.7</ele></trkpt><trkpt lat="37.993775" lon="-122.131459"><ele>31.3</ele></trkpt><trkpt lat="37.993677" lon="-122.131414"><ele>31.4</ele></trkpt><trkpt lat="37.993502" lon="-122.131335"><ele>31.6</ele></trkpt><trkpt lat="37.993224" lon="-122.131207"><ele>31.9</ele></trkpt><trkpt lat="37.993086" lon="-122.131145"><ele>32.2</ele></trkpt><trkpt lat="37.992702" lon="-122.130969"><ele>32.9</ele></trkpt><trkpt lat="37.992528" lon="-122.130890"><ele>33.2</ele></trkpt><trkpt lat="37.992483" lon="-122.130869"><ele>33.3</ele></trkpt><trkpt lat="37.992360" lon="-122.130813"><ele>33.5</ele></trkpt><trkpt lat="37.992248" lon="-122.130762"><ele>33.7</ele></trkpt><trkpt lat="37.992144" lon="-122.130715"><ele>33.9</ele></trkpt><trkpt lat="37.992087" lon="-122.130689"><ele>34.0</ele></trkpt><trkpt lat="37.992009" lon="-122.130653"><ele>34.2</ele></trkpt><trkpt lat="37.991887" lon="-122.130597"><ele>34.5</ele></trkpt><trkpt lat="37.991776" lon="-122.130554"><ele>34.8</ele></trkpt><trkpt lat="37.991368" lon="-122.130411"><ele>35.7</ele></trkpt><trkpt lat="37.991194" lon="-122.130348"><ele>36.1</ele></trkpt><trkpt lat="37.991050" lon="-122.130292"><ele>36.5</ele></trkpt><trkpt lat="37.990971" lon="-122.130261"><ele>36.7</ele></trkpt><trkpt lat="37.990900" lon="-122.130232"><ele>36.9</ele></trkpt><trkpt lat="37.990076" lon="-122.129856"><ele>41.8</ele></trkpt><trkpt lat="37.989961" lon="-122.129803"><ele>42.0</ele></trkpt><trkpt lat="37.989903" lon="-122.129775"><ele>42.1</ele></trkpt><trkpt lat="37.989847" lon="-122.129743"><ele>42.2</ele></trkpt><trkpt lat="37.989539" lon="-122.129552"><ele>43.0</ele></trkpt><trkpt lat="37.989362" lon="-122.129391"><ele>44.0</ele></trkpt><trkpt lat="37.989260" lon="-122.129331"><ele>44.5</ele></trkpt><trkpt lat="37.989055" lon="-122.129231"><ele>45.5</ele></trkpt><trkpt lat="37.988898" lon="-122.129155"><ele>46.4</ele></trkpt><trkpt lat="37.988736" lon="-122.129075"><ele>47.2</ele></trkpt><trkpt lat="37.987767" lon="-122.128613"><ele>49.4</ele></trkpt><trkpt lat="37.987584" lon="-122.128524"><ele>49.8</ele></trkpt><trkpt lat="37.986972" lon="-122.128124"><ele>53.5</ele></trkpt><trkpt lat="37.986733" lon="-122.127968"><ele>53.4</ele></trkpt><trkpt lat="37.986030" lon="-122.127568"><ele>54.2</ele></trkpt><trkpt lat="37.984675" lon="-122.126755"><ele>55.5</ele></trkpt><trkpt lat="37.984509" lon="-122.126618"><ele>55.7</ele></trkpt><trkpt lat="37.984481" lon="-122.126595"><ele>55.7</ele></trkpt><trkpt lat="37.984225" lon="-122.126471"><ele>56.0</ele></trkpt><trkpt lat="37.983991" lon="-122.126255"><ele>56.9</ele></trkpt><trkpt lat="37.983958" lon="-122.126213"><ele>57.1</ele></trkpt><trkpt lat="37.983937" lon="-122.126185"><ele>57.2</ele></trkpt><trkpt lat="37.983806" lon="-122.126017"><ele>57.8</ele></trkpt><trkpt lat="37.983694" lon="-122.125833"><ele>57.7</ele></trkpt><trkpt lat="37.983635" lon="-122.125881"><ele>57.7</ele></trkpt><trkpt lat="37.983534" lon="-122.125913"><ele>57.5</ele></trkpt><trkpt lat="37.983399" lon="-122.125915"><ele>57.4</ele></trkpt><trkpt lat="37.983150" lon="-122.125795"><ele>59.0</ele></trkpt><trkpt lat="37.982792" lon="-122.125634"><ele>61.9</ele></trkpt><trkpt lat="37.982490" lon="-122.125492"><ele>62.1</ele></trkpt><trkpt lat="37.982378" lon="-122.125438"><ele>62.1</ele></trkpt><trkpt lat="37.982071" lon="-122.125289"><ele>63.8</ele></trkpt><trkpt lat="37.981682" lon="-122.125101"><ele>66.1</ele></trkpt><trkpt lat="37.981439" lon="-122.124995"><ele>67.1</ele></trkpt><trkpt lat="37.981006" lon="-122.124804"><ele>69.9</ele></trkpt><trkpt lat="37.980867" lon="-122.124784"><ele>70.9</ele></trkpt><trkpt lat="37.980458" lon="-122.124792"><ele>73.9</ele></trkpt><trkpt lat="37.980165" lon="-122.124832"><ele>76.1</ele></trkpt><trkpt lat="37.979989" lon="-122.124896"><ele>77.8</ele></trkpt><trkpt lat="37.979913" lon="-122.124946"><ele>78.6</ele></trkpt><trkpt lat="37.979776" lon="-122.125036"><ele>80.0</ele></trkpt><trkpt lat="37.979175" lon="-122.125691"><ele>82.3</ele></trkpt><trkpt lat="37.979092" lon="-122.125761"><ele>82.3</ele></trkpt><trkpt lat="37.978710" lon="-122.126037"><ele>81.1</ele></trkpt><trkpt lat="37.978249" lon="-122.126250"><ele>78.1</ele></trkpt><trkpt lat="37.978081" lon="-122.126302"><ele>77.2</ele></trkpt><trkpt lat="37.977860" lon="-122.126266"><ele>75.9</ele></trkpt><trkpt lat="37.977658" lon="-122.126245"><ele>75.3</ele></trkpt><trkpt lat="37.977478" lon="-122.126280"><ele>74.8</ele></trkpt><trkpt lat="37.977247" lon="-122.126352"><ele>74.6</ele></trkpt><trkpt lat="37.976990" lon="-122.126433"><ele>75.3</ele></trkpt><trkpt lat="37.976812" lon="-122.126453"><ele>75.8</ele></trkpt><trkpt lat="37.976577" lon="-122.126442"><ele>77.4</ele></trkpt><trkpt lat="37.976371" lon="-122.126450"><ele>78.9</ele></trkpt><trkpt lat="37.976182" lon="-122.126487"><ele>80.0</ele></trkpt><trkpt lat="37.975941" lon="-122.126568"><ele>80.8</ele></trkpt><trkpt lat="37.975358" lon="-122.127077"><ele>82.7</ele></trkpt><trkpt lat="37.975234" lon="-122.127151"><ele>83.1</ele></trkpt><trkpt lat="37.975050" lon="-122.127209"><ele>83.6</ele></trkpt><trkpt lat="37.974544" lon="-122.127283"><ele>83.8</ele></trkpt><trkpt lat="37.974346" lon="-122.127313"><ele>83.2</ele></trkpt><trkpt lat="37.974130" lon="-122.127346"><ele>82.1</ele></trkpt><trkpt lat="37.973877" lon="-122.127430"><ele>80.2</ele></trkpt><trkpt lat="37.973804" lon="-122.127448"><ele>79.7</ele></trkpt><trkpt lat="37.973741" lon="-122.127452"><ele>79.3</ele></trkpt><trkpt lat="37.973649" lon="-122.127442"><ele>78.7</ele></trkpt><trkpt lat="37.973589" lon="-122.127412"><ele>78.3</ele></trkpt><trkpt lat="37.973504" lon="-122.127285"><ele>77.6</ele></trkpt><trkpt lat="37.973243" lon="-122.126859"><ele>75.2</ele></trkpt><trkpt lat="37.973099" lon="-122.126624"><ele>74.0</ele></trkpt><trkpt lat="37.972962" lon="-122.126404"><ele>73.0</ele></trkpt><trkpt lat="37.972902" lon="-122.126314"><ele>72.7</ele></trkpt><trkpt lat="37.972801" lon="-122.126212"><ele>72.2</ele></trkpt><trkpt lat="37.972694" lon="-122.126160"><ele>71.8</ele></trkpt><trkpt lat="37.972525" lon="-122.126162"><ele>71.3</ele></trkpt><trkpt lat="37.972350" lon="-122.126168"><ele>70.7</ele></trkpt><trkpt lat="37.972219" lon="-122.126171"><ele>70.2</ele></trkpt><trkpt lat="37.971690" lon="-122.126179"><ele>70.2</ele></trkpt><trkpt lat="37.969930" lon="-122.126184"><ele>73.6</ele></trkpt><trkpt lat="37.969637" lon="-122.126194"><ele>74.1</ele></trkpt><trkpt lat="37.969160" lon="-122.126211"><ele>74.7</ele></trkpt><trkpt lat="37.969043" lon="-122.126215"><ele>74.7</ele></trkpt><trkpt lat="37.969001" lon="-122.126215"><ele>74.7</ele></trkpt><trkpt lat="37.968065" lon="-122.126223"><ele>75.4</ele></trkpt><trkpt lat="37.967249" lon="-122.126213"><ele>76.8</ele></trkpt><trkpt lat="37.966771" lon="-122.126218"><ele>77.5</ele></trkpt><trkpt lat="37.966719" lon="-122.126387"><ele>77.7</ele></trkpt><trkpt lat="37.966583" lon="-122.126826"><ele>78.1</ele></trkpt><trkpt lat="37.966268" lon="-122.127848"><ele>79.5</ele></trkpt><trkpt lat="37.966214" lon="-122.128129"><ele>80.0</ele></trkpt><trkpt lat="37.966027" lon="-122.128137"><ele>80.4</ele></trkpt><trkpt lat="37.965921" lon="-122.128170"><ele>80.6</ele></trkpt><trkpt lat="37.965759" lon="-122.128274"><ele>80.8</ele></trkpt><trkpt lat="37.965609" lon="-122.128402"><ele>81.0</ele></trkpt><trkpt lat="37.965202" lon="-122.128701"><ele>83.2</ele></trkpt><trkpt lat="37.965084" lon="-122.128807"><ele>84.0</ele></trkpt><trkpt lat="37.964895" lon="-122.129021"><ele>85.6</ele></trkpt><trkpt lat="37.964685" lon="-122.129199"><ele>87.1</ele></trkpt><trkpt lat="37.964514" lon="-122.129276"><ele>87.8</ele></trkpt><trkpt lat="37.964404" lon="-122.129300"><ele>88.1</ele></trkpt><trkpt lat="37.964265" lon="-122.129330"><ele>88.5</ele></trkpt><trkpt lat="37.963976" lon="-122.129311"><ele>89.2</ele></trkpt><trkpt lat="37.963870" lon="-122.129336"><ele>89.4</ele></trkpt><trkpt lat="37.963806" lon="-122.129376"><ele>89.5</ele></trkpt><trkpt lat="37.963742" lon="-122.129484"><ele>89.7</ele></trkpt><trkpt lat="37.963733" lon="-122.129574"><ele>89.8</ele></trkpt><trkpt lat="37.963767" lon="-122.129705"><ele>90.4</ele></trkpt><trkpt lat="37.963902" lon="-122.130029"><ele>93.3</ele></trkpt><trkpt lat="37.963930" lon="-122.130208"><ele>94.8</ele></trkpt><trkpt lat="37.963913" lon="-122.130343"><ele>95.5</ele></trkpt><trkpt lat="37.963812" lon="-122.130587"><ele>96.0</ele></trkpt><trkpt lat="37.963571" lon="-122.130987"><ele>97.7</ele></trkpt><trkpt lat="37.963309" lon="-122.131305"><ele>101.0</ele></trkpt><trkpt lat="37.963190" lon="-122.131408"><ele>102.4</ele></trkpt><trkpt lat="37.962857" lon="-122.131759"><ele>107.1</ele></trkpt><trkpt lat="37.962352" lon="-122.132189"><ele>115.2</ele></trkpt><trkpt lat="37.962282" lon="-122.132176"><ele>115.5</ele></trkpt><trkpt lat="37.962059" lon="-122.132023"><ele>116.8</ele></trkpt><trkpt lat="37.961893" lon="-122.131932"><ele>117.9</ele></trkpt><trkpt lat="37.961753" lon="-122.131887"><ele>120.0</ele></trkpt><trkpt lat="37.961681" lon="-122.131891"><ele>121.1</ele></trkpt><trkpt lat="37.961487" lon="-122.132016"><ele>124.4</ele></trkpt><trkpt lat="37.961417" lon="-122.132038"><ele>125.4</ele></trkpt><trkpt lat="37.961309" lon="-122.132037"><ele>126.5</ele></trkpt><trkpt lat="37.961209" lon="-122.131983"><ele>127.4</ele></trkpt><trkpt lat="37.961030" lon="-122.131828"><ele>129.1</ele></trkpt><trkpt lat="37.960928" lon="-122.131783"><ele>129.9</ele></trkpt><trkpt lat="37.960828" lon="-122.131827"><ele>131.2</ele></trkpt><trkpt lat="37.960761" lon="-122.131863"><ele>132.2</ele></trkpt><trkpt lat="37.960527" lon="-122.132080"><ele>136.2</ele></trkpt><trkpt lat="37.960335" lon="-122.132414"><ele>140.4</ele></trkpt><trkpt lat="37.960256" lon="-122.132508"><ele>141.8</ele></trkpt><trkpt lat="37.960092" lon="-122.132591"><ele>144.0</ele></trkpt><trkpt lat="37.959852" lon="-122.132712"><ele>147.4</ele></trkpt><trkpt lat="37.959508" lon="-122.132885"><ele>151.8</ele></trkpt><trkpt lat="37.959316" lon="-122.132982"><ele>153.3</ele></trkpt><trkpt lat="37.958898" lon="-122.133162"><ele>156.8</ele></trkpt><trkpt lat="37.958842" lon="-122.133166"><ele>157.4</ele></trkpt><trkpt lat="37.958555" lon="-122.133172"><ele>160.3</ele></trkpt><trkpt lat="37.958484" lon="-122.133188"><ele>161.0</ele></trkpt><trkpt lat="37.958381" lon="-122.133233"><ele>162.1</ele></trkpt><trkpt lat="37.958298" lon="-122.133323"><ele>163.2</ele></trkpt><trkpt lat="37.958267" lon="-122.133407"><ele>163.9</ele></trkpt><trkpt lat="37.958265" lon="-122.133498"><ele>164.6</ele></trkpt><trkpt lat="37.958340" lon="-122.133699"><ele>166.4</ele></trkpt><trkpt lat="37.958420" lon="-122.133914"><ele>168.1</ele></trkpt><trkpt lat="37.958448" lon="-122.134095"><ele>169.4</ele></trkpt><trkpt lat="37.958431" lon="-122.134231"><ele>170.4</ele></trkpt><trkpt lat="37.958367" lon="-122.134341"><ele>171.6</ele></trkpt><trkpt lat="37.958300" lon="-122.134373"><ele>172.6</ele></trkpt><trkpt lat="37.958050" lon="-122.134328"><ele>176.2</ele></trkpt><trkpt lat="37.957977" lon="-122.134328"><ele>177.2</ele></trkpt><trkpt lat="37.957907" lon="-122.134352"><ele>178.2</ele></trkpt><trkpt lat="37.957826" lon="-122.134445"><ele>180.4</ele></trkpt><trkpt lat="37.957765" lon="-122.134560"><ele>182.7</ele></trkpt><trkpt lat="37.957719" lon="-122.134685"><ele>185.1</ele></trkpt><trkpt lat="37.957698" lon="-122.134821"><ele>187.4</ele></trkpt><trkpt lat="37.957701" lon="-122.135052"><ele>191.2</ele></trkpt><trkpt lat="37.957792" lon="-122.135546"><ele>198.3</ele></trkpt><trkpt lat="37.958043" lon="-122.136213"><ele>205.5</ele></trkpt><trkpt lat="37.958219" lon="-122.136564"><ele>209.2</ele></trkpt><trkpt lat="37.958741" lon="-122.137206"><ele>215.8</ele></trkpt><trkpt lat="37.958802" lon="-122.137320"><ele>216.5</ele></trkpt><trkpt lat="37.958814" lon="-122.137411"><ele>216.8</ele></trkpt><trkpt lat="37.958775" lon="-122.137537"><ele>217.1</ele></trkpt><trkpt lat="37.958667" lon="-122.137660"><ele>217.6</ele></trkpt><trkpt lat="37.958528" lon="-122.137763"><ele>218.2</ele></trkpt><trkpt lat="37.958387" lon="-122.137811"><ele>219.0</ele></trkpt><trkpt lat="37.958313" lon="-122.137814"><ele>219.5</ele></trkpt><trkpt lat="37.958238" lon="-122.137811"><ele>219.9</ele></trkpt><trkpt lat="37.958133" lon="-122.137763"><ele>220.6</ele></trkpt><trkpt lat="37.958077" lon="-122.137702"><ele>221.1</ele></trkpt><trkpt lat="37.958044" lon="-122.137617"><ele>221.6</ele></trkpt><trkpt lat="37.957974" lon="-122.137200"><ele>223.6</ele></trkpt><trkpt lat="37.957912" lon="-122.137030"><ele>224.5</ele></trkpt><trkpt lat="37.957813" lon="-122.136970"><ele>225.4</ele></trkpt><trkpt lat="37.957635" lon="-122.137023"><ele>227.3</ele></trkpt><trkpt lat="37.957446" lon="-122.137171"><ele>229.7</ele></trkpt><trkpt lat="37.957273" lon="-122.137256"><ele>231.4</ele></trkpt><trkpt lat="37.957161" lon="-122.137255"><ele>232.1</ele></trkpt><trkpt lat="37.957110" lon="-122.137194"><ele>232.6</ele></trkpt><trkpt lat="37.957102" lon="-122.137148"><ele>232.8</ele></trkpt><trkpt lat="37.957116" lon="-122.137056"><ele>233.4</ele></trkpt><trkpt lat="37.957282" lon="-122.136743"><ele>236.0</ele></trkpt><trkpt lat="37.957347" lon="-122.136554"><ele>237.9</ele></trkpt><trkpt lat="37.957350" lon="-122.136503"><ele>238.3</ele></trkpt><trkpt lat="37.957336" lon="-122.136401"><ele>239.3</ele></trkpt><trkpt lat="37.957254" lon="-122.136225"><ele>241.1</ele></trkpt><trkpt lat="37.956990" lon="-122.135946"><ele>244.7</ele></trkpt><trkpt lat="37.956740" lon="-122.135582"><ele>249.4</ele></trkpt><trkpt lat="37.956572" lon="-122.135386"><ele>252.5</ele></trkpt><trkpt lat="37.956333" lon="-122.135268"><ele>255.1</ele></trkpt><trkpt lat="37.956018" lon="-122.135150"><ele>257.9</ele></trkpt><trkpt lat="37.955586" lon="-122.134900"><ele>263.0</ele></trkpt><trkpt lat="37.955496" lon="-122.134875"><ele>264.0</ele></trkpt><trkpt lat="37.955408" lon="-122.134850"><ele>264.3</ele></trkpt><trkpt lat="37.955335" lon="-122.134848"><ele>264.4</ele></trkpt><trkpt lat="37.955119" lon="-122.134892"><ele>264.7</ele></trkpt><trkpt lat="37.954776" lon="-122.135049"><ele>265.5</ele></trkpt><trkpt lat="37.954415" lon="-122.135276"><ele>266.9</ele></trkpt><trkpt lat="37.954312" lon="-122.135329"><ele>267.4</ele></trkpt><trkpt lat="37.954259" lon="-122.135349"><ele>267.6</ele></trkpt><trkpt lat="37.954215" lon="-122.135355"><ele>267.7</ele></trkpt><trkpt lat="37.954180" lon="-122.135340"><ele>267.9</ele></trkpt><trkpt lat="37.954150" lon="-122.135325"><ele>268.0</ele></trkpt><trkpt lat="37.954065" lon="-122.135242"><ele>268.4</ele></trkpt><trkpt lat="37.953993" lon="-122.135241"><ele>268.7</ele></trkpt><trkpt lat="37.953934" lon="-122.135209"><ele>268.7</ele></trkpt><trkpt lat="37.953868" lon="-122.135159"><ele>268.4</ele></trkpt><trkpt lat="37.953846" lon="-122.135110"><ele>268.2</ele></trkpt><trkpt lat="37.953846" lon="-122.135063"><ele>268.1</ele></trkpt><trkpt lat="37.953724" lon="-122.135026"><ele>267.6</ele></trkpt><trkpt lat="37.953611" lon="-122.134972"><ele>267.1</ele></trkpt><trkpt lat="37.953437" lon="-122.134839"><ele>267.3</ele></trkpt><trkpt lat="37.953325" lon="-122.134753"><ele>268.1</ele></trkpt><trkpt lat="37.953239" lon="-122.134729"><ele>268.7</ele></trkpt><trkpt lat="37.953139" lon="-122.134761"><ele>269.3</ele></trkpt><trkpt lat="37.953072" lon="-122.134818"><ele>269.8</ele></trkpt><trkpt lat="37.953017" lon="-122.134818"><ele>270.3</ele></trkpt><trkpt lat="37.952966" lon="-122.134782"><ele>271.2</ele></trkpt><trkpt lat="37.952889" lon="-122.134806"><ele>272.5</ele></trkpt><trkpt lat="37.952684" lon="-122.134944"><ele>276.4</ele></trkpt><trkpt lat="37.952559" lon="-122.135009"><ele>278.6</ele></trkpt><trkpt lat="37.952421" lon="-122.135111"><ele>281.5</ele></trkpt><trkpt lat="37.952322" lon="-122.135225"><ele>284.0</ele></trkpt><trkpt lat="37.952255" lon="-122.135306"><ele>285.8</ele></trkpt><trkpt lat="37.952120" lon="-122.135359"><ele>288.4</ele></trkpt><trkpt lat="37.951969" lon="-122.135440"><ele>289.2</ele></trkpt><trkpt lat="37.951857" lon="-122.135465"><ele>289.4</ele></trkpt><trkpt lat="37.951780" lon="-122.135428"><ele>289.5</ele></trkpt><trkpt lat="37.951713" lon="-122.135355"><ele>289.6</ele></trkpt><trkpt lat="37.951661" lon="-122.135229"><ele>289.8</ele></trkpt><trkpt lat="37.951613" lon="-122.135079"><ele>291.0</ele></trkpt><trkpt lat="37.951560" lon="-122.134898"><ele>292.5</ele></trkpt><trkpt lat="37.951541" lon="-122.134874"><ele>292.8</ele></trkpt><trkpt lat="37.951581" lon="-122.134734"><ele>294.0</ele></trkpt><trkpt lat="37.951653" lon="-122.134364"><ele>294.9</ele></trkpt><trkpt lat="37.951691" lon="-122.134248"><ele>294.6</ele></trkpt><trkpt lat="37.951744" lon="-122.134138"><ele>294.3</ele></trkpt><trkpt lat="37.951764" lon="-122.134099"><ele>294.2</ele></trkpt><trkpt lat="37.951834" lon="-122.134023"><ele>293.9</ele></trkpt><trkpt lat="37.951908" lon="-122.133937"><ele>293.1</ele></trkpt><trkpt lat="37.952076" lon="-122.133695"><ele>290.3</ele></trkpt><trkpt lat="37.952201" lon="-122.133525"><ele>288.3</ele></trkpt><trkpt lat="37.952352" lon="-122.133326"><ele>285.3</ele></trkpt><trkpt lat="37.952358" lon="-122.133288"><ele>284.8</ele></trkpt><trkpt lat="37.952348" lon="-122.133256"><ele>284.4</ele></trkpt><trkpt lat="37.952317" lon="-122.133242"><ele>283.9</ele></trkpt><trkpt lat="37.952235" lon="-122.133271"><ele>282.7</ele></trkpt><trkpt lat="37.952139" lon="-122.133278"><ele>281.3</ele></trkpt><trkpt lat="37.952037" lon="-122.133255"><ele>279.8</ele></trkpt><trkpt lat="37.951937" lon="-122.133190"><ele>278.8</ele></trkpt><trkpt lat="37.951794" lon="-122.133067"><ele>277.3</ele></trkpt><trkpt lat="37.951714" lon="-122.132947"><ele>276.3</ele></trkpt><trkpt lat="37.951686" lon="-122.132878"><ele>275.8</ele></trkpt><trkpt lat="37.951697" lon="-122.132836"><ele>275.5</ele></trkpt><trkpt lat="37.951737" lon="-122.132822"><ele>275.0</ele></trkpt><trkpt lat="37.951862" lon="-122.132843"><ele>273.2</ele></trkpt><trkpt lat="37.952057" lon="-122.132915"><ele>270.2</ele></trkpt><trkpt lat="37.952121" lon="-122.132906"><ele>269.2</ele></trkpt><trkpt lat="37.952184" lon="-122.132872"><ele>268.2</ele></trkpt><trkpt lat="37.952229" lon="-122.132824"><ele>267.4</ele></trkpt><trkpt lat="37.952234" lon="-122.132784"><ele>267.0</ele></trkpt><trkpt lat="37.952225" lon="-122.132746"><ele>266.6</ele></trkpt><trkpt lat="37.952192" lon="-122.132703"><ele>266.0</ele></trkpt><trkpt lat="37.952045" lon="-122.132556"><ele>263.7</ele></trkpt><trkpt lat="37.951966" lon="-122.132369"><ele>261.7</ele></trkpt><trkpt lat="37.951963" lon="-122.132220"><ele>260.2</ele></trkpt><trkpt lat="37.951866" lon="-122.131937"><ele>257.2</ele></trkpt><trkpt lat="37.951752" lon="-122.131598"><ele>253.4</ele></trkpt><trkpt lat="37.951684" lon="-122.131285"><ele>248.7</ele></trkpt><trkpt lat="37.951650" lon="-122.131269"><ele>248.1</ele></trkpt><trkpt lat="37.951594" lon="-122.131303"><ele>247.0</ele></trkpt><trkpt lat="37.951454" lon="-122.131425"><ele>244.0</ele></trkpt><trkpt lat="37.951388" lon="-122.131432"><ele>243.3</ele></trkpt><trkpt lat="37.951328" lon="-122.131404"><ele>242.6</ele></trkpt><trkpt lat="37.951151" lon="-122.131309"><ele>240.6</ele></trkpt><trkpt lat="37.951058" lon="-122.131279"><ele>239.6</ele></trkpt><trkpt lat="37.951008" lon="-122.131292"><ele>239.1</ele></trkpt><trkpt lat="37.950974" lon="-122.131286"><ele>238.7</ele></trkpt><trkpt lat="37.950940" lon="-122.131297"><ele>238.3</ele></trkpt><trkpt lat="37.950897" lon="-122.131319"><ele>238.0</ele></trkpt><trkpt lat="37.950787" lon="-122.131446"><ele>237.0</ele></trkpt><trkpt lat="37.950686" lon="-122.131623"><ele>235.8</ele></trkpt><trkpt lat="37.950668" lon="-122.131642"><ele>235.7</ele></trkpt><trkpt lat="37.950607" lon="-122.131609"><ele>235.2</ele></trkpt><trkpt lat="37.950512" lon="-122.131613"><ele>234.5</ele></trkpt><trkpt lat="37.950495" lon="-122.131642"><ele>234.1</ele></trkpt><trkpt lat="37.950504" lon="-122.131696"><ele>233.4</ele></trkpt><trkpt lat="37.950541" lon="-122.131793"><ele>232.2</ele></trkpt><trkpt lat="37.950583" lon="-122.131913"><ele>230.8</ele></trkpt><trkpt lat="37.950626" lon="-122.132004"><ele>229.6</ele></trkpt><trkpt lat="37.950573" lon="-122.132017"><ele>228.8</ele></trkpt><trkpt lat="37.950526" lon="-122.132007"><ele>228.1</ele></trkpt><trkpt lat="37.950423" lon="-122.131935"><ele>226.8</ele></trkpt><trkpt lat="37.950304" lon="-122.131956"><ele>226.0</ele></trkpt><trkpt lat="37.950148" lon="-122.131932"><ele>224.9</ele></trkpt><trkpt lat="37.949988" lon="-122.131731"><ele>223.4</ele></trkpt><trkpt lat="37.949895" lon="-122.131607"><ele>224.0</ele></trkpt><trkpt lat="37.949786" lon="-122.131513"><ele>224.5</ele></trkpt><trkpt lat="37.949706" lon="-122.131359"><ele>225.0</ele></trkpt><trkpt lat="37.949646" lon="-122.131533"><ele>225.7</ele></trkpt><trkpt lat="37.949594" lon="-122.131729"><ele>227.1</ele></trkpt><trkpt lat="37.949609" lon="-122.131881"><ele>228.1</ele></trkpt><trkpt lat="37.949685" lon="-122.131995"><ele>229.1</ele></trkpt><trkpt lat="37.949639" lon="-122.132142"><ele>230.3</ele></trkpt><trkpt lat="37.949541" lon="-122.132211"><ele>232.2</ele></trkpt><trkpt lat="37.949488" lon="-122.132202"><ele>233.1</ele></trkpt><trkpt lat="37.949401" lon="-122.132187"><ele>234.6</ele></trkpt><trkpt lat="37.949298" lon="-122.132196"><ele>236.3</ele></trkpt><trkpt lat="37.949165" lon="-122.132196"><ele>238.6</ele></trkpt><trkpt lat="37.949077" lon="-122.132173"><ele>240.5</ele></trkpt><trkpt lat="37.949022" lon="-122.132219"><ele>242.0</ele></trkpt><trkpt lat="37.948992" lon="-122.132313"><ele>243.9</ele></trkpt><trkpt lat="37.948974" lon="-122.132453"><ele>246.6</ele></trkpt><trkpt lat="37.948985" lon="-122.132658"><ele>250.5</ele></trkpt><trkpt lat="37.948981" lon="-122.132873"><ele>254.6</ele></trkpt><trkpt lat="37.948941" lon="-122.133009"><ele>257.4</ele></trkpt><trkpt lat="37.948863" lon="-122.133135"><ele>260.5</ele></trkpt><trkpt lat="37.948813" lon="-122.133227"><ele>262.6</ele></trkpt><trkpt lat="37.948797" lon="-122.133256"><ele>263.3</ele></trkpt><trkpt lat="37.948790" lon="-122.133378"><ele>265.6</ele></trkpt><trkpt lat="37.948849" lon="-122.133513"><ele>268.3</ele></trkpt><trkpt lat="37.948904" lon="-122.133602"><ele>270.2</ele></trkpt><trkpt lat="37.948952" lon="-122.133705"><ele>272.2</ele></trkpt><trkpt lat="37.948948" lon="-122.133793"><ele>273.7</ele></trkpt><trkpt lat="37.948904" lon="-122.133831"><ele>274.9</ele></trkpt><trkpt lat="37.948834" lon="-122.133910"><ele>276.9</ele></trkpt><trkpt lat="37.948764" lon="-122.133919"><ele>277.8</ele></trkpt><trkpt lat="37.948698" lon="-122.133961"><ele>278.7</ele></trkpt><trkpt lat="37.948650" lon="-122.134045"><ele>279.7</ele></trkpt><trkpt lat="37.948609" lon="-122.134130"><ele>280.6</ele></trkpt><trkpt lat="37.948547" lon="-122.134130"><ele>281.3</ele></trkpt><trkpt lat="37.948477" lon="-122.134116"><ele>282.2</ele></trkpt><trkpt lat="37.948407" lon="-122.134181"><ele>283.2</ele></trkpt><trkpt lat="37.948320" lon="-122.134290"><ele>285.1</ele></trkpt><trkpt lat="37.948263" lon="-122.134391"><ele>286.7</ele></trkpt><trkpt lat="37.948219" lon="-122.134484"><ele>288.0</ele></trkpt><trkpt lat="37.948167" lon="-122.134554"><ele>289.3</ele></trkpt><trkpt lat="37.948116" lon="-122.134540"><ele>290.1</ele></trkpt><trkpt lat="37.948079" lon="-122.134489"><ele>291.0</ele></trkpt><trkpt lat="37.948039" lon="-122.134405"><ele>292.2</ele></trkpt><trkpt lat="37.947980" lon="-122.134358"><ele>293.4</ele></trkpt><trkpt lat="37.947932" lon="-122.134302"><ele>294.5</ele></trkpt><trkpt lat="37.947869" lon="-122.134204"><ele>296.2</ele></trkpt><trkpt lat="37.947814" lon="-122.134050"><ele>298.5</ele></trkpt><trkpt lat="37.947782" lon="-122.134013"><ele>299.2</ele></trkpt><trkpt lat="37.947755" lon="-122.133980"><ele>299.8</ele></trkpt><trkpt lat="37.947674" lon="-122.133994"><ele>301.2</ele></trkpt><trkpt lat="37.947589" lon="-122.134050"><ele>302.2</ele></trkpt><trkpt lat="37.947527" lon="-122.134045"><ele>302.8</ele></trkpt><trkpt lat="37.947427" lon="-122.134027"><ele>303.7</ele></trkpt><trkpt lat="37.947368" lon="-122.133999"><ele>304.3</ele></trkpt><trkpt lat="37.947335" lon="-122.133961"><ele>304.7</ele></trkpt><trkpt lat="37.947350" lon="-122.133877"><ele>305.3</ele></trkpt><trkpt lat="37.947343" lon="-122.133779"><ele>306.0</ele></trkpt><trkpt lat="37.947291" lon="-122.133691"><ele>307.1</ele></trkpt><trkpt lat="37.947225" lon="-122.133667"><ele>308.1</ele></trkpt><trkpt lat="37.947166" lon="-122.133639"><ele>309.1</ele></trkpt><trkpt lat="37.947144" lon="-122.133527"><ele>310.5</ele></trkpt><trkpt lat="37.947137" lon="-122.133453"><ele>311.4</ele></trkpt><trkpt lat="37.947158" lon="-122.133364"><ele>312.6</ele></trkpt><trkpt lat="37.947154" lon="-122.133234"><ele>314.2</ele></trkpt><trkpt lat="37.947081" lon="-122.133229"><ele>315.4</ele></trkpt><trkpt lat="37.947021" lon="-122.133333"><ele>317.3</ele></trkpt><trkpt lat="37.946955" lon="-122.133449"><ele>319.4</ele></trkpt><trkpt lat="37.946919" lon="-122.133606"><ele>321.8</ele></trkpt><trkpt lat="37.946871" lon="-122.133588"><ele>322.8</ele></trkpt><trkpt lat="37.946856" lon="-122.133518"><ele>323.9</ele></trkpt><trkpt lat="37.946827" lon="-122.133378"><ele>325.4</ele></trkpt><trkpt lat="37.946790" lon="-122.133205"><ele>326.7</ele></trkpt><trkpt lat="37.946757" lon="-122.133107"><ele>327.5</ele></trkpt><trkpt lat="37.946691" lon="-122.133023"><ele>328.3</ele></trkpt><trkpt lat="37.946624" lon="-122.132948"><ele>329.2</ele></trkpt><trkpt lat="37.946554" lon="-122.132948"><ele>329.8</ele></trkpt><trkpt lat="37.946488" lon="-122.133009"><ele>330.4</ele></trkpt><trkpt lat="37.946424" lon="-122.133074"><ele>331.0</ele></trkpt><trkpt lat="37.946377" lon="-122.133060"><ele>331.4</ele></trkpt><trkpt lat="37.946356" lon="-122.133009"><ele>331.7</ele></trkpt><trkpt lat="37.946289" lon="-122.132925"><ele>332.4</ele></trkpt><trkpt lat="37.946212" lon="-122.132808"><ele>333.3</ele></trkpt><trkpt lat="37.946135" lon="-122.132765"><ele>333.9</ele></trkpt><trkpt lat="37.946031" lon="-122.132873"><ele>334.8</ele></trkpt><trkpt lat="37.945893" lon="-122.133086"><ele>336.2</ele></trkpt><trkpt lat="37.945833" lon="-122.133253"><ele>337.2</ele></trkpt><trkpt lat="37.945823" lon="-122.133388"><ele>337.4</ele></trkpt><trkpt lat="37.945908" lon="-122.133642"><ele>337.2</ele></trkpt><trkpt lat="37.946100" lon="-122.134032"><ele>337.1</ele></trkpt><trkpt lat="37.946145" lon="-122.134223"><ele>337.1</ele></trkpt><trkpt lat="37.945967" lon="-122.134561"><ele>337.2</ele></trkpt><trkpt lat="37.945840" lon="-122.134707"><ele>337.4</ele></trkpt><trkpt lat="37.945700" lon="-122.134804"><ele>337.5</ele></trkpt><trkpt lat="37.945549" lon="-122.134849"><ele>337.7</ele></trkpt><trkpt lat="37.945310" lon="-122.134869"><ele>338.0</ele></trkpt><trkpt lat="37.945067" lon="-122.134943"><ele>338.3</ele></trkpt><trkpt lat="37.944656" lon="-122.135148"><ele>339.0</ele></trkpt><trkpt lat="37.944246" lon="-122.135325"><ele>340.2</ele></trkpt><trkpt lat="37.944015" lon="-122.135435"><ele>341.0</ele></trkpt><trkpt lat="37.943799" lon="-122.135559"><ele>342.1</ele></trkpt><trkpt lat="37.942785" lon="-122.136769"><ele>349.2</ele></trkpt><trkpt lat="37.942630" lon="-122.137037"><ele>353.2</ele></trkpt><trkpt lat="37.942587" lon="-122.137159"><ele>354.8</ele></trkpt><trkpt lat="37.942560" lon="-122.137343"><ele>357.1</ele></trkpt><trkpt lat="37.942575" lon="-122.137523"><ele>358.8</ele></trkpt><trkpt lat="37.942666" lon="-122.137713"><ele>360.9</ele></trkpt><trkpt lat="37.942723" lon="-122.137874"><ele>362.5</ele></trkpt><trkpt lat="37.942758" lon="-122.137979"><ele>363.6</ele></trkpt><trkpt lat="37.942740" lon="-122.138009"><ele>363.9</ele></trkpt><trkpt lat="37.942722" lon="-122.138061"><ele>364.4</ele></trkpt><trkpt lat="37.942709" lon="-122.138113"><ele>364.9</ele></trkpt><trkpt lat="37.942704" lon="-122.138157"><ele>365.2</ele></trkpt><trkpt lat="37.942702" lon="-122.138192"><ele>365.5</ele></trkpt><trkpt lat="37.942710" lon="-122.138238"><ele>365.9</ele></trkpt><trkpt lat="37.942714" lon="-122.138265"><ele>366.2</ele></trkpt><trkpt lat="37.942731" lon="-122.138326"><ele>366.7</ele></trkpt><trkpt lat="37.942759" lon="-122.138423"><ele>367.6</ele></trkpt><trkpt lat="37.942783" lon="-122.138481"><ele>368.2</ele></trkpt><trkpt lat="37.942821" lon="-122.138552"><ele>368.9</ele></trkpt><trkpt lat="37.942870" lon="-122.138607"><ele>369.6</ele></trkpt><trkpt lat="37.942913" lon="-122.138662"><ele>370.2</ele></trkpt><trkpt lat="37.942961" lon="-122.138748"><ele>371.0</ele></trkpt><trkpt lat="37.943031" lon="-122.138838"><ele>372.0</ele></trkpt><trkpt lat="37.943078" lon="-122.138926"><ele>372.8</ele></trkpt><trkpt lat="37.943132" lon="-122.139082"><ele>374.1</ele></trkpt><trkpt lat="37.943140" lon="-122.139135"><ele>374.5</ele></trkpt><trkpt lat="37.943180" lon="-122.139315"><ele>375.4</ele></trkpt><trkpt lat="37.943192" lon="-122.139352"><ele>375.6</ele></trkpt><trkpt lat="37.943231" lon="-122.139396"><ele>375.8</ele></trkpt><trkpt lat="37.943268" lon="-122.139457"><ele>376.1</ele></trkpt><trkpt lat="37.943316" lon="-122.139572"><ele>376.7</ele></trkpt><trkpt lat="37.943323" lon="-122.139614"><ele>376.8</ele></trkpt><trkpt lat="37.943324" lon="-122.139644"><ele>376.9</ele></trkpt><trkpt lat="37.943298" lon="-122.139938"><ele>377.6</ele></trkpt><trkpt lat="37.943282" lon="-122.140009"><ele>377.6</ele></trkpt><trkpt lat="37.943267" lon="-122.140110"><ele>377.5</ele></trkpt><trkpt lat="37.943246" lon="-122.140203"><ele>377.5</ele></trkpt><trkpt lat="37.943207" lon="-122.140307"><ele>377.4</ele></trkpt><trkpt lat="37.943177" lon="-122.140484"><ele>377.3</ele></trkpt><trkpt lat="37.943163" lon="-122.140537"><ele>377.3</ele></trkpt><trkpt lat="37.943155" lon="-122.140600"><ele>377.3</ele></trkpt><trkpt lat="37.943136" lon="-122.140681"><ele>377.2</ele></trkpt><trkpt lat="37.943120" lon="-122.140731"><ele>377.2</ele></trkpt><trkpt lat="37.943109" lon="-122.140806"><ele>377.2</ele></trkpt><trkpt lat="37.943080" lon="-122.140923"><ele>377.1</ele></trkpt><trkpt lat="37.943045" lon="-122.141088"><ele>377.1</ele></trkpt><trkpt lat="37.943031" lon="-122.141181"><ele>377.2</ele></trkpt><trkpt lat="37.943004" lon="-122.141279"><ele>377.7</ele></trkpt><trkpt lat="37.942995" lon="-122.141361"><ele>378.0</ele></trkpt><trkpt lat="37.942952" lon="-122.141513"><ele>378.7</ele></trkpt><trkpt lat="37.942943" lon="-122.141572"><ele>378.9</ele></trkpt><trkpt lat="37.942922" lon="-122.141650"><ele>379.2</ele></trkpt><trkpt lat="37.942904" lon="-122.141755"><ele>379.7</ele></trkpt><trkpt lat="37.942869" lon="-122.141899"><ele>381.3</ele></trkpt><trkpt lat="37.942852" lon="-122.142023"><ele>382.8</ele></trkpt><trkpt lat="37.942829" lon="-122.142102"><ele>383.8</ele></trkpt><trkpt lat="37.942747" lon="-122.142563"><ele>389.7</ele></trkpt><trkpt lat="37.942717" lon="-122.142666"><ele>391.1</ele></trkpt><trkpt lat="37.942653" lon="-122.142906"><ele>394.4</ele></trkpt><trkpt lat="37.942597" lon="-122.143194"><ele>398.4</ele></trkpt><trkpt lat="37.942593" lon="-122.143243"><ele>399.0</ele></trkpt><trkpt lat="37.942620" lon="-122.143303"><ele>399.9</ele></trkpt><trkpt lat="37.942670" lon="-122.143380"><ele>401.3</ele></trkpt><trkpt lat="37.942996" lon="-122.143767"><ele>408.2</ele></trkpt><trkpt lat="37.943286" lon="-122.144183"><ele>413.6</ele></trkpt><trkpt lat="37.943522" lon="-122.144459"><ele>416.4</ele></trkpt><trkpt lat="37.944298" lon="-122.145261"><ele>416.4</ele></trkpt><trkpt lat="37.944582" lon="-122.145451"><ele>414.4</ele></trkpt><trkpt lat="37.944691" lon="-122.145475"><ele>413.1</ele></trkpt><trkpt lat="37.944735" lon="-122.145475"><ele>412.7</ele></trkpt><trkpt lat="37.944690" lon="-122.145514"><ele>412.1</ele></trkpt><trkpt lat="37.944615" lon="-122.145649"><ele>410.6</ele></trkpt><trkpt lat="37.944289" lon="-122.145997"><ele>406.9</ele></trkpt><trkpt lat="37.944099" lon="-122.146264"><ele>404.7</ele></trkpt><trkpt lat="37.943977" lon="-122.146502"><ele>402.3</ele></trkpt><trkpt lat="37.943913" lon="-122.146676"><ele>400.7</ele></trkpt><trkpt lat="37.943777" lon="-122.147162"><ele>396.1</ele></trkpt><trkpt lat="37.943748" lon="-122.147337"><ele>394.4</ele></trkpt><trkpt lat="37.943711" lon="-122.147733"><ele>392.7</ele></trkpt><trkpt lat="37.943682" lon="-122.147881"><ele>392.5</ele></trkpt><trkpt lat="37.943613" lon="-122.148035"><ele>392.4</ele></trkpt><trkpt lat="37.943445" lon="-122.148305"><ele>392.3</ele></trkpt><trkpt lat="37.943338" lon="-122.148512"><ele>392.3</ele></trkpt><trkpt lat="37.943295" lon="-122.148682"><ele>392.3</ele></trkpt><trkpt lat="37.943287" lon="-122.148806"><ele>392.5</ele></trkpt><trkpt lat="37.943293" lon="-122.148953"><ele>392.9</ele></trkpt><trkpt lat="37.943369" lon="-122.149370"><ele>394.1</ele></trkpt><trkpt lat="37.943347" lon="-122.149533"><ele>393.3</ele></trkpt><trkpt lat="37.943312" lon="-122.149633"><ele>392.8</ele></trkpt><trkpt lat="37.943271" lon="-122.149700"><ele>392.4</ele></trkpt><trkpt lat="37.943069" lon="-122.149880"><ele>390.9</ele></trkpt><trkpt lat="37.942909" lon="-122.149987"><ele>390.0</ele></trkpt><trkpt lat="37.942739" lon="-122.150157"><ele>389.1</ele></trkpt><trkpt lat="37.942638" lon="-122.150297"><ele>388.4</ele></trkpt><trkpt lat="37.942592" lon="-122.150395"><ele>387.3</ele></trkpt><trkpt lat="37.942409" lon="-122.150790"><ele>382.4</ele></trkpt><trkpt lat="37.942241" lon="-122.150983"><ele>378.3</ele></trkpt><trkpt lat="37.942037" lon="-122.151219"><ele>372.5</ele></trkpt><trkpt lat="37.941698" lon="-122.151854"><ele>358.3</ele></trkpt><trkpt lat="37.941667" lon="-122.152044"><ele>355.3</ele></trkpt><trkpt lat="37.941577" lon="-122.152584"><ele>349.4</ele></trkpt><trkpt lat="37.941455" lon="-122.152893"><ele>343.3</ele></trkpt><trkpt lat="37.941290" lon="-122.153104"><ele>337.8</ele></trkpt><trkpt lat="37.941023" lon="-122.153418"><ele>330.4</ele></trkpt><trkpt lat="37.940895" lon="-122.153602"><ele>326.5</ele></trkpt><trkpt lat="37.940713" lon="-122.153976"><ele>321.3</ele></trkpt><trkpt lat="37.940639" lon="-122.154174"><ele>318.8</ele></trkpt><trkpt lat="37.940655" lon="-122.154330"><ele>316.7</ele></trkpt><trkpt lat="37.940688" lon="-122.154667"><ele>311.4</ele></trkpt><trkpt lat="37.940636" lon="-122.154878"><ele>307.9</ele></trkpt><trkpt lat="37.940183" lon="-122.155454"><ele>299.3</ele></trkpt><trkpt lat="37.940070" lon="-122.155596"><ele>298.3</ele></trkpt><trkpt lat="37.940038" lon="-122.155644"><ele>298.0</ele></trkpt><trkpt lat="37.940023" lon="-122.155698"><ele>297.7</ele></trkpt><trkpt lat="37.940025" lon="-122.155747"><ele>297.4</ele></trkpt><trkpt lat="37.940080" lon="-122.156078"><ele>294.9</ele></trkpt><trkpt lat="37.940121" lon="-122.156326"><ele>291.4</ele></trkpt><trkpt lat="37.940144" lon="-122.156469"><ele>289.3</ele></trkpt><trkpt lat="37.940168" lon="-122.156623"><ele>287.2</ele></trkpt><trkpt lat="37.940144" lon="-122.156469"><ele>288.4</ele></trkpt><trkpt lat="37.940121" lon="-122.156326"><ele>289.5</ele></trkpt><trkpt lat="37.940080" lon="-122.156078"><ele>291.6</ele></trkpt><trkpt lat="37.940025" lon="-122.155747"><ele>293.7</ele></trkpt><trkpt lat="37.940023" lon="-122.155698"><ele>294.0</ele></trkpt><trkpt lat="37.940038" lon="-122.155644"><ele>294.3</ele></trkpt><trkpt lat="37.940070" lon="-122.155596"><ele>294.6</ele></trkpt><trkpt lat="37.940183" lon="-122.155454"><ele>295.7</ele></trkpt><trkpt lat="37.940636" lon="-122.154878"><ele>307.5</ele></trkpt><trkpt lat="37.940688" lon="-122.154667"><ele>311.0</ele></trkpt><trkpt lat="37.940655" lon="-122.154330"><ele>316.3</ele></trkpt><trkpt lat="37.940639" lon="-122.154174"><ele>318.6</ele></trkpt><trkpt lat="37.940713" lon="-122.153976"><ele>321.0</ele></trkpt><trkpt lat="37.940895" lon="-122.153602"><ele>326.1</ele></trkpt><trkpt lat="37.941023" lon="-122.153418"><ele>330.0</ele></trkpt><trkpt lat="37.941290" lon="-122.153104"><ele>337.3</ele></trkpt><trkpt lat="37.941455" lon="-122.152893"><ele>342.8</ele></trkpt><trkpt lat="37.941577" lon="-122.152584"><ele>349.1</ele></trkpt><trkpt lat="37.941667" lon="-122.152044"><ele>355.0</ele></trkpt><trkpt lat="37.941698" lon="-122.151854"><ele>356.8</ele></trkpt><trkpt lat="37.942037" lon="-122.151219"><ele>361.9</ele></trkpt><trkpt lat="37.942241" lon="-122.150983"><ele>364.2</ele></trkpt><trkpt lat="37.941588" lon="-122.150902"><ele>368.0</ele></trkpt><trkpt lat="37.941541" lon="-122.150870"><ele>368.3</ele></trkpt><trkpt lat="37.940938" lon="-122.151128"><ele>371.9</ele></trkpt><trkpt lat="37.939690" lon="-122.151453"><ele>381.6</ele></trkpt><trkpt lat="37.938899" lon="-122.151376"><ele>381.6</ele></trkpt><trkpt lat="37.938813" lon="-122.151375"><ele>380.7</ele></trkpt><trkpt lat="37.938728" lon="-122.151400"><ele>379.8</ele></trkpt><trkpt lat="37.938640" lon="-122.151471"><ele>378.7</ele></trkpt><trkpt lat="37.938340" lon="-122.151912"><ele>374.1</ele></trkpt><trkpt lat="37.938166" lon="-122.152135"><ele>371.8</ele></trkpt><trkpt lat="37.937873" lon="-122.152437"><ele>367.8</ele></trkpt><trkpt lat="37.937692" lon="-122.152738"><ele>364.8</ele></trkpt><trkpt lat="37.937647" lon="-122.152800"><ele>364.5</ele></trkpt><trkpt lat="37.937599" lon="-122.152843"><ele>364.2</ele></trkpt><trkpt lat="37.937538" lon="-122.152875"><ele>363.8</ele></trkpt><trkpt lat="37.937206" lon="-122.153000"><ele>361.6</ele></trkpt><trkpt lat="37.936940" lon="-122.153007"><ele>358.5</ele></trkpt><trkpt lat="37.936497" lon="-122.152935"><ele>354.1</ele></trkpt><trkpt lat="37.936304" lon="-122.152970"><ele>352.7</ele></trkpt><trkpt lat="37.936088" lon="-122.153038"><ele>350.9</ele></trkpt><trkpt lat="37.935784" lon="-122.153076"><ele>348.1</ele></trkpt><trkpt lat="37.935206" lon="-122.153108"><ele>344.7</ele></trkpt><trkpt lat="37.935071" lon="-122.153004"><ele>343.8</ele></trkpt><trkpt lat="37.934887" lon="-122.153041"><ele>342.6</ele></trkpt><trkpt lat="37.934672" lon="-122.153042"><ele>341.1</ele></trkpt><trkpt lat="37.934435" lon="-122.153091"><ele>340.9</ele></trkpt><trkpt lat="37.934287" lon="-122.153168"><ele>341.3</ele></trkpt><trkpt lat="37.934066" lon="-122.153339"><ele>342.2</ele></trkpt><trkpt lat="37.933985" lon="-122.153379"><ele>342.9</ele></trkpt><trkpt lat="37.933865" lon="-122.153408"><ele>343.9</ele></trkpt><trkpt lat="37.933541" lon="-122.153576"><ele>346.7</ele></trkpt><trkpt lat="37.933375" lon="-122.153603"><ele>347.1</ele></trkpt><trkpt lat="37.933173" lon="-122.153713"><ele>347.7</ele></trkpt><trkpt lat="37.933115" lon="-122.153727"><ele>347.9</ele></trkpt><trkpt lat="37.933067" lon="-122.153689"><ele>348.1</ele></trkpt><trkpt lat="37.933048" lon="-122.153639"><ele>348.0</ele></trkpt><trkpt lat="37.933020" lon="-122.153460"><ele>347.7</ele></trkpt><trkpt lat="37.932913" lon="-122.153182"><ele>347.1</ele></trkpt><trkpt lat="37.932848" lon="-122.153100"><ele>346.9</ele></trkpt><trkpt lat="37.932782" lon="-122.153068"><ele>346.3</ele></trkpt><trkpt lat="37.932541" lon="-122.153059"><ele>344.0</ele></trkpt><trkpt lat="37.932188" lon="-122.153108"><ele>339.2</ele></trkpt><trkpt lat="37.931918" lon="-122.153006"><ele>332.9</ele></trkpt><trkpt lat="37.931665" lon="-122.152945"><ele>326.6</ele></trkpt><trkpt lat="37.931102" lon="-122.153025"><ele>311.1</ele></trkpt><trkpt lat="37.930912" lon="-122.152979"><ele>306.4</ele></trkpt><trkpt lat="37.930730" lon="-122.152973"><ele>302.0</ele></trkpt><trkpt lat="37.930474" lon="-122.152932"><ele>293.8</ele></trkpt><trkpt lat="37.930019" lon="-122.152699"><ele>279.5</ele></trkpt><trkpt lat="37.929768" lon="-122.152621"><ele>274.1</ele></trkpt><trkpt lat="37.929554" lon="-122.152605"><ele>269.7</ele></trkpt><trkpt lat="37.928805" lon="-122.152654"><ele>254.7</ele></trkpt><trkpt lat="37.928645" lon="-122.152647"><ele>251.4</ele></trkpt><trkpt lat="37.928424" lon="-122.152602"><ele>247.6</ele></trkpt><trkpt lat="37.928418" lon="-122.152622"><ele>247.3</ele></trkpt><trkpt lat="37.928202" lon="-122.153319"><ele>240.0</ele></trkpt><trkpt lat="37.928147" lon="-122.153495"><ele>239.0</ele></trkpt><trkpt lat="37.928218" lon="-122.153845"><ele>237.1</ele></trkpt><trkpt lat="37.928221" lon="-122.153982"><ele>236.5</ele></trkpt><trkpt lat="37.928189" lon="-122.154208"><ele>235.5</ele></trkpt><trkpt lat="37.928128" lon="-122.154424"><ele>234.4</ele></trkpt><trkpt lat="37.927956" lon="-122.154774"><ele>232.5</ele></trkpt><trkpt lat="37.927654" lon="-122.155290"><ele>229.3</ele></trkpt><trkpt lat="37.927553" lon="-122.155441"><ele>228.3</ele></trkpt><trkpt lat="37.927490" lon="-122.155536"><ele>227.7</ele></trkpt><trkpt lat="37.927459" lon="-122.155607"><ele>227.4</ele></trkpt><trkpt lat="37.927439" lon="-122.155665"><ele>227.1</ele></trkpt><trkpt lat="37.927416" lon="-122.155724"><ele>226.8</ele></trkpt><trkpt lat="37.927328" lon="-122.155997"><ele>225.5</ele></trkpt><trkpt lat="37.927267" lon="-122.156370"><ele>223.4</ele></trkpt><trkpt lat="37.927262" lon="-122.156675"><ele>221.6</ele></trkpt><trkpt lat="37.927274" lon="-122.156998"><ele>219.7</ele></trkpt><trkpt lat="37.927271" lon="-122.157136"><ele>218.8</ele></trkpt><trkpt lat="37.927255" lon="-122.157270"><ele>218.0</ele></trkpt><trkpt lat="37.927227" lon="-122.157403"><ele>217.2</ele></trkpt><trkpt lat="37.927186" lon="-122.157527"><ele>216.9</ele></trkpt><trkpt lat="37.927085" lon="-122.157727"><ele>217.5</ele></trkpt><trkpt lat="37.927081" lon="-122.157791"><ele>217.7</ele></trkpt><trkpt lat="37.927037" lon="-122.157879"><ele>218.0</ele></trkpt><trkpt lat="37.926992" lon="-122.157934"><ele>218.2</ele></trkpt><trkpt lat="37.926911" lon="-122.158189"><ele>218.9</ele></trkpt><trkpt lat="37.926899" lon="-122.158371"><ele>219.3</ele></trkpt><trkpt lat="37.926915" lon="-122.158507"><ele>219.6</ele></trkpt><trkpt lat="37.927117" lon="-122.159196"><ele>220.7</ele></trkpt><trkpt lat="37.927127" lon="-122.159287"><ele>220.9</ele></trkpt><trkpt lat="37.927101" lon="-122.159467"><ele>221.2</ele></trkpt><trkpt lat="37.927043" lon="-122.159635"><ele>221.5</ele></trkpt><trkpt lat="37.926806" lon="-122.160149"><ele>222.4</ele></trkpt><trkpt lat="37.926704" lon="-122.160492"><ele>222.7</ele></trkpt><trkpt lat="37.926650" lon="-122.160609"><ele>222.7</ele></trkpt><trkpt lat="37.926596" lon="-122.160670"><ele>222.2</ele></trkpt><trkpt lat="37.926532" lon="-122.160712"><ele>221.7</ele></trkpt><trkpt lat="37.926438" lon="-122.160757"><ele>221.0</ele></trkpt><trkpt lat="37.926293" lon="-122.160826"><ele>220.0</ele></trkpt><trkpt lat="37.926126" lon="-122.160905"><ele>218.9</ele></trkpt><trkpt lat="37.926041" lon="-122.160990"><ele>218.4</ele></trkpt><trkpt lat="37.925953" lon="-122.161136"><ele>217.8</ele></trkpt><trkpt lat="37.925887" lon="-122.161397"><ele>216.8</ele></trkpt><trkpt lat="37.925765" lon="-122.162629"><ele>215.0</ele></trkpt><trkpt lat="37.925755" lon="-122.162726"><ele>214.9</ele></trkpt><trkpt lat="37.925314" lon="-122.162691"><ele>212.4</ele></trkpt><trkpt lat="37.925044" lon="-122.162696"><ele>211.3</ele></trkpt><trkpt lat="37.924753" lon="-122.162736"><ele>210.6</ele></trkpt><trkpt lat="37.924489" lon="-122.162803"><ele>209.5</ele></trkpt><trkpt lat="37.924230" lon="-122.162890"><ele>208.0</ele></trkpt><trkpt lat="37.923994" lon="-122.162988"><ele>206.7</ele></trkpt><trkpt lat="37.923641" lon="-122.163180"><ele>204.7</ele></trkpt><trkpt lat="37.923411" lon="-122.163335"><ele>202.6</ele></trkpt><trkpt lat="37.922582" lon="-122.163926"><ele>199.7</ele></trkpt><trkpt lat="37.922196" lon="-122.164159"><ele>198.2</ele></trkpt><trkpt lat="37.921962" lon="-122.164272"><ele>197.6</ele></trkpt><trkpt lat="37.921557" lon="-122.164451"><ele>196.6</ele></trkpt><trkpt lat="37.921306" lon="-122.164561"><ele>195.6</ele></trkpt><trkpt lat="37.920998" lon="-122.164716"><ele>195.2</ele></trkpt><trkpt lat="37.920827" lon="-122.164821"><ele>195.3</ele></trkpt><trkpt lat="37.920624" lon="-122.164967"><ele>195.3</ele></trkpt><trkpt lat="37.920435" lon="-122.165149"><ele>194.9</ele></trkpt><trkpt lat="37.920264" lon="-122.165349"><ele>194.5</ele></trkpt><trkpt lat="37.920162" lon="-122.165487"><ele>194.3</ele></trkpt><trkpt lat="37.920073" lon="-122.165606"><ele>194.2</ele></trkpt><trkpt lat="37.919875" lon="-122.165978"><ele>193.8</ele></trkpt><trkpt lat="37.919743" lon="-122.166305"><ele>193.5</ele></trkpt><trkpt lat="37.919633" lon="-122.166660"><ele>193.8</ele></trkpt><trkpt lat="37.919484" lon="-122.167173"><ele>196.0</ele></trkpt><trkpt lat="37.919321" lon="-122.167734"><ele>197.9</ele></trkpt><trkpt lat="37.919006" lon="-122.168811"><ele>204.2</ele></trkpt><trkpt lat="37.918109" lon="-122.171889"><ele>226.4</ele></trkpt><trkpt lat="37.918019" lon="-122.172291"><ele>227.7</ele></trkpt><trkpt lat="37.917925" lon="-122.173381"><ele>242.1</ele></trkpt><trkpt lat="37.917920" lon="-122.173538"><ele>244.1</ele></trkpt><trkpt lat="37.917908" lon="-122.173937"><ele>248.8</ele></trkpt><trkpt lat="37.917991" lon="-122.174925"><ele>260.3</ele></trkpt><trkpt lat="37.918043" lon="-122.175356"><ele>265.4</ele></trkpt><trkpt lat="37.918180" lon="-122.176501"><ele>276.4</ele></trkpt><trkpt lat="37.918230" lon="-122.176916"><ele>277.1</ele></trkpt><trkpt lat="37.918281" lon="-122.177344"><ele>278.0</ele></trkpt><trkpt lat="37.918407" lon="-122.178393"><ele>278.9</ele></trkpt><trkpt lat="37.918497" lon="-122.179146"><ele>279.9</ele></trkpt><trkpt lat="37.918528" lon="-122.179408"><ele>279.2</ele></trkpt><trkpt lat="37.918684" lon="-122.180708"><ele>278.2</ele></trkpt><trkpt lat="37.918831" lon="-122.181934"><ele>279.4</ele></trkpt><trkpt lat="37.918917" lon="-122.182648"><ele>278.7</ele></trkpt><trkpt lat="37.919028" lon="-122.183574"><ele>274.6</ele></trkpt><trkpt lat="37.919052" lon="-122.183779"><ele>273.0</ele></trkpt><trkpt lat="37.919086" lon="-122.184065"><ele>270.7</ele></trkpt><trkpt lat="37.919100" lon="-122.184180"><ele>269.8</ele></trkpt><trkpt lat="37.919128" lon="-122.184414"><ele>267.9</ele></trkpt><trkpt lat="37.919225" lon="-122.185115"><ele>262.7</ele></trkpt><trkpt lat="37.919352" lon="-122.185730"><ele>258.4</ele></trkpt><trkpt lat="37.919437" lon="-122.186057"><ele>257.0</ele></trkpt><trkpt lat="37.919619" lon="-122.186750"><ele>255.6</ele></trkpt><trkpt lat="37.919697" lon="-122.187000"><ele>255.5</ele></trkpt><trkpt lat="37.919740" lon="-122.187136"><ele>255.4</ele></trkpt><trkpt lat="37.919816" lon="-122.187378"><ele>255.3</ele></trkpt><trkpt lat="37.920004" lon="-122.187977"><ele>255.0</ele></trkpt><trkpt lat="37.920216" lon="-122.188677"><ele>256.0</ele></trkpt><trkpt lat="37.920336" lon="-122.189204"><ele>257.6</ele></trkpt><trkpt lat="37.920427" lon="-122.189697"><ele>258.5</ele></trkpt><trkpt lat="37.920661" lon="-122.192018"><ele>273.5</ele></trkpt><trkpt lat="37.920762" lon="-122.192394"><ele>275.5</ele></trkpt><trkpt lat="37.920876" lon="-122.192702"><ele>274.9</ele></trkpt><trkpt lat="37.921148" lon="-122.193110"><ele>274.5</ele></trkpt><trkpt lat="37.921416" lon="-122.193470"><ele>275.0</ele></trkpt><trkpt lat="37.921659" lon="-122.193827"><ele>275.6</ele></trkpt><trkpt lat="37.921778" lon="-122.194002"><ele>275.8</ele></trkpt><trkpt lat="37.921971" lon="-122.194285"><ele>274.9</ele></trkpt><trkpt lat="37.922104" lon="-122.194599"><ele>274.0</ele></trkpt><trkpt lat="37.922178" lon="-122.194910"><ele>272.5</ele></trkpt><trkpt lat="37.922209" lon="-122.195230"><ele>271.3</ele></trkpt><trkpt lat="37.922187" lon="-122.195565"><ele>271.6</ele></trkpt><trkpt lat="37.922120" lon="-122.195850"><ele>271.9</ele></trkpt><trkpt lat="37.922009" lon="-122.196173"><ele>270.8</ele></trkpt><trkpt lat="37.921798" lon="-122.196528"><ele>269.5</ele></trkpt><trkpt lat="37.921682" lon="-122.196643"><ele>269.0</ele></trkpt><trkpt lat="37.921585" lon="-122.196739"><ele>268.6</ele></trkpt><trkpt lat="37.921322" lon="-122.196911"><ele>267.5</ele></trkpt><trkpt lat="37.921031" lon="-122.197011"><ele>266.3</ele></trkpt><trkpt lat="37.920587" lon="-122.197089"><ele>261.7</ele></trkpt><trkpt lat="37.919875" lon="-122.197214"><ele>256.3</ele></trkpt><trkpt lat="37.919641" lon="-122.197300"><ele>254.5</ele></trkpt><trkpt lat="37.919435" lon="-122.197457"><ele>252.6</ele></trkpt><trkpt lat="37.919193" lon="-122.197704"><ele>250.2</ele></trkpt><trkpt lat="37.918970" lon="-122.198011"><ele>247.6</ele></trkpt><trkpt lat="37.918925" lon="-122.198091"><ele>247.0</ele></trkpt><trkpt lat="37.918692" lon="-122.198503"><ele>243.8</ele></trkpt><trkpt lat="37.918184" lon="-122.199401"><ele>237.0</ele></trkpt><trkpt lat="37.917797" lon="-122.199921"><ele>235.8</ele></trkpt><trkpt lat="37.917529" lon="-122.200149"><ele>235.9</ele></trkpt><trkpt lat="37.917385" lon="-122.200267"><ele>235.9</ele></trkpt><trkpt lat="37.917189" lon="-122.200347"><ele>235.9</ele></trkpt><trkpt lat="37.916965" lon="-122.200400"><ele>235.2</ele></trkpt><trkpt lat="37.916739" lon="-122.200423"><ele>233.9</ele></trkpt><trkpt lat="37.916364" lon="-122.200405"><ele>232.8</ele></trkpt><trkpt lat="37.916295" lon="-122.200402"><ele>232.7</ele></trkpt><trkpt lat="37.914873" lon="-122.200409"><ele>217.5</ele></trkpt><trkpt lat="37.914589" lon="-122.200460"><ele>212.7</ele></trkpt><trkpt lat="37.914266" lon="-122.200598"><ele>208.8</ele></trkpt><trkpt lat="37.914100" lon="-122.200711"><ele>208.0</ele></trkpt><trkpt lat="37.914041" lon="-122.200751"><ele>207.7</ele></trkpt><trkpt lat="37.912602" lon="-122.201738"><ele>202.6</ele></trkpt><trkpt lat="37.910646" lon="-122.203088"><ele>191.7</ele></trkpt><trkpt lat="37.910353" lon="-122.203291"><ele>189.7</ele></trkpt><trkpt lat="37.910199" lon="-122.203395"><ele>188.7</ele></trkpt><trkpt lat="37.909793" lon="-122.203670"><ele>185.0</ele></trkpt><trkpt lat="37.909537" lon="-122.203851"><ele>182.5</ele></trkpt><trkpt lat="37.909187" lon="-122.204127"><ele>179.5</ele></trkpt><trkpt lat="37.908953" lon="-122.204348"><ele>177.3</ele></trkpt><trkpt lat="37.908740" lon="-122.204678"><ele>174.6</ele></trkpt><trkpt lat="37.908582" lon="-122.205029"><ele>172.5</ele></trkpt><trkpt lat="37.908526" lon="-122.205237"><ele>171.3</ele></trkpt><trkpt lat="37.908475" lon="-122.205456"><ele>169.2</ele></trkpt><trkpt lat="37.908460" lon="-122.205599"><ele>167.9</ele></trkpt><trkpt lat="37.908433" lon="-122.205856"><ele>165.6</ele></trkpt><trkpt lat="37.908451" lon="-122.206178"><ele>162.4</ele></trkpt><trkpt lat="37.908534" lon="-122.206672"><ele>157.0</ele></trkpt><trkpt lat="37.908634" lon="-122.207268"><ele>149.1</ele></trkpt><trkpt lat="37.908945" lon="-122.208744"><ele>128.0</ele></trkpt><trkpt lat="37.908951" lon="-122.208918"><ele>125.6</ele></trkpt><trkpt lat="37.908952" lon="-122.208967"><ele>124.9</ele></trkpt><trkpt lat="37.908945" lon="-122.209173"><ele>122.0</ele></trkpt><trkpt lat="37.908920" lon="-122.209441"><ele>119.0</ele></trkpt><trkpt lat="37.908899" lon="-122.209582"><ele>117.5</ele></trkpt><trkpt lat="37.908872" lon="-122.209731"><ele>115.9</ele></trkpt><trkpt lat="37.908817" lon="-122.209903"><ele>114.0</ele></trkpt><trkpt lat="37.908774" lon="-122.210032"><ele>113.0</ele></trkpt><trkpt lat="37.908708" lon="-122.210183"><ele>111.8</ele></trkpt><trkpt lat="37.908579" lon="-122.210432"><ele>109.6</ele></trkpt><trkpt lat="37.908438" lon="-122.210649"><ele>108.4</ele></trkpt><trkpt lat="37.908260" lon="-122.210836"><ele>107.4</ele></trkpt><trkpt lat="37.908097" lon="-122.210977"><ele>106.5</ele></trkpt><trkpt lat="37.907842" lon="-122.211139"><ele>105.0</ele></trkpt><trkpt lat="37.907518" lon="-122.211267"><ele>103.9</ele></trkpt><trkpt lat="37.907307" lon="-122.211301"><ele>103.9</ele></trkpt><trkpt lat="37.907133" lon="-122.211310"><ele>103.9</ele></trkpt><trkpt lat="37.906936" lon="-122.211294"><ele>104.2</ele></trkpt><trkpt lat="37.906802" lon="-122.211248"><ele>104.5</ele></trkpt><trkpt lat="37.906704" lon="-122.211214"><ele>104.6</ele></trkpt><trkpt lat="37.906387" lon="-122.211069"><ele>106.0</ele></trkpt><trkpt lat="37.906067" lon="-122.210804"><ele>108.0</ele></trkpt><trkpt lat="37.905918" lon="-122.210641"><ele>108.4</ele></trkpt><trkpt lat="37.905412" lon="-122.210010"><ele>111.2</ele></trkpt><trkpt lat="37.904415" lon="-122.208692"><ele>116.3</ele></trkpt><trkpt lat="37.904413" lon="-122.208691"><ele>116.3</ele></trkpt><trkpt lat="37.903832" lon="-122.208014"><ele>117.0</ele></trkpt><trkpt lat="37.903550" lon="-122.207744"><ele>116.0</ele></trkpt><trkpt lat="37.903486" lon="-122.207700"><ele>115.8</ele></trkpt><trkpt lat="37.903285" lon="-122.207564"><ele>115.0</ele></trkpt><trkpt lat="37.902535" lon="-122.207184"><ele>111.9</ele></trkpt><trkpt lat="37.902367" lon="-122.207129"><ele>111.2</ele></trkpt><trkpt lat="37.902209" lon="-122.207083"><ele>110.6</ele></trkpt><trkpt lat="37.901983" lon="-122.207056"><ele>109.8</ele></trkpt><trkpt lat="37.901848" lon="-122.207057"><ele>109.4</ele></trkpt><trkpt lat="37.901643" lon="-122.207093"><ele>109.3</ele></trkpt><trkpt lat="37.901385" lon="-122.207137"><ele>109.6</ele></trkpt><trkpt lat="37.901205" lon="-122.207215"><ele>109.9</ele></trkpt><trkpt lat="37.901066" lon="-122.207363"><ele>110.5</ele></trkpt><trkpt lat="37.900961" lon="-122.207565"><ele>111.2</ele></trkpt><trkpt lat="37.900919" lon="-122.207746"><ele>111.6</ele></trkpt><trkpt lat="37.900968" lon="-122.208260"><ele>112.8</ele></trkpt><trkpt lat="37.900932" lon="-122.208668"><ele>113.8</ele></trkpt><trkpt lat="37.900697" lon="-122.209120"><ele>115.8</ele></trkpt><trkpt lat="37.900422" lon="-122.209897"><ele>120.6</ele></trkpt><trkpt lat="37.900232" lon="-122.210128"><ele>121.8</ele></trkpt><trkpt lat="37.899997" lon="-122.210262"><ele>122.7</ele></trkpt><trkpt lat="37.899939" lon="-122.210289"><ele>122.9</ele></trkpt><trkpt lat="37.899912" lon="-122.210301"><ele>123.0</ele></trkpt><trkpt lat="37.899776" lon="-122.210364"><ele>123.4</ele></trkpt><trkpt lat="37.899605" lon="-122.210443"><ele>124.4</ele></trkpt><trkpt lat="37.899518" lon="-122.210495"><ele>125.1</ele></trkpt><trkpt lat="37.899414" lon="-122.210571"><ele>126.0</ele></trkpt><trkpt lat="37.899404" lon="-122.210580"><ele>126.1</ele></trkpt><trkpt lat="37.899353" lon="-122.210655"><ele>126.7</ele></trkpt><trkpt lat="37.899310" lon="-122.210749"><ele>127.3</ele></trkpt><trkpt lat="37.899294" lon="-122.210848"><ele>128.1</ele></trkpt><trkpt lat="37.899294" lon="-122.210972"><ele>129.5</ele></trkpt><trkpt lat="37.899328" lon="-122.211169"><ele>131.7</ele></trkpt><trkpt lat="37.899480" lon="-122.211865"><ele>139.5</ele></trkpt><trkpt lat="37.899629" lon="-122.212562"><ele>143.3</ele></trkpt><trkpt lat="37.899689" lon="-122.212875"><ele>144.6</ele></trkpt><trkpt lat="37.899709" lon="-122.213037"><ele>146.4</ele></trkpt><trkpt lat="37.899733" lon="-122.213278"><ele>149.0</ele></trkpt><trkpt lat="37.899758" lon="-122.213389"><ele>150.3</ele></trkpt><trkpt lat="37.899803" lon="-122.213489"><ele>151.6</ele></trkpt><trkpt lat="37.899899" lon="-122.213607"><ele>153.9</ele></trkpt><trkpt lat="37.899978" lon="-122.213693"><ele>155.6</ele></trkpt><trkpt lat="37.900043" lon="-122.213771"><ele>157.2</ele></trkpt><trkpt lat="37.900094" lon="-122.213880"><ele>158.9</ele></trkpt><trkpt lat="37.900124" lon="-122.214000"><ele>160.3</ele></trkpt><trkpt lat="37.900123" lon="-122.214110"><ele>160.4</ele></trkpt><trkpt lat="37.900097" lon="-122.214257"><ele>160.6</ele></trkpt><trkpt lat="37.900048" lon="-122.214380"><ele>160.7</ele></trkpt><trkpt lat="37.899945" lon="-122.214566"><ele>160.9</ele></trkpt><trkpt lat="37.899844" lon="-122.214732"><ele>161.0</ele></trkpt><trkpt lat="37.899782" lon="-122.214868"><ele>161.1</ele></trkpt><trkpt lat="37.899751" lon="-122.214983"><ele>161.1</ele></trkpt><trkpt lat="37.899721" lon="-122.215195"><ele>161.2</ele></trkpt><trkpt lat="37.899714" lon="-122.215313"><ele>162.3</ele></trkpt><trkpt lat="37.899728" lon="-122.215386"><ele>163.2</ele></trkpt><trkpt lat="37.899761" lon="-122.215453"><ele>164.2</ele></trkpt><trkpt lat="37.899820" lon="-122.215497"><ele>165.2</ele></trkpt><trkpt lat="37.899909" lon="-122.215516"><ele>166.6</ele></trkpt><trkpt lat="37.900039" lon="-122.215528"><ele>168.6</ele></trkpt><trkpt lat="37.900140" lon="-122.215563"><ele>169.8</ele></trkpt><trkpt lat="37.900199" lon="-122.215611"><ele>170.3</ele></trkpt><trkpt lat="37.900242" lon="-122.215691"><ele>170.8</ele></trkpt><trkpt lat="37.900271" lon="-122.215803"><ele>171.4</ele></trkpt><trkpt lat="37.900288" lon="-122.215960"><ele>172.3</ele></trkpt><trkpt lat="37.900288" lon="-122.216171"><ele>173.2</ele></trkpt><trkpt lat="37.900267" lon="-122.216352"><ele>173.3</ele></trkpt><trkpt lat="37.900183" lon="-122.216829"><ele>174.1</ele></trkpt><trkpt lat="37.900155" lon="-122.216987"><ele>176.1</ele></trkpt><trkpt lat="37.900118" lon="-122.217091"><ele>177.5</ele></trkpt><trkpt lat="37.900027" lon="-122.217198"><ele>179.4</ele></trkpt><trkpt lat="37.899955" lon="-122.217245"><ele>180.6</ele></trkpt><trkpt lat="37.899861" lon="-122.217291"><ele>182.2</ele></trkpt><trkpt lat="37.899713" lon="-122.217324"><ele>184.7</ele></trkpt><trkpt lat="37.899494" lon="-122.217328"><ele>188.4</ele></trkpt><trkpt lat="37.899386" lon="-122.217345"><ele>190.3</ele></trkpt><trkpt lat="37.899281" lon="-122.217386"><ele>191.8</ele></trkpt><trkpt lat="37.899194" lon="-122.217470"><ele>193.2</ele></trkpt><trkpt lat="37.899143" lon="-122.217552"><ele>194.2</ele></trkpt><trkpt lat="37.899107" lon="-122.217641"><ele>195.1</ele></trkpt><trkpt lat="37.899056" lon="-122.217806"><ele>196.8</ele></trkpt><trkpt lat="37.899007" lon="-122.217915"><ele>198.0</ele></trkpt><trkpt lat="37.898948" lon="-122.217981"><ele>198.8</ele></trkpt><trkpt lat="37.898820" lon="-122.218097"><ele>200.4</ele></trkpt><trkpt lat="37.898747" lon="-122.218183"><ele>201.4</ele></trkpt><trkpt lat="37.898688" lon="-122.218277"><ele>202.4</ele></trkpt><trkpt lat="37.898573" lon="-122.218500"><ele>205.3</ele></trkpt><trkpt lat="37.898503" lon="-122.218609"><ele>207.2</ele></trkpt><trkpt lat="37.898419" lon="-122.218698"><ele>209.0</ele></trkpt><trkpt lat="37.898329" lon="-122.218779"><ele>210.8</ele></trkpt><trkpt lat="37.898220" lon="-122.218867"><ele>212.7</ele></trkpt><trkpt lat="37.897941" lon="-122.219058"><ele>216.3</ele></trkpt><trkpt lat="37.897788" lon="-122.219135"><ele>218.1</ele></trkpt><trkpt lat="37.897729" lon="-122.219185"><ele>218.5</ele></trkpt><trkpt lat="37.897688" lon="-122.219258"><ele>218.8</ele></trkpt><trkpt lat="37.897675" lon="-122.219355"><ele>219.2</ele></trkpt><trkpt lat="37.897710" lon="-122.219426"><ele>219.5</ele></trkpt><trkpt lat="37.897765" lon="-122.219477"><ele>219.8</ele></trkpt><trkpt lat="37.897842" lon="-122.219492"><ele>220.1</ele></trkpt><trkpt lat="37.897939" lon="-122.219496"><ele>220.5</ele></trkpt><trkpt lat="37.898037" lon="-122.219509"><ele>220.4</ele></trkpt><trkpt lat="37.898141" lon="-122.219536"><ele>220.0</ele></trkpt><trkpt lat="37.898242" lon="-122.219574"><ele>219.6</ele></trkpt><trkpt lat="37.898446" lon="-122.219668"><ele>218.7</ele></trkpt><trkpt lat="37.898575" lon="-122.219757"><ele>218.2</ele></trkpt><trkpt lat="37.898667" lon="-122.219838"><ele>217.9</ele></trkpt><trkpt lat="37.898771" lon="-122.219893"><ele>217.6</ele></trkpt><trkpt lat="37.898885" lon="-122.219928"><ele>217.3</ele></trkpt><trkpt lat="37.899049" lon="-122.219955"><ele>217.2</ele></trkpt><trkpt lat="37.899154" lon="-122.219974"><ele>217.5</ele></trkpt><trkpt lat="37.899223" lon="-122.219997"><ele>217.7</ele></trkpt><trkpt lat="37.899279" lon="-122.220040"><ele>217.9</ele></trkpt><trkpt lat="37.899321" lon="-122.220111"><ele>218.1</ele></trkpt><trkpt lat="37.899333" lon="-122.220198"><ele>218.3</ele></trkpt><trkpt lat="37.899326" lon="-122.220290"><ele>218.5</ele></trkpt><trkpt lat="37.899272" lon="-122.220595"><ele>217.8</ele></trkpt><trkpt lat="37.899211" lon="-122.220984"><ele>216.7</ele></trkpt><trkpt lat="37.899152" lon="-122.221515"><ele>218.4</ele></trkpt><trkpt lat="37.899152" lon="-122.221707"><ele>219.4</ele></trkpt><trkpt lat="37.899175" lon="-122.221874"><ele>221.1</ele></trkpt><trkpt lat="37.899223" lon="-122.222035"><ele>222.9</ele></trkpt><trkpt lat="37.899272" lon="-122.222207"><ele>224.8</ele></trkpt><trkpt lat="37.899308" lon="-122.222361"><ele>226.6</ele></trkpt><trkpt lat="37.899315" lon="-122.222482"><ele>228.3</ele></trkpt><trkpt lat="37.899302" lon="-122.222591"><ele>229.8</ele></trkpt><trkpt lat="37.899277" lon="-122.222666"><ele>230.9</ele></trkpt><trkpt lat="37.899248" lon="-122.222737"><ele>232.0</ele></trkpt><trkpt lat="37.899185" lon="-122.222815"><ele>233.5</ele></trkpt><trkpt lat="37.899102" lon="-122.222877"><ele>235.1</ele></trkpt><trkpt lat="37.899008" lon="-122.222901"><ele>235.5</ele></trkpt><trkpt lat="37.898914" lon="-122.222902"><ele>235.7</ele></trkpt><trkpt lat="37.898827" lon="-122.222879"><ele>235.9</ele></trkpt><trkpt lat="37.898672" lon="-122.222798"><ele>236.3</ele></trkpt><trkpt lat="37.898583" lon="-122.222757"><ele>236.5</ele></trkpt><trkpt lat="37.898490" lon="-122.222736"><ele>237.7</ele></trkpt><trkpt lat="37.898418" lon="-122.222749"><ele>238.6</ele></trkpt><trkpt lat="37.898350" lon="-122.222789"><ele>239.6</ele></trkpt><trkpt lat="37.898287" lon="-122.222860"><ele>240.7</ele></trkpt><trkpt lat="37.898236" lon="-122.222968"><ele>242.0</ele></trkpt><trkpt lat="37.898210" lon="-122.223081"><ele>243.2</ele></trkpt><trkpt lat="37.898193" lon="-122.223235"><ele>244.0</ele></trkpt><trkpt lat="37.898198" lon="-122.223408"><ele>244.7</ele></trkpt><trkpt lat="37.898226" lon="-122.223523"><ele>245.2</ele></trkpt><trkpt lat="37.898283" lon="-122.223636"><ele>245.8</ele></trkpt><trkpt lat="37.898404" lon="-122.223840"><ele>247.3</ele></trkpt><trkpt lat="37.898457" lon="-122.223938"><ele>248.3</ele></trkpt><trkpt lat="37.898501" lon="-122.224060"><ele>249.4</ele></trkpt><trkpt lat="37.898557" lon="-122.224271"><ele>251.3</ele></trkpt><trkpt lat="37.898630" lon="-122.224493"><ele>252.5</ele></trkpt><trkpt lat="37.898695" lon="-122.224684"><ele>253.0</ele></trkpt><trkpt lat="37.898721" lon="-122.224821"><ele>253.4</ele></trkpt><trkpt lat="37.898747" lon="-122.225053"><ele>254.2</ele></trkpt><trkpt lat="37.898752" lon="-122.225130"><ele>254.6</ele></trkpt><trkpt lat="37.898768" lon="-122.225200"><ele>255.1</ele></trkpt><trkpt lat="37.898815" lon="-122.225289"><ele>255.7</ele></trkpt><trkpt lat="37.898996" lon="-122.225631"><ele>257.8</ele></trkpt><trkpt lat="37.899061" lon="-122.225751"><ele>257.5</ele></trkpt><trkpt lat="37.899124" lon="-122.225841"><ele>257.2</ele></trkpt><trkpt lat="37.899280" lon="-122.225988"><ele>256.7</ele></trkpt><trkpt lat="37.899468" lon="-122.226160"><ele>255.9</ele></trkpt><trkpt lat="37.899615" lon="-122.226324"><ele>255.3</ele></trkpt><trkpt lat="37.899792" lon="-122.226530"><ele>254.5</ele></trkpt><trkpt lat="37.899889" lon="-122.226645"><ele>254.3</ele></trkpt><trkpt lat="37.899967" lon="-122.226759"><ele>254.1</ele></trkpt><trkpt lat="37.900026" lon="-122.226872"><ele>253.9</ele></trkpt><trkpt lat="37.900089" lon="-122.227025"><ele>253.6</ele></trkpt><trkpt lat="37.900105" lon="-122.227162"><ele>253.5</ele></trkpt><trkpt lat="37.900094" lon="-122.227359"><ele>253.3</ele></trkpt><trkpt lat="37.900062" lon="-122.227567"><ele>253.1</ele></trkpt><trkpt lat="37.900026" lon="-122.227805"><ele>253.3</ele></trkpt><trkpt lat="37.899963" lon="-122.228063"><ele>254.2</ele></trkpt><trkpt lat="37.899844" lon="-122.228363"><ele>255.4</ele></trkpt><trkpt lat="37.899704" lon="-122.228626"><ele>258.2</ele></trkpt><trkpt lat="37.899577" lon="-122.228795"><ele>260.3</ele></trkpt><trkpt lat="37.899508" lon="-122.228887"><ele>261.4</ele></trkpt><trkpt lat="37.899442" lon="-122.228958"><ele>262.4</ele></trkpt><trkpt lat="37.899362" lon="-122.229004"><ele>263.5</ele></trkpt><trkpt lat="37.899171" lon="-122.229113"><ele>266.0</ele></trkpt><trkpt lat="37.899060" lon="-122.229201"><ele>267.5</ele></trkpt><trkpt lat="37.898989" lon="-122.229264"><ele>268.2</ele></trkpt><trkpt lat="37.898915" lon="-122.229366"><ele>268.8</ele></trkpt><trkpt lat="37.898847" lon="-122.229479"><ele>269.4</ele></trkpt><trkpt lat="37.898786" lon="-122.229596"><ele>270.1</ele></trkpt><trkpt lat="37.898722" lon="-122.229735"><ele>270.8</ele></trkpt><trkpt lat="37.898662" lon="-122.229829"><ele>271.5</ele></trkpt><trkpt lat="37.898614" lon="-122.229888"><ele>272.2</ele></trkpt><trkpt lat="37.898541" lon="-122.229930"><ele>272.9</ele></trkpt><trkpt lat="37.898445" lon="-122.229967"><ele>273.9</ele></trkpt><trkpt lat="37.898380" lon="-122.230031"><ele>274.7</ele></trkpt><trkpt lat="37.898354" lon="-122.230104"><ele>275.3</ele></trkpt><trkpt lat="37.898352" lon="-122.230179"><ele>275.9</ele></trkpt><trkpt lat="37.898390" lon="-122.230257"><ele>276.4</ele></trkpt><trkpt lat="37.898538" lon="-122.230418"><ele>277.4</ele></trkpt><trkpt lat="37.898672" lon="-122.230619"><ele>278.4</ele></trkpt><trkpt lat="37.898832" lon="-122.230933"><ele>280.8</ele></trkpt><trkpt lat="37.898961" lon="-122.231221"><ele>283.1</ele></trkpt><trkpt lat="37.899010" lon="-122.231330"><ele>283.8</ele></trkpt><trkpt lat="37.899050" lon="-122.231448"><ele>283.8</ele></trkpt><trkpt lat="37.899072" lon="-122.231533"><ele>283.9</ele></trkpt><trkpt lat="37.899080" lon="-122.231625"><ele>283.9</ele></trkpt><trkpt lat="37.899076" lon="-122.231719"><ele>284.0</ele></trkpt><trkpt lat="37.899038" lon="-122.231939"><ele>284.1</ele></trkpt><trkpt lat="37.899002" lon="-122.232140"><ele>284.4</ele></trkpt><trkpt lat="37.898981" lon="-122.232311"><ele>284.7</ele></trkpt><trkpt lat="37.898976" lon="-122.232617"><ele>285.3</ele></trkpt><trkpt lat="37.898989" lon="-122.232751"><ele>285.3</ele></trkpt><trkpt lat="37.899010" lon="-122.232859"><ele>285.3</ele></trkpt><trkpt lat="37.899053" lon="-122.232971"><ele>285.3</ele></trkpt><trkpt lat="37.899158" lon="-122.233186"><ele>285.3</ele></trkpt><trkpt lat="37.899302" lon="-122.233529"><ele>286.0</ele></trkpt><trkpt lat="37.899378" lon="-122.233733"><ele>286.5</ele></trkpt><trkpt lat="37.899438" lon="-122.233921"><ele>286.8</ele></trkpt><trkpt lat="37.899480" lon="-122.234125"><ele>286.6</ele></trkpt><trkpt lat="37.899493" lon="-122.234371"><ele>286.4</ele></trkpt><trkpt lat="37.899476" lon="-122.234720"><ele>287.4</ele></trkpt><trkpt lat="37.899484" lon="-122.234924"><ele>288.8</ele></trkpt><trkpt lat="37.899518" lon="-122.235106"><ele>290.0</ele></trkpt><trkpt lat="37.899556" lon="-122.235256"><ele>291.0</ele></trkpt><trkpt lat="37.899632" lon="-122.235482"><ele>292.5</ele></trkpt><trkpt lat="37.899704" lon="-122.235632"><ele>293.5</ele></trkpt><trkpt lat="37.899789" lon="-122.235793"><ele>294.6</ele></trkpt><trkpt lat="37.899865" lon="-122.235895"><ele>295.5</ele></trkpt><trkpt lat="37.899975" lon="-122.235991"><ele>296.6</ele></trkpt><trkpt lat="37.900475" lon="-122.236254"><ele>299.3</ele></trkpt><trkpt lat="37.900564" lon="-122.236329"><ele>299.3</ele></trkpt><trkpt lat="37.900627" lon="-122.236399"><ele>299.3</ele></trkpt><trkpt lat="37.900682" lon="-122.236501"><ele>299.3</ele></trkpt><trkpt lat="37.900708" lon="-122.236630"><ele>299.4</ele></trkpt><trkpt lat="37.900801" lon="-122.237129"><ele>299.9</ele></trkpt><trkpt lat="37.900839" lon="-122.237279"><ele>299.9</ele></trkpt><trkpt lat="37.900890" lon="-122.237413"><ele>299.9</ele></trkpt><trkpt lat="37.900966" lon="-122.237552"><ele>299.9</ele></trkpt><trkpt lat="37.901144" lon="-122.237869"><ele>300.1</ele></trkpt><trkpt lat="37.901228" lon="-122.238100"><ele>300.5</ele></trkpt><trkpt lat="37.901271" lon="-122.238303"><ele>300.9</ele></trkpt><trkpt lat="37.901283" lon="-122.238513"><ele>301.1</ele></trkpt><trkpt lat="37.901262" lon="-122.239049"><ele>301.1</ele></trkpt><trkpt lat="37.901271" lon="-122.239194"><ele>301.5</ele></trkpt><trkpt lat="37.901393" lon="-122.239897"><ele>304.5</ele></trkpt><trkpt lat="37.901419" lon="-122.239982"><ele>304.9</ele></trkpt><trkpt lat="37.901474" lon="-122.240095"><ele>305.5</ele></trkpt><trkpt lat="37.901588" lon="-122.240235"><ele>306.3</ele></trkpt><trkpt lat="37.901715" lon="-122.240369"><ele>307.3</ele></trkpt><trkpt lat="37.901846" lon="-122.240465"><ele>308.2</ele></trkpt><trkpt lat="37.902041" lon="-122.240567"><ele>309.6</ele></trkpt><trkpt lat="37.902172" lon="-122.240642"><ele>310.5</ele></trkpt><trkpt lat="37.902303" lon="-122.240744"><ele>311.7</ele></trkpt><trkpt lat="37.902435" lon="-122.240900"><ele>313.1</ele></trkpt><trkpt lat="37.902524" lon="-122.241045"><ele>314.3</ele></trkpt><trkpt lat="37.902617" lon="-122.241259"><ele>315.6</ele></trkpt><trkpt lat="37.902667" lon="-122.241361"><ele>316.3</ele></trkpt><trkpt lat="37.902756" lon="-122.241458"><ele>317.0</ele></trkpt><trkpt lat="37.902972" lon="-122.241624"><ele>318.1</ele></trkpt><trkpt lat="37.903160" lon="-122.241749"><ele>317.9</ele></trkpt><trkpt lat="37.903330" lon="-122.241863"><ele>317.7</ele></trkpt><trkpt lat="37.903599" lon="-122.242042"><ele>318.3</ele></trkpt><trkpt lat="37.903855" lon="-122.242201"><ele>319.1</ele></trkpt><trkpt lat="37.904204" lon="-122.242407"><ele>318.3</ele></trkpt><trkpt lat="37.904481" lon="-122.242586"><ele>317.6</ele></trkpt><trkpt lat="37.904704" lon="-122.242727"><ele>317.0</ele></trkpt><trkpt lat="37.904878" lon="-122.242849"><ele>316.5</ele></trkpt><trkpt lat="37.904949" lon="-122.242932"><ele>316.1</ele></trkpt><trkpt lat="37.905000" lon="-122.243024"><ele>315.8</ele></trkpt><trkpt lat="37.905035" lon="-122.243143"><ele>315.4</ele></trkpt><trkpt lat="37.905043" lon="-122.243279"><ele>314.9</ele></trkpt><trkpt lat="37.905034" lon="-122.243416"><ele>314.6</ele></trkpt><trkpt lat="37.904976" lon="-122.243902"><ele>317.5</ele></trkpt><trkpt lat="37.904972" lon="-122.243931"><ele>317.7</ele></trkpt><trkpt lat="37.904964" lon="-122.243990"><ele>318.0</ele></trkpt><trkpt lat="37.904947" lon="-122.244107"><ele>318.4</ele></trkpt><trkpt lat="37.904926" lon="-122.244223"><ele>318.2</ele></trkpt><trkpt lat="37.904889" lon="-122.244365"><ele>318.0</ele></trkpt><trkpt lat="37.904848" lon="-122.244471"><ele>317.8</ele></trkpt><trkpt lat="37.904828" lon="-122.244520"><ele>317.7</ele></trkpt><trkpt lat="37.904778" lon="-122.244621"><ele>317.4</ele></trkpt><trkpt lat="37.904859" lon="-122.244710"><ele>317.2</ele></trkpt><trkpt lat="37.904882" lon="-122.244826"><ele>317.1</ele></trkpt><trkpt lat="37.904879" lon="-122.244903"><ele>317.1</ele></trkpt><trkpt lat="37.904879" lon="-122.244953"><ele>317.0</ele></trkpt><trkpt lat="37.904877" lon="-122.245046"><ele>317.0</ele></trkpt><trkpt lat="37.904863" lon="-122.245123"><ele>316.9</ele></trkpt><trkpt lat="37.904807" lon="-122.245311"><ele>316.7</ele></trkpt><trkpt lat="37.903630" lon="-122.247050"><ele>297.5</ele></trkpt><trkpt lat="37.903320" lon="-122.247150"><ele>294.1</ele></trkpt><trkpt lat="37.903180" lon="-122.247240"><ele>292.9</ele></trkpt><trkpt lat="37.903080" lon="-122.247340"><ele>292.1</ele></trkpt><trkpt lat="37.902920" lon="-122.247500"><ele>290.8</ele></trkpt><trkpt lat="37.902710" lon="-122.247650"><ele>289.5</ele></trkpt><trkpt lat="37.902650" lon="-122.247750"><ele>288.9</ele></trkpt><trkpt lat="37.902580" lon="-122.247800"><ele>288.5</ele></trkpt><trkpt lat="37.902460" lon="-122.247730"><ele>287.9</ele></trkpt><trkpt lat="37.902450" lon="-122.247630"><ele>287.5</ele></trkpt><trkpt lat="37.902480" lon="-122.247530"><ele>286.9</ele></trkpt><trkpt lat="37.902620" lon="-122.247350"><ele>285.6</ele></trkpt><trkpt lat="37.902750" lon="-122.247140"><ele>284.2</ele></trkpt><trkpt lat="37.902810" lon="-122.247020"><ele>283.4</ele></trkpt><trkpt lat="37.902850" lon="-122.246910"><ele>282.6</ele></trkpt><trkpt lat="37.902870" lon="-122.246790"><ele>281.8</ele></trkpt><trkpt lat="37.902840" lon="-122.246680"><ele>281.1</ele></trkpt><trkpt lat="37.902769" lon="-122.246570"><ele>280.2</ele></trkpt><trkpt lat="37.902670" lon="-122.246540"><ele>279.4</ele></trkpt><trkpt lat="37.902570" lon="-122.246570"><ele>278.4</ele></trkpt><trkpt lat="37.902510" lon="-122.246610"><ele>277.7</ele></trkpt><trkpt lat="37.901570" lon="-122.247730"><ele>263.1</ele></trkpt><trkpt lat="37.901510" lon="-122.247770"><ele>262.3</ele></trkpt><trkpt lat="37.901440" lon="-122.247790"><ele>261.4</ele></trkpt><trkpt lat="37.901390" lon="-122.247770"><ele>260.8</ele></trkpt><trkpt lat="37.901359" lon="-122.247700"><ele>260.2</ele></trkpt><trkpt lat="37.901359" lon="-122.247620"><ele>259.6</ele></trkpt><trkpt lat="37.901390" lon="-122.247420"><ele>258.1</ele></trkpt><trkpt lat="37.901640" lon="-122.246810"><ele>252.1</ele></trkpt><trkpt lat="37.901910" lon="-122.245920"><ele>242.3</ele></trkpt><trkpt lat="37.902040" lon="-122.245380"><ele>235.0</ele></trkpt><trkpt lat="37.902209" lon="-122.244840"><ele>228.4</ele></trkpt><trkpt lat="37.902170" lon="-122.244960"><ele>227.0</ele></trkpt><trkpt lat="37.902170" lon="-122.244950"><ele>226.9</ele></trkpt><trkpt lat="37.902170" lon="-122.244960"><ele>226.8</ele></trkpt><trkpt lat="37.902299" lon="-122.244610"><ele>222.6</ele></trkpt><trkpt lat="37.902310" lon="-122.244470"><ele>221.1</ele></trkpt><trkpt lat="37.902290" lon="-122.244300"><ele>219.2</ele></trkpt><trkpt lat="37.902260" lon="-122.244180"><ele>218.0</ele></trkpt><trkpt lat="37.902060" lon="-122.243740"><ele>213.6</ele></trkpt><trkpt lat="37.901910" lon="-122.243510"><ele>211.5</ele></trkpt><trkpt lat="37.901120" lon="-122.242490"><ele>206.0</ele></trkpt><trkpt lat="37.900920" lon="-122.242250"><ele>205.6</ele></trkpt><trkpt lat="37.900799" lon="-122.242160"><ele>205.3</ele></trkpt><trkpt lat="37.900610" lon="-122.242080"><ele>204.8</ele></trkpt><trkpt lat="37.899910" lon="-122.241860"><ele>204.0</ele></trkpt><trkpt lat="37.899750" lon="-122.241760"><ele>203.9</ele></trkpt><trkpt lat="37.899060" lon="-122.241020"><ele>202.9</ele></trkpt><trkpt lat="37.898390" lon="-122.240260"><ele>201.0</ele></trkpt><trkpt lat="37.898130" lon="-122.239930"><ele>200.4</ele></trkpt><trkpt lat="37.897979" lon="-122.239460"><ele>198.4</ele></trkpt><trkpt lat="37.897810" lon="-122.238820"><ele>197.0</ele></trkpt><trkpt lat="37.897680" lon="-122.238610"><ele>197.1</ele></trkpt><trkpt lat="37.896980" lon="-122.237800"><ele>193.7</ele></trkpt><trkpt lat="37.896820" lon="-122.237640"><ele>192.5</ele></trkpt><trkpt lat="37.896440" lon="-122.237370"><ele>190.0</ele></trkpt><trkpt lat="37.896220" lon="-122.237260"><ele>189.1</ele></trkpt><trkpt lat="37.895660" lon="-122.236910"><ele>185.1</ele></trkpt><trkpt lat="37.895520" lon="-122.236810"><ele>183.9</ele></trkpt><trkpt lat="37.895440" lon="-122.236720"><ele>183.1</ele></trkpt><trkpt lat="37.895380" lon="-122.236590"><ele>182.1</ele></trkpt><trkpt lat="37.895370" lon="-122.236500"><ele>181.6</ele></trkpt><trkpt lat="37.895390" lon="-122.236400"><ele>180.9</ele></trkpt><trkpt lat="37.895440" lon="-122.236300"><ele>180.2</ele></trkpt><trkpt lat="37.895470" lon="-122.236190"><ele>179.8</ele></trkpt><trkpt lat="37.895420" lon="-122.236060"><ele>179.4</ele></trkpt><trkpt lat="37.895359" lon="-122.236040"><ele>179.1</ele></trkpt><trkpt lat="37.895200" lon="-122.236080"><ele>178.5</ele></trkpt><trkpt lat="37.895050" lon="-122.236000"><ele>177.7</ele></trkpt><trkpt lat="37.894960" lon="-122.235900"><ele>177.0</ele></trkpt><trkpt lat="37.894910" lon="-122.235820"><ele>176.5</ele></trkpt><trkpt lat="37.894840" lon="-122.235610"><ele>175.3</ele></trkpt><trkpt lat="37.894720" lon="-122.234980"><ele>174.4</ele></trkpt><trkpt lat="37.894670" lon="-122.234830"><ele>174.3</ele></trkpt><trkpt lat="37.894610" lon="-122.234730"><ele>174.6</ele></trkpt><trkpt lat="37.894100" lon="-122.234230"><ele>176.5</ele></trkpt><trkpt lat="37.893810" lon="-122.233680"><ele>179.6</ele></trkpt><trkpt lat="37.893730" lon="-122.233410"><ele>181.3</ele></trkpt><trkpt lat="37.893690" lon="-122.233310"><ele>181.9</ele></trkpt><trkpt lat="37.893610" lon="-122.233220"><ele>182.7</ele></trkpt><trkpt lat="37.893500" lon="-122.233170"><ele>183.5</ele></trkpt><trkpt lat="37.893360" lon="-122.233170"><ele>184.5</ele></trkpt><trkpt lat="37.893220" lon="-122.233210"><ele>185.6</ele></trkpt><trkpt lat="37.893110" lon="-122.233210"><ele>186.3</ele></trkpt><trkpt lat="37.893020" lon="-122.233160"><ele>186.9</ele></trkpt><trkpt lat="37.892960" lon="-122.233060"><ele>187.4</ele></trkpt><trkpt lat="37.892900" lon="-122.232860"><ele>188.4</ele></trkpt><trkpt lat="37.892900" lon="-122.232480"><ele>189.8</ele></trkpt><trkpt lat="37.892890" lon="-122.232330"><ele>190.2</ele></trkpt><trkpt lat="37.892829" lon="-122.232140"><ele>190.7</ele></trkpt><trkpt lat="37.892620" lon="-122.231650"><ele>191.3</ele></trkpt><trkpt lat="37.892550" lon="-122.231370"><ele>191.4</ele></trkpt><trkpt lat="37.892520" lon="-122.231220"><ele>191.6</ele></trkpt><trkpt lat="37.892530" lon="-122.231040"><ele>191.7</ele></trkpt><trkpt lat="37.892560" lon="-122.230790"><ele>192.0</ele></trkpt><trkpt lat="37.892560" lon="-122.230630"><ele>192.1</ele></trkpt><trkpt lat="37.892539" lon="-122.230540"><ele>192.1</ele></trkpt><trkpt lat="37.892490" lon="-122.230390"><ele>192.2</ele></trkpt><trkpt lat="37.892330" lon="-122.230130"><ele>192.3</ele></trkpt><trkpt lat="37.892290" lon="-122.230040"><ele>192.0</ele></trkpt><trkpt lat="37.892200" lon="-122.229600"><ele>190.6</ele></trkpt><trkpt lat="37.892150" lon="-122.229470"><ele>190.2</ele></trkpt><trkpt lat="37.891970" lon="-122.229230"><ele>189.6</ele></trkpt><trkpt lat="37.891950" lon="-122.229130"><ele>189.4</ele></trkpt><trkpt lat="37.891960" lon="-122.229060"><ele>189.3</ele></trkpt><trkpt lat="37.892060" lon="-122.228770"><ele>189.0</ele></trkpt><trkpt lat="37.892080" lon="-122.228680"><ele>189.0</ele></trkpt><trkpt lat="37.892069" lon="-122.228590"><ele>189.0</ele></trkpt><trkpt lat="37.891930" lon="-122.228260"><ele>189.0</ele></trkpt><trkpt lat="37.891889" lon="-122.228140"><ele>189.0</ele></trkpt><trkpt lat="37.891840" lon="-122.227800"><ele>189.0</ele></trkpt><trkpt lat="37.891800" lon="-122.227660"><ele>189.0</ele></trkpt><trkpt lat="37.891750" lon="-122.227540"><ele>189.0</ele></trkpt><trkpt lat="37.891630" lon="-122.227390"><ele>189.1</ele></trkpt><trkpt lat="37.891530" lon="-122.227330"><ele>189.2</ele></trkpt><trkpt lat="37.891280" lon="-122.227210"><ele>189.2</ele></trkpt><trkpt lat="37.891050" lon="-122.227140"><ele>188.9</ele></trkpt><trkpt lat="37.890949" lon="-122.227080"><ele>188.8</ele></trkpt><trkpt lat="37.890860" lon="-122.226950"><ele>188.6</ele></trkpt><trkpt lat="37.890690" lon="-122.226650"><ele>188.1</ele></trkpt><trkpt lat="37.890590" lon="-122.226510"><ele>187.9</ele></trkpt><trkpt lat="37.890470" lon="-122.226410"><ele>188.1</ele></trkpt><trkpt lat="37.890009" lon="-122.226220"><ele>190.2</ele></trkpt><trkpt lat="37.889620" lon="-122.225960"><ele>189.4</ele></trkpt><trkpt lat="37.889449" lon="-122.225720"><ele>189.0</ele></trkpt><trkpt lat="37.889310" lon="-122.225380"><ele>188.5</ele></trkpt><trkpt lat="37.889249" lon="-122.224860"><ele>191.7</ele></trkpt><trkpt lat="37.888970" lon="-122.224500"><ele>191.0</ele></trkpt><trkpt lat="37.888700" lon="-122.224300"><ele>190.7</ele></trkpt><trkpt lat="37.888599" lon="-122.224290"><ele>190.6</ele></trkpt><trkpt lat="37.888500" lon="-122.224330"><ele>190.6</ele></trkpt><trkpt lat="37.888030" lon="-122.224780"><ele>189.2</ele></trkpt><trkpt lat="37.887930" lon="-122.224820"><ele>188.8</ele></trkpt><trkpt lat="37.887730" lon="-122.224800"><ele>187.7</ele></trkpt><trkpt lat="37.887350" lon="-122.224500"><ele>185.0</ele></trkpt><trkpt lat="37.886880" lon="-122.224210"><ele>181.2</ele></trkpt><trkpt lat="37.886510" lon="-122.223980"><ele>178.4</ele></trkpt><trkpt lat="37.886290" lon="-122.223910"><ele>177.2</ele></trkpt><trkpt lat="37.886050" lon="-122.223910"><ele>176.0</ele></trkpt><trkpt lat="37.885760" lon="-122.223990"><ele>175.2</ele></trkpt><trkpt lat="37.885480" lon="-122.224150"><ele>174.7</ele></trkpt><trkpt lat="37.885350" lon="-122.224150"><ele>174.7</ele></trkpt><trkpt lat="37.885210" lon="-122.224090"><ele>174.7</ele></trkpt><trkpt lat="37.885110" lon="-122.223980"><ele>174.7</ele></trkpt><trkpt lat="37.884760" lon="-122.223010"><ele>178.6</ele></trkpt><trkpt lat="37.884600" lon="-122.222430"><ele>180.8</ele></trkpt><trkpt lat="37.884490" lon="-122.222170"><ele>182.7</ele></trkpt><trkpt lat="37.883980" lon="-122.221220"><ele>189.0</ele></trkpt><trkpt lat="37.883850" lon="-122.221080"><ele>189.6</ele></trkpt><trkpt lat="37.883670" lon="-122.220980"><ele>190.4</ele></trkpt><trkpt lat="37.883240" lon="-122.220980"><ele>193.0</ele></trkpt><trkpt lat="37.882930" lon="-122.221020"><ele>195.0</ele></trkpt><trkpt lat="37.882399" lon="-122.221290"><ele>197.3</ele></trkpt><trkpt lat="37.882250" lon="-122.221340"><ele>197.1</ele></trkpt><trkpt lat="37.882240" lon="-122.221340"><ele>197.1</ele></trkpt><trkpt lat="37.882070" lon="-122.221410"><ele>196.9</ele></trkpt><trkpt lat="37.881910" lon="-122.221370"><ele>197.3</ele></trkpt><trkpt lat="37.881430" lon="-122.220960"><ele>199.1</ele></trkpt><trkpt lat="37.881200" lon="-122.220820"><ele>200.4</ele></trkpt><trkpt lat="37.880850" lon="-122.220710"><ele>201.0</ele></trkpt><trkpt lat="37.880719" lon="-122.220710"><ele>201.1</ele></trkpt><trkpt lat="37.880660" lon="-122.220750"><ele>201.1</ele></trkpt><trkpt lat="37.880640" lon="-122.220840"><ele>201.2</ele></trkpt><trkpt lat="37.880640" lon="-122.220910"><ele>201.4</ele></trkpt><trkpt lat="37.880710" lon="-122.221010"><ele>201.7</ele></trkpt><trkpt lat="37.881100" lon="-122.221090"><ele>202.8</ele></trkpt><trkpt lat="37.881240" lon="-122.221170"><ele>203.2</ele></trkpt><trkpt lat="37.881330" lon="-122.221270"><ele>203.5</ele></trkpt><trkpt lat="37.881580" lon="-122.221620"><ele>204.2</ele></trkpt><trkpt lat="37.881810" lon="-122.221820"><ele>204.2</ele></trkpt><trkpt lat="37.881990" lon="-122.221950"><ele>204.3</ele></trkpt><trkpt lat="37.882060" lon="-122.222040"><ele>204.3</ele></trkpt><trkpt lat="37.882060" lon="-122.222130"><ele>204.4</ele></trkpt><trkpt lat="37.881960" lon="-122.222290"><ele>204.4</ele></trkpt><trkpt lat="37.881880" lon="-122.222310"><ele>204.5</ele></trkpt><trkpt lat="37.881160" lon="-122.222100"><ele>206.2</ele></trkpt><trkpt lat="37.880960" lon="-122.222000"><ele>206.4</ele></trkpt><trkpt lat="37.880760" lon="-122.221960"><ele>206.7</ele></trkpt><trkpt lat="37.880620" lon="-122.221950"><ele>207.2</ele></trkpt><trkpt lat="37.880190" lon="-122.221850"><ele>208.9</ele></trkpt><trkpt lat="37.879959" lon="-122.221720"><ele>210.7</ele></trkpt><trkpt lat="37.879880" lon="-122.221650"><ele>211.4</ele></trkpt><trkpt lat="37.879830" lon="-122.221560"><ele>212.1</ele></trkpt><trkpt lat="37.879570" lon="-122.221790"><ele>215.4</ele></trkpt><trkpt lat="37.879420" lon="-122.221640"><ele>217.5</ele></trkpt><trkpt lat="37.879210" lon="-122.221540"><ele>220.3</ele></trkpt><trkpt lat="37.878650" lon="-122.221410"><ele>228.1</ele></trkpt><trkpt lat="37.878480" lon="-122.221340"><ele>230.5</ele></trkpt><trkpt lat="37.878350" lon="-122.221220"><ele>232.7</ele></trkpt><trkpt lat="37.878080" lon="-122.220860"><ele>238.9</ele></trkpt><trkpt lat="37.877809" lon="-122.220530"><ele>244.5</ele></trkpt><trkpt lat="37.877650" lon="-122.220460"><ele>246.7</ele></trkpt><trkpt lat="37.877080" lon="-122.220430"><ele>253.8</ele></trkpt><trkpt lat="37.876680" lon="-122.220230"><ele>258.3</ele></trkpt><trkpt lat="37.876540" lon="-122.220240"><ele>259.7</ele></trkpt><trkpt lat="37.876420" lon="-122.220290"><ele>260.9</ele></trkpt><trkpt lat="37.876320" lon="-122.220370"><ele>262.4</ele></trkpt><trkpt lat="37.876210" lon="-122.220510"><ele>264.4</ele></trkpt><trkpt lat="37.875790" lon="-122.221180"><ele>272.7</ele></trkpt><trkpt lat="37.875540" lon="-122.221560"><ele>276.8</ele></trkpt><trkpt lat="37.875420" lon="-122.221710"><ele>278.4</ele></trkpt><trkpt lat="37.875290" lon="-122.221790"><ele>279.7</ele></trkpt><trkpt lat="37.875050" lon="-122.221820"><ele>281.6</ele></trkpt><trkpt lat="37.874660" lon="-122.221650"><ele>284.6</ele></trkpt><trkpt lat="37.874400" lon="-122.221600"><ele>286.4</ele></trkpt><trkpt lat="37.874310" lon="-122.221550"><ele>287.1</ele></trkpt><trkpt lat="37.874230" lon="-122.221440"><ele>287.8</ele></trkpt><trkpt lat="37.874010" lon="-122.221040"><ele>289.8</ele></trkpt><trkpt lat="37.873920" lon="-122.220920"><ele>290.4</ele></trkpt><trkpt lat="37.873830" lon="-122.220850"><ele>290.8</ele></trkpt><trkpt lat="37.873620" lon="-122.220770"><ele>291.7</ele></trkpt><trkpt lat="37.873410" lon="-122.220750"><ele>292.6</ele></trkpt><trkpt lat="37.872860" lon="-122.220730"><ele>296.1</ele></trkpt><trkpt lat="37.872670" lon="-122.220690"><ele>297.9</ele></trkpt><trkpt lat="37.872520" lon="-122.220630"><ele>299.4</ele></trkpt><trkpt lat="37.872400" lon="-122.220530"><ele>300.8</ele></trkpt><trkpt lat="37.872320" lon="-122.220410"><ele>302.0</ele></trkpt><trkpt lat="37.872280" lon="-122.220290"><ele>302.9</ele></trkpt><trkpt lat="37.872280" lon="-122.220190"><ele>303.6</ele></trkpt><trkpt lat="37.872390" lon="-122.219600"><ele>308.7</ele></trkpt><trkpt lat="37.872400" lon="-122.219480"><ele>309.9</ele></trkpt><trkpt lat="37.872380" lon="-122.219370"><ele>311.0</ele></trkpt><trkpt lat="37.872330" lon="-122.219280"><ele>312.1</ele></trkpt><trkpt lat="37.871630" lon="-122.218610"><ele>322.0</ele></trkpt><trkpt lat="37.871560" lon="-122.218570"><ele>322.8</ele></trkpt><trkpt lat="37.871470" lon="-122.218570"><ele>323.7</ele></trkpt><trkpt lat="37.871370" lon="-122.218610"><ele>325.0</ele></trkpt><trkpt lat="37.870990" lon="-122.218840"><ele>331.4</ele></trkpt><trkpt lat="37.870900" lon="-122.218870"><ele>332.8</ele></trkpt><trkpt lat="37.870780" lon="-122.218860"><ele>334.7</ele></trkpt><trkpt lat="37.870690" lon="-122.218830"><ele>336.1</ele></trkpt><trkpt lat="37.870410" lon="-122.218560"><ele>341.6</ele></trkpt><trkpt lat="37.870019" lon="-122.218120"><ele>349.6</ele></trkpt><trkpt lat="37.869710" lon="-122.217720"><ele>357.4</ele></trkpt><trkpt lat="37.869270" lon="-122.217230"><ele>368.0</ele></trkpt><trkpt lat="37.869140" lon="-122.217150"><ele>370.2</ele></trkpt><trkpt lat="37.868810" lon="-122.216970"><ele>375.1</ele></trkpt><trkpt lat="37.868609" lon="-122.216840"><ele>378.3</ele></trkpt><trkpt lat="37.868510" lon="-122.216700"><ele>380.5</ele></trkpt><trkpt lat="37.868350" lon="-122.216340"><ele>385.3</ele></trkpt><trkpt lat="37.868280" lon="-122.216210"><ele>387.2</ele></trkpt><trkpt lat="37.868190" lon="-122.216140"><ele>388.7</ele></trkpt><trkpt lat="37.868090" lon="-122.216130"><ele>390.2</ele></trkpt><trkpt lat="37.868010" lon="-122.216140"><ele>391.4</ele></trkpt><trkpt lat="37.867910" lon="-122.216210"><ele>392.8</ele></trkpt><trkpt lat="37.867860" lon="-122.216300"><ele>393.7</ele></trkpt><trkpt lat="37.867830" lon="-122.216400"><ele>394.6</ele></trkpt><trkpt lat="37.867840" lon="-122.216530"><ele>395.6</ele></trkpt><trkpt lat="37.867880" lon="-122.216660"><ele>396.8</ele></trkpt><trkpt lat="37.867970" lon="-122.216800"><ele>398.0</ele></trkpt><trkpt lat="37.868200" lon="-122.217050"><ele>399.2</ele></trkpt><trkpt lat="37.868280" lon="-122.217170"><ele>399.7</ele></trkpt><trkpt lat="37.868340" lon="-122.217290"><ele>400.0</ele></trkpt><trkpt lat="37.868390" lon="-122.217510"><ele>400.4</ele></trkpt><trkpt lat="37.868390" lon="-122.217610"><ele>400.6</ele></trkpt><trkpt lat="37.868350" lon="-122.217850"><ele>401.1</ele></trkpt><trkpt lat="37.868010" lon="-122.217860"><ele>400.9</ele></trkpt><trkpt lat="37.867900" lon="-122.217900"><ele>400.9</ele></trkpt><trkpt lat="37.867320" lon="-122.218270"><ele>399.9</ele></trkpt><trkpt lat="37.866980" lon="-122.218420"><ele>399.3</ele></trkpt><trkpt lat="37.866800" lon="-122.218470"><ele>399.0</ele></trkpt><trkpt lat="37.866540" lon="-122.218490"><ele>400.1</ele></trkpt><trkpt lat="37.866290" lon="-122.218450"><ele>401.3</ele></trkpt><trkpt lat="37.865920" lon="-122.218280"><ele>404.2</ele></trkpt><trkpt lat="37.865360" lon="-122.217980"><ele>409.7</ele></trkpt><trkpt lat="37.864920" lon="-122.217610"><ele>415.0</ele></trkpt><trkpt lat="37.864660" lon="-122.217460"><ele>417.9</ele></trkpt><trkpt lat="37.864260" lon="-122.217330"><ele>422.1</ele></trkpt><trkpt lat="37.864120" lon="-122.217270"><ele>423.4</ele></trkpt><trkpt lat="37.863990" lon="-122.217180"><ele>424.7</ele></trkpt><trkpt lat="37.863880" lon="-122.217060"><ele>426.0</ele></trkpt><trkpt lat="37.863729" lon="-122.216810"><ele>427.7</ele></trkpt><trkpt lat="37.863530" lon="-122.216220"><ele>430.9</ele></trkpt><trkpt lat="37.863280" lon="-122.215710"><ele>433.7</ele></trkpt><trkpt lat="37.862810" lon="-122.214950"><ele>437.5</ele></trkpt><trkpt lat="37.862370" lon="-122.214120"><ele>443.8</ele></trkpt><trkpt lat="37.862020" lon="-122.213640"><ele>449.4</ele></trkpt><trkpt lat="37.861860" lon="-122.213380"><ele>452.5</ele></trkpt><trkpt lat="37.861740" lon="-122.212730"><ele>459.8</ele></trkpt><trkpt lat="37.861690" lon="-122.212570"><ele>461.9</ele></trkpt><trkpt lat="37.861340" lon="-122.211680"><ele>476.8</ele></trkpt><trkpt lat="37.861310" lon="-122.211530"><ele>478.7</ele></trkpt><trkpt lat="37.861370" lon="-122.210760"><ele>486.9</ele></trkpt><trkpt lat="37.861360" lon="-122.210580"><ele>488.4</ele></trkpt><trkpt lat="37.861280" lon="-122.210140"><ele>491.2</ele></trkpt><trkpt lat="37.861090" lon="-122.209460"><ele>493.2</ele></trkpt><trkpt lat="37.861080" lon="-122.209380"><ele>493.2</ele></trkpt><trkpt lat="37.861109" lon="-122.209280"><ele>493.2</ele></trkpt><trkpt lat="37.860770" lon="-122.209230"><ele>492.3</ele></trkpt><trkpt lat="37.860380" lon="-122.209110"><ele>490.6</ele></trkpt><trkpt lat="37.859670" lon="-122.208740"><ele>488.4</ele></trkpt><trkpt lat="37.859139" lon="-122.208580"><ele>486.4</ele></trkpt><trkpt lat="37.858880" lon="-122.208520"><ele>485.3</ele></trkpt><trkpt lat="37.858460" lon="-122.208450"><ele>483.3</ele></trkpt><trkpt lat="37.858220" lon="-122.208370"><ele>482.1</ele></trkpt><trkpt lat="37.858060" lon="-122.208260"><ele>481.0</ele></trkpt><trkpt lat="37.857900" lon="-122.208050"><ele>479.7</ele></trkpt><trkpt lat="37.857760" lon="-122.207910"><ele>477.8</ele></trkpt><trkpt lat="37.857640" lon="-122.207820"><ele>476.3</ele></trkpt><trkpt lat="37.857320" lon="-122.207690"><ele>472.6</ele></trkpt><trkpt lat="37.857150" lon="-122.207580"><ele>470.5</ele></trkpt><trkpt lat="37.857000" lon="-122.207430"><ele>468.4</ele></trkpt><trkpt lat="37.856510" lon="-122.206860"><ele>462.9</ele></trkpt><trkpt lat="37.855650" lon="-122.205590"><ele>461.3</ele></trkpt><trkpt lat="37.855200" lon="-122.204800"><ele>466.5</ele></trkpt><trkpt lat="37.855100" lon="-122.204570"><ele>468.7</ele></trkpt><trkpt lat="37.855030" lon="-122.204360"><ele>470.6</ele></trkpt><trkpt lat="37.854909" lon="-122.203880"><ele>474.4</ele></trkpt><trkpt lat="37.854880" lon="-122.203740"><ele>475.5</ele></trkpt><trkpt lat="37.854880" lon="-122.203400"><ele>477.9</ele></trkpt><trkpt lat="37.854920" lon="-122.203240"><ele>479.2</ele></trkpt><trkpt lat="37.854999" lon="-122.203110"><ele>480.5</ele></trkpt><trkpt lat="37.855110" lon="-122.203020"><ele>481.7</ele></trkpt><trkpt lat="37.855310" lon="-122.202930"><ele>483.5</ele></trkpt><trkpt lat="37.855480" lon="-122.202880"><ele>484.9</ele></trkpt><trkpt lat="37.855780" lon="-122.202860"><ele>487.4</ele></trkpt><trkpt lat="37.856770" lon="-122.202820"><ele>496.5</ele></trkpt><trkpt lat="37.856990" lon="-122.202730"><ele>499.0</ele></trkpt><trkpt lat="37.857180" lon="-122.202620"><ele>501.2</ele></trkpt><trkpt lat="37.857529" lon="-122.202330"><ele>505.9</ele></trkpt><trkpt lat="37.857520" lon="-122.202330"><ele>506.0</ele></trkpt><trkpt lat="37.857750" lon="-122.202080"><ele>509.5</ele></trkpt><trkpt lat="37.857840" lon="-122.201930"><ele>511.2</ele></trkpt><trkpt lat="37.857870" lon="-122.201830"><ele>512.2</ele></trkpt><trkpt lat="37.857880" lon="-122.201570"><ele>514.6</ele></trkpt><trkpt lat="37.857909" lon="-122.201510"><ele>515.2</ele></trkpt><trkpt lat="37.858010" lon="-122.201470"><ele>516.2</ele></trkpt><trkpt lat="37.858060" lon="-122.201500"><ele>516.7</ele></trkpt><trkpt lat="37.858100" lon="-122.201560"><ele>517.3</ele></trkpt><trkpt lat="37.858150" lon="-122.201880"><ele>519.8</ele></trkpt><trkpt lat="37.858180" lon="-122.201930"><ele>520.3</ele></trkpt><trkpt lat="37.858230" lon="-122.201950"><ele>520.8</ele></trkpt><trkpt lat="37.858280" lon="-122.201920"><ele>521.4</ele></trkpt><trkpt lat="37.858320" lon="-122.201860"><ele>522.0</ele></trkpt><trkpt lat="37.858330" lon="-122.201510"><ele>524.9</ele></trkpt><trkpt lat="37.858360" lon="-122.201450"><ele>525.4</ele></trkpt><trkpt lat="37.858410" lon="-122.201420"><ele>526.1</ele></trkpt><trkpt lat="37.858469" lon="-122.201440"><ele>526.8</ele></trkpt><trkpt lat="37.858500" lon="-122.201540"><ele>527.7</ele></trkpt><trkpt lat="37.858490" lon="-122.202020"><ele>532.0</ele></trkpt><trkpt lat="37.858410" lon="-122.202450"><ele>535.9</ele></trkpt><trkpt lat="37.858330" lon="-122.202670"><ele>537.9</ele></trkpt><trkpt lat="37.858300" lon="-122.202970"><ele>539.8</ele></trkpt><trkpt lat="37.858310" lon="-122.203170"><ele>541.1</ele></trkpt><trkpt lat="37.858379" lon="-122.203340"><ele>542.4</ele></trkpt><trkpt lat="37.858450" lon="-122.203390"><ele>543.3</ele></trkpt><trkpt lat="37.858720" lon="-122.203460"><ele>546.3</ele></trkpt><trkpt lat="37.858840" lon="-122.203460"><ele>547.5</ele></trkpt><trkpt lat="37.858990" lon="-122.203400"><ele>548.9</ele></trkpt><trkpt lat="37.859310" lon="-122.203220"><ele>551.8</ele></trkpt><trkpt lat="37.859340" lon="-122.203170"><ele>552.2</ele></trkpt><trkpt lat="37.859350" lon="-122.203100"><ele>552.5</ele></trkpt><trkpt lat="37.859300" lon="-122.202930"><ele>553.2</ele></trkpt><trkpt lat="37.859090" lon="-122.202600"><ele>554.7</ele></trkpt><trkpt lat="37.859030" lon="-122.202330"><ele>554.7</ele></trkpt><trkpt lat="37.859010" lon="-122.202000"><ele>554.7</ele></trkpt><trkpt lat="37.859040" lon="-122.201680"><ele>554.6</ele></trkpt><trkpt lat="37.859120" lon="-122.201320"><ele>554.5</ele></trkpt><trkpt lat="37.859139" lon="-122.201200"><ele>554.1</ele></trkpt><trkpt lat="37.859139" lon="-122.200940"><ele>552.4</ele></trkpt><trkpt lat="37.859120" lon="-122.200670"><ele>550.6</ele></trkpt><trkpt lat="37.859090" lon="-122.200530"><ele>549.5</ele></trkpt><trkpt lat="37.858849" lon="-122.199810"><ele>542.2</ele></trkpt><trkpt lat="37.858400" lon="-122.199810"><ele>536.2</ele></trkpt><trkpt lat="37.858320" lon="-122.199790"><ele>535.5</ele></trkpt><trkpt lat="37.858230" lon="-122.199750"><ele>534.6</ele></trkpt><trkpt lat="37.858090" lon="-122.199650"><ele>533.1</ele></trkpt><trkpt lat="37.858030" lon="-122.199570"><ele>532.3</ele></trkpt><trkpt lat="37.857940" lon="-122.199400"><ele>530.9</ele></trkpt><trkpt lat="37.857850" lon="-122.199170"><ele>529.6</ele></trkpt><trkpt lat="37.857830" lon="-122.199030"><ele>528.9</ele></trkpt><trkpt lat="37.857840" lon="-122.198550"><ele>526.8</ele></trkpt><trkpt lat="37.857830" lon="-122.198400"><ele>526.2</ele></trkpt><trkpt lat="37.857800" lon="-122.198310"><ele>525.8</ele></trkpt><trkpt lat="37.857770" lon="-122.198280"><ele>525.6</ele></trkpt><trkpt lat="37.857690" lon="-122.198260"><ele>525.2</ele></trkpt><trkpt lat="37.857550" lon="-122.198170"><ele>524.6</ele></trkpt><trkpt lat="37.857470" lon="-122.198070"><ele>524.1</ele></trkpt><trkpt lat="37.857310" lon="-122.197810"><ele>523.1</ele></trkpt><trkpt lat="37.857150" lon="-122.197660"><ele>522.2</ele></trkpt><trkpt lat="37.857060" lon="-122.197530"><ele>521.6</ele></trkpt><trkpt lat="37.856960" lon="-122.197120"><ele>519.6</ele></trkpt><trkpt lat="37.856900" lon="-122.196970"><ele>518.5</ele></trkpt><trkpt lat="37.856800" lon="-122.196850"><ele>517.3</ele></trkpt><trkpt lat="37.856490" lon="-122.196650"><ele>514.3</ele></trkpt><trkpt lat="37.856250" lon="-122.196420"><ele>511.5</ele></trkpt><trkpt lat="37.856150" lon="-122.196280"><ele>510.3</ele></trkpt><trkpt lat="37.856070" lon="-122.196080"><ele>509.0</ele></trkpt><trkpt lat="37.856040" lon="-122.195850"><ele>507.5</ele></trkpt><trkpt lat="37.856029" lon="-122.195190"><ele>504.4</ele></trkpt><trkpt lat="37.855960" lon="-122.194920"><ele>503.3</ele></trkpt><trkpt lat="37.855550" lon="-122.194440"><ele>500.7</ele></trkpt><trkpt lat="37.855490" lon="-122.194230"><ele>499.9</ele></trkpt><trkpt lat="37.855350" lon="-122.194010"><ele>498.9</ele></trkpt><trkpt lat="37.855150" lon="-122.193810"><ele>497.9</ele></trkpt><trkpt lat="37.854760" lon="-122.193490"><ele>496.1</ele></trkpt><trkpt lat="37.854439" lon="-122.193180"><ele>494.5</ele></trkpt><trkpt lat="37.854330" lon="-122.193050"><ele>494.0</ele></trkpt><trkpt lat="37.853879" lon="-122.192380"><ele>491.3</ele></trkpt><trkpt lat="37.853630" lon="-122.192250"><ele>490.2</ele></trkpt><trkpt lat="37.853490" lon="-122.192230"><ele>489.8</ele></trkpt><trkpt lat="37.853360" lon="-122.192270"><ele>489.4</ele></trkpt><trkpt lat="37.853260" lon="-122.192350"><ele>489.1</ele></trkpt><trkpt lat="37.852980" lon="-122.192680"><ele>488.2</ele></trkpt><trkpt lat="37.852820" lon="-122.192930"><ele>487.6</ele></trkpt><trkpt lat="37.852670" lon="-122.193240"><ele>486.4</ele></trkpt><trkpt lat="37.852510" lon="-122.193670"><ele>484.7</ele></trkpt><trkpt lat="37.852230" lon="-122.194560"><ele>480.7</ele></trkpt><trkpt lat="37.851970" lon="-122.195210"><ele>477.3</ele></trkpt><trkpt lat="37.851740" lon="-122.195360"><ele>475.6</ele></trkpt><trkpt lat="37.851250" lon="-122.195500"><ele>472.3</ele></trkpt><trkpt lat="37.850879" lon="-122.195550"><ele>470.0</ele></trkpt><trkpt lat="37.850760" lon="-122.195630"><ele>469.1</ele></trkpt><trkpt lat="37.850700" lon="-122.195700"><ele>468.6</ele></trkpt><trkpt lat="37.850650" lon="-122.195780"><ele>468.0</ele></trkpt><trkpt lat="37.850540" lon="-122.195880"><ele>467.1</ele></trkpt><trkpt lat="37.850409" lon="-122.195940"><ele>466.1</ele></trkpt><trkpt lat="37.850210" lon="-122.195980"><ele>464.8</ele></trkpt></trkseg></trk>
<trk><name>Day 2 Sibley to San Leandro BART</name><trkseg><trkpt lat="37.850210" lon="-122.195980"><ele>449.0</ele></trkpt><trkpt lat="37.849850" lon="-122.195990"><ele>448.2</ele></trkpt><trkpt lat="37.849640" lon="-122.195950"><ele>447.7</ele></trkpt><trkpt lat="37.849550" lon="-122.195910"><ele>447.5</ele></trkpt><trkpt lat="37.849440" lon="-122.195820"><ele>447.2</ele></trkpt><trkpt lat="37.849260" lon="-122.195900"><ele>446.8</ele></trkpt><trkpt lat="37.848940" lon="-122.196150"><ele>445.1</ele></trkpt><trkpt lat="37.848909" lon="-122.196220"><ele>444.8</ele></trkpt><trkpt lat="37.848790" lon="-122.196360"><ele>444.0</ele></trkpt><trkpt lat="37.848610" lon="-122.196500"><ele>442.4</ele></trkpt><trkpt lat="37.848500" lon="-122.196650"><ele>441.1</ele></trkpt><trkpt lat="37.848439" lon="-122.196760"><ele>440.3</ele></trkpt><trkpt lat="37.848430" lon="-122.196880"><ele>439.5</ele></trkpt><trkpt lat="37.848450" lon="-122.197170"><ele>437.7</ele></trkpt><trkpt lat="37.848400" lon="-122.197330"><ele>436.6</ele></trkpt><trkpt lat="37.848330" lon="-122.197510"><ele>435.3</ele></trkpt><trkpt lat="37.848170" lon="-122.197750"><ele>433.0</ele></trkpt><trkpt lat="37.848000" lon="-122.198310"><ele>428.6</ele></trkpt><trkpt lat="37.847930" lon="-122.198430"><ele>427.5</ele></trkpt><trkpt lat="37.847830" lon="-122.198500"><ele>426.5</ele></trkpt><trkpt lat="37.847570" lon="-122.198690"><ele>423.7</ele></trkpt><trkpt lat="37.847370" lon="-122.198690"><ele>421.8</ele></trkpt><trkpt lat="37.847240" lon="-122.198510"><ele>419.9</ele></trkpt><trkpt lat="37.846850" lon="-122.198210"><ele>417.2</ele></trkpt><trkpt lat="37.846530" lon="-122.197770"><ele>413.8</ele></trkpt><trkpt lat="37.846200" lon="-122.197440"><ele>411.3</ele></trkpt><trkpt lat="37.845810" lon="-122.196850"><ele>408.4</ele></trkpt><trkpt lat="37.845590" lon="-122.196710"><ele>407.3</ele></trkpt><trkpt lat="37.845330" lon="-122.196600"><ele>406.3</ele></trkpt><trkpt lat="37.844850" lon="-122.196560"><ele>404.4</ele></trkpt><trkpt lat="37.844589" lon="-122.196600"><ele>403.3</ele></trkpt><trkpt lat="37.844150" lon="-122.196630"><ele>402.5</ele></trkpt><trkpt lat="37.844060" lon="-122.196600"><ele>402.4</ele></trkpt><trkpt lat="37.843980" lon="-122.196530"><ele>401.9</ele></trkpt><trkpt lat="37.843890" lon="-122.196420"><ele>401.2</ele></trkpt><trkpt lat="37.843700" lon="-122.196080"><ele>399.2</ele></trkpt><trkpt lat="37.843620" lon="-122.195860"><ele>398.0</ele></trkpt><trkpt lat="37.843510" lon="-122.195630"><ele>396.6</ele></trkpt><trkpt lat="37.843359" lon="-122.195420"><ele>395.3</ele></trkpt><trkpt lat="37.843210" lon="-122.195290"><ele>394.4</ele></trkpt><trkpt lat="37.842980" lon="-122.195230"><ele>393.2</ele></trkpt><trkpt lat="37.842870" lon="-122.195230"><ele>392.6</ele></trkpt><trkpt lat="37.842790" lon="-122.195280"><ele>392.0</ele></trkpt><trkpt lat="37.842740" lon="-122.195360"><ele>391.5</ele></trkpt><trkpt lat="37.842720" lon="-122.195520"><ele>390.7</ele></trkpt><trkpt lat="37.842750" lon="-122.196040"><ele>387.9</ele></trkpt><trkpt lat="37.842630" lon="-122.197190"><ele>384.9</ele></trkpt><trkpt lat="37.842640" lon="-122.197660"><ele>384.2</ele></trkpt><trkpt lat="37.842630" lon="-122.197760"><ele>384.1</ele></trkpt><trkpt lat="37.842590" lon="-122.197860"><ele>383.9</ele></trkpt><trkpt lat="37.842550" lon="-122.197920"><ele>383.8</ele></trkpt><trkpt lat="37.842490" lon="-122.197950"><ele>383.6</ele></trkpt><trkpt lat="37.842380" lon="-122.197960"><ele>383.4</ele></trkpt><trkpt lat="37.841930" lon="-122.197940"><ele>382.6</ele></trkpt><trkpt lat="37.841790" lon="-122.197970"><ele>382.4</ele></trkpt><trkpt lat="37.841679" lon="-122.198050"><ele>382.3</ele></trkpt><trkpt lat="37.841600" lon="-122.198160"><ele>382.2</ele></trkpt><trkpt lat="37.841440" lon="-122.198520"><ele>382.4</ele></trkpt><trkpt lat="37.841380" lon="-122.198580"><ele>382.5</ele></trkpt><trkpt lat="37.841270" lon="-122.198600"><ele>382.5</ele></trkpt><trkpt lat="37.841090" lon="-122.198520"><ele>382.4</ele></trkpt><trkpt lat="37.840919" lon="-122.198390"><ele>382.3</ele></trkpt><trkpt lat="37.840710" lon="-122.198110"><ele>382.5</ele></trkpt><trkpt lat="37.840649" lon="-122.198050"><ele>382.6</ele></trkpt><trkpt lat="37.840580" lon="-122.198010"><ele>382.8</ele></trkpt><trkpt lat="37.840440" lon="-122.197980"><ele>383.0</ele></trkpt><trkpt lat="37.840330" lon="-122.197900"><ele>383.3</ele></trkpt><trkpt lat="37.840250" lon="-122.197770"><ele>383.6</ele></trkpt><trkpt lat="37.840200" lon="-122.197640"><ele>384.0</ele></trkpt><trkpt lat="37.840190" lon="-122.197530"><ele>384.2</ele></trkpt><trkpt lat="37.840160" lon="-122.197270"><ele>384.8</ele></trkpt><trkpt lat="37.840110" lon="-122.197090"><ele>385.1</ele></trkpt><trkpt lat="37.839940" lon="-122.196650"><ele>385.9</ele></trkpt><trkpt lat="37.839880" lon="-122.196440"><ele>386.1</ele></trkpt><trkpt lat="37.839720" lon="-122.195790"><ele>386.5</ele></trkpt><trkpt lat="37.839640" lon="-122.195280"><ele>386.3</ele></trkpt><trkpt lat="37.839410" lon="-122.194510"><ele>385.2</ele></trkpt><trkpt lat="37.839320" lon="-122.193920"><ele>384.4</ele></trkpt><trkpt lat="37.839260" lon="-122.193830"><ele>384.3</ele></trkpt><trkpt lat="37.838930" lon="-122.193620"><ele>383.7</ele></trkpt><trkpt lat="37.838850" lon="-122.193550"><ele>383.6</ele></trkpt><trkpt lat="37.838790" lon="-122.193460"><ele>383.5</ele></trkpt><trkpt lat="37.838750" lon="-122.193360"><ele>383.4</ele></trkpt><trkpt lat="37.838790" lon="-122.192900"><ele>383.0</ele></trkpt><trkpt lat="37.838760" lon="-122.192760"><ele>383.0</ele></trkpt><trkpt lat="37.838710" lon="-122.192600"><ele>382.9</ele></trkpt><trkpt lat="37.838620" lon="-122.192430"><ele>382.8</ele></trkpt><trkpt lat="37.838220" lon="-122.191930"><ele>382.9</ele></trkpt><trkpt lat="37.838070" lon="-122.191700"><ele>383.0</ele></trkpt><trkpt lat="37.837919" lon="-122.191330"><ele>383.1</ele></trkpt><trkpt lat="37.837820" lon="-122.191210"><ele>383.1</ele></trkpt><trkpt lat="37.837700" lon="-122.191130"><ele>383.1</ele></trkpt><trkpt lat="37.837610" lon="-122.191060"><ele>383.1</ele></trkpt><trkpt lat="37.837570" lon="-122.190950"><ele>383.1</ele></trkpt><trkpt lat="37.837550" lon="-122.190840"><ele>383.1</ele></trkpt><trkpt lat="37.837550" lon="-122.190650"><ele>383.0</ele></trkpt><trkpt lat="37.837530" lon="-122.190500"><ele>382.9</ele></trkpt><trkpt lat="37.837359" lon="-122.190090"><ele>382.9</ele></trkpt><trkpt lat="37.837310" lon="-122.189890"><ele>383.0</ele></trkpt><trkpt lat="37.837269" lon="-122.189770"><ele>383.1</ele></trkpt><trkpt lat="37.837000" lon="-122.189450"><ele>383.1</ele></trkpt><trkpt lat="37.836960" lon="-122.189400"><ele>383.1</ele></trkpt><trkpt lat="37.836940" lon="-122.189330"><ele>383.1</ele></trkpt><trkpt lat="37.836930" lon="-122.189190"><ele>383.1</ele></trkpt><trkpt lat="37.836950" lon="-122.189000"><ele>383.1</ele></trkpt><trkpt lat="37.837110" lon="-122.188430"><ele>382.9</ele></trkpt><trkpt lat="37.837100" lon="-122.188260"><ele>382.6</ele></trkpt><trkpt lat="37.837060" lon="-122.188120"><ele>382.4</ele></trkpt><trkpt lat="37.836970" lon="-122.187940"><ele>382.0</ele></trkpt><trkpt lat="37.836950" lon="-122.187830"><ele>381.8</ele></trkpt><trkpt lat="37.836960" lon="-122.187700"><ele>381.6</ele></trkpt><trkpt lat="37.836990" lon="-122.187540"><ele>381.4</ele></trkpt><trkpt lat="37.836990" lon="-122.187420"><ele>381.3</ele></trkpt><trkpt lat="37.836979" lon="-122.187320"><ele>381.1</ele></trkpt><trkpt lat="37.836780" lon="-122.186900"><ele>380.0</ele></trkpt><trkpt lat="37.836590" lon="-122.186640"><ele>379.1</ele></trkpt><trkpt lat="37.836540" lon="-122.186460"><ele>378.8</ele></trkpt><trkpt lat="37.836540" lon="-122.186300"><ele>378.6</ele></trkpt><trkpt lat="37.836570" lon="-122.186150"><ele>378.4</ele></trkpt><trkpt lat="37.836580" lon="-122.185950"><ele>378.1</ele></trkpt><trkpt lat="37.836540" lon="-122.185810"><ele>377.7</ele></trkpt><trkpt lat="37.836470" lon="-122.185680"><ele>377.4</ele></trkpt><trkpt lat="37.836239" lon="-122.185460"><ele>376.7</ele></trkpt><trkpt lat="37.836110" lon="-122.185250"><ele>376.7</ele></trkpt><trkpt lat="37.835960" lon="-122.184880"><ele>376.7</ele></trkpt><trkpt lat="37.835910" lon="-122.184810"><ele>376.7</ele></trkpt><trkpt lat="37.835960" lon="-122.184880"><ele>376.6</ele></trkpt><trkpt lat="37.836110" lon="-122.185250"><ele>376.4</ele></trkpt><trkpt lat="37.836239" lon="-122.185460"><ele>376.7</ele></trkpt><trkpt lat="37.836470" lon="-122.185680"><ele>377.0</ele></trkpt><trkpt lat="37.836540" lon="-122.185810"><ele>377.3</ele></trkpt><trkpt lat="37.836580" lon="-122.185950"><ele>377.6</ele></trkpt><trkpt lat="37.836570" lon="-122.186150"><ele>378.0</ele></trkpt><trkpt lat="37.836540" lon="-122.186300"><ele>378.4</ele></trkpt><trkpt lat="37.836540" lon="-122.186460"><ele>378.7</ele></trkpt><trkpt lat="37.836590" lon="-122.186640"><ele>379.1</ele></trkpt><trkpt lat="37.836780" lon="-122.186900"><ele>379.9</ele></trkpt><trkpt lat="37.836979" lon="-122.187320"><ele>380.3</ele></trkpt><trkpt lat="37.836990" lon="-122.187420"><ele>380.3</ele></trkpt><trkpt lat="37.836990" lon="-122.187540"><ele>380.4</ele></trkpt><trkpt lat="37.836960" lon="-122.187700"><ele>380.4</ele></trkpt><trkpt lat="37.836950" lon="-122.187830"><ele>380.5</ele></trkpt><trkpt lat="37.836960" lon="-122.187890"><ele>380.5</ele></trkpt><trkpt lat="37.836960" lon="-122.187890"><ele>380.5</ele></trkpt><trkpt lat="37.836950" lon="-122.187830"><ele>380.6</ele></trkpt><trkpt lat="37.836960" lon="-122.187700"><ele>380.6</ele></trkpt><trkpt lat="37.836990" lon="-122.187540"><ele>380.7</ele></trkpt><trkpt lat="37.836990" lon="-122.187420"><ele>380.6</ele></trkpt><trkpt lat="37.836979" lon="-122.187320"><ele>380.5</ele></trkpt><trkpt lat="37.836780" lon="-122.186900"><ele>380.1</ele></trkpt><trkpt lat="37.836590" lon="-122.186640"><ele>379.3</ele></trkpt><trkpt lat="37.836540" lon="-122.186460"><ele>378.8</ele></trkpt><trkpt lat="37.836540" lon="-122.186300"><ele>378.4</ele></trkpt><trkpt lat="37.836570" lon="-122.186150"><ele>378.0</ele></trkpt><trkpt lat="37.836580" lon="-122.185950"><ele>377.5</ele></trkpt><trkpt lat="37.836540" lon="-122.185810"><ele>377.1</ele></trkpt><trkpt lat="37.836470" lon="-122.185680"><ele>376.7</ele></trkpt><trkpt lat="37.836239" lon="-122.185460"><ele>376.6</ele></trkpt><trkpt lat="37.836110" lon="-122.185250"><ele>376.4</ele></trkpt><trkpt lat="37.835960" lon="-122.184880"><ele>377.1</ele></trkpt><trkpt lat="37.835910" lon="-122.184810"><ele>377.3</ele></trkpt><trkpt lat="37.835830" lon="-122.184770"><ele>377.5</ele></trkpt><trkpt lat="37.835750" lon="-122.184790"><ele>377.6</ele></trkpt><trkpt lat="37.835570" lon="-122.184870"><ele>377.5</ele></trkpt><trkpt lat="37.835450" lon="-122.184870"><ele>377.5</ele></trkpt><trkpt lat="37.835350" lon="-122.184800"><ele>377.4</ele></trkpt><trkpt lat="37.835190" lon="-122.184590"><ele>377.2</ele></trkpt><trkpt lat="37.835070" lon="-122.184460"><ele>377.0</ele></trkpt><trkpt lat="37.835000" lon="-122.184430"><ele>377.0</ele></trkpt><trkpt lat="37.834900" lon="-122.184470"><ele>376.8</ele></trkpt><trkpt lat="37.834520" lon="-122.184930"><ele>376.5</ele></trkpt><trkpt lat="37.834420" lon="-122.185100"><ele>376.5</ele></trkpt><trkpt lat="37.834390" lon="-122.185190"><ele>376.6</ele></trkpt><trkpt lat="37.834370" lon="-122.185380"><ele>376.8</ele></trkpt><trkpt lat="37.834359" lon="-122.186160"><ele>377.2</ele></trkpt><trkpt lat="37.834340" lon="-122.186230"><ele>377.3</ele></trkpt><trkpt lat="37.834290" lon="-122.186330"><ele>377.3</ele></trkpt><trkpt lat="37.834260" lon="-122.186370"><ele>377.4</ele></trkpt><trkpt lat="37.834150" lon="-122.186400"><ele>377.7</ele></trkpt><trkpt lat="37.833979" lon="-122.186340"><ele>378.0</ele></trkpt><trkpt lat="37.833910" lon="-122.186330"><ele>378.2</ele></trkpt><trkpt lat="37.833570" lon="-122.186450"><ele>379.2</ele></trkpt><trkpt lat="37.833410" lon="-122.186380"><ele>379.8</ele></trkpt><trkpt lat="37.833190" lon="-122.186100"><ele>381.0</ele></trkpt><trkpt lat="37.833060" lon="-122.186010"><ele>381.7</ele></trkpt><trkpt lat="37.832980" lon="-122.185980"><ele>382.0</ele></trkpt><trkpt lat="37.832680" lon="-122.186020"><ele>383.1</ele></trkpt><trkpt lat="37.832569" lon="-122.186000"><ele>383.4</ele></trkpt><trkpt lat="37.832370" lon="-122.185860"><ele>383.9</ele></trkpt><trkpt lat="37.832270" lon="-122.185810"><ele>384.3</ele></trkpt><trkpt lat="37.831760" lon="-122.185690"><ele>387.7</ele></trkpt><trkpt lat="37.831840" lon="-122.185710"><ele>388.2</ele></trkpt><trkpt lat="37.831760" lon="-122.185690"><ele>388.6</ele></trkpt><trkpt lat="37.832389" lon="-122.185190"><ele>392.2</ele></trkpt><trkpt lat="37.832640" lon="-122.185020"><ele>393.3</ele></trkpt><trkpt lat="37.832630" lon="-122.184860"><ele>393.7</ele></trkpt><trkpt lat="37.832520" lon="-122.184770"><ele>394.1</ele></trkpt><trkpt lat="37.832370" lon="-122.184700"><ele>394.7</ele></trkpt><trkpt lat="37.832370" lon="-122.184700"><ele>394.7</ele></trkpt><trkpt lat="37.832280" lon="-122.184590"><ele>395.1</ele></trkpt><trkpt lat="37.832310" lon="-122.184550"><ele>395.2</ele></trkpt><trkpt lat="37.832450" lon="-122.184130"><ele>396.5</ele></trkpt><trkpt lat="37.832769" lon="-122.183660"><ele>395.5</ele></trkpt><trkpt lat="37.832859" lon="-122.183510"><ele>395.3</ele></trkpt><trkpt lat="37.832890" lon="-122.183400"><ele>395.2</ele></trkpt><trkpt lat="37.832890" lon="-122.183320"><ele>395.2</ele></trkpt><trkpt lat="37.832760" lon="-122.182640"><ele>395.9</ele></trkpt><trkpt lat="37.832640" lon="-122.182180"><ele>397.2</ele></trkpt><trkpt lat="37.832460" lon="-122.181710"><ele>398.8</ele></trkpt><trkpt lat="37.832220" lon="-122.180940"><ele>401.2</ele></trkpt><trkpt lat="37.832160" lon="-122.180680"><ele>401.6</ele></trkpt><trkpt lat="37.832120" lon="-122.180300"><ele>402.1</ele></trkpt><trkpt lat="37.832070" lon="-122.180060"><ele>402.4</ele></trkpt><trkpt lat="37.832020" lon="-122.179920"><ele>402.7</ele></trkpt><trkpt lat="37.831940" lon="-122.179720"><ele>402.9</ele></trkpt><trkpt lat="37.831840" lon="-122.179530"><ele>402.5</ele></trkpt><trkpt lat="37.831570" lon="-122.179210"><ele>401.6</ele></trkpt><trkpt lat="37.831260" lon="-122.178890"><ele>398.4</ele></trkpt><trkpt lat="37.831210" lon="-122.178780"><ele>397.6</ele></trkpt><trkpt lat="37.831190" lon="-122.178710"><ele>397.1</ele></trkpt><trkpt lat="37.831140" lon="-122.178270"><ele>394.0</ele></trkpt><trkpt lat="37.831040" lon="-122.177860"><ele>391.5</ele></trkpt><trkpt lat="37.830790" lon="-122.177160"><ele>387.4</ele></trkpt><trkpt lat="37.830670" lon="-122.176900"><ele>385.3</ele></trkpt><trkpt lat="37.830590" lon="-122.176770"><ele>384.4</ele></trkpt><trkpt lat="37.830120" lon="-122.176330"><ele>381.0</ele></trkpt><trkpt lat="37.829210" lon="-122.175510"><ele>378.7</ele></trkpt><trkpt lat="37.828860" lon="-122.175250"><ele>377.7</ele></trkpt><trkpt lat="37.828740" lon="-122.175130"><ele>377.7</ele></trkpt><trkpt lat="37.828680" lon="-122.175040"><ele>377.8</ele></trkpt><trkpt lat="37.828560" lon="-122.174630"><ele>378.0</ele></trkpt><trkpt lat="37.828400" lon="-122.173830"><ele>377.8</ele></trkpt><trkpt lat="37.828200" lon="-122.173310"><ele>377.3</ele></trkpt><trkpt lat="37.828080" lon="-122.173090"><ele>376.6</ele></trkpt><trkpt lat="37.828000" lon="-122.172990"><ele>376.2</ele></trkpt><trkpt lat="37.827590" lon="-122.172700"><ele>373.8</ele></trkpt><trkpt lat="37.827480" lon="-122.172590"><ele>373.0</ele></trkpt><trkpt lat="37.827390" lon="-122.172450"><ele>371.9</ele></trkpt><trkpt lat="37.827330" lon="-122.172320"><ele>370.7</ele></trkpt><trkpt lat="37.827350" lon="-122.172020"><ele>368.4</ele></trkpt><trkpt lat="37.827440" lon="-122.171610"><ele>365.3</ele></trkpt><trkpt lat="37.827460" lon="-122.171340"><ele>363.3</ele></trkpt><trkpt lat="37.827440" lon="-122.171150"><ele>361.7</ele></trkpt><trkpt lat="37.827400" lon="-122.171000"><ele>360.2</ele></trkpt><trkpt lat="37.827320" lon="-122.170810"><ele>358.1</ele></trkpt><trkpt lat="37.827180" lon="-122.170540"><ele>355.0</ele></trkpt><trkpt lat="37.827070" lon="-122.170350"><ele>352.6</ele></trkpt><trkpt lat="37.826450" lon="-122.169130"><ele>340.5</ele></trkpt><trkpt lat="37.826220" lon="-122.168720"><ele>337.5</ele></trkpt><trkpt lat="37.825850" lon="-122.168190"><ele>333.7</ele></trkpt><trkpt lat="37.825280" lon="-122.167580"><ele>330.2</ele></trkpt><trkpt lat="37.824800" lon="-122.166980"><ele>328.9</ele></trkpt><trkpt lat="37.824170" lon="-122.165950"><ele>328.9</ele></trkpt><trkpt lat="37.824070" lon="-122.165820"><ele>329.4</ele></trkpt><trkpt lat="37.823930" lon="-122.165680"><ele>330.2</ele></trkpt><trkpt lat="37.823720" lon="-122.165570"><ele>331.2</ele></trkpt><trkpt lat="37.823340" lon="-122.165440"><ele>333.4</ele></trkpt><trkpt lat="37.822530" lon="-122.165180"><ele>337.0</ele></trkpt><trkpt lat="37.822440" lon="-122.165140"><ele>337.2</ele></trkpt><trkpt lat="37.822330" lon="-122.165010"><ele>337.4</ele></trkpt><trkpt lat="37.822110" lon="-122.164710"><ele>337.8</ele></trkpt><trkpt lat="37.821540" lon="-122.163810"><ele>337.7</ele></trkpt><trkpt lat="37.821470" lon="-122.163660"><ele>337.4</ele></trkpt><trkpt lat="37.821270" lon="-122.163080"><ele>335.8</ele></trkpt><trkpt lat="37.821110" lon="-122.162740"><ele>335.5</ele></trkpt><trkpt lat="37.820090" lon="-122.161220"><ele>335.3</ele></trkpt><trkpt lat="37.819970" lon="-122.161030"><ele>335.3</ele></trkpt><trkpt lat="37.819560" lon="-122.160220"><ele>335.5</ele></trkpt><trkpt lat="37.818960" lon="-122.159320"><ele>334.9</ele></trkpt><trkpt lat="37.818680" lon="-122.158930"><ele>334.4</ele></trkpt><trkpt lat="37.818320" lon="-122.158240"><ele>333.7</ele></trkpt><trkpt lat="37.818040" lon="-122.157560"><ele>333.3</ele></trkpt><trkpt lat="37.817650" lon="-122.156860"><ele>332.5</ele></trkpt><trkpt lat="37.817550" lon="-122.156710"><ele>332.5</ele></trkpt><trkpt lat="37.817390" lon="-122.156530"><ele>332.5</ele></trkpt><trkpt lat="37.816840" lon="-122.156070"><ele>332.1</ele></trkpt><trkpt lat="37.816670" lon="-122.155890"><ele>332.0</ele></trkpt><trkpt lat="37.816460" lon="-122.155600"><ele>331.5</ele></trkpt><trkpt lat="37.816339" lon="-122.155330"><ele>330.9</ele></trkpt><trkpt lat="37.816190" lon="-122.154650"><ele>329.7</ele></trkpt><trkpt lat="37.816190" lon="-122.154650"><ele>329.7</ele></trkpt><trkpt lat="37.816130" lon="-122.154480"><ele>329.4</ele></trkpt><trkpt lat="37.816020" lon="-122.154250"><ele>328.9</ele></trkpt><trkpt lat="37.815880" lon="-122.154020"><ele>328.4</ele></trkpt><trkpt lat="37.815689" lon="-122.153760"><ele>327.3</ele></trkpt><trkpt lat="37.815410" lon="-122.153470"><ele>325.8</ele></trkpt><trkpt lat="37.815250" lon="-122.153280"><ele>324.4</ele></trkpt><trkpt lat="37.815019" lon="-122.152920"><ele>322.1</ele></trkpt><trkpt lat="37.814980" lon="-122.152800"><ele>321.4</ele></trkpt><trkpt lat="37.814970" lon="-122.152700"><ele>320.9</ele></trkpt><trkpt lat="37.815010" lon="-122.152400"><ele>319.2</ele></trkpt><trkpt lat="37.815100" lon="-122.152120"><ele>317.0</ele></trkpt><trkpt lat="37.815290" lon="-122.151670"><ele>313.2</ele></trkpt><trkpt lat="37.815320" lon="-122.151530"><ele>312.2</ele></trkpt><trkpt lat="37.815340" lon="-122.151300"><ele>310.6</ele></trkpt><trkpt lat="37.815340" lon="-122.151200"><ele>310.0</ele></trkpt><trkpt lat="37.815309" lon="-122.151070"><ele>309.2</ele></trkpt><trkpt lat="37.815060" lon="-122.150450"><ele>306.5</ele></trkpt><trkpt lat="37.814810" lon="-122.149530"><ele>305.4</ele></trkpt><trkpt lat="37.814670" lon="-122.149220"><ele>305.4</ele></trkpt><trkpt lat="37.814530" lon="-122.148990"><ele>306.0</ele></trkpt><trkpt lat="37.814080" lon="-122.148390"><ele>305.8</ele></trkpt><trkpt lat="37.813720" lon="-122.147820"><ele>303.2</ele></trkpt><trkpt lat="37.813160" lon="-122.147170"><ele>298.7</ele></trkpt><trkpt lat="37.812800" lon="-122.146640"><ele>296.3</ele></trkpt><trkpt lat="37.812680" lon="-122.146520"><ele>295.7</ele></trkpt><trkpt lat="37.812320" lon="-122.146350"><ele>294.4</ele></trkpt><trkpt lat="37.812040" lon="-122.146180"><ele>294.0</ele></trkpt><trkpt lat="37.811850" lon="-122.146010"><ele>293.8</ele></trkpt><trkpt lat="37.811580" lon="-122.145730"><ele>293.6</ele></trkpt><trkpt lat="37.811140" lon="-122.145360"><ele>293.5</ele></trkpt><trkpt lat="37.810980" lon="-122.145190"><ele>293.1</ele></trkpt><trkpt lat="37.810020" lon="-122.143870"><ele>285.9</ele></trkpt><trkpt lat="37.809850" lon="-122.143700"><ele>285.3</ele></trkpt><trkpt lat="37.809640" lon="-122.143570"><ele>285.5</ele></trkpt><trkpt lat="37.809250" lon="-122.143350"><ele>286.2</ele></trkpt><trkpt lat="37.809040" lon="-122.143200"><ele>286.9</ele></trkpt><trkpt lat="37.808850" lon="-122.143130"><ele>287.7</ele></trkpt><trkpt lat="37.808770" lon="-122.143120"><ele>288.1</ele></trkpt><trkpt lat="37.808650" lon="-122.143130"><ele>288.7</ele></trkpt><trkpt lat="37.808290" lon="-122.143290"><ele>290.0</ele></trkpt><trkpt lat="37.808079" lon="-122.143310"><ele>290.3</ele></trkpt><trkpt lat="37.807860" lon="-122.143260"><ele>290.4</ele></trkpt><trkpt lat="37.807660" lon="-122.143190"><ele>290.2</ele></trkpt><trkpt lat="37.807580" lon="-122.143140"><ele>290.1</ele></trkpt><trkpt lat="37.807519" lon="-122.143080"><ele>290.0</ele></trkpt><trkpt lat="37.807429" lon="-122.142920"><ele>289.7</ele></trkpt><trkpt lat="37.807370" lon="-122.142790"><ele>289.1</ele></trkpt><trkpt lat="37.807300" lon="-122.142580"><ele>288.2</ele></trkpt><trkpt lat="37.807190" lon="-122.142140"><ele>286.3</ele></trkpt><trkpt lat="37.807090" lon="-122.141860"><ele>285.1</ele></trkpt><trkpt lat="37.806920" lon="-122.141510"><ele>284.1</ele></trkpt><trkpt lat="37.806730" lon="-122.141230"><ele>283.6</ele></trkpt><trkpt lat="37.806640" lon="-122.141140"><ele>283.7</ele></trkpt><trkpt lat="37.806470" lon="-122.141050"><ele>284.6</ele></trkpt><trkpt lat="37.806090" lon="-122.140940"><ele>286.7</ele></trkpt><trkpt lat="37.805650" lon="-122.140760"><ele>289.3</ele></trkpt><trkpt lat="37.805459" lon="-122.140700"><ele>290.0</ele></trkpt><trkpt lat="37.804820" lon="-122.140600"><ele>291.7</ele></trkpt><trkpt lat="37.804609" lon="-122.140510"><ele>292.0</ele></trkpt><trkpt lat="37.804420" lon="-122.140360"><ele>291.8</ele></trkpt><trkpt lat="37.804139" lon="-122.140070"><ele>291.3</ele></trkpt><trkpt lat="37.803660" lon="-122.139640"><ele>289.0</ele></trkpt><trkpt lat="37.803489" lon="-122.139470"><ele>288.0</ele></trkpt><trkpt lat="37.803050" lon="-122.138960"><ele>284.7</ele></trkpt><trkpt lat="37.802910" lon="-122.138830"><ele>283.6</ele></trkpt><trkpt lat="37.802600" lon="-122.138580"><ele>281.7</ele></trkpt><trkpt lat="37.802410" lon="-122.138360"><ele>280.3</ele></trkpt><trkpt lat="37.802040" lon="-122.137570"><ele>273.7</ele></trkpt><trkpt lat="37.801139" lon="-122.135920"><ele>257.5</ele></trkpt><trkpt lat="37.801390" lon="-122.135930"><ele>255.5</ele></trkpt><trkpt lat="37.801540" lon="-122.135970"><ele>254.6</ele></trkpt><trkpt lat="37.801720" lon="-122.136120"><ele>253.7</ele></trkpt><trkpt lat="37.801900" lon="-122.136380"><ele>252.7</ele></trkpt><trkpt lat="37.801720" lon="-122.136120"><ele>252.7</ele></trkpt><trkpt lat="37.801540" lon="-122.135970"><ele>252.7</ele></trkpt><trkpt lat="37.801390" lon="-122.135930"><ele>252.5</ele></trkpt><trkpt lat="37.800950" lon="-122.135910"><ele>251.7</ele></trkpt><trkpt lat="37.800680" lon="-122.135860"><ele>250.8</ele></trkpt><trkpt lat="37.800060" lon="-122.135660"><ele>248.0</ele></trkpt><trkpt lat="37.799400" lon="-122.135560"><ele>243.6</ele></trkpt><trkpt lat="37.799000" lon="-122.135380"><ele>240.0</ele></trkpt><trkpt lat="37.798870" lon="-122.135380"><ele>238.9</ele></trkpt><trkpt lat="37.798789" lon="-122.135420"><ele>238.2</ele></trkpt><trkpt lat="37.798690" lon="-122.135490"><ele>237.2</ele></trkpt><trkpt lat="37.798580" lon="-122.135520"><ele>236.3</ele></trkpt><trkpt lat="37.798470" lon="-122.135510"><ele>235.3</ele></trkpt><trkpt lat="37.798400" lon="-122.135470"><ele>234.7</ele></trkpt><trkpt lat="37.798319" lon="-122.135380"><ele>233.8</ele></trkpt><trkpt lat="37.798270" lon="-122.135250"><ele>233.1</ele></trkpt><trkpt lat="37.798090" lon="-122.134230"><ele>228.0</ele></trkpt><trkpt lat="37.797960" lon="-122.133850"><ele>226.4</ele></trkpt><trkpt lat="37.797880" lon="-122.133670"><ele>225.6</ele></trkpt><trkpt lat="37.797530" lon="-122.133100"><ele>222.6</ele></trkpt><trkpt lat="37.797360" lon="-122.132790"><ele>221.3</ele></trkpt><trkpt lat="37.797150" lon="-122.132520"><ele>220.3</ele></trkpt><trkpt lat="37.796990" lon="-122.132250"><ele>219.3</ele></trkpt><trkpt lat="37.796790" lon="-122.132030"><ele>218.2</ele></trkpt><trkpt lat="37.796480" lon="-122.131820"><ele>216.8</ele></trkpt><trkpt lat="37.796340" lon="-122.131670"><ele>216.1</ele></trkpt><trkpt lat="37.796210" lon="-122.131500"><ele>215.4</ele></trkpt><trkpt lat="37.796070" lon="-122.131400"><ele>214.7</ele></trkpt><trkpt lat="37.795460" lon="-122.131180"><ele>212.5</ele></trkpt><trkpt lat="37.795350" lon="-122.131210"><ele>212.1</ele></trkpt><trkpt lat="37.795310" lon="-122.131270"><ele>211.9</ele></trkpt><trkpt lat="37.795290" lon="-122.131360"><ele>211.5</ele></trkpt><trkpt lat="37.795310" lon="-122.131450"><ele>211.1</ele></trkpt><trkpt lat="37.795740" lon="-122.132000"><ele>207.7</ele></trkpt><trkpt lat="37.795789" lon="-122.132090"><ele>207.3</ele></trkpt><trkpt lat="37.795830" lon="-122.132250"><ele>206.6</ele></trkpt><trkpt lat="37.795830" lon="-122.132560"><ele>205.4</ele></trkpt><trkpt lat="37.795840" lon="-122.132630"><ele>205.2</ele></trkpt><trkpt lat="37.795890" lon="-122.132720"><ele>204.8</ele></trkpt><trkpt lat="37.795950" lon="-122.132780"><ele>204.4</ele></trkpt><trkpt lat="37.796169" lon="-122.132890"><ele>203.4</ele></trkpt><trkpt lat="37.796280" lon="-122.132980"><ele>202.9</ele></trkpt><trkpt lat="37.796580" lon="-122.133370"><ele>201.2</ele></trkpt><trkpt lat="37.797000" lon="-122.133790"><ele>198.8</ele></trkpt><trkpt lat="37.797140" lon="-122.133940"><ele>198.3</ele></trkpt><trkpt lat="37.797199" lon="-122.134030"><ele>198.1</ele></trkpt><trkpt lat="37.797240" lon="-122.134130"><ele>197.8</ele></trkpt><trkpt lat="37.797260" lon="-122.134250"><ele>197.5</ele></trkpt><trkpt lat="37.797260" lon="-122.134360"><ele>197.3</ele></trkpt><trkpt lat="37.797210" lon="-122.134660"><ele>196.6</ele></trkpt><trkpt lat="37.797220" lon="-122.134770"><ele>196.4</ele></trkpt><trkpt lat="37.797250" lon="-122.134870"><ele>196.1</ele></trkpt><trkpt lat="37.797320" lon="-122.134990"><ele>195.6</ele></trkpt><trkpt lat="37.797650" lon="-122.135360"><ele>193.1</ele></trkpt><trkpt lat="37.797730" lon="-122.135500"><ele>192.3</ele></trkpt><trkpt lat="37.797780" lon="-122.135670"><ele>191.4</ele></trkpt><trkpt lat="37.797800" lon="-122.135930"><ele>190.1</ele></trkpt><trkpt lat="37.797710" lon="-122.136610"><ele>187.0</ele></trkpt><trkpt lat="37.797730" lon="-122.136730"><ele>186.4</ele></trkpt><trkpt lat="37.797759" lon="-122.136810"><ele>185.9</ele></trkpt><trkpt lat="37.797830" lon="-122.136900"><ele>185.2</ele></trkpt><trkpt lat="37.797950" lon="-122.136960"><ele>184.2</ele></trkpt><trkpt lat="37.798300" lon="-122.136910"><ele>181.5</ele></trkpt><trkpt lat="37.798409" lon="-122.136910"><ele>180.6</ele></trkpt><trkpt lat="37.798490" lon="-122.136960"><ele>179.9</ele></trkpt><trkpt lat="37.798560" lon="-122.137070"><ele>178.9</ele></trkpt><trkpt lat="37.798570" lon="-122.137190"><ele>178.1</ele></trkpt><trkpt lat="37.798550" lon="-122.137270"><ele>177.6</ele></trkpt><trkpt lat="37.798450" lon="-122.137440"><ele>176.4</ele></trkpt><trkpt lat="37.798380" lon="-122.137520"><ele>175.7</ele></trkpt><trkpt lat="37.797510" lon="-122.138180"><ele>170.2</ele></trkpt><trkpt lat="37.797450" lon="-122.138260"><ele>169.7</ele></trkpt><trkpt lat="37.797440" lon="-122.138340"><ele>169.4</ele></trkpt><trkpt lat="37.797450" lon="-122.138450"><ele>168.9</ele></trkpt><trkpt lat="37.797500" lon="-122.138530"><ele>168.4</ele></trkpt><trkpt lat="37.797970" lon="-122.138790"><ele>165.8</ele></trkpt><trkpt lat="37.798160" lon="-122.138990"><ele>164.7</ele></trkpt><trkpt lat="37.798250" lon="-122.139150"><ele>164.0</ele></trkpt><trkpt lat="37.798290" lon="-122.139280"><ele>163.5</ele></trkpt><trkpt lat="37.798319" lon="-122.139550"><ele>162.7</ele></trkpt><trkpt lat="37.798280" lon="-122.139950"><ele>161.7</ele></trkpt><trkpt lat="37.798280" lon="-122.140260"><ele>160.5</ele></trkpt><trkpt lat="37.798330" lon="-122.140820"><ele>158.5</ele></trkpt><trkpt lat="37.798370" lon="-122.140850"><ele>158.3</ele></trkpt><trkpt lat="37.798460" lon="-122.140970"><ele>158.0</ele></trkpt><trkpt lat="37.798530" lon="-122.141230"><ele>157.3</ele></trkpt><trkpt lat="37.798550" lon="-122.141500"><ele>157.0</ele></trkpt><trkpt lat="37.798580" lon="-122.141680"><ele>156.7</ele></trkpt><trkpt lat="37.798660" lon="-122.141880"><ele>156.4</ele></trkpt><trkpt lat="37.798850" lon="-122.142160"><ele>159.1</ele></trkpt><trkpt lat="37.798980" lon="-122.142310"><ele>161.0</ele></trkpt><trkpt lat="37.799240" lon="-122.142560"><ele>162.4</ele></trkpt><trkpt lat="37.799370" lon="-122.142710"><ele>162.6</ele></trkpt><trkpt lat="37.800109" lon="-122.143730"><ele>165.4</ele></trkpt><trkpt lat="37.800220" lon="-122.143920"><ele>166.0</ele></trkpt><trkpt lat="37.800280" lon="-122.144090"><ele>166.5</ele></trkpt><trkpt lat="37.800310" lon="-122.144460"><ele>167.5</ele></trkpt><trkpt lat="37.800300" lon="-122.145250"><ele>164.8</ele></trkpt><trkpt lat="37.800260" lon="-122.145770"><ele>166.4</ele></trkpt><trkpt lat="37.800210" lon="-122.145990"><ele>167.0</ele></trkpt><trkpt lat="37.799980" lon="-122.146450"><ele>168.2</ele></trkpt><trkpt lat="37.799909" lon="-122.146710"><ele>168.7</ele></trkpt><trkpt lat="37.799890" lon="-122.147030"><ele>169.3</ele></trkpt><trkpt lat="37.799900" lon="-122.147710"><ele>171.0</ele></trkpt><trkpt lat="37.799850" lon="-122.148020"><ele>171.7</ele></trkpt><trkpt lat="37.799760" lon="-122.148220"><ele>172.1</ele></trkpt><trkpt lat="37.799540" lon="-122.148520"><ele>172.8</ele></trkpt><trkpt lat="37.799450" lon="-122.148670"><ele>173.1</ele></trkpt><trkpt lat="37.799270" lon="-122.149110"><ele>174.2</ele></trkpt><trkpt lat="37.799190" lon="-122.149260"><ele>174.7</ele></trkpt><trkpt lat="37.799070" lon="-122.149370"><ele>175.2</ele></trkpt><trkpt lat="37.798670" lon="-122.149660"><ele>176.5</ele></trkpt><trkpt lat="37.798520" lon="-122.149860"><ele>177.2</ele></trkpt><trkpt lat="37.798340" lon="-122.150200"><ele>178.6</ele></trkpt><trkpt lat="37.798280" lon="-122.150370"><ele>179.3</ele></trkpt><trkpt lat="37.798240" lon="-122.150540"><ele>180.1</ele></trkpt><trkpt lat="37.798229" lon="-122.150730"><ele>181.0</ele></trkpt><trkpt lat="37.798020" lon="-122.150810"><ele>182.4</ele></trkpt><trkpt lat="37.797925" lon="-122.150708"><ele>183.3</ele></trkpt><trkpt lat="37.797869" lon="-122.150595"><ele>184.2</ele></trkpt><trkpt lat="37.797830" lon="-122.150550"><ele>184.6</ele></trkpt><trkpt lat="37.797740" lon="-122.150410"><ele>185.8</ele></trkpt><trkpt lat="37.797480" lon="-122.150170"><ele>188.8</ele></trkpt><trkpt lat="37.797350" lon="-122.149900"><ele>191.2</ele></trkpt><trkpt lat="37.797199" lon="-122.149760"><ele>193.1</ele></trkpt><trkpt lat="37.796950" lon="-122.149590"><ele>196.5</ele></trkpt><trkpt lat="37.796740" lon="-122.149340"><ele>200.0</ele></trkpt><trkpt lat="37.796230" lon="-122.148840"><ele>208.5</ele></trkpt><trkpt lat="37.796180" lon="-122.148780"><ele>209.3</ele></trkpt><trkpt lat="37.796000" lon="-122.148430"><ele>213.1</ele></trkpt><trkpt lat="37.795850" lon="-122.148230"><ele>215.7</ele></trkpt><trkpt lat="37.795530" lon="-122.147740"><ele>221.8</ele></trkpt><trkpt lat="37.795470" lon="-122.147690"><ele>222.7</ele></trkpt><trkpt lat="37.795220" lon="-122.147700"><ele>225.8</ele></trkpt><trkpt lat="37.795120" lon="-122.147650"><ele>227.3</ele></trkpt><trkpt lat="37.795020" lon="-122.147520"><ele>229.4</ele></trkpt><trkpt lat="37.795000" lon="-122.147390"><ele>230.8</ele></trkpt><trkpt lat="37.795029" lon="-122.147360"><ele>231.4</ele></trkpt><trkpt lat="37.795240" lon="-122.147390"><ele>234.3</ele></trkpt><trkpt lat="37.795350" lon="-122.147370"><ele>235.8</ele></trkpt><trkpt lat="37.795440" lon="-122.147300"><ele>237.2</ele></trkpt><trkpt lat="37.795630" lon="-122.147090"><ele>240.6</ele></trkpt><trkpt lat="37.795670" lon="-122.147090"><ele>241.1</ele></trkpt><trkpt lat="37.795850" lon="-122.147220"><ele>244.1</ele></trkpt><trkpt lat="37.796030" lon="-122.147280"><ele>246.9</ele></trkpt><trkpt lat="37.796190" lon="-122.147520"><ele>250.5</ele></trkpt><trkpt lat="37.796290" lon="-122.147580"><ele>252.2</ele></trkpt><trkpt lat="37.796430" lon="-122.147570"><ele>254.2</ele></trkpt><trkpt lat="37.796639" lon="-122.147500"><ele>257.4</ele></trkpt><trkpt lat="37.796780" lon="-122.147490"><ele>259.2</ele></trkpt><trkpt lat="37.796880" lon="-122.147540"><ele>260.6</ele></trkpt><trkpt lat="37.796970" lon="-122.147670"><ele>262.4</ele></trkpt><trkpt lat="37.797040" lon="-122.147720"><ele>263.4</ele></trkpt><trkpt lat="37.797180" lon="-122.147720"><ele>265.2</ele></trkpt><trkpt lat="37.797600" lon="-122.147590"><ele>270.7</ele></trkpt><trkpt lat="37.797660" lon="-122.147560"><ele>271.6</ele></trkpt><trkpt lat="37.797680" lon="-122.147470"><ele>272.7</ele></trkpt><trkpt lat="37.797320" lon="-122.147260"><ele>278.5</ele></trkpt><trkpt lat="37.796920" lon="-122.146880"><ele>285.7</ele></trkpt><trkpt lat="37.796760" lon="-122.146580"><ele>290.1</ele></trkpt><trkpt lat="37.796530" lon="-122.146050"><ele>298.1</ele></trkpt><trkpt lat="37.796430" lon="-122.145920"><ele>300.7</ele></trkpt><trkpt lat="37.796340" lon="-122.145860"><ele>302.6</ele></trkpt><trkpt lat="37.796200" lon="-122.145820"><ele>305.2</ele></trkpt><trkpt lat="37.796140" lon="-122.145770"><ele>306.4</ele></trkpt><trkpt lat="37.796040" lon="-122.145630"><ele>308.8</ele></trkpt><trkpt lat="37.795850" lon="-122.145250"><ele>314.5</ele></trkpt><trkpt lat="37.795680" lon="-122.145010"><ele>317.5</ele></trkpt><trkpt lat="37.795530" lon="-122.144750"><ele>320.5</ele></trkpt><trkpt lat="37.795130" lon="-122.144290"><ele>325.9</ele></trkpt><trkpt lat="37.794939" lon="-122.144010"><ele>328.5</ele></trkpt><trkpt lat="37.794860" lon="-122.143860"><ele>329.8</ele></trkpt><trkpt lat="37.794800" lon="-122.143600"><ele>331.4</ele></trkpt><trkpt lat="37.794750" lon="-122.143480"><ele>332.0</ele></trkpt><trkpt lat="37.794610" lon="-122.143270"><ele>333.2</ele></trkpt><trkpt lat="37.794530" lon="-122.143110"><ele>334.0</ele></trkpt><trkpt lat="37.794160" lon="-122.142850"><ele>335.6</ele></trkpt><trkpt lat="37.794060" lon="-122.142810"><ele>335.9</ele></trkpt><trkpt lat="37.793810" lon="-122.142800"><ele>336.2</ele></trkpt><trkpt lat="37.793710" lon="-122.142760"><ele>336.3</ele></trkpt><trkpt lat="37.793410" lon="-122.142560"><ele>336.7</ele></trkpt><trkpt lat="37.793230" lon="-122.142440"><ele>336.9</ele></trkpt><trkpt lat="37.793050" lon="-122.142290"><ele>337.0</ele></trkpt><trkpt lat="37.792910" lon="-122.142230"><ele>336.9</ele></trkpt><trkpt lat="37.792760" lon="-122.142230"><ele>336.7</ele></trkpt><trkpt lat="37.792499" lon="-122.142390"><ele>336.2</ele></trkpt><trkpt lat="37.792400" lon="-122.142420"><ele>335.9</ele></trkpt><trkpt lat="37.792330" lon="-122.142420"><ele>335.7</ele></trkpt><trkpt lat="37.792080" lon="-122.142340"><ele>335.0</ele></trkpt><trkpt lat="37.791890" lon="-122.142140"><ele>334.4</ele></trkpt><trkpt lat="37.791820" lon="-122.142100"><ele>334.2</ele></trkpt><trkpt lat="37.791710" lon="-122.142100"><ele>334.0</ele></trkpt><trkpt lat="37.791640" lon="-122.142120"><ele>333.8</ele></trkpt><trkpt lat="37.791410" lon="-122.142340"><ele>333.9</ele></trkpt><trkpt lat="37.791280" lon="-122.142370"><ele>334.0</ele></trkpt><trkpt lat="37.791050" lon="-122.142830"><ele>335.0</ele></trkpt><trkpt lat="37.790940" lon="-122.142980"><ele>335.5</ele></trkpt><trkpt lat="37.790750" lon="-122.143500"><ele>338.2</ele></trkpt><trkpt lat="37.790590" lon="-122.143760"><ele>340.4</ele></trkpt><trkpt lat="37.790430" lon="-122.143950"><ele>343.3</ele></trkpt><trkpt lat="37.790360" lon="-122.144090"><ele>345.0</ele></trkpt><trkpt lat="37.790260" lon="-122.144230"><ele>346.9</ele></trkpt><trkpt lat="37.789910" lon="-122.144550"><ele>351.5</ele></trkpt><trkpt lat="37.789490" lon="-122.145120"><ele>356.8</ele></trkpt><trkpt lat="37.789340" lon="-122.145360"><ele>358.4</ele></trkpt><trkpt lat="37.789270" lon="-122.145510"><ele>359.2</ele></trkpt><trkpt lat="37.789220" lon="-122.145680"><ele>360.1</ele></trkpt><trkpt lat="37.789200" lon="-122.145900"><ele>360.7</ele></trkpt><trkpt lat="37.789210" lon="-122.146110"><ele>361.2</ele></trkpt><trkpt lat="37.789660" lon="-122.147500"><ele>361.7</ele></trkpt><trkpt lat="37.789740" lon="-122.147800"><ele>361.7</ele></trkpt><trkpt lat="37.789760" lon="-122.148030"><ele>361.6</ele></trkpt><trkpt lat="37.789760" lon="-122.148260"><ele>361.5</ele></trkpt><trkpt lat="37.789730" lon="-122.148460"><ele>361.0</ele></trkpt><trkpt lat="37.789630" lon="-122.148800"><ele>359.9</ele></trkpt><trkpt lat="37.789570" lon="-122.148940"><ele>359.4</ele></trkpt><trkpt lat="37.789280" lon="-122.149360"><ele>358.1</ele></trkpt><trkpt lat="37.789060" lon="-122.149880"><ele>355.6</ele></trkpt><trkpt lat="37.788730" lon="-122.149820"><ele>353.4</ele></trkpt><trkpt lat="37.787850" lon="-122.149780"><ele>347.5</ele></trkpt><trkpt lat="37.787710" lon="-122.149760"><ele>346.8</ele></trkpt><trkpt lat="37.787360" lon="-122.149630"><ele>345.4</ele></trkpt><trkpt lat="37.787190" lon="-122.149520"><ele>344.5</ele></trkpt><trkpt lat="37.786860" lon="-122.149220"><ele>342.4</ele></trkpt><trkpt lat="37.786660" lon="-122.148940"><ele>342.3</ele></trkpt><trkpt lat="37.786440" lon="-122.148440"><ele>342.0</ele></trkpt><trkpt lat="37.786440" lon="-122.148440"><ele>342.0</ele></trkpt><trkpt lat="37.786370" lon="-122.148210"><ele>341.7</ele></trkpt><trkpt lat="37.786060" lon="-122.146600"><ele>341.1</ele></trkpt><trkpt lat="37.785990" lon="-122.146350"><ele>341.1</ele></trkpt><trkpt lat="37.785860" lon="-122.146110"><ele>341.1</ele></trkpt><trkpt lat="37.785280" lon="-122.145580"><ele>340.0</ele></trkpt><trkpt lat="37.785160" lon="-122.145460"><ele>340.2</ele></trkpt><trkpt lat="37.785070" lon="-122.145310"><ele>340.3</ele></trkpt><trkpt lat="37.785020" lon="-122.145210"><ele>340.5</ele></trkpt><trkpt lat="37.784970" lon="-122.145040"><ele>340.7</ele></trkpt><trkpt lat="37.784940" lon="-122.144850"><ele>341.0</ele></trkpt><trkpt lat="37.784940" lon="-122.144540"><ele>341.4</ele></trkpt><trkpt lat="37.784960" lon="-122.144350"><ele>341.5</ele></trkpt><trkpt lat="37.785230" lon="-122.143660"><ele>342.0</ele></trkpt><trkpt lat="37.785280" lon="-122.143410"><ele>342.0</ele></trkpt><trkpt lat="37.785290" lon="-122.143140"><ele>342.0</ele></trkpt><trkpt lat="37.785250" lon="-122.142880"><ele>342.0</ele></trkpt><trkpt lat="37.785140" lon="-122.142630"><ele>342.0</ele></trkpt><trkpt lat="37.785089" lon="-122.142560"><ele>341.6</ele></trkpt><trkpt lat="37.785030" lon="-122.142460"><ele>341.0</ele></trkpt><trkpt lat="37.784870" lon="-122.142330"><ele>340.0</ele></trkpt><trkpt lat="37.784619" lon="-122.142210"><ele>338.4</ele></trkpt><trkpt lat="37.783190" lon="-122.142090"><ele>326.0</ele></trkpt><trkpt lat="37.782350" lon="-122.142060"><ele>318.4</ele></trkpt><trkpt lat="37.781880" lon="-122.142000"><ele>316.0</ele></trkpt><trkpt lat="37.781610" lon="-122.141890"><ele>315.0</ele></trkpt><trkpt lat="37.781650" lon="-122.141660"><ele>314.7</ele></trkpt><trkpt lat="37.781930" lon="-122.141770"><ele>315.5</ele></trkpt><trkpt lat="37.782360" lon="-122.141840"><ele>317.5</ele></trkpt><trkpt lat="37.783650" lon="-122.141900"><ele>329.5</ele></trkpt><trkpt lat="37.784390" lon="-122.141940"><ele>336.5</ele></trkpt><trkpt lat="37.784640" lon="-122.141980"><ele>338.3</ele></trkpt><trkpt lat="37.784790" lon="-122.142040"><ele>339.5</ele></trkpt><trkpt lat="37.784960" lon="-122.142150"><ele>341.4</ele></trkpt><trkpt lat="37.785120" lon="-122.142330"><ele>343.7</ele></trkpt><trkpt lat="37.785280" lon="-122.142550"><ele>346.0</ele></trkpt><trkpt lat="37.785390" lon="-122.142810"><ele>347.8</ele></trkpt><trkpt lat="37.786200" lon="-122.142620"><ele>350.5</ele></trkpt><trkpt lat="37.786310" lon="-122.142620"><ele>350.7</ele></trkpt><trkpt lat="37.786240" lon="-122.142430"><ele>350.9</ele></trkpt><trkpt lat="37.785800" lon="-122.142020"><ele>351.0</ele></trkpt><trkpt lat="37.785469" lon="-122.141590"><ele>348.7</ele></trkpt><trkpt lat="37.785400" lon="-122.141480"><ele>347.7</ele></trkpt><trkpt lat="37.785360" lon="-122.141300"><ele>346.4</ele></trkpt><trkpt lat="37.785370" lon="-122.140980"><ele>343.4</ele></trkpt><trkpt lat="37.785360" lon="-122.140890"><ele>342.5</ele></trkpt><trkpt lat="37.785300" lon="-122.140770"><ele>341.1</ele></trkpt><trkpt lat="37.785150" lon="-122.140650"><ele>339.0</ele></trkpt><trkpt lat="37.785110" lon="-122.140600"><ele>338.6</ele></trkpt><trkpt lat="37.785080" lon="-122.140540"><ele>338.1</ele></trkpt><trkpt lat="37.785050" lon="-122.140410"><ele>337.3</ele></trkpt><trkpt lat="37.785030" lon="-122.139950"><ele>334.3</ele></trkpt><trkpt lat="37.785010" lon="-122.139860"><ele>333.7</ele></trkpt><trkpt lat="37.784950" lon="-122.139750"><ele>332.8</ele></trkpt><trkpt lat="37.784890" lon="-122.139700"><ele>332.2</ele></trkpt><trkpt lat="37.784780" lon="-122.139670"><ele>331.2</ele></trkpt><trkpt lat="37.784670" lon="-122.139680"><ele>330.3</ele></trkpt><trkpt lat="37.784570" lon="-122.139720"><ele>329.7</ele></trkpt><trkpt lat="37.784490" lon="-122.139810"><ele>329.0</ele></trkpt><trkpt lat="37.784320" lon="-122.140060"><ele>327.4</ele></trkpt><trkpt lat="37.784239" lon="-122.140150"><ele>326.9</ele></trkpt><trkpt lat="37.784140" lon="-122.140190"><ele>326.6</ele></trkpt><trkpt lat="37.784070" lon="-122.140160"><ele>326.4</ele></trkpt><trkpt lat="37.784020" lon="-122.140040"><ele>326.1</ele></trkpt><trkpt lat="37.783990" lon="-122.139770"><ele>325.5</ele></trkpt><trkpt lat="37.783950" lon="-122.139600"><ele>325.2</ele></trkpt><trkpt lat="37.783880" lon="-122.139490"><ele>324.9</ele></trkpt><trkpt lat="37.783720" lon="-122.139300"><ele>324.4</ele></trkpt><trkpt lat="37.783679" lon="-122.139220"><ele>324.2</ele></trkpt><trkpt lat="37.783670" lon="-122.139090"><ele>323.9</ele></trkpt><trkpt lat="37.783720" lon="-122.138870"><ele>323.3</ele></trkpt><trkpt lat="37.783720" lon="-122.138780"><ele>323.1</ele></trkpt><trkpt lat="37.783710" lon="-122.138690"><ele>322.8</ele></trkpt><trkpt lat="37.783660" lon="-122.138620"><ele>322.6</ele></trkpt><trkpt lat="37.783600" lon="-122.138570"><ele>322.3</ele></trkpt><trkpt lat="37.783530" lon="-122.138540"><ele>322.0</ele></trkpt><trkpt lat="37.783420" lon="-122.138540"><ele>321.6</ele></trkpt><trkpt lat="37.783280" lon="-122.138590"><ele>321.0</ele></trkpt><trkpt lat="37.783180" lon="-122.138580"><ele>320.6</ele></trkpt><trkpt lat="37.782830" lon="-122.138460"><ele>318.7</ele></trkpt><trkpt lat="37.782580" lon="-122.138540"><ele>317.2</ele></trkpt><trkpt lat="37.782480" lon="-122.138510"><ele>316.5</ele></trkpt><trkpt lat="37.782269" lon="-122.138340"><ele>314.8</ele></trkpt><trkpt lat="37.782100" lon="-122.138250"><ele>313.6</ele></trkpt><trkpt lat="37.782050" lon="-122.138130"><ele>313.0</ele></trkpt><trkpt lat="37.782010" lon="-122.137810"><ele>311.6</ele></trkpt><trkpt lat="37.781960" lon="-122.137640"><ele>310.8</ele></trkpt><trkpt lat="37.781880" lon="-122.137550"><ele>310.2</ele></trkpt><trkpt lat="37.781690" lon="-122.137430"><ele>309.1</ele></trkpt><trkpt lat="37.781480" lon="-122.137170"><ele>307.6</ele></trkpt><trkpt lat="37.781350" lon="-122.136840"><ele>305.7</ele></trkpt><trkpt lat="37.781110" lon="-122.136720"><ele>304.0</ele></trkpt><trkpt lat="37.781020" lon="-122.136650"><ele>303.2</ele></trkpt><trkpt lat="37.780850" lon="-122.136480"><ele>301.6</ele></trkpt><trkpt lat="37.780780" lon="-122.136370"><ele>300.7</ele></trkpt><trkpt lat="37.780700" lon="-122.136060"><ele>298.6</ele></trkpt><trkpt lat="37.780580" lon="-122.135830"><ele>296.9</ele></trkpt><trkpt lat="37.780540" lon="-122.135700"><ele>296.0</ele></trkpt><trkpt lat="37.780530" lon="-122.135610"><ele>295.2</ele></trkpt><trkpt lat="37.780610" lon="-122.135350"><ele>292.7</ele></trkpt><trkpt lat="37.780630" lon="-122.135220"><ele>291.5</ele></trkpt><trkpt lat="37.780610" lon="-122.135080"><ele>290.3</ele></trkpt><trkpt lat="37.780520" lon="-122.134940"><ele>288.5</ele></trkpt><trkpt lat="37.780360" lon="-122.134840"><ele>286.1</ele></trkpt><trkpt lat="37.780320" lon="-122.134760"><ele>285.1</ele></trkpt><trkpt lat="37.780330" lon="-122.134670"><ele>284.2</ele></trkpt><trkpt lat="37.780370" lon="-122.134590"><ele>283.2</ele></trkpt><trkpt lat="37.780530" lon="-122.134330"><ele>280.3</ele></trkpt><trkpt lat="37.780580" lon="-122.134220"><ele>279.2</ele></trkpt><trkpt lat="37.780560" lon="-122.134090"><ele>278.0</ele></trkpt><trkpt lat="37.780490" lon="-122.133990"><ele>276.8</ele></trkpt><trkpt lat="37.780430" lon="-122.133940"><ele>276.0</ele></trkpt><trkpt lat="37.780320" lon="-122.133910"><ele>274.7</ele></trkpt><trkpt lat="37.780209" lon="-122.133910"><ele>273.3</ele></trkpt><trkpt lat="37.780070" lon="-122.133950"><ele>271.7</ele></trkpt><trkpt lat="37.779910" lon="-122.134050"><ele>269.4</ele></trkpt><trkpt lat="37.779840" lon="-122.134210"><ele>267.3</ele></trkpt><trkpt lat="37.779800" lon="-122.134530"><ele>263.7</ele></trkpt><trkpt lat="37.779760" lon="-122.134700"><ele>262.1</ele></trkpt><trkpt lat="37.779700" lon="-122.134820"><ele>261.1</ele></trkpt><trkpt lat="37.779500" lon="-122.135150"><ele>258.3</ele></trkpt><trkpt lat="37.779359" lon="-122.135290"><ele>258.5</ele></trkpt><trkpt lat="37.779320" lon="-122.135250"><ele>258.6</ele></trkpt><trkpt lat="37.779260" lon="-122.135130"><ele>258.9</ele></trkpt><trkpt lat="37.779150" lon="-122.134740"><ele>259.9</ele></trkpt><trkpt lat="37.779100" lon="-122.134620"><ele>260.4</ele></trkpt><trkpt lat="37.779020" lon="-122.134520"><ele>261.0</ele></trkpt><trkpt lat="37.778970" lon="-122.134460"><ele>261.4</ele></trkpt><trkpt lat="37.778840" lon="-122.134380"><ele>262.1</ele></trkpt><trkpt lat="37.778590" lon="-122.134340"><ele>265.1</ele></trkpt><trkpt lat="37.778500" lon="-122.134270"><ele>266.3</ele></trkpt><trkpt lat="37.778500" lon="-122.134180"><ele>267.2</ele></trkpt><trkpt lat="37.778530" lon="-122.134000"><ele>269.0</ele></trkpt><trkpt lat="37.778510" lon="-122.133860"><ele>270.7</ele></trkpt><trkpt lat="37.778460" lon="-122.133750"><ele>272.2</ele></trkpt><trkpt lat="37.778300" lon="-122.133550"><ele>275.5</ele></trkpt><trkpt lat="37.778230" lon="-122.133400"><ele>277.5</ele></trkpt><trkpt lat="37.778160" lon="-122.133290"><ele>279.1</ele></trkpt><trkpt lat="37.778050" lon="-122.133270"><ele>280.6</ele></trkpt><trkpt lat="37.777880" lon="-122.133310"><ele>282.9</ele></trkpt><trkpt lat="37.777800" lon="-122.133300"><ele>284.0</ele></trkpt><trkpt lat="37.777710" lon="-122.133230"><ele>284.8</ele></trkpt><trkpt lat="37.777530" lon="-122.132740"><ele>288.0</ele></trkpt><trkpt lat="37.777530" lon="-122.132600"><ele>288.2</ele></trkpt><trkpt lat="37.777570" lon="-122.132430"><ele>288.3</ele></trkpt><trkpt lat="37.777560" lon="-122.132290"><ele>288.4</ele></trkpt><trkpt lat="37.777460" lon="-122.132100"><ele>288.6</ele></trkpt><trkpt lat="37.777430" lon="-122.132080"><ele>288.6</ele></trkpt><trkpt lat="37.777360" lon="-122.132080"><ele>288.6</ele></trkpt><trkpt lat="37.777220" lon="-122.132140"><ele>288.5</ele></trkpt><trkpt lat="37.776670" lon="-122.132570"><ele>288.3</ele></trkpt><trkpt lat="37.776600" lon="-122.132600"><ele>288.3</ele></trkpt><trkpt lat="37.776510" lon="-122.132530"><ele>288.3</ele></trkpt><trkpt lat="37.776480" lon="-122.132450"><ele>288.3</ele></trkpt><trkpt lat="37.776460" lon="-122.132360"><ele>288.3</ele></trkpt><trkpt lat="37.776480" lon="-122.132130"><ele>288.2</ele></trkpt><trkpt lat="37.776440" lon="-122.131720"><ele>287.9</ele></trkpt><trkpt lat="37.776400" lon="-122.131600"><ele>287.8</ele></trkpt><trkpt lat="37.776240" lon="-122.131410"><ele>287.6</ele></trkpt><trkpt lat="37.776230" lon="-122.131280"><ele>287.4</ele></trkpt><trkpt lat="37.776280" lon="-122.131160"><ele>287.3</ele></trkpt><trkpt lat="37.776330" lon="-122.131090"><ele>287.2</ele></trkpt><trkpt lat="37.776540" lon="-122.131000"><ele>287.0</ele></trkpt><trkpt lat="37.776600" lon="-122.130980"><ele>286.9</ele></trkpt><trkpt lat="37.776660" lon="-122.130920"><ele>286.8</ele></trkpt><trkpt lat="37.776700" lon="-122.130850"><ele>286.5</ele></trkpt><trkpt lat="37.776820" lon="-122.130370"><ele>284.5</ele></trkpt><trkpt lat="37.776860" lon="-122.129960"><ele>282.3</ele></trkpt><trkpt lat="37.776840" lon="-122.129780"><ele>281.2</ele></trkpt><trkpt lat="37.776810" lon="-122.129700"><ele>280.7</ele></trkpt><trkpt lat="37.776730" lon="-122.129620"><ele>279.9</ele></trkpt><trkpt lat="37.776460" lon="-122.129480"><ele>277.0</ele></trkpt><trkpt lat="37.776090" lon="-122.129200"><ele>272.8</ele></trkpt><trkpt lat="37.775920" lon="-122.129110"><ele>271.0</ele></trkpt><trkpt lat="37.775750" lon="-122.129060"><ele>269.3</ele></trkpt><trkpt lat="37.775440" lon="-122.128940"><ele>266.8</ele></trkpt><trkpt lat="37.775400" lon="-122.128940"><ele>266.5</ele></trkpt><trkpt lat="37.775300" lon="-122.128950"><ele>265.7</ele></trkpt><trkpt lat="37.775250" lon="-122.129010"><ele>265.1</ele></trkpt><trkpt lat="37.775190" lon="-122.129130"><ele>264.2</ele></trkpt><trkpt lat="37.775190" lon="-122.129270"><ele>263.4</ele></trkpt><trkpt lat="37.775220" lon="-122.129350"><ele>262.8</ele></trkpt><trkpt lat="37.775419" lon="-122.129700"><ele>260.5</ele></trkpt><trkpt lat="37.775430" lon="-122.129790"><ele>260.2</ele></trkpt><trkpt lat="37.775360" lon="-122.129830"><ele>259.8</ele></trkpt><trkpt lat="37.775220" lon="-122.129790"><ele>259.2</ele></trkpt><trkpt lat="37.775149" lon="-122.129870"><ele>258.7</ele></trkpt><trkpt lat="37.775050" lon="-122.130070"><ele>258.5</ele></trkpt><trkpt lat="37.775020" lon="-122.130200"><ele>258.6</ele></trkpt><trkpt lat="37.774990" lon="-122.130220"><ele>258.6</ele></trkpt><trkpt lat="37.774920" lon="-122.130190"><ele>258.7</ele></trkpt><trkpt lat="37.774769" lon="-122.130060"><ele>258.8</ele></trkpt><trkpt lat="37.774670" lon="-122.130010"><ele>258.7</ele></trkpt><trkpt lat="37.774520" lon="-122.130030"><ele>258.6</ele></trkpt><trkpt lat="37.774450" lon="-122.130120"><ele>258.6</ele></trkpt><trkpt lat="37.774320" lon="-122.130600"><ele>258.5</ele></trkpt><trkpt lat="37.774230" lon="-122.130750"><ele>258.5</ele></trkpt><trkpt lat="37.774150" lon="-122.130840"><ele>258.5</ele></trkpt><trkpt lat="37.774120" lon="-122.130840"><ele>258.5</ele></trkpt><trkpt lat="37.774060" lon="-122.130790"><ele>258.5</ele></trkpt><trkpt lat="37.774030" lon="-122.130700"><ele>258.6</ele></trkpt><trkpt lat="37.774030" lon="-122.130470"><ele>258.8</ele></trkpt><trkpt lat="37.774000" lon="-122.130290"><ele>259.0</ele></trkpt><trkpt lat="37.773950" lon="-122.130180"><ele>259.1</ele></trkpt><trkpt lat="37.773890" lon="-122.130120"><ele>259.1</ele></trkpt><trkpt lat="37.773820" lon="-122.130110"><ele>259.1</ele></trkpt><trkpt lat="37.773710" lon="-122.130140"><ele>259.1</ele></trkpt><trkpt lat="37.773380" lon="-122.130320"><ele>258.9</ele></trkpt><trkpt lat="37.773269" lon="-122.130330"><ele>258.5</ele></trkpt><trkpt lat="37.773200" lon="-122.130300"><ele>258.2</ele></trkpt><trkpt lat="37.773180" lon="-122.130260"><ele>258.1</ele></trkpt><trkpt lat="37.773170" lon="-122.130180"><ele>257.9</ele></trkpt><trkpt lat="37.773200" lon="-122.130000"><ele>257.4</ele></trkpt><trkpt lat="37.773230" lon="-122.129860"><ele>256.8</ele></trkpt><trkpt lat="37.773260" lon="-122.129540"><ele>254.9</ele></trkpt><trkpt lat="37.773240" lon="-122.129410"><ele>254.1</ele></trkpt><trkpt lat="37.773220" lon="-122.129380"><ele>253.9</ele></trkpt><trkpt lat="37.773120" lon="-122.129320"><ele>252.9</ele></trkpt><trkpt lat="37.773010" lon="-122.129320"><ele>251.5</ele></trkpt><trkpt lat="37.772900" lon="-122.129350"><ele>250.0</ele></trkpt><trkpt lat="37.772760" lon="-122.129360"><ele>248.2</ele></trkpt><trkpt lat="37.772840" lon="-122.128970"><ele>243.7</ele></trkpt><trkpt lat="37.772960" lon="-122.128820"><ele>241.3</ele></trkpt><trkpt lat="37.773260" lon="-122.128300"><ele>233.0</ele></trkpt><trkpt lat="37.773380" lon="-122.127960"><ele>227.7</ele></trkpt><trkpt lat="37.773600" lon="-122.127530"><ele>219.5</ele></trkpt><trkpt lat="37.773670" lon="-122.127320"><ele>216.1</ele></trkpt><trkpt lat="37.773690" lon="-122.127230"><ele>214.9</ele></trkpt><trkpt lat="37.773680" lon="-122.127050"><ele>212.4</ele></trkpt><trkpt lat="37.773630" lon="-122.126880"><ele>210.0</ele></trkpt><trkpt lat="37.773430" lon="-122.126490"><ele>204.8</ele></trkpt><trkpt lat="37.773130" lon="-122.126090"><ele>199.1</ele></trkpt><trkpt lat="37.773110" lon="-122.126010"><ele>198.2</ele></trkpt><trkpt lat="37.773130" lon="-122.125920"><ele>197.2</ele></trkpt><trkpt lat="37.773180" lon="-122.125850"><ele>196.3</ele></trkpt><trkpt lat="37.773280" lon="-122.125800"><ele>194.9</ele></trkpt><trkpt lat="37.773420" lon="-122.125810"><ele>193.5</ele></trkpt><trkpt lat="37.773680" lon="-122.125980"><ele>190.8</ele></trkpt><trkpt lat="37.774090" lon="-122.126170"><ele>188.4</ele></trkpt><trkpt lat="37.774230" lon="-122.126200"><ele>187.8</ele></trkpt><trkpt lat="37.774360" lon="-122.126120"><ele>187.2</ele></trkpt><trkpt lat="37.774479" lon="-122.125970"><ele>186.5</ele></trkpt><trkpt lat="37.774970" lon="-122.125960"><ele>184.6</ele></trkpt><trkpt lat="37.775320" lon="-122.126080"><ele>183.5</ele></trkpt><trkpt lat="37.775570" lon="-122.126100"><ele>183.7</ele></trkpt><trkpt lat="37.775690" lon="-122.126110"><ele>183.9</ele></trkpt><trkpt lat="37.776250" lon="-122.126430"><ele>184.1</ele></trkpt><trkpt lat="37.776980" lon="-122.127040"><ele>185.3</ele></trkpt><trkpt lat="37.777280" lon="-122.127080"><ele>186.2</ele></trkpt><trkpt lat="37.777420" lon="-122.127060"><ele>186.6</ele></trkpt><trkpt lat="37.777520" lon="-122.126970"><ele>186.9</ele></trkpt><trkpt lat="37.777640" lon="-122.126670"><ele>187.7</ele></trkpt><trkpt lat="37.777589" lon="-122.126480"><ele>187.8</ele></trkpt><trkpt lat="37.777250" lon="-122.126300"><ele>188.0</ele></trkpt><trkpt lat="37.777020" lon="-122.126040"><ele>187.9</ele></trkpt><trkpt lat="37.776940" lon="-122.125930"><ele>187.9</ele></trkpt><trkpt lat="37.776760" lon="-122.125510"><ele>187.3</ele></trkpt><trkpt lat="37.776680" lon="-122.125390"><ele>187.0</ele></trkpt><trkpt lat="37.775889" lon="-122.125000"><ele>184.7</ele></trkpt><trkpt lat="37.774740" lon="-122.124330"><ele>183.6</ele></trkpt><trkpt lat="37.774630" lon="-122.124240"><ele>183.7</ele></trkpt><trkpt lat="37.774370" lon="-122.123830"><ele>184.3</ele></trkpt><trkpt lat="37.774170" lon="-122.123440"><ele>185.0</ele></trkpt><trkpt lat="37.774120" lon="-122.123370"><ele>185.1</ele></trkpt><trkpt lat="37.774050" lon="-122.123330"><ele>185.3</ele></trkpt><trkpt lat="37.773760" lon="-122.123350"><ele>186.0</ele></trkpt><trkpt lat="37.773620" lon="-122.123310"><ele>186.5</ele></trkpt><trkpt lat="37.773520" lon="-122.123250"><ele>187.0</ele></trkpt><trkpt lat="37.773250" lon="-122.123020"><ele>188.1</ele></trkpt><trkpt lat="37.772979" lon="-122.122880"><ele>188.3</ele></trkpt><trkpt lat="37.772860" lon="-122.122790"><ele>188.3</ele></trkpt><trkpt lat="37.772810" lon="-122.122720"><ele>188.4</ele></trkpt><trkpt lat="37.772770" lon="-122.122550"><ele>188.3</ele></trkpt><trkpt lat="37.772770" lon="-122.122000"><ele>187.9</ele></trkpt><trkpt lat="37.772730" lon="-122.121870"><ele>187.5</ele></trkpt><trkpt lat="37.772640" lon="-122.121800"><ele>187.2</ele></trkpt><trkpt lat="37.772530" lon="-122.121800"><ele>186.8</ele></trkpt><trkpt lat="37.772200" lon="-122.122000"><ele>185.3</ele></trkpt><trkpt lat="37.772030" lon="-122.122070"><ele>184.5</ele></trkpt><trkpt lat="37.771850" lon="-122.122090"><ele>183.6</ele></trkpt><trkpt lat="37.771740" lon="-122.122130"><ele>182.7</ele></trkpt><trkpt lat="37.771479" lon="-122.122370"><ele>180.0</ele></trkpt><trkpt lat="37.771380" lon="-122.122430"><ele>179.1</ele></trkpt><trkpt lat="37.771270" lon="-122.122450"><ele>178.1</ele></trkpt><trkpt lat="37.771120" lon="-122.122450"><ele>176.7</ele></trkpt><trkpt lat="37.770880" lon="-122.122370"><ele>174.5</ele></trkpt><trkpt lat="37.770570" lon="-122.122230"><ele>172.4</ele></trkpt><trkpt lat="37.770340" lon="-122.122090"><ele>170.8</ele></trkpt><trkpt lat="37.770069" lon="-122.121970"><ele>169.4</ele></trkpt><trkpt lat="37.769889" lon="-122.121820"><ele>168.3</ele></trkpt><trkpt lat="37.769680" lon="-122.121560"><ele>167.1</ele></trkpt><trkpt lat="37.769560" lon="-122.121460"><ele>166.6</ele></trkpt><trkpt lat="37.769460" lon="-122.121400"><ele>166.1</ele></trkpt><trkpt lat="37.769220" lon="-122.121330"><ele>165.7</ele></trkpt><trkpt lat="37.769080" lon="-122.121270"><ele>165.5</ele></trkpt><trkpt lat="37.768949" lon="-122.121180"><ele>165.2</ele></trkpt><trkpt lat="37.768740" lon="-122.121000"><ele>165.2</ele></trkpt><trkpt lat="37.768420" lon="-122.120690"><ele>165.1</ele></trkpt><trkpt lat="37.768290" lon="-122.120610"><ele>165.1</ele></trkpt><trkpt lat="37.768120" lon="-122.120450"><ele>164.9</ele></trkpt><trkpt lat="37.767930" lon="-122.120240"><ele>165.0</ele></trkpt><trkpt lat="37.767800" lon="-122.120010"><ele>165.1</ele></trkpt><trkpt lat="37.767770" lon="-122.119920"><ele>165.2</ele></trkpt><trkpt lat="37.767640" lon="-122.119550"><ele>165.2</ele></trkpt><trkpt lat="37.767520" lon="-122.119370"><ele>165.2</ele></trkpt><trkpt lat="37.767350" lon="-122.119230"><ele>165.1</ele></trkpt><trkpt lat="37.767220" lon="-122.119160"><ele>165.1</ele></trkpt><trkpt lat="37.767080" lon="-122.119130"><ele>165.0</ele></trkpt><trkpt lat="37.766870" lon="-122.119210"><ele>164.8</ele></trkpt><trkpt lat="37.766560" lon="-122.119210"><ele>164.5</ele></trkpt><trkpt lat="37.766260" lon="-122.119190"><ele>164.1</ele></trkpt><trkpt lat="37.765980" lon="-122.119090"><ele>163.6</ele></trkpt><trkpt lat="37.765830" lon="-122.119070"><ele>163.2</ele></trkpt><trkpt lat="37.765730" lon="-122.119090"><ele>162.8</ele></trkpt><trkpt lat="37.765490" lon="-122.119220"><ele>161.8</ele></trkpt><trkpt lat="37.765380" lon="-122.119250"><ele>161.3</ele></trkpt><trkpt lat="37.765120" lon="-122.119250"><ele>160.3</ele></trkpt><trkpt lat="37.764830" lon="-122.119210"><ele>159.2</ele></trkpt><trkpt lat="37.764340" lon="-122.119040"><ele>156.9</ele></trkpt><trkpt lat="37.764200" lon="-122.118980"><ele>156.2</ele></trkpt><trkpt lat="37.764000" lon="-122.118850"><ele>155.1</ele></trkpt><trkpt lat="37.763700" lon="-122.118590"><ele>153.4</ele></trkpt><trkpt lat="37.763530" lon="-122.118510"><ele>152.6</ele></trkpt><trkpt lat="37.763090" lon="-122.118280"><ele>151.5</ele></trkpt><trkpt lat="37.762749" lon="-122.118140"><ele>151.1</ele></trkpt><trkpt lat="37.762580" lon="-122.118050"><ele>150.9</ele></trkpt><trkpt lat="37.762400" lon="-122.117900"><ele>150.7</ele></trkpt><trkpt lat="37.762160" lon="-122.117610"><ele>149.7</ele></trkpt><trkpt lat="37.761960" lon="-122.117420"><ele>148.8</ele></trkpt><trkpt lat="37.761680" lon="-122.117210"><ele>148.1</ele></trkpt><trkpt lat="37.761240" lon="-122.116980"><ele>146.6</ele></trkpt><trkpt lat="37.761130" lon="-122.116940"><ele>146.2</ele></trkpt><trkpt lat="37.760920" lon="-122.116920"><ele>145.3</ele></trkpt><trkpt lat="37.760740" lon="-122.116860"><ele>144.1</ele></trkpt><trkpt lat="37.760460" lon="-122.116800"><ele>142.1</ele></trkpt><trkpt lat="37.759950" lon="-122.116740"><ele>140.5</ele></trkpt><trkpt lat="37.759590" lon="-122.116730"><ele>140.5</ele></trkpt><trkpt lat="37.759500" lon="-122.116590"><ele>140.7</ele></trkpt><trkpt lat="37.759420" lon="-122.116490"><ele>140.8</ele></trkpt><trkpt lat="37.759360" lon="-122.116450"><ele>141.0</ele></trkpt><trkpt lat="37.759180" lon="-122.116390"><ele>141.7</ele></trkpt><trkpt lat="37.758890" lon="-122.116210"><ele>143.1</ele></trkpt><trkpt lat="37.758790" lon="-122.116080"><ele>144.1</ele></trkpt><trkpt lat="37.758710" lon="-122.115920"><ele>145.2</ele></trkpt><trkpt lat="37.758650" lon="-122.115660"><ele>146.8</ele></trkpt><trkpt lat="37.758690" lon="-122.115110"><ele>150.8</ele></trkpt><trkpt lat="37.758650" lon="-122.114750"><ele>153.4</ele></trkpt><trkpt lat="37.758650" lon="-122.114640"><ele>154.3</ele></trkpt><trkpt lat="37.758710" lon="-122.114290"><ele>156.9</ele></trkpt><trkpt lat="37.758710" lon="-122.114160"><ele>157.6</ele></trkpt><trkpt lat="37.758680" lon="-122.113980"><ele>158.5</ele></trkpt><trkpt lat="37.758610" lon="-122.113820"><ele>159.4</ele></trkpt><trkpt lat="37.758460" lon="-122.113680"><ele>160.5</ele></trkpt><trkpt lat="37.758270" lon="-122.113550"><ele>161.8</ele></trkpt><trkpt lat="37.758140" lon="-122.113490"><ele>162.6</ele></trkpt><trkpt lat="37.758030" lon="-122.113500"><ele>163.2</ele></trkpt><trkpt lat="37.757830" lon="-122.113620"><ele>163.6</ele></trkpt><trkpt lat="37.757720" lon="-122.113630"><ele>163.7</ele></trkpt><trkpt lat="37.757660" lon="-122.113600"><ele>163.8</ele></trkpt><trkpt lat="37.757599" lon="-122.113550"><ele>163.9</ele></trkpt><trkpt lat="37.757530" lon="-122.113440"><ele>164.0</ele></trkpt><trkpt lat="37.757410" lon="-122.113060"><ele>164.7</ele></trkpt><trkpt lat="37.757340" lon="-122.112890"><ele>165.0</ele></trkpt><trkpt lat="37.757290" lon="-122.112820"><ele>165.2</ele></trkpt><trkpt lat="37.757190" lon="-122.112770"><ele>165.1</ele></trkpt><trkpt lat="37.757160" lon="-122.112780"><ele>165.0</ele></trkpt><trkpt lat="37.757090" lon="-122.112820"><ele>164.9</ele></trkpt><trkpt lat="37.756910" lon="-122.113050"><ele>164.7</ele></trkpt><trkpt lat="37.756790" lon="-122.113160"><ele>164.3</ele></trkpt><trkpt lat="37.756620" lon="-122.113240"><ele>163.7</ele></trkpt><trkpt lat="37.756520" lon="-122.113260"><ele>163.3</ele></trkpt><trkpt lat="37.756340" lon="-122.113270"><ele>162.7</ele></trkpt><trkpt lat="37.756279" lon="-122.113420"><ele>162.1</ele></trkpt><trkpt lat="37.756150" lon="-122.113640"><ele>161.2</ele></trkpt><trkpt lat="37.756060" lon="-122.113780"><ele>160.5</ele></trkpt><trkpt lat="37.755960" lon="-122.113840"><ele>159.8</ele></trkpt><trkpt lat="37.755890" lon="-122.113820"><ele>159.2</ele></trkpt><trkpt lat="37.755840" lon="-122.113760"><ele>158.6</ele></trkpt><trkpt lat="37.755690" lon="-122.113340"><ele>155.4</ele></trkpt><trkpt lat="37.755660" lon="-122.113170"><ele>154.2</ele></trkpt><trkpt lat="37.755700" lon="-122.113040"><ele>153.2</ele></trkpt><trkpt lat="37.755830" lon="-122.112820"><ele>151.2</ele></trkpt><trkpt lat="37.755850" lon="-122.112730"><ele>150.6</ele></trkpt><trkpt lat="37.755840" lon="-122.112640"><ele>150.1</ele></trkpt><trkpt lat="37.755809" lon="-122.112560"><ele>149.7</ele></trkpt><trkpt lat="37.755670" lon="-122.112290"><ele>148.0</ele></trkpt><trkpt lat="37.755629" lon="-122.112160"><ele>147.2</ele></trkpt><trkpt lat="37.755610" lon="-122.112030"><ele>147.0</ele></trkpt><trkpt lat="37.755620" lon="-122.111660"><ele>146.5</ele></trkpt><trkpt lat="37.755600" lon="-122.111530"><ele>146.4</ele></trkpt><trkpt lat="37.755490" lon="-122.111410"><ele>146.3</ele></trkpt><trkpt lat="37.755420" lon="-122.111400"><ele>146.3</ele></trkpt><trkpt lat="37.755350" lon="-122.111430"><ele>146.3</ele></trkpt><trkpt lat="37.755300" lon="-122.111490"><ele>146.3</ele></trkpt><trkpt lat="37.755180" lon="-122.111670"><ele>146.3</ele></trkpt><trkpt lat="37.755090" lon="-122.111870"><ele>148.0</ele></trkpt><trkpt lat="37.755000" lon="-122.112310"><ele>152.1</ele></trkpt><trkpt lat="37.754950" lon="-122.112440"><ele>153.5</ele></trkpt><trkpt lat="37.754790" lon="-122.112740"><ele>157.0</ele></trkpt><trkpt lat="37.754740" lon="-122.112800"><ele>157.8</ele></trkpt><trkpt lat="37.754630" lon="-122.112830"><ele>159.2</ele></trkpt><trkpt lat="37.754489" lon="-122.112800"><ele>161.0</ele></trkpt><trkpt lat="37.754330" lon="-122.112690"><ele>163.2</ele></trkpt><trkpt lat="37.754150" lon="-122.112480"><ele>166.3</ele></trkpt><trkpt lat="37.754070" lon="-122.112320"><ele>168.2</ele></trkpt><trkpt lat="37.754030" lon="-122.112200"><ele>169.4</ele></trkpt><trkpt lat="37.754030" lon="-122.111780"><ele>173.7</ele></trkpt><trkpt lat="37.754010" lon="-122.111420"><ele>177.7</ele></trkpt><trkpt lat="37.753970" lon="-122.111050"><ele>180.9</ele></trkpt><trkpt lat="37.753880" lon="-122.110470"><ele>184.2</ele></trkpt><trkpt lat="37.753880" lon="-122.110150"><ele>186.2</ele></trkpt><trkpt lat="37.753910" lon="-122.109970"><ele>187.4</ele></trkpt><trkpt lat="37.753980" lon="-122.109710"><ele>189.3</ele></trkpt><trkpt lat="37.753970" lon="-122.109610"><ele>190.0</ele></trkpt><trkpt lat="37.753940" lon="-122.109530"><ele>190.6</ele></trkpt><trkpt lat="37.753910" lon="-122.109500"><ele>191.0</ele></trkpt><trkpt lat="37.753839" lon="-122.109480"><ele>191.6</ele></trkpt><trkpt lat="37.753660" lon="-122.109510"><ele>193.2</ele></trkpt><trkpt lat="37.753450" lon="-122.109430"><ele>194.6</ele></trkpt><trkpt lat="37.753330" lon="-122.109320"><ele>195.6</ele></trkpt><trkpt lat="37.753240" lon="-122.109120"><ele>196.9</ele></trkpt><trkpt lat="37.753210" lon="-122.108980"><ele>197.8</ele></trkpt><trkpt lat="37.753210" lon="-122.108750"><ele>199.2</ele></trkpt><trkpt lat="37.753270" lon="-122.108290"><ele>202.2</ele></trkpt><trkpt lat="37.753260" lon="-122.108160"><ele>203.0</ele></trkpt><trkpt lat="37.753240" lon="-122.108120"><ele>203.3</ele></trkpt><trkpt lat="37.753180" lon="-122.108070"><ele>203.9</ele></trkpt><trkpt lat="37.753070" lon="-122.108050"><ele>204.7</ele></trkpt><trkpt lat="37.752970" lon="-122.107990"><ele>205.6</ele></trkpt><trkpt lat="37.752930" lon="-122.107920"><ele>206.1</ele></trkpt><trkpt lat="37.752890" lon="-122.107790"><ele>206.9</ele></trkpt><trkpt lat="37.752910" lon="-122.107610"><ele>207.9</ele></trkpt><trkpt lat="37.752989" lon="-122.107400"><ele>209.3</ele></trkpt><trkpt lat="37.753010" lon="-122.107310"><ele>209.9</ele></trkpt><trkpt lat="37.753000" lon="-122.107220"><ele>210.6</ele></trkpt><trkpt lat="37.752920" lon="-122.107070"><ele>211.9</ele></trkpt><trkpt lat="37.752890" lon="-122.106990"><ele>212.5</ele></trkpt><trkpt lat="37.752890" lon="-122.106900"><ele>213.2</ele></trkpt><trkpt lat="37.752970" lon="-122.106590"><ele>215.3</ele></trkpt><trkpt lat="37.752980" lon="-122.106450"><ele>216.2</ele></trkpt><trkpt lat="37.752880" lon="-122.105580"><ele>222.3</ele></trkpt><trkpt lat="37.752710" lon="-122.105070"><ele>226.4</ele></trkpt><trkpt lat="37.752640" lon="-122.104800"><ele>228.4</ele></trkpt><trkpt lat="37.752630" lon="-122.104610"><ele>229.6</ele></trkpt><trkpt lat="37.752630" lon="-122.104250"><ele>231.9</ele></trkpt><trkpt lat="37.752620" lon="-122.104160"><ele>232.5</ele></trkpt><trkpt lat="37.752580" lon="-122.104080"><ele>232.8</ele></trkpt><trkpt lat="37.752540" lon="-122.104080"><ele>232.9</ele></trkpt><trkpt lat="37.752510" lon="-122.104110"><ele>233.1</ele></trkpt><trkpt lat="37.752170" lon="-122.104770"><ele>235.7</ele></trkpt><trkpt lat="37.752130" lon="-122.105050"><ele>236.9</ele></trkpt><trkpt lat="37.752150" lon="-122.105410"><ele>237.8</ele></trkpt><trkpt lat="37.752110" lon="-122.105590"><ele>238.0</ele></trkpt><trkpt lat="37.752070" lon="-122.105670"><ele>238.1</ele></trkpt><trkpt lat="37.751990" lon="-122.105770"><ele>238.3</ele></trkpt><trkpt lat="37.751770" lon="-122.105940"><ele>238.2</ele></trkpt><trkpt lat="37.751710" lon="-122.105970"><ele>238.2</ele></trkpt><trkpt lat="37.751630" lon="-122.105970"><ele>238.1</ele></trkpt><trkpt lat="37.751500" lon="-122.105890"><ele>238.0</ele></trkpt><trkpt lat="37.751420" lon="-122.105800"><ele>238.1</ele></trkpt><trkpt lat="37.751270" lon="-122.105600"><ele>238.2</ele></trkpt><trkpt lat="37.751210" lon="-122.105560"><ele>238.3</ele></trkpt><trkpt lat="37.751170" lon="-122.105550"><ele>238.3</ele></trkpt><trkpt lat="37.750900" lon="-122.105670"><ele>238.8</ele></trkpt><trkpt lat="37.750749" lon="-122.105650"><ele>239.1</ele></trkpt><trkpt lat="37.750660" lon="-122.105580"><ele>239.3</ele></trkpt><trkpt lat="37.750490" lon="-122.105340"><ele>239.7</ele></trkpt><trkpt lat="37.750430" lon="-122.105290"><ele>239.7</ele></trkpt><trkpt lat="37.750360" lon="-122.105260"><ele>239.7</ele></trkpt><trkpt lat="37.750250" lon="-122.105260"><ele>239.8</ele></trkpt><trkpt lat="37.750070" lon="-122.105300"><ele>239.8</ele></trkpt><trkpt lat="37.749480" lon="-122.105300"><ele>238.0</ele></trkpt><trkpt lat="37.749260" lon="-122.105340"><ele>237.3</ele></trkpt><trkpt lat="37.749070" lon="-122.105340"><ele>236.6</ele></trkpt><trkpt lat="37.748740" lon="-122.105260"><ele>234.7</ele></trkpt><trkpt lat="37.748390" lon="-122.105120"><ele>232.5</ele></trkpt><trkpt lat="37.748250" lon="-122.105080"><ele>231.7</ele></trkpt><trkpt lat="37.748109" lon="-122.105010"><ele>230.8</ele></trkpt><trkpt lat="37.748060" lon="-122.104840"><ele>230.0</ele></trkpt><trkpt lat="37.748070" lon="-122.104750"><ele>229.6</ele></trkpt><trkpt lat="37.748220" lon="-122.104430"><ele>227.9</ele></trkpt><trkpt lat="37.748290" lon="-122.104330"><ele>227.3</ele></trkpt><trkpt lat="37.748380" lon="-122.104250"><ele>226.9</ele></trkpt><trkpt lat="37.748650" lon="-122.104100"><ele>226.1</ele></trkpt><trkpt lat="37.748740" lon="-122.104010"><ele>225.8</ele></trkpt><trkpt lat="37.748770" lon="-122.103930"><ele>225.6</ele></trkpt><trkpt lat="37.748820" lon="-122.103660"><ele>225.7</ele></trkpt><trkpt lat="37.748850" lon="-122.103580"><ele>225.7</ele></trkpt><trkpt lat="37.748970" lon="-122.103350"><ele>225.8</ele></trkpt><trkpt lat="37.749180" lon="-122.103090"><ele>227.0</ele></trkpt><trkpt lat="37.749200" lon="-122.103000"><ele>227.4</ele></trkpt><trkpt lat="37.749190" lon="-122.102960"><ele>227.5</ele></trkpt><trkpt lat="37.749160" lon="-122.102940"><ele>227.7</ele></trkpt><trkpt lat="37.749049" lon="-122.102940"><ele>228.2</ele></trkpt><trkpt lat="37.748820" lon="-122.103070"><ele>229.6</ele></trkpt><trkpt lat="37.748440" lon="-122.103240"><ele>231.6</ele></trkpt><trkpt lat="37.748050" lon="-122.103390"><ele>233.0</ele></trkpt><trkpt lat="37.747950" lon="-122.103400"><ele>233.3</ele></trkpt><trkpt lat="37.747910" lon="-122.103390"><ele>233.5</ele></trkpt><trkpt lat="37.747810" lon="-122.103330"><ele>233.8</ele></trkpt><trkpt lat="37.747700" lon="-122.103150"><ele>234.4</ele></trkpt><trkpt lat="37.747610" lon="-122.103060"><ele>234.8</ele></trkpt><trkpt lat="37.747420" lon="-122.102930"><ele>235.7</ele></trkpt><trkpt lat="37.747169" lon="-122.102840"><ele>236.7</ele></trkpt><trkpt lat="37.746989" lon="-122.102840"><ele>237.1</ele></trkpt><trkpt lat="37.746880" lon="-122.102870"><ele>236.9</ele></trkpt><trkpt lat="37.746750" lon="-122.102950"><ele>236.8</ele></trkpt><trkpt lat="37.746700" lon="-122.103010"><ele>236.7</ele></trkpt><trkpt lat="37.746670" lon="-122.103090"><ele>236.6</ele></trkpt><trkpt lat="37.746660" lon="-122.103230"><ele>236.4</ele></trkpt><trkpt lat="37.746720" lon="-122.103550"><ele>234.6</ele></trkpt><trkpt lat="37.746700" lon="-122.103640"><ele>234.1</ele></trkpt><trkpt lat="37.746660" lon="-122.103710"><ele>233.6</ele></trkpt><trkpt lat="37.746560" lon="-122.103760"><ele>232.9</ele></trkpt><trkpt lat="37.746410" lon="-122.103760"><ele>231.9</ele></trkpt><trkpt lat="37.746339" lon="-122.103740"><ele>231.4</ele></trkpt><trkpt lat="37.746210" lon="-122.103660"><ele>230.4</ele></trkpt><trkpt lat="37.746070" lon="-122.103510"><ele>229.2</ele></trkpt><trkpt lat="37.745950" lon="-122.103410"><ele>228.5</ele></trkpt><trkpt lat="37.745850" lon="-122.103360"><ele>228.0</ele></trkpt><trkpt lat="37.745740" lon="-122.103360"><ele>227.5</ele></trkpt><trkpt lat="37.745640" lon="-122.103420"><ele>227.0</ele></trkpt><trkpt lat="37.745600" lon="-122.103490"><ele>226.7</ele></trkpt><trkpt lat="37.745460" lon="-122.104060"><ele>223.6</ele></trkpt><trkpt lat="37.745260" lon="-122.104430"><ele>221.0</ele></trkpt><trkpt lat="37.745260" lon="-122.104440"><ele>220.9</ele></trkpt><trkpt lat="37.745160" lon="-122.104590"><ele>219.8</ele></trkpt><trkpt lat="37.745000" lon="-122.104770"><ele>218.6</ele></trkpt><trkpt lat="37.744780" lon="-122.104930"><ele>217.6</ele></trkpt><trkpt lat="37.744510" lon="-122.105180"><ele>216.8</ele></trkpt><trkpt lat="37.744340" lon="-122.105260"><ele>216.6</ele></trkpt><trkpt lat="37.744200" lon="-122.105240"><ele>216.5</ele></trkpt><trkpt lat="37.744140" lon="-122.105200"><ele>216.4</ele></trkpt><trkpt lat="37.744090" lon="-122.105130"><ele>216.2</ele></trkpt><trkpt lat="37.744040" lon="-122.104960"><ele>215.9</ele></trkpt><trkpt lat="37.744020" lon="-122.104640"><ele>215.3</ele></trkpt><trkpt lat="37.743980" lon="-122.104460"><ele>215.0</ele></trkpt><trkpt lat="37.743890" lon="-122.104320"><ele>214.8</ele></trkpt><trkpt lat="37.743740" lon="-122.104190"><ele>214.5</ele></trkpt><trkpt lat="37.743660" lon="-122.104100"><ele>214.3</ele></trkpt><trkpt lat="37.743609" lon="-122.103980"><ele>214.5</ele></trkpt><trkpt lat="37.743540" lon="-122.103710"><ele>214.8</ele></trkpt><trkpt lat="37.743500" lon="-122.103630"><ele>215.0</ele></trkpt><trkpt lat="37.743470" lon="-122.103610"><ele>215.0</ele></trkpt><trkpt lat="37.743410" lon="-122.103570"><ele>215.1</ele></trkpt><trkpt lat="37.743330" lon="-122.103570"><ele>215.3</ele></trkpt><trkpt lat="37.743130" lon="-122.103650"><ele>215.8</ele></trkpt><trkpt lat="37.743030" lon="-122.103700"><ele>216.0</ele></trkpt><trkpt lat="37.742860" lon="-122.103880"><ele>216.4</ele></trkpt><trkpt lat="37.742690" lon="-122.103940"><ele>216.5</ele></trkpt><trkpt lat="37.742510" lon="-122.103920"><ele>216.6</ele></trkpt><trkpt lat="37.742450" lon="-122.103880"><ele>216.7</ele></trkpt><trkpt lat="37.742400" lon="-122.103810"><ele>216.7</ele></trkpt><trkpt lat="37.742380" lon="-122.103670"><ele>216.8</ele></trkpt><trkpt lat="37.742380" lon="-122.103310"><ele>216.9</ele></trkpt><trkpt lat="37.742340" lon="-122.103080"><ele>217.0</ele></trkpt><trkpt lat="37.742260" lon="-122.102930"><ele>216.9</ele></trkpt><trkpt lat="37.742080" lon="-122.102700"><ele>216.8</ele></trkpt><trkpt lat="37.742019" lon="-122.102530"><ele>216.6</ele></trkpt><trkpt lat="37.742010" lon="-122.102400"><ele>216.4</ele></trkpt><trkpt lat="37.742030" lon="-122.102080"><ele>215.8</ele></trkpt><trkpt lat="37.742000" lon="-122.101850"><ele>215.2</ele></trkpt><trkpt lat="37.741880" lon="-122.101680"><ele>214.3</ele></trkpt><trkpt lat="37.741740" lon="-122.101660"><ele>213.6</ele></trkpt><trkpt lat="37.741450" lon="-122.101650"><ele>211.7</ele></trkpt><trkpt lat="37.741410" lon="-122.101630"><ele>211.4</ele></trkpt><trkpt lat="37.741220" lon="-122.102040"><ele>208.1</ele></trkpt><trkpt lat="37.741110" lon="-122.102160"><ele>206.6</ele></trkpt><trkpt lat="37.740910" lon="-122.102480"><ele>203.2</ele></trkpt><trkpt lat="37.740850" lon="-122.102790"><ele>200.2</ele></trkpt><trkpt lat="37.740770" lon="-122.103390"><ele>194.5</ele></trkpt><trkpt lat="37.740789" lon="-122.103980"><ele>189.6</ele></trkpt><trkpt lat="37.740780" lon="-122.104210"><ele>187.5</ele></trkpt><trkpt lat="37.740670" lon="-122.104930"><ele>181.7</ele></trkpt><trkpt lat="37.740660" lon="-122.105760"><ele>176.5</ele></trkpt><trkpt lat="37.740540" lon="-122.106480"><ele>172.1</ele></trkpt><trkpt lat="37.740490" lon="-122.106940"><ele>169.2</ele></trkpt><trkpt lat="37.740450" lon="-122.107060"><ele>168.4</ele></trkpt><trkpt lat="37.740380" lon="-122.107160"><ele>167.6</ele></trkpt><trkpt lat="37.740210" lon="-122.107340"><ele>166.5</ele></trkpt><trkpt lat="37.739940" lon="-122.107580"><ele>165.1</ele></trkpt><trkpt lat="37.739900" lon="-122.107650"><ele>164.9</ele></trkpt><trkpt lat="37.739860" lon="-122.107840"><ele>164.3</ele></trkpt><trkpt lat="37.739800" lon="-122.108010"><ele>163.7</ele></trkpt><trkpt lat="37.739770" lon="-122.108420"><ele>162.4</ele></trkpt><trkpt lat="37.739700" lon="-122.108630"><ele>161.8</ele></trkpt><trkpt lat="37.739710" lon="-122.108770"><ele>161.5</ele></trkpt><trkpt lat="37.739620" lon="-122.109450"><ele>158.7</ele></trkpt><trkpt lat="37.739560" lon="-122.109720"><ele>157.4</ele></trkpt><trkpt lat="37.739410" lon="-122.110190"><ele>154.9</ele></trkpt><trkpt lat="37.739150" lon="-122.110750"><ele>149.9</ele></trkpt><trkpt lat="37.739060" lon="-122.110900"><ele>148.7</ele></trkpt><trkpt lat="37.738890" lon="-122.111030"><ele>147.6</ele></trkpt><trkpt lat="37.738900" lon="-122.111030"><ele>147.5</ele></trkpt><trkpt lat="37.738487" lon="-122.111636"><ele>142.8</ele></trkpt><trkpt lat="37.738739" lon="-122.110241"><ele>138.7</ele></trkpt><trkpt lat="37.739004" lon="-122.109168"><ele>140.1</ele></trkpt><trkpt lat="37.739085" lon="-122.107344"><ele>138.6</ele></trkpt><trkpt lat="37.738793" lon="-122.106465"><ele>135.7</ele></trkpt><trkpt lat="37.738400" lon="-122.107816"><ele>138.7</ele></trkpt><trkpt lat="37.738500" lon="-122.107840"><ele>139.2</ele></trkpt><trkpt lat="37.738490" lon="-122.108010"><ele>140.0</ele></trkpt><trkpt lat="37.738460" lon="-122.108150"><ele>141.0</ele></trkpt><trkpt lat="37.738400" lon="-122.108200"><ele>141.5</ele></trkpt><trkpt lat="37.738330" lon="-122.108220"><ele>142.1</ele></trkpt><trkpt lat="37.738259" lon="-122.108200"><ele>142.7</ele></trkpt><trkpt lat="37.738060" lon="-122.108090"><ele>144.4</ele></trkpt><trkpt lat="37.737990" lon="-122.108080"><ele>145.1</ele></trkpt><trkpt lat="37.737920" lon="-122.108120"><ele>145.9</ele></trkpt><trkpt lat="37.737890" lon="-122.108200"><ele>146.5</ele></trkpt><trkpt lat="37.737890" lon="-122.108290"><ele>147.2</ele></trkpt><trkpt lat="37.737920" lon="-122.108710"><ele>150.9</ele></trkpt><trkpt lat="37.737900" lon="-122.108890"><ele>152.9</ele></trkpt><trkpt lat="37.737850" lon="-122.109010"><ele>154.4</ele></trkpt><trkpt lat="37.737609" lon="-122.109470"><ele>158.4</ele></trkpt><trkpt lat="37.737500" lon="-122.109590"><ele>159.2</ele></trkpt><trkpt lat="37.737360" lon="-122.109640"><ele>160.1</ele></trkpt><trkpt lat="37.737200" lon="-122.109620"><ele>161.4</ele></trkpt><trkpt lat="37.737200" lon="-122.109610"><ele>161.5</ele></trkpt><trkpt lat="37.737040" lon="-122.109570"><ele>162.9</ele></trkpt><trkpt lat="37.736870" lon="-122.109640"><ele>164.4</ele></trkpt><trkpt lat="37.736770" lon="-122.109710"><ele>165.6</ele></trkpt><trkpt lat="37.736690" lon="-122.109800"><ele>166.8</ele></trkpt><trkpt lat="37.736550" lon="-122.110070"><ele>169.7</ele></trkpt><trkpt lat="37.736530" lon="-122.110100"><ele>170.1</ele></trkpt><trkpt lat="37.736420" lon="-122.110130"><ele>171.3</ele></trkpt><trkpt lat="37.736340" lon="-122.110040"><ele>172.5</ele></trkpt><trkpt lat="37.736320" lon="-122.110000"><ele>172.9</ele></trkpt><trkpt lat="37.736360" lon="-122.109830"><ele>174.5</ele></trkpt><trkpt lat="37.736849" lon="-122.108930"><ele>181.7</ele></trkpt><trkpt lat="37.737090" lon="-122.108580"><ele>185.4</ele></trkpt><trkpt lat="37.736800" lon="-122.108110"><ele>189.7</ele></trkpt><trkpt lat="37.736690" lon="-122.107610"><ele>191.6</ele></trkpt><trkpt lat="37.736690" lon="-122.107370"><ele>192.2</ele></trkpt><trkpt lat="37.736740" lon="-122.106930"><ele>192.2</ele></trkpt><trkpt lat="37.736990" lon="-122.106580"><ele>191.7</ele></trkpt><trkpt lat="37.737040" lon="-122.106570"><ele>191.5</ele></trkpt><trkpt lat="37.737100" lon="-122.106440"><ele>191.2</ele></trkpt><trkpt lat="37.736970" lon="-122.106270"><ele>190.7</ele></trkpt><trkpt lat="37.736940" lon="-122.105710"><ele>187.9</ele></trkpt><trkpt lat="37.736970" lon="-122.104830"><ele>182.6</ele></trkpt><trkpt lat="37.736849" lon="-122.104740"><ele>182.0</ele></trkpt><trkpt lat="37.736820" lon="-122.104650"><ele>181.7</ele></trkpt><trkpt lat="37.736710" lon="-122.103920"><ele>180.4</ele></trkpt><trkpt lat="37.736710" lon="-122.103780"><ele>180.4</ele></trkpt><trkpt lat="37.736740" lon="-122.103650"><ele>180.4</ele></trkpt><trkpt lat="37.736800" lon="-122.103530"><ele>180.7</ele></trkpt><trkpt lat="37.736920" lon="-122.103420"><ele>181.2</ele></trkpt><trkpt lat="37.737020" lon="-122.103370"><ele>181.7</ele></trkpt><trkpt lat="37.737270" lon="-122.103290"><ele>182.8</ele></trkpt><trkpt lat="37.737360" lon="-122.103220"><ele>183.4</ele></trkpt><trkpt lat="37.737409" lon="-122.103100"><ele>184.1</ele></trkpt><trkpt lat="37.737490" lon="-122.102790"><ele>185.7</ele></trkpt><trkpt lat="37.737650" lon="-122.102420"><ele>187.4</ele></trkpt><trkpt lat="37.737780" lon="-122.102190"><ele>188.6</ele></trkpt><trkpt lat="37.737950" lon="-122.102010"><ele>189.1</ele></trkpt><trkpt lat="37.738160" lon="-122.101830"><ele>189.7</ele></trkpt><trkpt lat="37.738240" lon="-122.101680"><ele>189.8</ele></trkpt><trkpt lat="37.738230" lon="-122.101500"><ele>189.4</ele></trkpt><trkpt lat="37.738120" lon="-122.101260"><ele>189.0</ele></trkpt><trkpt lat="37.737990" lon="-122.101040"><ele>188.6</ele></trkpt><trkpt lat="37.737910" lon="-122.100950"><ele>188.4</ele></trkpt><trkpt lat="37.737840" lon="-122.100920"><ele>188.4</ele></trkpt><trkpt lat="37.737630" lon="-122.100860"><ele>188.1</ele></trkpt><trkpt lat="37.737530" lon="-122.100800"><ele>188.1</ele></trkpt><trkpt lat="37.737460" lon="-122.100700"><ele>188.2</ele></trkpt><trkpt lat="37.737300" lon="-122.100340"><ele>188.3</ele></trkpt><trkpt lat="37.737200" lon="-122.099990"><ele>188.9</ele></trkpt><trkpt lat="37.737160" lon="-122.099490"><ele>190.0</ele></trkpt><trkpt lat="37.737139" lon="-122.099400"><ele>190.3</ele></trkpt><trkpt lat="37.736970" lon="-122.099160"><ele>191.3</ele></trkpt><trkpt lat="37.736890" lon="-122.098960"><ele>192.2</ele></trkpt><trkpt lat="37.736740" lon="-122.098490"><ele>194.7</ele></trkpt><trkpt lat="37.736669" lon="-122.098230"><ele>195.6</ele></trkpt><trkpt lat="37.736630" lon="-122.097820"><ele>196.7</ele></trkpt><trkpt lat="37.736500" lon="-122.097600"><ele>197.3</ele></trkpt><trkpt lat="37.736440" lon="-122.097430"><ele>197.7</ele></trkpt><trkpt lat="37.736440" lon="-122.097240"><ele>198.2</ele></trkpt><trkpt lat="37.736450" lon="-122.096920"><ele>199.0</ele></trkpt><trkpt lat="37.736410" lon="-122.096800"><ele>199.3</ele></trkpt><trkpt lat="37.736260" lon="-122.096680"><ele>199.9</ele></trkpt><trkpt lat="37.735930" lon="-122.096690"><ele>201.0</ele></trkpt><trkpt lat="37.735550" lon="-122.096550"><ele>202.5</ele></trkpt><trkpt lat="37.735300" lon="-122.096360"><ele>204.0</ele></trkpt><trkpt lat="37.735220" lon="-122.096270"><ele>204.5</ele></trkpt><trkpt lat="37.735130" lon="-122.096120"><ele>205.4</ele></trkpt><trkpt lat="37.735050" lon="-122.096150"><ele>205.9</ele></trkpt><trkpt lat="37.734940" lon="-122.096230"><ele>206.7</ele></trkpt><trkpt lat="37.734870" lon="-122.096380"><ele>207.6</ele></trkpt><trkpt lat="37.734860" lon="-122.096540"><ele>208.2</ele></trkpt><trkpt lat="37.734920" lon="-122.096690"><ele>208.5</ele></trkpt><trkpt lat="37.735140" lon="-122.097030"><ele>209.0</ele></trkpt><trkpt lat="37.735310" lon="-122.097660"><ele>209.4</ele></trkpt><trkpt lat="37.735490" lon="-122.098290"><ele>208.6</ele></trkpt><trkpt lat="37.735590" lon="-122.098710"><ele>207.3</ele></trkpt><trkpt lat="37.735560" lon="-122.099090"><ele>206.0</ele></trkpt><trkpt lat="37.735380" lon="-122.099840"><ele>202.4</ele></trkpt><trkpt lat="37.735360" lon="-122.099980"><ele>202.1</ele></trkpt><trkpt lat="37.735349" lon="-122.100370"><ele>201.5</ele></trkpt><trkpt lat="37.735370" lon="-122.100790"><ele>201.9</ele></trkpt><trkpt lat="37.735349" lon="-122.100920"><ele>202.0</ele></trkpt><trkpt lat="37.735169" lon="-122.101080"><ele>202.5</ele></trkpt><trkpt lat="37.734770" lon="-122.101300"><ele>204.0</ele></trkpt><trkpt lat="37.734770" lon="-122.101300"><ele>204.0</ele></trkpt><trkpt lat="37.734510" lon="-122.101480"><ele>204.8</ele></trkpt><trkpt lat="37.733810" lon="-122.102080"><ele>208.9</ele></trkpt><trkpt lat="37.733680" lon="-122.102220"><ele>209.2</ele></trkpt><trkpt lat="37.733530" lon="-122.102310"><ele>209.5</ele></trkpt><trkpt lat="37.733610" lon="-122.101980"><ele>209.1</ele></trkpt><trkpt lat="37.733660" lon="-122.101890"><ele>208.7</ele></trkpt><trkpt lat="37.733790" lon="-122.101770"><ele>208.1</ele></trkpt><trkpt lat="37.734160" lon="-122.101530"><ele>205.7</ele></trkpt><trkpt lat="37.734690" lon="-122.101300"><ele>202.4</ele></trkpt><trkpt lat="37.734850" lon="-122.101250"><ele>201.6</ele></trkpt><trkpt lat="37.735169" lon="-122.101080"><ele>198.9</ele></trkpt><trkpt lat="37.735259" lon="-122.101010"><ele>198.0</ele></trkpt><trkpt lat="37.735330" lon="-122.101100"><ele>197.1</ele></trkpt><trkpt lat="37.735420" lon="-122.101140"><ele>196.3</ele></trkpt><trkpt lat="37.735500" lon="-122.101260"><ele>195.2</ele></trkpt><trkpt lat="37.735450" lon="-122.101480"><ele>193.6</ele></trkpt><trkpt lat="37.735310" lon="-122.101820"><ele>191.4</ele></trkpt><trkpt lat="37.735100" lon="-122.102180"><ele>190.0</ele></trkpt><trkpt lat="37.735110" lon="-122.102680"><ele>189.6</ele></trkpt><trkpt lat="37.735150" lon="-122.102900"><ele>189.6</ele></trkpt><trkpt lat="37.735120" lon="-122.103060"><ele>189.6</ele></trkpt><trkpt lat="37.734890" lon="-122.103170"><ele>189.6</ele></trkpt><trkpt lat="37.734660" lon="-122.103170"><ele>189.6</ele></trkpt><trkpt lat="37.734430" lon="-122.103130"><ele>190.5</ele></trkpt><trkpt lat="37.734330" lon="-122.103220"><ele>191.0</ele></trkpt><trkpt lat="37.734310" lon="-122.103440"><ele>191.7</ele></trkpt><trkpt lat="37.734400" lon="-122.103570"><ele>192.2</ele></trkpt><trkpt lat="37.734680" lon="-122.103780"><ele>193.5</ele></trkpt><trkpt lat="37.734920" lon="-122.104040"><ele>193.9</ele></trkpt><trkpt lat="37.735000" lon="-122.104290"><ele>193.9</ele></trkpt><trkpt lat="37.735000" lon="-122.104290"><ele>193.9</ele></trkpt><trkpt lat="37.735020" lon="-122.104370"><ele>193.9</ele></trkpt><trkpt lat="37.735010" lon="-122.104790"><ele>194.9</ele></trkpt><trkpt lat="37.734969" lon="-122.105290"><ele>196.1</ele></trkpt><trkpt lat="37.734930" lon="-122.105500"><ele>196.6</ele></trkpt><trkpt lat="37.734760" lon="-122.105640"><ele>197.2</ele></trkpt><trkpt lat="37.734640" lon="-122.105680"><ele>196.9</ele></trkpt><trkpt lat="37.734480" lon="-122.105630"><ele>196.6</ele></trkpt><trkpt lat="37.734290" lon="-122.105300"><ele>195.9</ele></trkpt><trkpt lat="37.734229" lon="-122.105240"><ele>195.9</ele></trkpt><trkpt lat="37.734160" lon="-122.105410"><ele>195.8</ele></trkpt><trkpt lat="37.734200" lon="-122.106160"><ele>193.9</ele></trkpt><trkpt lat="37.734150" lon="-122.106870"><ele>188.1</ele></trkpt><trkpt lat="37.734190" lon="-122.107360"><ele>182.6</ele></trkpt><trkpt lat="37.734139" lon="-122.108030"><ele>175.0</ele></trkpt><trkpt lat="37.734180" lon="-122.108580"><ele>169.4</ele></trkpt><trkpt lat="37.734170" lon="-122.108970"><ele>165.7</ele></trkpt><trkpt lat="37.734139" lon="-122.109180"><ele>164.0</ele></trkpt><trkpt lat="37.734030" lon="-122.109290"><ele>163.2</ele></trkpt><trkpt lat="37.733880" lon="-122.109250"><ele>162.3</ele></trkpt><trkpt lat="37.733770" lon="-122.108990"><ele>161.1</ele></trkpt><trkpt lat="37.733720" lon="-122.108540"><ele>159.9</ele></trkpt><trkpt lat="37.733640" lon="-122.108380"><ele>159.4</ele></trkpt><trkpt lat="37.733379" lon="-122.108230"><ele>159.2</ele></trkpt><trkpt lat="37.733130" lon="-122.107670"><ele>160.3</ele></trkpt><trkpt lat="37.732890" lon="-122.107370"><ele>161.8</ele></trkpt><trkpt lat="37.732570" lon="-122.107090"><ele>163.6</ele></trkpt><trkpt lat="37.732300" lon="-122.107070"><ele>165.2</ele></trkpt><trkpt lat="37.732010" lon="-122.106940"><ele>167.2</ele></trkpt><trkpt lat="37.731730" lon="-122.106660"><ele>169.3</ele></trkpt><trkpt lat="37.731660" lon="-122.106300"><ele>171.0</ele></trkpt><trkpt lat="37.731620" lon="-122.105750"><ele>173.5</ele></trkpt><trkpt lat="37.731610" lon="-122.105270"><ele>174.7</ele></trkpt><trkpt lat="37.731560" lon="-122.105110"><ele>175.1</ele></trkpt><trkpt lat="37.731460" lon="-122.104940"><ele>175.4</ele></trkpt><trkpt lat="37.731250" lon="-122.104920"><ele>175.6</ele></trkpt><trkpt lat="37.731090" lon="-122.105040"><ele>175.8</ele></trkpt><trkpt lat="37.730920" lon="-122.105290"><ele>175.6</ele></trkpt><trkpt lat="37.729990" lon="-122.106360"><ele>175.2</ele></trkpt><trkpt lat="37.729890" lon="-122.106460"><ele>175.2</ele></trkpt><trkpt lat="37.729630" lon="-122.106710"><ele>174.6</ele></trkpt><trkpt lat="37.729250" lon="-122.106970"><ele>172.5</ele></trkpt><trkpt lat="37.728890" lon="-122.107110"><ele>169.2</ele></trkpt><trkpt lat="37.728740" lon="-122.107290"><ele>167.2</ele></trkpt><trkpt lat="37.728680" lon="-122.107430"><ele>166.0</ele></trkpt><trkpt lat="37.728670" lon="-122.107600"><ele>164.7</ele></trkpt><trkpt lat="37.728700" lon="-122.107850"><ele>162.3</ele></trkpt><trkpt lat="37.728660" lon="-122.108030"><ele>160.4</ele></trkpt><trkpt lat="37.728600" lon="-122.108130"><ele>159.1</ele></trkpt><trkpt lat="37.728409" lon="-122.108340"><ele>156.4</ele></trkpt><trkpt lat="37.728110" lon="-122.108800"><ele>152.3</ele></trkpt><trkpt lat="37.728010" lon="-122.108930"><ele>150.8</ele></trkpt><trkpt lat="37.727830" lon="-122.109090"><ele>148.6</ele></trkpt><trkpt lat="37.727700" lon="-122.109170"><ele>147.2</ele></trkpt><trkpt lat="37.727590" lon="-122.109160"><ele>147.2</ele></trkpt></trkseg></trk>
</gpx>