<?xml version="1.0" encoding="UTF-8"?>
<gpx version="1.1" creator="north-bay-planning" xmlns="http://www.topografix.com/GPX/1/1">
<metadata><name>Mount Diablo overnight</name><desc>Martinez Amtrak up Mitchell Canyon to Juniper, then Walnut Creek BART</desc></metadata>
<wpt lat="37.878500" lon="-121.931000"><name>Juniper Campground</name><desc>ReserveCalifornia, $30.</desc></wpt>
<trk><name>Day 1 Martinez to Juniper</name><trkseg><trkpt lat="38.018991" lon="-122.137994"><ele>2.1</ele></trkpt><trkpt lat="38.019053" lon="-122.137855"><ele>2.2</ele></trkpt><trkpt lat="38.019106" lon="-122.137906"><ele>2.2</ele></trkpt><trkpt lat="38.019131" lon="-122.137852"><ele>2.3</ele></trkpt><trkpt lat="38.019076" lon="-122.137806"><ele>2.3</ele></trkpt><trkpt lat="38.018592" lon="-122.137428"><ele>2.8</ele></trkpt><trkpt lat="38.018550" lon="-122.137393"><ele>2.9</ele></trkpt><trkpt lat="38.018518" lon="-122.137368"><ele>2.9</ele></trkpt><trkpt lat="38.018018" lon="-122.136977"><ele>4.1</ele></trkpt><trkpt lat="38.017962" lon="-122.136935"><ele>4.2</ele></trkpt><trkpt lat="38.017994" lon="-122.136874"><ele>4.4</ele></trkpt><trkpt lat="38.018035" lon="-122.136787"><ele>4.6</ele></trkpt><trkpt lat="38.018168" lon="-122.136524"><ele>5.1</ele></trkpt><trkpt lat="38.018242" lon="-122.136376"><ele>5.4</ele></trkpt><trkpt lat="38.018297" lon="-122.136267"><ele>5.7</ele></trkpt><trkpt lat="38.018330" lon="-122.136197"><ele>5.9</ele></trkpt><trkpt lat="38.018357" lon="-122.136138"><ele>6.0</ele></trkpt><trkpt lat="38.018623" lon="-122.135602"><ele>7.4</ele></trkpt><trkpt lat="38.018673" lon="-122.135505"><ele>7.7</ele></trkpt><trkpt lat="38.018710" lon="-122.135432"><ele>7.9</ele></trkpt><trkpt lat="38.018752" lon="-122.135355"><ele>8.1</ele></trkpt><trkpt lat="38.018955" lon="-122.134926"><ele>8.9</ele></trkpt><trkpt lat="38.018987" lon="-122.134856"><ele>9.0</ele></trkpt><trkpt lat="38.018939" lon="-122.134822"><ele>9.1</ele></trkpt><trkpt lat="38.018498" lon="-122.134407"><ele>9.7</ele></trkpt><trkpt lat="38.018437" lon="-122.134351"><ele>9.7</ele></trkpt><trkpt lat="38.018396" lon="-122.134304"><ele>9.7</ele></trkpt><trkpt lat="38.017935" lon="-122.133876"><ele>10.0</ele></trkpt><trkpt lat="38.017884" lon="-122.133815"><ele>10.1</ele></trkpt><trkpt lat="38.017836" lon="-122.133759"><ele>10.1</ele></trkpt><trkpt lat="38.017618" lon="-122.133550"><ele>10.1</ele></trkpt><trkpt lat="38.017406" lon="-122.133345"><ele>10.1</ele></trkpt><trkpt lat="38.017355" lon="-122.133292"><ele>10.1</ele></trkpt><trkpt lat="38.017297" lon="-122.133235"><ele>10.1</ele></trkpt><trkpt lat="38.017260" lon="-122.133190"><ele>10.1</ele></trkpt><trkpt lat="38.017167" lon="-122.133080"><ele>10.1</ele></trkpt><trkpt lat="38.016945" lon="-122.132853"><ele>10.1</ele></trkpt><trkpt lat="38.016880" lon="-122.132751"><ele>10.1</ele></trkpt><trkpt lat="38.016877" lon="-122.132746"><ele>10.1</ele></trkpt><trkpt lat="38.016864" lon="-122.132725"><ele>10.1</ele></trkpt><trkpt lat="38.016810" lon="-122.132579"><ele>10.1</ele></trkpt><trkpt lat="38.016762" lon="-122.132399"><ele>10.1</ele></trkpt><trkpt lat="38.016759" lon="-122.132296"><ele>10.2</ele></trkpt><trkpt lat="38.016771" lon="-122.132122"><ele>10.4</ele></trkpt><trkpt lat="38.016768" lon="-122.131940"><ele>10.5</ele></trkpt><trkpt lat="38.016746" lon="-122.131798"><ele>10.6</ele></trkpt><trkpt lat="38.016715" lon="-122.131690"><ele>10.7</ele></trkpt><trkpt lat="38.016686" lon="-122.131616"><ele>10.7</ele></trkpt><trkpt lat="38.016657" lon="-122.131548"><ele>10.7</ele></trkpt><trkpt lat="38.016611" lon="-122.131483"><ele>10.7</ele></trkpt><trkpt lat="38.016537" lon="-122.131401"><ele>10.7</ele></trkpt><trkpt lat="38.016383" lon="-122.131257"><ele>10.7</ele></trkpt><trkpt lat="38.016184" lon="-122.131077"><ele>10.7</ele></trkpt><trkpt lat="38.015960" lon="-122.130851"><ele>10.7</ele></trkpt><trkpt lat="38.015756" lon="-122.130650"><ele>10.7</ele></trkpt><trkpt lat="38.015619" lon="-122.130515"><ele>10.7</ele></trkpt><trkpt lat="38.015572" lon="-122.130470"><ele>10.7</ele></trkpt><trkpt lat="38.015459" lon="-122.130358"><ele>10.7</ele></trkpt><trkpt lat="38.015245" lon="-122.130147"><ele>10.7</ele></trkpt><trkpt lat="38.015209" lon="-122.130089"><ele>10.7</ele></trkpt><trkpt lat="38.015159" lon="-122.129976"><ele>10.7</ele></trkpt><trkpt lat="38.015154" lon="-122.129931"><ele>10.7</ele></trkpt><trkpt lat="38.015152" lon="-122.129825"><ele>10.7</ele></trkpt><trkpt lat="38.015168" lon="-122.129741"><ele>10.8</ele></trkpt><trkpt lat="38.015205" lon="-122.129657"><ele>10.8</ele></trkpt><trkpt lat="38.015304" lon="-122.129440"><ele>10.9</ele></trkpt><trkpt lat="38.015333" lon="-122.129361"><ele>11.0</ele></trkpt><trkpt lat="38.015343" lon="-122.129302"><ele>11.0</ele></trkpt><trkpt lat="38.015348" lon="-122.129187"><ele>11.1</ele></trkpt><trkpt lat="38.015342" lon="-122.129073"><ele>11.2</ele></trkpt><trkpt lat="38.015316" lon="-122.128943"><ele>11.3</ele></trkpt><trkpt lat="38.015274" lon="-122.128814"><ele>11.5</ele></trkpt><trkpt lat="38.015202" lon="-122.128614"><ele>11.6</ele></trkpt><trkpt lat="38.015114" lon="-122.128366"><ele>11.6</ele></trkpt><trkpt lat="38.014947" lon="-122.127903"><ele>11.8</ele></trkpt><trkpt lat="38.014813" lon="-122.127538"><ele>12.3</ele></trkpt><trkpt lat="38.014789" lon="-122.127472"><ele>12.4</ele></trkpt><trkpt lat="38.014735" lon="-122.127316"><ele>12.8</ele></trkpt><trkpt lat="38.014629" lon="-122.127007"><ele>13.5</ele></trkpt><trkpt lat="38.014465" lon="-122.126571"><ele>14.9</ele></trkpt><trkpt lat="38.014439" lon="-122.126511"><ele>15.1</ele></trkpt><trkpt lat="38.014361" lon="-122.126316"><ele>15.8</ele></trkpt><trkpt lat="38.014311" lon="-122.126193"><ele>16.2</ele></trkpt><trkpt lat="38.014306" lon="-122.126181"><ele>16.2</ele></trkpt><trkpt lat="38.014122" lon="-122.125715"><ele>17.8</ele></trkpt><trkpt lat="38.014054" lon="-122.125501"><ele>18.7</ele></trkpt><trkpt lat="38.013986" lon="-122.125273"><ele>19.8</ele></trkpt><trkpt lat="38.013838" lon="-122.124775"><ele>21.9</ele></trkpt><trkpt lat="38.013698" lon="-122.124294"><ele>23.5</ele></trkpt><trkpt lat="38.013481" lon="-122.123547"><ele>26.2</ele></trkpt><trkpt lat="38.013459" lon="-122.123475"><ele>26.3</ele></trkpt><trkpt lat="38.013261" lon="-122.122801"><ele>27.8</ele></trkpt><trkpt lat="38.013225" lon="-122.122668"><ele>28.1</ele></trkpt><trkpt lat="38.013194" lon="-122.122548"><ele>28.3</ele></trkpt><trkpt lat="38.013167" lon="-122.122418"><ele>28.6</ele></trkpt><trkpt lat="38.013099" lon="-122.122069"><ele>29.2</ele></trkpt><trkpt lat="38.013049" lon="-122.121822"><ele>29.7</ele></trkpt><trkpt lat="38.012947" lon="-122.121305"><ele>30.8</ele></trkpt><trkpt lat="38.012878" lon="-122.120978"><ele>31.4</ele></trkpt><trkpt lat="38.012861" lon="-122.120893"><ele>31.5</ele></trkpt><trkpt lat="38.012845" lon="-122.120812"><ele>31.6</ele></trkpt><trkpt lat="38.012841" lon="-122.120793"><ele>31.6</ele></trkpt><trkpt lat="38.012808" lon="-122.120626"><ele>31.8</ele></trkpt><trkpt lat="38.012773" lon="-122.120450"><ele>31.9</ele></trkpt><trkpt lat="38.012748" lon="-122.120297"><ele>32.0</ele></trkpt><trkpt lat="38.012740" lon="-122.120098"><ele>31.9</ele></trkpt><trkpt lat="38.012739" lon="-122.119905"><ele>31.8</ele></trkpt><trkpt lat="38.012754" lon="-122.119694"><ele>31.7</ele></trkpt><trkpt lat="38.012829" lon="-122.119216"><ele>31.5</ele></trkpt><trkpt lat="38.012843" lon="-122.119125"><ele>31.4</ele></trkpt><trkpt lat="38.012884" lon="-122.118828"><ele>31.1</ele></trkpt><trkpt lat="38.012893" lon="-122.118528"><ele>30.7</ele></trkpt><trkpt lat="38.012897" lon="-122.118412"><ele>30.6</ele></trkpt><trkpt lat="38.012898" lon="-122.118217"><ele>30.1</ele></trkpt><trkpt lat="38.012898" lon="-122.118163"><ele>29.9</ele></trkpt><trkpt lat="38.012879" lon="-122.117905"><ele>29.1</ele></trkpt><trkpt lat="38.012853" lon="-122.117793"><ele>28.7</ele></trkpt><trkpt lat="38.012774" lon="-122.117709"><ele>28.3</ele></trkpt><trkpt lat="38.012738" lon="-122.117571"><ele>27.9</ele></trkpt><trkpt lat="38.012666" lon="-122.117356"><ele>27.1</ele></trkpt><trkpt lat="38.012665" lon="-122.117202"><ele>26.7</ele></trkpt><trkpt lat="38.012599" lon="-122.117046"><ele>26.2</ele></trkpt><trkpt lat="38.012493" lon="-122.116794"><ele>26.1</ele></trkpt><trkpt lat="38.012477" lon="-122.116745"><ele>26.1</ele></trkpt><trkpt lat="38.012428" lon="-122.116598"><ele>26.0</ele></trkpt><trkpt lat="38.012398" lon="-122.116489"><ele>25.9</ele></trkpt><trkpt lat="38.012360" lon="-122.116310"><ele>25.8</ele></trkpt><trkpt lat="38.012335" lon="-122.116107"><ele>25.6</ele></trkpt><trkpt lat="38.012320" lon="-122.115904"><ele>25.4</ele></trkpt><trkpt lat="38.012315" lon="-122.115676"><ele>25.1</ele></trkpt><trkpt lat="38.012318" lon="-122.115287"><ele>24.2</ele></trkpt><trkpt lat="38.012322" lon="-122.114819"><ele>23.3</ele></trkpt><trkpt lat="38.012324" lon="-122.114374"><ele>22.5</ele></trkpt><trkpt lat="38.012325" lon="-122.114309"><ele>22.4</ele></trkpt><trkpt lat="38.012329" lon="-122.114177"><ele>22.1</ele></trkpt><trkpt lat="38.012330" lon="-122.113850"><ele>21.3</ele></trkpt><trkpt lat="38.012329" lon="-122.113772"><ele>21.2</ele></trkpt><trkpt lat="38.012337" lon="-122.112721"><ele>17.2</ele></trkpt><trkpt lat="38.012338" lon="-122.112600"><ele>16.7</ele></trkpt><trkpt lat="38.012342" lon="-122.111877"><ele>15.0</ele></trkpt><trkpt lat="38.012352" lon="-122.111522"><ele>14.3</ele></trkpt><trkpt lat="38.012353" lon="-122.111411"><ele>14.1</ele></trkpt><trkpt lat="38.012354" lon="-122.111370"><ele>14.0</ele></trkpt><trkpt lat="38.012358" lon="-122.110889"><ele>12.9</ele></trkpt><trkpt lat="38.012367" lon="-122.110401"><ele>12.1</ele></trkpt><trkpt lat="38.012369" lon="-122.110181"><ele>11.8</ele></trkpt><trkpt lat="38.012372" lon="-122.109838"><ele>11.5</ele></trkpt><trkpt lat="38.012375" lon="-122.109526"><ele>11.1</ele></trkpt><trkpt lat="38.012378" lon="-122.109219"><ele>10.6</ele></trkpt><trkpt lat="38.012385" lon="-122.108732"><ele>9.9</ele></trkpt><trkpt lat="38.012386" lon="-122.108531"><ele>9.7</ele></trkpt><trkpt lat="38.012396" lon="-122.108003"><ele>9.3</ele></trkpt><trkpt lat="38.012401" lon="-122.107446"><ele>9.1</ele></trkpt><trkpt lat="38.012406" lon="-122.107188"><ele>9.0</ele></trkpt><trkpt lat="38.012407" lon="-122.107006"><ele>8.9</ele></trkpt><trkpt lat="38.012409" lon="-122.106742"><ele>9.0</ele></trkpt><trkpt lat="38.012403" lon="-122.106570"><ele>9.1</ele></trkpt><trkpt lat="38.012369" lon="-122.106296"><ele>9.4</ele></trkpt><trkpt lat="38.012347" lon="-122.106194"><ele>9.5</ele></trkpt><trkpt lat="38.012300" lon="-122.106009"><ele>10.0</ele></trkpt><trkpt lat="38.012239" lon="-122.105803"><ele>10.6</ele></trkpt><trkpt lat="38.012176" lon="-122.105625"><ele>11.1</ele></trkpt><trkpt lat="38.012120" lon="-122.105475"><ele>11.5</ele></trkpt><trkpt lat="38.012052" lon="-122.105295"><ele>12.1</ele></trkpt><trkpt lat="38.012020" lon="-122.105205"><ele>12.3</ele></trkpt><trkpt lat="38.011939" lon="-122.104981"><ele>13.0</ele></trkpt><trkpt lat="38.011894" lon="-122.104869"><ele>13.3</ele></trkpt><trkpt lat="38.011806" lon="-122.104640"><ele>13.8</ele></trkpt><trkpt lat="38.011695" lon="-122.104346"><ele>14.6</ele></trkpt><trkpt lat="38.011631" lon="-122.104175"><ele>15.0</ele></trkpt><trkpt lat="38.011585" lon="-122.104051"><ele>15.3</ele></trkpt><trkpt lat="38.011511" lon="-122.103848"><ele>15.8</ele></trkpt><trkpt lat="38.011438" lon="-122.103651"><ele>16.2</ele></trkpt><trkpt lat="38.011375" lon="-122.103488"><ele>16.3</ele></trkpt><trkpt lat="38.011286" lon="-122.103262"><ele>16.4</ele></trkpt><trkpt lat="38.011195" lon="-122.103034"><ele>16.3</ele></trkpt><trkpt lat="38.011043" lon="-122.102632"><ele>15.3</ele></trkpt><trkpt lat="38.010971" lon="-122.102440"><ele>14.8</ele></trkpt><trkpt lat="38.010911" lon="-122.102288"><ele>14.4</ele></trkpt><trkpt lat="38.010866" lon="-122.102173"><ele>14.0</ele></trkpt><trkpt lat="38.010820" lon="-122.102056"><ele>13.7</ele></trkpt><trkpt lat="38.010727" lon="-122.101817"><ele>13.1</ele></trkpt><trkpt lat="38.010520" lon="-122.101314"><ele>12.8</ele></trkpt><trkpt lat="38.010408" lon="-122.101026"><ele>12.8</ele></trkpt><trkpt lat="38.010386" lon="-122.100968"><ele>12.8</ele></trkpt><trkpt lat="38.010273" lon="-122.100678"><ele>12.8</ele></trkpt><trkpt lat="38.010180" lon="-122.100449"><ele>12.7</ele></trkpt><trkpt lat="38.010070" lon="-122.100172"><ele>12.6</ele></trkpt><trkpt lat="38.009962" lon="-122.099911"><ele>12.6</ele></trkpt><trkpt lat="38.009864" lon="-122.099665"><ele>12.9</ele></trkpt><trkpt lat="38.009771" lon="-122.099421"><ele>13.1</ele></trkpt><trkpt lat="38.009531" lon="-122.098760"><ele>14.3</ele></trkpt><trkpt lat="38.009434" lon="-122.098492"><ele>14.2</ele></trkpt><trkpt lat="38.009263" lon="-122.098048"><ele>13.9</ele></trkpt><trkpt lat="38.009163" lon="-122.097793"><ele>13.6</ele></trkpt><trkpt lat="38.009027" lon="-122.097446"><ele>13.4</ele></trkpt><trkpt lat="38.008915" lon="-122.097149"><ele>13.2</ele></trkpt><trkpt lat="38.008785" lon="-122.096815"><ele>12.8</ele></trkpt><trkpt lat="38.008656" lon="-122.096477"><ele>12.2</ele></trkpt><trkpt lat="38.008418" lon="-122.095852"><ele>10.5</ele></trkpt><trkpt lat="38.008375" lon="-122.095737"><ele>10.1</ele></trkpt><trkpt lat="38.008333" lon="-122.095625"><ele>9.8</ele></trkpt><trkpt lat="38.008274" lon="-122.095466"><ele>9.5</ele></trkpt><trkpt lat="38.008244" lon="-122.095385"><ele>9.3</ele></trkpt><trkpt lat="38.008146" lon="-122.095124"><ele>8.6</ele></trkpt><trkpt lat="38.008015" lon="-122.094775"><ele>8.1</ele></trkpt><trkpt lat="38.007921" lon="-122.094528"><ele>7.7</ele></trkpt><trkpt lat="38.007831" lon="-122.094289"><ele>7.3</ele></trkpt><trkpt lat="38.007764" lon="-122.094119"><ele>7.1</ele></trkpt><trkpt lat="38.007679" lon="-122.093897"><ele>6.8</ele></trkpt><trkpt lat="38.007645" lon="-122.093807"><ele>6.7</ele></trkpt><trkpt lat="38.007556" lon="-122.093582"><ele>6.6</ele></trkpt><trkpt lat="38.007385" lon="-122.093136"><ele>6.3</ele></trkpt><trkpt lat="38.007348" lon="-122.093043"><ele>6.3</ele></trkpt><trkpt lat="38.007256" lon="-122.092810"><ele>6.2</ele></trkpt><trkpt lat="38.007135" lon="-122.092513"><ele>6.0</ele></trkpt><trkpt lat="38.006993" lon="-122.092133"><ele>5.6</ele></trkpt><trkpt lat="38.006956" lon="-122.092034"><ele>5.5</ele></trkpt><trkpt lat="38.006870" lon="-122.091915"><ele>5.4</ele></trkpt><trkpt lat="38.006752" lon="-122.091639"><ele>5.1</ele></trkpt><trkpt lat="38.006699" lon="-122.091432"><ele>4.9</ele></trkpt><trkpt lat="38.006648" lon="-122.091132"><ele>4.7</ele></trkpt><trkpt lat="38.006631" lon="-122.090639"><ele>4.5</ele></trkpt><trkpt lat="38.006643" lon="-122.090468"><ele>4.4</ele></trkpt><trkpt lat="38.006387" lon="-122.090409"><ele>4.3</ele></trkpt><trkpt lat="38.006298" lon="-122.090346"><ele>4.3</ele></trkpt><trkpt lat="38.006289" lon="-122.090331"><ele>4.3</ele></trkpt><trkpt lat="38.006223" lon="-122.090220"><ele>4.4</ele></trkpt><trkpt lat="38.006065" lon="-122.089813"><ele>4.6</ele></trkpt><trkpt lat="38.005904" lon="-122.089398"><ele>5.2</ele></trkpt><trkpt lat="38.005735" lon="-122.088907"><ele>5.7</ele></trkpt><trkpt lat="38.005510" lon="-122.087995"><ele>6.6</ele></trkpt><trkpt lat="38.005470" lon="-122.087823"><ele>6.8</ele></trkpt><trkpt lat="38.005296" lon="-122.087092"><ele>7.7</ele></trkpt><trkpt lat="38.005235" lon="-122.086810"><ele>7.8</ele></trkpt><trkpt lat="38.005177" lon="-122.086619"><ele>7.9</ele></trkpt><trkpt lat="38.005002" lon="-122.086300"><ele>8.1</ele></trkpt><trkpt lat="38.004966" lon="-122.086238"><ele>8.1</ele></trkpt><trkpt lat="38.004831" lon="-122.086099"><ele>8.2</ele></trkpt><trkpt lat="38.004671" lon="-122.085980"><ele>8.3</ele></trkpt><trkpt lat="38.004376" lon="-122.085845"><ele>8.5</ele></trkpt><trkpt lat="38.004277" lon="-122.085800"><ele>8.5</ele></trkpt><trkpt lat="38.004227" lon="-122.085777"><ele>8.5</ele></trkpt><trkpt lat="38.004163" lon="-122.085748"><ele>8.5</ele></trkpt><trkpt lat="38.004029" lon="-122.085641"><ele>8.4</ele></trkpt><trkpt lat="38.003893" lon="-122.085480"><ele>8.3</ele></trkpt><trkpt lat="38.003831" lon="-122.085376"><ele>8.2</ele></trkpt><trkpt lat="38.003813" lon="-122.085345"><ele>8.2</ele></trkpt><trkpt lat="38.003760" lon="-122.085256"><ele>8.1</ele></trkpt><trkpt lat="38.003723" lon="-122.085157"><ele>8.1</ele></trkpt><trkpt lat="38.003696" lon="-122.085085"><ele>8.1</ele></trkpt><trkpt lat="38.003668" lon="-122.085010"><ele>8.0</ele></trkpt><trkpt lat="38.003654" lon="-122.084929"><ele>8.0</ele></trkpt><trkpt lat="38.003619" lon="-122.084734"><ele>7.9</ele></trkpt><trkpt lat="38.003599" lon="-122.084322"><ele>7.7</ele></trkpt><trkpt lat="38.003565" lon="-122.084079"><ele>7.6</ele></trkpt><trkpt lat="38.003530" lon="-122.083967"><ele>7.5</ele></trkpt><trkpt lat="38.003436" lon="-122.083672"><ele>7.4</ele></trkpt><trkpt lat="38.003417" lon="-122.083624"><ele>7.4</ele></trkpt><trkpt lat="38.003238" lon="-122.083185"><ele>7.3</ele></trkpt><trkpt lat="38.003214" lon="-122.083128"><ele>7.3</ele></trkpt><trkpt lat="38.003075" lon="-122.082795"><ele>7.4</ele></trkpt><trkpt lat="38.002991" lon="-122.082595"><ele>7.6</ele></trkpt><trkpt lat="38.002883" lon="-122.082424"><ele>7.8</ele></trkpt><trkpt lat="38.002817" lon="-122.082319"><ele>8.0</ele></trkpt><trkpt lat="38.002722" lon="-122.082195"><ele>8.3</ele></trkpt><trkpt lat="38.002511" lon="-122.081919"><ele>8.9</ele></trkpt><trkpt lat="38.002202" lon="-122.081515"><ele>9.7</ele></trkpt><trkpt lat="38.002043" lon="-122.081308"><ele>10.1</ele></trkpt><trkpt lat="38.001939" lon="-122.081171"><ele>10.4</ele></trkpt><trkpt lat="38.001805" lon="-122.081003"><ele>10.7</ele></trkpt><trkpt lat="38.001747" lon="-122.080930"><ele>10.8</ele></trkpt><trkpt lat="38.001625" lon="-122.080776"><ele>11.1</ele></trkpt><trkpt lat="38.001257" lon="-122.080296"><ele>12.0</ele></trkpt><trkpt lat="38.001014" lon="-122.080067"><ele>12.5</ele></trkpt><trkpt lat="38.000038" lon="-122.079360"><ele>14.5</ele></trkpt><trkpt lat="37.999810" lon="-122.079195"><ele>14.9</ele></trkpt><trkpt lat="37.999326" lon="-122.078825"><ele>15.7</ele></trkpt><trkpt lat="37.999303" lon="-122.078807"><ele>15.8</ele></trkpt><trkpt lat="37.998484" lon="-122.078096"><ele>15.8</ele></trkpt><trkpt lat="37.998172" lon="-122.077825"><ele>15.6</ele></trkpt><trkpt lat="37.997720" lon="-122.077433"><ele>15.0</ele></trkpt><trkpt lat="37.997429" lon="-122.077182"><ele>14.6</ele></trkpt><trkpt lat="37.997309" lon="-122.077078"><ele>14.4</ele></trkpt><trkpt lat="37.997224" lon="-122.077008"><ele>14.3</ele></trkpt><trkpt lat="37.997157" lon="-122.076954"><ele>14.4</ele></trkpt><trkpt lat="37.997121" lon="-122.076924"><ele>14.4</ele></trkpt><trkpt lat="37.997008" lon="-122.076819"><ele>14.5</ele></trkpt><trkpt lat="37.996939" lon="-122.076758"><ele>14.5</ele></trkpt><trkpt lat="37.996804" lon="-122.076640"><ele>14.6</ele></trkpt><trkpt lat="37.996793" lon="-122.076630"><ele>14.6</ele></trkpt><trkpt lat="37.996640" lon="-122.076496"><ele>14.7</ele></trkpt><trkpt lat="37.996585" lon="-122.076448"><ele>14.8</ele></trkpt><trkpt lat="37.996356" lon="-122.076246"><ele>14.9</ele></trkpt><trkpt lat="37.996228" lon="-122.076134"><ele>14.9</ele></trkpt><trkpt lat="37.995936" lon="-122.075877"><ele>14.7</ele></trkpt><trkpt lat="37.995826" lon="-122.075785"><ele>14.6</ele></trkpt><trkpt lat="37.995745" lon="-122.075718"><ele>14.5</ele></trkpt><trkpt lat="37.995645" lon="-122.075678"><ele>14.5</ele></trkpt><trkpt lat="37.995597" lon="-122.075637"><ele>14.4</ele></trkpt><trkpt lat="37.995046" lon="-122.075182"><ele>13.8</ele></trkpt><trkpt lat="37.994816" lon="-122.074984"><ele>13.3</ele></trkpt><trkpt lat="37.994793" lon="-122.074967"><ele>13.2</ele></trkpt><trkpt lat="37.994491" lon="-122.074714"><ele>12.5</ele></trkpt><trkpt lat="37.994285" lon="-122.074541"><ele>12.2</ele></trkpt><trkpt lat="37.994187" lon="-122.074498"><ele>12.1</ele></trkpt><trkpt lat="37.994102" lon="-122.074428"><ele>12.0</ele></trkpt><trkpt lat="37.993954" lon="-122.074318"><ele>11.6</ele></trkpt><trkpt lat="37.993551" lon="-122.074150"><ele>10.7</ele></trkpt><trkpt lat="37.993541" lon="-122.074147"><ele>10.7</ele></trkpt><trkpt lat="37.992837" lon="-122.073947"><ele>9.3</ele></trkpt><trkpt lat="37.992424" lon="-122.073856"><ele>9.1</ele></trkpt><trkpt lat="37.992118" lon="-122.073782"><ele>8.7</ele></trkpt><trkpt lat="37.992027" lon="-122.073759"><ele>8.6</ele></trkpt><trkpt lat="37.991719" lon="-122.073679"><ele>8.5</ele></trkpt><trkpt lat="37.990638" lon="-122.073398"><ele>8.5</ele></trkpt><trkpt lat="37.990390" lon="-122.073298"><ele>8.5</ele></trkpt><trkpt lat="37.990345" lon="-122.073280"><ele>8.5</ele></trkpt><trkpt lat="37.990325" lon="-122.073270"><ele>8.5</ele></trkpt><trkpt lat="37.990279" lon="-122.073253"><ele>8.5</ele></trkpt><trkpt lat="37.990232" lon="-122.073220"><ele>8.5</ele></trkpt><trkpt lat="37.988890" lon="-122.072126"><ele>7.9</ele></trkpt><trkpt lat="37.988674" lon="-122.071943"><ele>7.9</ele></trkpt><trkpt lat="37.988249" lon="-122.071582"><ele>7.7</ele></trkpt><trkpt lat="37.988024" lon="-122.071378"><ele>7.6</ele></trkpt><trkpt lat="37.987701" lon="-122.071128"><ele>7.6</ele></trkpt><trkpt lat="37.987527" lon="-122.070968"><ele>7.6</ele></trkpt><trkpt lat="37.987404" lon="-122.070854"><ele>7.5</ele></trkpt><trkpt lat="37.987320" lon="-122.070745"><ele>7.4</ele></trkpt><trkpt lat="37.987264" lon="-122.070674"><ele>7.4</ele></trkpt><trkpt lat="37.987175" lon="-122.070559"><ele>7.2</ele></trkpt><trkpt lat="37.986996" lon="-122.070228"><ele>6.7</ele></trkpt><trkpt lat="37.986873" lon="-122.069949"><ele>6.3</ele></trkpt><trkpt lat="37.986666" lon="-122.069504"><ele>6.1</ele></trkpt><trkpt lat="37.986397" lon="-122.069104"><ele>6.1</ele></trkpt><trkpt lat="37.986057" lon="-122.068771"><ele>6.4</ele></trkpt><trkpt lat="37.985549" lon="-122.068469"><ele>6.7</ele></trkpt><trkpt lat="37.985103" lon="-122.068204"><ele>6.7</ele></trkpt><trkpt lat="37.984752" lon="-122.068038"><ele>6.6</ele></trkpt><trkpt lat="37.984603" lon="-122.067963"><ele>6.5</ele></trkpt><trkpt lat="37.984442" lon="-122.067877"><ele>6.3</ele></trkpt><trkpt lat="37.984146" lon="-122.067749"><ele>5.9</ele></trkpt><trkpt lat="37.983297" lon="-122.067578"><ele>5.2</ele></trkpt><trkpt lat="37.982920" lon="-122.067504"><ele>5.2</ele></trkpt><trkpt lat="37.982839" lon="-122.067487"><ele>5.2</ele></trkpt><trkpt lat="37.982396" lon="-122.067400"><ele>5.2</ele></trkpt><trkpt lat="37.981731" lon="-122.067273"><ele>4.9</ele></trkpt><trkpt lat="37.981640" lon="-122.067256"><ele>4.9</ele></trkpt><trkpt lat="37.981575" lon="-122.067242"><ele>4.9</ele></trkpt><trkpt lat="37.981422" lon="-122.067211"><ele>4.9</ele></trkpt><trkpt lat="37.981207" lon="-122.067171"><ele>4.9</ele></trkpt><trkpt lat="37.980774" lon="-122.067089"><ele>4.9</ele></trkpt><trkpt lat="37.980296" lon="-122.066990"><ele>4.6</ele></trkpt><trkpt lat="37.979795" lon="-122.066831"><ele>4.4</ele></trkpt><trkpt lat="37.979516" lon="-122.066717"><ele>4.6</ele></trkpt><trkpt lat="37.979355" lon="-122.066651"><ele>4.8</ele></trkpt><trkpt lat="37.979126" lon="-122.066539"><ele>5.0</ele></trkpt><trkpt lat="37.979059" lon="-122.066507"><ele>5.1</ele></trkpt><trkpt lat="37.978497" lon="-122.066257"><ele>5.2</ele></trkpt><trkpt lat="37.977462" lon="-122.065784"><ele>6.1</ele></trkpt><trkpt lat="37.976930" lon="-122.065528"><ele>5.8</ele></trkpt><trkpt lat="37.976775" lon="-122.065453"><ele>5.8</ele></trkpt><trkpt lat="37.976229" lon="-122.065190"><ele>6.5</ele></trkpt><trkpt lat="37.976108" lon="-122.065132"><ele>6.8</ele></trkpt><trkpt lat="37.975863" lon="-122.065170"><ele>7.4</ele></trkpt><trkpt lat="37.975828" lon="-122.065181"><ele>7.5</ele></trkpt><trkpt lat="37.975819" lon="-122.065150"><ele>7.5</ele></trkpt><trkpt lat="37.975812" lon="-122.065129"><ele>7.6</ele></trkpt><trkpt lat="37.975802" lon="-122.065120"><ele>7.6</ele></trkpt><trkpt lat="37.975739" lon="-122.065100"><ele>7.7</ele></trkpt><trkpt lat="37.975686" lon="-122.065070"><ele>7.8</ele></trkpt><trkpt lat="37.975581" lon="-122.065011"><ele>8.0</ele></trkpt><trkpt lat="37.975590" lon="-122.064900"><ele>8.1</ele></trkpt><trkpt lat="37.975615" lon="-122.064783"><ele>8.2</ele></trkpt><trkpt lat="37.975739" lon="-122.064557"><ele>8.1</ele></trkpt><trkpt lat="37.975897" lon="-122.064338"><ele>8.0</ele></trkpt><trkpt lat="37.977050" lon="-122.062758"><ele>7.3</ele></trkpt><trkpt lat="37.977257" lon="-122.062464"><ele>7.1</ele></trkpt><trkpt lat="37.977619" lon="-122.061951"><ele>7.2</ele></trkpt><trkpt lat="37.977805" lon="-122.061630"><ele>7.5</ele></trkpt><trkpt lat="37.977966" lon="-122.061321"><ele>8.0</ele></trkpt><trkpt lat="37.978020" lon="-122.061209"><ele>8.2</ele></trkpt><trkpt lat="37.978062" lon="-122.061105"><ele>8.2</ele></trkpt><trkpt lat="37.978367" lon="-122.060344"><ele>7.9</ele></trkpt><trkpt lat="37.978830" lon="-122.059239"><ele>7.6</ele></trkpt><trkpt lat="37.978948" lon="-122.058967"><ele>7.4</ele></trkpt><trkpt lat="37.978998" lon="-122.058853"><ele>7.4</ele></trkpt><trkpt lat="37.979022" lon="-122.058803"><ele>7.3</ele></trkpt><trkpt lat="37.979150" lon="-122.058542"><ele>7.1</ele></trkpt><trkpt lat="37.979420" lon="-122.057913"><ele>6.7</ele></trkpt><trkpt lat="37.980001" lon="-122.056564"><ele>6.7</ele></trkpt><trkpt lat="37.980200" lon="-122.056103"><ele>7.0</ele></trkpt><trkpt lat="37.980265" lon="-122.055954"><ele>7.1</ele></trkpt><trkpt lat="37.980600" lon="-122.055224"><ele>7.6</ele></trkpt><trkpt lat="37.980744" lon="-122.054651"><ele>7.9</ele></trkpt><trkpt lat="37.980793" lon="-122.053938"><ele>8.2</ele></trkpt><trkpt lat="37.980800" lon="-122.053842"><ele>8.2</ele></trkpt><trkpt lat="37.980789" lon="-122.053732"><ele>8.3</ele></trkpt><trkpt lat="37.980755" lon="-122.053394"><ele>8.4</ele></trkpt><trkpt lat="37.980740" lon="-122.053251"><ele>8.5</ele></trkpt><trkpt lat="37.980606" lon="-122.052538"><ele>7.4</ele></trkpt><trkpt lat="37.980599" lon="-122.052492"><ele>7.3</ele></trkpt><trkpt lat="37.980596" lon="-122.052470"><ele>7.3</ele></trkpt><trkpt lat="37.980579" lon="-122.052349"><ele>7.3</ele></trkpt><trkpt lat="37.980564" lon="-122.052269"><ele>7.3</ele></trkpt><trkpt lat="37.980431" lon="-122.051562"><ele>7.3</ele></trkpt><trkpt lat="37.980350" lon="-122.051129"><ele>7.3</ele></trkpt><trkpt lat="37.980330" lon="-122.050965"><ele>7.2</ele></trkpt><trkpt lat="37.980212" lon="-122.050318"><ele>7.0</ele></trkpt><trkpt lat="37.980063" lon="-122.049547"><ele>7.4</ele></trkpt><trkpt lat="37.979934" lon="-122.048808"><ele>8.2</ele></trkpt><trkpt lat="37.979811" lon="-122.048109"><ele>8.9</ele></trkpt><trkpt lat="37.979724" lon="-122.047639"><ele>9.4</ele></trkpt><trkpt lat="37.979648" lon="-122.047215"><ele>10.0</ele></trkpt><trkpt lat="37.979550" lon="-122.046668"><ele>10.5</ele></trkpt><trkpt lat="37.979504" lon="-122.046420"><ele>10.8</ele></trkpt><trkpt lat="37.979441" lon="-122.046081"><ele>11.2</ele></trkpt><trkpt lat="37.979384" lon="-122.045778"><ele>11.6</ele></trkpt><trkpt lat="37.979329" lon="-122.045474"><ele>12.1</ele></trkpt><trkpt lat="37.979284" lon="-122.045225"><ele>12.4</ele></trkpt><trkpt lat="37.979220" lon="-122.044877"><ele>12.6</ele></trkpt><trkpt lat="37.979146" lon="-122.044496"><ele>12.8</ele></trkpt><trkpt lat="37.978779" lon="-122.042475"><ele>14.0</ele></trkpt><trkpt lat="37.978685" lon="-122.041954"><ele>14.5</ele></trkpt><trkpt lat="37.978673" lon="-122.041890"><ele>14.6</ele></trkpt><trkpt lat="37.978661" lon="-122.041826"><ele>14.6</ele></trkpt><trkpt lat="37.978604" lon="-122.041518"><ele>15.1</ele></trkpt><trkpt lat="37.978570" lon="-122.041346"><ele>15.3</ele></trkpt><trkpt lat="37.978465" lon="-122.040809"><ele>15.9</ele></trkpt><trkpt lat="37.978359" lon="-122.040337"><ele>16.2</ele></trkpt><trkpt lat="37.978221" lon="-122.039719"><ele>16.5</ele></trkpt><trkpt lat="37.978146" lon="-122.039434"><ele>16.6</ele></trkpt><trkpt lat="37.977951" lon="-122.038719"><ele>17.0</ele></trkpt><trkpt lat="37.977765" lon="-122.038063"><ele>17.3</ele></trkpt><trkpt lat="37.977690" lon="-122.037882"><ele>17.4</ele></trkpt><trkpt lat="37.977459" lon="-122.037315"><ele>18.3</ele></trkpt><trkpt lat="37.977226" lon="-122.036696"><ele>19.5</ele></trkpt><trkpt lat="37.977210" lon="-122.036655"><ele>19.6</ele></trkpt><trkpt lat="37.977062" lon="-122.036354"><ele>20.2</ele></trkpt><trkpt lat="37.976940" lon="-122.036156"><ele>20.6</ele></trkpt><trkpt lat="37.976898" lon="-122.035993"><ele>21.0</ele></trkpt><trkpt lat="37.976567" lon="-122.035642"><ele>22.2</ele></trkpt><trkpt lat="37.976412" lon="-122.035518"><ele>22.4</ele></trkpt><trkpt lat="37.976130" lon="-122.035293"><ele>22.8</ele></trkpt><trkpt lat="37.976067" lon="-122.035243"><ele>23.0</ele></trkpt><trkpt lat="37.975998" lon="-122.035189"><ele>23.3</ele></trkpt><trkpt lat="37.975943" lon="-122.035144"><ele>23.6</ele></trkpt><trkpt lat="37.975773" lon="-122.035007"><ele>24.4</ele></trkpt><trkpt lat="37.975564" lon="-122.034838"><ele>25.4</ele></trkpt><trkpt lat="37.975225" lon="-122.034564"><ele>27.2</ele></trkpt><trkpt lat="37.975134" lon="-122.034490"><ele>27.8</ele></trkpt><trkpt lat="37.975045" lon="-122.034416"><ele>28.4</ele></trkpt><trkpt lat="37.974850" lon="-122.034256"><ele>29.9</ele></trkpt><trkpt lat="37.974361" lon="-122.033857"><ele>32.5</ele></trkpt><trkpt lat="37.974258" lon="-122.033774"><ele>33.0</ele></trkpt><trkpt lat="37.974325" lon="-122.033624"><ele>33.4</ele></trkpt><trkpt lat="37.974555" lon="-122.033109"><ele>34.4</ele></trkpt><trkpt lat="37.974734" lon="-122.032755"><ele>34.2</ele></trkpt><trkpt lat="37.975081" lon="-122.032031"><ele>33.5</ele></trkpt><trkpt lat="37.975240" lon="-122.031698"><ele>31.8</ele></trkpt><trkpt lat="37.975294" lon="-122.031584"><ele>31.2</ele></trkpt><trkpt lat="37.975339" lon="-122.031489"><ele>30.7</ele></trkpt><trkpt lat="37.975555" lon="-122.031037"><ele>29.8</ele></trkpt><trkpt lat="37.975664" lon="-122.030810"><ele>29.5</ele></trkpt><trkpt lat="37.975717" lon="-122.030704"><ele>29.5</ele></trkpt><trkpt lat="37.975817" lon="-122.030481"><ele>29.4</ele></trkpt><trkpt lat="37.975853" lon="-122.030400"><ele>29.3</ele></trkpt><trkpt lat="37.975832" lon="-122.030149"><ele>29.2</ele></trkpt><trkpt lat="37.975815" lon="-122.029941"><ele>29.0</ele></trkpt><trkpt lat="37.975763" lon="-122.029724"><ele>28.8</ele></trkpt><trkpt lat="37.975714" lon="-122.029575"><ele>28.6</ele></trkpt><trkpt lat="37.975559" lon="-122.029096"><ele>28.2</ele></trkpt><trkpt lat="37.975531" lon="-122.029007"><ele>28.1</ele></trkpt><trkpt lat="37.975449" lon="-122.028753"><ele>27.9</ele></trkpt><trkpt lat="37.975373" lon="-122.028474"><ele>27.8</ele></trkpt><trkpt lat="37.975261" lon="-122.028152"><ele>27.6</ele></trkpt><trkpt lat="37.975209" lon="-122.027966"><ele>27.4</ele></trkpt><trkpt lat="37.975121" lon="-122.027655"><ele>27.1</ele></trkpt><trkpt lat="37.975082" lon="-122.027516"><ele>27.0</ele></trkpt><trkpt lat="37.975052" lon="-122.027406"><ele>26.9</ele></trkpt><trkpt lat="37.974909" lon="-122.026878"><ele>26.4</ele></trkpt><trkpt lat="37.974846" lon="-122.026643"><ele>26.2</ele></trkpt><trkpt lat="37.974769" lon="-122.026358"><ele>25.9</ele></trkpt><trkpt lat="37.974648" lon="-122.025924"><ele>25.9</ele></trkpt><trkpt lat="37.974565" lon="-122.025628"><ele>26.0</ele></trkpt><trkpt lat="37.974529" lon="-122.025502"><ele>26.0</ele></trkpt><trkpt lat="37.974445" lon="-122.025213"><ele>26.2</ele></trkpt><trkpt lat="37.974330" lon="-122.024819"><ele>26.6</ele></trkpt><trkpt lat="37.974231" lon="-122.024479"><ele>27.1</ele></trkpt><trkpt lat="37.974104" lon="-122.024043"><ele>27.5</ele></trkpt><trkpt lat="37.974038" lon="-122.023807"><ele>27.7</ele></trkpt><trkpt lat="37.973869" lon="-122.023204"><ele>28.6</ele></trkpt><trkpt lat="37.973833" lon="-122.023076"><ele>28.7</ele></trkpt><trkpt lat="37.973758" lon="-122.022811"><ele>29.0</ele></trkpt><trkpt lat="37.973740" lon="-122.022744"><ele>29.1</ele></trkpt><trkpt lat="37.973582" lon="-122.022182"><ele>29.4</ele></trkpt><trkpt lat="37.973531" lon="-122.022001"><ele>29.5</ele></trkpt><trkpt lat="37.973204" lon="-122.020851"><ele>30.2</ele></trkpt><trkpt lat="37.973187" lon="-122.020789"><ele>30.3</ele></trkpt><trkpt lat="37.973101" lon="-122.020490"><ele>30.6</ele></trkpt><trkpt lat="37.973046" lon="-122.020226"><ele>30.8</ele></trkpt><trkpt lat="37.972966" lon="-122.019959"><ele>31.1</ele></trkpt><trkpt lat="37.972775" lon="-122.019314"><ele>32.3</ele></trkpt><trkpt lat="37.972484" lon="-122.018347"><ele>33.8</ele></trkpt><trkpt lat="37.972445" lon="-122.018217"><ele>34.0</ele></trkpt><trkpt lat="37.972384" lon="-122.017993"><ele>34.1</ele></trkpt><trkpt lat="37.972252" lon="-122.017512"><ele>34.1</ele></trkpt><trkpt lat="37.972160" lon="-122.017174"><ele>34.1</ele></trkpt><trkpt lat="37.972088" lon="-122.016912"><ele>34.1</ele></trkpt><trkpt lat="37.971946" lon="-122.016395"><ele>34.4</ele></trkpt><trkpt lat="37.971850" lon="-122.016056"><ele>34.8</ele></trkpt><trkpt lat="37.971647" lon="-122.015342"><ele>35.4</ele></trkpt><trkpt lat="37.971545" lon="-122.014965"><ele>35.4</ele></trkpt><trkpt lat="37.971542" lon="-122.014792"><ele>35.4</ele></trkpt><trkpt lat="37.971441" lon="-122.014427"><ele>35.5</ele></trkpt><trkpt lat="37.971310" lon="-122.013970"><ele>36.0</ele></trkpt><trkpt lat="37.971252" lon="-122.013769"><ele>36.4</ele></trkpt><trkpt lat="37.971161" lon="-122.013456"><ele>36.9</ele></trkpt><trkpt lat="37.971145" lon="-122.013401"><ele>37.0</ele></trkpt><trkpt lat="37.971073" lon="-122.013144"><ele>37.2</ele></trkpt><trkpt lat="37.971016" lon="-122.012940"><ele>37.4</ele></trkpt><trkpt lat="37.970948" lon="-122.012699"><ele>37.6</ele></trkpt><trkpt lat="37.970864" lon="-122.012400"><ele>37.9</ele></trkpt><trkpt lat="37.970762" lon="-122.012051"><ele>38.4</ele></trkpt><trkpt lat="37.970746" lon="-122.011999"><ele>38.5</ele></trkpt><trkpt lat="37.970652" lon="-122.011662"><ele>39.1</ele></trkpt><trkpt lat="37.970609" lon="-122.011504"><ele>39.5</ele></trkpt><trkpt lat="37.970493" lon="-122.011092"><ele>40.4</ele></trkpt><trkpt lat="37.970446" lon="-122.010923"><ele>40.8</ele></trkpt><trkpt lat="37.970427" lon="-122.010859"><ele>40.9</ele></trkpt><trkpt lat="37.970391" lon="-122.010735"><ele>41.0</ele></trkpt><trkpt lat="37.970337" lon="-122.010539"><ele>41.2</ele></trkpt><trkpt lat="37.970259" lon="-122.010262"><ele>41.5</ele></trkpt><trkpt lat="37.970108" lon="-122.009717"><ele>42.5</ele></trkpt><trkpt lat="37.970041" lon="-122.009668"><ele>42.7</ele></trkpt><trkpt lat="37.970033" lon="-122.009640"><ele>42.7</ele></trkpt><trkpt lat="37.970002" lon="-122.009532"><ele>42.8</ele></trkpt><trkpt lat="37.969948" lon="-122.009340"><ele>43.0</ele></trkpt><trkpt lat="37.969810" lon="-122.008845"><ele>43.5</ele></trkpt><trkpt lat="37.969789" lon="-122.008771"><ele>43.5</ele></trkpt><trkpt lat="37.969672" lon="-122.008355"><ele>43.9</ele></trkpt><trkpt lat="37.969642" lon="-122.008247"><ele>44.2</ele></trkpt><trkpt lat="37.969628" lon="-122.008195"><ele>44.3</ele></trkpt><trkpt lat="37.969320" lon="-122.007096"><ele>47.2</ele></trkpt><trkpt lat="37.969220" lon="-122.006738"><ele>47.9</ele></trkpt><trkpt lat="37.969074" lon="-122.006220"><ele>49.1</ele></trkpt><trkpt lat="37.969011" lon="-122.005992"><ele>49.7</ele></trkpt><trkpt lat="37.968910" lon="-122.005635"><ele>50.6</ele></trkpt><trkpt lat="37.968774" lon="-122.005160"><ele>51.5</ele></trkpt><trkpt lat="37.968576" lon="-122.004467"><ele>52.1</ele></trkpt><trkpt lat="37.968331" lon="-122.003628"><ele>51.7</ele></trkpt><trkpt lat="37.968198" lon="-122.003155"><ele>51.5</ele></trkpt><trkpt lat="37.968153" lon="-122.002996"><ele>51.5</ele></trkpt><trkpt lat="37.968088" lon="-122.002764"><ele>51.5</ele></trkpt><trkpt lat="37.967983" lon="-122.002389"><ele>51.7</ele></trkpt><trkpt lat="37.967867" lon="-122.001982"><ele>52.1</ele></trkpt><trkpt lat="37.967767" lon="-122.001630"><ele>52.4</ele></trkpt><trkpt lat="37.967698" lon="-122.001389"><ele>52.6</ele></trkpt><trkpt lat="37.967666" lon="-122.001277"><ele>52.8</ele></trkpt><trkpt lat="37.967646" lon="-122.001207"><ele>52.9</ele></trkpt><trkpt lat="37.967581" lon="-122.000980"><ele>53.2</ele></trkpt><trkpt lat="37.967319" lon="-122.000069"><ele>53.9</ele></trkpt><trkpt lat="37.967079" lon="-121.999185"><ele>53.6</ele></trkpt><trkpt lat="37.967044" lon="-121.999058"><ele>53.5</ele></trkpt><trkpt lat="37.967013" lon="-121.998968"><ele>53.5</ele></trkpt><trkpt lat="37.966843" lon="-121.998471"><ele>53.3</ele></trkpt><trkpt lat="37.966794" lon="-121.998328"><ele>53.3</ele></trkpt><trkpt lat="37.966666" lon="-121.997971"><ele>53.3</ele></trkpt><trkpt lat="37.966635" lon="-121.997887"><ele>53.3</ele></trkpt><trkpt lat="37.966490" lon="-121.997484"><ele>53.3</ele></trkpt><trkpt lat="37.966413" lon="-121.997274"><ele>53.3</ele></trkpt><trkpt lat="37.966303" lon="-121.996973"><ele>53.3</ele></trkpt><trkpt lat="37.965884" lon="-121.995831"><ele>54.3</ele></trkpt><trkpt lat="37.965876" lon="-121.995807"><ele>54.3</ele></trkpt><trkpt lat="37.965661" lon="-121.995223"><ele>54.4</ele></trkpt><trkpt lat="37.965411" lon="-121.994543"><ele>55.2</ele></trkpt><trkpt lat="37.965395" lon="-121.994498"><ele>55.3</ele></trkpt><trkpt lat="37.965363" lon="-121.994412"><ele>55.4</ele></trkpt><trkpt lat="37.965111" lon="-121.993730"><ele>57.0</ele></trkpt><trkpt lat="37.965085" lon="-121.993659"><ele>57.1</ele></trkpt><trkpt lat="37.965049" lon="-121.993562"><ele>57.3</ele></trkpt><trkpt lat="37.964977" lon="-121.993365"><ele>57.6</ele></trkpt><trkpt lat="37.964954" lon="-121.993303"><ele>57.7</ele></trkpt><trkpt lat="37.964928" lon="-121.993233"><ele>57.8</ele></trkpt><trkpt lat="37.964896" lon="-121.993145"><ele>57.9</ele></trkpt><trkpt lat="37.964785" lon="-121.992844"><ele>58.5</ele></trkpt><trkpt lat="37.964750" lon="-121.992750"><ele>58.7</ele></trkpt><trkpt lat="37.964710" lon="-121.992642"><ele>58.9</ele></trkpt><trkpt lat="37.964671" lon="-121.992533"><ele>59.1</ele></trkpt><trkpt lat="37.964641" lon="-121.992449"><ele>59.2</ele></trkpt><trkpt lat="37.964513" lon="-121.992090"><ele>59.8</ele></trkpt><trkpt lat="37.964295" lon="-121.991478"><ele>60.5</ele></trkpt><trkpt lat="37.964240" lon="-121.991324"><ele>60.6</ele></trkpt><trkpt lat="37.964120" lon="-121.990988"><ele>60.8</ele></trkpt><trkpt lat="37.964068" lon="-121.990841"><ele>60.9</ele></trkpt><trkpt lat="37.964046" lon="-121.990779"><ele>60.9</ele></trkpt><trkpt lat="37.963809" lon="-121.990120"><ele>61.2</ele></trkpt><trkpt lat="37.963555" lon="-121.989375"><ele>61.3</ele></trkpt><trkpt lat="37.963488" lon="-121.989190"><ele>61.3</ele></trkpt><trkpt lat="37.963368" lon="-121.988860"><ele>61.3</ele></trkpt><trkpt lat="37.963299" lon="-121.988672"><ele>61.3</ele></trkpt><trkpt lat="37.963113" lon="-121.988163"><ele>61.3</ele></trkpt><trkpt lat="37.962864" lon="-121.987484"><ele>61.9</ele></trkpt><trkpt lat="37.962816" lon="-121.987351"><ele>62.1</ele></trkpt><trkpt lat="37.962687" lon="-121.987001"><ele>62.7</ele></trkpt><trkpt lat="37.962635" lon="-121.986859"><ele>62.9</ele></trkpt><trkpt lat="37.962540" lon="-121.986588"><ele>63.6</ele></trkpt><trkpt lat="37.962466" lon="-121.986374"><ele>64.1</ele></trkpt><trkpt lat="37.962394" lon="-121.986170"><ele>64.5</ele></trkpt><trkpt lat="37.962241" lon="-121.985745"><ele>65.1</ele></trkpt><trkpt lat="37.962052" lon="-121.985223"><ele>66.1</ele></trkpt><trkpt lat="37.961834" lon="-121.984630"><ele>66.6</ele></trkpt><trkpt lat="37.961642" lon="-121.984116"><ele>66.6</ele></trkpt><trkpt lat="37.961636" lon="-121.984100"><ele>66.6</ele></trkpt><trkpt lat="37.961552" lon="-121.983877"><ele>66.5</ele></trkpt><trkpt lat="37.961434" lon="-121.983556"><ele>66.4</ele></trkpt><trkpt lat="37.961392" lon="-121.983444"><ele>66.4</ele></trkpt><trkpt lat="37.961270" lon="-121.983109"><ele>66.5</ele></trkpt><trkpt lat="37.961234" lon="-121.983010"><ele>66.5</ele></trkpt><trkpt lat="37.961191" lon="-121.982894"><ele>66.6</ele></trkpt><trkpt lat="37.961124" lon="-121.982714"><ele>66.7</ele></trkpt><trkpt lat="37.961070" lon="-121.982558"><ele>66.8</ele></trkpt><trkpt lat="37.961011" lon="-121.982389"><ele>66.8</ele></trkpt><trkpt lat="37.960951" lon="-121.982216"><ele>66.9</ele></trkpt><trkpt lat="37.960844" lon="-121.981907"><ele>67.1</ele></trkpt><trkpt lat="37.960669" lon="-121.981401"><ele>68.1</ele></trkpt><trkpt lat="37.960579" lon="-121.981142"><ele>68.5</ele></trkpt><trkpt lat="37.960528" lon="-121.980995"><ele>68.7</ele></trkpt><trkpt lat="37.960373" lon="-121.980548"><ele>69.4</ele></trkpt><trkpt lat="37.960170" lon="-121.979990"><ele>70.2</ele></trkpt><trkpt lat="37.960126" lon="-121.979869"><ele>70.3</ele></trkpt><trkpt lat="37.960002" lon="-121.979535"><ele>70.6</ele></trkpt><trkpt lat="37.959982" lon="-121.979479"><ele>70.7</ele></trkpt><trkpt lat="37.959694" lon="-121.978695"><ele>71.8</ele></trkpt><trkpt lat="37.959609" lon="-121.978460"><ele>72.2</ele></trkpt><trkpt lat="37.959174" lon="-121.977246"><ele>73.6</ele></trkpt><trkpt lat="37.958855" lon="-121.976351"><ele>73.8</ele></trkpt><trkpt lat="37.958810" lon="-121.976224"><ele>73.8</ele></trkpt><trkpt lat="37.958679" lon="-121.975857"><ele>73.8</ele></trkpt><trkpt lat="37.958539" lon="-121.975485"><ele>74.1</ele></trkpt><trkpt lat="37.958320" lon="-121.974903"><ele>74.8</ele></trkpt><trkpt lat="37.958183" lon="-121.974503"><ele>75.0</ele></trkpt><trkpt lat="37.958149" lon="-121.974403"><ele>75.0</ele></trkpt><trkpt lat="37.958087" lon="-121.974221"><ele>75.2</ele></trkpt><trkpt lat="37.958022" lon="-121.974024"><ele>75.4</ele></trkpt><trkpt lat="37.957864" lon="-121.973543"><ele>76.0</ele></trkpt><trkpt lat="37.957695" lon="-121.973088"><ele>76.6</ele></trkpt><trkpt lat="37.956509" lon="-121.969795"><ele>78.9</ele></trkpt><trkpt lat="37.956450" lon="-121.969631"><ele>79.1</ele></trkpt><trkpt lat="37.956216" lon="-121.968981"><ele>80.2</ele></trkpt><trkpt lat="37.956009" lon="-121.968427"><ele>81.3</ele></trkpt><trkpt lat="37.955915" lon="-121.968176"><ele>81.7</ele></trkpt><trkpt lat="37.955911" lon="-121.968166"><ele>81.7</ele></trkpt><trkpt lat="37.955786" lon="-121.967824"><ele>82.1</ele></trkpt><trkpt lat="37.955345" lon="-121.966652"><ele>83.6</ele></trkpt><trkpt lat="37.955300" lon="-121.966525"><ele>83.8</ele></trkpt><trkpt lat="37.955076" lon="-121.965894"><ele>84.8</ele></trkpt><trkpt lat="37.954833" lon="-121.965211"><ele>85.6</ele></trkpt><trkpt lat="37.954818" lon="-121.965168"><ele>85.6</ele></trkpt><trkpt lat="37.954746" lon="-121.964966"><ele>86.2</ele></trkpt><trkpt lat="37.954601" lon="-121.964582"><ele>87.5</ele></trkpt><trkpt lat="37.954551" lon="-121.964447"><ele>87.9</ele></trkpt><trkpt lat="37.954522" lon="-121.964361"><ele>88.1</ele></trkpt><trkpt lat="37.954231" lon="-121.963527"><ele>89.6</ele></trkpt><trkpt lat="37.953820" lon="-121.962355"><ele>91.5</ele></trkpt><trkpt lat="37.953488" lon="-121.961443"><ele>92.9</ele></trkpt><trkpt lat="37.953335" lon="-121.961011"><ele>93.1</ele></trkpt><trkpt lat="37.953211" lon="-121.960673"><ele>93.4</ele></trkpt><trkpt lat="37.952971" lon="-121.960016"><ele>93.9</ele></trkpt><trkpt lat="37.952777" lon="-121.959505"><ele>94.2</ele></trkpt><trkpt lat="37.952772" lon="-121.959489"><ele>94.2</ele></trkpt><trkpt lat="37.952663" lon="-121.959203"><ele>94.6</ele></trkpt><trkpt lat="37.952606" lon="-121.959029"><ele>94.9</ele></trkpt><trkpt lat="37.952599" lon="-121.959008"><ele>94.9</ele></trkpt><trkpt lat="37.952554" lon="-121.958880"><ele>95.1</ele></trkpt><trkpt lat="37.952517" lon="-121.958771"><ele>95.2</ele></trkpt><trkpt lat="37.952382" lon="-121.958374"><ele>95.6</ele></trkpt><trkpt lat="37.952347" lon="-121.958271"><ele>95.7</ele></trkpt><trkpt lat="37.952262" lon="-121.958019"><ele>96.2</ele></trkpt><trkpt lat="37.952134" lon="-121.957631"><ele>97.0</ele></trkpt><trkpt lat="37.952092" lon="-121.957517"><ele>97.2</ele></trkpt><trkpt lat="37.952013" lon="-121.957305"><ele>97.6</ele></trkpt><trkpt lat="37.951968" lon="-121.957195"><ele>97.8</ele></trkpt><trkpt lat="37.951736" lon="-121.956641"><ele>99.1</ele></trkpt><trkpt lat="37.951572" lon="-121.956301"><ele>99.9</ele></trkpt><trkpt lat="37.951479" lon="-121.956107"><ele>100.2</ele></trkpt><trkpt lat="37.951441" lon="-121.956030"><ele>100.3</ele></trkpt><trkpt lat="37.951387" lon="-121.955930"><ele>100.5</ele></trkpt><trkpt lat="37.951356" lon="-121.955875"><ele>100.6</ele></trkpt><trkpt lat="37.951279" lon="-121.955735"><ele>100.6</ele></trkpt><trkpt lat="37.951179" lon="-121.955555"><ele>100.7</ele></trkpt><trkpt lat="37.951109" lon="-121.955428"><ele>100.8</ele></trkpt><trkpt lat="37.951049" lon="-121.955321"><ele>100.9</ele></trkpt><trkpt lat="37.950874" lon="-121.955004"><ele>101.4</ele></trkpt><trkpt lat="37.950205" lon="-121.953782"><ele>103.4</ele></trkpt><trkpt lat="37.949352" lon="-121.952223"><ele>105.4</ele></trkpt><trkpt lat="37.949124" lon="-121.951822"><ele>106.2</ele></trkpt><trkpt lat="37.949107" lon="-121.951792"><ele>106.2</ele></trkpt><trkpt lat="37.948823" lon="-121.951278"><ele>106.8</ele></trkpt><trkpt lat="37.948794" lon="-121.951224"><ele>107.0</ele></trkpt><trkpt lat="37.948765" lon="-121.951169"><ele>107.1</ele></trkpt><trkpt lat="37.948586" lon="-121.950829"><ele>107.8</ele></trkpt><trkpt lat="37.948398" lon="-121.950488"><ele>108.6</ele></trkpt><trkpt lat="37.948281" lon="-121.950276"><ele>109.0</ele></trkpt><trkpt lat="37.947255" lon="-121.948442"><ele>113.5</ele></trkpt><trkpt lat="37.946774" lon="-121.947575"><ele>116.5</ele></trkpt><trkpt lat="37.946447" lon="-121.947140"><ele>118.2</ele></trkpt><trkpt lat="37.946070" lon="-121.946639"><ele>120.0</ele></trkpt><trkpt lat="37.945847" lon="-121.946302"><ele>121.2</ele></trkpt><trkpt lat="37.945475" lon="-121.945559"><ele>122.9</ele></trkpt><trkpt lat="37.945260" lon="-121.945137"><ele>123.4</ele></trkpt><trkpt lat="37.943603" lon="-121.941934"><ele>130.0</ele></trkpt><trkpt lat="37.943046" lon="-121.941939"><ele>131.3</ele></trkpt><trkpt lat="37.942094" lon="-121.941955"><ele>134.7</ele></trkpt><trkpt lat="37.941234" lon="-121.941972"><ele>138.7</ele></trkpt><trkpt lat="37.939416" lon="-121.941966"><ele>144.1</ele></trkpt><trkpt lat="37.938851" lon="-121.941963"><ele>145.3</ele></trkpt><trkpt lat="37.938087" lon="-121.941986"><ele>147.6</ele></trkpt><trkpt lat="37.937704" lon="-121.941958"><ele>148.9</ele></trkpt><trkpt lat="37.937254" lon="-121.941963"><ele>150.3</ele></trkpt><trkpt lat="37.936912" lon="-121.941958"><ele>151.3</ele></trkpt><trkpt lat="37.935991" lon="-121.941926"><ele>154.1</ele></trkpt><trkpt lat="37.935923" lon="-121.941923"><ele>154.3</ele></trkpt><trkpt lat="37.935558" lon="-121.941926"><ele>155.3</ele></trkpt><trkpt lat="37.935188" lon="-121.941928"><ele>156.5</ele></trkpt><trkpt lat="37.934368" lon="-121.941934"><ele>159.5</ele></trkpt><trkpt lat="37.934065" lon="-121.941931"><ele>160.6</ele></trkpt><trkpt lat="37.933862" lon="-121.941923"><ele>161.3</ele></trkpt><trkpt lat="37.933583" lon="-121.941923"><ele>162.0</ele></trkpt><trkpt lat="37.931936" lon="-121.941903"><ele>166.3</ele></trkpt><trkpt lat="37.931446" lon="-121.941897"><ele>167.5</ele></trkpt><trkpt lat="37.931401" lon="-121.941895"><ele>167.6</ele></trkpt><trkpt lat="37.930458" lon="-121.941863"><ele>170.8</ele></trkpt><trkpt lat="37.929749" lon="-121.941818"><ele>172.2</ele></trkpt><trkpt lat="37.928673" lon="-121.941715"><ele>174.0</ele></trkpt><trkpt lat="37.928464" lon="-121.941692"><ele>174.2</ele></trkpt><trkpt lat="37.928016" lon="-121.941642"><ele>174.3</ele></trkpt><trkpt lat="37.927369" lon="-121.941565"><ele>175.1</ele></trkpt><trkpt lat="37.927287" lon="-121.941568"><ele>175.2</ele></trkpt><trkpt lat="37.927190" lon="-121.941574"><ele>175.7</ele></trkpt><trkpt lat="37.927128" lon="-121.941584"><ele>176.1</ele></trkpt><trkpt lat="37.927045" lon="-121.941606"><ele>176.5</ele></trkpt><trkpt lat="37.926958" lon="-121.941635"><ele>177.0</ele></trkpt><trkpt lat="37.926724" lon="-121.941748"><ele>178.4</ele></trkpt><trkpt lat="37.926688" lon="-121.941765"><ele>178.6</ele></trkpt><trkpt lat="37.926474" lon="-121.941869"><ele>179.6</ele></trkpt><trkpt lat="37.926387" lon="-121.941897"><ele>180.1</ele></trkpt><trkpt lat="37.926295" lon="-121.941920"><ele>180.5</ele></trkpt><trkpt lat="37.925969" lon="-121.941927"><ele>181.6</ele></trkpt><trkpt lat="37.923901" lon="-121.941928"><ele>181.6</ele></trkpt><trkpt lat="37.922601" lon="-121.941928"><ele>179.1</ele></trkpt><trkpt lat="37.922601" lon="-121.941873"><ele>179.1</ele></trkpt><trkpt lat="37.922571" lon="-121.941573"><ele>179.0</ele></trkpt><trkpt lat="37.922460" lon="-121.941442"><ele>179.2</ele></trkpt><trkpt lat="37.922308" lon="-121.941412"><ele>179.4</ele></trkpt><trkpt lat="37.922122" lon="-121.941442"><ele>179.7</ele></trkpt><trkpt lat="37.921973" lon="-121.941529"><ele>180.0</ele></trkpt><trkpt lat="37.921908" lon="-121.941439"><ele>180.3</ele></trkpt><trkpt lat="37.921699" lon="-121.941476"><ele>180.7</ele></trkpt><trkpt lat="37.921641" lon="-121.941437"><ele>180.8</ele></trkpt><trkpt lat="37.921512" lon="-121.941352"><ele>180.9</ele></trkpt><trkpt lat="37.921324" lon="-121.941116"><ele>181.0</ele></trkpt><trkpt lat="37.921277" lon="-121.941038"><ele>181.1</ele></trkpt><trkpt lat="37.921312" lon="-121.940963"><ele>181.3</ele></trkpt><trkpt lat="37.921469" lon="-121.940892"><ele>181.7</ele></trkpt><trkpt lat="37.921312" lon="-121.940963"><ele>182.2</ele></trkpt><trkpt lat="37.921277" lon="-121.941038"><ele>182.4</ele></trkpt><trkpt lat="37.921203" lon="-121.941011"><ele>182.6</ele></trkpt><trkpt lat="37.921165" lon="-121.941020"><ele>182.7</ele></trkpt><trkpt lat="37.921097" lon="-121.941041"><ele>183.0</ele></trkpt><trkpt lat="37.920992" lon="-121.941109"><ele>183.4</ele></trkpt><trkpt lat="37.920698" lon="-121.941389"><ele>184.6</ele></trkpt><trkpt lat="37.920520" lon="-121.941545"><ele>185.3</ele></trkpt><trkpt lat="37.920408" lon="-121.941644"><ele>185.8</ele></trkpt><trkpt lat="37.920276" lon="-121.941834"><ele>186.5</ele></trkpt><trkpt lat="37.920208" lon="-121.941892"><ele>186.8</ele></trkpt><trkpt lat="37.920122" lon="-121.941905"><ele>187.1</ele></trkpt><trkpt lat="37.919896" lon="-121.941907"><ele>187.8</ele></trkpt><trkpt lat="37.919769" lon="-121.941951"><ele>188.3</ele></trkpt><trkpt lat="37.919508" lon="-121.942105"><ele>189.6</ele></trkpt><trkpt lat="37.919416" lon="-121.942176"><ele>190.1</ele></trkpt><trkpt lat="37.918929" lon="-121.942873"><ele>194.2</ele></trkpt><trkpt lat="37.918712" lon="-121.943126"><ele>196.0</ele></trkpt><trkpt lat="37.918389" lon="-121.943640"><ele>199.0</ele></trkpt><trkpt lat="37.918163" lon="-121.944180"><ele>201.6</ele></trkpt><trkpt lat="37.917984" lon="-121.944476"><ele>202.9</ele></trkpt><trkpt lat="37.917821" lon="-121.944801"><ele>203.8</ele></trkpt><trkpt lat="37.917287" lon="-121.945691"><ele>205.6</ele></trkpt><trkpt lat="37.917000" lon="-121.946207"><ele>206.7</ele></trkpt><trkpt lat="37.916908" lon="-121.946342"><ele>207.4</ele></trkpt><trkpt lat="37.916783" lon="-121.946463"><ele>208.2</ele></trkpt><trkpt lat="37.916603" lon="-121.946565"><ele>209.4</ele></trkpt><trkpt lat="37.916488" lon="-121.946669"><ele>210.4</ele></trkpt><trkpt lat="37.916386" lon="-121.946865"><ele>211.6</ele></trkpt><trkpt lat="37.916303" lon="-121.947113"><ele>213.0</ele></trkpt><trkpt lat="37.916216" lon="-121.947199"><ele>213.6</ele></trkpt><trkpt lat="37.916128" lon="-121.947215"><ele>214.1</ele></trkpt><trkpt lat="37.915851" lon="-121.947206"><ele>215.7</ele></trkpt><trkpt lat="37.915672" lon="-121.947273"><ele>216.7</ele></trkpt><trkpt lat="37.915451" lon="-121.947424"><ele>218.1</ele></trkpt><trkpt lat="37.915012" lon="-121.947853"><ele>220.4</ele></trkpt><trkpt lat="37.914673" lon="-121.948126"><ele>221.4</ele></trkpt><trkpt lat="37.914557" lon="-121.948209"><ele>221.7</ele></trkpt><trkpt lat="37.914447" lon="-121.948255"><ele>221.9</ele></trkpt><trkpt lat="37.914193" lon="-121.948319"><ele>221.7</ele></trkpt><trkpt lat="37.914114" lon="-121.948368"><ele>221.7</ele></trkpt><trkpt lat="37.914093" lon="-121.948389"><ele>221.7</ele></trkpt><trkpt lat="37.914017" lon="-121.948463"><ele>221.6</ele></trkpt><trkpt lat="37.913936" lon="-121.948542"><ele>221.7</ele></trkpt><trkpt lat="37.913739" lon="-121.948739"><ele>222.3</ele></trkpt><trkpt lat="37.913228" lon="-121.949096"><ele>223.4</ele></trkpt><trkpt lat="37.913046" lon="-121.949193"><ele>223.8</ele></trkpt><trkpt lat="37.912759" lon="-121.949280"><ele>224.8</ele></trkpt><trkpt lat="37.912547" lon="-121.949295"><ele>225.5</ele></trkpt><trkpt lat="37.912308" lon="-121.949254"><ele>226.1</ele></trkpt><trkpt lat="37.912159" lon="-121.949182"><ele>226.4</ele></trkpt><trkpt lat="37.911925" lon="-121.948995"><ele>227.2</ele></trkpt><trkpt lat="37.911834" lon="-121.948950"><ele>227.5</ele></trkpt><trkpt lat="37.911693" lon="-121.948936"><ele>228.0</ele></trkpt><trkpt lat="37.911561" lon="-121.948961"><ele>228.4</ele></trkpt><trkpt lat="37.911453" lon="-121.949013"><ele>228.9</ele></trkpt><trkpt lat="37.911377" lon="-121.949087"><ele>229.3</ele></trkpt><trkpt lat="37.911239" lon="-121.949361"><ele>230.5</ele></trkpt><trkpt lat="37.911057" lon="-121.949576"><ele>231.6</ele></trkpt><trkpt lat="37.910719" lon="-121.949928"><ele>233.5</ele></trkpt><trkpt lat="37.910601" lon="-121.950031"><ele>233.8</ele></trkpt><trkpt lat="37.910438" lon="-121.950125"><ele>234.2</ele></trkpt><trkpt lat="37.910227" lon="-121.950167"><ele>234.7</ele></trkpt><trkpt lat="37.909762" lon="-121.950197"><ele>235.8</ele></trkpt><trkpt lat="37.909291" lon="-121.950181"><ele>237.5</ele></trkpt><trkpt lat="37.908776" lon="-121.950336"><ele>239.6</ele></trkpt><trkpt lat="37.908499" lon="-121.950362"><ele>240.7</ele></trkpt><trkpt lat="37.908259" lon="-121.950333"><ele>241.6</ele></trkpt><trkpt lat="37.908157" lon="-121.950294"><ele>242.1</ele></trkpt><trkpt lat="37.908062" lon="-121.950196"><ele>242.8</ele></trkpt><trkpt lat="37.907950" lon="-121.949977"><ele>244.3</ele></trkpt><trkpt lat="37.907891" lon="-121.949912"><ele>244.8</ele></trkpt><trkpt lat="37.907801" lon="-121.949875"><ele>245.5</ele></trkpt><trkpt lat="37.907515" lon="-121.949896"><ele>248.0</ele></trkpt><trkpt lat="37.907421" lon="-121.949867"><ele>248.9</ele></trkpt><trkpt lat="37.907323" lon="-121.949791"><ele>250.0</ele></trkpt><trkpt lat="37.907084" lon="-121.949486"><ele>252.8</ele></trkpt><trkpt lat="37.907014" lon="-121.949441"><ele>253.4</ele></trkpt><trkpt lat="37.906963" lon="-121.949431"><ele>253.8</ele></trkpt><trkpt lat="37.906878" lon="-121.949457"><ele>254.4</ele></trkpt><trkpt lat="37.906823" lon="-121.949512"><ele>254.9</ele></trkpt><trkpt lat="37.906660" lon="-121.949795"><ele>256.7</ele></trkpt><trkpt lat="37.906511" lon="-121.949893"><ele>257.8</ele></trkpt><trkpt lat="37.906398" lon="-121.949917"><ele>258.5</ele></trkpt><trkpt lat="37.905686" lon="-121.949961"><ele>261.9</ele></trkpt><trkpt lat="37.905510" lon="-121.949950"><ele>262.4</ele></trkpt><trkpt lat="37.905200" lon="-121.949867"><ele>263.0</ele></trkpt><trkpt lat="37.905077" lon="-121.949869"><ele>262.9</ele></trkpt><trkpt lat="37.904980" lon="-121.949922"><ele>262.9</ele></trkpt><trkpt lat="37.904797" lon="-121.950063"><ele>262.8</ele></trkpt><trkpt lat="37.904659" lon="-121.950094"><ele>262.9</ele></trkpt><trkpt lat="37.904528" lon="-121.950057"><ele>263.0</ele></trkpt><trkpt lat="37.904248" lon="-121.949907"><ele>263.4</ele></trkpt><trkpt lat="37.903899" lon="-121.949809"><ele>264.4</ele></trkpt><trkpt lat="37.903441" lon="-121.949476"><ele>266.5</ele></trkpt><trkpt lat="37.903211" lon="-121.949386"><ele>267.6</ele></trkpt><trkpt lat="37.902319" lon="-121.949276"><ele>273.7</ele></trkpt><trkpt lat="37.901997" lon="-121.949258"><ele>275.7</ele></trkpt><trkpt lat="37.901800" lon="-121.949269"><ele>276.8</ele></trkpt><trkpt lat="37.901587" lon="-121.949248"><ele>277.8</ele></trkpt><trkpt lat="37.901477" lon="-121.949204"><ele>278.2</ele></trkpt><trkpt lat="37.901056" lon="-121.948897"><ele>280.1</ele></trkpt><trkpt lat="37.900955" lon="-121.948850"><ele>280.8</ele></trkpt><trkpt lat="37.900591" lon="-121.948788"><ele>282.7</ele></trkpt><trkpt lat="37.900461" lon="-121.948746"><ele>283.3</ele></trkpt><trkpt lat="37.899986" lon="-121.948505"><ele>285.3</ele></trkpt><trkpt lat="37.899649" lon="-121.948385"><ele>286.9</ele></trkpt><trkpt lat="37.899535" lon="-121.948324"><ele>287.6</ele></trkpt><trkpt lat="37.899377" lon="-121.948196"><ele>288.8</ele></trkpt><trkpt lat="37.899194" lon="-121.947997"><ele>290.3</ele></trkpt><trkpt lat="37.898976" lon="-121.947653"><ele>292.6</ele></trkpt><trkpt lat="37.898857" lon="-121.947535"><ele>293.7</ele></trkpt><trkpt lat="37.898662" lon="-121.947394"><ele>294.6</ele></trkpt><trkpt lat="37.898531" lon="-121.947277"><ele>295.0</ele></trkpt><trkpt lat="37.898187" lon="-121.946758"><ele>297.0</ele></trkpt><trkpt lat="37.898015" lon="-121.946546"><ele>298.1</ele></trkpt><trkpt lat="37.897680" lon="-121.946244"><ele>300.4</ele></trkpt><trkpt lat="37.897568" lon="-121.946116"><ele>301.3</ele></trkpt><trkpt lat="37.897502" lon="-121.946009"><ele>302.0</ele></trkpt><trkpt lat="37.897200" lon="-121.945320"><ele>306.1</ele></trkpt><trkpt lat="37.897094" lon="-121.945138"><ele>307.4</ele></trkpt><trkpt lat="37.896996" lon="-121.945009"><ele>308.4</ele></trkpt><trkpt lat="37.896626" lon="-121.944601"><ele>312.5</ele></trkpt><trkpt lat="37.896527" lon="-121.944441"><ele>314.0</ele></trkpt><trkpt lat="37.896389" lon="-121.944078"><ele>317.1</ele></trkpt><trkpt lat="37.896343" lon="-121.943898"><ele>318.6</ele></trkpt><trkpt lat="37.896339" lon="-121.943213"><ele>325.0</ele></trkpt><trkpt lat="37.896326" lon="-121.943033"><ele>327.0</ele></trkpt><trkpt lat="37.896261" lon="-121.942834"><ele>329.4</ele></trkpt><trkpt lat="37.896099" lon="-121.942576"><ele>333.1</ele></trkpt><trkpt lat="37.895841" lon="-121.942276"><ele>337.9</ele></trkpt><trkpt lat="37.895767" lon="-121.942239"><ele>339.0</ele></trkpt><trkpt lat="37.895729" lon="-121.942204"><ele>339.6</ele></trkpt><trkpt lat="37.895509" lon="-121.942054"><ele>343.1</ele></trkpt><trkpt lat="37.895260" lon="-121.941882"><ele>347.2</ele></trkpt><trkpt lat="37.895090" lon="-121.941787"><ele>350.6</ele></trkpt><trkpt lat="37.895059" lon="-121.941751"><ele>351.4</ele></trkpt><trkpt lat="37.895035" lon="-121.941706"><ele>352.2</ele></trkpt><trkpt lat="37.895038" lon="-121.941649"><ele>353.1</ele></trkpt><trkpt lat="37.895076" lon="-121.941579"><ele>354.3</ele></trkpt><trkpt lat="37.895159" lon="-121.941495"><ele>356.3</ele></trkpt><trkpt lat="37.895256" lon="-121.941422"><ele>358.3</ele></trkpt><trkpt lat="37.895312" lon="-121.941344"><ele>359.6</ele></trkpt><trkpt lat="37.895348" lon="-121.941259"><ele>360.9</ele></trkpt><trkpt lat="37.895391" lon="-121.941119"><ele>362.7</ele></trkpt><trkpt lat="37.895407" lon="-121.941032"><ele>363.9</ele></trkpt><trkpt lat="37.895410" lon="-121.940966"><ele>364.7</ele></trkpt><trkpt lat="37.895387" lon="-121.940858"><ele>366.1</ele></trkpt><trkpt lat="37.895349" lon="-121.940780"><ele>367.0</ele></trkpt><trkpt lat="37.895294" lon="-121.940700"><ele>368.1</ele></trkpt><trkpt lat="37.895143" lon="-121.940541"><ele>370.7</ele></trkpt><trkpt lat="37.895046" lon="-121.940391"><ele>372.7</ele></trkpt><trkpt lat="37.895009" lon="-121.940279"><ele>374.2</ele></trkpt><trkpt lat="37.895006" lon="-121.940243"><ele>374.7</ele></trkpt><trkpt lat="37.895014" lon="-121.940206"><ele>375.2</ele></trkpt><trkpt lat="37.895028" lon="-121.940163"><ele>375.8</ele></trkpt><trkpt lat="37.895053" lon="-121.940124"><ele>376.4</ele></trkpt><trkpt lat="37.895254" lon="-121.940014"><ele>380.1</ele></trkpt><trkpt lat="37.895295" lon="-121.939968"><ele>381.0</ele></trkpt><trkpt lat="37.895330" lon="-121.939888"><ele>382.2</ele></trkpt><trkpt lat="37.895355" lon="-121.939777"><ele>383.8</ele></trkpt><trkpt lat="37.895388" lon="-121.939541"><ele>387.3</ele></trkpt><trkpt lat="37.895391" lon="-121.939368"><ele>389.8</ele></trkpt><trkpt lat="37.895372" lon="-121.939263"><ele>391.3</ele></trkpt><trkpt lat="37.895327" lon="-121.939178"><ele>392.6</ele></trkpt><trkpt lat="37.895261" lon="-121.939129"><ele>393.6</ele></trkpt><trkpt lat="37.895177" lon="-121.939092"><ele>394.7</ele></trkpt><trkpt lat="37.894928" lon="-121.939085"><ele>398.0</ele></trkpt><trkpt lat="37.894832" lon="-121.939024"><ele>399.3</ele></trkpt><trkpt lat="37.894798" lon="-121.938981"><ele>399.9</ele></trkpt><trkpt lat="37.894736" lon="-121.938855"><ele>401.4</ele></trkpt><trkpt lat="37.894598" lon="-121.938489"><ele>405.4</ele></trkpt><trkpt lat="37.894566" lon="-121.938342"><ele>406.8</ele></trkpt><trkpt lat="37.894546" lon="-121.938063"><ele>409.2</ele></trkpt><trkpt lat="37.894531" lon="-121.937991"><ele>409.9</ele></trkpt><trkpt lat="37.894511" lon="-121.937949"><ele>410.3</ele></trkpt><trkpt lat="37.894462" lon="-121.937907"><ele>411.0</ele></trkpt><trkpt lat="37.894368" lon="-121.937910"><ele>412.0</ele></trkpt><trkpt lat="37.894337" lon="-121.937945"><ele>412.4</ele></trkpt><trkpt lat="37.894323" lon="-121.937974"><ele>412.7</ele></trkpt><trkpt lat="37.894314" lon="-121.938050"><ele>413.3</ele></trkpt><trkpt lat="37.894316" lon="-121.938442"><ele>416.5</ele></trkpt><trkpt lat="37.894295" lon="-121.938768"><ele>419.2</ele></trkpt><trkpt lat="37.894267" lon="-121.938907"><ele>420.5</ele></trkpt><trkpt lat="37.894216" lon="-121.939048"><ele>421.8</ele></trkpt><trkpt lat="37.894150" lon="-121.939103"><ele>422.6</ele></trkpt><trkpt lat="37.894000" lon="-121.939173"><ele>424.5</ele></trkpt><trkpt lat="37.893925" lon="-121.939216"><ele>425.5</ele></trkpt><trkpt lat="37.893813" lon="-121.939306"><ele>427.1</ele></trkpt><trkpt lat="37.893748" lon="-121.939354"><ele>428.0</ele></trkpt><trkpt lat="37.893710" lon="-121.939394"><ele>428.6</ele></trkpt><trkpt lat="37.893615" lon="-121.939527"><ele>430.4</ele></trkpt><trkpt lat="37.893543" lon="-121.939682"><ele>432.1</ele></trkpt><trkpt lat="37.893518" lon="-121.939718"><ele>432.6</ele></trkpt><trkpt lat="37.893476" lon="-121.939757"><ele>433.3</ele></trkpt><trkpt lat="37.893426" lon="-121.939760"><ele>433.9</ele></trkpt><trkpt lat="37.893343" lon="-121.939717"><ele>435.0</ele></trkpt><trkpt lat="37.893300" lon="-121.939673"><ele>435.7</ele></trkpt><trkpt lat="37.893271" lon="-121.939623"><ele>436.3</ele></trkpt><trkpt lat="37.893257" lon="-121.939572"><ele>437.0</ele></trkpt><trkpt lat="37.893257" lon="-121.939469"><ele>438.4</ele></trkpt><trkpt lat="37.893316" lon="-121.939178"><ele>442.4</ele></trkpt><trkpt lat="37.893309" lon="-121.939095"><ele>443.6</ele></trkpt><trkpt lat="37.893291" lon="-121.939072"><ele>444.0</ele></trkpt><trkpt lat="37.893248" lon="-121.939068"><ele>444.7</ele></trkpt><trkpt lat="37.893210" lon="-121.939076"><ele>445.4</ele></trkpt><trkpt lat="37.892944" lon="-121.939352"><ele>452.5</ele></trkpt><trkpt lat="37.892826" lon="-121.939509"><ele>456.1</ele></trkpt><trkpt lat="37.892787" lon="-121.939543"><ele>457.1</ele></trkpt><trkpt lat="37.892728" lon="-121.939541"><ele>458.2</ele></trkpt><trkpt lat="37.892710" lon="-121.939500"><ele>458.9</ele></trkpt><trkpt lat="37.892713" lon="-121.939456"><ele>459.6</ele></trkpt><trkpt lat="37.892766" lon="-121.939309"><ele>462.0</ele></trkpt><trkpt lat="37.892774" lon="-121.939261"><ele>462.7</ele></trkpt><trkpt lat="37.892767" lon="-121.939168"><ele>464.1</ele></trkpt><trkpt lat="37.892753" lon="-121.939119"><ele>464.9</ele></trkpt><trkpt lat="37.892703" lon="-121.939014"><ele>466.7</ele></trkpt><trkpt lat="37.892569" lon="-121.938771"><ele>471.3</ele></trkpt><trkpt lat="37.892510" lon="-121.938686"><ele>473.1</ele></trkpt><trkpt lat="37.892441" lon="-121.938643"><ele>474.6</ele></trkpt><trkpt lat="37.892402" lon="-121.938642"><ele>475.4</ele></trkpt><trkpt lat="37.892329" lon="-121.938682"><ele>477.0</ele></trkpt><trkpt lat="37.892303" lon="-121.938709"><ele>477.6</ele></trkpt><trkpt lat="37.892218" lon="-121.938881"><ele>481.1</ele></trkpt><trkpt lat="37.892166" lon="-121.939005"><ele>483.6</ele></trkpt><trkpt lat="37.892123" lon="-121.939187"><ele>486.9</ele></trkpt><trkpt lat="37.892107" lon="-121.939218"><ele>487.6</ele></trkpt><trkpt lat="37.892050" lon="-121.939222"><ele>488.8</ele></trkpt><trkpt lat="37.892018" lon="-121.939170"><ele>490.0</ele></trkpt><trkpt lat="37.891952" lon="-121.938835"><ele>495.9</ele></trkpt><trkpt lat="37.891850" lon="-121.938485"><ele>502.1</ele></trkpt><trkpt lat="37.891831" lon="-121.938372"><ele>503.6</ele></trkpt><trkpt lat="37.891826" lon="-121.938156"><ele>506.4</ele></trkpt><trkpt lat="37.891807" lon="-121.938104"><ele>507.2</ele></trkpt><trkpt lat="37.891790" lon="-121.938086"><ele>507.6</ele></trkpt><trkpt lat="37.891763" lon="-121.938082"><ele>508.0</ele></trkpt><trkpt lat="37.891725" lon="-121.938083"><ele>508.6</ele></trkpt><trkpt lat="37.891690" lon="-121.938104"><ele>509.3</ele></trkpt><trkpt lat="37.891659" lon="-121.938144"><ele>510.0</ele></trkpt><trkpt lat="37.891578" lon="-121.938297"><ele>512.5</ele></trkpt><trkpt lat="37.891519" lon="-121.938380"><ele>514.1</ele></trkpt><trkpt lat="37.891296" lon="-121.938662"><ele>519.6</ele></trkpt><trkpt lat="37.891231" lon="-121.938793"><ele>521.6</ele></trkpt><trkpt lat="37.891181" lon="-121.938941"><ele>523.7</ele></trkpt><trkpt lat="37.891114" lon="-121.939249"><ele>527.9</ele></trkpt><trkpt lat="37.891103" lon="-121.939492"><ele>530.6</ele></trkpt><trkpt lat="37.891095" lon="-121.939540"><ele>531.2</ele></trkpt><trkpt lat="37.891073" lon="-121.939579"><ele>531.7</ele></trkpt><trkpt lat="37.891030" lon="-121.939582"><ele>532.2</ele></trkpt><trkpt lat="37.890999" lon="-121.939564"><ele>532.7</ele></trkpt><trkpt lat="37.890764" lon="-121.939307"><ele>536.7</ele></trkpt><trkpt lat="37.890685" lon="-121.939241"><ele>537.8</ele></trkpt><trkpt lat="37.890567" lon="-121.939178"><ele>539.2</ele></trkpt><trkpt lat="37.890534" lon="-121.939173"><ele>539.6</ele></trkpt><trkpt lat="37.890503" lon="-121.939157"><ele>540.0</ele></trkpt><trkpt lat="37.890375" lon="-121.939154"><ele>541.4</ele></trkpt><trkpt lat="37.890337" lon="-121.939173"><ele>541.9</ele></trkpt><trkpt lat="37.890286" lon="-121.939220"><ele>542.7</ele></trkpt><trkpt lat="37.890256" lon="-121.939370"><ele>544.4</ele></trkpt><trkpt lat="37.890311" lon="-121.939476"><ele>545.9</ele></trkpt><trkpt lat="37.890415" lon="-121.939560"><ele>547.6</ele></trkpt><trkpt lat="37.890484" lon="-121.939587"><ele>548.6</ele></trkpt><trkpt lat="37.890597" lon="-121.939649"><ele>550.4</ele></trkpt><trkpt lat="37.890626" lon="-121.939672"><ele>550.8</ele></trkpt><trkpt lat="37.890673" lon="-121.939755"><ele>552.0</ele></trkpt><trkpt lat="37.890690" lon="-121.939838"><ele>552.9</ele></trkpt><trkpt lat="37.890684" lon="-121.939928"><ele>553.9</ele></trkpt><trkpt lat="37.890649" lon="-121.940032"><ele>555.1</ele></trkpt><trkpt lat="37.890595" lon="-121.940118"><ele>556.3</ele></trkpt><trkpt lat="37.890531" lon="-121.940183"><ele>557.5</ele></trkpt><trkpt lat="37.890408" lon="-121.940272"><ele>559.6</ele></trkpt><trkpt lat="37.890308" lon="-121.940336"><ele>561.3</ele></trkpt><trkpt lat="37.890145" lon="-121.940418"><ele>564.0</ele></trkpt><trkpt lat="37.890111" lon="-121.940424"><ele>564.5</ele></trkpt><trkpt lat="37.890033" lon="-121.940461"><ele>565.8</ele></trkpt><trkpt lat="37.889995" lon="-121.940467"><ele>566.5</ele></trkpt><trkpt lat="37.889867" lon="-121.940524"><ele>568.8</ele></trkpt><trkpt lat="37.889681" lon="-121.940550"><ele>572.0</ele></trkpt><trkpt lat="37.889587" lon="-121.940549"><ele>573.5</ele></trkpt><trkpt lat="37.889535" lon="-121.940532"><ele>574.5</ele></trkpt><trkpt lat="37.889415" lon="-121.940485"><ele>576.5</ele></trkpt><trkpt lat="37.889290" lon="-121.940378"><ele>578.9</ele></trkpt><trkpt lat="37.889236" lon="-121.940314"><ele>580.0</ele></trkpt><trkpt lat="37.889205" lon="-121.940269"><ele>580.8</ele></trkpt><trkpt lat="37.889133" lon="-121.940119"><ele>583.0</ele></trkpt><trkpt lat="37.889047" lon="-121.939859"><ele>586.0</ele></trkpt><trkpt lat="37.889009" lon="-121.939774"><ele>587.1</ele></trkpt><trkpt lat="37.888933" lon="-121.939648"><ele>588.7</ele></trkpt><trkpt lat="37.888813" lon="-121.939493"><ele>591.0</ele></trkpt><trkpt lat="37.888771" lon="-121.939409"><ele>592.0</ele></trkpt><trkpt lat="37.888756" lon="-121.939361"><ele>592.5</ele></trkpt><trkpt lat="37.888743" lon="-121.939276"><ele>593.4</ele></trkpt><trkpt lat="37.888750" lon="-121.939174"><ele>594.5</ele></trkpt><trkpt lat="37.888786" lon="-121.939065"><ele>595.7</ele></trkpt><trkpt lat="37.888874" lon="-121.938913"><ele>597.7</ele></trkpt><trkpt lat="37.888895" lon="-121.938834"><ele>598.7</ele></trkpt><trkpt lat="37.888894" lon="-121.938767"><ele>599.5</ele></trkpt><trkpt lat="37.888873" lon="-121.938702"><ele>600.3</ele></trkpt><trkpt lat="37.888847" lon="-121.938663"><ele>600.9</ele></trkpt><trkpt lat="37.888702" lon="-121.938574"><ele>603.4</ele></trkpt><trkpt lat="37.888680" lon="-121.938553"><ele>603.8</ele></trkpt><trkpt lat="37.888659" lon="-121.938518"><ele>604.4</ele></trkpt><trkpt lat="37.888648" lon="-121.938459"><ele>605.1</ele></trkpt><trkpt lat="37.888665" lon="-121.938215"><ele>607.9</ele></trkpt><trkpt lat="37.888663" lon="-121.938101"><ele>609.2</ele></trkpt><trkpt lat="37.888646" lon="-121.937997"><ele>610.5</ele></trkpt><trkpt lat="37.888585" lon="-121.937779"><ele>613.1</ele></trkpt><trkpt lat="37.888384" lon="-121.937195"><ele>618.7</ele></trkpt><trkpt lat="37.888298" lon="-121.936895"><ele>621.3</ele></trkpt><trkpt lat="37.888290" lon="-121.936819"><ele>621.8</ele></trkpt><trkpt lat="37.888340" lon="-121.936382"><ele>625.2</ele></trkpt><trkpt lat="37.888359" lon="-121.936321"><ele>625.8</ele></trkpt><trkpt lat="37.888396" lon="-121.936277"><ele>626.3</ele></trkpt><trkpt lat="37.888439" lon="-121.936255"><ele>626.8</ele></trkpt><trkpt lat="37.888518" lon="-121.936242"><ele>627.6</ele></trkpt><trkpt lat="37.888650" lon="-121.936259"><ele>628.9</ele></trkpt><trkpt lat="37.888690" lon="-121.936275"><ele>629.3</ele></trkpt><trkpt lat="37.888824" lon="-121.936277"><ele>630.6</ele></trkpt><trkpt lat="37.888922" lon="-121.936242"><ele>631.2</ele></trkpt><trkpt lat="37.889007" lon="-121.936189"><ele>631.7</ele></trkpt><trkpt lat="37.889083" lon="-121.936104"><ele>632.4</ele></trkpt><trkpt lat="37.889162" lon="-121.935953"><ele>633.2</ele></trkpt><trkpt lat="37.889223" lon="-121.935776"><ele>634.3</ele></trkpt><trkpt lat="37.889291" lon="-121.935526"><ele>636.0</ele></trkpt><trkpt lat="37.889429" lon="-121.935029"><ele>639.8</ele></trkpt><trkpt lat="37.889466" lon="-121.934946"><ele>640.6</ele></trkpt><trkpt lat="37.889467" lon="-121.934714"><ele>642.6</ele></trkpt><trkpt lat="37.889345" lon="-121.934482"><ele>644.9</ele></trkpt><trkpt lat="37.889108" lon="-121.934268"><ele>648.1</ele></trkpt><trkpt lat="37.888865" lon="-121.934036"><ele>650.8</ele></trkpt><trkpt lat="37.888602" lon="-121.934110"><ele>652.7</ele></trkpt><trkpt lat="37.888587" lon="-121.934131"><ele>652.8</ele></trkpt><trkpt lat="37.888289" lon="-121.934379"><ele>655.8</ele></trkpt><trkpt lat="37.887964" lon="-121.934800"><ele>659.8</ele></trkpt><trkpt lat="37.887760" lon="-121.935083"><ele>662.6</ele></trkpt><trkpt lat="37.887557" lon="-121.935143"><ele>664.5</ele></trkpt><trkpt lat="37.887158" lon="-121.935255"><ele>668.3</ele></trkpt><trkpt lat="37.886968" lon="-121.935229"><ele>669.9</ele></trkpt><trkpt lat="37.886704" lon="-121.935066"><ele>672.4</ele></trkpt><trkpt lat="37.886366" lon="-121.934925"><ele>675.1</ele></trkpt><trkpt lat="37.886252" lon="-121.934925"><ele>675.9</ele></trkpt><trkpt lat="37.886218" lon="-121.934957"><ele>676.2</ele></trkpt><trkpt lat="37.886202" lon="-121.934997"><ele>676.5</ele></trkpt><trkpt lat="37.886203" lon="-121.935080"><ele>676.9</ele></trkpt><trkpt lat="37.886224" lon="-121.935184"><ele>677.5</ele></trkpt><trkpt lat="37.886256" lon="-121.935286"><ele>678.0</ele></trkpt><trkpt lat="37.886310" lon="-121.935410"><ele>678.7</ele></trkpt><trkpt lat="37.886988" lon="-121.935856"><ele>683.4</ele></trkpt><trkpt lat="37.887124" lon="-121.936053"><ele>684.8</ele></trkpt><trkpt lat="37.887130" lon="-121.936259"><ele>685.9</ele></trkpt><trkpt lat="37.887042" lon="-121.936525"><ele>687.7</ele></trkpt><trkpt lat="37.886751" lon="-121.936834"><ele>691.6</ele></trkpt><trkpt lat="37.886473" lon="-121.936911"><ele>695.1</ele></trkpt><trkpt lat="37.886243" lon="-121.936826"><ele>698.4</ele></trkpt><trkpt lat="37.886013" lon="-121.936551"><ele>702.6</ele></trkpt><trkpt lat="37.885782" lon="-121.936276"><ele>706.5</ele></trkpt><trkpt lat="37.885586" lon="-121.936182"><ele>709.1</ele></trkpt><trkpt lat="37.885552" lon="-121.936170"><ele>709.6</ele></trkpt><trkpt lat="37.885486" lon="-121.936171"><ele>710.4</ele></trkpt><trkpt lat="37.885430" lon="-121.936191"><ele>711.1</ele></trkpt><trkpt lat="37.885399" lon="-121.936214"><ele>711.6</ele></trkpt><trkpt lat="37.885366" lon="-121.936252"><ele>712.1</ele></trkpt><trkpt lat="37.885343" lon="-121.936298"><ele>712.7</ele></trkpt><trkpt lat="37.885332" lon="-121.936351"><ele>713.2</ele></trkpt><trkpt lat="37.885334" lon="-121.936410"><ele>713.7</ele></trkpt><trkpt lat="37.885344" lon="-121.936468"><ele>714.0</ele></trkpt><trkpt lat="37.885406" lon="-121.936687"><ele>715.4</ele></trkpt><trkpt lat="37.885416" lon="-121.936766"><ele>715.9</ele></trkpt><trkpt lat="37.885471" lon="-121.937315"><ele>718.7</ele></trkpt><trkpt lat="37.885478" lon="-121.937650"><ele>720.2</ele></trkpt><trkpt lat="37.885552" lon="-121.937787"><ele>720.9</ele></trkpt><trkpt lat="37.885580" lon="-121.937851"><ele>721.3</ele></trkpt><trkpt lat="37.885616" lon="-121.937888"><ele>721.6</ele></trkpt><trkpt lat="37.885788" lon="-121.938014"><ele>722.8</ele></trkpt><trkpt lat="37.885956" lon="-121.938108"><ele>724.0</ele></trkpt><trkpt lat="37.886044" lon="-121.938169"><ele>725.0</ele></trkpt><trkpt lat="37.886179" lon="-121.938274"><ele>726.5</ele></trkpt><trkpt lat="37.886259" lon="-121.938357"><ele>727.5</ele></trkpt><trkpt lat="37.886334" lon="-121.938472"><ele>728.6</ele></trkpt><trkpt lat="37.886368" lon="-121.938559"><ele>729.3</ele></trkpt><trkpt lat="37.886378" lon="-121.938661"><ele>730.1</ele></trkpt><trkpt lat="37.886362" lon="-121.938746"><ele>730.7</ele></trkpt><trkpt lat="37.886338" lon="-121.938795"><ele>731.1</ele></trkpt><trkpt lat="37.886290" lon="-121.938857"><ele>731.7</ele></trkpt><trkpt lat="37.886198" lon="-121.938924"><ele>732.6</ele></trkpt><trkpt lat="37.886116" lon="-121.938962"><ele>733.4</ele></trkpt><trkpt lat="37.886005" lon="-121.938967"><ele>734.6</ele></trkpt><trkpt lat="37.885891" lon="-121.938961"><ele>736.1</ele></trkpt><trkpt lat="37.885767" lon="-121.938925"><ele>737.9</ele></trkpt><trkpt lat="37.885707" lon="-121.938918"><ele>738.7</ele></trkpt><trkpt lat="37.885512" lon="-121.938855"><ele>741.4</ele></trkpt><trkpt lat="37.885348" lon="-121.938772"><ele>743.9</ele></trkpt><trkpt lat="37.885168" lon="-121.938773"><ele>746.5</ele></trkpt><trkpt lat="37.885112" lon="-121.938796"><ele>747.3</ele></trkpt><trkpt lat="37.885080" lon="-121.938833"><ele>747.9</ele></trkpt><trkpt lat="37.885053" lon="-121.938881"><ele>748.6</ele></trkpt><trkpt lat="37.885019" lon="-121.939008"><ele>750.0</ele></trkpt><trkpt lat="37.884996" lon="-121.939050"><ele>750.5</ele></trkpt><trkpt lat="37.884974" lon="-121.939071"><ele>750.9</ele></trkpt><trkpt lat="37.884912" lon="-121.939088"><ele>751.7</ele></trkpt><trkpt lat="37.884871" lon="-121.939072"><ele>752.3</ele></trkpt><trkpt lat="37.884825" lon="-121.939033"><ele>753.0</ele></trkpt><trkpt lat="37.884779" lon="-121.938962"><ele>753.9</ele></trkpt><trkpt lat="37.884543" lon="-121.938577"><ele>758.2</ele></trkpt><trkpt lat="37.884421" lon="-121.938302"><ele>760.7</ele></trkpt><trkpt lat="37.884333" lon="-121.938293"><ele>761.6</ele></trkpt><trkpt lat="37.884218" lon="-121.938405"><ele>762.7</ele></trkpt><trkpt lat="37.884190" lon="-121.938783"><ele>765.1</ele></trkpt><trkpt lat="37.884306" lon="-121.939203"><ele>767.9</ele></trkpt><trkpt lat="37.884604" lon="-121.939898"><ele>774.2</ele></trkpt><trkpt lat="37.884658" lon="-121.940199"><ele>777.2</ele></trkpt><trkpt lat="37.884651" lon="-121.940491"><ele>780.5</ele></trkpt><trkpt lat="37.884509" lon="-121.940645"><ele>783.2</ele></trkpt><trkpt lat="37.884177" lon="-121.940697"><ele>788.5</ele></trkpt><trkpt lat="37.883757" lon="-121.940611"><ele>795.8</ele></trkpt><trkpt lat="37.883452" lon="-121.940405"><ele>802.1</ele></trkpt><trkpt lat="37.883222" lon="-121.940199"><ele>808.2</ele></trkpt><trkpt lat="37.883134" lon="-121.939813"><ele>815.2</ele></trkpt><trkpt lat="37.883059" lon="-121.939555"><ele>820.2</ele></trkpt><trkpt lat="37.882876" lon="-121.939229"><ele>827.3</ele></trkpt><trkpt lat="37.882748" lon="-121.939043"><ele>830.8</ele></trkpt><trkpt lat="37.882578" lon="-121.938817"><ele>835.3</ele></trkpt><trkpt lat="37.882422" lon="-121.938654"><ele>838.7</ele></trkpt><trkpt lat="37.882314" lon="-121.938474"><ele>841.5</ele></trkpt><trkpt lat="37.882212" lon="-121.938311"><ele>844.2</ele></trkpt><trkpt lat="37.882029" lon="-121.938250"><ele>847.6</ele></trkpt><trkpt lat="37.881718" lon="-121.938182"><ele>853.9</ele></trkpt><trkpt lat="37.881494" lon="-121.938173"><ele>857.8</ele></trkpt><trkpt lat="37.881325" lon="-121.938010"><ele>861.1</ele></trkpt><trkpt lat="37.881210" lon="-121.937581"><ele>866.1</ele></trkpt><trkpt lat="37.881217" lon="-121.937306"><ele>868.7</ele></trkpt><trkpt lat="37.881237" lon="-121.936851"><ele>872.6</ele></trkpt><trkpt lat="37.881115" lon="-121.936577"><ele>875.1</ele></trkpt><trkpt lat="37.880959" lon="-121.936379"><ele>877.6</ele></trkpt><trkpt lat="37.880858" lon="-121.936190"><ele>879.8</ele></trkpt><trkpt lat="37.880912" lon="-121.935839"><ele>883.1</ele></trkpt><trkpt lat="37.880790" lon="-121.935615"><ele>883.7</ele></trkpt><trkpt lat="37.880587" lon="-121.935504"><ele>884.3</ele></trkpt><trkpt lat="37.880478" lon="-121.935186"><ele>885.1</ele></trkpt><trkpt lat="37.880404" lon="-121.934989"><ele>885.6</ele></trkpt><trkpt lat="37.880309" lon="-121.934869"><ele>885.9</ele></trkpt><trkpt lat="37.880106" lon="-121.934894"><ele>885.9</ele></trkpt><trkpt lat="37.879855" lon="-121.934852"><ele>885.6</ele></trkpt><trkpt lat="37.879723" lon="-121.934831"><ele>885.4</ele></trkpt><trkpt lat="37.879601" lon="-121.934762"><ele>885.4</ele></trkpt><trkpt lat="37.879512" lon="-121.934681"><ele>885.3</ele></trkpt><trkpt lat="37.879433" lon="-121.934585"><ele>885.2</ele></trkpt><trkpt lat="37.879313" lon="-121.934412"><ele>885.1</ele></trkpt><trkpt lat="37.879248" lon="-121.934307"><ele>885.0</ele></trkpt><trkpt lat="37.879236" lon="-121.934294"><ele>885.0</ele></trkpt><trkpt lat="37.878818" lon="-121.933701"><ele>885.4</ele></trkpt><trkpt lat="37.878777" lon="-121.933612"><ele>885.7</ele></trkpt><trkpt lat="37.878695" lon="-121.933437"><ele>886.3</ele></trkpt><trkpt lat="37.878685" lon="-121.933370"><ele>886.5</ele></trkpt><trkpt lat="37.878637" lon="-121.933244"><ele>887.0</ele></trkpt><trkpt lat="37.878584" lon="-121.933074"><ele>887.8</ele></trkpt><trkpt lat="37.878575" lon="-121.933052"><ele>887.9</ele></trkpt><trkpt lat="37.878538" lon="-121.932964"><ele>888.3</ele></trkpt><trkpt lat="37.878523" lon="-121.932943"><ele>888.4</ele></trkpt><trkpt lat="37.878473" lon="-121.932879"><ele>888.8</ele></trkpt><trkpt lat="37.878460" lon="-121.932862"><ele>888.9</ele></trkpt><trkpt lat="37.878412" lon="-121.932814"><ele>889.2</ele></trkpt><trkpt lat="37.878348" lon="-121.932750"><ele>889.5</ele></trkpt><trkpt lat="37.878272" lon="-121.932675"><ele>889.8</ele></trkpt><trkpt lat="37.878269" lon="-121.932672"><ele>889.8</ele></trkpt><trkpt lat="37.878184" lon="-121.932594"><ele>890.1</ele></trkpt><trkpt lat="37.878137" lon="-121.932539"><ele>890.3</ele></trkpt><trkpt lat="37.878094" lon="-121.932480"><ele>890.4</ele></trkpt><trkpt lat="37.878079" lon="-121.932456"><ele>890.5</ele></trkpt><trkpt lat="37.878055" lon="-121.932419"><ele>890.6</ele></trkpt><trkpt lat="37.878038" lon="-121.932390"><ele>890.7</ele></trkpt><trkpt lat="37.877982" lon="-121.932300"><ele>891.0</ele></trkpt><trkpt lat="37.877966" lon="-121.932274"><ele>891.1</ele></trkpt><trkpt lat="37.877894" lon="-121.932149"><ele>891.8</ele></trkpt><trkpt lat="37.877854" lon="-121.932080"><ele>892.2</ele></trkpt><trkpt lat="37.877822" lon="-121.932033"><ele>892.5</ele></trkpt><trkpt lat="37.877789" lon="-121.931971"><ele>892.8</ele></trkpt><trkpt lat="37.877770" lon="-121.931929"><ele>893.0</ele></trkpt><trkpt lat="37.877753" lon="-121.931877"><ele>893.3</ele></trkpt><trkpt lat="37.877746" lon="-121.931802"><ele>893.6</ele></trkpt><trkpt lat="37.877741" lon="-121.931672"><ele>894.0</ele></trkpt><trkpt lat="37.877739" lon="-121.931650"><ele>894.0</ele></trkpt><trkpt lat="37.877728" lon="-121.931531"><ele>894.0</ele></trkpt><trkpt lat="37.877719" lon="-121.931494"><ele>894.0</ele></trkpt><trkpt lat="37.877707" lon="-121.931458"><ele>894.0</ele></trkpt></trkseg></trk>
<trk><name>Day 2 Juniper to Walnut Creek BART</name><trkseg><trkpt lat="37.877707" lon="-121.931458"><ele>905.6</ele></trkpt><trkpt lat="37.877707" lon="-121.931458"><ele>905.6</ele></trkpt><trkpt lat="37.877674" lon="-121.931389"><ele>905.7</ele></trkpt><trkpt lat="37.877636" lon="-121.931321"><ele>905.9</ele></trkpt><trkpt lat="37.877632" lon="-121.931314"><ele>905.9</ele></trkpt><trkpt lat="37.877599" lon="-121.931264"><ele>906.0</ele></trkpt><trkpt lat="37.877576" lon="-121.931233"><ele>906.1</ele></trkpt><trkpt lat="37.877506" lon="-121.931161"><ele>906.3</ele></trkpt><trkpt lat="37.877354" lon="-121.930990"><ele>906.7</ele></trkpt><trkpt lat="37.877318" lon="-121.930958"><ele>906.9</ele></trkpt><trkpt lat="37.877278" lon="-121.930928"><ele>907.1</ele></trkpt><trkpt lat="37.877251" lon="-121.930914"><ele>907.3</ele></trkpt><trkpt lat="37.877173" lon="-121.930874"><ele>907.7</ele></trkpt><trkpt lat="37.876950" lon="-121.930813"><ele>908.8</ele></trkpt><trkpt lat="37.876836" lon="-121.930778"><ele>909.4</ele></trkpt><trkpt lat="37.876771" lon="-121.930739"><ele>909.9</ele></trkpt><trkpt lat="37.876795" lon="-121.930671"><ele>910.4</ele></trkpt><trkpt lat="37.876808" lon="-121.930603"><ele>910.8</ele></trkpt><trkpt lat="37.876807" lon="-121.930511"><ele>911.4</ele></trkpt><trkpt lat="37.876800" lon="-121.930458"><ele>911.7</ele></trkpt><trkpt lat="37.876790" lon="-121.930417"><ele>912.0</ele></trkpt><trkpt lat="37.876759" lon="-121.930344"><ele>912.5</ele></trkpt><trkpt lat="37.876737" lon="-121.930312"><ele>912.8</ele></trkpt><trkpt lat="37.876661" lon="-121.930209"><ele>913.7</ele></trkpt><trkpt lat="37.876577" lon="-121.930086"><ele>914.2</ele></trkpt><trkpt lat="37.876522" lon="-121.929977"><ele>914.5</ele></trkpt><trkpt lat="37.876473" lon="-121.929851"><ele>914.9</ele></trkpt><trkpt lat="37.876402" lon="-121.929620"><ele>915.6</ele></trkpt><trkpt lat="37.876375" lon="-121.929556"><ele>915.9</ele></trkpt><trkpt lat="37.876343" lon="-121.929494"><ele>916.2</ele></trkpt><trkpt lat="37.876307" lon="-121.929435"><ele>916.5</ele></trkpt><trkpt lat="37.876268" lon="-121.929382"><ele>916.9</ele></trkpt><trkpt lat="37.876194" lon="-121.929311"><ele>917.4</ele></trkpt><trkpt lat="37.876107" lon="-121.929262"><ele>917.9</ele></trkpt><trkpt lat="37.876037" lon="-121.929246"><ele>918.3</ele></trkpt><trkpt lat="37.875968" lon="-121.929235"><ele>918.7</ele></trkpt><trkpt lat="37.875706" lon="-121.929235"><ele>920.7</ele></trkpt><trkpt lat="37.875569" lon="-121.929217"><ele>921.8</ele></trkpt><trkpt lat="37.875432" lon="-121.929186"><ele>922.9</ele></trkpt><trkpt lat="37.875289" lon="-121.929136"><ele>923.7</ele></trkpt><trkpt lat="37.875232" lon="-121.929084"><ele>924.1</ele></trkpt><trkpt lat="37.875192" lon="-121.929014"><ele>924.5</ele></trkpt><trkpt lat="37.875176" lon="-121.928927"><ele>924.9</ele></trkpt><trkpt lat="37.875197" lon="-121.928747"><ele>925.7</ele></trkpt><trkpt lat="37.875245" lon="-121.928563"><ele>926.7</ele></trkpt><trkpt lat="37.875284" lon="-121.928318"><ele>928.1</ele></trkpt><trkpt lat="37.875279" lon="-121.928194"><ele>928.8</ele></trkpt><trkpt lat="37.875176" lon="-121.927629"><ele>933.1</ele></trkpt><trkpt lat="37.875169" lon="-121.927392"><ele>935.1</ele></trkpt><trkpt lat="37.875189" lon="-121.927294"><ele>935.9</ele></trkpt><trkpt lat="37.875262" lon="-121.927098"><ele>937.5</ele></trkpt><trkpt lat="37.875467" lon="-121.926697"><ele>941.2</ele></trkpt><trkpt lat="37.875492" lon="-121.926614"><ele>941.8</ele></trkpt><trkpt lat="37.875508" lon="-121.926528"><ele>942.4</ele></trkpt><trkpt lat="37.875496" lon="-121.926465"><ele>942.9</ele></trkpt><trkpt lat="37.875464" lon="-121.926417"><ele>943.3</ele></trkpt><trkpt lat="37.875396" lon="-121.926382"><ele>944.0</ele></trkpt><trkpt lat="37.875224" lon="-121.926285"><ele>945.7</ele></trkpt><trkpt lat="37.875142" lon="-121.926197"><ele>946.8</ele></trkpt><trkpt lat="37.875077" lon="-121.926089"><ele>947.9</ele></trkpt><trkpt lat="37.875014" lon="-121.925913"><ele>949.5</ele></trkpt><trkpt lat="37.874988" lon="-121.925746"><ele>950.9</ele></trkpt><trkpt lat="37.875008" lon="-121.925568"><ele>952.2</ele></trkpt><trkpt lat="37.875071" lon="-121.925405"><ele>953.4</ele></trkpt><trkpt lat="37.875200" lon="-121.925216"><ele>955.2</ele></trkpt><trkpt lat="37.875330" lon="-121.925096"><ele>956.7</ele></trkpt><trkpt lat="37.875887" lon="-121.924765"><ele>962.7</ele></trkpt><trkpt lat="37.875932" lon="-121.924727"><ele>963.2</ele></trkpt><trkpt lat="37.875970" lon="-121.924676"><ele>963.8</ele></trkpt><trkpt lat="37.875990" lon="-121.924616"><ele>964.3</ele></trkpt><trkpt lat="37.876004" lon="-121.924533"><ele>965.0</ele></trkpt><trkpt lat="37.875993" lon="-121.924440"><ele>965.8</ele></trkpt><trkpt lat="37.875974" lon="-121.924358"><ele>966.5</ele></trkpt><trkpt lat="37.875916" lon="-121.924249"><ele>967.4</ele></trkpt><trkpt lat="37.875703" lon="-121.923926"><ele>970.6</ele></trkpt><trkpt lat="37.875637" lon="-121.923791"><ele>971.7</ele></trkpt><trkpt lat="37.875589" lon="-121.923621"><ele>972.6</ele></trkpt><trkpt lat="37.875581" lon="-121.923508"><ele>973.2</ele></trkpt><trkpt lat="37.875588" lon="-121.923418"><ele>973.6</ele></trkpt><trkpt lat="37.875641" lon="-121.923225"><ele>974.6</ele></trkpt><trkpt lat="37.875777" lon="-121.922878"><ele>976.7</ele></trkpt><trkpt lat="37.875823" lon="-121.922695"><ele>977.7</ele></trkpt><trkpt lat="37.875823" lon="-121.922457"><ele>979.1</ele></trkpt><trkpt lat="37.875702" lon="-121.921617"><ele>985.8</ele></trkpt><trkpt lat="37.875701" lon="-121.921414"><ele>987.5</ele></trkpt><trkpt lat="37.875723" lon="-121.921305"><ele>988.4</ele></trkpt><trkpt lat="37.875803" lon="-121.921127"><ele>990.0</ele></trkpt><trkpt lat="37.875878" lon="-121.921031"><ele>990.9</ele></trkpt><trkpt lat="37.875977" lon="-121.920948"><ele>991.8</ele></trkpt><trkpt lat="37.876087" lon="-121.920889"><ele>992.8</ele></trkpt><trkpt lat="37.876402" lon="-121.920728"><ele>996.3</ele></trkpt><trkpt lat="37.876509" lon="-121.920635"><ele>997.9</ele></trkpt><trkpt lat="37.876579" lon="-121.920549"><ele>999.2</ele></trkpt><trkpt lat="37.876713" lon="-121.920360"><ele>1001.7</ele></trkpt><trkpt lat="37.876837" lon="-121.919995"><ele>1005.8</ele></trkpt><trkpt lat="37.876942" lon="-121.919765"><ele>1008.2</ele></trkpt><trkpt lat="37.877097" lon="-121.919631"><ele>1009.7</ele></trkpt><trkpt lat="37.877336" lon="-121.919551"><ele>1011.6</ele></trkpt><trkpt lat="37.877447" lon="-121.919483"><ele>1012.5</ele></trkpt><trkpt lat="37.877542" lon="-121.919386"><ele>1013.4</ele></trkpt><trkpt lat="37.877622" lon="-121.919275"><ele>1014.3</ele></trkpt><trkpt lat="37.877669" lon="-121.919153"><ele>1015.1</ele></trkpt><trkpt lat="37.877729" lon="-121.918713"><ele>1019.7</ele></trkpt><trkpt lat="37.877830" lon="-121.918444"><ele>1023.4</ele></trkpt><trkpt lat="37.878019" lon="-121.918027"><ele>1027.2</ele></trkpt><trkpt lat="37.878092" lon="-121.917919"><ele>1028.2</ele></trkpt><trkpt lat="37.878139" lon="-121.917878"><ele>1028.7</ele></trkpt><trkpt lat="37.878229" lon="-121.917844"><ele>1029.5</ele></trkpt><trkpt lat="37.878699" lon="-121.917860"><ele>1033.0</ele></trkpt><trkpt lat="37.878770" lon="-121.917849"><ele>1033.6</ele></trkpt><trkpt lat="37.878839" lon="-121.917824"><ele>1034.2</ele></trkpt><trkpt lat="37.878900" lon="-121.917779"><ele>1034.9</ele></trkpt><trkpt lat="37.878954" lon="-121.917713"><ele>1035.5</ele></trkpt><trkpt lat="37.878983" lon="-121.917637"><ele>1036.1</ele></trkpt><trkpt lat="37.878997" lon="-121.917552"><ele>1036.8</ele></trkpt><trkpt lat="37.878999" lon="-121.917412"><ele>1037.8</ele></trkpt><trkpt lat="37.879016" lon="-121.917277"><ele>1038.9</ele></trkpt><trkpt lat="37.879042" lon="-121.917160"><ele>1039.9</ele></trkpt><trkpt lat="37.879082" lon="-121.917062"><ele>1040.9</ele></trkpt><trkpt lat="37.879108" lon="-121.916985"><ele>1041.6</ele></trkpt><trkpt lat="37.879121" lon="-121.916902"><ele>1042.3</ele></trkpt><trkpt lat="37.879118" lon="-121.916840"><ele>1042.8</ele></trkpt><trkpt lat="37.879111" lon="-121.916786"><ele>1043.3</ele></trkpt><trkpt lat="37.879068" lon="-121.916580"><ele>1044.6</ele></trkpt><trkpt lat="37.879052" lon="-121.916473"><ele>1045.1</ele></trkpt><trkpt lat="37.879046" lon="-121.916366"><ele>1045.6</ele></trkpt><trkpt lat="37.879048" lon="-121.916167"><ele>1046.6</ele></trkpt><trkpt lat="37.879056" lon="-121.916070"><ele>1047.1</ele></trkpt><trkpt lat="37.879075" lon="-121.915980"><ele>1047.5</ele></trkpt><trkpt lat="37.879094" lon="-121.915898"><ele>1047.9</ele></trkpt><trkpt lat="37.879121" lon="-121.915820"><ele>1048.3</ele></trkpt><trkpt lat="37.879182" lon="-121.915695"><ele>1048.9</ele></trkpt><trkpt lat="37.879256" lon="-121.915578"><ele>1049.6</ele></trkpt><trkpt lat="37.879355" lon="-121.915432"><ele>1050.5</ele></trkpt><trkpt lat="37.879431" lon="-121.915312"><ele>1051.6</ele></trkpt><trkpt lat="37.879497" lon="-121.915177"><ele>1052.6</ele></trkpt><trkpt lat="37.879546" lon="-121.915056"><ele>1053.6</ele></trkpt><trkpt lat="37.879569" lon="-121.914950"><ele>1054.3</ele></trkpt><trkpt lat="37.879580" lon="-121.914840"><ele>1055.1</ele></trkpt><trkpt lat="37.879569" lon="-121.914724"><ele>1056.2</ele></trkpt><trkpt lat="37.879495" lon="-121.914429"><ele>1059.2</ele></trkpt><trkpt lat="37.879485" lon="-121.914376"><ele>1059.7</ele></trkpt><trkpt lat="37.879484" lon="-121.914326"><ele>1060.2</ele></trkpt><trkpt lat="37.879486" lon="-121.914277"><ele>1060.7</ele></trkpt><trkpt lat="37.879496" lon="-121.914236"><ele>1061.1</ele></trkpt><trkpt lat="37.879528" lon="-121.914167"><ele>1061.8</ele></trkpt><trkpt lat="37.879548" lon="-121.914144"><ele>1062.0</ele></trkpt><trkpt lat="37.879575" lon="-121.914127"><ele>1062.2</ele></trkpt><trkpt lat="37.879646" lon="-121.914102"><ele>1062.8</ele></trkpt><trkpt lat="37.879686" lon="-121.914125"><ele>1063.2</ele></trkpt><trkpt lat="37.879723" lon="-121.914178"><ele>1063.6</ele></trkpt><trkpt lat="37.879747" lon="-121.914266"><ele>1064.2</ele></trkpt><trkpt lat="37.879766" lon="-121.914416"><ele>1065.2</ele></trkpt><trkpt lat="37.879799" lon="-121.914801"><ele>1066.9</ele></trkpt><trkpt lat="37.879796" lon="-121.915092"><ele>1067.9</ele></trkpt><trkpt lat="37.879776" lon="-121.915312"><ele>1069.2</ele></trkpt><trkpt lat="37.879712" lon="-121.915765"><ele>1073.2</ele></trkpt><trkpt lat="37.879648" lon="-121.916050"><ele>1075.3</ele></trkpt><trkpt lat="37.879635" lon="-121.916159"><ele>1076.0</ele></trkpt><trkpt lat="37.879632" lon="-121.916265"><ele>1076.7</ele></trkpt><trkpt lat="37.879650" lon="-121.916427"><ele>1077.8</ele></trkpt><trkpt lat="37.879746" lon="-121.916937"><ele>1079.7</ele></trkpt><trkpt lat="37.879755" lon="-121.917036"><ele>1080.0</ele></trkpt><trkpt lat="37.879751" lon="-121.917135"><ele>1080.3</ele></trkpt><trkpt lat="37.879678" lon="-121.917431"><ele>1081.3</ele></trkpt><trkpt lat="37.879667" lon="-121.917510"><ele>1081.6</ele></trkpt><trkpt lat="37.879671" lon="-121.917588"><ele>1081.9</ele></trkpt><trkpt lat="37.879810" lon="-121.918018"><ele>1083.1</ele></trkpt><trkpt lat="37.879820" lon="-121.918105"><ele>1083.2</ele></trkpt><trkpt lat="37.879807" lon="-121.918193"><ele>1083.3</ele></trkpt><trkpt lat="37.879779" lon="-121.918281"><ele>1083.3</ele></trkpt><trkpt lat="37.879648" lon="-121.918571"><ele>1083.7</ele></trkpt><trkpt lat="37.879587" lon="-121.918641"><ele>1083.9</ele></trkpt><trkpt lat="37.879447" lon="-121.918733"><ele>1084.2</ele></trkpt><trkpt lat="37.878982" lon="-121.918950"><ele>1086.1</ele></trkpt><trkpt lat="37.878883" lon="-121.919020"><ele>1086.7</ele></trkpt><trkpt lat="37.878815" lon="-121.919111"><ele>1087.2</ele></trkpt><trkpt lat="37.878774" lon="-121.919228"><ele>1087.8</ele></trkpt><trkpt lat="37.878763" lon="-121.919311"><ele>1088.3</ele></trkpt><trkpt lat="37.878758" lon="-121.919399"><ele>1088.8</ele></trkpt><trkpt lat="37.878784" lon="-121.919795"><ele>1091.1</ele></trkpt><trkpt lat="37.878820" lon="-121.920027"><ele>1092.4</ele></trkpt><trkpt lat="37.878855" lon="-121.920067"><ele>1092.7</ele></trkpt><trkpt lat="37.878892" lon="-121.920094"><ele>1093.0</ele></trkpt><trkpt lat="37.879008" lon="-121.920124"><ele>1093.8</ele></trkpt><trkpt lat="37.879128" lon="-121.920180"><ele>1094.6</ele></trkpt><trkpt lat="37.879193" lon="-121.920218"><ele>1095.1</ele></trkpt><trkpt lat="37.879355" lon="-121.920328"><ele>1097.1</ele></trkpt><trkpt lat="37.879863" lon="-121.920408"><ele>1102.3</ele></trkpt><trkpt lat="37.880140" lon="-121.920540"><ele>1104.3</ele></trkpt><trkpt lat="37.880257" lon="-121.920644"><ele>1105.2</ele></trkpt><trkpt lat="37.880500" lon="-121.921069"><ele>1107.5</ele></trkpt><trkpt lat="37.880572" lon="-121.921146"><ele>1108.0</ele></trkpt><trkpt lat="37.880667" lon="-121.921187"><ele>1108.7</ele></trkpt><trkpt lat="37.880761" lon="-121.921167"><ele>1109.4</ele></trkpt><trkpt lat="37.880842" lon="-121.921095"><ele>1110.2</ele></trkpt><trkpt lat="37.880888" lon="-121.921000"><ele>1110.8</ele></trkpt><trkpt lat="37.880917" lon="-121.920860"><ele>1111.7</ele></trkpt><trkpt lat="37.880926" lon="-121.920547"><ele>1112.8</ele></trkpt><trkpt lat="37.880932" lon="-121.920359"><ele>1113.4</ele></trkpt><trkpt lat="37.880877" lon="-121.919623"><ele>1117.3</ele></trkpt><trkpt lat="37.880883" lon="-121.919533"><ele>1117.9</ele></trkpt><trkpt lat="37.880909" lon="-121.919426"><ele>1118.5</ele></trkpt><trkpt lat="37.880955" lon="-121.919344"><ele>1119.0</ele></trkpt><trkpt lat="37.881041" lon="-121.919264"><ele>1119.7</ele></trkpt><trkpt lat="37.881223" lon="-121.919144"><ele>1120.9</ele></trkpt><trkpt lat="37.881269" lon="-121.919077"><ele>1121.3</ele></trkpt><trkpt lat="37.881306" lon="-121.918962"><ele>1121.9</ele></trkpt><trkpt lat="37.881314" lon="-121.918792"><ele>1122.7</ele></trkpt><trkpt lat="37.881294" lon="-121.918520"><ele>1123.9</ele></trkpt><trkpt lat="37.881258" lon="-121.918274"><ele>1125.1</ele></trkpt><trkpt lat="37.881222" lon="-121.918158"><ele>1125.9</ele></trkpt><trkpt lat="37.881169" lon="-121.918054"><ele>1126.6</ele></trkpt><trkpt lat="37.881114" lon="-121.917971"><ele>1127.2</ele></trkpt><trkpt lat="37.880966" lon="-121.917765"><ele>1128.9</ele></trkpt><trkpt lat="37.880911" lon="-121.917658"><ele>1130.1</ele></trkpt><trkpt lat="37.880869" lon="-121.917553"><ele>1131.2</ele></trkpt><trkpt lat="37.880843" lon="-121.917403"><ele>1132.6</ele></trkpt><trkpt lat="37.880823" lon="-121.917244"><ele>1134.1</ele></trkpt><trkpt lat="37.880821" lon="-121.917092"><ele>1135.4</ele></trkpt><trkpt lat="37.880826" lon="-121.917035"><ele>1135.9</ele></trkpt><trkpt lat="37.880829" lon="-121.917008"><ele>1136.1</ele></trkpt><trkpt lat="37.880874" lon="-121.916612"><ele>1139.4</ele></trkpt><trkpt lat="37.880942" lon="-121.916299"><ele>1142.1</ele></trkpt><trkpt lat="37.881235" lon="-121.915435"><ele>1150.0</ele></trkpt><trkpt lat="37.881478" lon="-121.914981"><ele>1153.5</ele></trkpt><trkpt lat="37.881538" lon="-121.914840"><ele>1154.3</ele></trkpt><trkpt lat="37.881580" lon="-121.914770"><ele>1154.8</ele></trkpt><trkpt lat="37.881562" lon="-121.914743"><ele>1154.9</ele></trkpt><trkpt lat="37.881549" lon="-121.914656"><ele>1155.4</ele></trkpt><trkpt lat="37.881557" lon="-121.914497"><ele>1155.6</ele></trkpt><trkpt lat="37.881563" lon="-121.914480"><ele>1155.6</ele></trkpt><trkpt lat="37.881557" lon="-121.914497"><ele>1155.7</ele></trkpt><trkpt lat="37.881549" lon="-121.914656"><ele>1155.8</ele></trkpt><trkpt lat="37.881562" lon="-121.914743"><ele>1155.9</ele></trkpt><trkpt lat="37.881580" lon="-121.914770"><ele>1155.9</ele></trkpt><trkpt lat="37.881632" lon="-121.914706"><ele>1156.0</ele></trkpt><trkpt lat="37.881637" lon="-121.914621"><ele>1156.1</ele></trkpt><trkpt lat="37.881646" lon="-121.914575"><ele>1156.1</ele></trkpt><trkpt lat="37.881662" lon="-121.914548"><ele>1156.0</ele></trkpt><trkpt lat="37.881686" lon="-121.914533"><ele>1155.9</ele></trkpt><trkpt lat="37.881729" lon="-121.914530"><ele>1155.8</ele></trkpt><trkpt lat="37.881767" lon="-121.914550"><ele>1155.6</ele></trkpt><trkpt lat="37.881771" lon="-121.914598"><ele>1155.5</ele></trkpt><trkpt lat="37.881760" lon="-121.914698"><ele>1155.2</ele></trkpt><trkpt lat="37.881736" lon="-121.914751"><ele>1155.0</ele></trkpt><trkpt lat="37.881715" lon="-121.914899"><ele>1154.6</ele></trkpt><trkpt lat="37.881668" lon="-121.915020"><ele>1154.3</ele></trkpt><trkpt lat="37.881634" lon="-121.915192"><ele>1153.4</ele></trkpt><trkpt lat="37.881633" lon="-121.915351"><ele>1152.5</ele></trkpt><trkpt lat="37.881631" lon="-121.915598"><ele>1151.2</ele></trkpt><trkpt lat="37.881482" lon="-121.915994"><ele>1148.0</ele></trkpt><trkpt lat="37.881407" lon="-121.916390"><ele>1144.6</ele></trkpt><trkpt lat="37.881335" lon="-121.916544"><ele>1142.7</ele></trkpt><trkpt lat="37.881267" lon="-121.916646"><ele>1141.4</ele></trkpt><trkpt lat="37.880966" lon="-121.917029"><ele>1136.3</ele></trkpt><trkpt lat="37.880961" lon="-121.917036"><ele>1136.2</ele></trkpt><trkpt lat="37.880869" lon="-121.917154"><ele>1134.9</ele></trkpt><trkpt lat="37.880823" lon="-121.917244"><ele>1134.0</ele></trkpt><trkpt lat="37.880843" lon="-121.917403"><ele>1132.7</ele></trkpt><trkpt lat="37.880869" lon="-121.917553"><ele>1131.6</ele></trkpt><trkpt lat="37.880911" lon="-121.917658"><ele>1130.8</ele></trkpt><trkpt lat="37.880966" lon="-121.917765"><ele>1129.9</ele></trkpt><trkpt lat="37.881114" lon="-121.917971"><ele>1128.0</ele></trkpt><trkpt lat="37.881169" lon="-121.918054"><ele>1127.3</ele></trkpt><trkpt lat="37.881222" lon="-121.918158"><ele>1126.6</ele></trkpt><trkpt lat="37.881258" lon="-121.918274"><ele>1125.8</ele></trkpt><trkpt lat="37.881294" lon="-121.918520"><ele>1124.4</ele></trkpt><trkpt lat="37.881314" lon="-121.918792"><ele>1123.0</ele></trkpt><trkpt lat="37.881306" lon="-121.918962"><ele>1122.3</ele></trkpt><trkpt lat="37.881269" lon="-121.919077"><ele>1121.7</ele></trkpt><trkpt lat="37.881223" lon="-121.919144"><ele>1121.3</ele></trkpt><trkpt lat="37.881041" lon="-121.919264"><ele>1120.0</ele></trkpt><trkpt lat="37.880955" lon="-121.919344"><ele>1119.3</ele></trkpt><trkpt lat="37.880909" lon="-121.919426"><ele>1118.7</ele></trkpt><trkpt lat="37.880883" lon="-121.919533"><ele>1118.1</ele></trkpt><trkpt lat="37.880877" lon="-121.919623"><ele>1117.7</ele></trkpt><trkpt lat="37.880932" lon="-121.920359"><ele>1113.5</ele></trkpt><trkpt lat="37.880926" lon="-121.920547"><ele>1112.5</ele></trkpt><trkpt lat="37.880917" lon="-121.920860"><ele>1110.9</ele></trkpt><trkpt lat="37.880888" lon="-121.921000"><ele>1110.2</ele></trkpt><trkpt lat="37.880842" lon="-121.921095"><ele>1109.7</ele></trkpt><trkpt lat="37.880761" lon="-121.921167"><ele>1109.1</ele></trkpt><trkpt lat="37.880667" lon="-121.921187"><ele>1108.6</ele></trkpt><trkpt lat="37.880572" lon="-121.921146"><ele>1108.0</ele></trkpt><trkpt lat="37.880500" lon="-121.921069"><ele>1107.5</ele></trkpt><trkpt lat="37.880257" lon="-121.920644"><ele>1104.9</ele></trkpt><trkpt lat="37.880140" lon="-121.920540"><ele>1103.9</ele></trkpt><trkpt lat="37.879863" lon="-121.920408"><ele>1101.7</ele></trkpt><trkpt lat="37.879355" lon="-121.920328"><ele>1097.5</ele></trkpt><trkpt lat="37.879193" lon="-121.920218"><ele>1095.9</ele></trkpt><trkpt lat="37.879128" lon="-121.920180"><ele>1095.2</ele></trkpt><trkpt lat="37.879008" lon="-121.920124"><ele>1094.0</ele></trkpt><trkpt lat="37.878892" lon="-121.920094"><ele>1093.2</ele></trkpt><trkpt lat="37.878855" lon="-121.920067"><ele>1092.9</ele></trkpt><trkpt lat="37.878820" lon="-121.920027"><ele>1092.6</ele></trkpt><trkpt lat="37.878784" lon="-121.919795"><ele>1091.3</ele></trkpt><trkpt lat="37.878758" lon="-121.919399"><ele>1089.5</ele></trkpt><trkpt lat="37.878763" lon="-121.919311"><ele>1089.1</ele></trkpt><trkpt lat="37.878774" lon="-121.919228"><ele>1088.8</ele></trkpt><trkpt lat="37.878815" lon="-121.919111"><ele>1088.3</ele></trkpt><trkpt lat="37.878883" lon="-121.919020"><ele>1087.8</ele></trkpt><trkpt lat="37.878982" lon="-121.918950"><ele>1087.3</ele></trkpt><trkpt lat="37.879447" lon="-121.918733"><ele>1085.1</ele></trkpt><trkpt lat="37.879587" lon="-121.918641"><ele>1084.8</ele></trkpt><trkpt lat="37.879648" lon="-121.918571"><ele>1084.7</ele></trkpt><trkpt lat="37.879779" lon="-121.918281"><ele>1084.2</ele></trkpt><trkpt lat="37.879807" lon="-121.918193"><ele>1084.0</ele></trkpt><trkpt lat="37.879820" lon="-121.918105"><ele>1083.7</ele></trkpt><trkpt lat="37.879810" lon="-121.918018"><ele>1083.5</ele></trkpt><trkpt lat="37.879671" lon="-121.917588"><ele>1082.3</ele></trkpt><trkpt lat="37.879667" lon="-121.917510"><ele>1082.0</ele></trkpt><trkpt lat="37.879678" lon="-121.917431"><ele>1081.8</ele></trkpt><trkpt lat="37.879751" lon="-121.917135"><ele>1080.8</ele></trkpt><trkpt lat="37.879755" lon="-121.917036"><ele>1080.5</ele></trkpt><trkpt lat="37.879746" lon="-121.916937"><ele>1080.2</ele></trkpt><trkpt lat="37.879650" lon="-121.916427"><ele>1077.3</ele></trkpt><trkpt lat="37.879632" lon="-121.916265"><ele>1076.4</ele></trkpt><trkpt lat="37.879635" lon="-121.916159"><ele>1075.8</ele></trkpt><trkpt lat="37.879648" lon="-121.916050"><ele>1075.1</ele></trkpt><trkpt lat="37.879712" lon="-121.915765"><ele>1073.2</ele></trkpt><trkpt lat="37.879776" lon="-121.915312"><ele>1070.1</ele></trkpt><trkpt lat="37.879796" lon="-121.915092"><ele>1068.5</ele></trkpt><trkpt lat="37.879799" lon="-121.914801"><ele>1067.0</ele></trkpt><trkpt lat="37.879766" lon="-121.914416"><ele>1065.8</ele></trkpt><trkpt lat="37.879747" lon="-121.914266"><ele>1065.3</ele></trkpt><trkpt lat="37.879723" lon="-121.914178"><ele>1064.5</ele></trkpt><trkpt lat="37.879686" lon="-121.914125"><ele>1063.8</ele></trkpt><trkpt lat="37.879646" lon="-121.914102"><ele>1063.3</ele></trkpt><trkpt lat="37.879575" lon="-121.914127"><ele>1062.4</ele></trkpt><trkpt lat="37.879548" lon="-121.914144"><ele>1062.1</ele></trkpt><trkpt lat="37.879528" lon="-121.914167"><ele>1061.7</ele></trkpt><trkpt lat="37.879496" lon="-121.914236"><ele>1061.0</ele></trkpt><trkpt lat="37.879486" lon="-121.914277"><ele>1060.6</ele></trkpt><trkpt lat="37.879484" lon="-121.914326"><ele>1060.1</ele></trkpt><trkpt lat="37.879485" lon="-121.914376"><ele>1059.6</ele></trkpt><trkpt lat="37.879495" lon="-121.914429"><ele>1059.1</ele></trkpt><trkpt lat="37.879569" lon="-121.914724"><ele>1056.5</ele></trkpt><trkpt lat="37.879580" lon="-121.914840"><ele>1055.6</ele></trkpt><trkpt lat="37.879569" lon="-121.914950"><ele>1054.6</ele></trkpt><trkpt lat="37.879546" lon="-121.915056"><ele>1053.7</ele></trkpt><trkpt lat="37.879497" lon="-121.915177"><ele>1052.7</ele></trkpt><trkpt lat="37.879431" lon="-121.915312"><ele>1051.7</ele></trkpt><trkpt lat="37.879355" lon="-121.915432"><ele>1050.7</ele></trkpt><trkpt lat="37.879256" lon="-121.915578"><ele>1049.5</ele></trkpt><trkpt lat="37.879182" lon="-121.915695"><ele>1048.7</ele></trkpt><trkpt lat="37.879121" lon="-121.915820"><ele>1048.3</ele></trkpt><trkpt lat="37.879094" lon="-121.915898"><ele>1048.1</ele></trkpt><trkpt lat="37.879075" lon="-121.915980"><ele>1047.9</ele></trkpt><trkpt lat="37.879056" lon="-121.916070"><ele>1047.6</ele></trkpt><trkpt lat="37.879048" lon="-121.916167"><ele>1047.4</ele></trkpt><trkpt lat="37.879046" lon="-121.916366"><ele>1046.5</ele></trkpt><trkpt lat="37.879052" lon="-121.916473"><ele>1045.8</ele></trkpt><trkpt lat="37.879068" lon="-121.916580"><ele>1045.0</ele></trkpt><trkpt lat="37.879111" lon="-121.916786"><ele>1043.4</ele></trkpt><trkpt lat="37.879118" lon="-121.916840"><ele>1043.0</ele></trkpt><trkpt lat="37.879121" lon="-121.916902"><ele>1042.6</ele></trkpt><trkpt lat="37.879108" lon="-121.916985"><ele>1042.0</ele></trkpt><trkpt lat="37.879082" lon="-121.917062"><ele>1041.4</ele></trkpt><trkpt lat="37.879042" lon="-121.917160"><ele>1040.6</ele></trkpt><trkpt lat="37.879016" lon="-121.917277"><ele>1039.8</ele></trkpt><trkpt lat="37.878999" lon="-121.917412"><ele>1038.8</ele></trkpt><trkpt lat="37.878997" lon="-121.917552"><ele>1037.8</ele></trkpt><trkpt lat="37.878983" lon="-121.917637"><ele>1037.2</ele></trkpt><trkpt lat="37.878954" lon="-121.917713"><ele>1036.7</ele></trkpt><trkpt lat="37.878900" lon="-121.917779"><ele>1036.0</ele></trkpt><trkpt lat="37.878839" lon="-121.917824"><ele>1035.4</ele></trkpt><trkpt lat="37.878770" lon="-121.917849"><ele>1034.8</ele></trkpt><trkpt lat="37.878699" lon="-121.917860"><ele>1034.2</ele></trkpt><trkpt lat="37.878229" lon="-121.917844"><ele>1030.5</ele></trkpt><trkpt lat="37.878139" lon="-121.917878"><ele>1029.9</ele></trkpt><trkpt lat="37.878092" lon="-121.917919"><ele>1029.4</ele></trkpt><trkpt lat="37.878019" lon="-121.918027"><ele>1028.5</ele></trkpt><trkpt lat="37.877830" lon="-121.918444"><ele>1023.0</ele></trkpt><trkpt lat="37.877729" lon="-121.918713"><ele>1019.9</ele></trkpt><trkpt lat="37.877669" lon="-121.919153"><ele>1015.9</ele></trkpt><trkpt lat="37.877622" lon="-121.919275"><ele>1014.7</ele></trkpt><trkpt lat="37.877542" lon="-121.919386"><ele>1013.7</ele></trkpt><trkpt lat="37.877447" lon="-121.919483"><ele>1012.6</ele></trkpt><trkpt lat="37.877336" lon="-121.919551"><ele>1011.6</ele></trkpt><trkpt lat="37.877097" lon="-121.919631"><ele>1009.4</ele></trkpt><trkpt lat="37.876942" lon="-121.919765"><ele>1007.7</ele></trkpt><trkpt lat="37.876837" lon="-121.919995"><ele>1005.8</ele></trkpt><trkpt lat="37.876713" lon="-121.920360"><ele>1001.6</ele></trkpt><trkpt lat="37.876579" lon="-121.920549"><ele>998.7</ele></trkpt><trkpt lat="37.876509" lon="-121.920635"><ele>997.3</ele></trkpt><trkpt lat="37.876402" lon="-121.920728"><ele>996.1</ele></trkpt><trkpt lat="37.876087" lon="-121.920889"><ele>992.8</ele></trkpt><trkpt lat="37.875977" lon="-121.920948"><ele>991.7</ele></trkpt><trkpt lat="37.875878" lon="-121.921031"><ele>990.6</ele></trkpt><trkpt lat="37.875803" lon="-121.921127"><ele>989.6</ele></trkpt><trkpt lat="37.875723" lon="-121.921305"><ele>988.2</ele></trkpt><trkpt lat="37.875701" lon="-121.921414"><ele>987.4</ele></trkpt><trkpt lat="37.875702" lon="-121.921617"><ele>985.8</ele></trkpt><trkpt lat="37.875823" lon="-121.922457"><ele>979.3</ele></trkpt><trkpt lat="37.875823" lon="-121.922695"><ele>977.6</ele></trkpt><trkpt lat="37.875777" lon="-121.922878"><ele>976.5</ele></trkpt><trkpt lat="37.875641" lon="-121.923225"><ele>974.9</ele></trkpt><trkpt lat="37.875588" lon="-121.923418"><ele>974.1</ele></trkpt><trkpt lat="37.875581" lon="-121.923508"><ele>973.5</ele></trkpt><trkpt lat="37.875589" lon="-121.923621"><ele>972.7</ele></trkpt><trkpt lat="37.875637" lon="-121.923791"><ele>971.5</ele></trkpt><trkpt lat="37.875703" lon="-121.923926"><ele>970.4</ele></trkpt><trkpt lat="37.875916" lon="-121.924249"><ele>967.4</ele></trkpt><trkpt lat="37.875974" lon="-121.924358"><ele>966.4</ele></trkpt><trkpt lat="37.875993" lon="-121.924440"><ele>965.8</ele></trkpt><trkpt lat="37.876004" lon="-121.924533"><ele>965.1</ele></trkpt><trkpt lat="37.875990" lon="-121.924616"><ele>964.4</ele></trkpt><trkpt lat="37.875970" lon="-121.924676"><ele>963.9</ele></trkpt><trkpt lat="37.875932" lon="-121.924727"><ele>963.4</ele></trkpt><trkpt lat="37.875887" lon="-121.924765"><ele>962.9</ele></trkpt><trkpt lat="37.875330" lon="-121.925096"><ele>957.3</ele></trkpt><trkpt lat="37.875200" lon="-121.925216"><ele>956.1</ele></trkpt><trkpt lat="37.875071" lon="-121.925405"><ele>954.4</ele></trkpt><trkpt lat="37.875008" lon="-121.925568"><ele>952.9</ele></trkpt><trkpt lat="37.874988" lon="-121.925746"><ele>951.5</ele></trkpt><trkpt lat="37.875014" lon="-121.925913"><ele>950.1</ele></trkpt><trkpt lat="37.875077" lon="-121.926089"><ele>948.6</ele></trkpt><trkpt lat="37.875142" lon="-121.926197"><ele>947.6</ele></trkpt><trkpt lat="37.875224" lon="-121.926285"><ele>946.6</ele></trkpt><trkpt lat="37.875396" lon="-121.926382"><ele>944.8</ele></trkpt><trkpt lat="37.875464" lon="-121.926417"><ele>944.1</ele></trkpt><trkpt lat="37.875496" lon="-121.926465"><ele>943.7</ele></trkpt><trkpt lat="37.875508" lon="-121.926528"><ele>943.3</ele></trkpt><trkpt lat="37.875492" lon="-121.926614"><ele>942.7</ele></trkpt><trkpt lat="37.875467" lon="-121.926697"><ele>942.1</ele></trkpt><trkpt lat="37.875262" lon="-121.927098"><ele>938.5</ele></trkpt><trkpt lat="37.875189" lon="-121.927294"><ele>936.5</ele></trkpt><trkpt lat="37.875169" lon="-121.927392"><ele>935.5</ele></trkpt><trkpt lat="37.875176" lon="-121.927629"><ele>933.3</ele></trkpt><trkpt lat="37.875279" lon="-121.928194"><ele>929.0</ele></trkpt><trkpt lat="37.875284" lon="-121.928318"><ele>928.1</ele></trkpt><trkpt lat="37.875245" lon="-121.928563"><ele>926.9</ele></trkpt><trkpt lat="37.875197" lon="-121.928747"><ele>926.1</ele></trkpt><trkpt lat="37.875176" lon="-121.928927"><ele>925.3</ele></trkpt><trkpt lat="37.875192" lon="-121.929014"><ele>924.8</ele></trkpt><trkpt lat="37.875232" lon="-121.929084"><ele>924.3</ele></trkpt><trkpt lat="37.875289" lon="-121.929136"><ele>923.8</ele></trkpt><trkpt lat="37.875432" lon="-121.929186"><ele>922.7</ele></trkpt><trkpt lat="37.875569" lon="-121.929217"><ele>921.7</ele></trkpt><trkpt lat="37.875706" lon="-121.929235"><ele>920.6</ele></trkpt><trkpt lat="37.875968" lon="-121.929235"><ele>918.5</ele></trkpt><trkpt lat="37.876037" lon="-121.929246"><ele>918.0</ele></trkpt><trkpt lat="37.876107" lon="-121.929262"><ele>917.4</ele></trkpt><trkpt lat="37.876194" lon="-121.929311"><ele>916.8</ele></trkpt><trkpt lat="37.876268" lon="-121.929382"><ele>916.5</ele></trkpt><trkpt lat="37.876307" lon="-121.929435"><ele>916.4</ele></trkpt><trkpt lat="37.876343" lon="-121.929494"><ele>916.2</ele></trkpt><trkpt lat="37.876375" lon="-121.929556"><ele>916.0</ele></trkpt><trkpt lat="37.876402" lon="-121.929620"><ele>915.9</ele></trkpt><trkpt lat="37.876473" lon="-121.929851"><ele>915.3</ele></trkpt><trkpt lat="37.876522" lon="-121.929977"><ele>914.4</ele></trkpt><trkpt lat="37.876577" lon="-121.930086"><ele>913.6</ele></trkpt><trkpt lat="37.876661" lon="-121.930209"><ele>912.5</ele></trkpt><trkpt lat="37.876737" lon="-121.930312"><ele>911.5</ele></trkpt><trkpt lat="37.876759" lon="-121.930344"><ele>911.2</ele></trkpt><trkpt lat="37.876790" lon="-121.930417"><ele>910.6</ele></trkpt><trkpt lat="37.876800" lon="-121.930458"><ele>910.2</ele></trkpt><trkpt lat="37.876807" lon="-121.930511"><ele>909.7</ele></trkpt><trkpt lat="37.876808" lon="-121.930603"><ele>908.7</ele></trkpt><trkpt lat="37.876795" lon="-121.930671"><ele>908.0</ele></trkpt><trkpt lat="37.876771" lon="-121.930739"><ele>907.2</ele></trkpt><trkpt lat="37.876745" lon="-121.930779"><ele>906.7</ele></trkpt><trkpt lat="37.876715" lon="-121.930811"><ele>906.2</ele></trkpt><trkpt lat="37.876795" lon="-121.930988"><ele>904.1</ele></trkpt><trkpt lat="37.876847" lon="-121.931103"><ele>903.0</ele></trkpt><trkpt lat="37.876876" lon="-121.931167"><ele>902.4</ele></trkpt><trkpt lat="37.876934" lon="-121.931272"><ele>901.5</ele></trkpt><trkpt lat="37.876969" lon="-121.931334"><ele>900.9</ele></trkpt><trkpt lat="37.876979" lon="-121.931352"><ele>900.7</ele></trkpt><trkpt lat="37.877016" lon="-121.931435"><ele>900.0</ele></trkpt><trkpt lat="37.877026" lon="-121.931458"><ele>899.8</ele></trkpt><trkpt lat="37.877051" lon="-121.931534"><ele>899.2</ele></trkpt><trkpt lat="37.877058" lon="-121.931555"><ele>899.1</ele></trkpt><trkpt lat="37.877066" lon="-121.931580"><ele>898.9</ele></trkpt><trkpt lat="37.877074" lon="-121.931619"><ele>898.6</ele></trkpt><trkpt lat="37.877086" lon="-121.931676"><ele>898.2</ele></trkpt><trkpt lat="37.877096" lon="-121.931711"><ele>898.0</ele></trkpt><trkpt lat="37.877114" lon="-121.931771"><ele>897.6</ele></trkpt><trkpt lat="37.877130" lon="-121.931815"><ele>897.2</ele></trkpt><trkpt lat="37.877179" lon="-121.931952"><ele>896.3</ele></trkpt><trkpt lat="37.877197" lon="-121.931984"><ele>896.1</ele></trkpt><trkpt lat="37.877228" lon="-121.932038"><ele>895.6</ele></trkpt><trkpt lat="37.877253" lon="-121.932083"><ele>895.3</ele></trkpt><trkpt lat="37.877258" lon="-121.932106"><ele>895.1</ele></trkpt><trkpt lat="37.877274" lon="-121.932172"><ele>894.7</ele></trkpt><trkpt lat="37.877282" lon="-121.932218"><ele>894.4</ele></trkpt><trkpt lat="37.877289" lon="-121.932262"><ele>894.1</ele></trkpt><trkpt lat="37.877307" lon="-121.932330"><ele>893.6</ele></trkpt><trkpt lat="37.877322" lon="-121.932384"><ele>893.2</ele></trkpt><trkpt lat="37.877349" lon="-121.932470"><ele>892.6</ele></trkpt><trkpt lat="37.877365" lon="-121.932524"><ele>892.2</ele></trkpt><trkpt lat="37.877384" lon="-121.932588"><ele>891.8</ele></trkpt><trkpt lat="37.877390" lon="-121.932610"><ele>891.6</ele></trkpt><trkpt lat="37.877399" lon="-121.932642"><ele>891.4</ele></trkpt><trkpt lat="37.877418" lon="-121.932716"><ele>890.9</ele></trkpt><trkpt lat="37.877441" lon="-121.932804"><ele>890.2</ele></trkpt><trkpt lat="37.877452" lon="-121.932845"><ele>889.9</ele></trkpt><trkpt lat="37.877481" lon="-121.932909"><ele>889.5</ele></trkpt><trkpt lat="37.877535" lon="-121.933028"><ele>888.8</ele></trkpt><trkpt lat="37.877540" lon="-121.933035"><ele>888.7</ele></trkpt><trkpt lat="37.877570" lon="-121.933073"><ele>888.4</ele></trkpt><trkpt lat="37.877633" lon="-121.933155"><ele>887.8</ele></trkpt><trkpt lat="37.877662" lon="-121.933194"><ele>887.5</ele></trkpt><trkpt lat="37.877679" lon="-121.933218"><ele>887.3</ele></trkpt><trkpt lat="37.877719" lon="-121.933274"><ele>886.9</ele></trkpt><trkpt lat="37.877760" lon="-121.933349"><ele>886.4</ele></trkpt><trkpt lat="37.877785" lon="-121.933411"><ele>886.1</ele></trkpt><trkpt lat="37.877796" lon="-121.933440"><ele>886.0</ele></trkpt><trkpt lat="37.877815" lon="-121.933512"><ele>885.8</ele></trkpt><trkpt lat="37.877829" lon="-121.933589"><ele>885.6</ele></trkpt><trkpt lat="37.877848" lon="-121.933672"><ele>885.3</ele></trkpt><trkpt lat="37.877855" lon="-121.933706"><ele>885.3</ele></trkpt><trkpt lat="37.877872" lon="-121.933757"><ele>885.1</ele></trkpt><trkpt lat="37.877893" lon="-121.933807"><ele>885.0</ele></trkpt><trkpt lat="37.877941" lon="-121.933862"><ele>884.7</ele></trkpt><trkpt lat="37.877998" lon="-121.933905"><ele>884.5</ele></trkpt><trkpt lat="37.878161" lon="-121.933985"><ele>884.1</ele></trkpt><trkpt lat="37.878265" lon="-121.934016"><ele>884.0</ele></trkpt><trkpt lat="37.878291" lon="-121.934013"><ele>884.0</ele></trkpt><trkpt lat="37.878315" lon="-121.934005"><ele>884.0</ele></trkpt><trkpt lat="37.878341" lon="-121.933973"><ele>883.9</ele></trkpt><trkpt lat="37.878357" lon="-121.933932"><ele>883.9</ele></trkpt><trkpt lat="37.878379" lon="-121.933856"><ele>883.8</ele></trkpt><trkpt lat="37.878411" lon="-121.933800"><ele>883.7</ele></trkpt><trkpt lat="37.878421" lon="-121.933784"><ele>883.7</ele></trkpt><trkpt lat="37.878499" lon="-121.933682"><ele>883.6</ele></trkpt><trkpt lat="37.878548" lon="-121.933629"><ele>883.5</ele></trkpt><trkpt lat="37.878588" lon="-121.933648"><ele>883.4</ele></trkpt><trkpt lat="37.878628" lon="-121.933662"><ele>883.3</ele></trkpt><trkpt lat="37.878676" lon="-121.933673"><ele>883.2</ele></trkpt><trkpt lat="37.878721" lon="-121.933672"><ele>883.2</ele></trkpt><trkpt lat="37.878745" lon="-121.933665"><ele>883.1</ele></trkpt><trkpt lat="37.878759" lon="-121.933658"><ele>883.1</ele></trkpt><trkpt lat="37.878767" lon="-121.933645"><ele>883.1</ele></trkpt><trkpt lat="37.878777" lon="-121.933612"><ele>883.0</ele></trkpt><trkpt lat="37.878818" lon="-121.933701"><ele>882.9</ele></trkpt><trkpt lat="37.879236" lon="-121.934294"><ele>883.8</ele></trkpt><trkpt lat="37.879248" lon="-121.934307"><ele>883.9</ele></trkpt><trkpt lat="37.879313" lon="-121.934412"><ele>884.1</ele></trkpt><trkpt lat="37.879433" lon="-121.934585"><ele>884.4</ele></trkpt><trkpt lat="37.879512" lon="-121.934681"><ele>884.6</ele></trkpt><trkpt lat="37.879601" lon="-121.934762"><ele>884.8</ele></trkpt><trkpt lat="37.879723" lon="-121.934831"><ele>885.0</ele></trkpt><trkpt lat="37.879855" lon="-121.934852"><ele>885.2</ele></trkpt><trkpt lat="37.880106" lon="-121.934894"><ele>885.6</ele></trkpt><trkpt lat="37.880309" lon="-121.934869"><ele>885.3</ele></trkpt><trkpt lat="37.880404" lon="-121.934989"><ele>884.8</ele></trkpt><trkpt lat="37.880478" lon="-121.935186"><ele>884.2</ele></trkpt><trkpt lat="37.880587" lon="-121.935504"><ele>883.6</ele></trkpt><trkpt lat="37.880790" lon="-121.935615"><ele>883.3</ele></trkpt><trkpt lat="37.880912" lon="-121.935839"><ele>882.3</ele></trkpt><trkpt lat="37.880858" lon="-121.936190"><ele>879.4</ele></trkpt><trkpt lat="37.880959" lon="-121.936379"><ele>877.6</ele></trkpt><trkpt lat="37.881115" lon="-121.936577"><ele>875.0</ele></trkpt><trkpt lat="37.881237" lon="-121.936851"><ele>872.0</ele></trkpt><trkpt lat="37.881217" lon="-121.937306"><ele>867.8</ele></trkpt><trkpt lat="37.881210" lon="-121.937581"><ele>865.3</ele></trkpt><trkpt lat="37.881325" lon="-121.938010"><ele>860.6</ele></trkpt><trkpt lat="37.881494" lon="-121.938173"><ele>857.9</ele></trkpt><trkpt lat="37.881718" lon="-121.938182"><ele>853.6</ele></trkpt><trkpt lat="37.882029" lon="-121.938250"><ele>847.6</ele></trkpt><trkpt lat="37.882212" lon="-121.938311"><ele>844.8</ele></trkpt><trkpt lat="37.882314" lon="-121.938474"><ele>842.5</ele></trkpt><trkpt lat="37.882422" lon="-121.938654"><ele>840.0</ele></trkpt><trkpt lat="37.882578" lon="-121.938817"><ele>837.8</ele></trkpt><trkpt lat="37.882748" lon="-121.939043"><ele>835.2</ele></trkpt><trkpt lat="37.882762" lon="-121.939249"><ele>833.5</ele></trkpt><trkpt lat="37.882823" lon="-121.939644"><ele>830.0</ele></trkpt><trkpt lat="37.882856" lon="-121.939996"><ele>827.7</ele></trkpt><trkpt lat="37.882748" lon="-121.940751"><ele>825.7</ele></trkpt><trkpt lat="37.882795" lon="-121.940940"><ele>825.7</ele></trkpt><trkpt lat="37.882823" lon="-121.941290"><ele>825.9</ele></trkpt><trkpt lat="37.882803" lon="-121.941843"><ele>827.1</ele></trkpt><trkpt lat="37.882832" lon="-121.942146"><ele>827.9</ele></trkpt><trkpt lat="37.882915" lon="-121.942632"><ele>828.9</ele></trkpt><trkpt lat="37.882970" lon="-121.942799"><ele>828.7</ele></trkpt><trkpt lat="37.883048" lon="-121.942951"><ele>828.5</ele></trkpt><trkpt lat="37.883163" lon="-121.943106"><ele>828.2</ele></trkpt><trkpt lat="37.883261" lon="-121.943183"><ele>827.9</ele></trkpt><trkpt lat="37.883595" lon="-121.943342"><ele>826.9</ele></trkpt><trkpt lat="37.884145" lon="-121.943504"><ele>824.0</ele></trkpt><trkpt lat="37.884789" lon="-121.943844"><ele>817.1</ele></trkpt><trkpt lat="37.884834" lon="-121.944029"><ele>814.7</ele></trkpt><trkpt lat="37.885144" lon="-121.944703"><ele>805.4</ele></trkpt><trkpt lat="37.885245" lon="-121.945014"><ele>801.3</ele></trkpt><trkpt lat="37.885294" lon="-121.945119"><ele>799.4</ele></trkpt><trkpt lat="37.885407" lon="-121.945220"><ele>796.8</ele></trkpt><trkpt lat="37.885456" lon="-121.945313"><ele>795.1</ele></trkpt><trkpt lat="37.885449" lon="-121.945393"><ele>793.8</ele></trkpt><trkpt lat="37.885373" lon="-121.945511"><ele>791.5</ele></trkpt><trkpt lat="37.885226" lon="-121.945674"><ele>788.1</ele></trkpt><trkpt lat="37.885094" lon="-121.945887"><ele>784.3</ele></trkpt><trkpt lat="37.885016" lon="-121.946063"><ele>781.5</ele></trkpt><trkpt lat="37.884943" lon="-121.946342"><ele>777.5</ele></trkpt><trkpt lat="37.884915" lon="-121.946543"><ele>774.8</ele></trkpt><trkpt lat="37.884941" lon="-121.946614"><ele>773.7</ele></trkpt><trkpt lat="37.885047" lon="-121.946686"><ele>771.6</ele></trkpt><trkpt lat="37.885260" lon="-121.946768"><ele>767.9</ele></trkpt><trkpt lat="37.885331" lon="-121.946785"><ele>766.6</ele></trkpt><trkpt lat="37.885424" lon="-121.946766"><ele>765.0</ele></trkpt><trkpt lat="37.885475" lon="-121.946725"><ele>764.0</ele></trkpt><trkpt lat="37.885520" lon="-121.946657"><ele>763.0</ele></trkpt><trkpt lat="37.885595" lon="-121.946384"><ele>759.8</ele></trkpt><trkpt lat="37.885648" lon="-121.946295"><ele>758.6</ele></trkpt><trkpt lat="37.885698" lon="-121.946249"><ele>757.8</ele></trkpt><trkpt lat="37.885790" lon="-121.946223"><ele>756.5</ele></trkpt><trkpt lat="37.885866" lon="-121.946248"><ele>755.8</ele></trkpt><trkpt lat="37.885919" lon="-121.946302"><ele>755.2</ele></trkpt><trkpt lat="37.885945" lon="-121.946357"><ele>754.8</ele></trkpt><trkpt lat="37.885954" lon="-121.946453"><ele>754.2</ele></trkpt><trkpt lat="37.885942" lon="-121.946527"><ele>753.7</ele></trkpt><trkpt lat="37.885745" lon="-121.947010"><ele>749.7</ele></trkpt><trkpt lat="37.885685" lon="-121.947240"><ele>747.6</ele></trkpt><trkpt lat="37.885653" lon="-121.947307"><ele>746.9</ele></trkpt><trkpt lat="37.885599" lon="-121.947358"><ele>746.1</ele></trkpt><trkpt lat="37.885489" lon="-121.947370"><ele>744.9</ele></trkpt><trkpt lat="37.885130" lon="-121.947284"><ele>741.0</ele></trkpt><trkpt lat="37.885025" lon="-121.947276"><ele>739.9</ele></trkpt><trkpt lat="37.884590" lon="-121.947435"><ele>736.3</ele></trkpt><trkpt lat="37.884503" lon="-121.947457"><ele>735.5</ele></trkpt><trkpt lat="37.884413" lon="-121.947437"><ele>734.3</ele></trkpt><trkpt lat="37.884209" lon="-121.947266"><ele>731.1</ele></trkpt><trkpt lat="37.883920" lon="-121.946893"><ele>724.2</ele></trkpt><trkpt lat="37.883851" lon="-121.946874"><ele>722.8</ele></trkpt><trkpt lat="37.883791" lon="-121.946922"><ele>721.4</ele></trkpt><trkpt lat="37.883739" lon="-121.947049"><ele>719.1</ele></trkpt><trkpt lat="37.883683" lon="-121.947258"><ele>716.1</ele></trkpt><trkpt lat="37.883630" lon="-121.947373"><ele>714.4</ele></trkpt><trkpt lat="37.883311" lon="-121.947742"><ele>707.6</ele></trkpt><trkpt lat="37.883136" lon="-121.948055"><ele>702.7</ele></trkpt><trkpt lat="37.883083" lon="-121.948125"><ele>701.5</ele></trkpt><trkpt lat="37.883012" lon="-121.948161"><ele>700.3</ele></trkpt><trkpt lat="37.882902" lon="-121.948141"><ele>698.5</ele></trkpt><trkpt lat="37.882731" lon="-121.948054"><ele>695.6</ele></trkpt><trkpt lat="37.882628" lon="-121.947968"><ele>693.6</ele></trkpt><trkpt lat="37.882475" lon="-121.947739"><ele>689.9</ele></trkpt><trkpt lat="37.882354" lon="-121.947512"><ele>686.6</ele></trkpt><trkpt lat="37.882298" lon="-121.947452"><ele>685.5</ele></trkpt><trkpt lat="37.882263" lon="-121.947434"><ele>684.9</ele></trkpt><trkpt lat="37.882227" lon="-121.947436"><ele>684.3</ele></trkpt><trkpt lat="37.882210" lon="-121.947451"><ele>684.0</ele></trkpt><trkpt lat="37.882201" lon="-121.947476"><ele>683.7</ele></trkpt><trkpt lat="37.882167" lon="-121.947427"><ele>682.8</ele></trkpt><trkpt lat="37.882140" lon="-121.947422"><ele>682.3</ele></trkpt><trkpt lat="37.882117" lon="-121.947407"><ele>681.9</ele></trkpt><trkpt lat="37.882096" lon="-121.947385"><ele>681.4</ele></trkpt><trkpt lat="37.882067" lon="-121.947344"><ele>680.7</ele></trkpt><trkpt lat="37.882021" lon="-121.947251"><ele>679.2</ele></trkpt><trkpt lat="37.881992" lon="-121.947200"><ele>678.4</ele></trkpt><trkpt lat="37.881970" lon="-121.947129"><ele>677.3</ele></trkpt><trkpt lat="37.881954" lon="-121.947057"><ele>676.3</ele></trkpt><trkpt lat="37.881946" lon="-121.946980"><ele>675.3</ele></trkpt><trkpt lat="37.881933" lon="-121.946923"><ele>674.5</ele></trkpt><trkpt lat="37.881926" lon="-121.946893"><ele>673.9</ele></trkpt><trkpt lat="37.881915" lon="-121.946868"><ele>673.5</ele></trkpt><trkpt lat="37.881897" lon="-121.946845"><ele>672.9</ele></trkpt><trkpt lat="37.881872" lon="-121.946832"><ele>672.4</ele></trkpt><trkpt lat="37.881845" lon="-121.946824"><ele>671.8</ele></trkpt><trkpt lat="37.881798" lon="-121.946821"><ele>670.8</ele></trkpt><trkpt lat="37.881736" lon="-121.946834"><ele>669.5</ele></trkpt><trkpt lat="37.881679" lon="-121.946858"><ele>668.2</ele></trkpt><trkpt lat="37.881566" lon="-121.946942"><ele>665.5</ele></trkpt><trkpt lat="37.881453" lon="-121.947022"><ele>662.7</ele></trkpt><trkpt lat="37.881230" lon="-121.947205"><ele>655.8</ele></trkpt><trkpt lat="37.880946" lon="-121.947641"><ele>643.2</ele></trkpt><trkpt lat="37.880883" lon="-121.947801"><ele>638.8</ele></trkpt><trkpt lat="37.880827" lon="-121.948258"><ele>627.1</ele></trkpt><trkpt lat="37.880661" lon="-121.949006"><ele>607.4</ele></trkpt><trkpt lat="37.880593" lon="-121.949165"><ele>603.1</ele></trkpt><trkpt lat="37.880527" lon="-121.949271"><ele>599.8</ele></trkpt><trkpt lat="37.880471" lon="-121.949325"><ele>597.7</ele></trkpt><trkpt lat="37.880298" lon="-121.949414"><ele>592.0</ele></trkpt><trkpt lat="37.880226" lon="-121.949486"><ele>589.2</ele></trkpt><trkpt lat="37.880171" lon="-121.949641"><ele>585.0</ele></trkpt><trkpt lat="37.880160" lon="-121.949741"><ele>582.6</ele></trkpt><trkpt lat="37.880170" lon="-121.949829"><ele>580.4</ele></trkpt><trkpt lat="37.880202" lon="-121.949907"><ele>578.2</ele></trkpt><trkpt lat="37.880343" lon="-121.950140"><ele>570.8</ele></trkpt><trkpt lat="37.880359" lon="-121.950208"><ele>569.0</ele></trkpt><trkpt lat="37.880343" lon="-121.950297"><ele>566.7</ele></trkpt><trkpt lat="37.880281" lon="-121.950356"><ele>564.3</ele></trkpt><trkpt lat="37.880148" lon="-121.950410"><ele>561.1</ele></trkpt><trkpt lat="37.879924" lon="-121.950421"><ele>556.0</ele></trkpt><trkpt lat="37.879731" lon="-121.950391"><ele>551.6</ele></trkpt><trkpt lat="37.879665" lon="-121.950413"><ele>550.6</ele></trkpt><trkpt lat="37.879623" lon="-121.950451"><ele>549.7</ele></trkpt><trkpt lat="37.879482" lon="-121.950657"><ele>546.3</ele></trkpt><trkpt lat="37.879388" lon="-121.950761"><ele>544.3</ele></trkpt><trkpt lat="37.879296" lon="-121.950829"><ele>542.8</ele></trkpt><trkpt lat="37.879277" lon="-121.950812"><ele>542.5</ele></trkpt><trkpt lat="37.879259" lon="-121.950797"><ele>542.3</ele></trkpt><trkpt lat="37.879256" lon="-121.950737"><ele>541.7</ele></trkpt><trkpt lat="37.879322" lon="-121.950321"><ele>537.9</ele></trkpt><trkpt lat="37.879310" lon="-121.950200"><ele>537.0</ele></trkpt><trkpt lat="37.879247" lon="-121.949817"><ele>535.6</ele></trkpt><trkpt lat="37.879154" lon="-121.949680"><ele>534.9</ele></trkpt><trkpt lat="37.879134" lon="-121.949678"><ele>534.8</ele></trkpt><trkpt lat="37.879019" lon="-121.949678"><ele>534.7</ele></trkpt><trkpt lat="37.878969" lon="-121.949661"><ele>534.7</ele></trkpt><trkpt lat="37.878766" lon="-121.949520"><ele>534.8</ele></trkpt><trkpt lat="37.878671" lon="-121.949514"><ele>534.9</ele></trkpt><trkpt lat="37.878560" lon="-121.949582"><ele>534.8</ele></trkpt><trkpt lat="37.878475" lon="-121.949586"><ele>534.3</ele></trkpt><trkpt lat="37.878345" lon="-121.949544"><ele>533.6</ele></trkpt><trkpt lat="37.878203" lon="-121.949541"><ele>532.8</ele></trkpt><trkpt lat="37.878037" lon="-121.949580"><ele>531.8</ele></trkpt><trkpt lat="37.877932" lon="-121.949578"><ele>530.8</ele></trkpt><trkpt lat="37.877649" lon="-121.949531"><ele>528.0</ele></trkpt><trkpt lat="37.877512" lon="-121.949478"><ele>526.6</ele></trkpt><trkpt lat="37.877247" lon="-121.949927"><ele>522.0</ele></trkpt><trkpt lat="37.877091" lon="-121.950124"><ele>519.2</ele></trkpt><trkpt lat="37.876482" lon="-121.950819"><ele>507.4</ele></trkpt><trkpt lat="37.876294" lon="-121.951062"><ele>503.3</ele></trkpt><trkpt lat="37.876236" lon="-121.951238"><ele>501.0</ele></trkpt><trkpt lat="37.876222" lon="-121.951373"><ele>499.4</ele></trkpt><trkpt lat="37.876255" lon="-121.951959"><ele>492.0</ele></trkpt><trkpt lat="37.876245" lon="-121.952048"><ele>490.9</ele></trkpt><trkpt lat="37.876209" lon="-121.952163"><ele>489.3</ele></trkpt><trkpt lat="37.875886" lon="-121.952719"><ele>480.9</ele></trkpt><trkpt lat="37.875845" lon="-121.952856"><ele>479.1</ele></trkpt><trkpt lat="37.875737" lon="-121.953485"><ele>470.9</ele></trkpt><trkpt lat="37.875630" lon="-121.954000"><ele>463.9</ele></trkpt><trkpt lat="37.875571" lon="-121.954164"><ele>461.9</ele></trkpt><trkpt lat="37.875462" lon="-121.954372"><ele>459.9</ele></trkpt><trkpt lat="37.875326" lon="-121.954536"><ele>458.0</ele></trkpt><trkpt lat="37.875214" lon="-121.954630"><ele>456.6</ele></trkpt><trkpt lat="37.874975" lon="-121.955163"><ele>451.9</ele></trkpt><trkpt lat="37.874673" lon="-121.955654"><ele>445.0</ele></trkpt><trkpt lat="37.874604" lon="-121.955811"><ele>442.8</ele></trkpt><trkpt lat="37.874574" lon="-121.956010"><ele>439.9</ele></trkpt><trkpt lat="37.874592" lon="-121.956770"><ele>428.6</ele></trkpt><trkpt lat="37.874635" lon="-121.957104"><ele>423.3</ele></trkpt><trkpt lat="37.874848" lon="-121.958208"><ele>402.2</ele></trkpt><trkpt lat="37.874875" lon="-121.958522"><ele>396.1</ele></trkpt><trkpt lat="37.874978" lon="-121.959039"><ele>386.1</ele></trkpt><trkpt lat="37.875006" lon="-121.959271"><ele>381.5</ele></trkpt><trkpt lat="37.874923" lon="-121.959617"><ele>374.3</ele></trkpt><trkpt lat="37.874877" lon="-121.960421"><ele>358.7</ele></trkpt><trkpt lat="37.874888" lon="-121.960841"><ele>349.8</ele></trkpt><trkpt lat="37.874987" lon="-121.961573"><ele>333.7</ele></trkpt><trkpt lat="37.875036" lon="-121.961729"><ele>330.1</ele></trkpt><trkpt lat="37.875134" lon="-121.961814"><ele>327.2</ele></trkpt><trkpt lat="37.875720" lon="-121.962145"><ele>313.5</ele></trkpt><trkpt lat="37.875823" lon="-121.962203"><ele>311.5</ele></trkpt><trkpt lat="37.875992" lon="-121.962341"><ele>307.8</ele></trkpt><trkpt lat="37.876143" lon="-121.962574"><ele>304.6</ele></trkpt><trkpt lat="37.876316" lon="-121.962568"><ele>302.4</ele></trkpt><trkpt lat="37.876509" lon="-121.962556"><ele>300.0</ele></trkpt><trkpt lat="37.876690" lon="-121.962523"><ele>298.1</ele></trkpt><trkpt lat="37.876795" lon="-121.962439"><ele>296.7</ele></trkpt><trkpt lat="37.876876" lon="-121.962328"><ele>295.4</ele></trkpt><trkpt lat="37.876928" lon="-121.962193"><ele>294.2</ele></trkpt><trkpt lat="37.876948" lon="-121.962045"><ele>293.4</ele></trkpt><trkpt lat="37.876934" lon="-121.961896"><ele>292.5</ele></trkpt><trkpt lat="37.876906" lon="-121.961786"><ele>291.8</ele></trkpt><trkpt lat="37.876748" lon="-121.961576"><ele>290.2</ele></trkpt><trkpt lat="37.876727" lon="-121.961503"><ele>289.9</ele></trkpt><trkpt lat="37.876720" lon="-121.961417"><ele>289.6</ele></trkpt><trkpt lat="37.876731" lon="-121.961344"><ele>289.3</ele></trkpt><trkpt lat="37.876762" lon="-121.961283"><ele>289.0</ele></trkpt><trkpt lat="37.876810" lon="-121.961249"><ele>288.7</ele></trkpt><trkpt lat="37.876900" lon="-121.961238"><ele>288.3</ele></trkpt><trkpt lat="37.877091" lon="-121.961277"><ele>287.3</ele></trkpt><trkpt lat="37.877575" lon="-121.961418"><ele>284.4</ele></trkpt><trkpt lat="37.877675" lon="-121.961461"><ele>283.6</ele></trkpt><trkpt lat="37.877759" lon="-121.961529"><ele>282.9</ele></trkpt><trkpt lat="37.877820" lon="-121.961606"><ele>282.2</ele></trkpt><trkpt lat="37.878091" lon="-121.962164"><ele>278.6</ele></trkpt><trkpt lat="37.878181" lon="-121.962352"><ele>277.4</ele></trkpt><trkpt lat="37.878263" lon="-121.962558"><ele>276.2</ele></trkpt><trkpt lat="37.878381" lon="-121.962876"><ele>274.4</ele></trkpt><trkpt lat="37.878454" lon="-121.963028"><ele>273.4</ele></trkpt><trkpt lat="37.878546" lon="-121.963151"><ele>272.3</ele></trkpt><trkpt lat="37.878865" lon="-121.963462"><ele>268.9</ele></trkpt><trkpt lat="37.879003" lon="-121.963541"><ele>267.7</ele></trkpt><trkpt lat="37.879152" lon="-121.963570"><ele>266.5</ele></trkpt><trkpt lat="37.879193" lon="-121.963586"><ele>266.1</ele></trkpt><trkpt lat="37.879235" lon="-121.963613"><ele>265.7</ele></trkpt><trkpt lat="37.879285" lon="-121.963686"><ele>265.1</ele></trkpt><trkpt lat="37.879299" lon="-121.963790"><ele>264.5</ele></trkpt><trkpt lat="37.879275" lon="-121.963940"><ele>264.1</ele></trkpt><trkpt lat="37.879254" lon="-121.964147"><ele>263.6</ele></trkpt><trkpt lat="37.879270" lon="-121.964344"><ele>263.1</ele></trkpt><trkpt lat="37.879395" lon="-121.964730"><ele>261.3</ele></trkpt><trkpt lat="37.879431" lon="-121.964823"><ele>260.8</ele></trkpt><trkpt lat="37.879473" lon="-121.964884"><ele>260.4</ele></trkpt><trkpt lat="37.879550" lon="-121.964950"><ele>259.8</ele></trkpt><trkpt lat="37.879645" lon="-121.964981"><ele>259.2</ele></trkpt><trkpt lat="37.879729" lon="-121.964985"><ele>258.6</ele></trkpt><trkpt lat="37.880083" lon="-121.964957"><ele>256.2</ele></trkpt><trkpt lat="37.880152" lon="-121.964972"><ele>255.7</ele></trkpt><trkpt lat="37.880209" lon="-121.964999"><ele>255.6</ele></trkpt><trkpt lat="37.880241" lon="-121.965031"><ele>255.5</ele></trkpt><trkpt lat="37.880283" lon="-121.965149"><ele>255.3</ele></trkpt><trkpt lat="37.880288" lon="-121.965252"><ele>255.1</ele></trkpt><trkpt lat="37.880266" lon="-121.965363"><ele>254.9</ele></trkpt><trkpt lat="37.880226" lon="-121.965483"><ele>254.6</ele></trkpt><trkpt lat="37.880187" lon="-121.965626"><ele>254.4</ele></trkpt><trkpt lat="37.880175" lon="-121.965752"><ele>254.3</ele></trkpt><trkpt lat="37.880190" lon="-121.965873"><ele>254.2</ele></trkpt><trkpt lat="37.880238" lon="-121.965981"><ele>254.1</ele></trkpt><trkpt lat="37.880282" lon="-121.966043"><ele>254.0</ele></trkpt><trkpt lat="37.880363" lon="-121.966103"><ele>253.9</ele></trkpt><trkpt lat="37.880494" lon="-121.966155"><ele>253.1</ele></trkpt><trkpt lat="37.880674" lon="-121.966158"><ele>251.8</ele></trkpt><trkpt lat="37.880965" lon="-121.966098"><ele>249.7</ele></trkpt><trkpt lat="37.881046" lon="-121.966092"><ele>249.4</ele></trkpt><trkpt lat="37.881101" lon="-121.966106"><ele>249.1</ele></trkpt><trkpt lat="37.881143" lon="-121.966129"><ele>248.9</ele></trkpt><trkpt lat="37.881201" lon="-121.966223"><ele>248.5</ele></trkpt><trkpt lat="37.881220" lon="-121.966348"><ele>248.0</ele></trkpt><trkpt lat="37.881209" lon="-121.966451"><ele>247.7</ele></trkpt><trkpt lat="37.881181" lon="-121.966557"><ele>247.2</ele></trkpt><trkpt lat="37.881085" lon="-121.966796"><ele>246.0</ele></trkpt><trkpt lat="37.881052" lon="-121.966924"><ele>245.4</ele></trkpt><trkpt lat="37.881023" lon="-121.967147"><ele>244.4</ele></trkpt><trkpt lat="37.881028" lon="-121.967252"><ele>243.9</ele></trkpt><trkpt lat="37.881070" lon="-121.967589"><ele>242.2</ele></trkpt><trkpt lat="37.881131" lon="-121.968224"><ele>238.7</ele></trkpt><trkpt lat="37.881163" lon="-121.968336"><ele>238.0</ele></trkpt><trkpt lat="37.881200" lon="-121.968409"><ele>237.5</ele></trkpt><trkpt lat="37.881255" lon="-121.968464"><ele>237.0</ele></trkpt><trkpt lat="37.881309" lon="-121.968495"><ele>236.6</ele></trkpt><trkpt lat="37.881377" lon="-121.968507"><ele>236.1</ele></trkpt><trkpt lat="37.881454" lon="-121.968511"><ele>235.6</ele></trkpt><trkpt lat="37.881669" lon="-121.968509"><ele>234.1</ele></trkpt><trkpt lat="37.881740" lon="-121.968522"><ele>233.7</ele></trkpt><trkpt lat="37.881802" lon="-121.968556"><ele>233.1</ele></trkpt><trkpt lat="37.881864" lon="-121.968635"><ele>232.3</ele></trkpt><trkpt lat="37.881892" lon="-121.968705"><ele>231.7</ele></trkpt><trkpt lat="37.881901" lon="-121.968804"><ele>230.9</ele></trkpt><trkpt lat="37.881877" lon="-121.969490"><ele>226.7</ele></trkpt><trkpt lat="37.881896" lon="-121.969767"><ele>225.3</ele></trkpt><trkpt lat="37.881943" lon="-121.970058"><ele>223.5</ele></trkpt><trkpt lat="37.881950" lon="-121.970238"><ele>222.4</ele></trkpt><trkpt lat="37.881930" lon="-121.970393"><ele>221.4</ele></trkpt><trkpt lat="37.881860" lon="-121.970682"><ele>219.6</ele></trkpt><trkpt lat="37.881851" lon="-121.970745"><ele>219.2</ele></trkpt><trkpt lat="37.881861" lon="-121.970812"><ele>218.8</ele></trkpt><trkpt lat="37.881879" lon="-121.970874"><ele>218.5</ele></trkpt><trkpt lat="37.881911" lon="-121.970928"><ele>218.1</ele></trkpt><trkpt lat="37.882018" lon="-121.971032"><ele>217.1</ele></trkpt><trkpt lat="37.882176" lon="-121.971131"><ele>215.8</ele></trkpt><trkpt lat="37.882354" lon="-121.971210"><ele>214.4</ele></trkpt><trkpt lat="37.882582" lon="-121.971309"><ele>212.7</ele></trkpt><trkpt lat="37.882667" lon="-121.971378"><ele>212.4</ele></trkpt><trkpt lat="37.882722" lon="-121.971458"><ele>212.2</ele></trkpt><trkpt lat="37.882755" lon="-121.971549"><ele>212.0</ele></trkpt><trkpt lat="37.882763" lon="-121.971656"><ele>211.7</ele></trkpt><trkpt lat="37.882714" lon="-121.972257"><ele>210.0</ele></trkpt><trkpt lat="37.882713" lon="-121.972376"><ele>209.6</ele></trkpt><trkpt lat="37.882738" lon="-121.972506"><ele>209.2</ele></trkpt><trkpt lat="37.882787" lon="-121.972584"><ele>208.8</ele></trkpt><trkpt lat="37.882844" lon="-121.972635"><ele>208.3</ele></trkpt><trkpt lat="37.882954" lon="-121.972653"><ele>207.5</ele></trkpt><trkpt lat="37.883059" lon="-121.972620"><ele>206.7</ele></trkpt><trkpt lat="37.883263" lon="-121.972477"><ele>205.0</ele></trkpt><trkpt lat="37.883308" lon="-121.972467"><ele>204.5</ele></trkpt><trkpt lat="37.883349" lon="-121.972466"><ele>204.0</ele></trkpt><trkpt lat="37.883388" lon="-121.972483"><ele>203.6</ele></trkpt><trkpt lat="37.883414" lon="-121.972512"><ele>203.2</ele></trkpt><trkpt lat="37.883448" lon="-121.972579"><ele>202.5</ele></trkpt><trkpt lat="37.883462" lon="-121.972659"><ele>201.8</ele></trkpt><trkpt lat="37.883441" lon="-121.972857"><ele>200.1</ele></trkpt><trkpt lat="37.883388" lon="-121.973056"><ele>198.6</ele></trkpt><trkpt lat="37.883329" lon="-121.973204"><ele>197.4</ele></trkpt><trkpt lat="37.883185" lon="-121.973441"><ele>195.4</ele></trkpt><trkpt lat="37.883108" lon="-121.973590"><ele>194.0</ele></trkpt><trkpt lat="37.883049" lon="-121.973746"><ele>192.4</ele></trkpt><trkpt lat="37.883035" lon="-121.973897"><ele>191.0</ele></trkpt><trkpt lat="37.883041" lon="-121.974057"><ele>189.6</ele></trkpt><trkpt lat="37.883064" lon="-121.974317"><ele>187.2</ele></trkpt><trkpt lat="37.883120" lon="-121.974603"><ele>184.5</ele></trkpt><trkpt lat="37.883193" lon="-121.974784"><ele>182.7</ele></trkpt><trkpt lat="37.883418" lon="-121.975151"><ele>179.5</ele></trkpt><trkpt lat="37.883602" lon="-121.975447"><ele>177.3</ele></trkpt><trkpt lat="37.883715" lon="-121.975594"><ele>176.6</ele></trkpt><trkpt lat="37.884404" lon="-121.976305"><ele>172.6</ele></trkpt><trkpt lat="37.884526" lon="-121.976457"><ele>171.8</ele></trkpt><trkpt lat="37.884581" lon="-121.976529"><ele>171.5</ele></trkpt><trkpt lat="37.884886" lon="-121.977004"><ele>168.8</ele></trkpt><trkpt lat="37.885089" lon="-121.977354"><ele>166.6</ele></trkpt><trkpt lat="37.885309" lon="-121.977786"><ele>163.6</ele></trkpt><trkpt lat="37.885457" lon="-121.978029"><ele>162.2</ele></trkpt><trkpt lat="37.885792" lon="-121.978477"><ele>159.3</ele></trkpt><trkpt lat="37.885907" lon="-121.978591"><ele>158.2</ele></trkpt><trkpt lat="37.886055" lon="-121.978730"><ele>156.8</ele></trkpt><trkpt lat="37.886397" lon="-121.978890"><ele>154.7</ele></trkpt><trkpt lat="37.886484" lon="-121.978931"><ele>154.3</ele></trkpt><trkpt lat="37.886661" lon="-121.979087"><ele>153.2</ele></trkpt><trkpt lat="37.886723" lon="-121.979157"><ele>152.9</ele></trkpt><trkpt lat="37.886822" lon="-121.979269"><ele>152.5</ele></trkpt><trkpt lat="37.887076" lon="-121.979481"><ele>151.5</ele></trkpt><trkpt lat="37.887340" lon="-121.979780"><ele>150.3</ele></trkpt><trkpt lat="37.887537" lon="-121.980095"><ele>149.4</ele></trkpt><trkpt lat="37.887743" lon="-121.980244"><ele>149.0</ele></trkpt><trkpt lat="37.887925" lon="-121.980333"><ele>148.7</ele></trkpt><trkpt lat="37.888227" lon="-121.980449"><ele>147.6</ele></trkpt><trkpt lat="37.888478" lon="-121.980553"><ele>146.6</ele></trkpt><trkpt lat="37.888581" lon="-121.980612"><ele>146.1</ele></trkpt><trkpt lat="37.888937" lon="-121.980870"><ele>144.3</ele></trkpt><trkpt lat="37.889239" lon="-121.981128"><ele>142.9</ele></trkpt><trkpt lat="37.889454" lon="-121.981338"><ele>141.9</ele></trkpt><trkpt lat="37.889815" lon="-121.981720"><ele>140.3</ele></trkpt><trkpt lat="37.889981" lon="-121.981921"><ele>139.5</ele></trkpt><trkpt lat="37.890194" lon="-121.982243"><ele>138.5</ele></trkpt><trkpt lat="37.891064" lon="-121.983227"><ele>136.6</ele></trkpt><trkpt lat="37.891656" lon="-121.984016"><ele>134.3</ele></trkpt><trkpt lat="37.891771" lon="-121.984192"><ele>133.3</ele></trkpt><trkpt lat="37.891853" lon="-121.984392"><ele>132.2</ele></trkpt><trkpt lat="37.891924" lon="-121.984600"><ele>131.1</ele></trkpt><trkpt lat="37.892053" lon="-121.985270"><ele>128.2</ele></trkpt><trkpt lat="37.892078" lon="-121.985365"><ele>127.8</ele></trkpt><trkpt lat="37.892142" lon="-121.985465"><ele>127.2</ele></trkpt><trkpt lat="37.892209" lon="-121.985535"><ele>126.7</ele></trkpt><trkpt lat="37.892305" lon="-121.985592"><ele>126.0</ele></trkpt><trkpt lat="37.892444" lon="-121.985648"><ele>125.1</ele></trkpt><trkpt lat="37.892804" lon="-121.985707"><ele>122.9</ele></trkpt><trkpt lat="37.893014" lon="-121.985913"><ele>121.2</ele></trkpt><trkpt lat="37.893259" lon="-121.986228"><ele>119.5</ele></trkpt><trkpt lat="37.893384" lon="-121.986404"><ele>118.5</ele></trkpt><trkpt lat="37.893482" lon="-121.986640"><ele>117.9</ele></trkpt><trkpt lat="37.893554" lon="-121.986764"><ele>117.6</ele></trkpt><trkpt lat="37.893617" lon="-121.986858"><ele>117.3</ele></trkpt><trkpt lat="37.894091" lon="-121.987338"><ele>116.2</ele></trkpt><trkpt lat="37.894385" lon="-121.987722"><ele>115.7</ele></trkpt><trkpt lat="37.894631" lon="-121.987969"><ele>115.9</ele></trkpt><trkpt lat="37.894781" lon="-121.988084"><ele>116.3</ele></trkpt><trkpt lat="37.894869" lon="-121.988109"><ele>116.5</ele></trkpt><trkpt lat="37.895024" lon="-121.988138"><ele>116.8</ele></trkpt><trkpt lat="37.895471" lon="-121.988061"><ele>117.8</ele></trkpt><trkpt lat="37.895555" lon="-121.988073"><ele>118.0</ele></trkpt><trkpt lat="37.895748" lon="-121.988100"><ele>118.6</ele></trkpt><trkpt lat="37.895887" lon="-121.988179"><ele>119.0</ele></trkpt><trkpt lat="37.896015" lon="-121.988282"><ele>119.4</ele></trkpt><trkpt lat="37.896309" lon="-121.988639"><ele>120.2</ele></trkpt><trkpt lat="37.896425" lon="-121.988722"><ele>120.4</ele></trkpt><trkpt lat="37.896642" lon="-121.988790"><ele>120.8</ele></trkpt><trkpt lat="37.896764" lon="-121.988816"><ele>121.0</ele></trkpt><trkpt lat="37.896866" lon="-121.988836"><ele>121.1</ele></trkpt><trkpt lat="37.896958" lon="-121.988851"><ele>121.3</ele></trkpt><trkpt lat="37.897053" lon="-121.988855"><ele>121.3</ele></trkpt><trkpt lat="37.897145" lon="-121.988846"><ele>121.3</ele></trkpt><trkpt lat="37.897239" lon="-121.988816"><ele>121.3</ele></trkpt><trkpt lat="37.897322" lon="-121.988770"><ele>121.3</ele></trkpt><trkpt lat="37.897417" lon="-121.988699"><ele>121.3</ele></trkpt><trkpt lat="37.897515" lon="-121.988609"><ele>121.3</ele></trkpt><trkpt lat="37.897794" lon="-121.988321"><ele>120.8</ele></trkpt><trkpt lat="37.897876" lon="-121.988250"><ele>120.7</ele></trkpt><trkpt lat="37.897954" lon="-121.988201"><ele>120.6</ele></trkpt><trkpt lat="37.898042" lon="-121.988180"><ele>120.4</ele></trkpt><trkpt lat="37.898131" lon="-121.988189"><ele>120.2</ele></trkpt><trkpt lat="37.898217" lon="-121.988214"><ele>120.0</ele></trkpt><trkpt lat="37.898300" lon="-121.988271"><ele>119.8</ele></trkpt><trkpt lat="37.898366" lon="-121.988347"><ele>119.6</ele></trkpt><trkpt lat="37.898426" lon="-121.988454"><ele>119.3</ele></trkpt><trkpt lat="37.898475" lon="-121.988560"><ele>119.0</ele></trkpt><trkpt lat="37.898668" lon="-121.988982"><ele>117.9</ele></trkpt><trkpt lat="37.898758" lon="-121.989154"><ele>117.5</ele></trkpt><trkpt lat="37.898853" lon="-121.989319"><ele>117.0</ele></trkpt><trkpt lat="37.899165" lon="-121.989823"><ele>115.3</ele></trkpt><trkpt lat="37.899248" lon="-121.989967"><ele>114.7</ele></trkpt><trkpt lat="37.899325" lon="-121.990110"><ele>114.1</ele></trkpt><trkpt lat="37.899399" lon="-121.990256"><ele>113.6</ele></trkpt><trkpt lat="37.899771" lon="-121.991011"><ele>111.0</ele></trkpt><trkpt lat="37.900213" lon="-121.991908"><ele>107.8</ele></trkpt><trkpt lat="37.900280" lon="-121.992035"><ele>107.4</ele></trkpt><trkpt lat="37.900353" lon="-121.992162"><ele>106.9</ele></trkpt><trkpt lat="37.900424" lon="-121.992275"><ele>106.4</ele></trkpt><trkpt lat="37.900496" lon="-121.992371"><ele>106.0</ele></trkpt><trkpt lat="37.900572" lon="-121.992460"><ele>105.8</ele></trkpt><trkpt lat="37.900660" lon="-121.992536"><ele>105.6</ele></trkpt><trkpt lat="37.900756" lon="-121.992603"><ele>105.3</ele></trkpt><trkpt lat="37.900853" lon="-121.992659"><ele>105.1</ele></trkpt><trkpt lat="37.901187" lon="-121.992821"><ele>104.3</ele></trkpt><trkpt lat="37.901290" lon="-121.992875"><ele>104.0</ele></trkpt><trkpt lat="37.901389" lon="-121.992936"><ele>103.8</ele></trkpt><trkpt lat="37.901492" lon="-121.993003"><ele>103.5</ele></trkpt><trkpt lat="37.901744" lon="-121.993180"><ele>102.7</ele></trkpt><trkpt lat="37.901906" lon="-121.993311"><ele>102.1</ele></trkpt><trkpt lat="37.901975" lon="-121.993363"><ele>101.9</ele></trkpt><trkpt lat="37.902053" lon="-121.993403"><ele>101.7</ele></trkpt><trkpt lat="37.902146" lon="-121.993468"><ele>101.4</ele></trkpt><trkpt lat="37.902281" lon="-121.993564"><ele>100.9</ele></trkpt><trkpt lat="37.902394" lon="-121.993651"><ele>100.6</ele></trkpt><trkpt lat="37.902518" lon="-121.993730"><ele>100.3</ele></trkpt><trkpt lat="37.902572" lon="-121.993758"><ele>100.1</ele></trkpt><trkpt lat="37.902629" lon="-121.993787"><ele>100.0</ele></trkpt><trkpt lat="37.902738" lon="-121.993835"><ele>99.7</ele></trkpt><trkpt lat="37.902843" lon="-121.993870"><ele>99.5</ele></trkpt><trkpt lat="37.902957" lon="-121.993900"><ele>99.1</ele></trkpt><trkpt lat="37.903067" lon="-121.993918"><ele>98.5</ele></trkpt><trkpt lat="37.903183" lon="-121.993929"><ele>97.9</ele></trkpt><trkpt lat="37.903293" lon="-121.993932"><ele>97.4</ele></trkpt><trkpt lat="37.903481" lon="-121.993920"><ele>96.4</ele></trkpt><trkpt lat="37.903731" lon="-121.993905"><ele>95.0</ele></trkpt><trkpt lat="37.903793" lon="-121.993901"><ele>94.6</ele></trkpt><trkpt lat="37.903925" lon="-121.993903"><ele>93.9</ele></trkpt><trkpt lat="37.904039" lon="-121.993914"><ele>93.3</ele></trkpt><trkpt lat="37.904168" lon="-121.993936"><ele>92.7</ele></trkpt><trkpt lat="37.904285" lon="-121.993961"><ele>92.2</ele></trkpt><trkpt lat="37.904407" lon="-121.993995"><ele>91.6</ele></trkpt><trkpt lat="37.904540" lon="-121.994036"><ele>91.0</ele></trkpt><trkpt lat="37.904654" lon="-121.994082"><ele>90.5</ele></trkpt><trkpt lat="37.904772" lon="-121.994126"><ele>90.1</ele></trkpt><trkpt lat="37.904887" lon="-121.994185"><ele>89.6</ele></trkpt><trkpt lat="37.904952" lon="-121.994222"><ele>89.3</ele></trkpt><trkpt lat="37.905008" lon="-121.994254"><ele>89.1</ele></trkpt><trkpt lat="37.905136" lon="-121.994334"><ele>88.4</ele></trkpt><trkpt lat="37.905281" lon="-121.994434"><ele>87.7</ele></trkpt><trkpt lat="37.905379" lon="-121.994501"><ele>87.2</ele></trkpt><trkpt lat="37.905406" lon="-121.994519"><ele>87.0</ele></trkpt><trkpt lat="37.905548" lon="-121.994615"><ele>86.4</ele></trkpt><trkpt lat="37.905814" lon="-121.994795"><ele>85.4</ele></trkpt><trkpt lat="37.905905" lon="-121.994854"><ele>85.0</ele></trkpt><trkpt lat="37.906080" lon="-121.994968"><ele>84.6</ele></trkpt><trkpt lat="37.906605" lon="-121.995310"><ele>83.8</ele></trkpt><trkpt lat="37.906762" lon="-121.995413"><ele>83.4</ele></trkpt><trkpt lat="37.907134" lon="-121.995657"><ele>82.7</ele></trkpt><trkpt lat="37.907218" lon="-121.995711"><ele>82.6</ele></trkpt><trkpt lat="37.907365" lon="-121.995796"><ele>82.4</ele></trkpt><trkpt lat="37.907515" lon="-121.995849"><ele>82.3</ele></trkpt><trkpt lat="37.907634" lon="-121.995881"><ele>82.3</ele></trkpt><trkpt lat="37.907715" lon="-121.995905"><ele>82.3</ele></trkpt><trkpt lat="37.907792" lon="-121.995915"><ele>82.3</ele></trkpt><trkpt lat="37.907919" lon="-121.995911"><ele>82.3</ele></trkpt><trkpt lat="37.908065" lon="-121.995870"><ele>82.3</ele></trkpt><trkpt lat="37.908180" lon="-121.995838"><ele>82.3</ele></trkpt><trkpt lat="37.908289" lon="-121.995798"><ele>82.3</ele></trkpt><trkpt lat="37.908372" lon="-121.995766"><ele>82.3</ele></trkpt><trkpt lat="37.908629" lon="-121.995668"><ele>82.1</ele></trkpt><trkpt lat="37.908863" lon="-121.995580"><ele>81.9</ele></trkpt><trkpt lat="37.909089" lon="-121.995522"><ele>81.7</ele></trkpt><trkpt lat="37.909182" lon="-121.995519"><ele>81.7</ele></trkpt><trkpt lat="37.909270" lon="-121.995517"><ele>81.7</ele></trkpt><trkpt lat="37.909413" lon="-121.995538"><ele>81.7</ele></trkpt><trkpt lat="37.909558" lon="-121.995577"><ele>81.7</ele></trkpt><trkpt lat="37.910121" lon="-121.995782"><ele>81.3</ele></trkpt><trkpt lat="37.910458" lon="-121.995903"><ele>80.7</ele></trkpt><trkpt lat="37.910852" lon="-121.996061"><ele>80.2</ele></trkpt><trkpt lat="37.910865" lon="-121.996066"><ele>80.1</ele></trkpt><trkpt lat="37.911038" lon="-121.996148"><ele>79.9</ele></trkpt><trkpt lat="37.911130" lon="-121.996192"><ele>79.8</ele></trkpt><trkpt lat="37.911187" lon="-121.996224"><ele>79.8</ele></trkpt><trkpt lat="37.911565" lon="-121.996437"><ele>79.3</ele></trkpt><trkpt lat="37.911933" lon="-121.996673"><ele>78.2</ele></trkpt><trkpt lat="37.912349" lon="-121.996943"><ele>76.7</ele></trkpt><trkpt lat="37.912588" lon="-121.997169"><ele>75.7</ele></trkpt><trkpt lat="37.912802" lon="-121.997457"><ele>74.9</ele></trkpt><trkpt lat="37.912898" lon="-121.997632"><ele>74.4</ele></trkpt><trkpt lat="37.913062" lon="-121.998060"><ele>72.9</ele></trkpt><trkpt lat="37.913135" lon="-121.998335"><ele>72.1</ele></trkpt><trkpt lat="37.913196" lon="-121.998649"><ele>71.2</ele></trkpt><trkpt lat="37.913218" lon="-121.999089"><ele>70.1</ele></trkpt><trkpt lat="37.913220" lon="-121.999285"><ele>69.6</ele></trkpt><trkpt lat="37.913226" lon="-122.000098"><ele>68.0</ele></trkpt><trkpt lat="37.913241" lon="-122.001965"><ele>63.6</ele></trkpt><trkpt lat="37.913239" lon="-122.002174"><ele>63.2</ele></trkpt><trkpt lat="37.913232" lon="-122.002408"><ele>62.8</ele></trkpt><trkpt lat="37.913235" lon="-122.002695"><ele>62.6</ele></trkpt><trkpt lat="37.913241" lon="-122.002741"><ele>62.6</ele></trkpt><trkpt lat="37.913259" lon="-122.002814"><ele>62.6</ele></trkpt><trkpt lat="37.913252" lon="-122.003055"><ele>62.5</ele></trkpt><trkpt lat="37.913251" lon="-122.003176"><ele>62.2</ele></trkpt><trkpt lat="37.913250" lon="-122.003267"><ele>62.1</ele></trkpt><trkpt lat="37.913250" lon="-122.003380"><ele>61.9</ele></trkpt><trkpt lat="37.913249" lon="-122.003405"><ele>61.8</ele></trkpt><trkpt lat="37.913249" lon="-122.003458"><ele>61.7</ele></trkpt><trkpt lat="37.913248" lon="-122.003626"><ele>61.4</ele></trkpt><trkpt lat="37.913247" lon="-122.003818"><ele>61.2</ele></trkpt><trkpt lat="37.913246" lon="-122.003902"><ele>61.2</ele></trkpt><trkpt lat="37.913241" lon="-122.004761"><ele>60.6</ele></trkpt><trkpt lat="37.913246" lon="-122.004928"><ele>60.5</ele></trkpt><trkpt lat="37.913259" lon="-122.005064"><ele>60.4</ele></trkpt><trkpt lat="37.913278" lon="-122.005207"><ele>60.2</ele></trkpt><trkpt lat="37.913303" lon="-122.005336"><ele>60.1</ele></trkpt><trkpt lat="37.913334" lon="-122.005458"><ele>60.0</ele></trkpt><trkpt lat="37.913367" lon="-122.005568"><ele>59.9</ele></trkpt><trkpt lat="37.913407" lon="-122.005687"><ele>59.8</ele></trkpt><trkpt lat="37.913447" lon="-122.005798"><ele>59.6</ele></trkpt><trkpt lat="37.913485" lon="-122.005918"><ele>59.4</ele></trkpt><trkpt lat="37.913512" lon="-122.006031"><ele>59.2</ele></trkpt><trkpt lat="37.913529" lon="-122.006137"><ele>59.0</ele></trkpt><trkpt lat="37.913540" lon="-122.006248"><ele>58.8</ele></trkpt><trkpt lat="37.913545" lon="-122.006353"><ele>58.6</ele></trkpt><trkpt lat="37.913544" lon="-122.006606"><ele>58.4</ele></trkpt><trkpt lat="37.913542" lon="-122.007040"><ele>58.2</ele></trkpt><trkpt lat="37.913541" lon="-122.007150"><ele>58.2</ele></trkpt><trkpt lat="37.913605" lon="-122.007174"><ele>58.1</ele></trkpt><trkpt lat="37.913669" lon="-122.007201"><ele>58.1</ele></trkpt><trkpt lat="37.913730" lon="-122.007231"><ele>58.1</ele></trkpt><trkpt lat="37.913803" lon="-122.007273"><ele>58.0</ele></trkpt><trkpt lat="37.913866" lon="-122.007314"><ele>58.0</ele></trkpt><trkpt lat="37.913931" lon="-122.007357"><ele>57.9</ele></trkpt><trkpt lat="37.914002" lon="-122.007410"><ele>57.9</ele></trkpt><trkpt lat="37.914111" lon="-122.007498"><ele>57.9</ele></trkpt><trkpt lat="37.914132" lon="-122.007516"><ele>57.9</ele></trkpt><trkpt lat="37.914184" lon="-122.007562"><ele>57.9</ele></trkpt><trkpt lat="37.914285" lon="-122.007594"><ele>57.9</ele></trkpt><trkpt lat="37.914307" lon="-122.007589"><ele>57.9</ele></trkpt><trkpt lat="37.914332" lon="-122.007591"><ele>57.9</ele></trkpt><trkpt lat="37.914356" lon="-122.007602"><ele>57.9</ele></trkpt><trkpt lat="37.914379" lon="-122.007626"><ele>57.9</ele></trkpt><trkpt lat="37.914394" lon="-122.007655"><ele>57.9</ele></trkpt><trkpt lat="37.914401" lon="-122.007678"><ele>57.9</ele></trkpt><trkpt lat="37.914403" lon="-122.007707"><ele>57.9</ele></trkpt><trkpt lat="37.914399" lon="-122.007734"><ele>57.9</ele></trkpt><trkpt lat="37.914389" lon="-122.007764"><ele>57.9</ele></trkpt><trkpt lat="37.914373" lon="-122.007789"><ele>57.9</ele></trkpt><trkpt lat="37.914356" lon="-122.007804"><ele>57.9</ele></trkpt><trkpt lat="37.914333" lon="-122.007815"><ele>57.9</ele></trkpt><trkpt lat="37.914334" lon="-122.007956"><ele>57.8</ele></trkpt><trkpt lat="37.914337" lon="-122.008487"><ele>57.5</ele></trkpt><trkpt lat="37.914335" lon="-122.008874"><ele>56.9</ele></trkpt><trkpt lat="37.914332" lon="-122.010788"><ele>55.6</ele></trkpt><trkpt lat="37.914346" lon="-122.011677"><ele>54.9</ele></trkpt><trkpt lat="37.914328" lon="-122.011942"><ele>54.9</ele></trkpt><trkpt lat="37.914317" lon="-122.012157"><ele>54.9</ele></trkpt><trkpt lat="37.914319" lon="-122.012286"><ele>54.9</ele></trkpt><trkpt lat="37.914319" lon="-122.012652"><ele>55.1</ele></trkpt><trkpt lat="37.914296" lon="-122.012786"><ele>55.3</ele></trkpt><trkpt lat="37.914303" lon="-122.014608"><ele>55.4</ele></trkpt><trkpt lat="37.914317" lon="-122.015492"><ele>54.9</ele></trkpt><trkpt lat="37.914321" lon="-122.015783"><ele>54.6</ele></trkpt><trkpt lat="37.914328" lon="-122.016258"><ele>53.9</ele></trkpt><trkpt lat="37.914333" lon="-122.016370"><ele>53.7</ele></trkpt><trkpt lat="37.914399" lon="-122.016869"><ele>53.2</ele></trkpt><trkpt lat="37.914442" lon="-122.017149"><ele>53.1</ele></trkpt><trkpt lat="37.914471" lon="-122.017347"><ele>52.9</ele></trkpt><trkpt lat="37.914555" lon="-122.017872"><ele>52.2</ele></trkpt><trkpt lat="37.914637" lon="-122.018395"><ele>51.7</ele></trkpt><trkpt lat="37.914865" lon="-122.019457"><ele>51.0</ele></trkpt><trkpt lat="37.914886" lon="-122.019554"><ele>50.9</ele></trkpt><trkpt lat="37.914909" lon="-122.019697"><ele>50.8</ele></trkpt><trkpt lat="37.915180" lon="-122.021334"><ele>50.6</ele></trkpt><trkpt lat="37.915317" lon="-122.022270"><ele>50.3</ele></trkpt><trkpt lat="37.915395" lon="-122.022823"><ele>49.9</ele></trkpt><trkpt lat="37.915526" lon="-122.023531"><ele>49.4</ele></trkpt><trkpt lat="37.915667" lon="-122.024559"><ele>47.9</ele></trkpt><trkpt lat="37.915745" lon="-122.025078"><ele>47.2</ele></trkpt><trkpt lat="37.915750" lon="-122.025106"><ele>47.1</ele></trkpt><trkpt lat="37.915801" lon="-122.025401"><ele>46.8</ele></trkpt><trkpt lat="37.915811" lon="-122.025495"><ele>46.7</ele></trkpt><trkpt lat="37.915855" lon="-122.025675"><ele>46.6</ele></trkpt><trkpt lat="37.915889" lon="-122.025816"><ele>46.4</ele></trkpt><trkpt lat="37.915941" lon="-122.025926"><ele>46.3</ele></trkpt><trkpt lat="37.915971" lon="-122.026028"><ele>46.1</ele></trkpt><trkpt lat="37.916024" lon="-122.026163"><ele>45.8</ele></trkpt><trkpt lat="37.916751" lon="-122.027354"><ele>44.1</ele></trkpt><trkpt lat="37.916801" lon="-122.027435"><ele>44.0</ele></trkpt><trkpt lat="37.916849" lon="-122.027517"><ele>43.9</ele></trkpt><trkpt lat="37.917651" lon="-122.028885"><ele>42.7</ele></trkpt><trkpt lat="37.918105" lon="-122.029650"><ele>42.7</ele></trkpt><trkpt lat="37.919018" lon="-122.031184"><ele>43.1</ele></trkpt><trkpt lat="37.919182" lon="-122.031455"><ele>42.9</ele></trkpt><trkpt lat="37.919348" lon="-122.031724"><ele>42.8</ele></trkpt><trkpt lat="37.919505" lon="-122.031979"><ele>42.6</ele></trkpt><trkpt lat="37.919701" lon="-122.032316"><ele>42.3</ele></trkpt><trkpt lat="37.920070" lon="-122.032940"><ele>41.6</ele></trkpt><trkpt lat="37.920210" lon="-122.033166"><ele>41.1</ele></trkpt><trkpt lat="37.920282" lon="-122.033295"><ele>40.7</ele></trkpt><trkpt lat="37.920323" lon="-122.033371"><ele>40.5</ele></trkpt><trkpt lat="37.920626" lon="-122.033883"><ele>39.3</ele></trkpt><trkpt lat="37.920745" lon="-122.034100"><ele>38.8</ele></trkpt><trkpt lat="37.920787" lon="-122.034176"><ele>38.7</ele></trkpt><trkpt lat="37.920904" lon="-122.034381"><ele>38.2</ele></trkpt><trkpt lat="37.920951" lon="-122.034460"><ele>38.0</ele></trkpt><trkpt lat="37.921142" lon="-122.034768"><ele>37.4</ele></trkpt><trkpt lat="37.921433" lon="-122.035221"><ele>36.6</ele></trkpt><trkpt lat="37.921664" lon="-122.035508"><ele>36.2</ele></trkpt><trkpt lat="37.922245" lon="-122.036049"><ele>35.4</ele></trkpt><trkpt lat="37.922316" lon="-122.036115"><ele>35.4</ele></trkpt><trkpt lat="37.922604" lon="-122.036377"><ele>35.4</ele></trkpt><trkpt lat="37.922681" lon="-122.036447"><ele>35.4</ele></trkpt><trkpt lat="37.923745" lon="-122.037417"><ele>33.8</ele></trkpt><trkpt lat="37.923767" lon="-122.037437"><ele>33.8</ele></trkpt><trkpt lat="37.924107" lon="-122.037755"><ele>33.1</ele></trkpt><trkpt lat="37.924150" lon="-122.037796"><ele>33.0</ele></trkpt><trkpt lat="37.924226" lon="-122.037863"><ele>32.8</ele></trkpt><trkpt lat="37.925246" lon="-122.038763"><ele>30.6</ele></trkpt><trkpt lat="37.926611" lon="-122.039993"><ele>29.9</ele></trkpt><trkpt lat="37.926942" lon="-122.040335"><ele>29.9</ele></trkpt><trkpt lat="37.927062" lon="-122.040442"><ele>29.9</ele></trkpt><trkpt lat="37.927011" lon="-122.040564"><ele>29.9</ele></trkpt><trkpt lat="37.926930" lon="-122.040721"><ele>29.9</ele></trkpt><trkpt lat="37.926893" lon="-122.040804"><ele>29.9</ele></trkpt><trkpt lat="37.926837" lon="-122.040882"><ele>29.9</ele></trkpt><trkpt lat="37.926790" lon="-122.040936"><ele>29.9</ele></trkpt><trkpt lat="37.926693" lon="-122.040996"><ele>29.9</ele></trkpt><trkpt lat="37.925938" lon="-122.041398"><ele>29.4</ele></trkpt><trkpt lat="37.925837" lon="-122.041501"><ele>29.3</ele></trkpt><trkpt lat="37.925112" lon="-122.043338"><ele>28.7</ele></trkpt><trkpt lat="37.924259" lon="-122.045425"><ele>28.3</ele></trkpt><trkpt lat="37.924251" lon="-122.045442"><ele>28.3</ele></trkpt><trkpt lat="37.923877" lon="-122.046317"><ele>28.3</ele></trkpt><trkpt lat="37.923467" lon="-122.047175"><ele>28.8</ele></trkpt><trkpt lat="37.923352" lon="-122.047407"><ele>29.3</ele></trkpt><trkpt lat="37.923332" lon="-122.047536"><ele>29.5</ele></trkpt><trkpt lat="37.923366" lon="-122.048377"><ele>30.2</ele></trkpt><trkpt lat="37.923417" lon="-122.049613"><ele>30.7</ele></trkpt><trkpt lat="37.923426" lon="-122.049812"><ele>30.8</ele></trkpt><trkpt lat="37.923434" lon="-122.050288"><ele>30.8</ele></trkpt><trkpt lat="37.923416" lon="-122.050412"><ele>30.8</ele></trkpt><trkpt lat="37.923362" lon="-122.050561"><ele>30.7</ele></trkpt><trkpt lat="37.923272" lon="-122.050725"><ele>30.7</ele></trkpt><trkpt lat="37.923168" lon="-122.050893"><ele>30.6</ele></trkpt><trkpt lat="37.923102" lon="-122.051004"><ele>30.5</ele></trkpt><trkpt lat="37.922937" lon="-122.051291"><ele>30.5</ele></trkpt><trkpt lat="37.922625" lon="-122.051802"><ele>30.4</ele></trkpt><trkpt lat="37.922411" lon="-122.052167"><ele>30.2</ele></trkpt><trkpt lat="37.922386" lon="-122.052242"><ele>30.2</ele></trkpt><trkpt lat="37.922377" lon="-122.052293"><ele>30.3</ele></trkpt><trkpt lat="37.922378" lon="-122.052395"><ele>30.3</ele></trkpt><trkpt lat="37.922468" lon="-122.052991"><ele>30.5</ele></trkpt><trkpt lat="37.922472" lon="-122.053046"><ele>30.5</ele></trkpt><trkpt lat="37.922473" lon="-122.053086"><ele>30.5</ele></trkpt><trkpt lat="37.922513" lon="-122.053401"><ele>30.5</ele></trkpt><trkpt lat="37.922557" lon="-122.053696"><ele>30.6</ele></trkpt><trkpt lat="37.922655" lon="-122.054789"><ele>31.1</ele></trkpt><trkpt lat="37.922712" lon="-122.055280"><ele>31.9</ele></trkpt><trkpt lat="37.922713" lon="-122.055295"><ele>32.0</ele></trkpt><trkpt lat="37.922716" lon="-122.055324"><ele>32.0</ele></trkpt><trkpt lat="37.922726" lon="-122.055410"><ele>32.2</ele></trkpt><trkpt lat="37.922744" lon="-122.055581"><ele>32.4</ele></trkpt><trkpt lat="37.922745" lon="-122.055637"><ele>32.4</ele></trkpt><trkpt lat="37.922737" lon="-122.055694"><ele>32.5</ele></trkpt><trkpt lat="37.922718" lon="-122.055775"><ele>32.6</ele></trkpt><trkpt lat="37.922698" lon="-122.055827"><ele>32.6</ele></trkpt><trkpt lat="37.922676" lon="-122.055871"><ele>32.7</ele></trkpt><trkpt lat="37.922484" lon="-122.056131"><ele>32.9</ele></trkpt><trkpt lat="37.922457" lon="-122.056168"><ele>32.9</ele></trkpt><trkpt lat="37.922001" lon="-122.056817"><ele>32.5</ele></trkpt><trkpt lat="37.921962" lon="-122.056922"><ele>32.4</ele></trkpt><trkpt lat="37.921943" lon="-122.056996"><ele>32.4</ele></trkpt><trkpt lat="37.921933" lon="-122.057140"><ele>32.3</ele></trkpt><trkpt lat="37.921942" lon="-122.058091"><ele>31.6</ele></trkpt><trkpt lat="37.921938" lon="-122.058113"><ele>31.6</ele></trkpt><trkpt lat="37.921913" lon="-122.058259"><ele>31.5</ele></trkpt><trkpt lat="37.921885" lon="-122.058402"><ele>31.4</ele></trkpt><trkpt lat="37.921766" lon="-122.058920"><ele>30.8</ele></trkpt><trkpt lat="37.921754" lon="-122.059010"><ele>30.7</ele></trkpt><trkpt lat="37.921755" lon="-122.059583"><ele>30.5</ele></trkpt><trkpt lat="37.921759" lon="-122.060336"><ele>30.7</ele></trkpt><trkpt lat="37.921771" lon="-122.060653"><ele>30.8</ele></trkpt><trkpt lat="37.921777" lon="-122.060687"><ele>30.8</ele></trkpt><trkpt lat="37.921785" lon="-122.060735"><ele>30.8</ele></trkpt><trkpt lat="37.921646" lon="-122.060790"><ele>30.8</ele></trkpt><trkpt lat="37.921564" lon="-122.060820"><ele>30.8</ele></trkpt><trkpt lat="37.921464" lon="-122.060858"><ele>30.8</ele></trkpt><trkpt lat="37.921224" lon="-122.060949"><ele>30.7</ele></trkpt><trkpt lat="37.920459" lon="-122.061240"><ele>30.5</ele></trkpt><trkpt lat="37.920038" lon="-122.061425"><ele>30.5</ele></trkpt><trkpt lat="37.919806" lon="-122.061540"><ele>30.4</ele></trkpt><trkpt lat="37.919216" lon="-122.061833"><ele>29.8</ele></trkpt><trkpt lat="37.918518" lon="-122.062182"><ele>29.6</ele></trkpt><trkpt lat="37.918322" lon="-122.062282"><ele>29.6</ele></trkpt><trkpt lat="37.917262" lon="-122.062798"><ele>30.6</ele></trkpt><trkpt lat="37.916792" lon="-122.062985"><ele>31.7</ele></trkpt><trkpt lat="37.915959" lon="-122.063212"><ele>33.8</ele></trkpt><trkpt lat="37.915492" lon="-122.063295"><ele>35.0</ele></trkpt><trkpt lat="37.914843" lon="-122.063367"><ele>36.7</ele></trkpt><trkpt lat="37.914325" lon="-122.063397"><ele>37.8</ele></trkpt><trkpt lat="37.913344" lon="-122.063490"><ele>40.5</ele></trkpt><trkpt lat="37.912574" lon="-122.063566"><ele>41.7</ele></trkpt><trkpt lat="37.911911" lon="-122.063710"><ele>42.1</ele></trkpt><trkpt lat="37.911901" lon="-122.063711"><ele>42.1</ele></trkpt><trkpt lat="37.911833" lon="-122.063728"><ele>42.2</ele></trkpt><trkpt lat="37.911887" lon="-122.064036"><ele>42.5</ele></trkpt><trkpt lat="37.911905" lon="-122.064138"><ele>42.6</ele></trkpt><trkpt lat="37.911966" lon="-122.064419"><ele>42.7</ele></trkpt><trkpt lat="37.912022" lon="-122.064756"><ele>42.7</ele></trkpt><trkpt lat="37.912044" lon="-122.064887"><ele>42.7</ele></trkpt><trkpt lat="37.912062" lon="-122.065112"><ele>42.7</ele></trkpt><trkpt lat="37.912067" lon="-122.065281"><ele>42.7</ele></trkpt><trkpt lat="37.912063" lon="-122.065370"><ele>42.7</ele></trkpt><trkpt lat="37.912036" lon="-122.065536"><ele>42.7</ele></trkpt><trkpt lat="37.911894" lon="-122.065534"><ele>42.9</ele></trkpt><trkpt lat="37.911816" lon="-122.065527"><ele>43.1</ele></trkpt><trkpt lat="37.911652" lon="-122.065514"><ele>43.5</ele></trkpt><trkpt lat="37.911405" lon="-122.065493"><ele>44.0</ele></trkpt><trkpt lat="37.911309" lon="-122.065485"><ele>44.1</ele></trkpt><trkpt lat="37.911156" lon="-122.065473"><ele>44.2</ele></trkpt><trkpt lat="37.911121" lon="-122.065471"><ele>44.3</ele></trkpt><trkpt lat="37.910894" lon="-122.065458"><ele>44.6</ele></trkpt><trkpt lat="37.910636" lon="-122.065423"><ele>45.2</ele></trkpt><trkpt lat="37.910544" lon="-122.065410"><ele>45.4</ele></trkpt><trkpt lat="37.910376" lon="-122.065382"><ele>45.8</ele></trkpt><trkpt lat="37.910306" lon="-122.065371"><ele>46.0</ele></trkpt><trkpt lat="37.910155" lon="-122.065347"><ele>46.5</ele></trkpt><trkpt lat="37.910134" lon="-122.065343"><ele>46.6</ele></trkpt><trkpt lat="37.910048" lon="-122.065330"><ele>46.9</ele></trkpt><trkpt lat="37.909921" lon="-122.065311"><ele>47.3</ele></trkpt><trkpt lat="37.909894" lon="-122.065306"><ele>47.4</ele></trkpt><trkpt lat="37.909460" lon="-122.065341"><ele>48.4</ele></trkpt><trkpt lat="37.909435" lon="-122.065356"><ele>48.5</ele></trkpt><trkpt lat="37.908802" lon="-122.065682"><ele>50.3</ele></trkpt><trkpt lat="37.908520" lon="-122.065854"><ele>51.4</ele></trkpt><trkpt lat="37.908475" lon="-122.065882"><ele>51.6</ele></trkpt><trkpt lat="37.908229" lon="-122.066038"><ele>52.3</ele></trkpt><trkpt lat="37.907976" lon="-122.066237"><ele>52.6</ele></trkpt><trkpt lat="37.907807" lon="-122.066370"><ele>52.8</ele></trkpt><trkpt lat="37.907769" lon="-122.066399"><ele>52.8</ele></trkpt><trkpt lat="37.907669" lon="-122.066451"><ele>52.9</ele></trkpt><trkpt lat="37.907550" lon="-122.066478"><ele>52.9</ele></trkpt><trkpt lat="37.907530" lon="-122.066481"><ele>52.9</ele></trkpt><trkpt lat="37.907122" lon="-122.066496"><ele>53.3</ele></trkpt><trkpt lat="37.906927" lon="-122.066491"><ele>53.5</ele></trkpt><trkpt lat="37.906925" lon="-122.066591"><ele>53.6</ele></trkpt><trkpt lat="37.906922" lon="-122.066698"><ele>53.6</ele></trkpt><trkpt lat="37.906918" lon="-122.066746"><ele>53.6</ele></trkpt><trkpt lat="37.906909" lon="-122.066793"><ele>53.6</ele></trkpt><trkpt lat="37.906877" lon="-122.066859"><ele>53.6</ele></trkpt><trkpt lat="37.906833" lon="-122.066909"><ele>53.6</ele></trkpt><trkpt lat="37.906636" lon="-122.067032"><ele>53.6</ele></trkpt><trkpt lat="37.906379" lon="-122.067184"><ele>53.5</ele></trkpt><trkpt lat="37.906317" lon="-122.067221"><ele>53.5</ele></trkpt><trkpt lat="37.906344" lon="-122.067297"><ele>53.5</ele></trkpt><trkpt lat="37.906296" lon="-122.067327"><ele>53.4</ele></trkpt><trkpt lat="37.906287" lon="-122.067333"><ele>53.4</ele></trkpt><trkpt lat="37.906268" lon="-122.067283"><ele>53.4</ele></trkpt><trkpt lat="37.906161" lon="-122.067043"><ele>53.4</ele></trkpt><trkpt lat="37.906141" lon="-122.067009"><ele>53.4</ele></trkpt><trkpt lat="37.906124" lon="-122.066999"><ele>53.4</ele></trkpt><trkpt lat="37.906094" lon="-122.066991"><ele>53.5</ele></trkpt><trkpt lat="37.906057" lon="-122.067004"><ele>53.5</ele></trkpt><trkpt lat="37.905801" lon="-122.067156"><ele>53.6</ele></trkpt><trkpt lat="37.905725" lon="-122.067208"><ele>53.6</ele></trkpt><trkpt lat="37.905690" lon="-122.067227"><ele>53.6</ele></trkpt><trkpt lat="37.905645" lon="-122.067233"><ele>53.6</ele></trkpt><trkpt lat="37.905612" lon="-122.067223"><ele>53.6</ele></trkpt><trkpt lat="37.905595" lon="-122.067218"><ele>53.6</ele></trkpt><trkpt lat="37.905591" lon="-122.067214"><ele>53.6</ele></trkpt></trkseg></trk>
</gpx>