<?xml version="1.0" encoding="UTF-8"?>
<gpx version="1.1" creator="north-bay-planning" xmlns="http://www.topografix.com/GPX/1/1">
<metadata><name>Mount Tam by the ferries overnight day 1</name><desc>Day 1 Richmond to Pantoll</desc></metadata>
<wpt lat="37.903820" lon="-122.603640"><name>Pantoll hike-and-bike</name><desc>Walk-up, about $7 per person.</desc></wpt>
<trk><name>Day 1 Richmond to Pantoll</name><trkseg><trkpt lat="37.936831" lon="-122.353600"><ele>12.8</ele></trkpt><trkpt lat="37.936830" lon="-122.353780"><ele>12.9</ele></trkpt><trkpt lat="37.936899" lon="-122.354163"><ele>13.1</ele></trkpt><trkpt lat="37.936887" lon="-122.354187"><ele>13.1</ele></trkpt><trkpt lat="37.936838" lon="-122.354281"><ele>13.1</ele></trkpt><trkpt lat="37.936838" lon="-122.354406"><ele>13.2</ele></trkpt><trkpt lat="37.936836" lon="-122.355227"><ele>13.7</ele></trkpt><trkpt lat="37.936847" lon="-122.356198"><ele>14.3</ele></trkpt><trkpt lat="37.936883" lon="-122.356199"><ele>14.3</ele></trkpt><trkpt lat="37.936937" lon="-122.356200"><ele>14.3</ele></trkpt><trkpt lat="37.937112" lon="-122.356201"><ele>14.3</ele></trkpt><trkpt lat="37.937585" lon="-122.356206"><ele>14.2</ele></trkpt><trkpt lat="37.938018" lon="-122.356200"><ele>13.7</ele></trkpt><trkpt lat="37.938286" lon="-122.356196"><ele>13.3</ele></trkpt><trkpt lat="37.938362" lon="-122.356195"><ele>13.1</ele></trkpt><trkpt lat="37.938508" lon="-122.356191"><ele>12.9</ele></trkpt><trkpt lat="37.938508" lon="-122.356313"><ele>12.7</ele></trkpt><trkpt lat="37.938508" lon="-122.357008"><ele>11.8</ele></trkpt><trkpt lat="37.938508" lon="-122.357122"><ele>11.7</ele></trkpt><trkpt lat="37.938886" lon="-122.357123"><ele>11.3</ele></trkpt><trkpt lat="37.939510" lon="-122.357131"><ele>10.7</ele></trkpt><trkpt lat="37.939967" lon="-122.357136"><ele>10.7</ele></trkpt><trkpt lat="37.939970" lon="-122.358086"><ele>10.0</ele></trkpt><trkpt lat="37.939967" lon="-122.359044"><ele>9.3</ele></trkpt><trkpt lat="37.939965" lon="-122.359705"><ele>8.9</ele></trkpt><trkpt lat="37.939965" lon="-122.359888"><ele>8.8</ele></trkpt><trkpt lat="37.939967" lon="-122.359904"><ele>8.8</ele></trkpt><trkpt lat="37.939989" lon="-122.359987"><ele>8.8</ele></trkpt><trkpt lat="37.940020" lon="-122.360085"><ele>8.7</ele></trkpt><trkpt lat="37.940316" lon="-122.360714"><ele>8.1</ele></trkpt><trkpt lat="37.940332" lon="-122.360797"><ele>8.1</ele></trkpt><trkpt lat="37.940348" lon="-122.360879"><ele>8.0</ele></trkpt><trkpt lat="37.940354" lon="-122.360961"><ele>8.0</ele></trkpt><trkpt lat="37.940357" lon="-122.360997"><ele>8.0</ele></trkpt><trkpt lat="37.940355" lon="-122.361708"><ele>7.4</ele></trkpt><trkpt lat="37.940356" lon="-122.361798"><ele>7.3</ele></trkpt><trkpt lat="37.940356" lon="-122.361888"><ele>7.3</ele></trkpt><trkpt lat="37.940357" lon="-122.362756"><ele>7.2</ele></trkpt><trkpt lat="37.941010" lon="-122.362758"><ele>7.0</ele></trkpt><trkpt lat="37.941084" lon="-122.362758"><ele>7.0</ele></trkpt><trkpt lat="37.941156" lon="-122.362758"><ele>7.0</ele></trkpt><trkpt lat="37.941463" lon="-122.362756"><ele>7.0</ele></trkpt><trkpt lat="37.941559" lon="-122.362715"><ele>7.0</ele></trkpt><trkpt lat="37.941723" lon="-122.362641"><ele>7.0</ele></trkpt><trkpt lat="37.941762" lon="-122.362623"><ele>7.0</ele></trkpt><trkpt lat="37.941837" lon="-122.362619"><ele>7.0</ele></trkpt><trkpt lat="37.942384" lon="-122.362620"><ele>7.0</ele></trkpt><trkpt lat="37.942500" lon="-122.362617"><ele>7.0</ele></trkpt><trkpt lat="37.942556" lon="-122.362616"><ele>7.0</ele></trkpt><trkpt lat="37.942630" lon="-122.362617"><ele>7.0</ele></trkpt><trkpt lat="37.942706" lon="-122.362618"><ele>7.0</ele></trkpt><trkpt lat="37.942725" lon="-122.362618"><ele>7.0</ele></trkpt><trkpt lat="37.942903" lon="-122.362621"><ele>7.0</ele></trkpt><trkpt lat="37.944158" lon="-122.362613"><ele>7.3</ele></trkpt><trkpt lat="37.944286" lon="-122.362638"><ele>7.3</ele></trkpt><trkpt lat="37.944445" lon="-122.362670"><ele>7.3</ele></trkpt><trkpt lat="37.944585" lon="-122.362715"><ele>7.4</ele></trkpt><trkpt lat="37.944669" lon="-122.362743"><ele>7.5</ele></trkpt><trkpt lat="37.946044" lon="-122.362724"><ele>8.5</ele></trkpt><trkpt lat="37.946149" lon="-122.362723"><ele>8.5</ele></trkpt><trkpt lat="37.946273" lon="-122.362723"><ele>8.5</ele></trkpt><trkpt lat="37.947022" lon="-122.362721"><ele>8.3</ele></trkpt><trkpt lat="37.947198" lon="-122.362730"><ele>8.2</ele></trkpt><trkpt lat="37.947327" lon="-122.362807"><ele>8.1</ele></trkpt><trkpt lat="37.947428" lon="-122.362901"><ele>7.9</ele></trkpt><trkpt lat="37.947530" lon="-122.363047"><ele>7.7</ele></trkpt><trkpt lat="37.947793" lon="-122.363539"><ele>7.2</ele></trkpt><trkpt lat="37.948167" lon="-122.364241"><ele>6.7</ele></trkpt><trkpt lat="37.947715" lon="-122.364718"><ele>6.4</ele></trkpt><trkpt lat="37.947599" lon="-122.364840"><ele>6.4</ele></trkpt><trkpt lat="37.947510" lon="-122.364934"><ele>6.4</ele></trkpt><trkpt lat="37.947400" lon="-122.365050"><ele>6.4</ele></trkpt><trkpt lat="37.947164" lon="-122.365300"><ele>6.4</ele></trkpt><trkpt lat="37.946875" lon="-122.365604"><ele>6.4</ele></trkpt><trkpt lat="37.946654" lon="-122.365837"><ele>6.4</ele></trkpt><trkpt lat="37.946572" lon="-122.365924"><ele>6.4</ele></trkpt><trkpt lat="37.946508" lon="-122.365991"><ele>6.4</ele></trkpt><trkpt lat="37.946406" lon="-122.366086"><ele>6.4</ele></trkpt><trkpt lat="37.946303" lon="-122.366189"><ele>6.3</ele></trkpt><trkpt lat="37.946058" lon="-122.366437"><ele>6.1</ele></trkpt><trkpt lat="37.946004" lon="-122.366491"><ele>6.1</ele></trkpt><trkpt lat="37.945885" lon="-122.366611"><ele>6.0</ele></trkpt><trkpt lat="37.945554" lon="-122.366944"><ele>5.8</ele></trkpt><trkpt lat="37.945472" lon="-122.367055"><ele>5.7</ele></trkpt><trkpt lat="37.945418" lon="-122.367210"><ele>5.6</ele></trkpt><trkpt lat="37.945398" lon="-122.367433"><ele>5.5</ele></trkpt><trkpt lat="37.945474" lon="-122.368110"><ele>5.2</ele></trkpt><trkpt lat="37.945477" lon="-122.368140"><ele>5.2</ele></trkpt><trkpt lat="37.945511" lon="-122.368439"><ele>4.9</ele></trkpt><trkpt lat="37.945540" lon="-122.368701"><ele>4.7</ele></trkpt><trkpt lat="37.945577" lon="-122.369024"><ele>4.5</ele></trkpt><trkpt lat="37.945587" lon="-122.369117"><ele>4.4</ele></trkpt><trkpt lat="37.945607" lon="-122.369293"><ele>4.4</ele></trkpt><trkpt lat="37.945674" lon="-122.369892"><ele>4.1</ele></trkpt><trkpt lat="37.945683" lon="-122.369975"><ele>4.1</ele></trkpt><trkpt lat="37.945717" lon="-122.370271"><ele>3.9</ele></trkpt><trkpt lat="37.945730" lon="-122.370386"><ele>3.9</ele></trkpt><trkpt lat="37.945781" lon="-122.370625"><ele>3.8</ele></trkpt><trkpt lat="37.945870" lon="-122.370823"><ele>3.7</ele></trkpt><trkpt lat="37.945995" lon="-122.371001"><ele>3.6</ele></trkpt><trkpt lat="37.946132" lon="-122.371110"><ele>3.5</ele></trkpt><trkpt lat="37.946267" lon="-122.371184"><ele>3.4</ele></trkpt><trkpt lat="37.946411" lon="-122.371248"><ele>3.4</ele></trkpt><trkpt lat="37.946500" lon="-122.371283"><ele>3.5</ele></trkpt><trkpt lat="37.946699" lon="-122.371401"><ele>3.6</ele></trkpt><trkpt lat="37.946860" lon="-122.371556"><ele>3.7</ele></trkpt><trkpt lat="37.946946" lon="-122.371654"><ele>3.7</ele></trkpt><trkpt lat="37.947024" lon="-122.371792"><ele>3.7</ele></trkpt><trkpt lat="37.946414" lon="-122.372301"><ele>3.7</ele></trkpt><trkpt lat="37.944375" lon="-122.373739"><ele>2.7</ele></trkpt><trkpt lat="37.942377" lon="-122.375185"><ele>2.0</ele></trkpt><trkpt lat="37.941921" lon="-122.375527"><ele>2.1</ele></trkpt><trkpt lat="37.941717" lon="-122.375668"><ele>2.1</ele></trkpt><trkpt lat="37.940939" lon="-122.376226"><ele>2.6</ele></trkpt><trkpt lat="37.939509" lon="-122.377145"><ele>3.5</ele></trkpt><trkpt lat="37.938968" lon="-122.377502"><ele>3.7</ele></trkpt><trkpt lat="37.938988" lon="-122.377662"><ele>3.7</ele></trkpt><trkpt lat="37.938966" lon="-122.377751"><ele>3.7</ele></trkpt><trkpt lat="37.938873" lon="-122.377832"><ele>3.7</ele></trkpt><trkpt lat="37.938807" lon="-122.377929"><ele>3.7</ele></trkpt><trkpt lat="37.938568" lon="-122.378113"><ele>3.7</ele></trkpt><trkpt lat="37.938460" lon="-122.378214"><ele>3.7</ele></trkpt><trkpt lat="37.938270" lon="-122.378381"><ele>3.7</ele></trkpt><trkpt lat="37.938078" lon="-122.378537"><ele>3.7</ele></trkpt><trkpt lat="37.937911" lon="-122.378653"><ele>3.7</ele></trkpt><trkpt lat="37.937772" lon="-122.378759"><ele>3.7</ele></trkpt><trkpt lat="37.937675" lon="-122.378772"><ele>3.7</ele></trkpt><trkpt lat="37.937636" lon="-122.378831"><ele>3.7</ele></trkpt><trkpt lat="37.937612" lon="-122.378898"><ele>3.7</ele></trkpt><trkpt lat="37.937600" lon="-122.379034"><ele>3.7</ele></trkpt><trkpt lat="37.937588" lon="-122.379529"><ele>3.7</ele></trkpt><trkpt lat="37.937585" lon="-122.379624"><ele>3.7</ele></trkpt><trkpt lat="37.937573" lon="-122.379734"><ele>3.7</ele></trkpt><trkpt lat="37.937486" lon="-122.379913"><ele>3.8</ele></trkpt><trkpt lat="37.937379" lon="-122.380058"><ele>3.9</ele></trkpt><trkpt lat="37.937319" lon="-122.380056"><ele>4.0</ele></trkpt><trkpt lat="37.937230" lon="-122.380055"><ele>4.1</ele></trkpt><trkpt lat="37.937108" lon="-122.380050"><ele>4.2</ele></trkpt><trkpt lat="37.937188" lon="-122.380187"><ele>4.3</ele></trkpt><trkpt lat="37.937221" lon="-122.380233"><ele>4.4</ele></trkpt><trkpt lat="37.937228" lon="-122.380514"><ele>4.7</ele></trkpt><trkpt lat="37.937223" lon="-122.380821"><ele>4.9</ele></trkpt><trkpt lat="37.937202" lon="-122.381185"><ele>5.1</ele></trkpt><trkpt lat="37.937200" lon="-122.381478"><ele>5.0</ele></trkpt><trkpt lat="37.937200" lon="-122.381538"><ele>5.0</ele></trkpt><trkpt lat="37.937189" lon="-122.381790"><ele>4.9</ele></trkpt><trkpt lat="37.937216" lon="-122.381873"><ele>4.8</ele></trkpt><trkpt lat="37.937250" lon="-122.381873"><ele>4.7</ele></trkpt><trkpt lat="37.937288" lon="-122.381870"><ele>4.7</ele></trkpt><trkpt lat="37.937363" lon="-122.381870"><ele>4.6</ele></trkpt><trkpt lat="37.937408" lon="-122.381861"><ele>4.6</ele></trkpt><trkpt lat="37.937379" lon="-122.382778"><ele>3.8</ele></trkpt><trkpt lat="37.937367" lon="-122.383555"><ele>3.1</ele></trkpt><trkpt lat="37.937333" lon="-122.384387"><ele>2.1</ele></trkpt><trkpt lat="37.937302" lon="-122.384926"><ele>2.1</ele></trkpt><trkpt lat="37.937570" lon="-122.384941"><ele>2.1</ele></trkpt><trkpt lat="37.937302" lon="-122.384926"><ele>2.1</ele></trkpt><trkpt lat="37.937333" lon="-122.384387"><ele>2.1</ele></trkpt><trkpt lat="37.937367" lon="-122.383555"><ele>3.0</ele></trkpt><trkpt lat="37.937379" lon="-122.382778"><ele>3.7</ele></trkpt><trkpt lat="37.937408" lon="-122.381861"><ele>4.6</ele></trkpt><trkpt lat="37.937363" lon="-122.381870"><ele>4.6</ele></trkpt><trkpt lat="37.937288" lon="-122.381870"><ele>4.7</ele></trkpt><trkpt lat="37.937250" lon="-122.381873"><ele>4.7</ele></trkpt><trkpt lat="37.937216" lon="-122.381873"><ele>4.8</ele></trkpt><trkpt lat="37.937189" lon="-122.381790"><ele>4.9</ele></trkpt><trkpt lat="37.937200" lon="-122.381538"><ele>5.0</ele></trkpt><trkpt lat="37.937200" lon="-122.381478"><ele>5.0</ele></trkpt><trkpt lat="37.937202" lon="-122.381185"><ele>5.1</ele></trkpt><trkpt lat="37.937223" lon="-122.380821"><ele>4.9</ele></trkpt><trkpt lat="37.937228" lon="-122.380514"><ele>4.4</ele></trkpt><trkpt lat="37.937221" lon="-122.380233"><ele>4.1</ele></trkpt><trkpt lat="37.937188" lon="-122.380187"><ele>4.1</ele></trkpt><trkpt lat="37.937108" lon="-122.380050"><ele>3.9</ele></trkpt><trkpt lat="37.936802" lon="-122.380055"><ele>3.6</ele></trkpt><trkpt lat="37.936726" lon="-122.380052"><ele>3.5</ele></trkpt><trkpt lat="37.936549" lon="-122.380092"><ele>3.3</ele></trkpt><trkpt lat="37.936336" lon="-122.380226"><ele>3.0</ele></trkpt><trkpt lat="37.935562" lon="-122.380748"><ele>2.5</ele></trkpt><trkpt lat="37.934410" lon="-122.381510"><ele>2.4</ele></trkpt><trkpt lat="37.934213" lon="-122.381645"><ele>2.4</ele></trkpt><trkpt lat="37.933999" lon="-122.381140"><ele>2.3</ele></trkpt><trkpt lat="37.933754" lon="-122.381349"><ele>2.2</ele></trkpt><trkpt lat="37.933064" lon="-122.381973"><ele>2.1</ele></trkpt><trkpt lat="37.932267" lon="-122.382691"><ele>2.1</ele></trkpt><trkpt lat="37.931577" lon="-122.383316"><ele>2.4</ele></trkpt><trkpt lat="37.931471" lon="-122.383411"><ele>2.4</ele></trkpt><trkpt lat="37.931366" lon="-122.383509"><ele>2.5</ele></trkpt><trkpt lat="37.931311" lon="-122.383563"><ele>2.6</ele></trkpt><trkpt lat="37.931263" lon="-122.383609"><ele>2.6</ele></trkpt><trkpt lat="37.931203" lon="-122.383673"><ele>2.6</ele></trkpt><trkpt lat="37.931151" lon="-122.383732"><ele>2.7</ele></trkpt><trkpt lat="37.931098" lon="-122.383797"><ele>2.7</ele></trkpt><trkpt lat="37.931049" lon="-122.383864"><ele>2.8</ele></trkpt><trkpt lat="37.930699" lon="-122.384360"><ele>3.1</ele></trkpt><trkpt lat="37.930236" lon="-122.385016"><ele>3.8</ele></trkpt><trkpt lat="37.930131" lon="-122.385177"><ele>4.0</ele></trkpt><trkpt lat="37.930050" lon="-122.385292"><ele>4.2</ele></trkpt><trkpt lat="37.929803" lon="-122.385653"><ele>4.6</ele></trkpt><trkpt lat="37.929698" lon="-122.385803"><ele>4.8</ele></trkpt><trkpt lat="37.929591" lon="-122.385950"><ele>4.9</ele></trkpt><trkpt lat="37.929547" lon="-122.386008"><ele>4.9</ele></trkpt><trkpt lat="37.929431" lon="-122.386176"><ele>5.0</ele></trkpt><trkpt lat="37.929424" lon="-122.386186"><ele>5.1</ele></trkpt><trkpt lat="37.929309" lon="-122.386351"><ele>5.2</ele></trkpt><trkpt lat="37.929241" lon="-122.386470"><ele>5.3</ele></trkpt><trkpt lat="37.929197" lon="-122.386585"><ele>5.5</ele></trkpt><trkpt lat="37.929167" lon="-122.386699"><ele>5.6</ele></trkpt><trkpt lat="37.929146" lon="-122.386826"><ele>5.8</ele></trkpt><trkpt lat="37.929115" lon="-122.386974"><ele>6.0</ele></trkpt><trkpt lat="37.929090" lon="-122.387046"><ele>6.1</ele></trkpt><trkpt lat="37.929052" lon="-122.387107"><ele>6.3</ele></trkpt><trkpt lat="37.929017" lon="-122.387143"><ele>6.4</ele></trkpt><trkpt lat="37.928964" lon="-122.387153"><ele>6.5</ele></trkpt><trkpt lat="37.928820" lon="-122.387188"><ele>6.8</ele></trkpt><trkpt lat="37.928745" lon="-122.387160"><ele>7.0</ele></trkpt><trkpt lat="37.928791" lon="-122.387386"><ele>7.5</ele></trkpt><trkpt lat="37.928834" lon="-122.387372"><ele>7.7</ele></trkpt><trkpt lat="37.928839" lon="-122.387371"><ele>7.7</ele></trkpt><trkpt lat="37.928885" lon="-122.387373"><ele>7.9</ele></trkpt><trkpt lat="37.928921" lon="-122.387413"><ele>8.1</ele></trkpt><trkpt lat="37.928963" lon="-122.387489"><ele>8.4</ele></trkpt><trkpt lat="37.929139" lon="-122.387870"><ele>9.9</ele></trkpt><trkpt lat="37.929282" lon="-122.388198"><ele>10.6</ele></trkpt><trkpt lat="37.929484" lon="-122.388677"><ele>11.5</ele></trkpt><trkpt lat="37.929623" lon="-122.389053"><ele>12.2</ele></trkpt><trkpt lat="37.929705" lon="-122.389342"><ele>12.5</ele></trkpt><trkpt lat="37.929754" lon="-122.389617"><ele>12.7</ele></trkpt><trkpt lat="37.929780" lon="-122.389887"><ele>12.9</ele></trkpt><trkpt lat="37.929796" lon="-122.390222"><ele>13.0</ele></trkpt><trkpt lat="37.929817" lon="-122.390740"><ele>12.4</ele></trkpt><trkpt lat="37.929825" lon="-122.390854"><ele>12.2</ele></trkpt><trkpt lat="37.929831" lon="-122.391003"><ele>11.9</ele></trkpt><trkpt lat="37.929840" lon="-122.391123"><ele>11.7</ele></trkpt><trkpt lat="37.929891" lon="-122.391282"><ele>11.4</ele></trkpt><trkpt lat="37.930075" lon="-122.391683"><ele>10.6</ele></trkpt><trkpt lat="37.930208" lon="-122.392024"><ele>10.1</ele></trkpt><trkpt lat="37.930228" lon="-122.392085"><ele>10.0</ele></trkpt><trkpt lat="37.930287" lon="-122.392109"><ele>9.9</ele></trkpt><trkpt lat="37.930366" lon="-122.392074"><ele>9.8</ele></trkpt><trkpt lat="37.930467" lon="-122.392031"><ele>9.6</ele></trkpt><trkpt lat="37.931090" lon="-122.391703"><ele>9.0</ele></trkpt><trkpt lat="37.931398" lon="-122.391640"><ele>9.1</ele></trkpt><trkpt lat="37.931490" lon="-122.391660"><ele>9.3</ele></trkpt><trkpt lat="37.931525" lon="-122.391671"><ele>9.4</ele></trkpt><trkpt lat="37.931562" lon="-122.391688"><ele>9.5</ele></trkpt><trkpt lat="37.931592" lon="-122.391713"><ele>9.6</ele></trkpt><trkpt lat="37.931616" lon="-122.391742"><ele>9.7</ele></trkpt><trkpt lat="37.931636" lon="-122.391778"><ele>9.7</ele></trkpt><trkpt lat="37.931651" lon="-122.391818"><ele>9.8</ele></trkpt><trkpt lat="37.931659" lon="-122.391860"><ele>9.9</ele></trkpt><trkpt lat="37.931662" lon="-122.391902"><ele>10.0</ele></trkpt><trkpt lat="37.931664" lon="-122.392002"><ele>10.2</ele></trkpt><trkpt lat="37.931666" lon="-122.392121"><ele>10.4</ele></trkpt><trkpt lat="37.931669" lon="-122.392172"><ele>10.6</ele></trkpt><trkpt lat="37.931676" lon="-122.392206"><ele>10.7</ele></trkpt><trkpt lat="37.932047" lon="-122.393005"><ele>14.0</ele></trkpt><trkpt lat="37.932337" lon="-122.393678"><ele>16.7</ele></trkpt><trkpt lat="37.932461" lon="-122.394040"><ele>17.9</ele></trkpt><trkpt lat="37.932606" lon="-122.394543"><ele>18.9</ele></trkpt><trkpt lat="37.932692" lon="-122.395052"><ele>19.6</ele></trkpt><trkpt lat="37.932762" lon="-122.395458"><ele>19.8</ele></trkpt><trkpt lat="37.932787" lon="-122.395941"><ele>20.0</ele></trkpt><trkpt lat="37.932785" lon="-122.396426"><ele>23.5</ele></trkpt><trkpt lat="37.932759" lon="-122.396821"><ele>25.1</ele></trkpt><trkpt lat="37.932721" lon="-122.397151"><ele>25.7</ele></trkpt><trkpt lat="37.932662" lon="-122.397478"><ele>25.3</ele></trkpt><trkpt lat="37.932568" lon="-122.397894"><ele>24.2</ele></trkpt><trkpt lat="37.932448" lon="-122.398370"><ele>22.8</ele></trkpt><trkpt lat="37.932340" lon="-122.398828"><ele>21.8</ele></trkpt><trkpt lat="37.932267" lon="-122.399162"><ele>21.2</ele></trkpt><trkpt lat="37.932220" lon="-122.399449"><ele>19.0</ele></trkpt><trkpt lat="37.932183" lon="-122.399821"><ele>15.5</ele></trkpt><trkpt lat="37.932177" lon="-122.399881"><ele>14.9</ele></trkpt><trkpt lat="37.932177" lon="-122.399963"><ele>14.4</ele></trkpt><trkpt lat="37.932182" lon="-122.400052"><ele>14.1</ele></trkpt><trkpt lat="37.932192" lon="-122.400159"><ele>13.8</ele></trkpt><trkpt lat="37.932208" lon="-122.400260"><ele>13.4</ele></trkpt><trkpt lat="37.932219" lon="-122.400321"><ele>13.2</ele></trkpt><trkpt lat="37.932236" lon="-122.400395"><ele>12.9</ele></trkpt><trkpt lat="37.932247" lon="-122.400466"><ele>12.7</ele></trkpt><trkpt lat="37.932258" lon="-122.400606"><ele>12.2</ele></trkpt><trkpt lat="37.932285" lon="-122.400959"><ele>12.7</ele></trkpt><trkpt lat="37.932301" lon="-122.401093"><ele>12.9</ele></trkpt><trkpt lat="37.932320" lon="-122.401203"><ele>13.0</ele></trkpt><trkpt lat="37.932347" lon="-122.401309"><ele>13.1</ele></trkpt><trkpt lat="37.932380" lon="-122.401389"><ele>13.2</ele></trkpt><trkpt lat="37.932409" lon="-122.401466"><ele>13.3</ele></trkpt><trkpt lat="37.932420" lon="-122.401506"><ele>13.3</ele></trkpt><trkpt lat="37.932430" lon="-122.401551"><ele>13.4</ele></trkpt><trkpt lat="37.932447" lon="-122.401595"><ele>13.4</ele></trkpt><trkpt lat="37.932494" lon="-122.401690"><ele>13.5</ele></trkpt><trkpt lat="37.932542" lon="-122.401773"><ele>13.6</ele></trkpt><trkpt lat="37.932594" lon="-122.401851"><ele>13.7</ele></trkpt><trkpt lat="37.932654" lon="-122.401936"><ele>13.8</ele></trkpt><trkpt lat="37.932720" lon="-122.402014"><ele>13.8</ele></trkpt><trkpt lat="37.932873" lon="-122.402185"><ele>13.9</ele></trkpt><trkpt lat="37.932985" lon="-122.402325"><ele>14.0</ele></trkpt><trkpt lat="37.933140" lon="-122.402532"><ele>13.8</ele></trkpt><trkpt lat="37.933247" lon="-122.402684"><ele>13.6</ele></trkpt><trkpt lat="37.933325" lon="-122.402791"><ele>13.5</ele></trkpt><trkpt lat="37.933408" lon="-122.402890"><ele>13.2</ele></trkpt><trkpt lat="37.933479" lon="-122.402971"><ele>13.0</ele></trkpt><trkpt lat="37.933579" lon="-122.403079"><ele>12.6</ele></trkpt><trkpt lat="37.933546" lon="-122.403159"><ele>12.4</ele></trkpt><trkpt lat="37.933480" lon="-122.403318"><ele>12.0</ele></trkpt><trkpt lat="37.933386" lon="-122.403437"><ele>11.5</ele></trkpt><trkpt lat="37.933345" lon="-122.403490"><ele>11.3</ele></trkpt><trkpt lat="37.933308" lon="-122.403534"><ele>11.2</ele></trkpt><trkpt lat="37.933253" lon="-122.403583"><ele>10.9</ele></trkpt><trkpt lat="37.933192" lon="-122.403622"><ele>10.7</ele></trkpt><trkpt lat="37.932924" lon="-122.403742"><ele>9.9</ele></trkpt><trkpt lat="37.932856" lon="-122.403778"><ele>9.7</ele></trkpt><trkpt lat="37.932818" lon="-122.403809"><ele>9.6</ele></trkpt><trkpt lat="37.932785" lon="-122.403858"><ele>9.5</ele></trkpt><trkpt lat="37.932767" lon="-122.403918"><ele>9.4</ele></trkpt><trkpt lat="37.932755" lon="-122.403991"><ele>9.2</ele></trkpt><trkpt lat="37.932738" lon="-122.404159"><ele>8.9</ele></trkpt><trkpt lat="37.932714" lon="-122.404536"><ele>8.3</ele></trkpt><trkpt lat="37.932698" lon="-122.404671"><ele>8.0</ele></trkpt><trkpt lat="37.932613" lon="-122.405188"><ele>7.6</ele></trkpt><trkpt lat="37.932607" lon="-122.405344"><ele>7.6</ele></trkpt><trkpt lat="37.932607" lon="-122.405444"><ele>7.6</ele></trkpt><trkpt lat="37.932608" lon="-122.406459"><ele>9.6</ele></trkpt><trkpt lat="37.932662" lon="-122.407495"><ele>13.0</ele></trkpt><trkpt lat="37.932770" lon="-122.409072"><ele>10.6</ele></trkpt><trkpt lat="37.932820" lon="-122.409767"><ele>7.9</ele></trkpt><trkpt lat="37.932917" lon="-122.411260"><ele>0.6</ele></trkpt><trkpt lat="37.932988" lon="-122.412350"><ele>0.0</ele></trkpt><trkpt lat="37.933078" lon="-122.413638"><ele>0.0</ele></trkpt><trkpt lat="37.933161" lon="-122.414774"><ele>0.0</ele></trkpt><trkpt lat="37.933271" lon="-122.416456"><ele>0.0</ele></trkpt><trkpt lat="37.933418" lon="-122.418752"><ele>0.0</ele></trkpt><trkpt lat="37.933481" lon="-122.419747"><ele>0.0</ele></trkpt><trkpt lat="37.933693" lon="-122.423012"><ele>0.0</ele></trkpt><trkpt lat="37.933979" lon="-122.427111"><ele>0.0</ele></trkpt><trkpt lat="37.934175" lon="-122.430197"><ele>0.0</ele></trkpt><trkpt lat="37.934253" lon="-122.431399"><ele>0.0</ele></trkpt><trkpt lat="37.934364" lon="-122.433044"><ele>0.0</ele></trkpt><trkpt lat="37.934441" lon="-122.434292"><ele>0.0</ele></trkpt><trkpt lat="37.934574" lon="-122.436137"><ele>0.0</ele></trkpt><trkpt lat="37.934753" lon="-122.438881"><ele>0.0</ele></trkpt><trkpt lat="37.934893" lon="-122.441045"><ele>0.0</ele></trkpt><trkpt lat="37.935030" lon="-122.443083"><ele>0.0</ele></trkpt><trkpt lat="37.935114" lon="-122.444281"><ele>0.0</ele></trkpt><trkpt lat="37.935238" lon="-122.446141"><ele>0.0</ele></trkpt><trkpt lat="37.935320" lon="-122.447285"><ele>0.0</ele></trkpt><trkpt lat="37.935415" lon="-122.448599"><ele>0.0</ele></trkpt><trkpt lat="37.935501" lon="-122.449461"><ele>0.0</ele></trkpt><trkpt lat="37.935585" lon="-122.450106"><ele>0.0</ele></trkpt><trkpt lat="37.935634" lon="-122.450394"><ele>0.0</ele></trkpt><trkpt lat="37.935817" lon="-122.451483"><ele>0.0</ele></trkpt><trkpt lat="37.936110" lon="-122.452876"><ele>0.0</ele></trkpt><trkpt lat="37.936234" lon="-122.453340"><ele>0.0</ele></trkpt><trkpt lat="37.936502" lon="-122.454366"><ele>0.0</ele></trkpt><trkpt lat="37.936674" lon="-122.454961"><ele>0.0</ele></trkpt><trkpt lat="37.937065" lon="-122.456208"><ele>0.0</ele></trkpt><trkpt lat="37.937545" lon="-122.457731"><ele>0.0</ele></trkpt><trkpt lat="37.937893" lon="-122.458851"><ele>0.0</ele></trkpt><trkpt lat="37.938381" lon="-122.460391"><ele>0.0</ele></trkpt><trkpt lat="37.938865" lon="-122.461944"><ele>0.0</ele></trkpt><trkpt lat="37.939373" lon="-122.463571"><ele>0.0</ele></trkpt><trkpt lat="37.939754" lon="-122.464816"><ele>0.0</ele></trkpt><trkpt lat="37.939930" lon="-122.465385"><ele>0.0</ele></trkpt><trkpt lat="37.940337" lon="-122.466688"><ele>0.0</ele></trkpt><trkpt lat="37.940774" lon="-122.468097"><ele>0.0</ele></trkpt><trkpt lat="37.940877" lon="-122.468413"><ele>0.0</ele></trkpt><trkpt lat="37.941065" lon="-122.469083"><ele>0.0</ele></trkpt><trkpt lat="37.941102" lon="-122.469230"><ele>0.0</ele></trkpt><trkpt lat="37.941293" lon="-122.470083"><ele>0.0</ele></trkpt><trkpt lat="37.941383" lon="-122.470540"><ele>0.0</ele></trkpt><trkpt lat="37.941781" lon="-122.472795"><ele>0.0</ele></trkpt><trkpt lat="37.942210" lon="-122.475174"><ele>0.0</ele></trkpt><trkpt lat="37.942434" lon="-122.476470"><ele>0.7</ele></trkpt><trkpt lat="37.942676" lon="-122.477767"><ele>2.4</ele></trkpt><trkpt lat="37.942941" lon="-122.478559"><ele>2.9</ele></trkpt><trkpt lat="37.943015" lon="-122.478740"><ele>3.4</ele></trkpt><trkpt lat="37.943080" lon="-122.478883"><ele>3.7</ele></trkpt><trkpt lat="37.943792" lon="-122.480102"><ele>3.7</ele></trkpt><trkpt lat="37.943838" lon="-122.480065"><ele>3.7</ele></trkpt><trkpt lat="37.943885" lon="-122.480044"><ele>3.7</ele></trkpt><trkpt lat="37.943935" lon="-122.480039"><ele>3.8</ele></trkpt><trkpt lat="37.943984" lon="-122.480053"><ele>3.8</ele></trkpt><trkpt lat="37.944035" lon="-122.480084"><ele>3.8</ele></trkpt><trkpt lat="37.944154" lon="-122.480205"><ele>3.9</ele></trkpt><trkpt lat="37.944211" lon="-122.480263"><ele>4.0</ele></trkpt><trkpt lat="37.944154" lon="-122.480205"><ele>4.1</ele></trkpt><trkpt lat="37.944035" lon="-122.480084"><ele>4.6</ele></trkpt><trkpt lat="37.943984" lon="-122.480053"><ele>4.7</ele></trkpt><trkpt lat="37.943935" lon="-122.480039"><ele>4.9</ele></trkpt><trkpt lat="37.943885" lon="-122.480044"><ele>5.0</ele></trkpt><trkpt lat="37.943838" lon="-122.480065"><ele>5.1</ele></trkpt><trkpt lat="37.943792" lon="-122.480102"><ele>5.3</ele></trkpt><trkpt lat="37.943792" lon="-122.480243"><ele>5.5</ele></trkpt><trkpt lat="37.943935" lon="-122.480484"><ele>5.5</ele></trkpt><trkpt lat="37.944090" lon="-122.480743"><ele>5.5</ele></trkpt><trkpt lat="37.944198" lon="-122.480926"><ele>6.1</ele></trkpt><trkpt lat="37.944257" lon="-122.481028"><ele>6.4</ele></trkpt><trkpt lat="37.944362" lon="-122.481213"><ele>7.0</ele></trkpt><trkpt lat="37.944402" lon="-122.481287"><ele>7.3</ele></trkpt><trkpt lat="37.944438" lon="-122.481356"><ele>7.3</ele></trkpt><trkpt lat="37.944473" lon="-122.481425"><ele>7.3</ele></trkpt><trkpt lat="37.944506" lon="-122.481492"><ele>7.3</ele></trkpt><trkpt lat="37.944539" lon="-122.481563"><ele>7.3</ele></trkpt><trkpt lat="37.944570" lon="-122.481636"><ele>7.3</ele></trkpt><trkpt lat="37.944600" lon="-122.481711"><ele>7.3</ele></trkpt><trkpt lat="37.944716" lon="-122.482011"><ele>7.4</ele></trkpt><trkpt lat="37.944781" lon="-122.482184"><ele>7.5</ele></trkpt><trkpt lat="37.944918" lon="-122.482559"><ele>7.6</ele></trkpt><trkpt lat="37.945170" lon="-122.483229"><ele>7.3</ele></trkpt><trkpt lat="37.945188" lon="-122.483281"><ele>7.2</ele></trkpt><trkpt lat="37.945207" lon="-122.483337"><ele>7.2</ele></trkpt><trkpt lat="37.945228" lon="-122.483405"><ele>7.2</ele></trkpt><trkpt lat="37.945246" lon="-122.483474"><ele>7.2</ele></trkpt><trkpt lat="37.945261" lon="-122.483534"><ele>7.1</ele></trkpt><trkpt lat="37.945274" lon="-122.483593"><ele>7.1</ele></trkpt><trkpt lat="37.945287" lon="-122.483654"><ele>7.1</ele></trkpt><trkpt lat="37.945298" lon="-122.483717"><ele>7.0</ele></trkpt><trkpt lat="37.945306" lon="-122.483776"><ele>7.0</ele></trkpt><trkpt lat="37.945312" lon="-122.483841"><ele>6.9</ele></trkpt><trkpt lat="37.945317" lon="-122.483909"><ele>6.8</ele></trkpt><trkpt lat="37.945320" lon="-122.483976"><ele>6.7</ele></trkpt><trkpt lat="37.945322" lon="-122.484048"><ele>6.5</ele></trkpt><trkpt lat="37.945323" lon="-122.484118"><ele>6.4</ele></trkpt><trkpt lat="37.945321" lon="-122.484182"><ele>6.3</ele></trkpt><trkpt lat="37.945317" lon="-122.484247"><ele>6.2</ele></trkpt><trkpt lat="37.945311" lon="-122.484310"><ele>6.1</ele></trkpt><trkpt lat="37.945302" lon="-122.484381"><ele>5.9</ele></trkpt><trkpt lat="37.945291" lon="-122.484453"><ele>5.8</ele></trkpt><trkpt lat="37.945281" lon="-122.484517"><ele>5.7</ele></trkpt><trkpt lat="37.945235" lon="-122.484798"><ele>5.5</ele></trkpt><trkpt lat="37.945194" lon="-122.485050"><ele>5.3</ele></trkpt><trkpt lat="37.945169" lon="-122.485284"><ele>5.1</ele></trkpt><trkpt lat="37.945152" lon="-122.485536"><ele>4.8</ele></trkpt><trkpt lat="37.945132" lon="-122.485822"><ele>4.6</ele></trkpt><trkpt lat="37.945102" lon="-122.486323"><ele>4.1</ele></trkpt><trkpt lat="37.945099" lon="-122.486401"><ele>4.0</ele></trkpt><trkpt lat="37.945096" lon="-122.486482"><ele>4.0</ele></trkpt><trkpt lat="37.945088" lon="-122.486655"><ele>3.8</ele></trkpt><trkpt lat="37.945085" lon="-122.486887"><ele>3.6</ele></trkpt><trkpt lat="37.945086" lon="-122.486912"><ele>3.6</ele></trkpt><trkpt lat="37.945094" lon="-122.487103"><ele>3.4</ele></trkpt><trkpt lat="37.945097" lon="-122.487140"><ele>3.4</ele></trkpt><trkpt lat="37.945113" lon="-122.487306"><ele>3.3</ele></trkpt><trkpt lat="37.945134" lon="-122.487465"><ele>3.2</ele></trkpt><trkpt lat="37.945141" lon="-122.487520"><ele>3.2</ele></trkpt><trkpt lat="37.945182" lon="-122.487733"><ele>3.1</ele></trkpt><trkpt lat="37.945240" lon="-122.487971"><ele>3.0</ele></trkpt><trkpt lat="37.945261" lon="-122.488034"><ele>3.0</ele></trkpt><trkpt lat="37.945309" lon="-122.488184"><ele>2.9</ele></trkpt><trkpt lat="37.945384" lon="-122.488384"><ele>2.8</ele></trkpt><trkpt lat="37.945461" lon="-122.488566"><ele>2.7</ele></trkpt><trkpt lat="37.945488" lon="-122.488622"><ele>2.7</ele></trkpt><trkpt lat="37.945449" lon="-122.488646"><ele>2.7</ele></trkpt><trkpt lat="37.945436" lon="-122.488663"><ele>2.7</ele></trkpt><trkpt lat="37.945430" lon="-122.488677"><ele>2.7</ele></trkpt><trkpt lat="37.945433" lon="-122.488694"><ele>2.7</ele></trkpt><trkpt lat="37.945502" lon="-122.488831"><ele>2.7</ele></trkpt><trkpt lat="37.945539" lon="-122.488897"><ele>2.7</ele></trkpt><trkpt lat="37.945628" lon="-122.489044"><ele>2.7</ele></trkpt><trkpt lat="37.945753" lon="-122.489233"><ele>2.6</ele></trkpt><trkpt lat="37.945758" lon="-122.489245"><ele>2.6</ele></trkpt><trkpt lat="37.945758" lon="-122.489261"><ele>2.6</ele></trkpt><trkpt lat="37.945712" lon="-122.489356"><ele>2.6</ele></trkpt><trkpt lat="37.945702" lon="-122.489393"><ele>2.5</ele></trkpt><trkpt lat="37.945710" lon="-122.489432"><ele>2.5</ele></trkpt><trkpt lat="37.945743" lon="-122.489488"><ele>2.5</ele></trkpt><trkpt lat="37.945783" lon="-122.489555"><ele>2.5</ele></trkpt><trkpt lat="37.945825" lon="-122.489622"><ele>2.5</ele></trkpt><trkpt lat="37.945864" lon="-122.489682"><ele>2.5</ele></trkpt><trkpt lat="37.946040" lon="-122.489953"><ele>2.6</ele></trkpt><trkpt lat="37.946081" lon="-122.490018"><ele>2.7</ele></trkpt><trkpt lat="37.946122" lon="-122.490086"><ele>2.7</ele></trkpt><trkpt lat="37.946162" lon="-122.490157"><ele>2.9</ele></trkpt><trkpt lat="37.946199" lon="-122.490226"><ele>3.2</ele></trkpt><trkpt lat="37.946238" lon="-122.490302"><ele>3.5</ele></trkpt><trkpt lat="37.946274" lon="-122.490377"><ele>3.8</ele></trkpt><trkpt lat="37.946306" lon="-122.490451"><ele>4.1</ele></trkpt><trkpt lat="37.946340" lon="-122.490533"><ele>4.5</ele></trkpt><trkpt lat="37.946372" lon="-122.490613"><ele>4.8</ele></trkpt><trkpt lat="37.946399" lon="-122.490692"><ele>5.1</ele></trkpt><trkpt lat="37.946425" lon="-122.490774"><ele>5.5</ele></trkpt><trkpt lat="37.946450" lon="-122.490854"><ele>6.0</ele></trkpt><trkpt lat="37.946472" lon="-122.490937"><ele>6.5</ele></trkpt><trkpt lat="37.946492" lon="-122.491020"><ele>6.9</ele></trkpt><trkpt lat="37.946511" lon="-122.491106"><ele>7.4</ele></trkpt><trkpt lat="37.946527" lon="-122.491188"><ele>7.9</ele></trkpt><trkpt lat="37.946543" lon="-122.491277"><ele>8.4</ele></trkpt><trkpt lat="37.946555" lon="-122.491363"><ele>8.8</ele></trkpt><trkpt lat="37.946566" lon="-122.491446"><ele>9.4</ele></trkpt><trkpt lat="37.946574" lon="-122.491535"><ele>9.9</ele></trkpt><trkpt lat="37.946581" lon="-122.491620"><ele>10.4</ele></trkpt><trkpt lat="37.946586" lon="-122.491713"><ele>11.0</ele></trkpt><trkpt lat="37.946588" lon="-122.491799"><ele>11.5</ele></trkpt><trkpt lat="37.946589" lon="-122.491834"><ele>11.7</ele></trkpt><trkpt lat="37.946589" lon="-122.491890"><ele>12.1</ele></trkpt><trkpt lat="37.946588" lon="-122.491978"><ele>12.6</ele></trkpt><trkpt lat="37.946586" lon="-122.492068"><ele>13.2</ele></trkpt><trkpt lat="37.946581" lon="-122.492213"><ele>14.2</ele></trkpt><trkpt lat="37.946560" lon="-122.492497"><ele>16.3</ele></trkpt><trkpt lat="37.946557" lon="-122.492580"><ele>16.9</ele></trkpt><trkpt lat="37.946558" lon="-122.492691"><ele>17.7</ele></trkpt><trkpt lat="37.946563" lon="-122.492845"><ele>18.9</ele></trkpt><trkpt lat="37.946561" lon="-122.492930"><ele>19.6</ele></trkpt><trkpt lat="37.946543" lon="-122.493046"><ele>20.5</ele></trkpt><trkpt lat="37.946521" lon="-122.493128"><ele>21.2</ele></trkpt><trkpt lat="37.946276" lon="-122.493734"><ele>24.6</ele></trkpt><trkpt lat="37.946232" lon="-122.493731"><ele>24.7</ele></trkpt><trkpt lat="37.946217" lon="-122.493731"><ele>24.8</ele></trkpt><trkpt lat="37.946205" lon="-122.493733"><ele>24.8</ele></trkpt><trkpt lat="37.946186" lon="-122.493734"><ele>24.9</ele></trkpt><trkpt lat="37.946175" lon="-122.493747"><ele>24.9</ele></trkpt><trkpt lat="37.946163" lon="-122.493768"><ele>25.0</ele></trkpt><trkpt lat="37.946131" lon="-122.493821"><ele>25.2</ele></trkpt><trkpt lat="37.946099" lon="-122.493873"><ele>25.3</ele></trkpt><trkpt lat="37.946052" lon="-122.493950"><ele>25.2</ele></trkpt><trkpt lat="37.946039" lon="-122.494012"><ele>25.2</ele></trkpt><trkpt lat="37.946003" lon="-122.494033"><ele>25.2</ele></trkpt><trkpt lat="37.945911" lon="-122.494105"><ele>25.1</ele></trkpt><trkpt lat="37.945667" lon="-122.494433"><ele>25.0</ele></trkpt><trkpt lat="37.945532" lon="-122.494614"><ele>25.2</ele></trkpt><trkpt lat="37.945455" lon="-122.494714"><ele>25.2</ele></trkpt><trkpt lat="37.945365" lon="-122.494838"><ele>25.3</ele></trkpt><trkpt lat="37.945322" lon="-122.494901"><ele>25.1</ele></trkpt><trkpt lat="37.945284" lon="-122.494969"><ele>24.8</ele></trkpt><trkpt lat="37.945237" lon="-122.495056"><ele>24.5</ele></trkpt><trkpt lat="37.945194" lon="-122.495138"><ele>24.2</ele></trkpt><trkpt lat="37.945160" lon="-122.495210"><ele>23.9</ele></trkpt><trkpt lat="37.945140" lon="-122.495243"><ele>23.8</ele></trkpt><trkpt lat="37.945102" lon="-122.495287"><ele>23.6</ele></trkpt><trkpt lat="37.945072" lon="-122.495366"><ele>23.3</ele></trkpt><trkpt lat="37.945045" lon="-122.495442"><ele>22.9</ele></trkpt><trkpt lat="37.945019" lon="-122.495520"><ele>22.5</ele></trkpt><trkpt lat="37.944990" lon="-122.495610"><ele>22.0</ele></trkpt><trkpt lat="37.944734" lon="-122.496444"><ele>18.4</ele></trkpt><trkpt lat="37.944710" lon="-122.496520"><ele>18.1</ele></trkpt><trkpt lat="37.944687" lon="-122.496585"><ele>18.0</ele></trkpt><trkpt lat="37.944663" lon="-122.496648"><ele>17.8</ele></trkpt><trkpt lat="37.944640" lon="-122.496704"><ele>17.6</ele></trkpt><trkpt lat="37.944616" lon="-122.496757"><ele>17.6</ele></trkpt><trkpt lat="37.944590" lon="-122.496809"><ele>17.5</ele></trkpt><trkpt lat="37.944559" lon="-122.496869"><ele>17.5</ele></trkpt><trkpt lat="37.944526" lon="-122.496928"><ele>17.4</ele></trkpt><trkpt lat="37.944488" lon="-122.496991"><ele>17.3</ele></trkpt><trkpt lat="37.944449" lon="-122.497049"><ele>17.3</ele></trkpt><trkpt lat="37.944401" lon="-122.497117"><ele>17.2</ele></trkpt><trkpt lat="37.944351" lon="-122.497183"><ele>17.1</ele></trkpt><trkpt lat="37.944298" lon="-122.497247"><ele>17.0</ele></trkpt><trkpt lat="37.944235" lon="-122.497319"><ele>16.7</ele></trkpt><trkpt lat="37.944175" lon="-122.497379"><ele>16.5</ele></trkpt><trkpt lat="37.944105" lon="-122.497441"><ele>16.3</ele></trkpt><trkpt lat="37.944031" lon="-122.497499"><ele>16.0</ele></trkpt><trkpt lat="37.943955" lon="-122.497552"><ele>15.8</ele></trkpt><trkpt lat="37.943884" lon="-122.497599"><ele>15.5</ele></trkpt><trkpt lat="37.943806" lon="-122.497642"><ele>15.4</ele></trkpt><trkpt lat="37.943738" lon="-122.497677"><ele>15.2</ele></trkpt><trkpt lat="37.943666" lon="-122.497711"><ele>15.0</ele></trkpt><trkpt lat="37.943597" lon="-122.497741"><ele>14.9</ele></trkpt><trkpt lat="37.943537" lon="-122.497765"><ele>14.7</ele></trkpt><trkpt lat="37.943389" lon="-122.497824"><ele>14.4</ele></trkpt><trkpt lat="37.943331" lon="-122.497847"><ele>14.3</ele></trkpt><trkpt lat="37.943287" lon="-122.497867"><ele>14.3</ele></trkpt><trkpt lat="37.943243" lon="-122.497888"><ele>14.3</ele></trkpt><trkpt lat="37.943200" lon="-122.497909"><ele>14.3</ele></trkpt><trkpt lat="37.943164" lon="-122.497928"><ele>14.3</ele></trkpt><trkpt lat="37.943124" lon="-122.497950"><ele>14.3</ele></trkpt><trkpt lat="37.943086" lon="-122.497973"><ele>14.3</ele></trkpt><trkpt lat="37.943047" lon="-122.497998"><ele>14.3</ele></trkpt><trkpt lat="37.943005" lon="-122.498027"><ele>14.3</ele></trkpt><trkpt lat="37.942959" lon="-122.498062"><ele>14.3</ele></trkpt><trkpt lat="37.942907" lon="-122.498103"><ele>14.3</ele></trkpt><trkpt lat="37.942845" lon="-122.498157"><ele>14.2</ele></trkpt><trkpt lat="37.942791" lon="-122.498208"><ele>14.1</ele></trkpt><trkpt lat="37.942740" lon="-122.498264"><ele>14.0</ele></trkpt><trkpt lat="37.942696" lon="-122.498316"><ele>13.9</ele></trkpt><trkpt lat="37.942644" lon="-122.498384"><ele>13.8</ele></trkpt><trkpt lat="37.942600" lon="-122.498449"><ele>13.7</ele></trkpt><trkpt lat="37.942558" lon="-122.498514"><ele>13.6</ele></trkpt><trkpt lat="37.942517" lon="-122.498587"><ele>13.4</ele></trkpt><trkpt lat="37.942499" lon="-122.498622"><ele>13.3</ele></trkpt><trkpt lat="37.942480" lon="-122.498657"><ele>13.2</ele></trkpt><trkpt lat="37.942446" lon="-122.498732"><ele>12.9</ele></trkpt><trkpt lat="37.942412" lon="-122.498811"><ele>12.6</ele></trkpt><trkpt lat="37.942383" lon="-122.498887"><ele>12.3</ele></trkpt><trkpt lat="37.942355" lon="-122.498971"><ele>12.0</ele></trkpt><trkpt lat="37.942339" lon="-122.499023"><ele>11.8</ele></trkpt><trkpt lat="37.942326" lon="-122.499071"><ele>11.6</ele></trkpt><trkpt lat="37.942312" lon="-122.499126"><ele>11.4</ele></trkpt><trkpt lat="37.942300" lon="-122.499183"><ele>11.2</ele></trkpt><trkpt lat="37.942290" lon="-122.499239"><ele>11.0</ele></trkpt><trkpt lat="37.942280" lon="-122.499300"><ele>10.8</ele></trkpt><trkpt lat="37.942272" lon="-122.499355"><ele>10.6</ele></trkpt><trkpt lat="37.942264" lon="-122.499413"><ele>10.3</ele></trkpt><trkpt lat="37.942259" lon="-122.499464"><ele>10.2</ele></trkpt><trkpt lat="37.942254" lon="-122.499516"><ele>10.0</ele></trkpt><trkpt lat="37.942252" lon="-122.499565"><ele>9.8</ele></trkpt><trkpt lat="37.942250" lon="-122.499610"><ele>9.6</ele></trkpt><trkpt lat="37.942251" lon="-122.499661"><ele>9.5</ele></trkpt><trkpt lat="37.942252" lon="-122.499709"><ele>9.3</ele></trkpt><trkpt lat="37.942255" lon="-122.499758"><ele>9.1</ele></trkpt><trkpt lat="37.942259" lon="-122.499803"><ele>8.9</ele></trkpt><trkpt lat="37.942263" lon="-122.499849"><ele>8.8</ele></trkpt><trkpt lat="37.942269" lon="-122.499894"><ele>8.6</ele></trkpt><trkpt lat="37.942275" lon="-122.499936"><ele>8.5</ele></trkpt><trkpt lat="37.942281" lon="-122.499977"><ele>8.5</ele></trkpt><trkpt lat="37.942290" lon="-122.500021"><ele>8.5</ele></trkpt><trkpt lat="37.942300" lon="-122.500070"><ele>8.5</ele></trkpt><trkpt lat="37.942324" lon="-122.500181"><ele>8.4</ele></trkpt><trkpt lat="37.942422" lon="-122.500573"><ele>8.2</ele></trkpt><trkpt lat="37.942444" lon="-122.500652"><ele>8.2</ele></trkpt><trkpt lat="37.942466" lon="-122.500731"><ele>8.2</ele></trkpt><trkpt lat="37.942491" lon="-122.500816"><ele>8.1</ele></trkpt><trkpt lat="37.942517" lon="-122.500896"><ele>8.1</ele></trkpt><trkpt lat="37.942545" lon="-122.500976"><ele>8.0</ele></trkpt><trkpt lat="37.942573" lon="-122.501050"><ele>8.0</ele></trkpt><trkpt lat="37.942607" lon="-122.501128"><ele>8.0</ele></trkpt><trkpt lat="37.942644" lon="-122.501199"><ele>7.9</ele></trkpt><trkpt lat="37.942686" lon="-122.501269"><ele>7.9</ele></trkpt><trkpt lat="37.942730" lon="-122.501335"><ele>7.9</ele></trkpt><trkpt lat="37.942776" lon="-122.501396"><ele>7.9</ele></trkpt><trkpt lat="37.942826" lon="-122.501456"><ele>7.9</ele></trkpt><trkpt lat="37.942876" lon="-122.501510"><ele>7.9</ele></trkpt><trkpt lat="37.942930" lon="-122.501559"><ele>7.9</ele></trkpt><trkpt lat="37.942992" lon="-122.501607"><ele>7.9</ele></trkpt><trkpt lat="37.943050" lon="-122.501645"><ele>7.9</ele></trkpt><trkpt lat="37.943100" lon="-122.501675"><ele>8.1</ele></trkpt><trkpt lat="37.943162" lon="-122.501708"><ele>8.2</ele></trkpt><trkpt lat="37.943228" lon="-122.501741"><ele>8.4</ele></trkpt><trkpt lat="37.943360" lon="-122.501801"><ele>8.7</ele></trkpt><trkpt lat="37.943434" lon="-122.501836"><ele>8.9</ele></trkpt><trkpt lat="37.943467" lon="-122.501852"><ele>9.0</ele></trkpt><trkpt lat="37.943500" lon="-122.501868"><ele>9.0</ele></trkpt><trkpt lat="37.943571" lon="-122.501907"><ele>9.2</ele></trkpt><trkpt lat="37.943604" lon="-122.501926"><ele>9.3</ele></trkpt><trkpt lat="37.943638" lon="-122.501947"><ele>9.3</ele></trkpt><trkpt lat="37.943675" lon="-122.501972"><ele>9.4</ele></trkpt><trkpt lat="37.943711" lon="-122.501996"><ele>9.5</ele></trkpt><trkpt lat="37.943776" lon="-122.502152"><ele>9.7</ele></trkpt><trkpt lat="37.943833" lon="-122.502267"><ele>9.9</ele></trkpt><trkpt lat="37.943935" lon="-122.502481"><ele>10.0</ele></trkpt><trkpt lat="37.943991" lon="-122.502600"><ele>9.9</ele></trkpt><trkpt lat="37.944031" lon="-122.502752"><ele>9.9</ele></trkpt><trkpt lat="37.944051" lon="-122.502907"><ele>9.8</ele></trkpt><trkpt lat="37.944099" lon="-122.503723"><ele>9.7</ele></trkpt><trkpt lat="37.944131" lon="-122.504197"><ele>8.9</ele></trkpt><trkpt lat="37.944149" lon="-122.504461"><ele>8.4</ele></trkpt><trkpt lat="37.944163" lon="-122.504698"><ele>7.8</ele></trkpt><trkpt lat="37.944183" lon="-122.505219"><ele>6.8</ele></trkpt><trkpt lat="37.944200" lon="-122.505730"><ele>6.1</ele></trkpt><trkpt lat="37.944252" lon="-122.506149"><ele>5.4</ele></trkpt><trkpt lat="37.944357" lon="-122.506478"><ele>4.7</ele></trkpt><trkpt lat="37.944510" lon="-122.506814"><ele>4.1</ele></trkpt><trkpt lat="37.944804" lon="-122.507275"><ele>3.8</ele></trkpt><trkpt lat="37.945199" lon="-122.507705"><ele>4.1</ele></trkpt><trkpt lat="37.945397" lon="-122.507904"><ele>4.3</ele></trkpt><trkpt lat="37.945686" lon="-122.508169"><ele>4.3</ele></trkpt><trkpt lat="37.945846" lon="-122.508337"><ele>4.3</ele></trkpt><trkpt lat="37.945999" lon="-122.508542"><ele>4.3</ele></trkpt><trkpt lat="37.946135" lon="-122.508783"><ele>4.3</ele></trkpt><trkpt lat="37.946216" lon="-122.508928"><ele>4.3</ele></trkpt><trkpt lat="37.946238" lon="-122.508990"><ele>4.3</ele></trkpt><trkpt lat="37.946357" lon="-122.509326"><ele>4.3</ele></trkpt><trkpt lat="37.946389" lon="-122.509575"><ele>4.2</ele></trkpt><trkpt lat="37.946375" lon="-122.509897"><ele>3.9</ele></trkpt><trkpt lat="37.946325" lon="-122.510112"><ele>3.7</ele></trkpt><trkpt lat="37.946241" lon="-122.510395"><ele>3.4</ele></trkpt><trkpt lat="37.946215" lon="-122.510465"><ele>3.4</ele></trkpt><trkpt lat="37.946186" lon="-122.510536"><ele>3.3</ele></trkpt><trkpt lat="37.946139" lon="-122.510504"><ele>3.2</ele></trkpt><trkpt lat="37.945978" lon="-122.510401"><ele>3.0</ele></trkpt><trkpt lat="37.945964" lon="-122.510391"><ele>3.0</ele></trkpt><trkpt lat="37.945952" lon="-122.510381"><ele>3.0</ele></trkpt><trkpt lat="37.945936" lon="-122.510364"><ele>3.0</ele></trkpt><trkpt lat="37.945916" lon="-122.510341"><ele>3.0</ele></trkpt><trkpt lat="37.945851" lon="-122.510261"><ele>2.9</ele></trkpt><trkpt lat="37.945830" lon="-122.510231"><ele>2.9</ele></trkpt><trkpt lat="37.945811" lon="-122.510202"><ele>2.9</ele></trkpt><trkpt lat="37.945789" lon="-122.510167"><ele>2.9</ele></trkpt><trkpt lat="37.945767" lon="-122.510138"><ele>2.9</ele></trkpt><trkpt lat="37.945742" lon="-122.510109"><ele>2.9</ele></trkpt><trkpt lat="37.945721" lon="-122.510086"><ele>2.8</ele></trkpt><trkpt lat="37.945696" lon="-122.510064"><ele>2.8</ele></trkpt><trkpt lat="37.945669" lon="-122.510043"><ele>2.8</ele></trkpt><trkpt lat="37.945646" lon="-122.510024"><ele>2.8</ele></trkpt><trkpt lat="37.945623" lon="-122.510003"><ele>2.8</ele></trkpt><trkpt lat="37.945598" lon="-122.509977"><ele>2.8</ele></trkpt><trkpt lat="37.945574" lon="-122.509951"><ele>2.7</ele></trkpt><trkpt lat="37.945514" lon="-122.509833"><ele>2.8</ele></trkpt><trkpt lat="37.945408" lon="-122.509673"><ele>2.9</ele></trkpt><trkpt lat="37.945316" lon="-122.509559"><ele>3.0</ele></trkpt><trkpt lat="37.945284" lon="-122.509536"><ele>3.0</ele></trkpt><trkpt lat="37.945316" lon="-122.509559"><ele>3.0</ele></trkpt><trkpt lat="37.945408" lon="-122.509673"><ele>3.1</ele></trkpt><trkpt lat="37.945514" lon="-122.509833"><ele>3.2</ele></trkpt><trkpt lat="37.945574" lon="-122.509951"><ele>3.2</ele></trkpt><trkpt lat="37.945598" lon="-122.509977"><ele>3.3</ele></trkpt><trkpt lat="37.945623" lon="-122.510003"><ele>3.3</ele></trkpt><trkpt lat="37.945646" lon="-122.510024"><ele>3.3</ele></trkpt><trkpt lat="37.945669" lon="-122.510043"><ele>3.3</ele></trkpt><trkpt lat="37.945696" lon="-122.510064"><ele>3.3</ele></trkpt><trkpt lat="37.945721" lon="-122.510086"><ele>3.3</ele></trkpt><trkpt lat="37.945742" lon="-122.510109"><ele>3.4</ele></trkpt><trkpt lat="37.945767" lon="-122.510138"><ele>3.4</ele></trkpt><trkpt lat="37.945789" lon="-122.510167"><ele>3.5</ele></trkpt><trkpt lat="37.945811" lon="-122.510202"><ele>3.6</ele></trkpt><trkpt lat="37.945830" lon="-122.510231"><ele>3.6</ele></trkpt><trkpt lat="37.945851" lon="-122.510261"><ele>3.7</ele></trkpt><trkpt lat="37.945916" lon="-122.510341"><ele>3.8</ele></trkpt><trkpt lat="37.945936" lon="-122.510364"><ele>3.9</ele></trkpt><trkpt lat="37.945952" lon="-122.510381"><ele>3.9</ele></trkpt><trkpt lat="37.945964" lon="-122.510391"><ele>3.9</ele></trkpt><trkpt lat="37.945978" lon="-122.510401"><ele>4.0</ele></trkpt><trkpt lat="37.946139" lon="-122.510504"><ele>4.3</ele></trkpt><trkpt lat="37.946186" lon="-122.510536"><ele>4.4</ele></trkpt><trkpt lat="37.946163" lon="-122.510576"><ele>4.5</ele></trkpt><trkpt lat="37.946140" lon="-122.510602"><ele>4.5</ele></trkpt><trkpt lat="37.946114" lon="-122.510644"><ele>4.6</ele></trkpt><trkpt lat="37.946095" lon="-122.510674"><ele>4.7</ele></trkpt><trkpt lat="37.946028" lon="-122.510788"><ele>4.9</ele></trkpt><trkpt lat="37.945918" lon="-122.510975"><ele>5.3</ele></trkpt><trkpt lat="37.945888" lon="-122.511031"><ele>5.5</ele></trkpt><trkpt lat="37.945860" lon="-122.511090"><ele>5.5</ele></trkpt><trkpt lat="37.945821" lon="-122.511176"><ele>5.6</ele></trkpt><trkpt lat="37.945792" lon="-122.511240"><ele>5.7</ele></trkpt><trkpt lat="37.945779" lon="-122.511265"><ele>5.7</ele></trkpt><trkpt lat="37.945738" lon="-122.511338"><ele>5.8</ele></trkpt><trkpt lat="37.945702" lon="-122.511409"><ele>5.9</ele></trkpt><trkpt lat="37.945681" lon="-122.511444"><ele>5.9</ele></trkpt><trkpt lat="37.945651" lon="-122.511493"><ele>6.0</ele></trkpt><trkpt lat="37.945634" lon="-122.511520"><ele>6.0</ele></trkpt><trkpt lat="37.945595" lon="-122.511581"><ele>6.1</ele></trkpt><trkpt lat="37.945567" lon="-122.511622"><ele>6.1</ele></trkpt><trkpt lat="37.945530" lon="-122.511668"><ele>6.2</ele></trkpt><trkpt lat="37.945502" lon="-122.511703"><ele>6.2</ele></trkpt><trkpt lat="37.945239" lon="-122.512198"><ele>6.7</ele></trkpt><trkpt lat="37.945119" lon="-122.512419"><ele>6.7</ele></trkpt><trkpt lat="37.945020" lon="-122.512640"><ele>6.7</ele></trkpt><trkpt lat="37.944979" lon="-122.512740"><ele>6.7</ele></trkpt><trkpt lat="37.944932" lon="-122.512846"><ele>6.5</ele></trkpt><trkpt lat="37.944847" lon="-122.512998"><ele>6.3</ele></trkpt><trkpt lat="37.944802" lon="-122.513124"><ele>6.1</ele></trkpt><trkpt lat="37.944768" lon="-122.513240"><ele>5.9</ele></trkpt><trkpt lat="37.944745" lon="-122.513356"><ele>5.8</ele></trkpt><trkpt lat="37.944702" lon="-122.513625"><ele>5.4</ele></trkpt><trkpt lat="37.944644" lon="-122.513827"><ele>5.1</ele></trkpt><trkpt lat="37.944652" lon="-122.513836"><ele>5.1</ele></trkpt><trkpt lat="37.944655" lon="-122.513851"><ele>5.1</ele></trkpt><trkpt lat="37.944656" lon="-122.513867"><ele>5.1</ele></trkpt><trkpt lat="37.944653" lon="-122.513883"><ele>5.0</ele></trkpt><trkpt lat="37.944646" lon="-122.513897"><ele>5.0</ele></trkpt><trkpt lat="37.944636" lon="-122.513909"><ele>5.0</ele></trkpt><trkpt lat="37.944626" lon="-122.513911"><ele>5.0</ele></trkpt><trkpt lat="37.944618" lon="-122.513910"><ele>5.0</ele></trkpt><trkpt lat="37.944597" lon="-122.513955"><ele>4.9</ele></trkpt><trkpt lat="37.944550" lon="-122.514051"><ele>4.7</ele></trkpt><trkpt lat="37.944498" lon="-122.514145"><ele>4.5</ele></trkpt><trkpt lat="37.944444" lon="-122.514233"><ele>4.3</ele></trkpt><trkpt lat="37.944415" lon="-122.514267"><ele>4.2</ele></trkpt><trkpt lat="37.944373" lon="-122.514300"><ele>4.1</ele></trkpt><trkpt lat="37.944320" lon="-122.514331"><ele>4.0</ele></trkpt><trkpt lat="37.944262" lon="-122.514353"><ele>3.8</ele></trkpt><trkpt lat="37.944153" lon="-122.514383"><ele>3.6</ele></trkpt><trkpt lat="37.943638" lon="-122.514502"><ele>2.4</ele></trkpt><trkpt lat="37.943425" lon="-122.514560"><ele>1.9</ele></trkpt><trkpt lat="37.943207" lon="-122.514615"><ele>1.4</ele></trkpt><trkpt lat="37.943026" lon="-122.514677"><ele>1.2</ele></trkpt><trkpt lat="37.942636" lon="-122.514858"><ele>0.9</ele></trkpt><trkpt lat="37.942194" lon="-122.515063"><ele>0.4</ele></trkpt><trkpt lat="37.941955" lon="-122.515154"><ele>0.4</ele></trkpt><trkpt lat="37.941782" lon="-122.515205"><ele>0.5</ele></trkpt><trkpt lat="37.941431" lon="-122.515315"><ele>0.7</ele></trkpt><trkpt lat="37.941348" lon="-122.515296"><ele>0.7</ele></trkpt><trkpt lat="37.941307" lon="-122.515265"><ele>0.8</ele></trkpt><trkpt lat="37.941280" lon="-122.515280"><ele>0.8</ele></trkpt><trkpt lat="37.941256" lon="-122.515289"><ele>0.8</ele></trkpt><trkpt lat="37.941122" lon="-122.515331"><ele>0.9</ele></trkpt><trkpt lat="37.941033" lon="-122.515356"><ele>0.9</ele></trkpt><trkpt lat="37.940856" lon="-122.515409"><ele>0.9</ele></trkpt><trkpt lat="37.940689" lon="-122.515457"><ele>0.9</ele></trkpt><trkpt lat="37.940424" lon="-122.515537"><ele>0.9</ele></trkpt><trkpt lat="37.939772" lon="-122.515731"><ele>1.0</ele></trkpt><trkpt lat="37.939634" lon="-122.515772"><ele>1.1</ele></trkpt><trkpt lat="37.939580" lon="-122.515786"><ele>1.2</ele></trkpt><trkpt lat="37.939549" lon="-122.515796"><ele>1.2</ele></trkpt><trkpt lat="37.939508" lon="-122.515806"><ele>1.2</ele></trkpt><trkpt lat="37.939463" lon="-122.515816"><ele>1.2</ele></trkpt><trkpt lat="37.939421" lon="-122.515824"><ele>1.2</ele></trkpt><trkpt lat="37.939377" lon="-122.515829"><ele>1.2</ele></trkpt><trkpt lat="37.939322" lon="-122.515830"><ele>1.2</ele></trkpt><trkpt lat="37.939285" lon="-122.515829"><ele>1.2</ele></trkpt><trkpt lat="37.939247" lon="-122.515826"><ele>1.2</ele></trkpt><trkpt lat="37.939176" lon="-122.515820"><ele>1.2</ele></trkpt><trkpt lat="37.939120" lon="-122.515813"><ele>1.2</ele></trkpt><trkpt lat="37.939067" lon="-122.515805"><ele>1.2</ele></trkpt><trkpt lat="37.939014" lon="-122.515799"><ele>1.2</ele></trkpt><trkpt lat="37.938959" lon="-122.515794"><ele>1.2</ele></trkpt><trkpt lat="37.938911" lon="-122.515792"><ele>1.2</ele></trkpt><trkpt lat="37.938861" lon="-122.515791"><ele>1.3</ele></trkpt><trkpt lat="37.938812" lon="-122.515792"><ele>1.3</ele></trkpt><trkpt lat="37.938762" lon="-122.515795"><ele>1.3</ele></trkpt><trkpt lat="37.938723" lon="-122.515800"><ele>1.3</ele></trkpt><trkpt lat="37.938682" lon="-122.515807"><ele>1.4</ele></trkpt><trkpt lat="37.938640" lon="-122.515816"><ele>1.4</ele></trkpt><trkpt lat="37.938450" lon="-122.515874"><ele>1.5</ele></trkpt><trkpt lat="37.938300" lon="-122.515920"><ele>1.5</ele></trkpt><trkpt lat="37.938250" lon="-122.515935"><ele>1.5</ele></trkpt><trkpt lat="37.937747" lon="-122.516079"><ele>1.8</ele></trkpt><trkpt lat="37.937540" lon="-122.516139"><ele>2.3</ele></trkpt><trkpt lat="37.937416" lon="-122.516177"><ele>2.6</ele></trkpt><trkpt lat="37.937345" lon="-122.516198"><ele>2.7</ele></trkpt><trkpt lat="37.937287" lon="-122.516214"><ele>2.7</ele></trkpt><trkpt lat="37.937226" lon="-122.516228"><ele>2.7</ele></trkpt><trkpt lat="37.937161" lon="-122.516240"><ele>2.7</ele></trkpt><trkpt lat="37.937109" lon="-122.516247"><ele>2.7</ele></trkpt><trkpt lat="37.937056" lon="-122.516252"><ele>2.7</ele></trkpt><trkpt lat="37.937012" lon="-122.516254"><ele>2.7</ele></trkpt><trkpt lat="37.936970" lon="-122.516253"><ele>2.7</ele></trkpt><trkpt lat="37.936932" lon="-122.516247"><ele>2.7</ele></trkpt><trkpt lat="37.936886" lon="-122.516238"><ele>2.7</ele></trkpt><trkpt lat="37.936846" lon="-122.516227"><ele>2.7</ele></trkpt><trkpt lat="37.936801" lon="-122.516213"><ele>2.8</ele></trkpt><trkpt lat="37.936749" lon="-122.516194"><ele>2.9</ele></trkpt><trkpt lat="37.936693" lon="-122.516173"><ele>3.1</ele></trkpt><trkpt lat="37.936649" lon="-122.516153"><ele>3.2</ele></trkpt><trkpt lat="37.936598" lon="-122.516129"><ele>3.3</ele></trkpt><trkpt lat="37.936548" lon="-122.516104"><ele>3.5</ele></trkpt><trkpt lat="37.936505" lon="-122.516080"><ele>3.6</ele></trkpt><trkpt lat="37.936461" lon="-122.516053"><ele>3.8</ele></trkpt><trkpt lat="37.936189" lon="-122.515873"><ele>4.5</ele></trkpt><trkpt lat="37.936117" lon="-122.515831"><ele>4.6</ele></trkpt><trkpt lat="37.936054" lon="-122.515797"><ele>4.7</ele></trkpt><trkpt lat="37.935997" lon="-122.515767"><ele>4.8</ele></trkpt><trkpt lat="37.935969" lon="-122.515752"><ele>4.9</ele></trkpt><trkpt lat="37.935949" lon="-122.515742"><ele>4.9</ele></trkpt><trkpt lat="37.935898" lon="-122.515720"><ele>5.0</ele></trkpt><trkpt lat="37.935847" lon="-122.515700"><ele>5.1</ele></trkpt><trkpt lat="37.935807" lon="-122.515686"><ele>5.2</ele></trkpt><trkpt lat="37.935767" lon="-122.515674"><ele>5.2</ele></trkpt><trkpt lat="37.935727" lon="-122.515664"><ele>5.3</ele></trkpt><trkpt lat="37.935715" lon="-122.515788"><ele>5.5</ele></trkpt><trkpt lat="37.935685" lon="-122.515820"><ele>5.5</ele></trkpt><trkpt lat="37.935670" lon="-122.515891"><ele>5.6</ele></trkpt><trkpt lat="37.935651" lon="-122.516009"><ele>5.8</ele></trkpt><trkpt lat="37.935588" lon="-122.516244"><ele>6.1</ele></trkpt><trkpt lat="37.935524" lon="-122.516415"><ele>5.9</ele></trkpt><trkpt lat="37.935325" lon="-122.516920"><ele>5.5</ele></trkpt><trkpt lat="37.935317" lon="-122.516948"><ele>5.5</ele></trkpt><trkpt lat="37.935232" lon="-122.517108"><ele>5.6</ele></trkpt><trkpt lat="37.935173" lon="-122.517241"><ele>5.7</ele></trkpt><trkpt lat="37.935092" lon="-122.517441"><ele>5.8</ele></trkpt><trkpt lat="37.935024" lon="-122.517650"><ele>5.5</ele></trkpt><trkpt lat="37.934893" lon="-122.518372"><ele>4.6</ele></trkpt><trkpt lat="37.934881" lon="-122.518475"><ele>4.5</ele></trkpt><trkpt lat="37.934874" lon="-122.518589"><ele>4.4</ele></trkpt><trkpt lat="37.934745" lon="-122.518560"><ele>4.3</ele></trkpt><trkpt lat="37.934404" lon="-122.518474"><ele>4.1</ele></trkpt><trkpt lat="37.934197" lon="-122.518414"><ele>4.0</ele></trkpt><trkpt lat="37.934060" lon="-122.518375"><ele>4.0</ele></trkpt><trkpt lat="37.933987" lon="-122.518354"><ele>4.0</ele></trkpt><trkpt lat="37.933861" lon="-122.518321"><ele>4.0</ele></trkpt><trkpt lat="37.933759" lon="-122.518294"><ele>4.0</ele></trkpt><trkpt lat="37.933715" lon="-122.518283"><ele>4.0</ele></trkpt><trkpt lat="37.933612" lon="-122.518259"><ele>3.9</ele></trkpt><trkpt lat="37.933492" lon="-122.518233"><ele>3.9</ele></trkpt><trkpt lat="37.933446" lon="-122.518224"><ele>3.8</ele></trkpt><trkpt lat="37.933345" lon="-122.518204"><ele>3.8</ele></trkpt><trkpt lat="37.933183" lon="-122.518175"><ele>3.7</ele></trkpt><trkpt lat="37.932998" lon="-122.518144"><ele>3.5</ele></trkpt><trkpt lat="37.932901" lon="-122.518127"><ele>3.4</ele></trkpt><trkpt lat="37.932827" lon="-122.518115"><ele>3.3</ele></trkpt><trkpt lat="37.932689" lon="-122.518094"><ele>3.1</ele></trkpt><trkpt lat="37.932561" lon="-122.518075"><ele>3.0</ele></trkpt><trkpt lat="37.932390" lon="-122.518051"><ele>2.9</ele></trkpt><trkpt lat="37.932078" lon="-122.518006"><ele>2.8</ele></trkpt><trkpt lat="37.931971" lon="-122.517990"><ele>2.7</ele></trkpt><trkpt lat="37.931802" lon="-122.517965"><ele>2.6</ele></trkpt><trkpt lat="37.931722" lon="-122.517954"><ele>2.5</ele></trkpt><trkpt lat="37.931508" lon="-122.517926"><ele>2.4</ele></trkpt><trkpt lat="37.931167" lon="-122.517878"><ele>2.2</ele></trkpt><trkpt lat="37.931101" lon="-122.517869"><ele>2.2</ele></trkpt><trkpt lat="37.931037" lon="-122.517862"><ele>2.2</ele></trkpt><trkpt lat="37.930969" lon="-122.517857"><ele>2.1</ele></trkpt><trkpt lat="37.930894" lon="-122.517853"><ele>2.1</ele></trkpt><trkpt lat="37.930826" lon="-122.517851"><ele>2.1</ele></trkpt><trkpt lat="37.930759" lon="-122.517854"><ele>2.1</ele></trkpt><trkpt lat="37.930689" lon="-122.517859"><ele>2.1</ele></trkpt><trkpt lat="37.930627" lon="-122.517864"><ele>2.1</ele></trkpt><trkpt lat="37.930560" lon="-122.517872"><ele>2.1</ele></trkpt><trkpt lat="37.930492" lon="-122.517884"><ele>2.1</ele></trkpt><trkpt lat="37.930430" lon="-122.517897"><ele>2.1</ele></trkpt><trkpt lat="37.930358" lon="-122.517914"><ele>2.0</ele></trkpt><trkpt lat="37.930295" lon="-122.517930"><ele>2.0</ele></trkpt><trkpt lat="37.930230" lon="-122.517947"><ele>1.9</ele></trkpt><trkpt lat="37.930166" lon="-122.517967"><ele>1.8</ele></trkpt><trkpt lat="37.930100" lon="-122.517989"><ele>1.7</ele></trkpt><trkpt lat="37.930020" lon="-122.518018"><ele>1.6</ele></trkpt><trkpt lat="37.929996" lon="-122.518027"><ele>1.6</ele></trkpt><trkpt lat="37.929960" lon="-122.518037"><ele>1.6</ele></trkpt><trkpt lat="37.929928" lon="-122.518044"><ele>1.5</ele></trkpt><trkpt lat="37.929896" lon="-122.518050"><ele>1.5</ele></trkpt><trkpt lat="37.929851" lon="-122.518057"><ele>1.4</ele></trkpt><trkpt lat="37.929812" lon="-122.518067"><ele>1.4</ele></trkpt><trkpt lat="37.929774" lon="-122.518078"><ele>1.4</ele></trkpt><trkpt lat="37.929756" lon="-122.518085"><ele>1.3</ele></trkpt><trkpt lat="37.929746" lon="-122.518090"><ele>1.3</ele></trkpt><trkpt lat="37.929692" lon="-122.518116"><ele>1.3</ele></trkpt><trkpt lat="37.929635" lon="-122.518177"><ele>1.2</ele></trkpt><trkpt lat="37.929606" lon="-122.518202"><ele>1.1</ele></trkpt><trkpt lat="37.929571" lon="-122.518227"><ele>1.1</ele></trkpt><trkpt lat="37.929524" lon="-122.518258"><ele>1.0</ele></trkpt><trkpt lat="37.929480" lon="-122.518287"><ele>1.0</ele></trkpt><trkpt lat="37.929447" lon="-122.518308"><ele>0.9</ele></trkpt><trkpt lat="37.929409" lon="-122.518333"><ele>0.9</ele></trkpt><trkpt lat="37.929375" lon="-122.518356"><ele>0.9</ele></trkpt><trkpt lat="37.929339" lon="-122.518380"><ele>0.9</ele></trkpt><trkpt lat="37.929308" lon="-122.518403"><ele>0.8</ele></trkpt><trkpt lat="37.929273" lon="-122.518430"><ele>0.8</ele></trkpt><trkpt lat="37.929061" lon="-122.518602"><ele>0.7</ele></trkpt><trkpt lat="37.928865" lon="-122.518712"><ele>0.6</ele></trkpt><trkpt lat="37.928655" lon="-122.518806"><ele>0.6</ele></trkpt><trkpt lat="37.928374" lon="-122.518834"><ele>0.6</ele></trkpt><trkpt lat="37.928298" lon="-122.518804"><ele>0.6</ele></trkpt><trkpt lat="37.928238" lon="-122.518784"><ele>0.6</ele></trkpt><trkpt lat="37.928178" lon="-122.518783"><ele>0.6</ele></trkpt><trkpt lat="37.928058" lon="-122.518779"><ele>0.6</ele></trkpt><trkpt lat="37.928031" lon="-122.518778"><ele>0.6</ele></trkpt><trkpt lat="37.927628" lon="-122.518767"><ele>0.8</ele></trkpt><trkpt lat="37.927329" lon="-122.518758"><ele>1.0</ele></trkpt><trkpt lat="37.927219" lon="-122.518794"><ele>1.1</ele></trkpt><trkpt lat="37.926447" lon="-122.518770"><ele>1.5</ele></trkpt><trkpt lat="37.926378" lon="-122.518767"><ele>1.5</ele></trkpt><trkpt lat="37.926314" lon="-122.518767"><ele>1.5</ele></trkpt><trkpt lat="37.926256" lon="-122.518770"><ele>1.5</ele></trkpt><trkpt lat="37.926192" lon="-122.518776"><ele>1.5</ele></trkpt><trkpt lat="37.926155" lon="-122.518781"><ele>1.5</ele></trkpt><trkpt lat="37.926040" lon="-122.518776"><ele>1.4</ele></trkpt><trkpt lat="37.925933" lon="-122.518791"><ele>1.3</ele></trkpt><trkpt lat="37.925766" lon="-122.518801"><ele>1.2</ele></trkpt><trkpt lat="37.925538" lon="-122.518782"><ele>1.2</ele></trkpt><trkpt lat="37.925298" lon="-122.518772"><ele>1.2</ele></trkpt><trkpt lat="37.925202" lon="-122.518754"><ele>1.2</ele></trkpt><trkpt lat="37.925203" lon="-122.518858"><ele>1.3</ele></trkpt><trkpt lat="37.925220" lon="-122.519106"><ele>1.4</ele></trkpt><trkpt lat="37.925226" lon="-122.519218"><ele>1.4</ele></trkpt><trkpt lat="37.925274" lon="-122.520058"><ele>1.5</ele></trkpt><trkpt lat="37.925307" lon="-122.520619"><ele>2.0</ele></trkpt><trkpt lat="37.925315" lon="-122.520774"><ele>2.1</ele></trkpt><trkpt lat="37.925319" lon="-122.520865"><ele>2.2</ele></trkpt><trkpt lat="37.925387" lon="-122.522239"><ele>4.6</ele></trkpt><trkpt lat="37.925390" lon="-122.522311"><ele>4.9</ele></trkpt><trkpt lat="37.925291" lon="-122.522313"><ele>5.5</ele></trkpt><trkpt lat="37.925223" lon="-122.522318"><ele>5.8</ele></trkpt><trkpt lat="37.924859" lon="-122.522350"><ele>7.8</ele></trkpt><trkpt lat="37.924631" lon="-122.522370"><ele>9.0</ele></trkpt><trkpt lat="37.924439" lon="-122.522387"><ele>10.0</ele></trkpt><trkpt lat="37.924038" lon="-122.522423"><ele>13.5</ele></trkpt><trkpt lat="37.923635" lon="-122.522459"><ele>17.8</ele></trkpt><trkpt lat="37.923478" lon="-122.522473"><ele>19.6</ele></trkpt><trkpt lat="37.922111" lon="-122.522612"><ele>39.7</ele></trkpt><trkpt lat="37.921979" lon="-122.522472"><ele>43.6</ele></trkpt><trkpt lat="37.921035" lon="-122.522413"><ele>63.7</ele></trkpt><trkpt lat="37.920882" lon="-122.522710"><ele>69.9</ele></trkpt><trkpt lat="37.920745" lon="-122.522892"><ele>74.2</ele></trkpt><trkpt lat="37.920556" lon="-122.522975"><ele>78.5</ele></trkpt><trkpt lat="37.920313" lon="-122.522935"><ele>83.7</ele></trkpt><trkpt lat="37.919875" lon="-122.522892"><ele>90.7</ele></trkpt><trkpt lat="37.919674" lon="-122.522750"><ele>92.2</ele></trkpt><trkpt lat="37.919532" lon="-122.522769"><ele>92.4</ele></trkpt><trkpt lat="37.919310" lon="-122.522892"><ele>92.6</ele></trkpt><trkpt lat="37.919387" lon="-122.523288"><ele>93.0</ele></trkpt><trkpt lat="37.919553" lon="-122.523257"><ele>93.2</ele></trkpt><trkpt lat="37.919795" lon="-122.523313"><ele>91.5</ele></trkpt><trkpt lat="37.920245" lon="-122.523608"><ele>87.4</ele></trkpt><trkpt lat="37.920372" lon="-122.523726"><ele>86.6</ele></trkpt><trkpt lat="37.920423" lon="-122.523833"><ele>86.1</ele></trkpt><trkpt lat="37.920402" lon="-122.523941"><ele>85.6</ele></trkpt><trkpt lat="37.920326" lon="-122.523989"><ele>85.2</ele></trkpt><trkpt lat="37.920239" lon="-122.524005"><ele>84.8</ele></trkpt><trkpt lat="37.920112" lon="-122.524118"><ele>84.1</ele></trkpt><trkpt lat="37.920021" lon="-122.524340"><ele>83.2</ele></trkpt><trkpt lat="37.920015" lon="-122.524504"><ele>82.5</ele></trkpt><trkpt lat="37.920057" lon="-122.524665"><ele>81.8</ele></trkpt><trkpt lat="37.920040" lon="-122.524810"><ele>81.1</ele></trkpt><trkpt lat="37.919928" lon="-122.524850"><ele>80.5</ele></trkpt><trkpt lat="37.919782" lon="-122.524759"><ele>80.1</ele></trkpt><trkpt lat="37.919543" lon="-122.524724"><ele>81.2</ele></trkpt><trkpt lat="37.919442" lon="-122.524770"><ele>81.6</ele></trkpt><trkpt lat="37.919383" lon="-122.524835"><ele>82.0</ele></trkpt><trkpt lat="37.919340" lon="-122.524875"><ele>82.2</ele></trkpt><trkpt lat="37.919279" lon="-122.525082"><ele>81.9</ele></trkpt><trkpt lat="37.919211" lon="-122.525210"><ele>81.7</ele></trkpt><trkpt lat="37.919109" lon="-122.525248"><ele>81.4</ele></trkpt><trkpt lat="37.919004" lon="-122.525284"><ele>81.2</ele></trkpt><trkpt lat="37.918838" lon="-122.525255"><ele>81.1</ele></trkpt><trkpt lat="37.918687" lon="-122.524984"><ele>81.1</ele></trkpt><trkpt lat="37.918626" lon="-122.524934"><ele>81.1</ele></trkpt><trkpt lat="37.918499" lon="-122.524850"><ele>81.6</ele></trkpt><trkpt lat="37.918427" lon="-122.524861"><ele>82.2</ele></trkpt><trkpt lat="37.918367" lon="-122.524916"><ele>82.7</ele></trkpt><trkpt lat="37.918350" lon="-122.525306"><ele>85.1</ele></trkpt><trkpt lat="37.918233" lon="-122.525502"><ele>87.8</ele></trkpt><trkpt lat="37.918118" lon="-122.525637"><ele>90.1</ele></trkpt><trkpt lat="37.917995" lon="-122.525754"><ele>92.4</ele></trkpt><trkpt lat="37.917836" lon="-122.525761"><ele>93.8</ele></trkpt><trkpt lat="37.917652" lon="-122.525686"><ele>94.9</ele></trkpt><trkpt lat="37.917545" lon="-122.525679"><ele>95.5</ele></trkpt><trkpt lat="37.917282" lon="-122.525696"><ele>98.8</ele></trkpt><trkpt lat="37.917115" lon="-122.525770"><ele>102.3</ele></trkpt><trkpt lat="37.917034" lon="-122.525677"><ele>104.5</ele></trkpt><trkpt lat="37.916950" lon="-122.525616"><ele>106.4</ele></trkpt><trkpt lat="37.916879" lon="-122.525581"><ele>107.5</ele></trkpt><trkpt lat="37.916772" lon="-122.525561"><ele>108.3</ele></trkpt><trkpt lat="37.916661" lon="-122.525566"><ele>109.1</ele></trkpt><trkpt lat="37.916491" lon="-122.525622"><ele>110.4</ele></trkpt><trkpt lat="37.916367" lon="-122.525713"><ele>111.5</ele></trkpt><trkpt lat="37.916228" lon="-122.525862"><ele>113.1</ele></trkpt><trkpt lat="37.916029" lon="-122.526082"><ele>115.3</ele></trkpt><trkpt lat="37.915770" lon="-122.526377"><ele>118.1</ele></trkpt><trkpt lat="37.915521" lon="-122.526682"><ele>119.7</ele></trkpt><trkpt lat="37.915414" lon="-122.526777"><ele>119.2</ele></trkpt><trkpt lat="37.915284" lon="-122.526854"><ele>118.7</ele></trkpt><trkpt lat="37.915143" lon="-122.526901"><ele>118.1</ele></trkpt><trkpt lat="37.914983" lon="-122.526907"><ele>117.1</ele></trkpt><trkpt lat="37.914835" lon="-122.526869"><ele>116.1</ele></trkpt><trkpt lat="37.914697" lon="-122.526772"><ele>115.0</ele></trkpt><trkpt lat="37.914561" lon="-122.526639"><ele>114.3</ele></trkpt><trkpt lat="37.914350" lon="-122.526354"><ele>114.3</ele></trkpt><trkpt lat="37.914228" lon="-122.526218"><ele>114.3</ele></trkpt><trkpt lat="37.914099" lon="-122.526147"><ele>113.0</ele></trkpt><trkpt lat="37.913983" lon="-122.526134"><ele>111.9</ele></trkpt><trkpt lat="37.913859" lon="-122.526171"><ele>110.7</ele></trkpt><trkpt lat="37.913572" lon="-122.526365"><ele>106.8</ele></trkpt><trkpt lat="37.913420" lon="-122.526495"><ele>104.1</ele></trkpt><trkpt lat="37.913329" lon="-122.526624"><ele>102.1</ele></trkpt><trkpt lat="37.913166" lon="-122.526935"><ele>100.8</ele></trkpt><trkpt lat="37.913107" lon="-122.527018"><ele>100.6</ele></trkpt><trkpt lat="37.913016" lon="-122.527084"><ele>100.5</ele></trkpt><trkpt lat="37.912900" lon="-122.527108"><ele>100.3</ele></trkpt><trkpt lat="37.912688" lon="-122.527116"><ele>100.7</ele></trkpt><trkpt lat="37.912365" lon="-122.527087"><ele>101.2</ele></trkpt><trkpt lat="37.912230" lon="-122.527110"><ele>100.4</ele></trkpt><trkpt lat="37.912105" lon="-122.527185"><ele>99.6</ele></trkpt><trkpt lat="37.912006" lon="-122.527316"><ele>98.9</ele></trkpt><trkpt lat="37.911939" lon="-122.527484"><ele>97.9</ele></trkpt><trkpt lat="37.911908" lon="-122.527701"><ele>95.9</ele></trkpt><trkpt lat="37.911880" lon="-122.527881"><ele>94.3</ele></trkpt><trkpt lat="37.911833" lon="-122.527988"><ele>93.2</ele></trkpt><trkpt lat="37.911766" lon="-122.528056"><ele>92.2</ele></trkpt><trkpt lat="37.911666" lon="-122.528075"><ele>91.6</ele></trkpt><trkpt lat="37.911540" lon="-122.528036"><ele>90.9</ele></trkpt><trkpt lat="37.911378" lon="-122.527920"><ele>90.0</ele></trkpt><trkpt lat="37.911216" lon="-122.527769"><ele>89.6</ele></trkpt><trkpt lat="37.911058" lon="-122.527559"><ele>90.6</ele></trkpt><trkpt lat="37.910942" lon="-122.527449"><ele>91.3</ele></trkpt><trkpt lat="37.910818" lon="-122.527422"><ele>91.7</ele></trkpt><trkpt lat="37.910724" lon="-122.527451"><ele>91.1</ele></trkpt><trkpt lat="37.910654" lon="-122.527514"><ele>90.6</ele></trkpt><trkpt lat="37.910601" lon="-122.527611"><ele>90.1</ele></trkpt><trkpt lat="37.910573" lon="-122.527724"><ele>89.6</ele></trkpt><trkpt lat="37.910579" lon="-122.528011"><ele>88.9</ele></trkpt><trkpt lat="37.910564" lon="-122.528156"><ele>89.1</ele></trkpt><trkpt lat="37.910517" lon="-122.528284"><ele>89.4</ele></trkpt><trkpt lat="37.910417" lon="-122.528403"><ele>89.7</ele></trkpt><trkpt lat="37.910302" lon="-122.528461"><ele>89.7</ele></trkpt><trkpt lat="37.910162" lon="-122.528471"><ele>88.3</ele></trkpt><trkpt lat="37.909622" lon="-122.528430"><ele>83.2</ele></trkpt><trkpt lat="37.909289" lon="-122.528421"><ele>80.0</ele></trkpt><trkpt lat="37.908869" lon="-122.528441"><ele>72.1</ele></trkpt><trkpt lat="37.908756" lon="-122.528433"><ele>69.8</ele></trkpt><trkpt lat="37.908650" lon="-122.528408"><ele>67.6</ele></trkpt><trkpt lat="37.908550" lon="-122.528367"><ele>65.6</ele></trkpt><trkpt lat="37.908439" lon="-122.528311"><ele>63.3</ele></trkpt><trkpt lat="37.908376" lon="-122.528274"><ele>62.0</ele></trkpt><trkpt lat="37.908094" lon="-122.528082"><ele>55.6</ele></trkpt><trkpt lat="37.907965" lon="-122.528035"><ele>52.9</ele></trkpt><trkpt lat="37.907859" lon="-122.528034"><ele>50.7</ele></trkpt><trkpt lat="37.907800" lon="-122.528046"><ele>49.5</ele></trkpt><trkpt lat="37.907749" lon="-122.528066"><ele>48.4</ele></trkpt><trkpt lat="37.907717" lon="-122.528082"><ele>47.7</ele></trkpt><trkpt lat="37.907606" lon="-122.528180"><ele>46.8</ele></trkpt><trkpt lat="37.907550" lon="-122.528236"><ele>46.4</ele></trkpt><trkpt lat="37.907447" lon="-122.528376"><ele>45.8</ele></trkpt><trkpt lat="37.907380" lon="-122.528586"><ele>45.0</ele></trkpt><trkpt lat="37.907349" lon="-122.528802"><ele>44.0</ele></trkpt><trkpt lat="37.907299" lon="-122.528898"><ele>43.5</ele></trkpt><trkpt lat="37.907224" lon="-122.528957"><ele>43.0</ele></trkpt><trkpt lat="37.907127" lon="-122.528967"><ele>42.5</ele></trkpt><trkpt lat="37.906981" lon="-122.528878"><ele>41.5</ele></trkpt><trkpt lat="37.906891" lon="-122.528793"><ele>40.6</ele></trkpt><trkpt lat="37.906526" lon="-122.528358"><ele>36.9</ele></trkpt><trkpt lat="37.906397" lon="-122.528280"><ele>36.1</ele></trkpt><trkpt lat="37.906150" lon="-122.528236"><ele>34.7</ele></trkpt><trkpt lat="37.906058" lon="-122.528185"><ele>34.2</ele></trkpt><trkpt lat="37.906008" lon="-122.528113"><ele>33.8</ele></trkpt><trkpt lat="37.905952" lon="-122.528000"><ele>33.3</ele></trkpt><trkpt lat="37.905848" lon="-122.527751"><ele>32.1</ele></trkpt><trkpt lat="37.905757" lon="-122.527622"><ele>31.3</ele></trkpt><trkpt lat="37.905671" lon="-122.527547"><ele>30.6</ele></trkpt><trkpt lat="37.905493" lon="-122.527476"><ele>29.3</ele></trkpt><trkpt lat="37.905366" lon="-122.527460"><ele>28.5</ele></trkpt><trkpt lat="37.904774" lon="-122.527460"><ele>24.2</ele></trkpt><trkpt lat="37.904663" lon="-122.527424"><ele>23.7</ele></trkpt><trkpt lat="37.904607" lon="-122.527387"><ele>23.4</ele></trkpt><trkpt lat="37.904563" lon="-122.527332"><ele>23.2</ele></trkpt><trkpt lat="37.904320" lon="-122.527032"><ele>21.9</ele></trkpt><trkpt lat="37.904194" lon="-122.526933"><ele>21.2</ele></trkpt><trkpt lat="37.904123" lon="-122.526913"><ele>20.9</ele></trkpt><trkpt lat="37.904024" lon="-122.526899"><ele>20.4</ele></trkpt><trkpt lat="37.903922" lon="-122.526899"><ele>20.0</ele></trkpt><trkpt lat="37.903770" lon="-122.526927"><ele>19.2</ele></trkpt><trkpt lat="37.903432" lon="-122.527044"><ele>17.2</ele></trkpt><trkpt lat="37.903298" lon="-122.527111"><ele>16.4</ele></trkpt><trkpt lat="37.903170" lon="-122.527203"><ele>15.9</ele></trkpt><trkpt lat="37.903088" lon="-122.527274"><ele>15.6</ele></trkpt><trkpt lat="37.903012" lon="-122.527348"><ele>15.3</ele></trkpt><trkpt lat="37.902750" lon="-122.527663"><ele>14.4</ele></trkpt><trkpt lat="37.902634" lon="-122.527767"><ele>14.1</ele></trkpt><trkpt lat="37.902512" lon="-122.527853"><ele>13.9</ele></trkpt><trkpt lat="37.902410" lon="-122.527906"><ele>13.7</ele></trkpt><trkpt lat="37.901395" lon="-122.528285"><ele>11.6</ele></trkpt><trkpt lat="37.901324" lon="-122.528313"><ele>11.5</ele></trkpt><trkpt lat="37.901268" lon="-122.528364"><ele>11.5</ele></trkpt><trkpt lat="37.901178" lon="-122.528404"><ele>11.5</ele></trkpt><trkpt lat="37.901061" lon="-122.528457"><ele>11.4</ele></trkpt><trkpt lat="37.900926" lon="-122.528519"><ele>11.3</ele></trkpt><trkpt lat="37.900562" lon="-122.528673"><ele>10.9</ele></trkpt><trkpt lat="37.900490" lon="-122.528708"><ele>10.8</ele></trkpt><trkpt lat="37.900516" lon="-122.528834"><ele>10.7</ele></trkpt><trkpt lat="37.900561" lon="-122.529051"><ele>11.1</ele></trkpt><trkpt lat="37.900561" lon="-122.529231"><ele>11.5</ele></trkpt><trkpt lat="37.900573" lon="-122.529273"><ele>11.6</ele></trkpt><trkpt lat="37.900596" lon="-122.529371"><ele>11.8</ele></trkpt><trkpt lat="37.900697" lon="-122.529835"><ele>12.5</ele></trkpt><trkpt lat="37.900771" lon="-122.530167"><ele>12.8</ele></trkpt><trkpt lat="37.900878" lon="-122.530595"><ele>13.2</ele></trkpt><trkpt lat="37.900995" lon="-122.530932"><ele>13.8</ele></trkpt><trkpt lat="37.901268" lon="-122.531556"><ele>16.1</ele></trkpt><trkpt lat="37.901690" lon="-122.532485"><ele>18.2</ele></trkpt><trkpt lat="37.901730" lon="-122.532582"><ele>18.3</ele></trkpt><trkpt lat="37.901753" lon="-122.532636"><ele>18.3</ele></trkpt><trkpt lat="37.901759" lon="-122.532649"><ele>18.4</ele></trkpt><trkpt lat="37.901766" lon="-122.532666"><ele>18.5</ele></trkpt><trkpt lat="37.902067" lon="-122.533367"><ele>21.7</ele></trkpt><trkpt lat="37.902122" lon="-122.533479"><ele>22.2</ele></trkpt><trkpt lat="37.902244" lon="-122.533756"><ele>23.5</ele></trkpt><trkpt lat="37.902296" lon="-122.533875"><ele>23.8</ele></trkpt><trkpt lat="37.903520" lon="-122.536339"><ele>23.3</ele></trkpt><trkpt lat="37.903597" lon="-122.536491"><ele>22.8</ele></trkpt><trkpt lat="37.903689" lon="-122.536687"><ele>22.1</ele></trkpt><trkpt lat="37.903735" lon="-122.536817"><ele>21.8</ele></trkpt><trkpt lat="37.903749" lon="-122.536885"><ele>21.7</ele></trkpt><trkpt lat="37.903754" lon="-122.536926"><ele>21.7</ele></trkpt><trkpt lat="37.903757" lon="-122.536962"><ele>21.6</ele></trkpt><trkpt lat="37.903778" lon="-122.538141"><ele>20.1</ele></trkpt><trkpt lat="37.903780" lon="-122.538386"><ele>19.8</ele></trkpt><trkpt lat="37.903777" lon="-122.538725"><ele>19.5</ele></trkpt><trkpt lat="37.903775" lon="-122.539119"><ele>19.2</ele></trkpt><trkpt lat="37.903774" lon="-122.539328"><ele>19.0</ele></trkpt><trkpt lat="37.903773" lon="-122.539393"><ele>18.9</ele></trkpt><trkpt lat="37.903774" lon="-122.539458"><ele>18.9</ele></trkpt><trkpt lat="37.903777" lon="-122.539748"><ele>19.3</ele></trkpt><trkpt lat="37.903780" lon="-122.540453"><ele>20.6</ele></trkpt><trkpt lat="37.903780" lon="-122.540929"><ele>21.3</ele></trkpt><trkpt lat="37.903794" lon="-122.541018"><ele>21.3</ele></trkpt><trkpt lat="37.903814" lon="-122.541083"><ele>21.3</ele></trkpt><trkpt lat="37.903968" lon="-122.541421"><ele>21.3</ele></trkpt><trkpt lat="37.904072" lon="-122.541646"><ele>21.3</ele></trkpt><trkpt lat="37.904253" lon="-122.542046"><ele>21.4</ele></trkpt><trkpt lat="37.904349" lon="-122.542248"><ele>21.7</ele></trkpt><trkpt lat="37.904460" lon="-122.542494"><ele>22.1</ele></trkpt><trkpt lat="37.904833" lon="-122.543299"><ele>23.2</ele></trkpt><trkpt lat="37.905085" lon="-122.543748"><ele>23.5</ele></trkpt><trkpt lat="37.905092" lon="-122.543762"><ele>23.5</ele></trkpt><trkpt lat="37.905232" lon="-122.544011"><ele>24.3</ele></trkpt><trkpt lat="37.905265" lon="-122.544063"><ele>24.5</ele></trkpt><trkpt lat="37.905286" lon="-122.544096"><ele>24.6</ele></trkpt><trkpt lat="37.905339" lon="-122.544184"><ele>24.9</ele></trkpt><trkpt lat="37.905731" lon="-122.544839"><ele>27.1</ele></trkpt><trkpt lat="37.905762" lon="-122.544892"><ele>27.2</ele></trkpt><trkpt lat="37.905999" lon="-122.545285"><ele>27.6</ele></trkpt><trkpt lat="37.906027" lon="-122.545203"><ele>27.7</ele></trkpt><trkpt lat="37.906034" lon="-122.545114"><ele>27.8</ele></trkpt><trkpt lat="37.906034" lon="-122.545000"><ele>27.9</ele></trkpt><trkpt lat="37.906034" lon="-122.545114"><ele>28.0</ele></trkpt><trkpt lat="37.906027" lon="-122.545203"><ele>28.0</ele></trkpt><trkpt lat="37.905999" lon="-122.545285"><ele>28.1</ele></trkpt><trkpt lat="37.906097" lon="-122.545448"><ele>28.3</ele></trkpt><trkpt lat="37.906177" lon="-122.545561"><ele>28.3</ele></trkpt><trkpt lat="37.906267" lon="-122.545688"><ele>28.3</ele></trkpt><trkpt lat="37.906414" lon="-122.545886"><ele>28.3</ele></trkpt><trkpt lat="37.906631" lon="-122.546195"><ele>28.0</ele></trkpt><trkpt lat="37.906660" lon="-122.546236"><ele>27.9</ele></trkpt><trkpt lat="37.906632" lon="-122.546506"><ele>27.5</ele></trkpt><trkpt lat="37.906596" lon="-122.546844"><ele>27.6</ele></trkpt><trkpt lat="37.906582" lon="-122.547101"><ele>27.7</ele></trkpt><trkpt lat="37.906581" lon="-122.547181"><ele>27.7</ele></trkpt><trkpt lat="37.906591" lon="-122.547259"><ele>27.7</ele></trkpt><trkpt lat="37.906632" lon="-122.547403"><ele>27.5</ele></trkpt><trkpt lat="37.906664" lon="-122.547489"><ele>27.4</ele></trkpt><trkpt lat="37.906692" lon="-122.547563"><ele>27.3</ele></trkpt><trkpt lat="37.906647" lon="-122.547629"><ele>27.2</ele></trkpt><trkpt lat="37.906555" lon="-122.547769"><ele>26.9</ele></trkpt><trkpt lat="37.906465" lon="-122.547890"><ele>26.9</ele></trkpt><trkpt lat="37.906393" lon="-122.548000"><ele>27.0</ele></trkpt><trkpt lat="37.906297" lon="-122.548150"><ele>27.2</ele></trkpt><trkpt lat="37.906244" lon="-122.548229"><ele>27.3</ele></trkpt><trkpt lat="37.906184" lon="-122.548319"><ele>27.4</ele></trkpt><trkpt lat="37.906101" lon="-122.548446"><ele>27.6</ele></trkpt><trkpt lat="37.905862" lon="-122.548807"><ele>28.5</ele></trkpt><trkpt lat="37.905791" lon="-122.548915"><ele>28.7</ele></trkpt><trkpt lat="37.905676" lon="-122.549084"><ele>29.2</ele></trkpt><trkpt lat="37.905363" lon="-122.549587"><ele>30.7</ele></trkpt><trkpt lat="37.905290" lon="-122.549707"><ele>31.0</ele></trkpt><trkpt lat="37.905258" lon="-122.549760"><ele>31.2</ele></trkpt><trkpt lat="37.905238" lon="-122.549829"><ele>31.3</ele></trkpt><trkpt lat="37.905086" lon="-122.550616"><ele>34.0</ele></trkpt><trkpt lat="37.904950" lon="-122.551446"><ele>37.4</ele></trkpt><trkpt lat="37.904948" lon="-122.551525"><ele>37.7</ele></trkpt><trkpt lat="37.904958" lon="-122.551591"><ele>37.9</ele></trkpt><trkpt lat="37.904988" lon="-122.551687"><ele>38.4</ele></trkpt><trkpt lat="37.905050" lon="-122.551814"><ele>39.0</ele></trkpt><trkpt lat="37.905079" lon="-122.551873"><ele>39.2</ele></trkpt><trkpt lat="37.905371" lon="-122.552488"><ele>42.4</ele></trkpt><trkpt lat="37.905383" lon="-122.552514"><ele>42.6</ele></trkpt><trkpt lat="37.905412" lon="-122.552575"><ele>42.8</ele></trkpt><trkpt lat="37.905446" lon="-122.552638"><ele>43.0</ele></trkpt><trkpt lat="37.905456" lon="-122.552658"><ele>43.1</ele></trkpt><trkpt lat="37.906009" lon="-122.553706"><ele>47.0</ele></trkpt><trkpt lat="37.906067" lon="-122.553827"><ele>47.5</ele></trkpt><trkpt lat="37.906116" lon="-122.553930"><ele>47.9</ele></trkpt><trkpt lat="37.906167" lon="-122.554031"><ele>48.2</ele></trkpt><trkpt lat="37.906479" lon="-122.554653"><ele>49.7</ele></trkpt><trkpt lat="37.906503" lon="-122.554687"><ele>49.8</ele></trkpt><trkpt lat="37.906535" lon="-122.554709"><ele>49.8</ele></trkpt><trkpt lat="37.906864" lon="-122.554879"><ele>52.0</ele></trkpt><trkpt lat="37.906953" lon="-122.555199"><ele>54.1</ele></trkpt><trkpt lat="37.907180" lon="-122.555965"><ele>57.5</ele></trkpt><trkpt lat="37.907282" lon="-122.556093"><ele>58.7</ele></trkpt><trkpt lat="37.907683" lon="-122.556504"><ele>62.0</ele></trkpt><trkpt lat="37.907856" lon="-122.556691"><ele>62.7</ele></trkpt><trkpt lat="37.908229" lon="-122.557108"><ele>65.3</ele></trkpt><trkpt lat="37.908569" lon="-122.557509"><ele>65.8</ele></trkpt><trkpt lat="37.908637" lon="-122.557584"><ele>65.7</ele></trkpt><trkpt lat="37.908790" lon="-122.557738"><ele>65.8</ele></trkpt><trkpt lat="37.908864" lon="-122.557826"><ele>66.2</ele></trkpt><trkpt lat="37.909377" lon="-122.558398"><ele>67.7</ele></trkpt><trkpt lat="37.909438" lon="-122.558444"><ele>67.7</ele></trkpt><trkpt lat="37.909494" lon="-122.558503"><ele>67.7</ele></trkpt><trkpt lat="37.909533" lon="-122.558596"><ele>67.7</ele></trkpt><trkpt lat="37.909650" lon="-122.558936"><ele>68.1</ele></trkpt><trkpt lat="37.909664" lon="-122.559020"><ele>68.3</ele></trkpt><trkpt lat="37.909767" lon="-122.559097"><ele>68.5</ele></trkpt><trkpt lat="37.909965" lon="-122.559224"><ele>68.8</ele></trkpt><trkpt lat="37.909993" lon="-122.559256"><ele>68.9</ele></trkpt><trkpt lat="37.910022" lon="-122.559289"><ele>69.0</ele></trkpt><trkpt lat="37.910029" lon="-122.559333"><ele>69.0</ele></trkpt><trkpt lat="37.910026" lon="-122.559380"><ele>69.1</ele></trkpt><trkpt lat="37.909993" lon="-122.559422"><ele>69.2</ele></trkpt><trkpt lat="37.909944" lon="-122.559475"><ele>69.3</ele></trkpt><trkpt lat="37.909912" lon="-122.559545"><ele>69.4</ele></trkpt><trkpt lat="37.909903" lon="-122.559604"><ele>69.5</ele></trkpt><trkpt lat="37.909913" lon="-122.559666"><ele>69.6</ele></trkpt><trkpt lat="37.909946" lon="-122.559728"><ele>69.8</ele></trkpt><trkpt lat="37.910227" lon="-122.559971"><ele>70.7</ele></trkpt><trkpt lat="37.910523" lon="-122.560259"><ele>71.7</ele></trkpt><trkpt lat="37.910628" lon="-122.560349"><ele>72.1</ele></trkpt><trkpt lat="37.910693" lon="-122.560385"><ele>72.3</ele></trkpt><trkpt lat="37.910767" lon="-122.560407"><ele>72.5</ele></trkpt><trkpt lat="37.910992" lon="-122.560423"><ele>73.4</ele></trkpt><trkpt lat="37.911043" lon="-122.560435"><ele>73.6</ele></trkpt><trkpt lat="37.911089" lon="-122.560461"><ele>73.8</ele></trkpt><trkpt lat="37.911131" lon="-122.560514"><ele>74.0</ele></trkpt><trkpt lat="37.911154" lon="-122.560562"><ele>74.2</ele></trkpt><trkpt lat="37.911154" lon="-122.560608"><ele>74.4</ele></trkpt><trkpt lat="37.911118" lon="-122.560721"><ele>74.8</ele></trkpt><trkpt lat="37.911056" lon="-122.560924"><ele>75.8</ele></trkpt><trkpt lat="37.911052" lon="-122.561044"><ele>76.3</ele></trkpt><trkpt lat="37.911095" lon="-122.561177"><ele>76.9</ele></trkpt><trkpt lat="37.911142" lon="-122.561293"><ele>77.5</ele></trkpt><trkpt lat="37.911201" lon="-122.561363"><ele>78.1</ele></trkpt><trkpt lat="37.911270" lon="-122.561417"><ele>78.8</ele></trkpt><trkpt lat="37.911391" lon="-122.561466"><ele>79.8</ele></trkpt><trkpt lat="37.911440" lon="-122.561503"><ele>80.3</ele></trkpt><trkpt lat="37.911456" lon="-122.561563"><ele>80.7</ele></trkpt><trkpt lat="37.911462" lon="-122.561615"><ele>81.1</ele></trkpt><trkpt lat="37.911435" lon="-122.561671"><ele>81.5</ele></trkpt><trkpt lat="37.911370" lon="-122.561762"><ele>82.3</ele></trkpt><trkpt lat="37.911339" lon="-122.561812"><ele>82.7</ele></trkpt><trkpt lat="37.911326" lon="-122.561895"><ele>83.2</ele></trkpt><trkpt lat="37.911337" lon="-122.561967"><ele>83.7</ele></trkpt><trkpt lat="37.911382" lon="-122.562113"><ele>84.7</ele></trkpt><trkpt lat="37.911455" lon="-122.562206"><ele>85.5</ele></trkpt><trkpt lat="37.911512" lon="-122.562345"><ele>86.5</ele></trkpt><trkpt lat="37.911524" lon="-122.562494"><ele>87.5</ele></trkpt><trkpt lat="37.911473" lon="-122.562728"><ele>89.1</ele></trkpt><trkpt lat="37.911483" lon="-122.562823"><ele>89.8</ele></trkpt><trkpt lat="37.911531" lon="-122.562920"><ele>90.5</ele></trkpt><trkpt lat="37.911748" lon="-122.563301"><ele>93.0</ele></trkpt><trkpt lat="37.911847" lon="-122.563527"><ele>94.2</ele></trkpt><trkpt lat="37.911905" lon="-122.563627"><ele>95.0</ele></trkpt><trkpt lat="37.911935" lon="-122.563669"><ele>95.5</ele></trkpt><trkpt lat="37.911946" lon="-122.563723"><ele>95.9</ele></trkpt><trkpt lat="37.911937" lon="-122.563743"><ele>96.1</ele></trkpt><trkpt lat="37.911914" lon="-122.563796"><ele>96.6</ele></trkpt><trkpt lat="37.911876" lon="-122.563853"><ele>97.2</ele></trkpt><trkpt lat="37.911840" lon="-122.563910"><ele>97.8</ele></trkpt><trkpt lat="37.911804" lon="-122.564016"><ele>98.7</ele></trkpt><trkpt lat="37.911771" lon="-122.564188"><ele>100.2</ele></trkpt><trkpt lat="37.911758" lon="-122.564310"><ele>101.3</ele></trkpt><trkpt lat="37.911780" lon="-122.564403"><ele>102.3</ele></trkpt><trkpt lat="37.911824" lon="-122.564502"><ele>103.3</ele></trkpt><trkpt lat="37.911895" lon="-122.564685"><ele>105.3</ele></trkpt><trkpt lat="37.911952" lon="-122.564921"><ele>106.7</ele></trkpt><trkpt lat="37.912002" lon="-122.565252"><ele>107.4</ele></trkpt><trkpt lat="37.912011" lon="-122.565442"><ele>107.8</ele></trkpt><trkpt lat="37.911984" lon="-122.565914"><ele>108.7</ele></trkpt><trkpt lat="37.911985" lon="-122.566082"><ele>109.0</ele></trkpt><trkpt lat="37.911960" lon="-122.566229"><ele>109.3</ele></trkpt><trkpt lat="37.911930" lon="-122.566316"><ele>109.6</ele></trkpt><trkpt lat="37.911895" lon="-122.566379"><ele>109.9</ele></trkpt><trkpt lat="37.911854" lon="-122.566416"><ele>110.1</ele></trkpt><trkpt lat="37.911795" lon="-122.566443"><ele>110.3</ele></trkpt><trkpt lat="37.911720" lon="-122.566484"><ele>110.7</ele></trkpt><trkpt lat="37.911690" lon="-122.566523"><ele>110.8</ele></trkpt><trkpt lat="37.911659" lon="-122.566571"><ele>111.0</ele></trkpt><trkpt lat="37.911619" lon="-122.566642"><ele>111.3</ele></trkpt><trkpt lat="37.911575" lon="-122.566767"><ele>111.3</ele></trkpt><trkpt lat="37.911534" lon="-122.566875"><ele>111.3</ele></trkpt><trkpt lat="37.911480" lon="-122.566952"><ele>111.3</ele></trkpt><trkpt lat="37.911410" lon="-122.567175"><ele>111.3</ele></trkpt><trkpt lat="37.911348" lon="-122.567271"><ele>111.1</ele></trkpt><trkpt lat="37.911204" lon="-122.567406"><ele>110.5</ele></trkpt><trkpt lat="37.911074" lon="-122.567508"><ele>110.0</ele></trkpt><trkpt lat="37.910945" lon="-122.567610"><ele>109.4</ele></trkpt><trkpt lat="37.910701" lon="-122.567724"><ele>111.5</ele></trkpt><trkpt lat="37.910843" lon="-122.567739"><ele>112.7</ele></trkpt><trkpt lat="37.910989" lon="-122.567715"><ele>113.9</ele></trkpt><trkpt lat="37.911134" lon="-122.567715"><ele>115.7</ele></trkpt><trkpt lat="37.911239" lon="-122.567797"><ele>117.2</ele></trkpt><trkpt lat="37.911327" lon="-122.567945"><ele>119.0</ele></trkpt><trkpt lat="37.911373" lon="-122.568054"><ele>120.3</ele></trkpt><trkpt lat="37.911379" lon="-122.568096"><ele>120.7</ele></trkpt><trkpt lat="37.911371" lon="-122.568156"><ele>121.2</ele></trkpt><trkpt lat="37.911345" lon="-122.568241"><ele>121.9</ele></trkpt><trkpt lat="37.911350" lon="-122.568289"><ele>122.3</ele></trkpt><trkpt lat="37.911412" lon="-122.568328"><ele>123.0</ele></trkpt><trkpt lat="37.911504" lon="-122.568426"><ele>124.2</ele></trkpt><trkpt lat="37.911584" lon="-122.568525"><ele>125.4</ele></trkpt><trkpt lat="37.911647" lon="-122.568642"><ele>126.4</ele></trkpt><trkpt lat="37.911671" lon="-122.568744"><ele>126.9</ele></trkpt><trkpt lat="37.911648" lon="-122.568855"><ele>127.5</ele></trkpt><trkpt lat="37.911591" lon="-122.568936"><ele>128.0</ele></trkpt><trkpt lat="37.911523" lon="-122.569041"><ele>128.6</ele></trkpt><trkpt lat="37.911487" lon="-122.569152"><ele>129.2</ele></trkpt><trkpt lat="37.911511" lon="-122.569187"><ele>129.4</ele></trkpt><trkpt lat="37.911580" lon="-122.569173"><ele>129.9</ele></trkpt><trkpt lat="37.911677" lon="-122.569153"><ele>130.5</ele></trkpt><trkpt lat="37.911738" lon="-122.569156"><ele>130.9</ele></trkpt><trkpt lat="37.911742" lon="-122.569194"><ele>131.0</ele></trkpt><trkpt lat="37.911685" lon="-122.569206"><ele>131.4</ele></trkpt><trkpt lat="37.911625" lon="-122.569241"><ele>131.8</ele></trkpt><trkpt lat="37.911538" lon="-122.569298"><ele>132.4</ele></trkpt><trkpt lat="37.911446" lon="-122.569329"><ele>133.0</ele></trkpt><trkpt lat="37.911359" lon="-122.569345"><ele>133.7</ele></trkpt><trkpt lat="37.911299" lon="-122.569345"><ele>134.1</ele></trkpt><trkpt lat="37.911272" lon="-122.569321"><ele>134.4</ele></trkpt><trkpt lat="37.911287" lon="-122.569227"><ele>134.9</ele></trkpt><trkpt lat="37.911318" lon="-122.569109"><ele>135.7</ele></trkpt><trkpt lat="37.911339" lon="-122.568981"><ele>136.4</ele></trkpt><trkpt lat="37.911341" lon="-122.568863"><ele>137.0</ele></trkpt><trkpt lat="37.911305" lon="-122.568798"><ele>137.2</ele></trkpt><trkpt lat="37.911167" lon="-122.568815"><ele>137.7</ele></trkpt><trkpt lat="37.911057" lon="-122.568828"><ele>138.0</ele></trkpt><trkpt lat="37.910934" lon="-122.568841"><ele>138.5</ele></trkpt><trkpt lat="37.910851" lon="-122.568841"><ele>138.7</ele></trkpt><trkpt lat="37.910799" lon="-122.568818"><ele>138.9</ele></trkpt><trkpt lat="37.910776" lon="-122.568748"><ele>139.1</ele></trkpt><trkpt lat="37.910782" lon="-122.568640"><ele>139.4</ele></trkpt><trkpt lat="37.910776" lon="-122.568550"><ele>139.6</ele></trkpt><trkpt lat="37.910738" lon="-122.568507"><ele>139.8</ele></trkpt><trkpt lat="37.910682" lon="-122.568494"><ele>140.0</ele></trkpt><trkpt lat="37.910570" lon="-122.568494"><ele>140.4</ele></trkpt><trkpt lat="37.910510" lon="-122.568476"><ele>140.7</ele></trkpt><trkpt lat="37.910444" lon="-122.568479"><ele>141.4</ele></trkpt><trkpt lat="37.910372" lon="-122.568510"><ele>142.3</ele></trkpt><trkpt lat="37.910302" lon="-122.568612"><ele>143.5</ele></trkpt><trkpt lat="37.910256" lon="-122.568726"><ele>144.7</ele></trkpt><trkpt lat="37.910219" lon="-122.568790"><ele>145.4</ele></trkpt><trkpt lat="37.910166" lon="-122.568889"><ele>146.5</ele></trkpt><trkpt lat="37.910244" lon="-122.568839"><ele>146.9</ele></trkpt><trkpt lat="37.910387" lon="-122.568720"><ele>147.6</ele></trkpt><trkpt lat="37.910446" lon="-122.568716"><ele>147.8</ele></trkpt><trkpt lat="37.910484" lon="-122.568735"><ele>148.0</ele></trkpt><trkpt lat="37.910507" lon="-122.568777"><ele>148.1</ele></trkpt><trkpt lat="37.910527" lon="-122.568911"><ele>148.6</ele></trkpt><trkpt lat="37.910532" lon="-122.568993"><ele>148.8</ele></trkpt><trkpt lat="37.910558" lon="-122.569059"><ele>149.0</ele></trkpt><trkpt lat="37.910592" lon="-122.569120"><ele>149.3</ele></trkpt><trkpt lat="37.910651" lon="-122.569174"><ele>149.6</ele></trkpt><trkpt lat="37.910705" lon="-122.569192"><ele>149.8</ele></trkpt><trkpt lat="37.910810" lon="-122.569204"><ele>150.2</ele></trkpt><trkpt lat="37.910837" lon="-122.569225"><ele>150.3</ele></trkpt><trkpt lat="37.910848" lon="-122.569268"><ele>150.4</ele></trkpt><trkpt lat="37.910809" lon="-122.569385"><ele>150.8</ele></trkpt><trkpt lat="37.910773" lon="-122.569464"><ele>151.1</ele></trkpt><trkpt lat="37.910653" lon="-122.569591"><ele>151.9</ele></trkpt><trkpt lat="37.910633" lon="-122.569655"><ele>152.1</ele></trkpt><trkpt lat="37.910628" lon="-122.569708"><ele>152.3</ele></trkpt><trkpt lat="37.910661" lon="-122.569727"><ele>152.5</ele></trkpt><trkpt lat="37.910718" lon="-122.569743"><ele>152.7</ele></trkpt><trkpt lat="37.910805" lon="-122.569738"><ele>153.1</ele></trkpt><trkpt lat="37.910949" lon="-122.569787"><ele>154.7</ele></trkpt><trkpt lat="37.910995" lon="-122.569807"><ele>155.3</ele></trkpt><trkpt lat="37.910996" lon="-122.569849"><ele>155.8</ele></trkpt><trkpt lat="37.910962" lon="-122.569853"><ele>156.2</ele></trkpt><trkpt lat="37.910859" lon="-122.569829"><ele>157.6</ele></trkpt><trkpt lat="37.910765" lon="-122.569827"><ele>158.8</ele></trkpt><trkpt lat="37.910684" lon="-122.569843"><ele>159.9</ele></trkpt><trkpt lat="37.910625" lon="-122.569862"><ele>160.5</ele></trkpt><trkpt lat="37.910527" lon="-122.569839"><ele>161.3</ele></trkpt><trkpt lat="37.910450" lon="-122.569779"><ele>162.0</ele></trkpt><trkpt lat="37.910413" lon="-122.569712"><ele>162.5</ele></trkpt><trkpt lat="37.910419" lon="-122.569627"><ele>163.1</ele></trkpt><trkpt lat="37.910409" lon="-122.569518"><ele>163.8</ele></trkpt><trkpt lat="37.910363" lon="-122.569440"><ele>164.4</ele></trkpt><trkpt lat="37.910263" lon="-122.569383"><ele>165.9</ele></trkpt><trkpt lat="37.910178" lon="-122.569401"><ele>167.2</ele></trkpt><trkpt lat="37.910108" lon="-122.569462"><ele>168.5</ele></trkpt><trkpt lat="37.910026" lon="-122.569580"><ele>170.4</ele></trkpt><trkpt lat="37.909949" lon="-122.569679"><ele>172.1</ele></trkpt><trkpt lat="37.909884" lon="-122.569766"><ele>173.6</ele></trkpt><trkpt lat="37.909806" lon="-122.569843"><ele>175.0</ele></trkpt><trkpt lat="37.909740" lon="-122.569857"><ele>175.9</ele></trkpt><trkpt lat="37.909663" lon="-122.569843"><ele>177.0</ele></trkpt><trkpt lat="37.909585" lon="-122.569768"><ele>178.4</ele></trkpt><trkpt lat="37.909499" lon="-122.569596"><ele>180.7</ele></trkpt><trkpt lat="37.909423" lon="-122.569509"><ele>182.1</ele></trkpt><trkpt lat="37.909369" lon="-122.569517"><ele>182.9</ele></trkpt><trkpt lat="37.909304" lon="-122.569617"><ele>184.4</ele></trkpt><trkpt lat="37.909242" lon="-122.569763"><ele>186.2</ele></trkpt><trkpt lat="37.909192" lon="-122.569903"><ele>188.0</ele></trkpt><trkpt lat="37.909119" lon="-122.570052"><ele>190.1</ele></trkpt><trkpt lat="37.909040" lon="-122.570167"><ele>191.9</ele></trkpt><trkpt lat="37.908990" lon="-122.570203"><ele>192.8</ele></trkpt><trkpt lat="37.908947" lon="-122.570201"><ele>193.5</ele></trkpt><trkpt lat="37.908907" lon="-122.570141"><ele>194.4</ele></trkpt><trkpt lat="37.908833" lon="-122.569928"><ele>197.3</ele></trkpt><trkpt lat="37.908747" lon="-122.569736"><ele>200.0</ele></trkpt><trkpt lat="37.908678" lon="-122.569596"><ele>202.0</ele></trkpt><trkpt lat="37.908615" lon="-122.569521"><ele>203.3</ele></trkpt><trkpt lat="37.908555" lon="-122.569503"><ele>204.2</ele></trkpt><trkpt lat="37.908490" lon="-122.569515"><ele>205.3</ele></trkpt><trkpt lat="37.908405" lon="-122.569599"><ele>208.1</ele></trkpt><trkpt lat="37.908283" lon="-122.569792"><ele>213.2</ele></trkpt><trkpt lat="37.908223" lon="-122.569893"><ele>215.8</ele></trkpt><trkpt lat="37.908176" lon="-122.569929"><ele>217.3</ele></trkpt><trkpt lat="37.908135" lon="-122.569924"><ele>218.3</ele></trkpt><trkpt lat="37.908041" lon="-122.569839"><ele>220.8</ele></trkpt><trkpt lat="37.907946" lon="-122.569743"><ele>223.1</ele></trkpt><trkpt lat="37.907892" lon="-122.569601"><ele>225.5</ele></trkpt><trkpt lat="37.907844" lon="-122.569455"><ele>227.9</ele></trkpt><trkpt lat="37.907788" lon="-122.569344"><ele>229.7</ele></trkpt><trkpt lat="37.907728" lon="-122.569295"><ele>230.4</ele></trkpt><trkpt lat="37.907667" lon="-122.569298"><ele>231.0</ele></trkpt><trkpt lat="37.907549" lon="-122.569339"><ele>232.1</ele></trkpt><trkpt lat="37.907414" lon="-122.569357"><ele>233.4</ele></trkpt><trkpt lat="37.907378" lon="-122.569384"><ele>233.8</ele></trkpt><trkpt lat="37.907292" lon="-122.569474"><ele>235.0</ele></trkpt><trkpt lat="37.907248" lon="-122.569506"><ele>235.9</ele></trkpt><trkpt lat="37.907195" lon="-122.569502"><ele>237.0</ele></trkpt><trkpt lat="37.907127" lon="-122.569434"><ele>238.6</ele></trkpt><trkpt lat="37.906989" lon="-122.569359"><ele>241.5</ele></trkpt><trkpt lat="37.906890" lon="-122.569352"><ele>243.4</ele></trkpt><trkpt lat="37.906799" lon="-122.569354"><ele>245.1</ele></trkpt><trkpt lat="37.906724" lon="-122.569350"><ele>245.9</ele></trkpt><trkpt lat="37.906673" lon="-122.569342"><ele>246.4</ele></trkpt><trkpt lat="37.906657" lon="-122.569339"><ele>246.6</ele></trkpt><trkpt lat="37.906657" lon="-122.569290"><ele>247.0</ele></trkpt><trkpt lat="37.906713" lon="-122.569058"><ele>248.9</ele></trkpt><trkpt lat="37.906717" lon="-122.568930"><ele>250.0</ele></trkpt><trkpt lat="37.906667" lon="-122.569004"><ele>250.7</ele></trkpt><trkpt lat="37.906621" lon="-122.569097"><ele>251.2</ele></trkpt><trkpt lat="37.906564" lon="-122.569209"><ele>251.8</ele></trkpt><trkpt lat="37.906509" lon="-122.569334"><ele>252.5</ele></trkpt><trkpt lat="37.906477" lon="-122.569472"><ele>253.2</ele></trkpt><trkpt lat="37.906447" lon="-122.569533"><ele>253.6</ele></trkpt><trkpt lat="37.906409" lon="-122.569612"><ele>253.8</ele></trkpt><trkpt lat="37.906590" lon="-122.569638"><ele>253.1</ele></trkpt><trkpt lat="37.906739" lon="-122.569633"><ele>252.5</ele></trkpt><trkpt lat="37.906799" lon="-122.569725"><ele>252.1</ele></trkpt><trkpt lat="37.906883" lon="-122.569816"><ele>252.0</ele></trkpt><trkpt lat="37.906947" lon="-122.569944"><ele>254.0</ele></trkpt><trkpt lat="37.907006" lon="-122.570020"><ele>255.4</ele></trkpt><trkpt lat="37.907082" lon="-122.570036"><ele>256.7</ele></trkpt><trkpt lat="37.907175" lon="-122.570052"><ele>258.2</ele></trkpt><trkpt lat="37.907273" lon="-122.570041"><ele>259.8</ele></trkpt><trkpt lat="37.907370" lon="-122.570025"><ele>260.4</ele></trkpt><trkpt lat="37.907467" lon="-122.570079"><ele>260.1</ele></trkpt><trkpt lat="37.907544" lon="-122.570170"><ele>259.7</ele></trkpt><trkpt lat="37.907585" lon="-122.570263"><ele>259.4</ele></trkpt><trkpt lat="37.907606" lon="-122.570383"><ele>259.1</ele></trkpt><trkpt lat="37.907604" lon="-122.570518"><ele>258.8</ele></trkpt><trkpt lat="37.907593" lon="-122.570673"><ele>259.6</ele></trkpt><trkpt lat="37.907577" lon="-122.570793"><ele>260.2</ele></trkpt><trkpt lat="37.907552" lon="-122.570889"><ele>260.7</ele></trkpt><trkpt lat="37.907505" lon="-122.570851"><ele>261.0</ele></trkpt><trkpt lat="37.907476" lon="-122.570765"><ele>261.5</ele></trkpt><trkpt lat="37.907417" lon="-122.570658"><ele>262.1</ele></trkpt><trkpt lat="37.907430" lon="-122.570874"><ele>262.6</ele></trkpt><trkpt lat="37.907419" lon="-122.570981"><ele>262.8</ele></trkpt><trkpt lat="37.907414" lon="-122.571079"><ele>263.1</ele></trkpt><trkpt lat="37.907395" lon="-122.571123"><ele>263.2</ele></trkpt><trkpt lat="37.907317" lon="-122.571173"><ele>263.4</ele></trkpt><trkpt lat="37.907255" lon="-122.571200"><ele>263.6</ele></trkpt><trkpt lat="37.907208" lon="-122.571222"><ele>264.1</ele></trkpt><trkpt lat="37.907169" lon="-122.571270"><ele>264.8</ele></trkpt><trkpt lat="37.907150" lon="-122.571322"><ele>265.5</ele></trkpt><trkpt lat="37.907134" lon="-122.571397"><ele>266.3</ele></trkpt><trkpt lat="37.907109" lon="-122.571481"><ele>267.3</ele></trkpt><trkpt lat="37.906988" lon="-122.571555"><ele>269.1</ele></trkpt><trkpt lat="37.906911" lon="-122.571591"><ele>270.2</ele></trkpt><trkpt lat="37.906887" lon="-122.571641"><ele>270.8</ele></trkpt><trkpt lat="37.906871" lon="-122.571714"><ele>271.4</ele></trkpt><trkpt lat="37.906866" lon="-122.571793"><ele>272.0</ele></trkpt><trkpt lat="37.906875" lon="-122.571849"><ele>272.5</ele></trkpt><trkpt lat="37.906930" lon="-122.571932"><ele>273.3</ele></trkpt><trkpt lat="37.907035" lon="-122.572017"><ele>274.4</ele></trkpt><trkpt lat="37.907118" lon="-122.572098"><ele>275.4</ele></trkpt><trkpt lat="37.907162" lon="-122.572226"><ele>276.4</ele></trkpt><trkpt lat="37.907188" lon="-122.572448"><ele>277.9</ele></trkpt><trkpt lat="37.907239" lon="-122.572571"><ele>278.9</ele></trkpt><trkpt lat="37.907316" lon="-122.572690"><ele>279.9</ele></trkpt><trkpt lat="37.907320" lon="-122.572741"><ele>280.3</ele></trkpt><trkpt lat="37.907308" lon="-122.572796"><ele>280.6</ele></trkpt><trkpt lat="37.907240" lon="-122.572977"><ele>282.0</ele></trkpt><trkpt lat="37.907152" lon="-122.573208"><ele>283.7</ele></trkpt><trkpt lat="37.907118" lon="-122.573387"><ele>285.0</ele></trkpt><trkpt lat="37.907124" lon="-122.573454"><ele>285.4</ele></trkpt><trkpt lat="37.907159" lon="-122.573513"><ele>285.8</ele></trkpt><trkpt lat="37.907269" lon="-122.573595"><ele>286.7</ele></trkpt><trkpt lat="37.907415" lon="-122.573693"><ele>287.8</ele></trkpt><trkpt lat="37.907453" lon="-122.573745"><ele>288.2</ele></trkpt><trkpt lat="37.907477" lon="-122.573805"><ele>288.5</ele></trkpt><trkpt lat="37.907478" lon="-122.573863"><ele>288.8</ele></trkpt><trkpt lat="37.907407" lon="-122.574089"><ele>289.8</ele></trkpt><trkpt lat="37.907409" lon="-122.574162"><ele>290.1</ele></trkpt><trkpt lat="37.907444" lon="-122.574241"><ele>290.5</ele></trkpt><trkpt lat="37.907518" lon="-122.574331"><ele>291.0</ele></trkpt><trkpt lat="37.907607" lon="-122.574363"><ele>291.4</ele></trkpt><trkpt lat="37.907700" lon="-122.574353"><ele>291.6</ele></trkpt><trkpt lat="37.907901" lon="-122.574247"><ele>291.4</ele></trkpt><trkpt lat="37.907933" lon="-122.574248"><ele>291.4</ele></trkpt><trkpt lat="37.907960" lon="-122.574265"><ele>291.3</ele></trkpt><trkpt lat="37.907979" lon="-122.574298"><ele>291.3</ele></trkpt><trkpt lat="37.907995" lon="-122.574377"><ele>291.2</ele></trkpt><trkpt lat="37.907997" lon="-122.574499"><ele>291.1</ele></trkpt><trkpt lat="37.907986" lon="-122.574608"><ele>291.0</ele></trkpt><trkpt lat="37.907986" lon="-122.574753"><ele>290.9</ele></trkpt><trkpt lat="37.908012" lon="-122.574855"><ele>290.8</ele></trkpt><trkpt lat="37.908081" lon="-122.574973"><ele>290.7</ele></trkpt><trkpt lat="37.908168" lon="-122.575088"><ele>290.5</ele></trkpt><trkpt lat="37.908249" lon="-122.575198"><ele>290.4</ele></trkpt><trkpt lat="37.908310" lon="-122.575255"><ele>290.3</ele></trkpt><trkpt lat="37.908355" lon="-122.575280"><ele>290.2</ele></trkpt><trkpt lat="37.908430" lon="-122.575290"><ele>290.2</ele></trkpt><trkpt lat="37.908520" lon="-122.575295"><ele>290.1</ele></trkpt><trkpt lat="37.908599" lon="-122.575311"><ele>290.0</ele></trkpt><trkpt lat="37.908669" lon="-122.575339"><ele>289.9</ele></trkpt><trkpt lat="37.908748" lon="-122.575384"><ele>289.8</ele></trkpt><trkpt lat="37.908798" lon="-122.575443"><ele>289.8</ele></trkpt><trkpt lat="37.908819" lon="-122.575486"><ele>289.8</ele></trkpt><trkpt lat="37.908822" lon="-122.575525"><ele>289.7</ele></trkpt><trkpt lat="37.908815" lon="-122.575564"><ele>289.7</ele></trkpt><trkpt lat="37.908815" lon="-122.575712"><ele>289.7</ele></trkpt><trkpt lat="37.908815" lon="-122.575800"><ele>289.6</ele></trkpt><trkpt lat="37.908850" lon="-122.575914"><ele>289.6</ele></trkpt><trkpt lat="37.908896" lon="-122.575979"><ele>289.3</ele></trkpt><trkpt lat="37.908940" lon="-122.576038"><ele>289.0</ele></trkpt><trkpt lat="37.908991" lon="-122.576064"><ele>288.8</ele></trkpt><trkpt lat="37.909069" lon="-122.576057"><ele>288.4</ele></trkpt><trkpt lat="37.909209" lon="-122.576040"><ele>287.8</ele></trkpt><trkpt lat="37.909244" lon="-122.576060"><ele>287.6</ele></trkpt><trkpt lat="37.909288" lon="-122.576121"><ele>287.3</ele></trkpt><trkpt lat="37.909332" lon="-122.576237"><ele>287.1</ele></trkpt><trkpt lat="37.909393" lon="-122.576341"><ele>287.1</ele></trkpt><trkpt lat="37.909465" lon="-122.576377"><ele>287.1</ele></trkpt><trkpt lat="37.909535" lon="-122.576386"><ele>287.1</ele></trkpt><trkpt lat="37.909597" lon="-122.576383"><ele>287.1</ele></trkpt><trkpt lat="37.909668" lon="-122.576386"><ele>287.1</ele></trkpt><trkpt lat="37.909729" lon="-122.576412"><ele>287.1</ele></trkpt><trkpt lat="37.909800" lon="-122.576472"><ele>287.3</ele></trkpt><trkpt lat="37.909835" lon="-122.576530"><ele>287.5</ele></trkpt><trkpt lat="37.909866" lon="-122.576610"><ele>287.8</ele></trkpt><trkpt lat="37.909956" lon="-122.576892"><ele>288.7</ele></trkpt><trkpt lat="37.909963" lon="-122.576959"><ele>289.0</ele></trkpt><trkpt lat="37.909952" lon="-122.577020"><ele>289.1</ele></trkpt><trkpt lat="37.910022" lon="-122.577035"><ele>289.4</ele></trkpt><trkpt lat="37.910115" lon="-122.577040"><ele>289.7</ele></trkpt><trkpt lat="37.910191" lon="-122.577035"><ele>290.0</ele></trkpt><trkpt lat="37.910320" lon="-122.577026"><ele>290.4</ele></trkpt><trkpt lat="37.910361" lon="-122.577026"><ele>290.6</ele></trkpt><trkpt lat="37.910412" lon="-122.577029"><ele>290.7</ele></trkpt><trkpt lat="37.910489" lon="-122.577048"><ele>291.0</ele></trkpt><trkpt lat="37.910561" lon="-122.577082"><ele>291.3</ele></trkpt><trkpt lat="37.910620" lon="-122.577055"><ele>291.5</ele></trkpt><trkpt lat="37.910675" lon="-122.577055"><ele>291.7</ele></trkpt><trkpt lat="37.910737" lon="-122.577069"><ele>291.9</ele></trkpt><trkpt lat="37.910855" lon="-122.577150"><ele>292.3</ele></trkpt><trkpt lat="37.911054" lon="-122.577091"><ele>293.1</ele></trkpt><trkpt lat="37.911157" lon="-122.577072"><ele>293.9</ele></trkpt><trkpt lat="37.911202" lon="-122.577078"><ele>294.2</ele></trkpt><trkpt lat="37.911244" lon="-122.577116"><ele>294.6</ele></trkpt><trkpt lat="37.911271" lon="-122.577171"><ele>295.0</ele></trkpt><trkpt lat="37.911316" lon="-122.577360"><ele>296.2</ele></trkpt><trkpt lat="37.911339" lon="-122.577416"><ele>296.5</ele></trkpt><trkpt lat="37.911371" lon="-122.577470"><ele>296.9</ele></trkpt><trkpt lat="37.911410" lon="-122.577509"><ele>297.1</ele></trkpt><trkpt lat="37.911522" lon="-122.577543"><ele>297.7</ele></trkpt><trkpt lat="37.911622" lon="-122.577553"><ele>298.2</ele></trkpt><trkpt lat="37.911733" lon="-122.577597"><ele>298.8</ele></trkpt><trkpt lat="37.911791" lon="-122.577662"><ele>299.2</ele></trkpt><trkpt lat="37.911854" lon="-122.577779"><ele>299.8</ele></trkpt><trkpt lat="37.911911" lon="-122.577925"><ele>300.7</ele></trkpt><trkpt lat="37.912000" lon="-122.578045"><ele>301.7</ele></trkpt><trkpt lat="37.912135" lon="-122.578145"><ele>302.9</ele></trkpt><trkpt lat="37.912277" lon="-122.578270"><ele>304.3</ele></trkpt><trkpt lat="37.912355" lon="-122.578344"><ele>305.1</ele></trkpt><trkpt lat="37.912420" lon="-122.578368"><ele>305.8</ele></trkpt><trkpt lat="37.912499" lon="-122.578374"><ele>306.5</ele></trkpt><trkpt lat="37.912608" lon="-122.578357"><ele>307.5</ele></trkpt><trkpt lat="37.912699" lon="-122.578330"><ele>308.3</ele></trkpt><trkpt lat="37.912792" lon="-122.578335"><ele>309.1</ele></trkpt><trkpt lat="37.912871" lon="-122.578354"><ele>309.8</ele></trkpt><trkpt lat="37.912952" lon="-122.578409"><ele>310.5</ele></trkpt><trkpt lat="37.913013" lon="-122.578465"><ele>311.1</ele></trkpt><trkpt lat="37.913175" lon="-122.578602"><ele>312.8</ele></trkpt><trkpt lat="37.913269" lon="-122.578632"><ele>313.5</ele></trkpt><trkpt lat="37.913358" lon="-122.578635"><ele>314.1</ele></trkpt><trkpt lat="37.913433" lon="-122.578590"><ele>314.6</ele></trkpt><trkpt lat="37.913538" lon="-122.578500"><ele>315.5</ele></trkpt><trkpt lat="37.913620" lon="-122.578465"><ele>316.1</ele></trkpt><trkpt lat="37.913710" lon="-122.578475"><ele>316.7</ele></trkpt><trkpt lat="37.913836" lon="-122.578514"><ele>317.1</ele></trkpt><trkpt lat="37.913836" lon="-122.578514"><ele>317.1</ele></trkpt><trkpt lat="37.913836" lon="-122.578514"><ele>317.1</ele></trkpt><trkpt lat="37.913710" lon="-122.578475"><ele>317.4</ele></trkpt><trkpt lat="37.913620" lon="-122.578465"><ele>317.7</ele></trkpt><trkpt lat="37.913538" lon="-122.578500"><ele>317.9</ele></trkpt><trkpt lat="37.913433" lon="-122.578590"><ele>318.0</ele></trkpt><trkpt lat="37.913358" lon="-122.578635"><ele>317.4</ele></trkpt><trkpt lat="37.913269" lon="-122.578632"><ele>316.8</ele></trkpt><trkpt lat="37.913175" lon="-122.578602"><ele>316.0</ele></trkpt><trkpt lat="37.913013" lon="-122.578465"><ele>314.6</ele></trkpt><trkpt lat="37.912952" lon="-122.578409"><ele>314.1</ele></trkpt><trkpt lat="37.912871" lon="-122.578354"><ele>313.7</ele></trkpt><trkpt lat="37.912792" lon="-122.578335"><ele>313.4</ele></trkpt><trkpt lat="37.912699" lon="-122.578330"><ele>313.0</ele></trkpt><trkpt lat="37.912608" lon="-122.578357"><ele>312.5</ele></trkpt><trkpt lat="37.912499" lon="-122.578374"><ele>312.1</ele></trkpt><trkpt lat="37.912420" lon="-122.578368"><ele>311.6</ele></trkpt><trkpt lat="37.912355" lon="-122.578344"><ele>311.0</ele></trkpt><trkpt lat="37.912277" lon="-122.578270"><ele>310.1</ele></trkpt><trkpt lat="37.912135" lon="-122.578145"><ele>308.5</ele></trkpt><trkpt lat="37.912000" lon="-122.578045"><ele>307.1</ele></trkpt><trkpt lat="37.911911" lon="-122.577925"><ele>305.8</ele></trkpt><trkpt lat="37.911854" lon="-122.577779"><ele>304.5</ele></trkpt><trkpt lat="37.911791" lon="-122.577662"><ele>303.4</ele></trkpt><trkpt lat="37.911733" lon="-122.577597"><ele>302.6</ele></trkpt><trkpt lat="37.911622" lon="-122.577553"><ele>301.4</ele></trkpt><trkpt lat="37.911522" lon="-122.577543"><ele>300.6</ele></trkpt><trkpt lat="37.911410" lon="-122.577509"><ele>299.7</ele></trkpt><trkpt lat="37.911371" lon="-122.577470"><ele>299.4</ele></trkpt><trkpt lat="37.911339" lon="-122.577416"><ele>298.9</ele></trkpt><trkpt lat="37.911316" lon="-122.577360"><ele>298.6</ele></trkpt><trkpt lat="37.911271" lon="-122.577171"><ele>297.3</ele></trkpt><trkpt lat="37.911244" lon="-122.577116"><ele>297.3</ele></trkpt><trkpt lat="37.911202" lon="-122.577078"><ele>297.5</ele></trkpt><trkpt lat="37.911157" lon="-122.577072"><ele>297.7</ele></trkpt><trkpt lat="37.911054" lon="-122.577091"><ele>298.1</ele></trkpt><trkpt lat="37.910855" lon="-122.577150"><ele>298.9</ele></trkpt><trkpt lat="37.910737" lon="-122.577069"><ele>299.1</ele></trkpt><trkpt lat="37.910675" lon="-122.577055"><ele>298.8</ele></trkpt><trkpt lat="37.910620" lon="-122.577055"><ele>298.5</ele></trkpt><trkpt lat="37.910561" lon="-122.577082"><ele>298.1</ele></trkpt><trkpt lat="37.910628" lon="-122.577132"><ele>297.7</ele></trkpt><trkpt lat="37.910662" lon="-122.577172"><ele>297.4</ele></trkpt><trkpt lat="37.910702" lon="-122.577220"><ele>297.1</ele></trkpt><trkpt lat="37.910731" lon="-122.577263"><ele>296.8</ele></trkpt><trkpt lat="37.910754" lon="-122.577308"><ele>296.6</ele></trkpt><trkpt lat="37.910777" lon="-122.577362"><ele>296.3</ele></trkpt><trkpt lat="37.910799" lon="-122.577433"><ele>296.2</ele></trkpt><trkpt lat="37.910812" lon="-122.577521"><ele>296.1</ele></trkpt><trkpt lat="37.910840" lon="-122.577696"><ele>296.0</ele></trkpt><trkpt lat="37.910862" lon="-122.577783"><ele>295.9</ele></trkpt><trkpt lat="37.910886" lon="-122.577868"><ele>295.8</ele></trkpt><trkpt lat="37.910920" lon="-122.577953"><ele>295.7</ele></trkpt><trkpt lat="37.910963" lon="-122.578051"><ele>295.9</ele></trkpt><trkpt lat="37.911028" lon="-122.578186"><ele>296.7</ele></trkpt><trkpt lat="37.911085" lon="-122.578301"><ele>297.4</ele></trkpt><trkpt lat="37.911178" lon="-122.578454"><ele>298.4</ele></trkpt><trkpt lat="37.911215" lon="-122.578512"><ele>298.8</ele></trkpt><trkpt lat="37.911244" lon="-122.578571"><ele>299.2</ele></trkpt><trkpt lat="37.911266" lon="-122.578623"><ele>299.5</ele></trkpt><trkpt lat="37.911280" lon="-122.578686"><ele>299.8</ele></trkpt><trkpt lat="37.911294" lon="-122.578787"><ele>300.4</ele></trkpt><trkpt lat="37.911309" lon="-122.578854"><ele>300.8</ele></trkpt><trkpt lat="37.911327" lon="-122.578910"><ele>301.1</ele></trkpt><trkpt lat="37.911344" lon="-122.578948"><ele>301.3</ele></trkpt><trkpt lat="37.911367" lon="-122.578981"><ele>301.6</ele></trkpt><trkpt lat="37.911395" lon="-122.579009"><ele>301.8</ele></trkpt><trkpt lat="37.911445" lon="-122.579048"><ele>302.2</ele></trkpt><trkpt lat="37.911499" lon="-122.579072"><ele>302.6</ele></trkpt><trkpt lat="37.911559" lon="-122.579090"><ele>303.0</ele></trkpt><trkpt lat="37.911662" lon="-122.579119"><ele>303.5</ele></trkpt><trkpt lat="37.911764" lon="-122.579154"><ele>304.1</ele></trkpt><trkpt lat="37.911824" lon="-122.579183"><ele>304.4</ele></trkpt><trkpt lat="37.911880" lon="-122.579225"><ele>304.7</ele></trkpt><trkpt lat="37.911914" lon="-122.579264"><ele>305.0</ele></trkpt><trkpt lat="37.911949" lon="-122.579322"><ele>305.3</ele></trkpt><trkpt lat="37.911994" lon="-122.579420"><ele>305.7</ele></trkpt><trkpt lat="37.912042" lon="-122.579523"><ele>305.9</ele></trkpt><trkpt lat="37.912087" lon="-122.579603"><ele>306.1</ele></trkpt><trkpt lat="37.912121" lon="-122.579653"><ele>306.2</ele></trkpt><trkpt lat="37.912157" lon="-122.579696"><ele>306.3</ele></trkpt><trkpt lat="37.912242" lon="-122.579781"><ele>306.6</ele></trkpt><trkpt lat="37.912282" lon="-122.579824"><ele>306.7</ele></trkpt><trkpt lat="37.912310" lon="-122.579865"><ele>306.8</ele></trkpt><trkpt lat="37.912331" lon="-122.579908"><ele>306.9</ele></trkpt><trkpt lat="37.912351" lon="-122.579963"><ele>307.0</ele></trkpt><trkpt lat="37.912362" lon="-122.580013"><ele>307.1</ele></trkpt><trkpt lat="37.912369" lon="-122.580067"><ele>307.2</ele></trkpt><trkpt lat="37.912376" lon="-122.580168"><ele>307.3</ele></trkpt><trkpt lat="37.912382" lon="-122.580224"><ele>307.4</ele></trkpt><trkpt lat="37.912391" lon="-122.580279"><ele>307.5</ele></trkpt><trkpt lat="37.912407" lon="-122.580328"><ele>307.6</ele></trkpt><trkpt lat="37.912426" lon="-122.580374"><ele>307.7</ele></trkpt><trkpt lat="37.912449" lon="-122.580415"><ele>307.8</ele></trkpt><trkpt lat="37.912472" lon="-122.580453"><ele>307.9</ele></trkpt><trkpt lat="37.912501" lon="-122.580490"><ele>308.0</ele></trkpt><trkpt lat="37.912552" lon="-122.580550"><ele>308.2</ele></trkpt><trkpt lat="37.912660" lon="-122.580658"><ele>308.2</ele></trkpt><trkpt lat="37.912717" lon="-122.580722"><ele>308.2</ele></trkpt><trkpt lat="37.912748" lon="-122.580764"><ele>308.2</ele></trkpt><trkpt lat="37.912783" lon="-122.580840"><ele>308.2</ele></trkpt><trkpt lat="37.912818" lon="-122.580934"><ele>308.2</ele></trkpt><trkpt lat="37.912848" lon="-122.581017"><ele>308.2</ele></trkpt><trkpt lat="37.912881" lon="-122.581113"><ele>308.2</ele></trkpt><trkpt lat="37.912905" lon="-122.581173"><ele>308.2</ele></trkpt><trkpt lat="37.912930" lon="-122.581225"><ele>308.2</ele></trkpt><trkpt lat="37.912955" lon="-122.581263"><ele>308.2</ele></trkpt><trkpt lat="37.912981" lon="-122.581294"><ele>308.2</ele></trkpt><trkpt lat="37.913014" lon="-122.581325"><ele>308.2</ele></trkpt><trkpt lat="37.913049" lon="-122.581350"><ele>308.2</ele></trkpt><trkpt lat="37.913096" lon="-122.581373"><ele>308.2</ele></trkpt><trkpt lat="37.913161" lon="-122.581401"><ele>308.2</ele></trkpt><trkpt lat="37.913226" lon="-122.581440"><ele>308.2</ele></trkpt><trkpt lat="37.913287" lon="-122.581485"><ele>308.1</ele></trkpt><trkpt lat="37.913347" lon="-122.581541"><ele>307.7</ele></trkpt><trkpt lat="37.913421" lon="-122.581615"><ele>307.1</ele></trkpt><trkpt lat="37.913490" lon="-122.581693"><ele>306.6</ele></trkpt><trkpt lat="37.913544" lon="-122.581770"><ele>306.2</ele></trkpt><trkpt lat="37.913591" lon="-122.581849"><ele>305.7</ele></trkpt><trkpt lat="37.913719" lon="-122.582060"><ele>306.2</ele></trkpt><trkpt lat="37.913820" lon="-122.582202"><ele>308.0</ele></trkpt><trkpt lat="37.913871" lon="-122.582261"><ele>308.9</ele></trkpt><trkpt lat="37.913924" lon="-122.582318"><ele>309.7</ele></trkpt><trkpt lat="37.914008" lon="-122.582395"><ele>310.9</ele></trkpt><trkpt lat="37.914063" lon="-122.582438"><ele>311.7</ele></trkpt><trkpt lat="37.914120" lon="-122.582478"><ele>312.4</ele></trkpt><trkpt lat="37.914174" lon="-122.582509"><ele>313.1</ele></trkpt><trkpt lat="37.914223" lon="-122.582529"><ele>313.7</ele></trkpt><trkpt lat="37.914285" lon="-122.582546"><ele>314.4</ele></trkpt><trkpt lat="37.914358" lon="-122.582559"><ele>315.2</ele></trkpt><trkpt lat="37.914554" lon="-122.582584"><ele>317.5</ele></trkpt><trkpt lat="37.914692" lon="-122.582602"><ele>319.9</ele></trkpt><trkpt lat="37.914796" lon="-122.582610"><ele>321.8</ele></trkpt><trkpt lat="37.914970" lon="-122.582627"><ele>325.0</ele></trkpt><trkpt lat="37.915107" lon="-122.582624"><ele>327.5</ele></trkpt><trkpt lat="37.915259" lon="-122.582612"><ele>330.4</ele></trkpt><trkpt lat="37.915306" lon="-122.582610"><ele>331.3</ele></trkpt><trkpt lat="37.915350" lon="-122.582613"><ele>332.1</ele></trkpt><trkpt lat="37.915394" lon="-122.582624"><ele>333.0</ele></trkpt><trkpt lat="37.915438" lon="-122.582642"><ele>333.9</ele></trkpt><trkpt lat="37.915478" lon="-122.582664"><ele>334.7</ele></trkpt><trkpt lat="37.915520" lon="-122.582696"><ele>335.7</ele></trkpt><trkpt lat="37.915607" lon="-122.582767"><ele>337.7</ele></trkpt><trkpt lat="37.915656" lon="-122.582800"><ele>338.7</ele></trkpt><trkpt lat="37.915711" lon="-122.582832"><ele>339.9</ele></trkpt><trkpt lat="37.915837" lon="-122.582896"><ele>342.5</ele></trkpt><trkpt lat="37.915873" lon="-122.582920"><ele>343.3</ele></trkpt><trkpt lat="37.915904" lon="-122.582948"><ele>344.0</ele></trkpt><trkpt lat="37.915932" lon="-122.582982"><ele>344.8</ele></trkpt><trkpt lat="37.915953" lon="-122.583027"><ele>345.6</ele></trkpt><trkpt lat="37.915966" lon="-122.583076"><ele>346.4</ele></trkpt><trkpt lat="37.915971" lon="-122.583121"><ele>347.1</ele></trkpt><trkpt lat="37.915969" lon="-122.583166"><ele>347.7</ele></trkpt><trkpt lat="37.915960" lon="-122.583207"><ele>348.4</ele></trkpt><trkpt lat="37.915946" lon="-122.583246"><ele>348.8</ele></trkpt><trkpt lat="37.915924" lon="-122.583291"><ele>349.3</ele></trkpt><trkpt lat="37.915885" lon="-122.583340"><ele>349.9</ele></trkpt><trkpt lat="37.915818" lon="-122.583409"><ele>350.9</ele></trkpt><trkpt lat="37.915726" lon="-122.583499"><ele>352.2</ele></trkpt><trkpt lat="37.915611" lon="-122.583595"><ele>353.7</ele></trkpt><trkpt lat="37.915488" lon="-122.583680"><ele>355.3</ele></trkpt><trkpt lat="37.915441" lon="-122.583707"><ele>355.8</ele></trkpt><trkpt lat="37.915384" lon="-122.583729"><ele>356.4</ele></trkpt><trkpt lat="37.915298" lon="-122.583751"><ele>357.3</ele></trkpt><trkpt lat="37.915197" lon="-122.583771"><ele>358.4</ele></trkpt><trkpt lat="37.915149" lon="-122.583784"><ele>358.9</ele></trkpt><trkpt lat="37.915104" lon="-122.583806"><ele>359.4</ele></trkpt><trkpt lat="37.915053" lon="-122.583844"><ele>360.1</ele></trkpt><trkpt lat="37.915001" lon="-122.583899"><ele>359.9</ele></trkpt><trkpt lat="37.914939" lon="-122.583974"><ele>359.3</ele></trkpt><trkpt lat="37.914875" lon="-122.584066"><ele>358.6</ele></trkpt><trkpt lat="37.914819" lon="-122.584161"><ele>357.9</ele></trkpt><trkpt lat="37.914769" lon="-122.584277"><ele>357.1</ele></trkpt><trkpt lat="37.914710" lon="-122.584382"><ele>356.4</ele></trkpt><trkpt lat="37.914640" lon="-122.584457"><ele>355.8</ele></trkpt><trkpt lat="37.914554" lon="-122.584507"><ele>355.2</ele></trkpt><trkpt lat="37.914442" lon="-122.584549"><ele>354.5</ele></trkpt><trkpt lat="37.914300" lon="-122.584619"><ele>353.5</ele></trkpt><trkpt lat="37.914168" lon="-122.584691"><ele>352.2</ele></trkpt><trkpt lat="37.914013" lon="-122.584758"><ele>349.8</ele></trkpt><trkpt lat="37.913927" lon="-122.584792"><ele>348.6</ele></trkpt><trkpt lat="37.913845" lon="-122.584824"><ele>347.3</ele></trkpt><trkpt lat="37.913770" lon="-122.584860"><ele>346.2</ele></trkpt><trkpt lat="37.913696" lon="-122.584900"><ele>345.0</ele></trkpt><trkpt lat="37.913474" lon="-122.585043"><ele>340.8</ele></trkpt><trkpt lat="37.913422" lon="-122.585069"><ele>339.8</ele></trkpt><trkpt lat="37.913377" lon="-122.585085"><ele>339.0</ele></trkpt><trkpt lat="37.913330" lon="-122.585095"><ele>338.2</ele></trkpt><trkpt lat="37.913281" lon="-122.585097"><ele>337.4</ele></trkpt><trkpt lat="37.913227" lon="-122.585090"><ele>336.5</ele></trkpt><trkpt lat="37.913158" lon="-122.585074"><ele>335.4</ele></trkpt><trkpt lat="37.912872" lon="-122.585000"><ele>331.6</ele></trkpt><trkpt lat="37.912804" lon="-122.584988"><ele>330.7</ele></trkpt><trkpt lat="37.912753" lon="-122.584985"><ele>330.1</ele></trkpt><trkpt lat="37.912709" lon="-122.584986"><ele>329.5</ele></trkpt><trkpt lat="37.912665" lon="-122.584993"><ele>328.9</ele></trkpt><trkpt lat="37.912630" lon="-122.585005"><ele>328.7</ele></trkpt><trkpt lat="37.912594" lon="-122.585024"><ele>328.6</ele></trkpt><trkpt lat="37.912560" lon="-122.585051"><ele>328.4</ele></trkpt><trkpt lat="37.912532" lon="-122.585081"><ele>328.3</ele></trkpt><trkpt lat="37.912504" lon="-122.585118"><ele>328.1</ele></trkpt><trkpt lat="37.912482" lon="-122.585158"><ele>328.0</ele></trkpt><trkpt lat="37.912455" lon="-122.585222"><ele>327.7</ele></trkpt><trkpt lat="37.912375" lon="-122.585452"><ele>327.0</ele></trkpt><trkpt lat="37.912353" lon="-122.585527"><ele>326.7</ele></trkpt><trkpt lat="37.912337" lon="-122.585603"><ele>326.3</ele></trkpt><trkpt lat="37.912331" lon="-122.585673"><ele>326.0</ele></trkpt><trkpt lat="37.912334" lon="-122.585746"><ele>325.7</ele></trkpt><trkpt lat="37.912343" lon="-122.585820"><ele>325.4</ele></trkpt><trkpt lat="37.912358" lon="-122.585889"><ele>325.1</ele></trkpt><trkpt lat="37.912376" lon="-122.585949"><ele>324.8</ele></trkpt><trkpt lat="37.912399" lon="-122.586014"><ele>324.5</ele></trkpt><trkpt lat="37.912427" lon="-122.586089"><ele>324.1</ele></trkpt><trkpt lat="37.912450" lon="-122.586144"><ele>323.8</ele></trkpt><trkpt lat="37.912466" lon="-122.586195"><ele>323.7</ele></trkpt><trkpt lat="37.912480" lon="-122.586249"><ele>323.9</ele></trkpt><trkpt lat="37.912482" lon="-122.586294"><ele>324.0</ele></trkpt><trkpt lat="37.912478" lon="-122.586350"><ele>324.1</ele></trkpt><trkpt lat="37.912465" lon="-122.586399"><ele>324.2</ele></trkpt><trkpt lat="37.912444" lon="-122.586438"><ele>324.3</ele></trkpt><trkpt lat="37.912416" lon="-122.586479"><ele>324.4</ele></trkpt><trkpt lat="37.912379" lon="-122.586517"><ele>324.6</ele></trkpt><trkpt lat="37.912334" lon="-122.586550"><ele>324.7</ele></trkpt><trkpt lat="37.912275" lon="-122.586578"><ele>324.9</ele></trkpt><trkpt lat="37.912197" lon="-122.586613"><ele>325.1</ele></trkpt><trkpt lat="37.912109" lon="-122.586643"><ele>325.3</ele></trkpt><trkpt lat="37.911981" lon="-122.586681"><ele>325.4</ele></trkpt><trkpt lat="37.911836" lon="-122.586718"><ele>325.6</ele></trkpt><trkpt lat="37.911772" lon="-122.586734"><ele>325.7</ele></trkpt><trkpt lat="37.911684" lon="-122.586762"><ele>325.8</ele></trkpt><trkpt lat="37.911623" lon="-122.586790"><ele>325.9</ele></trkpt><trkpt lat="37.911564" lon="-122.586823"><ele>326.2</ele></trkpt><trkpt lat="37.911487" lon="-122.586856"><ele>326.6</ele></trkpt><trkpt lat="37.911433" lon="-122.586867"><ele>326.8</ele></trkpt><trkpt lat="37.911373" lon="-122.586869"><ele>327.1</ele></trkpt><trkpt lat="37.911293" lon="-122.586859"><ele>327.5</ele></trkpt><trkpt lat="37.911205" lon="-122.586845"><ele>327.9</ele></trkpt><trkpt lat="37.911091" lon="-122.586829"><ele>328.3</ele></trkpt><trkpt lat="37.911035" lon="-122.586825"><ele>328.3</ele></trkpt><trkpt lat="37.910982" lon="-122.586824"><ele>328.3</ele></trkpt><trkpt lat="37.910932" lon="-122.586827"><ele>328.3</ele></trkpt><trkpt lat="37.910886" lon="-122.586835"><ele>328.3</ele></trkpt><trkpt lat="37.910840" lon="-122.586848"><ele>328.3</ele></trkpt><trkpt lat="37.910798" lon="-122.586867"><ele>328.3</ele></trkpt><trkpt lat="37.910763" lon="-122.586890"><ele>328.3</ele></trkpt><trkpt lat="37.910730" lon="-122.586918"><ele>328.3</ele></trkpt><trkpt lat="37.910704" lon="-122.586954"><ele>328.3</ele></trkpt><trkpt lat="37.910681" lon="-122.586999"><ele>328.3</ele></trkpt><trkpt lat="37.910666" lon="-122.587046"><ele>328.3</ele></trkpt><trkpt lat="37.910661" lon="-122.587103"><ele>328.4</ele></trkpt><trkpt lat="37.910666" lon="-122.587170"><ele>328.6</ele></trkpt><trkpt lat="37.910675" lon="-122.587229"><ele>328.8</ele></trkpt><trkpt lat="37.910689" lon="-122.587301"><ele>329.1</ele></trkpt><trkpt lat="37.910709" lon="-122.587379"><ele>329.4</ele></trkpt><trkpt lat="37.910728" lon="-122.587444"><ele>329.6</ele></trkpt><trkpt lat="37.910750" lon="-122.587500"><ele>329.8</ele></trkpt><trkpt lat="37.910775" lon="-122.587548"><ele>330.1</ele></trkpt><trkpt lat="37.910803" lon="-122.587590"><ele>330.3</ele></trkpt><trkpt lat="37.910839" lon="-122.587647"><ele>330.5</ele></trkpt><trkpt lat="37.910858" lon="-122.587696"><ele>330.7</ele></trkpt><trkpt lat="37.910869" lon="-122.587735"><ele>330.7</ele></trkpt><trkpt lat="37.910872" lon="-122.587784"><ele>330.8</ele></trkpt><trkpt lat="37.910868" lon="-122.587836"><ele>330.8</ele></trkpt><trkpt lat="37.910854" lon="-122.587881"><ele>330.9</ele></trkpt><trkpt lat="37.910835" lon="-122.587921"><ele>330.9</ele></trkpt><trkpt lat="37.910796" lon="-122.587969"><ele>331.0</ele></trkpt><trkpt lat="37.910760" lon="-122.588006"><ele>331.0</ele></trkpt><trkpt lat="37.910704" lon="-122.588041"><ele>331.1</ele></trkpt><trkpt lat="37.910640" lon="-122.588070"><ele>331.2</ele></trkpt><trkpt lat="37.910487" lon="-122.588119"><ele>331.7</ele></trkpt><trkpt lat="37.910260" lon="-122.588192"><ele>333.9</ele></trkpt><trkpt lat="37.910187" lon="-122.588224"><ele>334.6</ele></trkpt><trkpt lat="37.910141" lon="-122.588251"><ele>335.1</ele></trkpt><trkpt lat="37.910102" lon="-122.588279"><ele>335.5</ele></trkpt><trkpt lat="37.910075" lon="-122.588307"><ele>335.8</ele></trkpt><trkpt lat="37.910047" lon="-122.588344"><ele>336.2</ele></trkpt><trkpt lat="37.910026" lon="-122.588382"><ele>336.5</ele></trkpt><trkpt lat="37.910003" lon="-122.588430"><ele>336.6</ele></trkpt><trkpt lat="37.909978" lon="-122.588502"><ele>336.7</ele></trkpt><trkpt lat="37.909928" lon="-122.588639"><ele>336.9</ele></trkpt><trkpt lat="37.909873" lon="-122.588728"><ele>337.0</ele></trkpt><trkpt lat="37.909826" lon="-122.588790"><ele>337.2</ele></trkpt><trkpt lat="37.909746" lon="-122.588891"><ele>337.4</ele></trkpt><trkpt lat="37.909663" lon="-122.589002"><ele>338.0</ele></trkpt><trkpt lat="37.909556" lon="-122.589156"><ele>339.1</ele></trkpt><trkpt lat="37.909505" lon="-122.589219"><ele>339.6</ele></trkpt><trkpt lat="37.909444" lon="-122.589282"><ele>340.1</ele></trkpt><trkpt lat="37.909339" lon="-122.589361"><ele>341.0</ele></trkpt><trkpt lat="37.909300" lon="-122.589394"><ele>341.1</ele></trkpt><trkpt lat="37.909264" lon="-122.589432"><ele>341.2</ele></trkpt><trkpt lat="37.909236" lon="-122.589467"><ele>341.3</ele></trkpt><trkpt lat="37.909210" lon="-122.589507"><ele>341.4</ele></trkpt><trkpt lat="37.909188" lon="-122.589558"><ele>341.5</ele></trkpt><trkpt lat="37.909175" lon="-122.589603"><ele>341.6</ele></trkpt><trkpt lat="37.909166" lon="-122.589652"><ele>341.7</ele></trkpt><trkpt lat="37.909162" lon="-122.589709"><ele>341.8</ele></trkpt><trkpt lat="37.909165" lon="-122.589774"><ele>341.9</ele></trkpt><trkpt lat="37.909213" lon="-122.590102"><ele>342.6</ele></trkpt><trkpt lat="37.909243" lon="-122.590383"><ele>343.4</ele></trkpt><trkpt lat="37.909263" lon="-122.590527"><ele>343.8</ele></trkpt><trkpt lat="37.909288" lon="-122.590647"><ele>344.1</ele></trkpt><trkpt lat="37.909335" lon="-122.590839"><ele>343.3</ele></trkpt><trkpt lat="37.909406" lon="-122.591065"><ele>342.4</ele></trkpt><trkpt lat="37.909428" lon="-122.591120"><ele>342.1</ele></trkpt><trkpt lat="37.909452" lon="-122.591172"><ele>341.9</ele></trkpt><trkpt lat="37.909513" lon="-122.591285"><ele>341.4</ele></trkpt><trkpt lat="37.909556" lon="-122.591364"><ele>341.8</ele></trkpt><trkpt lat="37.909592" lon="-122.591430"><ele>342.1</ele></trkpt><trkpt lat="37.909620" lon="-122.591498"><ele>342.5</ele></trkpt><trkpt lat="37.909645" lon="-122.591570"><ele>342.8</ele></trkpt><trkpt lat="37.909662" lon="-122.591641"><ele>343.1</ele></trkpt><trkpt lat="37.909675" lon="-122.591708"><ele>343.4</ele></trkpt><trkpt lat="37.909685" lon="-122.591784"><ele>343.7</ele></trkpt><trkpt lat="37.909693" lon="-122.591865"><ele>344.0</ele></trkpt><trkpt lat="37.909698" lon="-122.591945"><ele>344.2</ele></trkpt><trkpt lat="37.909703" lon="-122.592210"><ele>344.9</ele></trkpt><trkpt lat="37.909711" lon="-122.592278"><ele>345.1</ele></trkpt><trkpt lat="37.909722" lon="-122.592346"><ele>345.3</ele></trkpt><trkpt lat="37.909741" lon="-122.592408"><ele>345.5</ele></trkpt><trkpt lat="37.909765" lon="-122.592458"><ele>345.6</ele></trkpt><trkpt lat="37.909800" lon="-122.592512"><ele>345.8</ele></trkpt><trkpt lat="37.909841" lon="-122.592561"><ele>346.0</ele></trkpt><trkpt lat="37.909894" lon="-122.592614"><ele>346.3</ele></trkpt><trkpt lat="37.909978" lon="-122.592694"><ele>346.8</ele></trkpt><trkpt lat="37.910022" lon="-122.592744"><ele>347.1</ele></trkpt><trkpt lat="37.910064" lon="-122.592803"><ele>347.4</ele></trkpt><trkpt lat="37.910144" lon="-122.592930"><ele>347.9</ele></trkpt><trkpt lat="37.910185" lon="-122.592990"><ele>348.2</ele></trkpt><trkpt lat="37.910233" lon="-122.593043"><ele>348.5</ele></trkpt><trkpt lat="37.910273" lon="-122.593079"><ele>348.7</ele></trkpt><trkpt lat="37.910373" lon="-122.593158"><ele>349.2</ele></trkpt><trkpt lat="37.910439" lon="-122.593215"><ele>349.5</ele></trkpt><trkpt lat="37.910490" lon="-122.593282"><ele>349.8</ele></trkpt><trkpt lat="37.910522" lon="-122.593335"><ele>350.0</ele></trkpt><trkpt lat="37.910544" lon="-122.593393"><ele>350.2</ele></trkpt><trkpt lat="37.910598" lon="-122.593601"><ele>351.3</ele></trkpt><trkpt lat="37.910619" lon="-122.593669"><ele>351.8</ele></trkpt><trkpt lat="37.910641" lon="-122.593724"><ele>352.2</ele></trkpt><trkpt lat="37.910673" lon="-122.593781"><ele>352.7</ele></trkpt><trkpt lat="37.910787" lon="-122.593936"><ele>354.1</ele></trkpt><trkpt lat="37.910815" lon="-122.593996"><ele>354.6</ele></trkpt><trkpt lat="37.910823" lon="-122.594062"><ele>355.0</ele></trkpt><trkpt lat="37.910807" lon="-122.594132"><ele>355.5</ele></trkpt><trkpt lat="37.910783" lon="-122.594169"><ele>355.8</ele></trkpt><trkpt lat="37.910749" lon="-122.594200"><ele>356.1</ele></trkpt><trkpt lat="37.910708" lon="-122.594214"><ele>356.5</ele></trkpt><trkpt lat="37.910619" lon="-122.594203"><ele>357.2</ele></trkpt><trkpt lat="37.910552" lon="-122.594195"><ele>357.8</ele></trkpt><trkpt lat="37.910493" lon="-122.594194"><ele>358.3</ele></trkpt><trkpt lat="37.910449" lon="-122.594205"><ele>358.7</ele></trkpt><trkpt lat="37.910412" lon="-122.594227"><ele>359.0</ele></trkpt><trkpt lat="37.910377" lon="-122.594263"><ele>359.4</ele></trkpt><trkpt lat="37.910355" lon="-122.594312"><ele>359.7</ele></trkpt><trkpt lat="37.910345" lon="-122.594377"><ele>359.8</ele></trkpt><trkpt lat="37.910347" lon="-122.594462"><ele>359.9</ele></trkpt><trkpt lat="37.910355" lon="-122.594534"><ele>360.0</ele></trkpt><trkpt lat="37.910369" lon="-122.594601"><ele>360.1</ele></trkpt><trkpt lat="37.910383" lon="-122.594656"><ele>360.2</ele></trkpt><trkpt lat="37.910408" lon="-122.594715"><ele>360.2</ele></trkpt><trkpt lat="37.910437" lon="-122.594758"><ele>360.3</ele></trkpt><trkpt lat="37.910472" lon="-122.594798"><ele>360.4</ele></trkpt><trkpt lat="37.910524" lon="-122.594829"><ele>360.5</ele></trkpt><trkpt lat="37.910574" lon="-122.594843"><ele>360.6</ele></trkpt><trkpt lat="37.910632" lon="-122.594846"><ele>361.5</ele></trkpt><trkpt lat="37.910777" lon="-122.594846"><ele>363.8</ele></trkpt><trkpt lat="37.910847" lon="-122.594849"><ele>364.9</ele></trkpt><trkpt lat="37.910920" lon="-122.594868"><ele>366.1</ele></trkpt><trkpt lat="37.910990" lon="-122.594897"><ele>367.3</ele></trkpt><trkpt lat="37.911051" lon="-122.594931"><ele>368.3</ele></trkpt><trkpt lat="37.911112" lon="-122.594979"><ele>369.3</ele></trkpt><trkpt lat="37.911164" lon="-122.595031"><ele>370.0</ele></trkpt><trkpt lat="37.911225" lon="-122.595102"><ele>370.7</ele></trkpt><trkpt lat="37.911318" lon="-122.595223"><ele>372.0</ele></trkpt><trkpt lat="37.911369" lon="-122.595281"><ele>372.6</ele></trkpt><trkpt lat="37.911431" lon="-122.595341"><ele>373.4</ele></trkpt><trkpt lat="37.911507" lon="-122.595404"><ele>374.2</ele></trkpt><trkpt lat="37.911620" lon="-122.595490"><ele>376.9</ele></trkpt><trkpt lat="37.911710" lon="-122.595560"><ele>379.1</ele></trkpt><trkpt lat="37.911787" lon="-122.595632"><ele>381.1</ele></trkpt><trkpt lat="37.911851" lon="-122.595700"><ele>382.9</ele></trkpt><trkpt lat="37.911901" lon="-122.595760"><ele>384.3</ele></trkpt><trkpt lat="37.911941" lon="-122.595813"><ele>385.5</ele></trkpt><trkpt lat="37.911985" lon="-122.595878"><ele>386.2</ele></trkpt><trkpt lat="37.912058" lon="-122.595995"><ele>387.2</ele></trkpt><trkpt lat="37.912107" lon="-122.596065"><ele>387.9</ele></trkpt><trkpt lat="37.912169" lon="-122.596137"><ele>388.7</ele></trkpt><trkpt lat="37.912237" lon="-122.596204"><ele>389.5</ele></trkpt><trkpt lat="37.912321" lon="-122.596277"><ele>390.4</ele></trkpt><trkpt lat="37.912439" lon="-122.596372"><ele>392.5</ele></trkpt><trkpt lat="37.912513" lon="-122.596425"><ele>393.8</ele></trkpt><trkpt lat="37.912718" lon="-122.596561"><ele>397.3</ele></trkpt><trkpt lat="37.912782" lon="-122.596606"><ele>398.4</ele></trkpt><trkpt lat="37.912826" lon="-122.596645"><ele>398.7</ele></trkpt><trkpt lat="37.912871" lon="-122.596694"><ele>398.6</ele></trkpt><trkpt lat="37.912905" lon="-122.596741"><ele>398.6</ele></trkpt><trkpt lat="37.912939" lon="-122.596795"><ele>398.6</ele></trkpt><trkpt lat="37.912985" lon="-122.596884"><ele>398.5</ele></trkpt><trkpt lat="37.913032" lon="-122.596980"><ele>398.5</ele></trkpt><trkpt lat="37.913054" lon="-122.597042"><ele>398.4</ele></trkpt><trkpt lat="37.913068" lon="-122.597099"><ele>398.4</ele></trkpt><trkpt lat="37.913075" lon="-122.597168"><ele>398.4</ele></trkpt><trkpt lat="37.913067" lon="-122.597229"><ele>398.7</ele></trkpt><trkpt lat="37.913047" lon="-122.597278"><ele>399.2</ele></trkpt><trkpt lat="37.913015" lon="-122.597320"><ele>399.7</ele></trkpt><trkpt lat="37.912985" lon="-122.597346"><ele>400.1</ele></trkpt><trkpt lat="37.912941" lon="-122.597366"><ele>400.7</ele></trkpt><trkpt lat="37.912888" lon="-122.597379"><ele>401.3</ele></trkpt><trkpt lat="37.912822" lon="-122.597379"><ele>402.0</ele></trkpt><trkpt lat="37.912736" lon="-122.597370"><ele>403.0</ele></trkpt><trkpt lat="37.912618" lon="-122.597347"><ele>404.3</ele></trkpt><trkpt lat="37.912506" lon="-122.597329"><ele>404.5</ele></trkpt><trkpt lat="37.912400" lon="-122.597306"><ele>404.5</ele></trkpt><trkpt lat="37.912253" lon="-122.597265"><ele>404.5</ele></trkpt><trkpt lat="37.912068" lon="-122.597207"><ele>404.5</ele></trkpt><trkpt lat="37.911960" lon="-122.597170"><ele>404.7</ele></trkpt><trkpt lat="37.911844" lon="-122.597130"><ele>405.0</ele></trkpt><trkpt lat="37.911720" lon="-122.597084"><ele>405.3</ele></trkpt><trkpt lat="37.911617" lon="-122.597037"><ele>405.5</ele></trkpt><trkpt lat="37.911442" lon="-122.596942"><ele>406.2</ele></trkpt><trkpt lat="37.911352" lon="-122.596895"><ele>406.7</ele></trkpt><trkpt lat="37.911262" lon="-122.596864"><ele>407.1</ele></trkpt><trkpt lat="37.911170" lon="-122.596844"><ele>407.5</ele></trkpt><trkpt lat="37.911082" lon="-122.596840"><ele>407.9</ele></trkpt><trkpt lat="37.911003" lon="-122.596847"><ele>408.4</ele></trkpt><trkpt lat="37.910930" lon="-122.596866"><ele>408.9</ele></trkpt><trkpt lat="37.910876" lon="-122.596889"><ele>409.2</ele></trkpt><trkpt lat="37.910831" lon="-122.596922"><ele>409.6</ele></trkpt><trkpt lat="37.910794" lon="-122.596973"><ele>410.0</ele></trkpt><trkpt lat="37.910772" lon="-122.597034"><ele>410.3</ele></trkpt><trkpt lat="37.910766" lon="-122.597105"><ele>410.7</ele></trkpt><trkpt lat="37.910778" lon="-122.597184"><ele>411.2</ele></trkpt><trkpt lat="37.910805" lon="-122.597254"><ele>411.6</ele></trkpt><trkpt lat="37.910841" lon="-122.597310"><ele>411.9</ele></trkpt><trkpt lat="37.910891" lon="-122.597368"><ele>412.0</ele></trkpt><trkpt lat="37.910963" lon="-122.597437"><ele>412.3</ele></trkpt><trkpt lat="37.911199" lon="-122.597638"><ele>413.1</ele></trkpt><trkpt lat="37.911246" lon="-122.597700"><ele>413.3</ele></trkpt><trkpt lat="37.911274" lon="-122.597772"><ele>413.9</ele></trkpt><trkpt lat="37.911277" lon="-122.597856"><ele>414.5</ele></trkpt><trkpt lat="37.911265" lon="-122.597910"><ele>414.9</ele></trkpt><trkpt lat="37.911234" lon="-122.597959"><ele>415.4</ele></trkpt><trkpt lat="37.911186" lon="-122.597988"><ele>415.9</ele></trkpt><trkpt lat="37.911132" lon="-122.597995"><ele>416.4</ele></trkpt><trkpt lat="37.911019" lon="-122.597993"><ele>417.5</ele></trkpt><trkpt lat="37.910961" lon="-122.597994"><ele>418.0</ele></trkpt><trkpt lat="37.910901" lon="-122.598007"><ele>418.6</ele></trkpt><trkpt lat="37.910853" lon="-122.598028"><ele>419.1</ele></trkpt><trkpt lat="37.910816" lon="-122.598054"><ele>419.5</ele></trkpt><trkpt lat="37.910784" lon="-122.598084"><ele>419.9</ele></trkpt><trkpt lat="37.910753" lon="-122.598127"><ele>420.4</ele></trkpt><trkpt lat="37.910726" lon="-122.598186"><ele>421.0</ele></trkpt><trkpt lat="37.910695" lon="-122.598282"><ele>421.8</ele></trkpt><trkpt lat="37.910670" lon="-122.598383"><ele>422.7</ele></trkpt><trkpt lat="37.910632" lon="-122.598549"><ele>424.1</ele></trkpt><trkpt lat="37.910609" lon="-122.598672"><ele>425.9</ele></trkpt><trkpt lat="37.910584" lon="-122.598857"><ele>428.5</ele></trkpt><trkpt lat="37.910560" lon="-122.599009"><ele>430.7</ele></trkpt><trkpt lat="37.910530" lon="-122.599158"><ele>432.8</ele></trkpt><trkpt lat="37.910496" lon="-122.599307"><ele>434.4</ele></trkpt><trkpt lat="37.910462" lon="-122.599445"><ele>435.7</ele></trkpt><trkpt lat="37.910417" lon="-122.599595"><ele>437.1</ele></trkpt><trkpt lat="37.910277" lon="-122.600008"><ele>441.1</ele></trkpt><trkpt lat="37.910215" lon="-122.600212"><ele>443.2</ele></trkpt><trkpt lat="37.910149" lon="-122.600427"><ele>445.3</ele></trkpt><trkpt lat="37.910108" lon="-122.600580"><ele>445.9</ele></trkpt><trkpt lat="37.910087" lon="-122.600675"><ele>445.9</ele></trkpt><trkpt lat="37.910066" lon="-122.600779"><ele>445.9</ele></trkpt><trkpt lat="37.910045" lon="-122.600910"><ele>445.9</ele></trkpt><trkpt lat="37.910028" lon="-122.600999"><ele>445.9</ele></trkpt><trkpt lat="37.910008" lon="-122.601070"><ele>445.9</ele></trkpt><trkpt lat="37.909984" lon="-122.601136"><ele>445.9</ele></trkpt><trkpt lat="37.909949" lon="-122.601197"><ele>446.4</ele></trkpt><trkpt lat="37.909910" lon="-122.601234"><ele>446.8</ele></trkpt><trkpt lat="37.909857" lon="-122.601264"><ele>447.3</ele></trkpt><trkpt lat="37.909801" lon="-122.601280"><ele>447.8</ele></trkpt><trkpt lat="37.909742" lon="-122.601279"><ele>448.3</ele></trkpt><trkpt lat="37.909620" lon="-122.601263"><ele>449.4</ele></trkpt><trkpt lat="37.909564" lon="-122.601260"><ele>449.8</ele></trkpt><trkpt lat="37.909505" lon="-122.601266"><ele>450.3</ele></trkpt><trkpt lat="37.909449" lon="-122.601276"><ele>450.4</ele></trkpt><trkpt lat="37.909392" lon="-122.601296"><ele>450.2</ele></trkpt><trkpt lat="37.909351" lon="-122.601315"><ele>450.0</ele></trkpt><trkpt lat="37.909299" lon="-122.601346"><ele>449.8</ele></trkpt><trkpt lat="37.909179" lon="-122.601433"><ele>449.4</ele></trkpt><trkpt lat="37.909073" lon="-122.601516"><ele>449.0</ele></trkpt><trkpt lat="37.909020" lon="-122.601555"><ele>448.8</ele></trkpt><trkpt lat="37.908935" lon="-122.601610"><ele>448.8</ele></trkpt><trkpt lat="37.908865" lon="-122.601655"><ele>449.0</ele></trkpt><trkpt lat="37.908653" lon="-122.601783"><ele>449.5</ele></trkpt><trkpt lat="37.908452" lon="-122.601901"><ele>451.0</ele></trkpt><trkpt lat="37.908349" lon="-122.601962"><ele>453.1</ele></trkpt><trkpt lat="37.908243" lon="-122.602019"><ele>455.2</ele></trkpt><trkpt lat="37.908170" lon="-122.602055"><ele>456.6</ele></trkpt><trkpt lat="37.908094" lon="-122.602082"><ele>458.0</ele></trkpt><trkpt lat="37.908043" lon="-122.602089"><ele>459.0</ele></trkpt><trkpt lat="37.907995" lon="-122.602089"><ele>459.8</ele></trkpt><trkpt lat="37.907932" lon="-122.602080"><ele>461.1</ele></trkpt><trkpt lat="37.907854" lon="-122.602063"><ele>462.6</ele></trkpt><trkpt lat="37.907781" lon="-122.602049"><ele>464.0</ele></trkpt><trkpt lat="37.907726" lon="-122.602048"><ele>465.1</ele></trkpt><trkpt lat="37.907678" lon="-122.602062"><ele>466.0</ele></trkpt><trkpt lat="37.907636" lon="-122.602084"><ele>466.9</ele></trkpt><trkpt lat="37.907591" lon="-122.602118"><ele>467.9</ele></trkpt><trkpt lat="37.907542" lon="-122.602168"><ele>469.1</ele></trkpt><trkpt lat="37.907240" lon="-122.602564"><ele>474.3</ele></trkpt><trkpt lat="37.907200" lon="-122.602613"><ele>474.9</ele></trkpt><trkpt lat="37.907151" lon="-122.602665"><ele>475.6</ele></trkpt><trkpt lat="37.907102" lon="-122.602706"><ele>476.3</ele></trkpt><trkpt lat="37.906891" lon="-122.602828"><ele>479.0</ele></trkpt><trkpt lat="37.906836" lon="-122.602857"><ele>479.8</ele></trkpt><trkpt lat="37.906766" lon="-122.602876"><ele>480.6</ele></trkpt><trkpt lat="37.906687" lon="-122.602896"><ele>481.6</ele></trkpt><trkpt lat="37.906631" lon="-122.602909"><ele>482.2</ele></trkpt><trkpt lat="37.906549" lon="-122.602919"><ele>483.6</ele></trkpt><trkpt lat="37.906469" lon="-122.602916"><ele>485.1</ele></trkpt><trkpt lat="37.906361" lon="-122.602890"><ele>487.2</ele></trkpt><trkpt lat="37.906236" lon="-122.602848"><ele>489.6</ele></trkpt><trkpt lat="37.906180" lon="-122.602838"><ele>490.6</ele></trkpt><trkpt lat="37.906128" lon="-122.602848"><ele>491.6</ele></trkpt><trkpt lat="37.906061" lon="-122.602868"><ele>492.5</ele></trkpt><trkpt lat="37.905977" lon="-122.602911"><ele>492.3</ele></trkpt><trkpt lat="37.905889" lon="-122.602997"><ele>492.1</ele></trkpt><trkpt lat="37.905787" lon="-122.603103"><ele>491.8</ele></trkpt><trkpt lat="37.905723" lon="-122.603137"><ele>491.6</ele></trkpt><trkpt lat="37.905647" lon="-122.603146"><ele>491.5</ele></trkpt><trkpt lat="37.905539" lon="-122.603153"><ele>490.8</ele></trkpt><trkpt lat="37.905437" lon="-122.603189"><ele>489.7</ele></trkpt><trkpt lat="37.905353" lon="-122.603229"><ele>488.8</ele></trkpt><trkpt lat="37.905254" lon="-122.603288"><ele>487.7</ele></trkpt><trkpt lat="37.905160" lon="-122.603373"><ele>486.5</ele></trkpt><trkpt lat="37.904798" lon="-122.603755"><ele>480.3</ele></trkpt><trkpt lat="37.904628" lon="-122.603900"><ele>477.6</ele></trkpt><trkpt lat="37.904513" lon="-122.603983"><ele>475.9</ele></trkpt><trkpt lat="37.904397" lon="-122.604053"><ele>474.3</ele></trkpt><trkpt lat="37.904321" lon="-122.604098"><ele>473.3</ele></trkpt><trkpt lat="37.904262" lon="-122.604055"><ele>472.5</ele></trkpt><trkpt lat="37.904187" lon="-122.604023"><ele>471.4</ele></trkpt><trkpt lat="37.904141" lon="-122.604001"><ele>470.6</ele></trkpt><trkpt lat="37.904088" lon="-122.603960"><ele>469.7</ele></trkpt><trkpt lat="37.904005" lon="-122.603955"><ele>468.4</ele></trkpt><trkpt lat="37.903937" lon="-122.603962"><ele>467.3</ele></trkpt><trkpt lat="37.903846" lon="-122.603970"><ele>465.9</ele></trkpt><trkpt lat="37.903732" lon="-122.603983"><ele>464.2</ele></trkpt><trkpt lat="37.903403" lon="-122.604018"><ele>458.9</ele></trkpt><trkpt lat="37.903423" lon="-122.603947"><ele>458.0</ele></trkpt><trkpt lat="37.903469" lon="-122.603890"><ele>457.0</ele></trkpt><trkpt lat="37.903489" lon="-122.603857"><ele>456.4</ele></trkpt><trkpt lat="37.903494" lon="-122.603773"><ele>455.4</ele></trkpt><trkpt lat="37.903580" lon="-122.603662"><ele>454.8</ele></trkpt><trkpt lat="37.903590" lon="-122.603616"><ele>454.8</ele></trkpt><trkpt lat="37.903590" lon="-122.603616"><ele>454.8</ele></trkpt></trkseg></trk>
</gpx>