<?xml version="1.0" encoding="UTF-8"?>
<gpx version="1.1" creator="north-bay-planning" xmlns="http://www.topografix.com/GPX/1/1">
<metadata><name>Sibley ridge overnight</name><desc>Richmond Amtrak to Sibley Backpack Camp, then Chabot and San Leandro BART</desc></metadata>
<wpt lat="37.850080" lon="-122.196860"><name>Sibley Backpack Camp</name><desc>Reserve on ReserveAmerica 2+ business days ahead. No water.</desc></wpt>
<trk><name>Day 1 Richmond to Sibley</name><trkseg><trkpt lat="37.931470" lon="-122.354560"><ele>8.8</ele></trkpt><trkpt lat="37.931480" lon="-122.350450"><ele>10.7</ele></trkpt><trkpt lat="37.931510" lon="-122.348140"><ele>12.1</ele></trkpt><trkpt lat="37.931040" lon="-122.347910"><ele>12.5</ele></trkpt><trkpt lat="37.930850" lon="-122.347910"><ele>12.5</ele></trkpt><trkpt lat="37.930870" lon="-122.347850"><ele>12.5</ele></trkpt><trkpt lat="37.930850" lon="-122.347740"><ele>12.5</ele></trkpt><trkpt lat="37.930750" lon="-122.347670"><ele>12.5</ele></trkpt><trkpt lat="37.930830" lon="-122.347600"><ele>12.5</ele></trkpt><trkpt lat="37.931060" lon="-122.347610"><ele>12.5</ele></trkpt><trkpt lat="37.931820" lon="-122.347880"><ele>12.5</ele></trkpt><trkpt lat="37.932180" lon="-122.347910"><ele>12.5</ele></trkpt><trkpt lat="37.932740" lon="-122.347910"><ele>12.5</ele></trkpt><trkpt lat="37.933060" lon="-122.347890"><ele>12.6</ele></trkpt><trkpt lat="37.933830" lon="-122.347640"><ele>13.1</ele></trkpt><trkpt lat="37.934060" lon="-122.347600"><ele>13.3</ele></trkpt><trkpt lat="37.934130" lon="-122.347570"><ele>13.4</ele></trkpt><trkpt lat="37.934120" lon="-122.346600"><ele>13.7</ele></trkpt><trkpt lat="37.932680" lon="-122.346600"><ele>13.5</ele></trkpt><trkpt lat="37.932580" lon="-122.346560"><ele>13.5</ele></trkpt><trkpt lat="37.932370" lon="-122.346950"><ele>13.3</ele></trkpt><trkpt lat="37.932110" lon="-122.347480"><ele>13.1</ele></trkpt><trkpt lat="37.932070" lon="-122.347590"><ele>13.1</ele></trkpt><trkpt lat="37.931850" lon="-122.347380"><ele>13.1</ele></trkpt><trkpt lat="37.931500" lon="-122.346910"><ele>13.1</ele></trkpt><trkpt lat="37.930840" lon="-122.345910"><ele>13.1</ele></trkpt><trkpt lat="37.930900" lon="-122.345830"><ele>13.1</ele></trkpt><trkpt lat="37.931410" lon="-122.346600"><ele>13.6</ele></trkpt><trkpt lat="37.931440" lon="-122.346380"><ele>13.7</ele></trkpt><trkpt lat="37.931430" lon="-122.346220"><ele>13.8</ele></trkpt><trkpt lat="37.931430" lon="-122.346160"><ele>13.8</ele></trkpt><trkpt lat="37.931320" lon="-122.345940"><ele>13.9</ele></trkpt><trkpt lat="37.931310" lon="-122.345880"><ele>13.9</ele></trkpt><trkpt lat="37.931290" lon="-122.345560"><ele>14.1</ele></trkpt><trkpt lat="37.931280" lon="-122.342520"><ele>15.7</ele></trkpt><trkpt lat="37.931300" lon="-122.338440"><ele>15.5</ele></trkpt><trkpt lat="37.931290" lon="-122.336670"><ele>16.2</ele></trkpt><trkpt lat="37.931290" lon="-122.330770"><ele>18.6</ele></trkpt><trkpt lat="37.931210" lon="-122.329700"><ele>18.7</ele></trkpt><trkpt lat="37.931170" lon="-122.329450"><ele>18.8</ele></trkpt><trkpt lat="37.931109" lon="-122.328810"><ele>18.9</ele></trkpt><trkpt lat="37.931120" lon="-122.328230"><ele>18.9</ele></trkpt><trkpt lat="37.931150" lon="-122.328090"><ele>18.9</ele></trkpt><trkpt lat="37.931160" lon="-122.328090"><ele>18.9</ele></trkpt><trkpt lat="37.931260" lon="-122.327530"><ele>19.3</ele></trkpt><trkpt lat="37.931370" lon="-122.326970"><ele>19.8</ele></trkpt><trkpt lat="37.931410" lon="-122.326650"><ele>20.1</ele></trkpt><trkpt lat="37.931410" lon="-122.325560"><ele>20.4</ele></trkpt><trkpt lat="37.931410" lon="-122.324470"><ele>20.1</ele></trkpt><trkpt lat="37.931370" lon="-122.324130"><ele>19.9</ele></trkpt><trkpt lat="37.931320" lon="-122.323850"><ele>19.8</ele></trkpt><trkpt lat="37.931250" lon="-122.323710"><ele>19.9</ele></trkpt><trkpt lat="37.931160" lon="-122.323650"><ele>19.9</ele></trkpt><trkpt lat="37.931040" lon="-122.323610"><ele>20.0</ele></trkpt><trkpt lat="37.930960" lon="-122.323510"><ele>20.1</ele></trkpt><trkpt lat="37.930770" lon="-122.322920"><ele>20.6</ele></trkpt><trkpt lat="37.930580" lon="-122.322330"><ele>21.6</ele></trkpt><trkpt lat="37.930670" lon="-122.322120"><ele>22.1</ele></trkpt><trkpt lat="37.930770" lon="-122.321950"><ele>22.4</ele></trkpt><trkpt lat="37.930810" lon="-122.321840"><ele>22.7</ele></trkpt><trkpt lat="37.930790" lon="-122.321640"><ele>23.0</ele></trkpt><trkpt lat="37.930490" lon="-122.321240"><ele>24.0</ele></trkpt><trkpt lat="37.930230" lon="-122.320780"><ele>24.9</ele></trkpt><trkpt lat="37.930070" lon="-122.320640"><ele>25.2</ele></trkpt><trkpt lat="37.930060" lon="-122.320570"><ele>25.3</ele></trkpt><trkpt lat="37.930040" lon="-122.320510"><ele>25.3</ele></trkpt><trkpt lat="37.930120" lon="-122.320440"><ele>25.5</ele></trkpt><trkpt lat="37.930169" lon="-122.320220"><ele>25.7</ele></trkpt><trkpt lat="37.930440" lon="-122.320560"><ele>26.1</ele></trkpt><trkpt lat="37.930980" lon="-122.320980"><ele>26.4</ele></trkpt><trkpt lat="37.931520" lon="-122.321410"><ele>26.0</ele></trkpt><trkpt lat="37.932070" lon="-122.321830"><ele>25.7</ele></trkpt><trkpt lat="37.932210" lon="-122.321960"><ele>25.6</ele></trkpt><trkpt lat="37.932540" lon="-122.322200"><ele>25.6</ele></trkpt><trkpt lat="37.933050" lon="-122.322480"><ele>25.6</ele></trkpt><trkpt lat="37.933360" lon="-122.322610"><ele>25.7</ele></trkpt><trkpt lat="37.933760" lon="-122.322650"><ele>26.0</ele></trkpt><trkpt lat="37.934160" lon="-122.322660"><ele>26.5</ele></trkpt><trkpt lat="37.934410" lon="-122.322700"><ele>26.9</ele></trkpt><trkpt lat="37.934669" lon="-122.322760"><ele>27.3</ele></trkpt><trkpt lat="37.935110" lon="-122.322930"><ele>27.7</ele></trkpt><trkpt lat="37.935930" lon="-122.323320"><ele>28.6</ele></trkpt><trkpt lat="37.936740" lon="-122.323720"><ele>29.3</ele></trkpt><trkpt lat="37.937560" lon="-122.324110"><ele>28.9</ele></trkpt><trkpt lat="37.937779" lon="-122.324150"><ele>28.7</ele></trkpt><trkpt lat="37.938120" lon="-122.324170"><ele>28.3</ele></trkpt><trkpt lat="37.938270" lon="-122.324220"><ele>28.1</ele></trkpt><trkpt lat="37.938460" lon="-122.324330"><ele>28.0</ele></trkpt><trkpt lat="37.938800" lon="-122.324460"><ele>27.8</ele></trkpt><trkpt lat="37.938870" lon="-122.324530"><ele>27.7</ele></trkpt><trkpt lat="37.938960" lon="-122.324800"><ele>27.4</ele></trkpt><trkpt lat="37.939440" lon="-122.324600"><ele>27.3</ele></trkpt><trkpt lat="37.939920" lon="-122.324390"><ele>27.7</ele></trkpt><trkpt lat="37.940650" lon="-122.324050"><ele>28.8</ele></trkpt><trkpt lat="37.941380" lon="-122.323700"><ele>30.9</ele></trkpt><trkpt lat="37.941500" lon="-122.323610"><ele>31.3</ele></trkpt><trkpt lat="37.941560" lon="-122.323520"><ele>31.5</ele></trkpt><trkpt lat="37.941620" lon="-122.323360"><ele>31.9</ele></trkpt><trkpt lat="37.941890" lon="-122.322480"><ele>32.0</ele></trkpt><trkpt lat="37.942590" lon="-122.322820"><ele>32.0</ele></trkpt><trkpt lat="37.943160" lon="-122.323010"><ele>31.5</ele></trkpt><trkpt lat="37.943960" lon="-122.323390"><ele>31.2</ele></trkpt><trkpt lat="37.944770" lon="-122.323780"><ele>32.3</ele></trkpt><trkpt lat="37.945580" lon="-122.324160"><ele>33.4</ele></trkpt><trkpt lat="37.946380" lon="-122.324550"><ele>34.7</ele></trkpt><trkpt lat="37.947190" lon="-122.324930"><ele>35.4</ele></trkpt><trkpt lat="37.947990" lon="-122.325320"><ele>36.5</ele></trkpt><trkpt lat="37.948800" lon="-122.325710"><ele>37.4</ele></trkpt><trkpt lat="37.949090" lon="-122.324730"><ele>40.2</ele></trkpt><trkpt lat="37.949370" lon="-122.323740"><ele>43.3</ele></trkpt><trkpt lat="37.949460" lon="-122.323480"><ele>43.9</ele></trkpt><trkpt lat="37.949570" lon="-122.323220"><ele>44.6</ele></trkpt><trkpt lat="37.949670" lon="-122.323120"><ele>45.0</ele></trkpt><trkpt lat="37.949800" lon="-122.323040"><ele>45.6</ele></trkpt><trkpt lat="37.950390" lon="-122.322810"><ele>48.1</ele></trkpt><trkpt lat="37.950980" lon="-122.322580"><ele>50.4</ele></trkpt><trkpt lat="37.951200" lon="-122.322410"><ele>51.4</ele></trkpt><trkpt lat="37.951310" lon="-122.322260"><ele>51.9</ele></trkpt><trkpt lat="37.951560" lon="-122.321520"><ele>53.4</ele></trkpt><trkpt lat="37.951720" lon="-122.320980"><ele>52.8</ele></trkpt><trkpt lat="37.951780" lon="-122.320540"><ele>51.4</ele></trkpt><trkpt lat="37.951720" lon="-122.319600"><ele>50.6</ele></trkpt><trkpt lat="37.951810" lon="-122.319300"><ele>50.8</ele></trkpt><trkpt lat="37.951810" lon="-122.319300"><ele>50.8</ele></trkpt><trkpt lat="37.951960" lon="-122.318770"><ele>53.8</ele></trkpt><trkpt lat="37.952010" lon="-122.318350"><ele>56.7</ele></trkpt><trkpt lat="37.951990" lon="-122.318100"><ele>58.6</ele></trkpt><trkpt lat="37.951840" lon="-122.317020"><ele>71.9</ele></trkpt><trkpt lat="37.951830" lon="-122.316750"><ele>75.6</ele></trkpt><trkpt lat="37.951850" lon="-122.316410"><ele>78.9</ele></trkpt><trkpt lat="37.951930" lon="-122.316110"><ele>80.2</ele></trkpt><trkpt lat="37.952140" lon="-122.315570"><ele>83.9</ele></trkpt><trkpt lat="37.952360" lon="-122.315020"><ele>88.2</ele></trkpt><trkpt lat="37.952360" lon="-122.315020"><ele>88.2</ele></trkpt><trkpt lat="37.952419" lon="-122.314860"><ele>89.5</ele></trkpt><trkpt lat="37.952450" lon="-122.314650"><ele>91.0</ele></trkpt><trkpt lat="37.952450" lon="-122.314350"><ele>93.5</ele></trkpt><trkpt lat="37.952400" lon="-122.313750"><ele>97.8</ele></trkpt><trkpt lat="37.952200" lon="-122.313160"><ele>101.6</ele></trkpt><trkpt lat="37.952000" lon="-122.312570"><ele>106.1</ele></trkpt><trkpt lat="37.951659" lon="-122.311780"><ele>110.0</ele></trkpt><trkpt lat="37.951520" lon="-122.311500"><ele>111.6</ele></trkpt><trkpt lat="37.951370" lon="-122.311310"><ele>112.0</ele></trkpt><trkpt lat="37.951040" lon="-122.311110"><ele>112.5</ele></trkpt><trkpt lat="37.950260" lon="-122.310570"><ele>114.1</ele></trkpt><trkpt lat="37.949750" lon="-122.310170"><ele>118.2</ele></trkpt><trkpt lat="37.949240" lon="-122.309780"><ele>124.7</ele></trkpt><trkpt lat="37.948640" lon="-122.309360"><ele>132.4</ele></trkpt><trkpt lat="37.948040" lon="-122.308940"><ele>138.6</ele></trkpt><trkpt lat="37.947450" lon="-122.308520"><ele>136.5</ele></trkpt><trkpt lat="37.946810" lon="-122.308070"><ele>128.2</ele></trkpt><trkpt lat="37.946170" lon="-122.307610"><ele>120.7</ele></trkpt><trkpt lat="37.945540" lon="-122.307150"><ele>118.7</ele></trkpt><trkpt lat="37.944899" lon="-122.306690"><ele>119.6</ele></trkpt><trkpt lat="37.944260" lon="-122.306240"><ele>120.0</ele></trkpt><trkpt lat="37.943990" lon="-122.305970"><ele>118.4</ele></trkpt><trkpt lat="37.943730" lon="-122.305650"><ele>113.5</ele></trkpt><trkpt lat="37.943500" lon="-122.305260"><ele>110.2</ele></trkpt><trkpt lat="37.943420" lon="-122.305040"><ele>109.0</ele></trkpt><trkpt lat="37.943300" lon="-122.304700"><ele>109.4</ele></trkpt><trkpt lat="37.943190" lon="-122.304090"><ele>110.1</ele></trkpt><trkpt lat="37.942970" lon="-122.303110"><ele>108.1</ele></trkpt><trkpt lat="37.942839" lon="-122.302700"><ele>110.5</ele></trkpt><trkpt lat="37.942770" lon="-122.302590"><ele>111.7</ele></trkpt><trkpt lat="37.942610" lon="-122.302570"><ele>113.4</ele></trkpt><trkpt lat="37.942450" lon="-122.302470"><ele>114.0</ele></trkpt><trkpt lat="37.942250" lon="-122.302220"><ele>114.4</ele></trkpt><trkpt lat="37.942050" lon="-122.302140"><ele>113.9</ele></trkpt><trkpt lat="37.941730" lon="-122.302130"><ele>111.8</ele></trkpt><trkpt lat="37.941600" lon="-122.302060"><ele>110.9</ele></trkpt><trkpt lat="37.941520" lon="-122.301960"><ele>110.9</ele></trkpt><trkpt lat="37.941339" lon="-122.301640"><ele>110.7</ele></trkpt><trkpt lat="37.940930" lon="-122.300740"><ele>111.9</ele></trkpt><trkpt lat="37.940540" lon="-122.300220"><ele>111.9</ele></trkpt><trkpt lat="37.940330" lon="-122.300030"><ele>111.9</ele></trkpt><trkpt lat="37.939850" lon="-122.299760"><ele>112.6</ele></trkpt><trkpt lat="37.939630" lon="-122.299470"><ele>112.9</ele></trkpt><trkpt lat="37.939500" lon="-122.299260"><ele>113.0</ele></trkpt><trkpt lat="37.939340" lon="-122.299130"><ele>113.1</ele></trkpt><trkpt lat="37.939190" lon="-122.298930"><ele>113.1</ele></trkpt><trkpt lat="37.939140" lon="-122.298750"><ele>113.1</ele></trkpt><trkpt lat="37.939120" lon="-122.298320"><ele>113.4</ele></trkpt><trkpt lat="37.939040" lon="-122.298240"><ele>113.5</ele></trkpt><trkpt lat="37.938930" lon="-122.298270"><ele>113.6</ele></trkpt><trkpt lat="37.938809" lon="-122.298370"><ele>113.9</ele></trkpt><trkpt lat="37.938610" lon="-122.298460"><ele>114.3</ele></trkpt><trkpt lat="37.938380" lon="-122.298460"><ele>114.8</ele></trkpt><trkpt lat="37.938150" lon="-122.298330"><ele>115.0</ele></trkpt><trkpt lat="37.938000" lon="-122.298160"><ele>115.1</ele></trkpt><trkpt lat="37.937470" lon="-122.297310"><ele>116.7</ele></trkpt><trkpt lat="37.937370" lon="-122.297180"><ele>116.7</ele></trkpt><trkpt lat="37.937290" lon="-122.296980"><ele>116.7</ele></trkpt><trkpt lat="37.937190" lon="-122.296820"><ele>116.7</ele></trkpt><trkpt lat="37.937070" lon="-122.296700"><ele>116.7</ele></trkpt><trkpt lat="37.936890" lon="-122.296420"><ele>116.7</ele></trkpt><trkpt lat="37.936850" lon="-122.296240"><ele>116.4</ele></trkpt><trkpt lat="37.936860" lon="-122.295670"><ele>115.8</ele></trkpt><trkpt lat="37.936830" lon="-122.295470"><ele>115.8</ele></trkpt><trkpt lat="37.936670" lon="-122.294960"><ele>115.7</ele></trkpt><trkpt lat="37.936470" lon="-122.294590"><ele>115.3</ele></trkpt><trkpt lat="37.936300" lon="-122.294340"><ele>115.5</ele></trkpt><trkpt lat="37.936210" lon="-122.294140"><ele>115.7</ele></trkpt><trkpt lat="37.936160" lon="-122.293930"><ele>115.8</ele></trkpt><trkpt lat="37.936120" lon="-122.293480"><ele>115.4</ele></trkpt><trkpt lat="37.936050" lon="-122.293370"><ele>115.3</ele></trkpt><trkpt lat="37.935770" lon="-122.293230"><ele>115.4</ele></trkpt><trkpt lat="37.935680" lon="-122.293040"><ele>115.5</ele></trkpt><trkpt lat="37.935450" lon="-122.292310"><ele>114.9</ele></trkpt><trkpt lat="37.935590" lon="-122.292770"><ele>115.5</ele></trkpt><trkpt lat="37.935590" lon="-122.292770"><ele>115.5</ele></trkpt><trkpt lat="37.935440" lon="-122.292320"><ele>116.1</ele></trkpt><trkpt lat="37.935370" lon="-122.292010"><ele>116.4</ele></trkpt><trkpt lat="37.935310" lon="-122.291850"><ele>116.5</ele></trkpt><trkpt lat="37.935250" lon="-122.291750"><ele>116.7</ele></trkpt><trkpt lat="37.934820" lon="-122.291160"><ele>117.1</ele></trkpt><trkpt lat="37.934740" lon="-122.291030"><ele>116.9</ele></trkpt><trkpt lat="37.934520" lon="-122.290050"><ele>116.5</ele></trkpt><trkpt lat="37.934200" lon="-122.289360"><ele>116.0</ele></trkpt><trkpt lat="37.934030" lon="-122.288900"><ele>117.1</ele></trkpt><trkpt lat="37.933980" lon="-122.288600"><ele>118.3</ele></trkpt><trkpt lat="37.933670" lon="-122.287880"><ele>123.0</ele></trkpt><trkpt lat="37.933480" lon="-122.287560"><ele>126.4</ele></trkpt><trkpt lat="37.933390" lon="-122.287450"><ele>128.0</ele></trkpt><trkpt lat="37.933050" lon="-122.287200"><ele>132.6</ele></trkpt><trkpt lat="37.932850" lon="-122.286990"><ele>135.3</ele></trkpt><trkpt lat="37.932609" lon="-122.286590"><ele>139.2</ele></trkpt><trkpt lat="37.932480" lon="-122.286410"><ele>141.1</ele></trkpt><trkpt lat="37.932330" lon="-122.286290"><ele>142.4</ele></trkpt><trkpt lat="37.932220" lon="-122.286240"><ele>143.1</ele></trkpt><trkpt lat="37.931850" lon="-122.286170"><ele>145.4</ele></trkpt><trkpt lat="37.931720" lon="-122.286080"><ele>146.0</ele></trkpt><trkpt lat="37.931370" lon="-122.285660"><ele>147.6</ele></trkpt><trkpt lat="37.931080" lon="-122.285370"><ele>147.8</ele></trkpt><trkpt lat="37.930680" lon="-122.285020"><ele>148.6</ele></trkpt><trkpt lat="37.930210" lon="-122.284340"><ele>147.1</ele></trkpt><trkpt lat="37.930169" lon="-122.284310"><ele>146.9</ele></trkpt><trkpt lat="37.929870" lon="-122.284250"><ele>145.7</ele></trkpt><trkpt lat="37.929609" lon="-122.284120"><ele>144.6</ele></trkpt><trkpt lat="37.929519" lon="-122.284110"><ele>144.2</ele></trkpt><trkpt lat="37.929229" lon="-122.284140"><ele>142.9</ele></trkpt><trkpt lat="37.929130" lon="-122.284120"><ele>142.5</ele></trkpt><trkpt lat="37.928870" lon="-122.284000"><ele>141.4</ele></trkpt><trkpt lat="37.928570" lon="-122.283720"><ele>140.4</ele></trkpt><trkpt lat="37.928019" lon="-122.283680"><ele>139.6</ele></trkpt><trkpt lat="37.927790" lon="-122.283590"><ele>139.4</ele></trkpt><trkpt lat="37.927680" lon="-122.283490"><ele>139.3</ele></trkpt><trkpt lat="37.927330" lon="-122.283020"><ele>139.0</ele></trkpt><trkpt lat="37.927230" lon="-122.282860"><ele>139.2</ele></trkpt><trkpt lat="37.927180" lon="-122.282710"><ele>139.4</ele></trkpt><trkpt lat="37.927070" lon="-122.282570"><ele>139.5</ele></trkpt><trkpt lat="37.926900" lon="-122.282410"><ele>139.6</ele></trkpt><trkpt lat="37.926850" lon="-122.282330"><ele>139.6</ele></trkpt><trkpt lat="37.926720" lon="-122.282060"><ele>139.6</ele></trkpt><trkpt lat="37.926670" lon="-122.282030"><ele>139.6</ele></trkpt><trkpt lat="37.926580" lon="-122.282010"><ele>139.2</ele></trkpt><trkpt lat="37.925720" lon="-122.281990"><ele>136.2</ele></trkpt><trkpt lat="37.925340" lon="-122.281880"><ele>135.8</ele></trkpt><trkpt lat="37.925050" lon="-122.281850"><ele>135.6</ele></trkpt><trkpt lat="37.924890" lon="-122.281730"><ele>135.7</ele></trkpt><trkpt lat="37.924550" lon="-122.281660"><ele>135.9</ele></trkpt><trkpt lat="37.924470" lon="-122.281630"><ele>136.1</ele></trkpt><trkpt lat="37.924210" lon="-122.281330"><ele>136.9</ele></trkpt><trkpt lat="37.924100" lon="-122.281130"><ele>137.5</ele></trkpt><trkpt lat="37.924040" lon="-122.281000"><ele>138.1</ele></trkpt><trkpt lat="37.924030" lon="-122.280950"><ele>138.2</ele></trkpt><trkpt lat="37.923990" lon="-122.280880"><ele>138.5</ele></trkpt><trkpt lat="37.923780" lon="-122.280690"><ele>139.7</ele></trkpt><trkpt lat="37.923730" lon="-122.280600"><ele>139.9</ele></trkpt><trkpt lat="37.923680" lon="-122.280490"><ele>140.1</ele></trkpt><trkpt lat="37.923670" lon="-122.280300"><ele>140.4</ele></trkpt><trkpt lat="37.923720" lon="-122.280070"><ele>140.8</ele></trkpt><trkpt lat="37.923750" lon="-122.279880"><ele>140.8</ele></trkpt><trkpt lat="37.923720" lon="-122.279790"><ele>140.8</ele></trkpt><trkpt lat="37.923680" lon="-122.279730"><ele>140.8</ele></trkpt><trkpt lat="37.923590" lon="-122.279730"><ele>140.8</ele></trkpt><trkpt lat="37.923400" lon="-122.279830"><ele>140.8</ele></trkpt><trkpt lat="37.923260" lon="-122.279880"><ele>140.6</ele></trkpt><trkpt lat="37.923120" lon="-122.279870"><ele>140.4</ele></trkpt><trkpt lat="37.922910" lon="-122.279820"><ele>140.2</ele></trkpt><trkpt lat="37.922530" lon="-122.279570"><ele>139.2</ele></trkpt><trkpt lat="37.922220" lon="-122.279240"><ele>139.0</ele></trkpt><trkpt lat="37.921870" lon="-122.279200"><ele>139.1</ele></trkpt><trkpt lat="37.921780" lon="-122.279160"><ele>139.2</ele></trkpt><trkpt lat="37.921610" lon="-122.279030"><ele>139.4</ele></trkpt><trkpt lat="37.921200" lon="-122.278820"><ele>140.5</ele></trkpt><trkpt lat="37.921090" lon="-122.278710"><ele>140.9</ele></trkpt><trkpt lat="37.920730" lon="-122.278250"><ele>143.3</ele></trkpt><trkpt lat="37.920570" lon="-122.277990"><ele>144.3</ele></trkpt><trkpt lat="37.920499" lon="-122.277920"><ele>144.6</ele></trkpt><trkpt lat="37.920390" lon="-122.277870"><ele>145.0</ele></trkpt><trkpt lat="37.920240" lon="-122.277850"><ele>145.5</ele></trkpt><trkpt lat="37.920170" lon="-122.277810"><ele>145.7</ele></trkpt><trkpt lat="37.920110" lon="-122.277750"><ele>145.8</ele></trkpt><trkpt lat="37.919759" lon="-122.277200"><ele>146.4</ele></trkpt><trkpt lat="37.919540" lon="-122.276960"><ele>146.5</ele></trkpt><trkpt lat="37.919400" lon="-122.276840"><ele>146.6</ele></trkpt><trkpt lat="37.919170" lon="-122.276600"><ele>146.8</ele></trkpt><trkpt lat="37.918970" lon="-122.276510"><ele>146.9</ele></trkpt><trkpt lat="37.918220" lon="-122.275900"><ele>146.7</ele></trkpt><trkpt lat="37.917750" lon="-122.275640"><ele>147.0</ele></trkpt><trkpt lat="37.917600" lon="-122.275530"><ele>147.2</ele></trkpt><trkpt lat="37.917440" lon="-122.275370"><ele>147.4</ele></trkpt><trkpt lat="37.917319" lon="-122.275160"><ele>147.6</ele></trkpt><trkpt lat="37.917140" lon="-122.274900"><ele>148.0</ele></trkpt><trkpt lat="37.917080" lon="-122.274870"><ele>148.1</ele></trkpt><trkpt lat="37.916810" lon="-122.274820"><ele>148.6</ele></trkpt><trkpt lat="37.916410" lon="-122.274530"><ele>148.9</ele></trkpt><trkpt lat="37.916289" lon="-122.274420"><ele>149.0</ele></trkpt><trkpt lat="37.916200" lon="-122.274270"><ele>149.0</ele></trkpt><trkpt lat="37.915970" lon="-122.273750"><ele>148.8</ele></trkpt><trkpt lat="37.915390" lon="-122.272630"><ele>151.2</ele></trkpt><trkpt lat="37.915330" lon="-122.272450"><ele>151.7</ele></trkpt><trkpt lat="37.915280" lon="-122.272150"><ele>152.4</ele></trkpt><trkpt lat="37.915230" lon="-122.272020"><ele>152.7</ele></trkpt><trkpt lat="37.915090" lon="-122.271830"><ele>153.3</ele></trkpt><trkpt lat="37.914790" lon="-122.271110"><ele>155.6</ele></trkpt><trkpt lat="37.913830" lon="-122.270320"><ele>157.2</ele></trkpt><trkpt lat="37.913469" lon="-122.270080"><ele>157.5</ele></trkpt><trkpt lat="37.913360" lon="-122.269950"><ele>157.7</ele></trkpt><trkpt lat="37.913280" lon="-122.269700"><ele>157.9</ele></trkpt><trkpt lat="37.913089" lon="-122.269310"><ele>157.9</ele></trkpt><trkpt lat="37.912830" lon="-122.268900"><ele>158.0</ele></trkpt><trkpt lat="37.912570" lon="-122.268590"><ele>158.7</ele></trkpt><trkpt lat="37.912340" lon="-122.268410"><ele>159.8</ele></trkpt><trkpt lat="37.912230" lon="-122.268150"><ele>160.8</ele></trkpt><trkpt lat="37.912130" lon="-122.267790"><ele>161.9</ele></trkpt><trkpt lat="37.911730" lon="-122.266910"><ele>165.1</ele></trkpt><trkpt lat="37.911610" lon="-122.266310"><ele>167.9</ele></trkpt><trkpt lat="37.911580" lon="-122.265880"><ele>170.4</ele></trkpt><trkpt lat="37.911600" lon="-122.265570"><ele>172.0</ele></trkpt><trkpt lat="37.911710" lon="-122.265140"><ele>174.1</ele></trkpt><trkpt lat="37.911960" lon="-122.264700"><ele>177.1</ele></trkpt><trkpt lat="37.912320" lon="-122.264520"><ele>179.8</ele></trkpt><trkpt lat="37.912840" lon="-122.264450"><ele>183.1</ele></trkpt><trkpt lat="37.912960" lon="-122.264370"><ele>183.9</ele></trkpt><trkpt lat="37.913020" lon="-122.264260"><ele>184.5</ele></trkpt><trkpt lat="37.913070" lon="-122.264100"><ele>185.2</ele></trkpt><trkpt lat="37.913060" lon="-122.263800"><ele>185.4</ele></trkpt><trkpt lat="37.912990" lon="-122.263630"><ele>185.5</ele></trkpt><trkpt lat="37.912950" lon="-122.263400"><ele>185.6</ele></trkpt><trkpt lat="37.912980" lon="-122.263150"><ele>185.5</ele></trkpt><trkpt lat="37.913290" lon="-122.261970"><ele>185.5</ele></trkpt><trkpt lat="37.913300" lon="-122.261640"><ele>186.0</ele></trkpt><trkpt lat="37.913270" lon="-122.261500"><ele>186.2</ele></trkpt><trkpt lat="37.913160" lon="-122.261380"><ele>186.4</ele></trkpt><trkpt lat="37.912930" lon="-122.261210"><ele>186.7</ele></trkpt><trkpt lat="37.912580" lon="-122.261240"><ele>187.2</ele></trkpt><trkpt lat="37.912190" lon="-122.261210"><ele>188.1</ele></trkpt><trkpt lat="37.911770" lon="-122.261370"><ele>189.4</ele></trkpt><trkpt lat="37.911450" lon="-122.261560"><ele>189.9</ele></trkpt><trkpt lat="37.911110" lon="-122.261970"><ele>190.1</ele></trkpt><trkpt lat="37.910660" lon="-122.262820"><ele>189.9</ele></trkpt><trkpt lat="37.910600" lon="-122.262880"><ele>189.9</ele></trkpt><trkpt lat="37.910360" lon="-122.262850"><ele>190.4</ele></trkpt><trkpt lat="37.909770" lon="-122.262550"><ele>191.7</ele></trkpt><trkpt lat="37.909320" lon="-122.262250"><ele>191.9</ele></trkpt><trkpt lat="37.909110" lon="-122.262150"><ele>191.7</ele></trkpt><trkpt lat="37.908640" lon="-122.262000"><ele>190.9</ele></trkpt><trkpt lat="37.908330" lon="-122.261990"><ele>190.7</ele></trkpt><trkpt lat="37.908000" lon="-122.262030"><ele>190.4</ele></trkpt><trkpt lat="37.907750" lon="-122.262180"><ele>189.6</ele></trkpt><trkpt lat="37.907559" lon="-122.262220"><ele>189.1</ele></trkpt><trkpt lat="37.907380" lon="-122.262180"><ele>188.2</ele></trkpt><trkpt lat="37.907120" lon="-122.262060"><ele>186.6</ele></trkpt><trkpt lat="37.906770" lon="-122.261780"><ele>183.8</ele></trkpt><trkpt lat="37.906529" lon="-122.261480"><ele>181.4</ele></trkpt><trkpt lat="37.906470" lon="-122.261370"><ele>180.7</ele></trkpt><trkpt lat="37.906350" lon="-122.261150"><ele>179.2</ele></trkpt><trkpt lat="37.906180" lon="-122.261050"><ele>178.0</ele></trkpt><trkpt lat="37.905990" lon="-122.261080"><ele>177.1</ele></trkpt><trkpt lat="37.905780" lon="-122.261250"><ele>175.9</ele></trkpt><trkpt lat="37.905690" lon="-122.261140"><ele>175.5</ele></trkpt><trkpt lat="37.905650" lon="-122.261090"><ele>175.4</ele></trkpt><trkpt lat="37.905570" lon="-122.260760"><ele>174.9</ele></trkpt><trkpt lat="37.905500" lon="-122.260660"><ele>174.7</ele></trkpt><trkpt lat="37.905230" lon="-122.260420"><ele>174.7</ele></trkpt><trkpt lat="37.905060" lon="-122.259980"><ele>175.6</ele></trkpt><trkpt lat="37.904840" lon="-122.259870"><ele>177.0</ele></trkpt><trkpt lat="37.904590" lon="-122.259570"><ele>178.7</ele></trkpt><trkpt lat="37.904220" lon="-122.259220"><ele>180.9</ele></trkpt><trkpt lat="37.904050" lon="-122.259120"><ele>182.4</ele></trkpt><trkpt lat="37.903740" lon="-122.258740"><ele>185.7</ele></trkpt><trkpt lat="37.903700" lon="-122.258590"><ele>186.7</ele></trkpt><trkpt lat="37.904080" lon="-122.257750"><ele>190.4</ele></trkpt><trkpt lat="37.904150" lon="-122.257560"><ele>191.4</ele></trkpt><trkpt lat="37.904150" lon="-122.257450"><ele>192.0</ele></trkpt><trkpt lat="37.904110" lon="-122.257110"><ele>193.7</ele></trkpt><trkpt lat="37.904030" lon="-122.256720"><ele>195.8</ele></trkpt><trkpt lat="37.903820" lon="-122.256260"><ele>197.3</ele></trkpt><trkpt lat="37.903680" lon="-122.255650"><ele>197.2</ele></trkpt><trkpt lat="37.903490" lon="-122.255450"><ele>197.8</ele></trkpt><trkpt lat="37.903310" lon="-122.255240"><ele>198.5</ele></trkpt><trkpt lat="37.903160" lon="-122.254980"><ele>199.8</ele></trkpt><trkpt lat="37.902910" lon="-122.254750"><ele>200.9</ele></trkpt><trkpt lat="37.902460" lon="-122.254440"><ele>201.4</ele></trkpt><trkpt lat="37.902270" lon="-122.254220"><ele>202.1</ele></trkpt><trkpt lat="37.901910" lon="-122.253960"><ele>203.3</ele></trkpt><trkpt lat="37.901730" lon="-122.253900"><ele>203.8</ele></trkpt><trkpt lat="37.901550" lon="-122.253880"><ele>204.2</ele></trkpt><trkpt lat="37.901359" lon="-122.253690"><ele>204.2</ele></trkpt><trkpt lat="37.901230" lon="-122.253580"><ele>204.2</ele></trkpt><trkpt lat="37.900810" lon="-122.253450"><ele>204.4</ele></trkpt><trkpt lat="37.900329" lon="-122.253360"><ele>205.3</ele></trkpt><trkpt lat="37.900080" lon="-122.253190"><ele>206.0</ele></trkpt><trkpt lat="37.899960" lon="-122.253160"><ele>206.2</ele></trkpt><trkpt lat="37.899900" lon="-122.253080"><ele>206.3</ele></trkpt><trkpt lat="37.899840" lon="-122.253060"><ele>206.4</ele></trkpt><trkpt lat="37.899740" lon="-122.253050"><ele>206.5</ele></trkpt><trkpt lat="37.899700" lon="-122.253010"><ele>206.5</ele></trkpt><trkpt lat="37.899610" lon="-122.252820"><ele>206.9</ele></trkpt><trkpt lat="37.899470" lon="-122.252730"><ele>207.4</ele></trkpt><trkpt lat="37.898960" lon="-122.252660"><ele>209.9</ele></trkpt><trkpt lat="37.899220" lon="-122.252500"><ele>212.0</ele></trkpt><trkpt lat="37.899360" lon="-122.252470"><ele>213.4</ele></trkpt><trkpt lat="37.899520" lon="-122.252490"><ele>215.1</ele></trkpt><trkpt lat="37.899690" lon="-122.252580"><ele>217.2</ele></trkpt><trkpt lat="37.899830" lon="-122.252620"><ele>218.8</ele></trkpt><trkpt lat="37.899990" lon="-122.252640"><ele>221.0</ele></trkpt><trkpt lat="37.900120" lon="-122.252610"><ele>222.8</ele></trkpt><trkpt lat="37.900380" lon="-122.252500"><ele>226.5</ele></trkpt><trkpt lat="37.900530" lon="-122.252470"><ele>228.6</ele></trkpt><trkpt lat="37.900920" lon="-122.252540"><ele>234.0</ele></trkpt><trkpt lat="37.901300" lon="-122.252500"><ele>240.1</ele></trkpt><trkpt lat="37.901440" lon="-122.252510"><ele>242.3</ele></trkpt><trkpt lat="37.901560" lon="-122.252550"><ele>244.0</ele></trkpt><trkpt lat="37.901660" lon="-122.252620"><ele>245.6</ele></trkpt><trkpt lat="37.901829" lon="-122.252790"><ele>248.5</ele></trkpt><trkpt lat="37.901890" lon="-122.252800"><ele>249.3</ele></trkpt><trkpt lat="37.901940" lon="-122.252780"><ele>250.0</ele></trkpt><trkpt lat="37.901970" lon="-122.252740"><ele>250.5</ele></trkpt><trkpt lat="37.901990" lon="-122.252680"><ele>251.1</ele></trkpt><trkpt lat="37.901990" lon="-122.252500"><ele>252.8</ele></trkpt><trkpt lat="37.901950" lon="-122.252330"><ele>254.5</ele></trkpt><trkpt lat="37.901780" lon="-122.251810"><ele>259.0</ele></trkpt><trkpt lat="37.901739" lon="-122.251550"><ele>261.1</ele></trkpt><trkpt lat="37.901780" lon="-122.251320"><ele>263.4</ele></trkpt><trkpt lat="37.901930" lon="-122.250870"><ele>268.3</ele></trkpt><trkpt lat="37.901980" lon="-122.250220"><ele>274.5</ele></trkpt><trkpt lat="37.902070" lon="-122.249720"><ele>278.4</ele></trkpt><trkpt lat="37.902070" lon="-122.249730"><ele>278.5</ele></trkpt><trkpt lat="37.902090" lon="-122.249610"><ele>279.4</ele></trkpt><trkpt lat="37.902270" lon="-122.249070"><ele>283.0</ele></trkpt><trkpt lat="37.902460" lon="-122.248760"><ele>285.2</ele></trkpt><trkpt lat="37.902650" lon="-122.248570"><ele>286.9</ele></trkpt><trkpt lat="37.902870" lon="-122.248430"><ele>288.3</ele></trkpt><trkpt lat="37.902950" lon="-122.248320"><ele>288.9</ele></trkpt><trkpt lat="37.903070" lon="-122.247980"><ele>290.3</ele></trkpt><trkpt lat="37.903220" lon="-122.247640"><ele>291.5</ele></trkpt><trkpt lat="37.903390" lon="-122.247350"><ele>292.9</ele></trkpt><trkpt lat="37.903460" lon="-122.247260"><ele>293.5</ele></trkpt><trkpt lat="37.903700" lon="-122.247060"><ele>295.2</ele></trkpt><trkpt lat="37.903780" lon="-122.246930"><ele>296.2</ele></trkpt><trkpt lat="37.903630" lon="-122.247050"><ele>297.9</ele></trkpt><trkpt lat="37.903320" lon="-122.247150"><ele>301.0</ele></trkpt><trkpt lat="37.903180" lon="-122.247240"><ele>302.4</ele></trkpt><trkpt lat="37.903080" lon="-122.247340"><ele>303.6</ele></trkpt><trkpt lat="37.902920" lon="-122.247500"><ele>305.4</ele></trkpt><trkpt lat="37.902710" lon="-122.247650"><ele>308.3</ele></trkpt><trkpt lat="37.902650" lon="-122.247750"><ele>309.5</ele></trkpt><trkpt lat="37.902580" lon="-122.247800"><ele>310.4</ele></trkpt><trkpt lat="37.902460" lon="-122.247730"><ele>312.1</ele></trkpt><trkpt lat="37.902450" lon="-122.247630"><ele>313.0</ele></trkpt><trkpt lat="37.902480" lon="-122.247530"><ele>314.0</ele></trkpt><trkpt lat="37.902620" lon="-122.247350"><ele>316.4</ele></trkpt><trkpt lat="37.902750" lon="-122.247140"><ele>318.9</ele></trkpt><trkpt lat="37.902810" lon="-122.247020"><ele>320.0</ele></trkpt><trkpt lat="37.902850" lon="-122.246910"><ele>321.0</ele></trkpt><trkpt lat="37.902870" lon="-122.246790"><ele>322.0</ele></trkpt><trkpt lat="37.902840" lon="-122.246680"><ele>323.0</ele></trkpt><trkpt lat="37.902769" lon="-122.246570"><ele>324.1</ele></trkpt><trkpt lat="37.902670" lon="-122.246540"><ele>325.6</ele></trkpt><trkpt lat="37.902570" lon="-122.246570"><ele>327.1</ele></trkpt><trkpt lat="37.902510" lon="-122.246610"><ele>328.2</ele></trkpt><trkpt lat="37.901570" lon="-122.247730"><ele>348.0</ele></trkpt><trkpt lat="37.901510" lon="-122.247770"><ele>349.1</ele></trkpt><trkpt lat="37.901440" lon="-122.247790"><ele>350.3</ele></trkpt><trkpt lat="37.901390" lon="-122.247770"><ele>351.2</ele></trkpt><trkpt lat="37.901359" lon="-122.247700"><ele>352.3</ele></trkpt><trkpt lat="37.901359" lon="-122.247620"><ele>353.4</ele></trkpt><trkpt lat="37.901390" lon="-122.247420"><ele>356.3</ele></trkpt><trkpt lat="37.901640" lon="-122.246810"><ele>366.1</ele></trkpt><trkpt lat="37.901910" lon="-122.245920"><ele>377.1</ele></trkpt><trkpt lat="37.902040" lon="-122.245380"><ele>383.7</ele></trkpt><trkpt lat="37.902209" lon="-122.244840"><ele>390.5</ele></trkpt><trkpt lat="37.902170" lon="-122.244960"><ele>392.0</ele></trkpt><trkpt lat="37.902170" lon="-122.244950"><ele>392.1</ele></trkpt><trkpt lat="37.902170" lon="-122.244960"><ele>392.2</ele></trkpt><trkpt lat="37.902299" lon="-122.244610"><ele>395.4</ele></trkpt><trkpt lat="37.902310" lon="-122.244470"><ele>396.6</ele></trkpt><trkpt lat="37.902290" lon="-122.244300"><ele>397.9</ele></trkpt><trkpt lat="37.902260" lon="-122.244180"><ele>398.2</ele></trkpt><trkpt lat="37.902060" lon="-122.243740"><ele>399.8</ele></trkpt><trkpt lat="37.901910" lon="-122.243510"><ele>400.4</ele></trkpt><trkpt lat="37.901120" lon="-122.242490"><ele>400.4</ele></trkpt><trkpt lat="37.900920" lon="-122.242250"><ele>399.9</ele></trkpt><trkpt lat="37.900799" lon="-122.242160"><ele>399.7</ele></trkpt><trkpt lat="37.900610" lon="-122.242080"><ele>399.3</ele></trkpt><trkpt lat="37.899910" lon="-122.241860"><ele>401.4</ele></trkpt><trkpt lat="37.899750" lon="-122.241760"><ele>402.7</ele></trkpt><trkpt lat="37.899060" lon="-122.241020"><ele>410.7</ele></trkpt><trkpt lat="37.898390" lon="-122.240260"><ele>419.8</ele></trkpt><trkpt lat="37.898130" lon="-122.239930"><ele>423.4</ele></trkpt><trkpt lat="37.897979" lon="-122.239460"><ele>426.9</ele></trkpt><trkpt lat="37.897810" lon="-122.238820"><ele>430.2</ele></trkpt><trkpt lat="37.897680" lon="-122.238610"><ele>431.5</ele></trkpt><trkpt lat="37.896980" lon="-122.237800"><ele>436.4</ele></trkpt><trkpt lat="37.896820" lon="-122.237640"><ele>437.5</ele></trkpt><trkpt lat="37.896440" lon="-122.237370"><ele>440.6</ele></trkpt><trkpt lat="37.896220" lon="-122.237260"><ele>442.8</ele></trkpt><trkpt lat="37.895660" lon="-122.236910"><ele>449.3</ele></trkpt><trkpt lat="37.895520" lon="-122.236810"><ele>451.2</ele></trkpt><trkpt lat="37.895440" lon="-122.236720"><ele>452.5</ele></trkpt><trkpt lat="37.895380" lon="-122.236590"><ele>454.0</ele></trkpt><trkpt lat="37.895370" lon="-122.236500"><ele>454.9</ele></trkpt><trkpt lat="37.895390" lon="-122.236400"><ele>455.9</ele></trkpt><trkpt lat="37.895440" lon="-122.236300"><ele>457.2</ele></trkpt><trkpt lat="37.895470" lon="-122.236190"><ele>458.7</ele></trkpt><trkpt lat="37.895420" lon="-122.236060"><ele>460.5</ele></trkpt><trkpt lat="37.895359" lon="-122.236040"><ele>461.5</ele></trkpt><trkpt lat="37.895200" lon="-122.236080"><ele>464.1</ele></trkpt><trkpt lat="37.895050" lon="-122.236000"><ele>467.2</ele></trkpt><trkpt lat="37.894960" lon="-122.235900"><ele>469.6</ele></trkpt><trkpt lat="37.894910" lon="-122.235820"><ele>471.3</ele></trkpt><trkpt lat="37.894840" lon="-122.235610"><ele>475.0</ele></trkpt><trkpt lat="37.894720" lon="-122.234980"><ele>483.1</ele></trkpt><trkpt lat="37.894670" lon="-122.234830"><ele>484.8</ele></trkpt><trkpt lat="37.894610" lon="-122.234730"><ele>485.8</ele></trkpt><trkpt lat="37.894100" lon="-122.234230"><ele>491.4</ele></trkpt><trkpt lat="37.893810" lon="-122.233680"><ele>493.2</ele></trkpt><trkpt lat="37.893730" lon="-122.233410"><ele>493.2</ele></trkpt><trkpt lat="37.893690" lon="-122.233310"><ele>493.1</ele></trkpt><trkpt lat="37.893610" lon="-122.233220"><ele>492.6</ele></trkpt><trkpt lat="37.893500" lon="-122.233170"><ele>492.1</ele></trkpt><trkpt lat="37.893360" lon="-122.233170"><ele>491.5</ele></trkpt><trkpt lat="37.893220" lon="-122.233210"><ele>490.8</ele></trkpt><trkpt lat="37.893110" lon="-122.233210"><ele>490.5</ele></trkpt><trkpt lat="37.893020" lon="-122.233160"><ele>490.2</ele></trkpt><trkpt lat="37.892960" lon="-122.233060"><ele>489.9</ele></trkpt><trkpt lat="37.892900" lon="-122.232860"><ele>489.4</ele></trkpt><trkpt lat="37.892900" lon="-122.232480"><ele>488.6</ele></trkpt><trkpt lat="37.892890" lon="-122.232330"><ele>488.2</ele></trkpt><trkpt lat="37.892829" lon="-122.232140"><ele>487.8</ele></trkpt><trkpt lat="37.892620" lon="-122.231650"><ele>485.9</ele></trkpt><trkpt lat="37.892550" lon="-122.231370"><ele>484.9</ele></trkpt><trkpt lat="37.892520" lon="-122.231220"><ele>484.3</ele></trkpt><trkpt lat="37.892530" lon="-122.231040"><ele>483.7</ele></trkpt><trkpt lat="37.892560" lon="-122.230790"><ele>482.7</ele></trkpt><trkpt lat="37.892560" lon="-122.230630"><ele>482.0</ele></trkpt><trkpt lat="37.892539" lon="-122.230540"><ele>481.6</ele></trkpt><trkpt lat="37.892490" lon="-122.230390"><ele>480.9</ele></trkpt><trkpt lat="37.892330" lon="-122.230130"><ele>479.1</ele></trkpt><trkpt lat="37.892290" lon="-122.230040"><ele>478.2</ele></trkpt><trkpt lat="37.892200" lon="-122.229600"><ele>474.3</ele></trkpt><trkpt lat="37.892150" lon="-122.229470"><ele>473.0</ele></trkpt><trkpt lat="37.891970" lon="-122.229230"><ele>470.1</ele></trkpt><trkpt lat="37.891950" lon="-122.229130"><ele>469.2</ele></trkpt><trkpt lat="37.891960" lon="-122.229060"><ele>468.6</ele></trkpt><trkpt lat="37.892060" lon="-122.228770"><ele>466.3</ele></trkpt><trkpt lat="37.892080" lon="-122.228680"><ele>465.7</ele></trkpt><trkpt lat="37.892069" lon="-122.228590"><ele>465.1</ele></trkpt><trkpt lat="37.891930" lon="-122.228260"><ele>462.8</ele></trkpt><trkpt lat="37.891889" lon="-122.228140"><ele>462.3</ele></trkpt><trkpt lat="37.891840" lon="-122.227800"><ele>460.9</ele></trkpt><trkpt lat="37.891800" lon="-122.227660"><ele>460.5</ele></trkpt><trkpt lat="37.891750" lon="-122.227540"><ele>460.5</ele></trkpt><trkpt lat="37.891630" lon="-122.227390"><ele>460.4</ele></trkpt><trkpt lat="37.891530" lon="-122.227330"><ele>460.3</ele></trkpt><trkpt lat="37.891280" lon="-122.227210"><ele>460.8</ele></trkpt><trkpt lat="37.891050" lon="-122.227140"><ele>461.6</ele></trkpt><trkpt lat="37.890949" lon="-122.227080"><ele>461.9</ele></trkpt><trkpt lat="37.890860" lon="-122.226950"><ele>462.8</ele></trkpt><trkpt lat="37.890690" lon="-122.226650"><ele>465.1</ele></trkpt><trkpt lat="37.890590" lon="-122.226510"><ele>466.3</ele></trkpt><trkpt lat="37.890470" lon="-122.226410"><ele>467.9</ele></trkpt><trkpt lat="37.890009" lon="-122.226220"><ele>472.9</ele></trkpt><trkpt lat="37.889620" lon="-122.225960"><ele>476.8</ele></trkpt><trkpt lat="37.889449" lon="-122.225720"><ele>479.2</ele></trkpt><trkpt lat="37.889310" lon="-122.225380"><ele>482.2</ele></trkpt><trkpt lat="37.889249" lon="-122.224860"><ele>485.5</ele></trkpt><trkpt lat="37.888970" lon="-122.224500"><ele>489.0</ele></trkpt><trkpt lat="37.888700" lon="-122.224300"><ele>492.0</ele></trkpt><trkpt lat="37.888599" lon="-122.224290"><ele>492.9</ele></trkpt><trkpt lat="37.888500" lon="-122.224330"><ele>493.8</ele></trkpt><trkpt lat="37.888030" lon="-122.224780"><ele>499.7</ele></trkpt><trkpt lat="37.887930" lon="-122.224820"><ele>500.8</ele></trkpt><trkpt lat="37.887730" lon="-122.224800"><ele>503.0</ele></trkpt><trkpt lat="37.887350" lon="-122.224500"><ele>508.1</ele></trkpt><trkpt lat="37.886880" lon="-122.224210"><ele>514.1</ele></trkpt><trkpt lat="37.886510" lon="-122.223980"><ele>518.2</ele></trkpt><trkpt lat="37.886290" lon="-122.223910"><ele>520.4</ele></trkpt><trkpt lat="37.886050" lon="-122.223910"><ele>522.8</ele></trkpt><trkpt lat="37.885760" lon="-122.223990"><ele>525.9</ele></trkpt><trkpt lat="37.885480" lon="-122.224150"><ele>529.4</ele></trkpt><trkpt lat="37.885350" lon="-122.224150"><ele>530.9</ele></trkpt><trkpt lat="37.885210" lon="-122.224090"><ele>532.5</ele></trkpt><trkpt lat="37.885110" lon="-122.223980"><ele>534.0</ele></trkpt><trkpt lat="37.884760" lon="-122.223010"><ele>541.7</ele></trkpt><trkpt lat="37.884600" lon="-122.222430"><ele>546.9</ele></trkpt><trkpt lat="37.884490" lon="-122.222170"><ele>549.0</ele></trkpt><trkpt lat="37.883980" lon="-122.221220"><ele>554.6</ele></trkpt><trkpt lat="37.883850" lon="-122.221080"><ele>554.7</ele></trkpt><trkpt lat="37.883670" lon="-122.220980"><ele>554.7</ele></trkpt><trkpt lat="37.883240" lon="-122.220980"><ele>554.6</ele></trkpt><trkpt lat="37.882930" lon="-122.221020"><ele>554.4</ele></trkpt><trkpt lat="37.882399" lon="-122.221290"><ele>549.5</ele></trkpt><trkpt lat="37.882250" lon="-122.221340"><ele>547.8</ele></trkpt><trkpt lat="37.882240" lon="-122.221340"><ele>547.7</ele></trkpt><trkpt lat="37.882070" lon="-122.221410"><ele>545.7</ele></trkpt><trkpt lat="37.881910" lon="-122.221370"><ele>543.8</ele></trkpt><trkpt lat="37.881430" lon="-122.220960"><ele>536.1</ele></trkpt><trkpt lat="37.881200" lon="-122.220820"><ele>533.7</ele></trkpt><trkpt lat="37.880850" lon="-122.220710"><ele>530.6</ele></trkpt><trkpt lat="37.880719" lon="-122.220710"><ele>529.8</ele></trkpt><trkpt lat="37.880660" lon="-122.220750"><ele>529.4</ele></trkpt><trkpt lat="37.880640" lon="-122.220840"><ele>529.0</ele></trkpt><trkpt lat="37.880640" lon="-122.220910"><ele>528.6</ele></trkpt><trkpt lat="37.880710" lon="-122.221010"><ele>527.9</ele></trkpt><trkpt lat="37.881100" lon="-122.221090"><ele>525.9</ele></trkpt><trkpt lat="37.881240" lon="-122.221170"><ele>525.2</ele></trkpt><trkpt lat="37.881330" lon="-122.221270"><ele>524.7</ele></trkpt><trkpt lat="37.881580" lon="-122.221620"><ele>523.2</ele></trkpt><trkpt lat="37.881810" lon="-122.221820"><ele>522.0</ele></trkpt><trkpt lat="37.881990" lon="-122.221950"><ele>521.1</ele></trkpt><trkpt lat="37.882060" lon="-122.222040"><ele>520.6</ele></trkpt><trkpt lat="37.882060" lon="-122.222130"><ele>520.0</ele></trkpt><trkpt lat="37.881960" lon="-122.222290"><ele>518.7</ele></trkpt><trkpt lat="37.881880" lon="-122.222310"><ele>518.0</ele></trkpt><trkpt lat="37.881160" lon="-122.222100"><ele>511.4</ele></trkpt><trkpt lat="37.880960" lon="-122.222000"><ele>509.7</ele></trkpt><trkpt lat="37.880760" lon="-122.221960"><ele>508.2</ele></trkpt><trkpt lat="37.880620" lon="-122.221950"><ele>507.1</ele></trkpt><trkpt lat="37.880190" lon="-122.221850"><ele>504.5</ele></trkpt><trkpt lat="37.879959" lon="-122.221720"><ele>503.3</ele></trkpt><trkpt lat="37.879880" lon="-122.221650"><ele>502.8</ele></trkpt><trkpt lat="37.879830" lon="-122.221560"><ele>502.4</ele></trkpt><trkpt lat="37.879570" lon="-122.221790"><ele>501.0</ele></trkpt><trkpt lat="37.879420" lon="-122.221640"><ele>500.1</ele></trkpt><trkpt lat="37.879210" lon="-122.221540"><ele>499.1</ele></trkpt><trkpt lat="37.878650" lon="-122.221410"><ele>496.9</ele></trkpt><trkpt lat="37.878480" lon="-122.221340"><ele>496.2</ele></trkpt><trkpt lat="37.878350" lon="-122.221220"><ele>495.5</ele></trkpt><trkpt lat="37.878080" lon="-122.220860"><ele>494.1</ele></trkpt><trkpt lat="37.877809" lon="-122.220530"><ele>492.8</ele></trkpt><trkpt lat="37.877650" lon="-122.220460"><ele>492.0</ele></trkpt><trkpt lat="37.877080" lon="-122.220430"><ele>489.8</ele></trkpt><trkpt lat="37.876680" lon="-122.220230"><ele>488.7</ele></trkpt><trkpt lat="37.876540" lon="-122.220240"><ele>488.4</ele></trkpt><trkpt lat="37.876420" lon="-122.220290"><ele>488.1</ele></trkpt><trkpt lat="37.876320" lon="-122.220370"><ele>487.8</ele></trkpt><trkpt lat="37.876210" lon="-122.220510"><ele>487.3</ele></trkpt><trkpt lat="37.875790" lon="-122.221180"><ele>484.2</ele></trkpt><trkpt lat="37.875540" lon="-122.221560"><ele>482.1</ele></trkpt><trkpt lat="37.875420" lon="-122.221710"><ele>481.2</ele></trkpt><trkpt lat="37.875290" lon="-122.221790"><ele>480.5</ele></trkpt><trkpt lat="37.875050" lon="-122.221820"><ele>479.2</ele></trkpt><trkpt lat="37.874660" lon="-122.221650"><ele>476.6</ele></trkpt><trkpt lat="37.874400" lon="-122.221600"><ele>474.9</ele></trkpt><trkpt lat="37.874310" lon="-122.221550"><ele>474.2</ele></trkpt><trkpt lat="37.874230" lon="-122.221440"><ele>473.4</ele></trkpt><trkpt lat="37.874010" lon="-122.221040"><ele>471.0</ele></trkpt><trkpt lat="37.873920" lon="-122.220920"><ele>470.2</ele></trkpt><trkpt lat="37.873830" lon="-122.220850"><ele>469.5</ele></trkpt><trkpt lat="37.873620" lon="-122.220770"><ele>468.0</ele></trkpt><trkpt lat="37.873410" lon="-122.220750"><ele>466.6</ele></trkpt><trkpt lat="37.872860" lon="-122.220730"><ele>462.9</ele></trkpt><trkpt lat="37.872670" lon="-122.220690"><ele>461.7</ele></trkpt><trkpt lat="37.872520" lon="-122.220630"><ele>460.8</ele></trkpt><trkpt lat="37.872400" lon="-122.220530"><ele>460.0</ele></trkpt><trkpt lat="37.872320" lon="-122.220410"><ele>459.3</ele></trkpt><trkpt lat="37.872280" lon="-122.220290"><ele>458.7</ele></trkpt><trkpt lat="37.872280" lon="-122.220190"><ele>458.3</ele></trkpt><trkpt lat="37.872390" lon="-122.219600"><ele>455.5</ele></trkpt><trkpt lat="37.872400" lon="-122.219480"><ele>454.8</ele></trkpt><trkpt lat="37.872380" lon="-122.219370"><ele>454.2</ele></trkpt><trkpt lat="37.872330" lon="-122.219280"><ele>453.6</ele></trkpt><trkpt lat="37.871630" lon="-122.218610"><ele>448.8</ele></trkpt><trkpt lat="37.871560" lon="-122.218570"><ele>448.3</ele></trkpt><trkpt lat="37.871470" lon="-122.218570"><ele>447.7</ele></trkpt><trkpt lat="37.871370" lon="-122.218610"><ele>447.1</ele></trkpt><trkpt lat="37.870990" lon="-122.218840"><ele>443.9</ele></trkpt><trkpt lat="37.870900" lon="-122.218870"><ele>443.2</ele></trkpt><trkpt lat="37.870780" lon="-122.218860"><ele>442.3</ele></trkpt><trkpt lat="37.870690" lon="-122.218830"><ele>441.6</ele></trkpt><trkpt lat="37.870410" lon="-122.218560"><ele>439.2</ele></trkpt><trkpt lat="37.870019" lon="-122.218120"><ele>435.5</ele></trkpt><trkpt lat="37.869710" lon="-122.217720"><ele>431.3</ele></trkpt><trkpt lat="37.869270" lon="-122.217230"><ele>425.3</ele></trkpt><trkpt lat="37.869140" lon="-122.217150"><ele>423.9</ele></trkpt><trkpt lat="37.868810" lon="-122.216970"><ele>420.5</ele></trkpt><trkpt lat="37.868609" lon="-122.216840"><ele>418.3</ele></trkpt><trkpt lat="37.868510" lon="-122.216700"><ele>417.0</ele></trkpt><trkpt lat="37.868350" lon="-122.216340"><ele>414.1</ele></trkpt><trkpt lat="37.868280" lon="-122.216210"><ele>413.0</ele></trkpt><trkpt lat="37.868190" lon="-122.216140"><ele>412.1</ele></trkpt><trkpt lat="37.868090" lon="-122.216130"><ele>411.3</ele></trkpt><trkpt lat="37.868010" lon="-122.216140"><ele>410.6</ele></trkpt><trkpt lat="37.867910" lon="-122.216210"><ele>409.6</ele></trkpt><trkpt lat="37.867860" lon="-122.216300"><ele>408.9</ele></trkpt><trkpt lat="37.867830" lon="-122.216400"><ele>408.3</ele></trkpt><trkpt lat="37.867840" lon="-122.216530"><ele>407.6</ele></trkpt><trkpt lat="37.867880" lon="-122.216660"><ele>406.8</ele></trkpt><trkpt lat="37.867970" lon="-122.216800"><ele>405.8</ele></trkpt><trkpt lat="37.868200" lon="-122.217050"><ele>403.8</ele></trkpt><trkpt lat="37.868280" lon="-122.217170"><ele>403.0</ele></trkpt><trkpt lat="37.868340" lon="-122.217290"><ele>402.2</ele></trkpt><trkpt lat="37.868390" lon="-122.217510"><ele>400.9</ele></trkpt><trkpt lat="37.868390" lon="-122.217610"><ele>400.2</ele></trkpt><trkpt lat="37.868350" lon="-122.217850"><ele>398.6</ele></trkpt><trkpt lat="37.868010" lon="-122.217860"><ele>395.4</ele></trkpt><trkpt lat="37.867900" lon="-122.217900"><ele>394.2</ele></trkpt><trkpt lat="37.867320" lon="-122.218270"><ele>386.6</ele></trkpt><trkpt lat="37.866980" lon="-122.218420"><ele>382.1</ele></trkpt><trkpt lat="37.866800" lon="-122.218470"><ele>379.9</ele></trkpt><trkpt lat="37.866540" lon="-122.218490"><ele>376.6</ele></trkpt><trkpt lat="37.866290" lon="-122.218450"><ele>373.2</ele></trkpt><trkpt lat="37.865920" lon="-122.218280"><ele>368.6</ele></trkpt><trkpt lat="37.865360" lon="-122.217980"><ele>362.5</ele></trkpt><trkpt lat="37.864920" lon="-122.217610"><ele>357.2</ele></trkpt><trkpt lat="37.864660" lon="-122.217460"><ele>354.4</ele></trkpt><trkpt lat="37.864260" lon="-122.217330"><ele>350.4</ele></trkpt><trkpt lat="37.864120" lon="-122.217270"><ele>349.0</ele></trkpt><trkpt lat="37.863990" lon="-122.217180"><ele>347.5</ele></trkpt><trkpt lat="37.863880" lon="-122.217060"><ele>346.0</ele></trkpt><trkpt lat="37.863729" lon="-122.216810"><ele>343.5</ele></trkpt><trkpt lat="37.863530" lon="-122.216220"><ele>337.6</ele></trkpt><trkpt lat="37.863280" lon="-122.215710"><ele>332.9</ele></trkpt><trkpt lat="37.862810" lon="-122.214950"><ele>324.9</ele></trkpt><trkpt lat="37.862370" lon="-122.214120"><ele>316.8</ele></trkpt><trkpt lat="37.862020" lon="-122.213640"><ele>312.2</ele></trkpt><trkpt lat="37.861860" lon="-122.213380"><ele>309.9</ele></trkpt><trkpt lat="37.861740" lon="-122.212730"><ele>304.0</ele></trkpt><trkpt lat="37.861690" lon="-122.212570"><ele>302.7</ele></trkpt><trkpt lat="37.861340" lon="-122.211680"><ele>294.9</ele></trkpt><trkpt lat="37.861310" lon="-122.211530"><ele>293.7</ele></trkpt><trkpt lat="37.861370" lon="-122.210760"><ele>287.2</ele></trkpt><trkpt lat="37.861360" lon="-122.210580"><ele>286.0</ele></trkpt><trkpt lat="37.861280" lon="-122.210140"><ele>283.0</ele></trkpt><trkpt lat="37.861090" lon="-122.209460"><ele>280.4</ele></trkpt><trkpt lat="37.861080" lon="-122.209380"><ele>280.4</ele></trkpt><trkpt lat="37.861109" lon="-122.209280"><ele>280.4</ele></trkpt><trkpt lat="37.860770" lon="-122.209230"><ele>280.5</ele></trkpt><trkpt lat="37.860380" lon="-122.209110"><ele>281.9</ele></trkpt><trkpt lat="37.859670" lon="-122.208740"><ele>286.1</ele></trkpt><trkpt lat="37.859139" lon="-122.208580"><ele>289.0</ele></trkpt><trkpt lat="37.858880" lon="-122.208520"><ele>290.7</ele></trkpt><trkpt lat="37.858460" lon="-122.208450"><ele>292.5</ele></trkpt><trkpt lat="37.858220" lon="-122.208370"><ele>293.4</ele></trkpt><trkpt lat="37.858060" lon="-122.208260"><ele>293.8</ele></trkpt><trkpt lat="37.857900" lon="-122.208050"><ele>294.1</ele></trkpt><trkpt lat="37.857760" lon="-122.207910"><ele>294.5</ele></trkpt><trkpt lat="37.857640" lon="-122.207820"><ele>294.8</ele></trkpt><trkpt lat="37.857320" lon="-122.207690"><ele>295.5</ele></trkpt><trkpt lat="37.857150" lon="-122.207580"><ele>296.7</ele></trkpt><trkpt lat="37.857000" lon="-122.207430"><ele>298.3</ele></trkpt><trkpt lat="37.856510" lon="-122.206860"><ele>302.4</ele></trkpt><trkpt lat="37.855650" lon="-122.205590"><ele>313.9</ele></trkpt><trkpt lat="37.855200" lon="-122.204800"><ele>321.9</ele></trkpt><trkpt lat="37.855100" lon="-122.204570"><ele>323.9</ele></trkpt><trkpt lat="37.855030" lon="-122.204360"><ele>325.9</ele></trkpt><trkpt lat="37.854909" lon="-122.203880"><ele>330.5</ele></trkpt><trkpt lat="37.854880" lon="-122.203740"><ele>331.9</ele></trkpt><trkpt lat="37.854880" lon="-122.203400"><ele>335.1</ele></trkpt><trkpt lat="37.854920" lon="-122.203240"><ele>337.1</ele></trkpt><trkpt lat="37.854999" lon="-122.203110"><ele>339.5</ele></trkpt><trkpt lat="37.855110" lon="-122.203020"><ele>342.0</ele></trkpt><trkpt lat="37.855310" lon="-122.202930"><ele>346.0</ele></trkpt><trkpt lat="37.855480" lon="-122.202880"><ele>348.3</ele></trkpt><trkpt lat="37.855780" lon="-122.202860"><ele>352.3</ele></trkpt><trkpt lat="37.856770" lon="-122.202820"><ele>366.3</ele></trkpt><trkpt lat="37.856990" lon="-122.202730"><ele>369.8</ele></trkpt><trkpt lat="37.857180" lon="-122.202620"><ele>372.8</ele></trkpt><trkpt lat="37.857529" lon="-122.202330"><ele>377.7</ele></trkpt><trkpt lat="37.857520" lon="-122.202330"><ele>377.8</ele></trkpt><trkpt lat="37.857750" lon="-122.202080"><ele>379.8</ele></trkpt><trkpt lat="37.857840" lon="-122.201930"><ele>381.3</ele></trkpt><trkpt lat="37.857870" lon="-122.201830"><ele>382.4</ele></trkpt><trkpt lat="37.857880" lon="-122.201570"><ele>385.2</ele></trkpt><trkpt lat="37.857909" lon="-122.201510"><ele>386.0</ele></trkpt><trkpt lat="37.858010" lon="-122.201470"><ele>387.4</ele></trkpt><trkpt lat="37.858060" lon="-122.201500"><ele>388.0</ele></trkpt><trkpt lat="37.858100" lon="-122.201560"><ele>388.5</ele></trkpt><trkpt lat="37.858150" lon="-122.201880"><ele>390.7</ele></trkpt><trkpt lat="37.858180" lon="-122.201930"><ele>391.1</ele></trkpt><trkpt lat="37.858230" lon="-122.201950"><ele>391.5</ele></trkpt><trkpt lat="37.858280" lon="-122.201920"><ele>392.0</ele></trkpt><trkpt lat="37.858320" lon="-122.201860"><ele>392.5</ele></trkpt><trkpt lat="37.858330" lon="-122.201510"><ele>395.2</ele></trkpt><trkpt lat="37.858360" lon="-122.201450"><ele>395.7</ele></trkpt><trkpt lat="37.858410" lon="-122.201420"><ele>396.3</ele></trkpt><trkpt lat="37.858469" lon="-122.201440"><ele>396.8</ele></trkpt><trkpt lat="37.858500" lon="-122.201540"><ele>397.7</ele></trkpt><trkpt lat="37.858490" lon="-122.202020"><ele>401.1</ele></trkpt><trkpt lat="37.858410" lon="-122.202450"><ele>404.2</ele></trkpt><trkpt lat="37.858330" lon="-122.202670"><ele>405.8</ele></trkpt><trkpt lat="37.858300" lon="-122.202970"><ele>407.3</ele></trkpt><trkpt lat="37.858310" lon="-122.203170"><ele>407.9</ele></trkpt><trkpt lat="37.858379" lon="-122.203340"><ele>408.5</ele></trkpt><trkpt lat="37.858450" lon="-122.203390"><ele>408.8</ele></trkpt><trkpt lat="37.858720" lon="-122.203460"><ele>410.3</ele></trkpt><trkpt lat="37.858840" lon="-122.203460"><ele>411.0</ele></trkpt><trkpt lat="37.858990" lon="-122.203400"><ele>411.9</ele></trkpt><trkpt lat="37.859310" lon="-122.203220"><ele>414.4</ele></trkpt><trkpt lat="37.859340" lon="-122.203170"><ele>414.8</ele></trkpt><trkpt lat="37.859350" lon="-122.203100"><ele>415.2</ele></trkpt><trkpt lat="37.859300" lon="-122.202930"><ele>416.3</ele></trkpt><trkpt lat="37.859090" lon="-122.202600"><ele>419.4</ele></trkpt><trkpt lat="37.859030" lon="-122.202330"><ele>421.5</ele></trkpt><trkpt lat="37.859010" lon="-122.202000"><ele>424.1</ele></trkpt><trkpt lat="37.859040" lon="-122.201680"><ele>426.6</ele></trkpt><trkpt lat="37.859120" lon="-122.201320"><ele>431.1</ele></trkpt><trkpt lat="37.859139" lon="-122.201200"><ele>432.6</ele></trkpt><trkpt lat="37.859139" lon="-122.200940"><ele>435.5</ele></trkpt><trkpt lat="37.859120" lon="-122.200670"><ele>437.9</ele></trkpt><trkpt lat="37.859090" lon="-122.200530"><ele>439.2</ele></trkpt><trkpt lat="37.858849" lon="-122.199810"><ele>444.2</ele></trkpt><trkpt lat="37.858400" lon="-122.199810"><ele>446.7</ele></trkpt><trkpt lat="37.858320" lon="-122.199790"><ele>447.1</ele></trkpt><trkpt lat="37.858230" lon="-122.199750"><ele>447.5</ele></trkpt><trkpt lat="37.858090" lon="-122.199650"><ele>448.1</ele></trkpt><trkpt lat="37.858030" lon="-122.199570"><ele>448.4</ele></trkpt><trkpt lat="37.857940" lon="-122.199400"><ele>448.9</ele></trkpt><trkpt lat="37.857850" lon="-122.199170"><ele>449.3</ele></trkpt><trkpt lat="37.857830" lon="-122.199030"><ele>449.4</ele></trkpt><trkpt lat="37.857840" lon="-122.198550"><ele>449.6</ele></trkpt><trkpt lat="37.857830" lon="-122.198400"><ele>449.9</ele></trkpt><trkpt lat="37.857800" lon="-122.198310"><ele>450.0</ele></trkpt><trkpt lat="37.857770" lon="-122.198280"><ele>450.0</ele></trkpt><trkpt lat="37.857690" lon="-122.198260"><ele>450.2</ele></trkpt><trkpt lat="37.857550" lon="-122.198170"><ele>450.5</ele></trkpt><trkpt lat="37.857470" lon="-122.198070"><ele>450.5</ele></trkpt><trkpt lat="37.857310" lon="-122.197810"><ele>450.7</ele></trkpt><trkpt lat="37.857150" lon="-122.197660"><ele>450.8</ele></trkpt><trkpt lat="37.857060" lon="-122.197530"><ele>450.8</ele></trkpt><trkpt lat="37.856960" lon="-122.197120"><ele>450.8</ele></trkpt><trkpt lat="37.856900" lon="-122.196970"><ele>450.7</ele></trkpt><trkpt lat="37.856800" lon="-122.196850"><ele>450.6</ele></trkpt><trkpt lat="37.856490" lon="-122.196650"><ele>450.2</ele></trkpt><trkpt lat="37.856250" lon="-122.196420"><ele>449.8</ele></trkpt><trkpt lat="37.856150" lon="-122.196280"><ele>449.7</ele></trkpt><trkpt lat="37.856070" lon="-122.196080"><ele>449.6</ele></trkpt><trkpt lat="37.856040" lon="-122.195850"><ele>449.7</ele></trkpt><trkpt lat="37.856029" lon="-122.195190"><ele>450.2</ele></trkpt><trkpt lat="37.855960" lon="-122.194920"><ele>450.4</ele></trkpt><trkpt lat="37.855550" lon="-122.194440"><ele>451.1</ele></trkpt><trkpt lat="37.855490" lon="-122.194230"><ele>451.8</ele></trkpt><trkpt lat="37.855350" lon="-122.194010"><ele>452.8</ele></trkpt><trkpt lat="37.855150" lon="-122.193810"><ele>453.9</ele></trkpt><trkpt lat="37.854760" lon="-122.193490"><ele>455.7</ele></trkpt><trkpt lat="37.854439" lon="-122.193180"><ele>457.1</ele></trkpt><trkpt lat="37.854330" lon="-122.193050"><ele>457.5</ele></trkpt><trkpt lat="37.853879" lon="-122.192380"><ele>457.7</ele></trkpt><trkpt lat="37.853630" lon="-122.192250"><ele>457.1</ele></trkpt><trkpt lat="37.853490" lon="-122.192230"><ele>456.6</ele></trkpt><trkpt lat="37.853360" lon="-122.192270"><ele>455.7</ele></trkpt><trkpt lat="37.853260" lon="-122.192350"><ele>454.9</ele></trkpt><trkpt lat="37.852980" lon="-122.192680"><ele>452.6</ele></trkpt><trkpt lat="37.852820" lon="-122.192930"><ele>451.5</ele></trkpt><trkpt lat="37.852670" lon="-122.193240"><ele>450.4</ele></trkpt><trkpt lat="37.852510" lon="-122.193670"><ele>449.3</ele></trkpt><trkpt lat="37.852230" lon="-122.194560"><ele>448.9</ele></trkpt><trkpt lat="37.851970" lon="-122.195210"><ele>449.5</ele></trkpt><trkpt lat="37.851740" lon="-122.195360"><ele>449.8</ele></trkpt><trkpt lat="37.851250" lon="-122.195500"><ele>450.4</ele></trkpt><trkpt lat="37.850879" lon="-122.195550"><ele>450.3</ele></trkpt><trkpt lat="37.850760" lon="-122.195630"><ele>450.3</ele></trkpt><trkpt lat="37.850700" lon="-122.195700"><ele>450.2</ele></trkpt><trkpt lat="37.850650" lon="-122.195780"><ele>450.2</ele></trkpt><trkpt lat="37.850540" lon="-122.195880"><ele>450.2</ele></trkpt><trkpt lat="37.850409" lon="-122.195940"><ele>450.2</ele></trkpt><trkpt lat="37.850210" lon="-122.195980"><ele>450.2</ele></trkpt></trkseg></trk>
<trk><name>Day 2 Sibley to San Leandro BART</name><trkseg><trkpt lat="37.850210" lon="-122.195980"><ele>449.0</ele></trkpt><trkpt lat="37.849850" lon="-122.195990"><ele>448.2</ele></trkpt><trkpt lat="37.849640" lon="-122.195950"><ele>447.7</ele></trkpt><trkpt lat="37.849550" lon="-122.195910"><ele>447.5</ele></trkpt><trkpt lat="37.849440" lon="-122.195820"><ele>447.2</ele></trkpt><trkpt lat="37.849260" lon="-122.195900"><ele>446.8</ele></trkpt><trkpt lat="37.848940" lon="-122.196150"><ele>445.1</ele></trkpt><trkpt lat="37.848909" lon="-122.196220"><ele>444.8</ele></trkpt><trkpt lat="37.848790" lon="-122.196360"><ele>444.0</ele></trkpt><trkpt lat="37.848610" lon="-122.196500"><ele>442.4</ele></trkpt><trkpt lat="37.848500" lon="-122.196650"><ele>441.1</ele></trkpt><trkpt lat="37.848439" lon="-122.196760"><ele>440.3</ele></trkpt><trkpt lat="37.848430" lon="-122.196880"><ele>439.5</ele></trkpt><trkpt lat="37.848450" lon="-122.197170"><ele>437.7</ele></trkpt><trkpt lat="37.848400" lon="-122.197330"><ele>436.6</ele></trkpt><trkpt lat="37.848330" lon="-122.197510"><ele>435.3</ele></trkpt><trkpt lat="37.848170" lon="-122.197750"><ele>433.0</ele></trkpt><trkpt lat="37.848000" lon="-122.198310"><ele>428.6</ele></trkpt><trkpt lat="37.847930" lon="-122.198430"><ele>427.5</ele></trkpt><trkpt lat="37.847830" lon="-122.198500"><ele>426.5</ele></trkpt><trkpt lat="37.847570" lon="-122.198690"><ele>423.7</ele></trkpt><trkpt lat="37.847370" lon="-122.198690"><ele>421.8</ele></trkpt><trkpt lat="37.847240" lon="-122.198510"><ele>419.9</ele></trkpt><trkpt lat="37.846850" lon="-122.198210"><ele>417.2</ele></trkpt><trkpt lat="37.846530" lon="-122.197770"><ele>413.8</ele></trkpt><trkpt lat="37.846200" lon="-122.197440"><ele>411.3</ele></trkpt><trkpt lat="37.845810" lon="-122.196850"><ele>408.4</ele></trkpt><trkpt lat="37.845590" lon="-122.196710"><ele>407.3</ele></trkpt><trkpt lat="37.845330" lon="-122.196600"><ele>406.3</ele></trkpt><trkpt lat="37.844850" lon="-122.196560"><ele>404.4</ele></trkpt><trkpt lat="37.844589" lon="-122.196600"><ele>403.3</ele></trkpt><trkpt lat="37.844150" lon="-122.196630"><ele>402.5</ele></trkpt><trkpt lat="37.844060" lon="-122.196600"><ele>402.4</ele></trkpt><trkpt lat="37.843980" lon="-122.196530"><ele>401.9</ele></trkpt><trkpt lat="37.843890" lon="-122.196420"><ele>401.2</ele></trkpt><trkpt lat="37.843700" lon="-122.196080"><ele>399.2</ele></trkpt><trkpt lat="37.843620" lon="-122.195860"><ele>398.0</ele></trkpt><trkpt lat="37.843510" lon="-122.195630"><ele>396.6</ele></trkpt><trkpt lat="37.843359" lon="-122.195420"><ele>395.3</ele></trkpt><trkpt lat="37.843210" lon="-122.195290"><ele>394.4</ele></trkpt><trkpt lat="37.842980" lon="-122.195230"><ele>393.2</ele></trkpt><trkpt lat="37.842870" lon="-122.195230"><ele>392.6</ele></trkpt><trkpt lat="37.842790" lon="-122.195280"><ele>392.0</ele></trkpt><trkpt lat="37.842740" lon="-122.195360"><ele>391.5</ele></trkpt><trkpt lat="37.842720" lon="-122.195520"><ele>390.7</ele></trkpt><trkpt lat="37.842750" lon="-122.196040"><ele>387.9</ele></trkpt><trkpt lat="37.842630" lon="-122.197190"><ele>384.9</ele></trkpt><trkpt lat="37.842640" lon="-122.197660"><ele>384.2</ele></trkpt><trkpt lat="37.842630" lon="-122.197760"><ele>384.1</ele></trkpt><trkpt lat="37.842590" lon="-122.197860"><ele>383.9</ele></trkpt><trkpt lat="37.842550" lon="-122.197920"><ele>383.8</ele></trkpt><trkpt lat="37.842490" lon="-122.197950"><ele>383.6</ele></trkpt><trkpt lat="37.842380" lon="-122.197960"><ele>383.4</ele></trkpt><trkpt lat="37.841930" lon="-122.197940"><ele>382.6</ele></trkpt><trkpt lat="37.841790" lon="-122.197970"><ele>382.4</ele></trkpt><trkpt lat="37.841679" lon="-122.198050"><ele>382.3</ele></trkpt><trkpt lat="37.841600" lon="-122.198160"><ele>382.2</ele></trkpt><trkpt lat="37.841440" lon="-122.198520"><ele>382.4</ele></trkpt><trkpt lat="37.841380" lon="-122.198580"><ele>382.5</ele></trkpt><trkpt lat="37.841270" lon="-122.198600"><ele>382.5</ele></trkpt><trkpt lat="37.841090" lon="-122.198520"><ele>382.4</ele></trkpt><trkpt lat="37.840919" lon="-122.198390"><ele>382.3</ele></trkpt><trkpt lat="37.840710" lon="-122.198110"><ele>382.5</ele></trkpt><trkpt lat="37.840649" lon="-122.198050"><ele>382.6</ele></trkpt><trkpt lat="37.840580" lon="-122.198010"><ele>382.8</ele></trkpt><trkpt lat="37.840440" lon="-122.197980"><ele>383.0</ele></trkpt><trkpt lat="37.840330" lon="-122.197900"><ele>383.3</ele></trkpt><trkpt lat="37.840250" lon="-122.197770"><ele>383.6</ele></trkpt><trkpt lat="37.840200" lon="-122.197640"><ele>384.0</ele></trkpt><trkpt lat="37.840190" lon="-122.197530"><ele>384.2</ele></trkpt><trkpt lat="37.840160" lon="-122.197270"><ele>384.8</ele></trkpt><trkpt lat="37.840110" lon="-122.197090"><ele>385.1</ele></trkpt><trkpt lat="37.839940" lon="-122.196650"><ele>385.9</ele></trkpt><trkpt lat="37.839880" lon="-122.196440"><ele>386.1</ele></trkpt><trkpt lat="37.839720" lon="-122.195790"><ele>386.5</ele></trkpt><trkpt lat="37.839640" lon="-122.195280"><ele>386.3</ele></trkpt><trkpt lat="37.839410" lon="-122.194510"><ele>385.2</ele></trkpt><trkpt lat="37.839320" lon="-122.193920"><ele>384.4</ele></trkpt><trkpt lat="37.839260" lon="-122.193830"><ele>384.3</ele></trkpt><trkpt lat="37.838930" lon="-122.193620"><ele>383.7</ele></trkpt><trkpt lat="37.838850" lon="-122.193550"><ele>383.6</ele></trkpt><trkpt lat="37.838790" lon="-122.193460"><ele>383.5</ele></trkpt><trkpt lat="37.838750" lon="-122.193360"><ele>383.4</ele></trkpt><trkpt lat="37.838790" lon="-122.192900"><ele>383.0</ele></trkpt><trkpt lat="37.838760" lon="-122.192760"><ele>383.0</ele></trkpt><trkpt lat="37.838710" lon="-122.192600"><ele>382.9</ele></trkpt><trkpt lat="37.838620" lon="-122.192430"><ele>382.8</ele></trkpt><trkpt lat="37.838220" lon="-122.191930"><ele>382.9</ele></trkpt><trkpt lat="37.838070" lon="-122.191700"><ele>383.0</ele></trkpt><trkpt lat="37.837919" lon="-122.191330"><ele>383.1</ele></trkpt><trkpt lat="37.837820" lon="-122.191210"><ele>383.1</ele></trkpt><trkpt lat="37.837700" lon="-122.191130"><ele>383.1</ele></trkpt><trkpt lat="37.837610" lon="-122.191060"><ele>383.1</ele></trkpt><trkpt lat="37.837570" lon="-122.190950"><ele>383.1</ele></trkpt><trkpt lat="37.837550" lon="-122.190840"><ele>383.1</ele></trkpt><trkpt lat="37.837550" lon="-122.190650"><ele>383.0</ele></trkpt><trkpt lat="37.837530" lon="-122.190500"><ele>382.9</ele></trkpt><trkpt lat="37.837359" lon="-122.190090"><ele>382.9</ele></trkpt><trkpt lat="37.837310" lon="-122.189890"><ele>383.0</ele></trkpt><trkpt lat="37.837269" lon="-122.189770"><ele>383.1</ele></trkpt><trkpt lat="37.837000" lon="-122.189450"><ele>383.1</ele></trkpt><trkpt lat="37.836960" lon="-122.189400"><ele>383.1</ele></trkpt><trkpt lat="37.836940" lon="-122.189330"><ele>383.1</ele></trkpt><trkpt lat="37.836930" lon="-122.189190"><ele>383.1</ele></trkpt><trkpt lat="37.836950" lon="-122.189000"><ele>383.1</ele></trkpt><trkpt lat="37.837110" lon="-122.188430"><ele>382.9</ele></trkpt><trkpt lat="37.837100" lon="-122.188260"><ele>382.6</ele></trkpt><trkpt lat="37.837060" lon="-122.188120"><ele>382.4</ele></trkpt><trkpt lat="37.836970" lon="-122.187940"><ele>382.0</ele></trkpt><trkpt lat="37.836950" lon="-122.187830"><ele>381.8</ele></trkpt><trkpt lat="37.836960" lon="-122.187700"><ele>381.6</ele></trkpt><trkpt lat="37.836990" lon="-122.187540"><ele>381.4</ele></trkpt><trkpt lat="37.836990" lon="-122.187420"><ele>381.3</ele></trkpt><trkpt lat="37.836979" lon="-122.187320"><ele>381.1</ele></trkpt><trkpt lat="37.836780" lon="-122.186900"><ele>380.0</ele></trkpt><trkpt lat="37.836590" lon="-122.186640"><ele>379.1</ele></trkpt><trkpt lat="37.836540" lon="-122.186460"><ele>378.8</ele></trkpt><trkpt lat="37.836540" lon="-122.186300"><ele>378.6</ele></trkpt><trkpt lat="37.836570" lon="-122.186150"><ele>378.4</ele></trkpt><trkpt lat="37.836580" lon="-122.185950"><ele>378.1</ele></trkpt><trkpt lat="37.836540" lon="-122.185810"><ele>377.7</ele></trkpt><trkpt lat="37.836470" lon="-122.185680"><ele>377.4</ele></trkpt><trkpt lat="37.836239" lon="-122.185460"><ele>376.7</ele></trkpt><trkpt lat="37.836110" lon="-122.185250"><ele>376.7</ele></trkpt><trkpt lat="37.835960" lon="-122.184880"><ele>376.7</ele></trkpt><trkpt lat="37.835910" lon="-122.184810"><ele>376.7</ele></trkpt><trkpt lat="37.835960" lon="-122.184880"><ele>376.6</ele></trkpt><trkpt lat="37.836110" lon="-122.185250"><ele>376.4</ele></trkpt><trkpt lat="37.836239" lon="-122.185460"><ele>376.7</ele></trkpt><trkpt lat="37.836470" lon="-122.185680"><ele>377.0</ele></trkpt><trkpt lat="37.836540" lon="-122.185810"><ele>377.3</ele></trkpt><trkpt lat="37.836580" lon="-122.185950"><ele>377.6</ele></trkpt><trkpt lat="37.836570" lon="-122.186150"><ele>378.0</ele></trkpt><trkpt lat="37.836540" lon="-122.186300"><ele>378.4</ele></trkpt><trkpt lat="37.836540" lon="-122.186460"><ele>378.7</ele></trkpt><trkpt lat="37.836590" lon="-122.186640"><ele>379.1</ele></trkpt><trkpt lat="37.836780" lon="-122.186900"><ele>379.9</ele></trkpt><trkpt lat="37.836979" lon="-122.187320"><ele>380.3</ele></trkpt><trkpt lat="37.836990" lon="-122.187420"><ele>380.3</ele></trkpt><trkpt lat="37.836990" lon="-122.187540"><ele>380.4</ele></trkpt><trkpt lat="37.836960" lon="-122.187700"><ele>380.4</ele></trkpt><trkpt lat="37.836950" lon="-122.187830"><ele>380.5</ele></trkpt><trkpt lat="37.836960" lon="-122.187890"><ele>380.5</ele></trkpt><trkpt lat="37.836960" lon="-122.187890"><ele>380.5</ele></trkpt><trkpt lat="37.836950" lon="-122.187830"><ele>380.6</ele></trkpt><trkpt lat="37.836960" lon="-122.187700"><ele>380.6</ele></trkpt><trkpt lat="37.836990" lon="-122.187540"><ele>380.7</ele></trkpt><trkpt lat="37.836990" lon="-122.187420"><ele>380.6</ele></trkpt><trkpt lat="37.836979" lon="-122.187320"><ele>380.5</ele></trkpt><trkpt lat="37.836780" lon="-122.186900"><ele>380.1</ele></trkpt><trkpt lat="37.836590" lon="-122.186640"><ele>379.3</ele></trkpt><trkpt lat="37.836540" lon="-122.186460"><ele>378.8</ele></trkpt><trkpt lat="37.836540" lon="-122.186300"><ele>378.4</ele></trkpt><trkpt lat="37.836570" lon="-122.186150"><ele>378.0</ele></trkpt><trkpt lat="37.836580" lon="-122.185950"><ele>377.5</ele></trkpt><trkpt lat="37.836540" lon="-122.185810"><ele>377.1</ele></trkpt><trkpt lat="37.836470" lon="-122.185680"><ele>376.7</ele></trkpt><trkpt lat="37.836239" lon="-122.185460"><ele>376.6</ele></trkpt><trkpt lat="37.836110" lon="-122.185250"><ele>376.4</ele></trkpt><trkpt lat="37.835960" lon="-122.184880"><ele>377.1</ele></trkpt><trkpt lat="37.835910" lon="-122.184810"><ele>377.3</ele></trkpt><trkpt lat="37.835830" lon="-122.184770"><ele>377.5</ele></trkpt><trkpt lat="37.835750" lon="-122.184790"><ele>377.6</ele></trkpt><trkpt lat="37.835570" lon="-122.184870"><ele>377.5</ele></trkpt><trkpt lat="37.835450" lon="-122.184870"><ele>377.5</ele></trkpt><trkpt lat="37.835350" lon="-122.184800"><ele>377.4</ele></trkpt><trkpt lat="37.835190" lon="-122.184590"><ele>377.2</ele></trkpt><trkpt lat="37.835070" lon="-122.184460"><ele>377.0</ele></trkpt><trkpt lat="37.835000" lon="-122.184430"><ele>377.0</ele></trkpt><trkpt lat="37.834900" lon="-122.184470"><ele>376.8</ele></trkpt><trkpt lat="37.834520" lon="-122.184930"><ele>376.5</ele></trkpt><trkpt lat="37.834420" lon="-122.185100"><ele>376.5</ele></trkpt><trkpt lat="37.834390" lon="-122.185190"><ele>376.6</ele></trkpt><trkpt lat="37.834370" lon="-122.185380"><ele>376.8</ele></trkpt><trkpt lat="37.834359" lon="-122.186160"><ele>377.2</ele></trkpt><trkpt lat="37.834340" lon="-122.186230"><ele>377.3</ele></trkpt><trkpt lat="37.834290" lon="-122.186330"><ele>377.3</ele></trkpt><trkpt lat="37.834260" lon="-122.186370"><ele>377.4</ele></trkpt><trkpt lat="37.834150" lon="-122.186400"><ele>377.7</ele></trkpt><trkpt lat="37.833979" lon="-122.186340"><ele>378.0</ele></trkpt><trkpt lat="37.833910" lon="-122.186330"><ele>378.2</ele></trkpt><trkpt lat="37.833570" lon="-122.186450"><ele>379.2</ele></trkpt><trkpt lat="37.833410" lon="-122.186380"><ele>379.8</ele></trkpt><trkpt lat="37.833190" lon="-122.186100"><ele>381.0</ele></trkpt><trkpt lat="37.833060" lon="-122.186010"><ele>381.7</ele></trkpt><trkpt lat="37.832980" lon="-122.185980"><ele>382.0</ele></trkpt><trkpt lat="37.832680" lon="-122.186020"><ele>383.1</ele></trkpt><trkpt lat="37.832569" lon="-122.186000"><ele>383.4</ele></trkpt><trkpt lat="37.832370" lon="-122.185860"><ele>383.9</ele></trkpt><trkpt lat="37.832270" lon="-122.185810"><ele>384.3</ele></trkpt><trkpt lat="37.831760" lon="-122.185690"><ele>387.7</ele></trkpt><trkpt lat="37.831840" lon="-122.185710"><ele>388.2</ele></trkpt><trkpt lat="37.831760" lon="-122.185690"><ele>388.6</ele></trkpt><trkpt lat="37.832389" lon="-122.185190"><ele>392.2</ele></trkpt><trkpt lat="37.832640" lon="-122.185020"><ele>393.3</ele></trkpt><trkpt lat="37.832630" lon="-122.184860"><ele>393.7</ele></trkpt><trkpt lat="37.832520" lon="-122.184770"><ele>394.1</ele></trkpt><trkpt lat="37.832370" lon="-122.184700"><ele>394.7</ele></trkpt><trkpt lat="37.832370" lon="-122.184700"><ele>394.7</ele></trkpt><trkpt lat="37.832280" lon="-122.184590"><ele>395.1</ele></trkpt><trkpt lat="37.832310" lon="-122.184550"><ele>395.2</ele></trkpt><trkpt lat="37.832450" lon="-122.184130"><ele>396.5</ele></trkpt><trkpt lat="37.832769" lon="-122.183660"><ele>395.5</ele></trkpt><trkpt lat="37.832859" lon="-122.183510"><ele>395.3</ele></trkpt><trkpt lat="37.832890" lon="-122.183400"><ele>395.2</ele></trkpt><trkpt lat="37.832890" lon="-122.183320"><ele>395.2</ele></trkpt><trkpt lat="37.832760" lon="-122.182640"><ele>395.9</ele></trkpt><trkpt lat="37.832640" lon="-122.182180"><ele>397.2</ele></trkpt><trkpt lat="37.832460" lon="-122.181710"><ele>398.8</ele></trkpt><trkpt lat="37.832220" lon="-122.180940"><ele>401.2</ele></trkpt><trkpt lat="37.832160" lon="-122.180680"><ele>401.6</ele></trkpt><trkpt lat="37.832120" lon="-122.180300"><ele>402.1</ele></trkpt><trkpt lat="37.832070" lon="-122.180060"><ele>402.4</ele></trkpt><trkpt lat="37.832020" lon="-122.179920"><ele>402.7</ele></trkpt><trkpt lat="37.831940" lon="-122.179720"><ele>402.9</ele></trkpt><trkpt lat="37.831840" lon="-122.179530"><ele>402.5</ele></trkpt><trkpt lat="37.831570" lon="-122.179210"><ele>401.6</ele></trkpt><trkpt lat="37.831260" lon="-122.178890"><ele>398.4</ele></trkpt><trkpt lat="37.831210" lon="-122.178780"><ele>397.6</ele></trkpt><trkpt lat="37.831190" lon="-122.178710"><ele>397.1</ele></trkpt><trkpt lat="37.831140" lon="-122.178270"><ele>394.0</ele></trkpt><trkpt lat="37.831040" lon="-122.177860"><ele>391.5</ele></trkpt><trkpt lat="37.830790" lon="-122.177160"><ele>387.4</ele></trkpt><trkpt lat="37.830670" lon="-122.176900"><ele>385.3</ele></trkpt><trkpt lat="37.830590" lon="-122.176770"><ele>384.4</ele></trkpt><trkpt lat="37.830120" lon="-122.176330"><ele>381.0</ele></trkpt><trkpt lat="37.829210" lon="-122.175510"><ele>378.7</ele></trkpt><trkpt lat="37.828860" lon="-122.175250"><ele>377.7</ele></trkpt><trkpt lat="37.828740" lon="-122.175130"><ele>377.7</ele></trkpt><trkpt lat="37.828680" lon="-122.175040"><ele>377.8</ele></trkpt><trkpt lat="37.828560" lon="-122.174630"><ele>378.0</ele></trkpt><trkpt lat="37.828400" lon="-122.173830"><ele>377.8</ele></trkpt><trkpt lat="37.828200" lon="-122.173310"><ele>377.3</ele></trkpt><trkpt lat="37.828080" lon="-122.173090"><ele>376.6</ele></trkpt><trkpt lat="37.828000" lon="-122.172990"><ele>376.2</ele></trkpt><trkpt lat="37.827590" lon="-122.172700"><ele>373.8</ele></trkpt><trkpt lat="37.827480" lon="-122.172590"><ele>373.0</ele></trkpt><trkpt lat="37.827390" lon="-122.172450"><ele>371.9</ele></trkpt><trkpt lat="37.827330" lon="-122.172320"><ele>370.7</ele></trkpt><trkpt lat="37.827350" lon="-122.172020"><ele>368.4</ele></trkpt><trkpt lat="37.827440" lon="-122.171610"><ele>365.3</ele></trkpt><trkpt lat="37.827460" lon="-122.171340"><ele>363.3</ele></trkpt><trkpt lat="37.827440" lon="-122.171150"><ele>361.7</ele></trkpt><trkpt lat="37.827400" lon="-122.171000"><ele>360.2</ele></trkpt><trkpt lat="37.827320" lon="-122.170810"><ele>358.1</ele></trkpt><trkpt lat="37.827180" lon="-122.170540"><ele>355.0</ele></trkpt><trkpt lat="37.827070" lon="-122.170350"><ele>352.6</ele></trkpt><trkpt lat="37.826450" lon="-122.169130"><ele>340.5</ele></trkpt><trkpt lat="37.826220" lon="-122.168720"><ele>337.5</ele></trkpt><trkpt lat="37.825850" lon="-122.168190"><ele>333.7</ele></trkpt><trkpt lat="37.825280" lon="-122.167580"><ele>330.2</ele></trkpt><trkpt lat="37.824800" lon="-122.166980"><ele>328.9</ele></trkpt><trkpt lat="37.824170" lon="-122.165950"><ele>328.9</ele></trkpt><trkpt lat="37.824070" lon="-122.165820"><ele>329.4</ele></trkpt><trkpt lat="37.823930" lon="-122.165680"><ele>330.2</ele></trkpt><trkpt lat="37.823720" lon="-122.165570"><ele>331.2</ele></trkpt><trkpt lat="37.823340" lon="-122.165440"><ele>333.4</ele></trkpt><trkpt lat="37.822530" lon="-122.165180"><ele>337.0</ele></trkpt><trkpt lat="37.822440" lon="-122.165140"><ele>337.2</ele></trkpt><trkpt lat="37.822330" lon="-122.165010"><ele>337.4</ele></trkpt><trkpt lat="37.822110" lon="-122.164710"><ele>337.8</ele></trkpt><trkpt lat="37.821540" lon="-122.163810"><ele>337.7</ele></trkpt><trkpt lat="37.821470" lon="-122.163660"><ele>337.4</ele></trkpt><trkpt lat="37.821270" lon="-122.163080"><ele>335.8</ele></trkpt><trkpt lat="37.821110" lon="-122.162740"><ele>335.5</ele></trkpt><trkpt lat="37.820090" lon="-122.161220"><ele>335.3</ele></trkpt><trkpt lat="37.819970" lon="-122.161030"><ele>335.3</ele></trkpt><trkpt lat="37.819560" lon="-122.160220"><ele>335.5</ele></trkpt><trkpt lat="37.818960" lon="-122.159320"><ele>334.9</ele></trkpt><trkpt lat="37.818680" lon="-122.158930"><ele>334.4</ele></trkpt><trkpt lat="37.818320" lon="-122.158240"><ele>333.7</ele></trkpt><trkpt lat="37.818040" lon="-122.157560"><ele>333.3</ele></trkpt><trkpt lat="37.817650" lon="-122.156860"><ele>332.5</ele></trkpt><trkpt lat="37.817550" lon="-122.156710"><ele>332.5</ele></trkpt><trkpt lat="37.817390" lon="-122.156530"><ele>332.5</ele></trkpt><trkpt lat="37.816840" lon="-122.156070"><ele>332.1</ele></trkpt><trkpt lat="37.816670" lon="-122.155890"><ele>332.0</ele></trkpt><trkpt lat="37.816460" lon="-122.155600"><ele>331.5</ele></trkpt><trkpt lat="37.816339" lon="-122.155330"><ele>330.9</ele></trkpt><trkpt lat="37.816190" lon="-122.154650"><ele>329.7</ele></trkpt><trkpt lat="37.816190" lon="-122.154650"><ele>329.7</ele></trkpt><trkpt lat="37.816130" lon="-122.154480"><ele>329.4</ele></trkpt><trkpt lat="37.816020" lon="-122.154250"><ele>328.9</ele></trkpt><trkpt lat="37.815880" lon="-122.154020"><ele>328.4</ele></trkpt><trkpt lat="37.815689" lon="-122.153760"><ele>327.3</ele></trkpt><trkpt lat="37.815410" lon="-122.153470"><ele>325.8</ele></trkpt><trkpt lat="37.815250" lon="-122.153280"><ele>324.4</ele></trkpt><trkpt lat="37.815019" lon="-122.152920"><ele>322.1</ele></trkpt><trkpt lat="37.814980" lon="-122.152800"><ele>321.4</ele></trkpt><trkpt lat="37.814970" lon="-122.152700"><ele>320.9</ele></trkpt><trkpt lat="37.815010" lon="-122.152400"><ele>319.2</ele></trkpt><trkpt lat="37.815100" lon="-122.152120"><ele>317.0</ele></trkpt><trkpt lat="37.815290" lon="-122.151670"><ele>313.2</ele></trkpt><trkpt lat="37.815320" lon="-122.151530"><ele>312.2</ele></trkpt><trkpt lat="37.815340" lon="-122.151300"><ele>310.6</ele></trkpt><trkpt lat="37.815340" lon="-122.151200"><ele>310.0</ele></trkpt><trkpt lat="37.815309" lon="-122.151070"><ele>309.2</ele></trkpt><trkpt lat="37.815060" lon="-122.150450"><ele>306.5</ele></trkpt><trkpt lat="37.814810" lon="-122.149530"><ele>305.4</ele></trkpt><trkpt lat="37.814670" lon="-122.149220"><ele>305.4</ele></trkpt><trkpt lat="37.814530" lon="-122.148990"><ele>306.0</ele></trkpt><trkpt lat="37.814080" lon="-122.148390"><ele>305.8</ele></trkpt><trkpt lat="37.813720" lon="-122.147820"><ele>303.2</ele></trkpt><trkpt lat="37.813160" lon="-122.147170"><ele>298.7</ele></trkpt><trkpt lat="37.812800" lon="-122.146640"><ele>296.3</ele></trkpt><trkpt lat="37.812680" lon="-122.146520"><ele>295.7</ele></trkpt><trkpt lat="37.812320" lon="-122.146350"><ele>294.4</ele></trkpt><trkpt lat="37.812040" lon="-122.146180"><ele>294.0</ele></trkpt><trkpt lat="37.811850" lon="-122.146010"><ele>293.8</ele></trkpt><trkpt lat="37.811580" lon="-122.145730"><ele>293.6</ele></trkpt><trkpt lat="37.811140" lon="-122.145360"><ele>293.5</ele></trkpt><trkpt lat="37.810980" lon="-122.145190"><ele>293.1</ele></trkpt><trkpt lat="37.810020" lon="-122.143870"><ele>285.9</ele></trkpt><trkpt lat="37.809850" lon="-122.143700"><ele>285.3</ele></trkpt><trkpt lat="37.809640" lon="-122.143570"><ele>285.5</ele></trkpt><trkpt lat="37.809250" lon="-122.143350"><ele>286.2</ele></trkpt><trkpt lat="37.809040" lon="-122.143200"><ele>286.9</ele></trkpt><trkpt lat="37.808850" lon="-122.143130"><ele>287.7</ele></trkpt><trkpt lat="37.808770" lon="-122.143120"><ele>288.1</ele></trkpt><trkpt lat="37.808650" lon="-122.143130"><ele>288.7</ele></trkpt><trkpt lat="37.808290" lon="-122.143290"><ele>290.0</ele></trkpt><trkpt lat="37.808079" lon="-122.143310"><ele>290.3</ele></trkpt><trkpt lat="37.807860" lon="-122.143260"><ele>290.4</ele></trkpt><trkpt lat="37.807660" lon="-122.143190"><ele>290.2</ele></trkpt><trkpt lat="37.807580" lon="-122.143140"><ele>290.1</ele></trkpt><trkpt lat="37.807519" lon="-122.143080"><ele>290.0</ele></trkpt><trkpt lat="37.807429" lon="-122.142920"><ele>289.7</ele></trkpt><trkpt lat="37.807370" lon="-122.142790"><ele>289.1</ele></trkpt><trkpt lat="37.807300" lon="-122.142580"><ele>288.2</ele></trkpt><trkpt lat="37.807190" lon="-122.142140"><ele>286.3</ele></trkpt><trkpt lat="37.807090" lon="-122.141860"><ele>285.1</ele></trkpt><trkpt lat="37.806920" lon="-122.141510"><ele>284.1</ele></trkpt><trkpt lat="37.806730" lon="-122.141230"><ele>283.6</ele></trkpt><trkpt lat="37.806640" lon="-122.141140"><ele>283.7</ele></trkpt><trkpt lat="37.806470" lon="-122.141050"><ele>284.6</ele></trkpt><trkpt lat="37.806090" lon="-122.140940"><ele>286.7</ele></trkpt><trkpt lat="37.805650" lon="-122.140760"><ele>289.3</ele></trkpt><trkpt lat="37.805459" lon="-122.140700"><ele>290.0</ele></trkpt><trkpt lat="37.804820" lon="-122.140600"><ele>291.7</ele></trkpt><trkpt lat="37.804609" lon="-122.140510"><ele>292.0</ele></trkpt><trkpt lat="37.804420" lon="-122.140360"><ele>291.8</ele></trkpt><trkpt lat="37.804139" lon="-122.140070"><ele>291.3</ele></trkpt><trkpt lat="37.803660" lon="-122.139640"><ele>289.0</ele></trkpt><trkpt lat="37.803489" lon="-122.139470"><ele>288.0</ele></trkpt><trkpt lat="37.803050" lon="-122.138960"><ele>284.7</ele></trkpt><trkpt lat="37.802910" lon="-122.138830"><ele>283.6</ele></trkpt><trkpt lat="37.802600" lon="-122.138580"><ele>281.7</ele></trkpt><trkpt lat="37.802410" lon="-122.138360"><ele>280.3</ele></trkpt><trkpt lat="37.802040" lon="-122.137570"><ele>273.7</ele></trkpt><trkpt lat="37.801139" lon="-122.135920"><ele>257.5</ele></trkpt><trkpt lat="37.801390" lon="-122.135930"><ele>255.5</ele></trkpt><trkpt lat="37.801540" lon="-122.135970"><ele>254.6</ele></trkpt><trkpt lat="37.801720" lon="-122.136120"><ele>253.7</ele></trkpt><trkpt lat="37.801900" lon="-122.136380"><ele>252.7</ele></trkpt><trkpt lat="37.801720" lon="-122.136120"><ele>252.7</ele></trkpt><trkpt lat="37.801540" lon="-122.135970"><ele>252.7</ele></trkpt><trkpt lat="37.801390" lon="-122.135930"><ele>252.5</ele></trkpt><trkpt lat="37.800950" lon="-122.135910"><ele>251.7</ele></trkpt><trkpt lat="37.800680" lon="-122.135860"><ele>250.8</ele></trkpt><trkpt lat="37.800060" lon="-122.135660"><ele>248.0</ele></trkpt><trkpt lat="37.799400" lon="-122.135560"><ele>243.6</ele></trkpt><trkpt lat="37.799000" lon="-122.135380"><ele>240.0</ele></trkpt><trkpt lat="37.798870" lon="-122.135380"><ele>238.9</ele></trkpt><trkpt lat="37.798789" lon="-122.135420"><ele>238.2</ele></trkpt><trkpt lat="37.798690" lon="-122.135490"><ele>237.2</ele></trkpt><trkpt lat="37.798580" lon="-122.135520"><ele>236.3</ele></trkpt><trkpt lat="37.798470" lon="-122.135510"><ele>235.3</ele></trkpt><trkpt lat="37.798400" lon="-122.135470"><ele>234.7</ele></trkpt><trkpt lat="37.798319" lon="-122.135380"><ele>233.8</ele></trkpt><trkpt lat="37.798270" lon="-122.135250"><ele>233.1</ele></trkpt><trkpt lat="37.798090" lon="-122.134230"><ele>228.0</ele></trkpt><trkpt lat="37.797960" lon="-122.133850"><ele>226.4</ele></trkpt><trkpt lat="37.797880" lon="-122.133670"><ele>225.6</ele></trkpt><trkpt lat="37.797530" lon="-122.133100"><ele>222.6</ele></trkpt><trkpt lat="37.797360" lon="-122.132790"><ele>221.3</ele></trkpt><trkpt lat="37.797150" lon="-122.132520"><ele>220.3</ele></trkpt><trkpt lat="37.796990" lon="-122.132250"><ele>219.3</ele></trkpt><trkpt lat="37.796790" lon="-122.132030"><ele>218.2</ele></trkpt><trkpt lat="37.796480" lon="-122.131820"><ele>216.8</ele></trkpt><trkpt lat="37.796340" lon="-122.131670"><ele>216.1</ele></trkpt><trkpt lat="37.796210" lon="-122.131500"><ele>215.4</ele></trkpt><trkpt lat="37.796070" lon="-122.131400"><ele>214.7</ele></trkpt><trkpt lat="37.795460" lon="-122.131180"><ele>212.5</ele></trkpt><trkpt lat="37.795350" lon="-122.131210"><ele>212.1</ele></trkpt><trkpt lat="37.795310" lon="-122.131270"><ele>211.9</ele></trkpt><trkpt lat="37.795290" lon="-122.131360"><ele>211.5</ele></trkpt><trkpt lat="37.795310" lon="-122.131450"><ele>211.1</ele></trkpt><trkpt lat="37.795740" lon="-122.132000"><ele>207.7</ele></trkpt><trkpt lat="37.795789" lon="-122.132090"><ele>207.3</ele></trkpt><trkpt lat="37.795830" lon="-122.132250"><ele>206.6</ele></trkpt><trkpt lat="37.795830" lon="-122.132560"><ele>205.4</ele></trkpt><trkpt lat="37.795840" lon="-122.132630"><ele>205.2</ele></trkpt><trkpt lat="37.795890" lon="-122.132720"><ele>204.8</ele></trkpt><trkpt lat="37.795950" lon="-122.132780"><ele>204.4</ele></trkpt><trkpt lat="37.796169" lon="-122.132890"><ele>203.4</ele></trkpt><trkpt lat="37.796280" lon="-122.132980"><ele>202.9</ele></trkpt><trkpt lat="37.796580" lon="-122.133370"><ele>201.2</ele></trkpt><trkpt lat="37.797000" lon="-122.133790"><ele>198.8</ele></trkpt><trkpt lat="37.797140" lon="-122.133940"><ele>198.3</ele></trkpt><trkpt lat="37.797199" lon="-122.134030"><ele>198.1</ele></trkpt><trkpt lat="37.797240" lon="-122.134130"><ele>197.8</ele></trkpt><trkpt lat="37.797260" lon="-122.134250"><ele>197.5</ele></trkpt><trkpt lat="37.797260" lon="-122.134360"><ele>197.3</ele></trkpt><trkpt lat="37.797210" lon="-122.134660"><ele>196.6</ele></trkpt><trkpt lat="37.797220" lon="-122.134770"><ele>196.4</ele></trkpt><trkpt lat="37.797250" lon="-122.134870"><ele>196.1</ele></trkpt><trkpt lat="37.797320" lon="-122.134990"><ele>195.6</ele></trkpt><trkpt lat="37.797650" lon="-122.135360"><ele>193.1</ele></trkpt><trkpt lat="37.797730" lon="-122.135500"><ele>192.3</ele></trkpt><trkpt lat="37.797780" lon="-122.135670"><ele>191.4</ele></trkpt><trkpt lat="37.797800" lon="-122.135930"><ele>190.1</ele></trkpt><trkpt lat="37.797710" lon="-122.136610"><ele>187.0</ele></trkpt><trkpt lat="37.797730" lon="-122.136730"><ele>186.4</ele></trkpt><trkpt lat="37.797759" lon="-122.136810"><ele>185.9</ele></trkpt><trkpt lat="37.797830" lon="-122.136900"><ele>185.2</ele></trkpt><trkpt lat="37.797950" lon="-122.136960"><ele>184.2</ele></trkpt><trkpt lat="37.798300" lon="-122.136910"><ele>181.5</ele></trkpt><trkpt lat="37.798409" lon="-122.136910"><ele>180.6</ele></trkpt><trkpt lat="37.798490" lon="-122.136960"><ele>179.9</ele></trkpt><trkpt lat="37.798560" lon="-122.137070"><ele>178.9</ele></trkpt><trkpt lat="37.798570" lon="-122.137190"><ele>178.1</ele></trkpt><trkpt lat="37.798550" lon="-122.137270"><ele>177.6</ele></trkpt><trkpt lat="37.798450" lon="-122.137440"><ele>176.4</ele></trkpt><trkpt lat="37.798380" lon="-122.137520"><ele>175.7</ele></trkpt><trkpt lat="37.797510" lon="-122.138180"><ele>170.2</ele></trkpt><trkpt lat="37.797450" lon="-122.138260"><ele>169.7</ele></trkpt><trkpt lat="37.797440" lon="-122.138340"><ele>169.4</ele></trkpt><trkpt lat="37.797450" lon="-122.138450"><ele>168.9</ele></trkpt><trkpt lat="37.797500" lon="-122.138530"><ele>168.4</ele></trkpt><trkpt lat="37.797970" lon="-122.138790"><ele>165.8</ele></trkpt><trkpt lat="37.798160" lon="-122.138990"><ele>164.7</ele></trkpt><trkpt lat="37.798250" lon="-122.139150"><ele>164.0</ele></trkpt><trkpt lat="37.798290" lon="-122.139280"><ele>163.5</ele></trkpt><trkpt lat="37.798319" lon="-122.139550"><ele>162.7</ele></trkpt><trkpt lat="37.798280" lon="-122.139950"><ele>161.7</ele></trkpt><trkpt lat="37.798280" lon="-122.140260"><ele>160.5</ele></trkpt><trkpt lat="37.798330" lon="-122.140820"><ele>158.5</ele></trkpt><trkpt lat="37.798370" lon="-122.140850"><ele>158.3</ele></trkpt><trkpt lat="37.798460" lon="-122.140970"><ele>158.0</ele></trkpt><trkpt lat="37.798530" lon="-122.141230"><ele>157.3</ele></trkpt><trkpt lat="37.798550" lon="-122.141500"><ele>157.0</ele></trkpt><trkpt lat="37.798580" lon="-122.141680"><ele>156.7</ele></trkpt><trkpt lat="37.798660" lon="-122.141880"><ele>156.4</ele></trkpt><trkpt lat="37.798850" lon="-122.142160"><ele>159.1</ele></trkpt><trkpt lat="37.798980" lon="-122.142310"><ele>161.0</ele></trkpt><trkpt lat="37.799240" lon="-122.142560"><ele>162.4</ele></trkpt><trkpt lat="37.799370" lon="-122.142710"><ele>162.6</ele></trkpt><trkpt lat="37.800109" lon="-122.143730"><ele>165.4</ele></trkpt><trkpt lat="37.800220" lon="-122.143920"><ele>166.0</ele></trkpt><trkpt lat="37.800280" lon="-122.144090"><ele>166.5</ele></trkpt><trkpt lat="37.800310" lon="-122.144460"><ele>167.5</ele></trkpt><trkpt lat="37.800300" lon="-122.145250"><ele>164.8</ele></trkpt><trkpt lat="37.800260" lon="-122.145770"><ele>166.4</ele></trkpt><trkpt lat="37.800210" lon="-122.145990"><ele>167.0</ele></trkpt><trkpt lat="37.799980" lon="-122.146450"><ele>168.2</ele></trkpt><trkpt lat="37.799909" lon="-122.146710"><ele>168.7</ele></trkpt><trkpt lat="37.799890" lon="-122.147030"><ele>169.3</ele></trkpt><trkpt lat="37.799900" lon="-122.147710"><ele>171.0</ele></trkpt><trkpt lat="37.799850" lon="-122.148020"><ele>171.7</ele></trkpt><trkpt lat="37.799760" lon="-122.148220"><ele>172.1</ele></trkpt><trkpt lat="37.799540" lon="-122.148520"><ele>172.8</ele></trkpt><trkpt lat="37.799450" lon="-122.148670"><ele>173.1</ele></trkpt><trkpt lat="37.799270" lon="-122.149110"><ele>174.2</ele></trkpt><trkpt lat="37.799190" lon="-122.149260"><ele>174.7</ele></trkpt><trkpt lat="37.799070" lon="-122.149370"><ele>175.2</ele></trkpt><trkpt lat="37.798670" lon="-122.149660"><ele>176.5</ele></trkpt><trkpt lat="37.798520" lon="-122.149860"><ele>177.2</ele></trkpt><trkpt lat="37.798340" lon="-122.150200"><ele>178.6</ele></trkpt><trkpt lat="37.798280" lon="-122.150370"><ele>179.3</ele></trkpt><trkpt lat="37.798240" lon="-122.150540"><ele>180.1</ele></trkpt><trkpt lat="37.798229" lon="-122.150730"><ele>181.0</ele></trkpt><trkpt lat="37.798020" lon="-122.150810"><ele>182.4</ele></trkpt><trkpt lat="37.797925" lon="-122.150708"><ele>183.3</ele></trkpt><trkpt lat="37.797869" lon="-122.150595"><ele>184.2</ele></trkpt><trkpt lat="37.797830" lon="-122.150550"><ele>184.6</ele></trkpt><trkpt lat="37.797740" lon="-122.150410"><ele>185.8</ele></trkpt><trkpt lat="37.797480" lon="-122.150170"><ele>188.8</ele></trkpt><trkpt lat="37.797350" lon="-122.149900"><ele>191.2</ele></trkpt><trkpt lat="37.797199" lon="-122.149760"><ele>193.1</ele></trkpt><trkpt lat="37.796950" lon="-122.149590"><ele>196.5</ele></trkpt><trkpt lat="37.796740" lon="-122.149340"><ele>200.0</ele></trkpt><trkpt lat="37.796230" lon="-122.148840"><ele>208.5</ele></trkpt><trkpt lat="37.796180" lon="-122.148780"><ele>209.3</ele></trkpt><trkpt lat="37.796000" lon="-122.148430"><ele>213.1</ele></trkpt><trkpt lat="37.795850" lon="-122.148230"><ele>215.7</ele></trkpt><trkpt lat="37.795530" lon="-122.147740"><ele>221.8</ele></trkpt><trkpt lat="37.795470" lon="-122.147690"><ele>222.7</ele></trkpt><trkpt lat="37.795220" lon="-122.147700"><ele>225.8</ele></trkpt><trkpt lat="37.795120" lon="-122.147650"><ele>227.3</ele></trkpt><trkpt lat="37.795020" lon="-122.147520"><ele>229.4</ele></trkpt><trkpt lat="37.795000" lon="-122.147390"><ele>230.8</ele></trkpt><trkpt lat="37.795029" lon="-122.147360"><ele>231.4</ele></trkpt><trkpt lat="37.795240" lon="-122.147390"><ele>234.3</ele></trkpt><trkpt lat="37.795350" lon="-122.147370"><ele>235.8</ele></trkpt><trkpt lat="37.795440" lon="-122.147300"><ele>237.2</ele></trkpt><trkpt lat="37.795630" lon="-122.147090"><ele>240.6</ele></trkpt><trkpt lat="37.795670" lon="-122.147090"><ele>241.1</ele></trkpt><trkpt lat="37.795850" lon="-122.147220"><ele>244.1</ele></trkpt><trkpt lat="37.796030" lon="-122.147280"><ele>246.9</ele></trkpt><trkpt lat="37.796190" lon="-122.147520"><ele>250.5</ele></trkpt><trkpt lat="37.796290" lon="-122.147580"><ele>252.2</ele></trkpt><trkpt lat="37.796430" lon="-122.147570"><ele>254.2</ele></trkpt><trkpt lat="37.796639" lon="-122.147500"><ele>257.4</ele></trkpt><trkpt lat="37.796780" lon="-122.147490"><ele>259.2</ele></trkpt><trkpt lat="37.796880" lon="-122.147540"><ele>260.6</ele></trkpt><trkpt lat="37.796970" lon="-122.147670"><ele>262.4</ele></trkpt><trkpt lat="37.797040" lon="-122.147720"><ele>263.4</ele></trkpt><trkpt lat="37.797180" lon="-122.147720"><ele>265.2</ele></trkpt><trkpt lat="37.797600" lon="-122.147590"><ele>270.7</ele></trkpt><trkpt lat="37.797660" lon="-122.147560"><ele>271.6</ele></trkpt><trkpt lat="37.797680" lon="-122.147470"><ele>272.7</ele></trkpt><trkpt lat="37.797320" lon="-122.147260"><ele>278.5</ele></trkpt><trkpt lat="37.796920" lon="-122.146880"><ele>285.7</ele></trkpt><trkpt lat="37.796760" lon="-122.146580"><ele>290.1</ele></trkpt><trkpt lat="37.796530" lon="-122.146050"><ele>298.1</ele></trkpt><trkpt lat="37.796430" lon="-122.145920"><ele>300.7</ele></trkpt><trkpt lat="37.796340" lon="-122.145860"><ele>302.6</ele></trkpt><trkpt lat="37.796200" lon="-122.145820"><ele>305.2</ele></trkpt><trkpt lat="37.796140" lon="-122.145770"><ele>306.4</ele></trkpt><trkpt lat="37.796040" lon="-122.145630"><ele>308.8</ele></trkpt><trkpt lat="37.795850" lon="-122.145250"><ele>314.5</ele></trkpt><trkpt lat="37.795680" lon="-122.145010"><ele>317.5</ele></trkpt><trkpt lat="37.795530" lon="-122.144750"><ele>320.5</ele></trkpt><trkpt lat="37.795130" lon="-122.144290"><ele>325.9</ele></trkpt><trkpt lat="37.794939" lon="-122.144010"><ele>328.5</ele></trkpt><trkpt lat="37.794860" lon="-122.143860"><ele>329.8</ele></trkpt><trkpt lat="37.794800" lon="-122.143600"><ele>331.4</ele></trkpt><trkpt lat="37.794750" lon="-122.143480"><ele>332.0</ele></trkpt><trkpt lat="37.794610" lon="-122.143270"><ele>333.2</ele></trkpt><trkpt lat="37.794530" lon="-122.143110"><ele>334.0</ele></trkpt><trkpt lat="37.794160" lon="-122.142850"><ele>335.6</ele></trkpt><trkpt lat="37.794060" lon="-122.142810"><ele>335.9</ele></trkpt><trkpt lat="37.793810" lon="-122.142800"><ele>336.2</ele></trkpt><trkpt lat="37.793710" lon="-122.142760"><ele>336.3</ele></trkpt><trkpt lat="37.793410" lon="-122.142560"><ele>336.7</ele></trkpt><trkpt lat="37.793230" lon="-122.142440"><ele>336.9</ele></trkpt><trkpt lat="37.793050" lon="-122.142290"><ele>337.0</ele></trkpt><trkpt lat="37.792910" lon="-122.142230"><ele>336.9</ele></trkpt><trkpt lat="37.792760" lon="-122.142230"><ele>336.7</ele></trkpt><trkpt lat="37.792499" lon="-122.142390"><ele>336.2</ele></trkpt><trkpt lat="37.792400" lon="-122.142420"><ele>335.9</ele></trkpt><trkpt lat="37.792330" lon="-122.142420"><ele>335.7</ele></trkpt><trkpt lat="37.792080" lon="-122.142340"><ele>335.0</ele></trkpt><trkpt lat="37.791890" lon="-122.142140"><ele>334.4</ele></trkpt><trkpt lat="37.791820" lon="-122.142100"><ele>334.2</ele></trkpt><trkpt lat="37.791710" lon="-122.142100"><ele>334.0</ele></trkpt><trkpt lat="37.791640" lon="-122.142120"><ele>333.8</ele></trkpt><trkpt lat="37.791410" lon="-122.142340"><ele>333.9</ele></trkpt><trkpt lat="37.791280" lon="-122.142370"><ele>334.0</ele></trkpt><trkpt lat="37.791050" lon="-122.142830"><ele>335.0</ele></trkpt><trkpt lat="37.790940" lon="-122.142980"><ele>335.5</ele></trkpt><trkpt lat="37.790750" lon="-122.143500"><ele>338.2</ele></trkpt><trkpt lat="37.790590" lon="-122.143760"><ele>340.4</ele></trkpt><trkpt lat="37.790430" lon="-122.143950"><ele>343.3</ele></trkpt><trkpt lat="37.790360" lon="-122.144090"><ele>345.0</ele></trkpt><trkpt lat="37.790260" lon="-122.144230"><ele>346.9</ele></trkpt><trkpt lat="37.789910" lon="-122.144550"><ele>351.5</ele></trkpt><trkpt lat="37.789490" lon="-122.145120"><ele>356.8</ele></trkpt><trkpt lat="37.789340" lon="-122.145360"><ele>358.4</ele></trkpt><trkpt lat="37.789270" lon="-122.145510"><ele>359.2</ele></trkpt><trkpt lat="37.789220" lon="-122.145680"><ele>360.1</ele></trkpt><trkpt lat="37.789200" lon="-122.145900"><ele>360.7</ele></trkpt><trkpt lat="37.789210" lon="-122.146110"><ele>361.2</ele></trkpt><trkpt lat="37.789660" lon="-122.147500"><ele>361.7</ele></trkpt><trkpt lat="37.789740" lon="-122.147800"><ele>361.7</ele></trkpt><trkpt lat="37.789760" lon="-122.148030"><ele>361.6</ele></trkpt><trkpt lat="37.789760" lon="-122.148260"><ele>361.5</ele></trkpt><trkpt lat="37.789730" lon="-122.148460"><ele>361.0</ele></trkpt><trkpt lat="37.789630" lon="-122.148800"><ele>359.9</ele></trkpt><trkpt lat="37.789570" lon="-122.148940"><ele>359.4</ele></trkpt><trkpt lat="37.789280" lon="-122.149360"><ele>358.1</ele></trkpt><trkpt lat="37.789060" lon="-122.149880"><ele>355.6</ele></trkpt><trkpt lat="37.788730" lon="-122.149820"><ele>353.4</ele></trkpt><trkpt lat="37.787850" lon="-122.149780"><ele>347.5</ele></trkpt><trkpt lat="37.787710" lon="-122.149760"><ele>346.8</ele></trkpt><trkpt lat="37.787360" lon="-122.149630"><ele>345.4</ele></trkpt><trkpt lat="37.787190" lon="-122.149520"><ele>344.5</ele></trkpt><trkpt lat="37.786860" lon="-122.149220"><ele>342.4</ele></trkpt><trkpt lat="37.786660" lon="-122.148940"><ele>342.3</ele></trkpt><trkpt lat="37.786440" lon="-122.148440"><ele>342.0</ele></trkpt><trkpt lat="37.786440" lon="-122.148440"><ele>342.0</ele></trkpt><trkpt lat="37.786370" lon="-122.148210"><ele>341.7</ele></trkpt><trkpt lat="37.786060" lon="-122.146600"><ele>341.1</ele></trkpt><trkpt lat="37.785990" lon="-122.146350"><ele>341.1</ele></trkpt><trkpt lat="37.785860" lon="-122.146110"><ele>341.1</ele></trkpt><trkpt lat="37.785280" lon="-122.145580"><ele>340.0</ele></trkpt><trkpt lat="37.785160" lon="-122.145460"><ele>340.2</ele></trkpt><trkpt lat="37.785070" lon="-122.145310"><ele>340.3</ele></trkpt><trkpt lat="37.785020" lon="-122.145210"><ele>340.5</ele></trkpt><trkpt lat="37.784970" lon="-122.145040"><ele>340.7</ele></trkpt><trkpt lat="37.784940" lon="-122.144850"><ele>341.0</ele></trkpt><trkpt lat="37.784940" lon="-122.144540"><ele>341.4</ele></trkpt><trkpt lat="37.784960" lon="-122.144350"><ele>341.5</ele></trkpt><trkpt lat="37.785230" lon="-122.143660"><ele>342.0</ele></trkpt><trkpt lat="37.785280" lon="-122.143410"><ele>342.0</ele></trkpt><trkpt lat="37.785290" lon="-122.143140"><ele>342.0</ele></trkpt><trkpt lat="37.785250" lon="-122.142880"><ele>342.0</ele></trkpt><trkpt lat="37.785140" lon="-122.142630"><ele>342.0</ele></trkpt><trkpt lat="37.785089" lon="-122.142560"><ele>341.6</ele></trkpt><trkpt lat="37.785030" lon="-122.142460"><ele>341.0</ele></trkpt><trkpt lat="37.784870" lon="-122.142330"><ele>340.0</ele></trkpt><trkpt lat="37.784619" lon="-122.142210"><ele>338.4</ele></trkpt><trkpt lat="37.783190" lon="-122.142090"><ele>326.0</ele></trkpt><trkpt lat="37.782350" lon="-122.142060"><ele>318.4</ele></trkpt><trkpt lat="37.781880" lon="-122.142000"><ele>316.0</ele></trkpt><trkpt lat="37.781610" lon="-122.141890"><ele>315.0</ele></trkpt><trkpt lat="37.781650" lon="-122.141660"><ele>314.7</ele></trkpt><trkpt lat="37.781930" lon="-122.141770"><ele>315.5</ele></trkpt><trkpt lat="37.782360" lon="-122.141840"><ele>317.5</ele></trkpt><trkpt lat="37.783650" lon="-122.141900"><ele>329.5</ele></trkpt><trkpt lat="37.784390" lon="-122.141940"><ele>336.5</ele></trkpt><trkpt lat="37.784640" lon="-122.141980"><ele>338.3</ele></trkpt><trkpt lat="37.784790" lon="-122.142040"><ele>339.5</ele></trkpt><trkpt lat="37.784960" lon="-122.142150"><ele>341.4</ele></trkpt><trkpt lat="37.785120" lon="-122.142330"><ele>343.7</ele></trkpt><trkpt lat="37.785280" lon="-122.142550"><ele>346.0</ele></trkpt><trkpt lat="37.785390" lon="-122.142810"><ele>347.8</ele></trkpt><trkpt lat="37.786200" lon="-122.142620"><ele>350.5</ele></trkpt><trkpt lat="37.786310" lon="-122.142620"><ele>350.7</ele></trkpt><trkpt lat="37.786240" lon="-122.142430"><ele>350.9</ele></trkpt><trkpt lat="37.785800" lon="-122.142020"><ele>351.0</ele></trkpt><trkpt lat="37.785469" lon="-122.141590"><ele>348.7</ele></trkpt><trkpt lat="37.785400" lon="-122.141480"><ele>347.7</ele></trkpt><trkpt lat="37.785360" lon="-122.141300"><ele>346.4</ele></trkpt><trkpt lat="37.785370" lon="-122.140980"><ele>343.4</ele></trkpt><trkpt lat="37.785360" lon="-122.140890"><ele>342.5</ele></trkpt><trkpt lat="37.785300" lon="-122.140770"><ele>341.1</ele></trkpt><trkpt lat="37.785150" lon="-122.140650"><ele>339.0</ele></trkpt><trkpt lat="37.785110" lon="-122.140600"><ele>338.6</ele></trkpt><trkpt lat="37.785080" lon="-122.140540"><ele>338.1</ele></trkpt><trkpt lat="37.785050" lon="-122.140410"><ele>337.3</ele></trkpt><trkpt lat="37.785030" lon="-122.139950"><ele>334.3</ele></trkpt><trkpt lat="37.785010" lon="-122.139860"><ele>333.7</ele></trkpt><trkpt lat="37.784950" lon="-122.139750"><ele>332.8</ele></trkpt><trkpt lat="37.784890" lon="-122.139700"><ele>332.2</ele></trkpt><trkpt lat="37.784780" lon="-122.139670"><ele>331.2</ele></trkpt><trkpt lat="37.784670" lon="-122.139680"><ele>330.3</ele></trkpt><trkpt lat="37.784570" lon="-122.139720"><ele>329.7</ele></trkpt><trkpt lat="37.784490" lon="-122.139810"><ele>329.0</ele></trkpt><trkpt lat="37.784320" lon="-122.140060"><ele>327.4</ele></trkpt><trkpt lat="37.784239" lon="-122.140150"><ele>326.9</ele></trkpt><trkpt lat="37.784140" lon="-122.140190"><ele>326.6</ele></trkpt><trkpt lat="37.784070" lon="-122.140160"><ele>326.4</ele></trkpt><trkpt lat="37.784020" lon="-122.140040"><ele>326.1</ele></trkpt><trkpt lat="37.783990" lon="-122.139770"><ele>325.5</ele></trkpt><trkpt lat="37.783950" lon="-122.139600"><ele>325.2</ele></trkpt><trkpt lat="37.783880" lon="-122.139490"><ele>324.9</ele></trkpt><trkpt lat="37.783720" lon="-122.139300"><ele>324.4</ele></trkpt><trkpt lat="37.783679" lon="-122.139220"><ele>324.2</ele></trkpt><trkpt lat="37.783670" lon="-122.139090"><ele>323.9</ele></trkpt><trkpt lat="37.783720" lon="-122.138870"><ele>323.3</ele></trkpt><trkpt lat="37.783720" lon="-122.138780"><ele>323.1</ele></trkpt><trkpt lat="37.783710" lon="-122.138690"><ele>322.8</ele></trkpt><trkpt lat="37.783660" lon="-122.138620"><ele>322.6</ele></trkpt><trkpt lat="37.783600" lon="-122.138570"><ele>322.3</ele></trkpt><trkpt lat="37.783530" lon="-122.138540"><ele>322.0</ele></trkpt><trkpt lat="37.783420" lon="-122.138540"><ele>321.6</ele></trkpt><trkpt lat="37.783280" lon="-122.138590"><ele>321.0</ele></trkpt><trkpt lat="37.783180" lon="-122.138580"><ele>320.6</ele></trkpt><trkpt lat="37.782830" lon="-122.138460"><ele>318.7</ele></trkpt><trkpt lat="37.782580" lon="-122.138540"><ele>317.2</ele></trkpt><trkpt lat="37.782480" lon="-122.138510"><ele>316.5</ele></trkpt><trkpt lat="37.782269" lon="-122.138340"><ele>314.8</ele></trkpt><trkpt lat="37.782100" lon="-122.138250"><ele>313.6</ele></trkpt><trkpt lat="37.782050" lon="-122.138130"><ele>313.0</ele></trkpt><trkpt lat="37.782010" lon="-122.137810"><ele>311.6</ele></trkpt><trkpt lat="37.781960" lon="-122.137640"><ele>310.8</ele></trkpt><trkpt lat="37.781880" lon="-122.137550"><ele>310.2</ele></trkpt><trkpt lat="37.781690" lon="-122.137430"><ele>309.1</ele></trkpt><trkpt lat="37.781480" lon="-122.137170"><ele>307.6</ele></trkpt><trkpt lat="37.781350" lon="-122.136840"><ele>305.7</ele></trkpt><trkpt lat="37.781110" lon="-122.136720"><ele>304.0</ele></trkpt><trkpt lat="37.781020" lon="-122.136650"><ele>303.2</ele></trkpt><trkpt lat="37.780850" lon="-122.136480"><ele>301.6</ele></trkpt><trkpt lat="37.780780" lon="-122.136370"><ele>300.7</ele></trkpt><trkpt lat="37.780700" lon="-122.136060"><ele>298.6</ele></trkpt><trkpt lat="37.780580" lon="-122.135830"><ele>296.9</ele></trkpt><trkpt lat="37.780540" lon="-122.135700"><ele>296.0</ele></trkpt><trkpt lat="37.780530" lon="-122.135610"><ele>295.2</ele></trkpt><trkpt lat="37.780610" lon="-122.135350"><ele>292.7</ele></trkpt><trkpt lat="37.780630" lon="-122.135220"><ele>291.5</ele></trkpt><trkpt lat="37.780610" lon="-122.135080"><ele>290.3</ele></trkpt><trkpt lat="37.780520" lon="-122.134940"><ele>288.5</ele></trkpt><trkpt lat="37.780360" lon="-122.134840"><ele>286.1</ele></trkpt><trkpt lat="37.780320" lon="-122.134760"><ele>285.1</ele></trkpt><trkpt lat="37.780330" lon="-122.134670"><ele>284.2</ele></trkpt><trkpt lat="37.780370" lon="-122.134590"><ele>283.2</ele></trkpt><trkpt lat="37.780530" lon="-122.134330"><ele>280.3</ele></trkpt><trkpt lat="37.780580" lon="-122.134220"><ele>279.2</ele></trkpt><trkpt lat="37.780560" lon="-122.134090"><ele>278.0</ele></trkpt><trkpt lat="37.780490" lon="-122.133990"><ele>276.8</ele></trkpt><trkpt lat="37.780430" lon="-122.133940"><ele>276.0</ele></trkpt><trkpt lat="37.780320" lon="-122.133910"><ele>274.7</ele></trkpt><trkpt lat="37.780209" lon="-122.133910"><ele>273.3</ele></trkpt><trkpt lat="37.780070" lon="-122.133950"><ele>271.7</ele></trkpt><trkpt lat="37.779910" lon="-122.134050"><ele>269.4</ele></trkpt><trkpt lat="37.779840" lon="-122.134210"><ele>267.3</ele></trkpt><trkpt lat="37.779800" lon="-122.134530"><ele>263.7</ele></trkpt><trkpt lat="37.779760" lon="-122.134700"><ele>262.1</ele></trkpt><trkpt lat="37.779700" lon="-122.134820"><ele>261.1</ele></trkpt><trkpt lat="37.779500" lon="-122.135150"><ele>258.3</ele></trkpt><trkpt lat="37.779359" lon="-122.135290"><ele>258.5</ele></trkpt><trkpt lat="37.779320" lon="-122.135250"><ele>258.6</ele></trkpt><trkpt lat="37.779260" lon="-122.135130"><ele>258.9</ele></trkpt><trkpt lat="37.779150" lon="-122.134740"><ele>259.9</ele></trkpt><trkpt lat="37.779100" lon="-122.134620"><ele>260.4</ele></trkpt><trkpt lat="37.779020" lon="-122.134520"><ele>261.0</ele></trkpt><trkpt lat="37.778970" lon="-122.134460"><ele>261.4</ele></trkpt><trkpt lat="37.778840" lon="-122.134380"><ele>262.1</ele></trkpt><trkpt lat="37.778590" lon="-122.134340"><ele>265.1</ele></trkpt><trkpt lat="37.778500" lon="-122.134270"><ele>266.3</ele></trkpt><trkpt lat="37.778500" lon="-122.134180"><ele>267.2</ele></trkpt><trkpt lat="37.778530" lon="-122.134000"><ele>269.0</ele></trkpt><trkpt lat="37.778510" lon="-122.133860"><ele>270.7</ele></trkpt><trkpt lat="37.778460" lon="-122.133750"><ele>272.2</ele></trkpt><trkpt lat="37.778300" lon="-122.133550"><ele>275.5</ele></trkpt><trkpt lat="37.778230" lon="-122.133400"><ele>277.5</ele></trkpt><trkpt lat="37.778160" lon="-122.133290"><ele>279.1</ele></trkpt><trkpt lat="37.778050" lon="-122.133270"><ele>280.6</ele></trkpt><trkpt lat="37.777880" lon="-122.133310"><ele>282.9</ele></trkpt><trkpt lat="37.777800" lon="-122.133300"><ele>284.0</ele></trkpt><trkpt lat="37.777710" lon="-122.133230"><ele>284.8</ele></trkpt><trkpt lat="37.777530" lon="-122.132740"><ele>288.0</ele></trkpt><trkpt lat="37.777530" lon="-122.132600"><ele>288.2</ele></trkpt><trkpt lat="37.777570" lon="-122.132430"><ele>288.3</ele></trkpt><trkpt lat="37.777560" lon="-122.132290"><ele>288.4</ele></trkpt><trkpt lat="37.777460" lon="-122.132100"><ele>288.6</ele></trkpt><trkpt lat="37.777430" lon="-122.132080"><ele>288.6</ele></trkpt><trkpt lat="37.777360" lon="-122.132080"><ele>288.6</ele></trkpt><trkpt lat="37.777220" lon="-122.132140"><ele>288.5</ele></trkpt><trkpt lat="37.776670" lon="-122.132570"><ele>288.3</ele></trkpt><trkpt lat="37.776600" lon="-122.132600"><ele>288.3</ele></trkpt><trkpt lat="37.776510" lon="-122.132530"><ele>288.3</ele></trkpt><trkpt lat="37.776480" lon="-122.132450"><ele>288.3</ele></trkpt><trkpt lat="37.776460" lon="-122.132360"><ele>288.3</ele></trkpt><trkpt lat="37.776480" lon="-122.132130"><ele>288.2</ele></trkpt><trkpt lat="37.776440" lon="-122.131720"><ele>287.9</ele></trkpt><trkpt lat="37.776400" lon="-122.131600"><ele>287.8</ele></trkpt><trkpt lat="37.776240" lon="-122.131410"><ele>287.6</ele></trkpt><trkpt lat="37.776230" lon="-122.131280"><ele>287.4</ele></trkpt><trkpt lat="37.776280" lon="-122.131160"><ele>287.3</ele></trkpt><trkpt lat="37.776330" lon="-122.131090"><ele>287.2</ele></trkpt><trkpt lat="37.776540" lon="-122.131000"><ele>287.0</ele></trkpt><trkpt lat="37.776600" lon="-122.130980"><ele>286.9</ele></trkpt><trkpt lat="37.776660" lon="-122.130920"><ele>286.8</ele></trkpt><trkpt lat="37.776700" lon="-122.130850"><ele>286.5</ele></trkpt><trkpt lat="37.776820" lon="-122.130370"><ele>284.5</ele></trkpt><trkpt lat="37.776860" lon="-122.129960"><ele>282.3</ele></trkpt><trkpt lat="37.776840" lon="-122.129780"><ele>281.2</ele></trkpt><trkpt lat="37.776810" lon="-122.129700"><ele>280.7</ele></trkpt><trkpt lat="37.776730" lon="-122.129620"><ele>279.9</ele></trkpt><trkpt lat="37.776460" lon="-122.129480"><ele>277.0</ele></trkpt><trkpt lat="37.776090" lon="-122.129200"><ele>272.8</ele></trkpt><trkpt lat="37.775920" lon="-122.129110"><ele>271.0</ele></trkpt><trkpt lat="37.775750" lon="-122.129060"><ele>269.3</ele></trkpt><trkpt lat="37.775440" lon="-122.128940"><ele>266.8</ele></trkpt><trkpt lat="37.775400" lon="-122.128940"><ele>266.5</ele></trkpt><trkpt lat="37.775300" lon="-122.128950"><ele>265.7</ele></trkpt><trkpt lat="37.775250" lon="-122.129010"><ele>265.1</ele></trkpt><trkpt lat="37.775190" lon="-122.129130"><ele>264.2</ele></trkpt><trkpt lat="37.775190" lon="-122.129270"><ele>263.4</ele></trkpt><trkpt lat="37.775220" lon="-122.129350"><ele>262.8</ele></trkpt><trkpt lat="37.775419" lon="-122.129700"><ele>260.5</ele></trkpt><trkpt lat="37.775430" lon="-122.129790"><ele>260.2</ele></trkpt><trkpt lat="37.775360" lon="-122.129830"><ele>259.8</ele></trkpt><trkpt lat="37.775220" lon="-122.129790"><ele>259.2</ele></trkpt><trkpt lat="37.775149" lon="-122.129870"><ele>258.7</ele></trkpt><trkpt lat="37.775050" lon="-122.130070"><ele>258.5</ele></trkpt><trkpt lat="37.775020" lon="-122.130200"><ele>258.6</ele></trkpt><trkpt lat="37.774990" lon="-122.130220"><ele>258.6</ele></trkpt><trkpt lat="37.774920" lon="-122.130190"><ele>258.7</ele></trkpt><trkpt lat="37.774769" lon="-122.130060"><ele>258.8</ele></trkpt><trkpt lat="37.774670" lon="-122.130010"><ele>258.7</ele></trkpt><trkpt lat="37.774520" lon="-122.130030"><ele>258.6</ele></trkpt><trkpt lat="37.774450" lon="-122.130120"><ele>258.6</ele></trkpt><trkpt lat="37.774320" lon="-122.130600"><ele>258.5</ele></trkpt><trkpt lat="37.774230" lon="-122.130750"><ele>258.5</ele></trkpt><trkpt lat="37.774150" lon="-122.130840"><ele>258.5</ele></trkpt><trkpt lat="37.774120" lon="-122.130840"><ele>258.5</ele></trkpt><trkpt lat="37.774060" lon="-122.130790"><ele>258.5</ele></trkpt><trkpt lat="37.774030" lon="-122.130700"><ele>258.6</ele></trkpt><trkpt lat="37.774030" lon="-122.130470"><ele>258.8</ele></trkpt><trkpt lat="37.774000" lon="-122.130290"><ele>259.0</ele></trkpt><trkpt lat="37.773950" lon="-122.130180"><ele>259.1</ele></trkpt><trkpt lat="37.773890" lon="-122.130120"><ele>259.1</ele></trkpt><trkpt lat="37.773820" lon="-122.130110"><ele>259.1</ele></trkpt><trkpt lat="37.773710" lon="-122.130140"><ele>259.1</ele></trkpt><trkpt lat="37.773380" lon="-122.130320"><ele>258.9</ele></trkpt><trkpt lat="37.773269" lon="-122.130330"><ele>258.5</ele></trkpt><trkpt lat="37.773200" lon="-122.130300"><ele>258.2</ele></trkpt><trkpt lat="37.773180" lon="-122.130260"><ele>258.1</ele></trkpt><trkpt lat="37.773170" lon="-122.130180"><ele>257.9</ele></trkpt><trkpt lat="37.773200" lon="-122.130000"><ele>257.4</ele></trkpt><trkpt lat="37.773230" lon="-122.129860"><ele>256.8</ele></trkpt><trkpt lat="37.773260" lon="-122.129540"><ele>254.9</ele></trkpt><trkpt lat="37.773240" lon="-122.129410"><ele>254.1</ele></trkpt><trkpt lat="37.773220" lon="-122.129380"><ele>253.9</ele></trkpt><trkpt lat="37.773120" lon="-122.129320"><ele>252.9</ele></trkpt><trkpt lat="37.773010" lon="-122.129320"><ele>251.5</ele></trkpt><trkpt lat="37.772900" lon="-122.129350"><ele>250.0</ele></trkpt><trkpt lat="37.772760" lon="-122.129360"><ele>248.2</ele></trkpt><trkpt lat="37.772840" lon="-122.128970"><ele>243.7</ele></trkpt><trkpt lat="37.772960" lon="-122.128820"><ele>241.3</ele></trkpt><trkpt lat="37.773260" lon="-122.128300"><ele>233.0</ele></trkpt><trkpt lat="37.773380" lon="-122.127960"><ele>227.7</ele></trkpt><trkpt lat="37.773600" lon="-122.127530"><ele>219.5</ele></trkpt><trkpt lat="37.773670" lon="-122.127320"><ele>216.1</ele></trkpt><trkpt lat="37.773690" lon="-122.127230"><ele>214.9</ele></trkpt><trkpt lat="37.773680" lon="-122.127050"><ele>212.4</ele></trkpt><trkpt lat="37.773630" lon="-122.126880"><ele>210.0</ele></trkpt><trkpt lat="37.773430" lon="-122.126490"><ele>204.8</ele></trkpt><trkpt lat="37.773130" lon="-122.126090"><ele>199.1</ele></trkpt><trkpt lat="37.773110" lon="-122.126010"><ele>198.2</ele></trkpt><trkpt lat="37.773130" lon="-122.125920"><ele>197.2</ele></trkpt><trkpt lat="37.773180" lon="-122.125850"><ele>196.3</ele></trkpt><trkpt lat="37.773280" lon="-122.125800"><ele>194.9</ele></trkpt><trkpt lat="37.773420" lon="-122.125810"><ele>193.5</ele></trkpt><trkpt lat="37.773680" lon="-122.125980"><ele>190.8</ele></trkpt><trkpt lat="37.774090" lon="-122.126170"><ele>188.4</ele></trkpt><trkpt lat="37.774230" lon="-122.126200"><ele>187.8</ele></trkpt><trkpt lat="37.774360" lon="-122.126120"><ele>187.2</ele></trkpt><trkpt lat="37.774479" lon="-122.125970"><ele>186.5</ele></trkpt><trkpt lat="37.774970" lon="-122.125960"><ele>184.6</ele></trkpt><trkpt lat="37.775320" lon="-122.126080"><ele>183.5</ele></trkpt><trkpt lat="37.775570" lon="-122.126100"><ele>183.7</ele></trkpt><trkpt lat="37.775690" lon="-122.126110"><ele>183.9</ele></trkpt><trkpt lat="37.776250" lon="-122.126430"><ele>184.1</ele></trkpt><trkpt lat="37.776980" lon="-122.127040"><ele>185.3</ele></trkpt><trkpt lat="37.777280" lon="-122.127080"><ele>186.2</ele></trkpt><trkpt lat="37.777420" lon="-122.127060"><ele>186.6</ele></trkpt><trkpt lat="37.777520" lon="-122.126970"><ele>186.9</ele></trkpt><trkpt lat="37.777640" lon="-122.126670"><ele>187.7</ele></trkpt><trkpt lat="37.777589" lon="-122.126480"><ele>187.8</ele></trkpt><trkpt lat="37.777250" lon="-122.126300"><ele>188.0</ele></trkpt><trkpt lat="37.777020" lon="-122.126040"><ele>187.9</ele></trkpt><trkpt lat="37.776940" lon="-122.125930"><ele>187.9</ele></trkpt><trkpt lat="37.776760" lon="-122.125510"><ele>187.3</ele></trkpt><trkpt lat="37.776680" lon="-122.125390"><ele>187.0</ele></trkpt><trkpt lat="37.775889" lon="-122.125000"><ele>184.7</ele></trkpt><trkpt lat="37.774740" lon="-122.124330"><ele>183.6</ele></trkpt><trkpt lat="37.774630" lon="-122.124240"><ele>183.7</ele></trkpt><trkpt lat="37.774370" lon="-122.123830"><ele>184.3</ele></trkpt><trkpt lat="37.774170" lon="-122.123440"><ele>185.0</ele></trkpt><trkpt lat="37.774120" lon="-122.123370"><ele>185.1</ele></trkpt><trkpt lat="37.774050" lon="-122.123330"><ele>185.3</ele></trkpt><trkpt lat="37.773760" lon="-122.123350"><ele>186.0</ele></trkpt><trkpt lat="37.773620" lon="-122.123310"><ele>186.5</ele></trkpt><trkpt lat="37.773520" lon="-122.123250"><ele>187.0</ele></trkpt><trkpt lat="37.773250" lon="-122.123020"><ele>188.1</ele></trkpt><trkpt lat="37.772979" lon="-122.122880"><ele>188.3</ele></trkpt><trkpt lat="37.772860" lon="-122.122790"><ele>188.3</ele></trkpt><trkpt lat="37.772810" lon="-122.122720"><ele>188.4</ele></trkpt><trkpt lat="37.772770" lon="-122.122550"><ele>188.3</ele></trkpt><trkpt lat="37.772770" lon="-122.122000"><ele>187.9</ele></trkpt><trkpt lat="37.772730" lon="-122.121870"><ele>187.5</ele></trkpt><trkpt lat="37.772640" lon="-122.121800"><ele>187.2</ele></trkpt><trkpt lat="37.772530" lon="-122.121800"><ele>186.8</ele></trkpt><trkpt lat="37.772200" lon="-122.122000"><ele>185.3</ele></trkpt><trkpt lat="37.772030" lon="-122.122070"><ele>184.5</ele></trkpt><trkpt lat="37.771850" lon="-122.122090"><ele>183.6</ele></trkpt><trkpt lat="37.771740" lon="-122.122130"><ele>182.7</ele></trkpt><trkpt lat="37.771479" lon="-122.122370"><ele>180.0</ele></trkpt><trkpt lat="37.771380" lon="-122.122430"><ele>179.1</ele></trkpt><trkpt lat="37.771270" lon="-122.122450"><ele>178.1</ele></trkpt><trkpt lat="37.771120" lon="-122.122450"><ele>176.7</ele></trkpt><trkpt lat="37.770880" lon="-122.122370"><ele>174.5</ele></trkpt><trkpt lat="37.770570" lon="-122.122230"><ele>172.4</ele></trkpt><trkpt lat="37.770340" lon="-122.122090"><ele>170.8</ele></trkpt><trkpt lat="37.770069" lon="-122.121970"><ele>169.4</ele></trkpt><trkpt lat="37.769889" lon="-122.121820"><ele>168.3</ele></trkpt><trkpt lat="37.769680" lon="-122.121560"><ele>167.1</ele></trkpt><trkpt lat="37.769560" lon="-122.121460"><ele>166.6</ele></trkpt><trkpt lat="37.769460" lon="-122.121400"><ele>166.1</ele></trkpt><trkpt lat="37.769220" lon="-122.121330"><ele>165.7</ele></trkpt><trkpt lat="37.769080" lon="-122.121270"><ele>165.5</ele></trkpt><trkpt lat="37.768949" lon="-122.121180"><ele>165.2</ele></trkpt><trkpt lat="37.768740" lon="-122.121000"><ele>165.2</ele></trkpt><trkpt lat="37.768420" lon="-122.120690"><ele>165.1</ele></trkpt><trkpt lat="37.768290" lon="-122.120610"><ele>165.1</ele></trkpt><trkpt lat="37.768120" lon="-122.120450"><ele>164.9</ele></trkpt><trkpt lat="37.767930" lon="-122.120240"><ele>165.0</ele></trkpt><trkpt lat="37.767800" lon="-122.120010"><ele>165.1</ele></trkpt><trkpt lat="37.767770" lon="-122.119920"><ele>165.2</ele></trkpt><trkpt lat="37.767640" lon="-122.119550"><ele>165.2</ele></trkpt><trkpt lat="37.767520" lon="-122.119370"><ele>165.2</ele></trkpt><trkpt lat="37.767350" lon="-122.119230"><ele>165.1</ele></trkpt><trkpt lat="37.767220" lon="-122.119160"><ele>165.1</ele></trkpt><trkpt lat="37.767080" lon="-122.119130"><ele>165.0</ele></trkpt><trkpt lat="37.766870" lon="-122.119210"><ele>164.8</ele></trkpt><trkpt lat="37.766560" lon="-122.119210"><ele>164.5</ele></trkpt><trkpt lat="37.766260" lon="-122.119190"><ele>164.1</ele></trkpt><trkpt lat="37.765980" lon="-122.119090"><ele>163.6</ele></trkpt><trkpt lat="37.765830" lon="-122.119070"><ele>163.2</ele></trkpt><trkpt lat="37.765730" lon="-122.119090"><ele>162.8</ele></trkpt><trkpt lat="37.765490" lon="-122.119220"><ele>161.8</ele></trkpt><trkpt lat="37.765380" lon="-122.119250"><ele>161.3</ele></trkpt><trkpt lat="37.765120" lon="-122.119250"><ele>160.3</ele></trkpt><trkpt lat="37.764830" lon="-122.119210"><ele>159.2</ele></trkpt><trkpt lat="37.764340" lon="-122.119040"><ele>156.9</ele></trkpt><trkpt lat="37.764200" lon="-122.118980"><ele>156.2</ele></trkpt><trkpt lat="37.764000" lon="-122.118850"><ele>155.1</ele></trkpt><trkpt lat="37.763700" lon="-122.118590"><ele>153.4</ele></trkpt><trkpt lat="37.763530" lon="-122.118510"><ele>152.6</ele></trkpt><trkpt lat="37.763090" lon="-122.118280"><ele>151.5</ele></trkpt><trkpt lat="37.762749" lon="-122.118140"><ele>151.1</ele></trkpt><trkpt lat="37.762580" lon="-122.118050"><ele>150.9</ele></trkpt><trkpt lat="37.762400" lon="-122.117900"><ele>150.7</ele></trkpt><trkpt lat="37.762160" lon="-122.117610"><ele>149.7</ele></trkpt><trkpt lat="37.761960" lon="-122.117420"><ele>148.8</ele></trkpt><trkpt lat="37.761680" lon="-122.117210"><ele>148.1</ele></trkpt><trkpt lat="37.761240" lon="-122.116980"><ele>146.6</ele></trkpt><trkpt lat="37.761130" lon="-122.116940"><ele>146.2</ele></trkpt><trkpt lat="37.760920" lon="-122.116920"><ele>145.3</ele></trkpt><trkpt lat="37.760740" lon="-122.116860"><ele>144.1</ele></trkpt><trkpt lat="37.760460" lon="-122.116800"><ele>142.1</ele></trkpt><trkpt lat="37.759950" lon="-122.116740"><ele>140.5</ele></trkpt><trkpt lat="37.759590" lon="-122.116730"><ele>140.5</ele></trkpt><trkpt lat="37.759500" lon="-122.116590"><ele>140.7</ele></trkpt><trkpt lat="37.759420" lon="-122.116490"><ele>140.8</ele></trkpt><trkpt lat="37.759360" lon="-122.116450"><ele>141.0</ele></trkpt><trkpt lat="37.759180" lon="-122.116390"><ele>141.7</ele></trkpt><trkpt lat="37.758890" lon="-122.116210"><ele>143.1</ele></trkpt><trkpt lat="37.758790" lon="-122.116080"><ele>144.1</ele></trkpt><trkpt lat="37.758710" lon="-122.115920"><ele>145.2</ele></trkpt><trkpt lat="37.758650" lon="-122.115660"><ele>146.8</ele></trkpt><trkpt lat="37.758690" lon="-122.115110"><ele>150.8</ele></trkpt><trkpt lat="37.758650" lon="-122.114750"><ele>153.4</ele></trkpt><trkpt lat="37.758650" lon="-122.114640"><ele>154.3</ele></trkpt><trkpt lat="37.758710" lon="-122.114290"><ele>156.9</ele></trkpt><trkpt lat="37.758710" lon="-122.114160"><ele>157.6</ele></trkpt><trkpt lat="37.758680" lon="-122.113980"><ele>158.5</ele></trkpt><trkpt lat="37.758610" lon="-122.113820"><ele>159.4</ele></trkpt><trkpt lat="37.758460" lon="-122.113680"><ele>160.5</ele></trkpt><trkpt lat="37.758270" lon="-122.113550"><ele>161.8</ele></trkpt><trkpt lat="37.758140" lon="-122.113490"><ele>162.6</ele></trkpt><trkpt lat="37.758030" lon="-122.113500"><ele>163.2</ele></trkpt><trkpt lat="37.757830" lon="-122.113620"><ele>163.6</ele></trkpt><trkpt lat="37.757720" lon="-122.113630"><ele>163.7</ele></trkpt><trkpt lat="37.757660" lon="-122.113600"><ele>163.8</ele></trkpt><trkpt lat="37.757599" lon="-122.113550"><ele>163.9</ele></trkpt><trkpt lat="37.757530" lon="-122.113440"><ele>164.0</ele></trkpt><trkpt lat="37.757410" lon="-122.113060"><ele>164.7</ele></trkpt><trkpt lat="37.757340" lon="-122.112890"><ele>165.0</ele></trkpt><trkpt lat="37.757290" lon="-122.112820"><ele>165.2</ele></trkpt><trkpt lat="37.757190" lon="-122.112770"><ele>165.1</ele></trkpt><trkpt lat="37.757160" lon="-122.112780"><ele>165.0</ele></trkpt><trkpt lat="37.757090" lon="-122.112820"><ele>164.9</ele></trkpt><trkpt lat="37.756910" lon="-122.113050"><ele>164.7</ele></trkpt><trkpt lat="37.756790" lon="-122.113160"><ele>164.3</ele></trkpt><trkpt lat="37.756620" lon="-122.113240"><ele>163.7</ele></trkpt><trkpt lat="37.756520" lon="-122.113260"><ele>163.3</ele></trkpt><trkpt lat="37.756340" lon="-122.113270"><ele>162.7</ele></trkpt><trkpt lat="37.756279" lon="-122.113420"><ele>162.1</ele></trkpt><trkpt lat="37.756150" lon="-122.113640"><ele>161.2</ele></trkpt><trkpt lat="37.756060" lon="-122.113780"><ele>160.5</ele></trkpt><trkpt lat="37.755960" lon="-122.113840"><ele>159.8</ele></trkpt><trkpt lat="37.755890" lon="-122.113820"><ele>159.2</ele></trkpt><trkpt lat="37.755840" lon="-122.113760"><ele>158.6</ele></trkpt><trkpt lat="37.755690" lon="-122.113340"><ele>155.4</ele></trkpt><trkpt lat="37.755660" lon="-122.113170"><ele>154.2</ele></trkpt><trkpt lat="37.755700" lon="-122.113040"><ele>153.2</ele></trkpt><trkpt lat="37.755830" lon="-122.112820"><ele>151.2</ele></trkpt><trkpt lat="37.755850" lon="-122.112730"><ele>150.6</ele></trkpt><trkpt lat="37.755840" lon="-122.112640"><ele>150.1</ele></trkpt><trkpt lat="37.755809" lon="-122.112560"><ele>149.7</ele></trkpt><trkpt lat="37.755670" lon="-122.112290"><ele>148.0</ele></trkpt><trkpt lat="37.755629" lon="-122.112160"><ele>147.2</ele></trkpt><trkpt lat="37.755610" lon="-122.112030"><ele>147.0</ele></trkpt><trkpt lat="37.755620" lon="-122.111660"><ele>146.5</ele></trkpt><trkpt lat="37.755600" lon="-122.111530"><ele>146.4</ele></trkpt><trkpt lat="37.755490" lon="-122.111410"><ele>146.3</ele></trkpt><trkpt lat="37.755420" lon="-122.111400"><ele>146.3</ele></trkpt><trkpt lat="37.755350" lon="-122.111430"><ele>146.3</ele></trkpt><trkpt lat="37.755300" lon="-122.111490"><ele>146.3</ele></trkpt><trkpt lat="37.755180" lon="-122.111670"><ele>146.3</ele></trkpt><trkpt lat="37.755090" lon="-122.111870"><ele>148.0</ele></trkpt><trkpt lat="37.755000" lon="-122.112310"><ele>152.1</ele></trkpt><trkpt lat="37.754950" lon="-122.112440"><ele>153.5</ele></trkpt><trkpt lat="37.754790" lon="-122.112740"><ele>157.0</ele></trkpt><trkpt lat="37.754740" lon="-122.112800"><ele>157.8</ele></trkpt><trkpt lat="37.754630" lon="-122.112830"><ele>159.2</ele></trkpt><trkpt lat="37.754489" lon="-122.112800"><ele>161.0</ele></trkpt><trkpt lat="37.754330" lon="-122.112690"><ele>163.2</ele></trkpt><trkpt lat="37.754150" lon="-122.112480"><ele>166.3</ele></trkpt><trkpt lat="37.754070" lon="-122.112320"><ele>168.2</ele></trkpt><trkpt lat="37.754030" lon="-122.112200"><ele>169.4</ele></trkpt><trkpt lat="37.754030" lon="-122.111780"><ele>173.7</ele></trkpt><trkpt lat="37.754010" lon="-122.111420"><ele>177.7</ele></trkpt><trkpt lat="37.753970" lon="-122.111050"><ele>180.9</ele></trkpt><trkpt lat="37.753880" lon="-122.110470"><ele>184.2</ele></trkpt><trkpt lat="37.753880" lon="-122.110150"><ele>186.2</ele></trkpt><trkpt lat="37.753910" lon="-122.109970"><ele>187.4</ele></trkpt><trkpt lat="37.753980" lon="-122.109710"><ele>189.3</ele></trkpt><trkpt lat="37.753970" lon="-122.109610"><ele>190.0</ele></trkpt><trkpt lat="37.753940" lon="-122.109530"><ele>190.6</ele></trkpt><trkpt lat="37.753910" lon="-122.109500"><ele>191.0</ele></trkpt><trkpt lat="37.753839" lon="-122.109480"><ele>191.6</ele></trkpt><trkpt lat="37.753660" lon="-122.109510"><ele>193.2</ele></trkpt><trkpt lat="37.753450" lon="-122.109430"><ele>194.6</ele></trkpt><trkpt lat="37.753330" lon="-122.109320"><ele>195.6</ele></trkpt><trkpt lat="37.753240" lon="-122.109120"><ele>196.9</ele></trkpt><trkpt lat="37.753210" lon="-122.108980"><ele>197.8</ele></trkpt><trkpt lat="37.753210" lon="-122.108750"><ele>199.2</ele></trkpt><trkpt lat="37.753270" lon="-122.108290"><ele>202.2</ele></trkpt><trkpt lat="37.753260" lon="-122.108160"><ele>203.0</ele></trkpt><trkpt lat="37.753240" lon="-122.108120"><ele>203.3</ele></trkpt><trkpt lat="37.753180" lon="-122.108070"><ele>203.9</ele></trkpt><trkpt lat="37.753070" lon="-122.108050"><ele>204.7</ele></trkpt><trkpt lat="37.752970" lon="-122.107990"><ele>205.6</ele></trkpt><trkpt lat="37.752930" lon="-122.107920"><ele>206.1</ele></trkpt><trkpt lat="37.752890" lon="-122.107790"><ele>206.9</ele></trkpt><trkpt lat="37.752910" lon="-122.107610"><ele>207.9</ele></trkpt><trkpt lat="37.752989" lon="-122.107400"><ele>209.3</ele></trkpt><trkpt lat="37.753010" lon="-122.107310"><ele>209.9</ele></trkpt><trkpt lat="37.753000" lon="-122.107220"><ele>210.6</ele></trkpt><trkpt lat="37.752920" lon="-122.107070"><ele>211.9</ele></trkpt><trkpt lat="37.752890" lon="-122.106990"><ele>212.5</ele></trkpt><trkpt lat="37.752890" lon="-122.106900"><ele>213.2</ele></trkpt><trkpt lat="37.752970" lon="-122.106590"><ele>215.3</ele></trkpt><trkpt lat="37.752980" lon="-122.106450"><ele>216.2</ele></trkpt><trkpt lat="37.752880" lon="-122.105580"><ele>222.3</ele></trkpt><trkpt lat="37.752710" lon="-122.105070"><ele>226.4</ele></trkpt><trkpt lat="37.752640" lon="-122.104800"><ele>228.4</ele></trkpt><trkpt lat="37.752630" lon="-122.104610"><ele>229.6</ele></trkpt><trkpt lat="37.752630" lon="-122.104250"><ele>231.9</ele></trkpt><trkpt lat="37.752620" lon="-122.104160"><ele>232.5</ele></trkpt><trkpt lat="37.752580" lon="-122.104080"><ele>232.8</ele></trkpt><trkpt lat="37.752540" lon="-122.104080"><ele>232.9</ele></trkpt><trkpt lat="37.752510" lon="-122.104110"><ele>233.1</ele></trkpt><trkpt lat="37.752170" lon="-122.104770"><ele>235.7</ele></trkpt><trkpt lat="37.752130" lon="-122.105050"><ele>236.9</ele></trkpt><trkpt lat="37.752150" lon="-122.105410"><ele>237.8</ele></trkpt><trkpt lat="37.752110" lon="-122.105590"><ele>238.0</ele></trkpt><trkpt lat="37.752070" lon="-122.105670"><ele>238.1</ele></trkpt><trkpt lat="37.751990" lon="-122.105770"><ele>238.3</ele></trkpt><trkpt lat="37.751770" lon="-122.105940"><ele>238.2</ele></trkpt><trkpt lat="37.751710" lon="-122.105970"><ele>238.2</ele></trkpt><trkpt lat="37.751630" lon="-122.105970"><ele>238.1</ele></trkpt><trkpt lat="37.751500" lon="-122.105890"><ele>238.0</ele></trkpt><trkpt lat="37.751420" lon="-122.105800"><ele>238.1</ele></trkpt><trkpt lat="37.751270" lon="-122.105600"><ele>238.2</ele></trkpt><trkpt lat="37.751210" lon="-122.105560"><ele>238.3</ele></trkpt><trkpt lat="37.751170" lon="-122.105550"><ele>238.3</ele></trkpt><trkpt lat="37.750900" lon="-122.105670"><ele>238.8</ele></trkpt><trkpt lat="37.750749" lon="-122.105650"><ele>239.1</ele></trkpt><trkpt lat="37.750660" lon="-122.105580"><ele>239.3</ele></trkpt><trkpt lat="37.750490" lon="-122.105340"><ele>239.7</ele></trkpt><trkpt lat="37.750430" lon="-122.105290"><ele>239.7</ele></trkpt><trkpt lat="37.750360" lon="-122.105260"><ele>239.7</ele></trkpt><trkpt lat="37.750250" lon="-122.105260"><ele>239.8</ele></trkpt><trkpt lat="37.750070" lon="-122.105300"><ele>239.8</ele></trkpt><trkpt lat="37.749480" lon="-122.105300"><ele>238.0</ele></trkpt><trkpt lat="37.749260" lon="-122.105340"><ele>237.3</ele></trkpt><trkpt lat="37.749070" lon="-122.105340"><ele>236.6</ele></trkpt><trkpt lat="37.748740" lon="-122.105260"><ele>234.7</ele></trkpt><trkpt lat="37.748390" lon="-122.105120"><ele>232.5</ele></trkpt><trkpt lat="37.748250" lon="-122.105080"><ele>231.7</ele></trkpt><trkpt lat="37.748109" lon="-122.105010"><ele>230.8</ele></trkpt><trkpt lat="37.748060" lon="-122.104840"><ele>230.0</ele></trkpt><trkpt lat="37.748070" lon="-122.104750"><ele>229.6</ele></trkpt><trkpt lat="37.748220" lon="-122.104430"><ele>227.9</ele></trkpt><trkpt lat="37.748290" lon="-122.104330"><ele>227.3</ele></trkpt><trkpt lat="37.748380" lon="-122.104250"><ele>226.9</ele></trkpt><trkpt lat="37.748650" lon="-122.104100"><ele>226.1</ele></trkpt><trkpt lat="37.748740" lon="-122.104010"><ele>225.8</ele></trkpt><trkpt lat="37.748770" lon="-122.103930"><ele>225.6</ele></trkpt><trkpt lat="37.748820" lon="-122.103660"><ele>225.7</ele></trkpt><trkpt lat="37.748850" lon="-122.103580"><ele>225.7</ele></trkpt><trkpt lat="37.748970" lon="-122.103350"><ele>225.8</ele></trkpt><trkpt lat="37.749180" lon="-122.103090"><ele>227.0</ele></trkpt><trkpt lat="37.749200" lon="-122.103000"><ele>227.4</ele></trkpt><trkpt lat="37.749190" lon="-122.102960"><ele>227.5</ele></trkpt><trkpt lat="37.749160" lon="-122.102940"><ele>227.7</ele></trkpt><trkpt lat="37.749049" lon="-122.102940"><ele>228.2</ele></trkpt><trkpt lat="37.748820" lon="-122.103070"><ele>229.6</ele></trkpt><trkpt lat="37.748440" lon="-122.103240"><ele>231.6</ele></trkpt><trkpt lat="37.748050" lon="-122.103390"><ele>233.0</ele></trkpt><trkpt lat="37.747950" lon="-122.103400"><ele>233.3</ele></trkpt><trkpt lat="37.747910" lon="-122.103390"><ele>233.5</ele></trkpt><trkpt lat="37.747810" lon="-122.103330"><ele>233.8</ele></trkpt><trkpt lat="37.747700" lon="-122.103150"><ele>234.4</ele></trkpt><trkpt lat="37.747610" lon="-122.103060"><ele>234.8</ele></trkpt><trkpt lat="37.747420" lon="-122.102930"><ele>235.7</ele></trkpt><trkpt lat="37.747169" lon="-122.102840"><ele>236.7</ele></trkpt><trkpt lat="37.746989" lon="-122.102840"><ele>237.1</ele></trkpt><trkpt lat="37.746880" lon="-122.102870"><ele>236.9</ele></trkpt><trkpt lat="37.746750" lon="-122.102950"><ele>236.8</ele></trkpt><trkpt lat="37.746700" lon="-122.103010"><ele>236.7</ele></trkpt><trkpt lat="37.746670" lon="-122.103090"><ele>236.6</ele></trkpt><trkpt lat="37.746660" lon="-122.103230"><ele>236.4</ele></trkpt><trkpt lat="37.746720" lon="-122.103550"><ele>234.6</ele></trkpt><trkpt lat="37.746700" lon="-122.103640"><ele>234.1</ele></trkpt><trkpt lat="37.746660" lon="-122.103710"><ele>233.6</ele></trkpt><trkpt lat="37.746560" lon="-122.103760"><ele>232.9</ele></trkpt><trkpt lat="37.746410" lon="-122.103760"><ele>231.9</ele></trkpt><trkpt lat="37.746339" lon="-122.103740"><ele>231.4</ele></trkpt><trkpt lat="37.746210" lon="-122.103660"><ele>230.4</ele></trkpt><trkpt lat="37.746070" lon="-122.103510"><ele>229.2</ele></trkpt><trkpt lat="37.745950" lon="-122.103410"><ele>228.5</ele></trkpt><trkpt lat="37.745850" lon="-122.103360"><ele>228.0</ele></trkpt><trkpt lat="37.745740" lon="-122.103360"><ele>227.5</ele></trkpt><trkpt lat="37.745640" lon="-122.103420"><ele>227.0</ele></trkpt><trkpt lat="37.745600" lon="-122.103490"><ele>226.7</ele></trkpt><trkpt lat="37.745460" lon="-122.104060"><ele>223.6</ele></trkpt><trkpt lat="37.745260" lon="-122.104430"><ele>221.0</ele></trkpt><trkpt lat="37.745260" lon="-122.104440"><ele>220.9</ele></trkpt><trkpt lat="37.745160" lon="-122.104590"><ele>219.8</ele></trkpt><trkpt lat="37.745000" lon="-122.104770"><ele>218.6</ele></trkpt><trkpt lat="37.744780" lon="-122.104930"><ele>217.6</ele></trkpt><trkpt lat="37.744510" lon="-122.105180"><ele>216.8</ele></trkpt><trkpt lat="37.744340" lon="-122.105260"><ele>216.6</ele></trkpt><trkpt lat="37.744200" lon="-122.105240"><ele>216.5</ele></trkpt><trkpt lat="37.744140" lon="-122.105200"><ele>216.4</ele></trkpt><trkpt lat="37.744090" lon="-122.105130"><ele>216.2</ele></trkpt><trkpt lat="37.744040" lon="-122.104960"><ele>215.9</ele></trkpt><trkpt lat="37.744020" lon="-122.104640"><ele>215.3</ele></trkpt><trkpt lat="37.743980" lon="-122.104460"><ele>215.0</ele></trkpt><trkpt lat="37.743890" lon="-122.104320"><ele>214.8</ele></trkpt><trkpt lat="37.743740" lon="-122.104190"><ele>214.5</ele></trkpt><trkpt lat="37.743660" lon="-122.104100"><ele>214.3</ele></trkpt><trkpt lat="37.743609" lon="-122.103980"><ele>214.5</ele></trkpt><trkpt lat="37.743540" lon="-122.103710"><ele>214.8</ele></trkpt><trkpt lat="37.743500" lon="-122.103630"><ele>215.0</ele></trkpt><trkpt lat="37.743470" lon="-122.103610"><ele>215.0</ele></trkpt><trkpt lat="37.743410" lon="-122.103570"><ele>215.1</ele></trkpt><trkpt lat="37.743330" lon="-122.103570"><ele>215.3</ele></trkpt><trkpt lat="37.743130" lon="-122.103650"><ele>215.8</ele></trkpt><trkpt lat="37.743030" lon="-122.103700"><ele>216.0</ele></trkpt><trkpt lat="37.742860" lon="-122.103880"><ele>216.4</ele></trkpt><trkpt lat="37.742690" lon="-122.103940"><ele>216.5</ele></trkpt><trkpt lat="37.742510" lon="-122.103920"><ele>216.6</ele></trkpt><trkpt lat="37.742450" lon="-122.103880"><ele>216.7</ele></trkpt><trkpt lat="37.742400" lon="-122.103810"><ele>216.7</ele></trkpt><trkpt lat="37.742380" lon="-122.103670"><ele>216.8</ele></trkpt><trkpt lat="37.742380" lon="-122.103310"><ele>216.9</ele></trkpt><trkpt lat="37.742340" lon="-122.103080"><ele>217.0</ele></trkpt><trkpt lat="37.742260" lon="-122.102930"><ele>216.9</ele></trkpt><trkpt lat="37.742080" lon="-122.102700"><ele>216.8</ele></trkpt><trkpt lat="37.742019" lon="-122.102530"><ele>216.6</ele></trkpt><trkpt lat="37.742010" lon="-122.102400"><ele>216.4</ele></trkpt><trkpt lat="37.742030" lon="-122.102080"><ele>215.8</ele></trkpt><trkpt lat="37.742000" lon="-122.101850"><ele>215.2</ele></trkpt><trkpt lat="37.741880" lon="-122.101680"><ele>214.3</ele></trkpt><trkpt lat="37.741740" lon="-122.101660"><ele>213.6</ele></trkpt><trkpt lat="37.741450" lon="-122.101650"><ele>211.7</ele></trkpt><trkpt lat="37.741410" lon="-122.101630"><ele>211.4</ele></trkpt><trkpt lat="37.741220" lon="-122.102040"><ele>208.1</ele></trkpt><trkpt lat="37.741110" lon="-122.102160"><ele>206.6</ele></trkpt><trkpt lat="37.740910" lon="-122.102480"><ele>203.2</ele></trkpt><trkpt lat="37.740850" lon="-122.102790"><ele>200.2</ele></trkpt><trkpt lat="37.740770" lon="-122.103390"><ele>194.5</ele></trkpt><trkpt lat="37.740789" lon="-122.103980"><ele>189.6</ele></trkpt><trkpt lat="37.740780" lon="-122.104210"><ele>187.5</ele></trkpt><trkpt lat="37.740670" lon="-122.104930"><ele>181.7</ele></trkpt><trkpt lat="37.740660" lon="-122.105760"><ele>176.5</ele></trkpt><trkpt lat="37.740540" lon="-122.106480"><ele>172.1</ele></trkpt><trkpt lat="37.740490" lon="-122.106940"><ele>169.2</ele></trkpt><trkpt lat="37.740450" lon="-122.107060"><ele>168.4</ele></trkpt><trkpt lat="37.740380" lon="-122.107160"><ele>167.6</ele></trkpt><trkpt lat="37.740210" lon="-122.107340"><ele>166.5</ele></trkpt><trkpt lat="37.739940" lon="-122.107580"><ele>165.1</ele></trkpt><trkpt lat="37.739900" lon="-122.107650"><ele>164.9</ele></trkpt><trkpt lat="37.739860" lon="-122.107840"><ele>164.3</ele></trkpt><trkpt lat="37.739800" lon="-122.108010"><ele>163.7</ele></trkpt><trkpt lat="37.739770" lon="-122.108420"><ele>162.4</ele></trkpt><trkpt lat="37.739700" lon="-122.108630"><ele>161.8</ele></trkpt><trkpt lat="37.739710" lon="-122.108770"><ele>161.5</ele></trkpt><trkpt lat="37.739620" lon="-122.109450"><ele>158.7</ele></trkpt><trkpt lat="37.739560" lon="-122.109720"><ele>157.4</ele></trkpt><trkpt lat="37.739410" lon="-122.110190"><ele>154.9</ele></trkpt><trkpt lat="37.739150" lon="-122.110750"><ele>149.9</ele></trkpt><trkpt lat="37.739060" lon="-122.110900"><ele>148.7</ele></trkpt><trkpt lat="37.738890" lon="-122.111030"><ele>147.6</ele></trkpt><trkpt lat="37.738900" lon="-122.111030"><ele>147.5</ele></trkpt><trkpt lat="37.738487" lon="-122.111636"><ele>142.8</ele></trkpt><trkpt lat="37.738739" lon="-122.110241"><ele>138.7</ele></trkpt><trkpt lat="37.739004" lon="-122.109168"><ele>140.1</ele></trkpt><trkpt lat="37.739085" lon="-122.107344"><ele>138.6</ele></trkpt><trkpt lat="37.738793" lon="-122.106465"><ele>135.7</ele></trkpt><trkpt lat="37.738400" lon="-122.107816"><ele>138.7</ele></trkpt><trkpt lat="37.738500" lon="-122.107840"><ele>139.2</ele></trkpt><trkpt lat="37.738490" lon="-122.108010"><ele>140.0</ele></trkpt><trkpt lat="37.738460" lon="-122.108150"><ele>141.0</ele></trkpt><trkpt lat="37.738400" lon="-122.108200"><ele>141.5</ele></trkpt><trkpt lat="37.738330" lon="-122.108220"><ele>142.1</ele></trkpt><trkpt lat="37.738259" lon="-122.108200"><ele>142.7</ele></trkpt><trkpt lat="37.738060" lon="-122.108090"><ele>144.4</ele></trkpt><trkpt lat="37.737990" lon="-122.108080"><ele>145.1</ele></trkpt><trkpt lat="37.737920" lon="-122.108120"><ele>145.9</ele></trkpt><trkpt lat="37.737890" lon="-122.108200"><ele>146.5</ele></trkpt><trkpt lat="37.737890" lon="-122.108290"><ele>147.2</ele></trkpt><trkpt lat="37.737920" lon="-122.108710"><ele>150.9</ele></trkpt><trkpt lat="37.737900" lon="-122.108890"><ele>152.9</ele></trkpt><trkpt lat="37.737850" lon="-122.109010"><ele>154.4</ele></trkpt><trkpt lat="37.737609" lon="-122.109470"><ele>158.4</ele></trkpt><trkpt lat="37.737500" lon="-122.109590"><ele>159.2</ele></trkpt><trkpt lat="37.737360" lon="-122.109640"><ele>160.1</ele></trkpt><trkpt lat="37.737200" lon="-122.109620"><ele>161.4</ele></trkpt><trkpt lat="37.737200" lon="-122.109610"><ele>161.5</ele></trkpt><trkpt lat="37.737040" lon="-122.109570"><ele>162.9</ele></trkpt><trkpt lat="37.736870" lon="-122.109640"><ele>164.4</ele></trkpt><trkpt lat="37.736770" lon="-122.109710"><ele>165.6</ele></trkpt><trkpt lat="37.736690" lon="-122.109800"><ele>166.8</ele></trkpt><trkpt lat="37.736550" lon="-122.110070"><ele>169.7</ele></trkpt><trkpt lat="37.736530" lon="-122.110100"><ele>170.1</ele></trkpt><trkpt lat="37.736420" lon="-122.110130"><ele>171.3</ele></trkpt><trkpt lat="37.736340" lon="-122.110040"><ele>172.5</ele></trkpt><trkpt lat="37.736320" lon="-122.110000"><ele>172.9</ele></trkpt><trkpt lat="37.736360" lon="-122.109830"><ele>174.5</ele></trkpt><trkpt lat="37.736849" lon="-122.108930"><ele>181.7</ele></trkpt><trkpt lat="37.737090" lon="-122.108580"><ele>185.4</ele></trkpt><trkpt lat="37.736800" lon="-122.108110"><ele>189.7</ele></trkpt><trkpt lat="37.736690" lon="-122.107610"><ele>191.6</ele></trkpt><trkpt lat="37.736690" lon="-122.107370"><ele>192.2</ele></trkpt><trkpt lat="37.736740" lon="-122.106930"><ele>192.2</ele></trkpt><trkpt lat="37.736990" lon="-122.106580"><ele>191.7</ele></trkpt><trkpt lat="37.737040" lon="-122.106570"><ele>191.5</ele></trkpt><trkpt lat="37.737100" lon="-122.106440"><ele>191.2</ele></trkpt><trkpt lat="37.736970" lon="-122.106270"><ele>190.7</ele></trkpt><trkpt lat="37.736940" lon="-122.105710"><ele>187.9</ele></trkpt><trkpt lat="37.736970" lon="-122.104830"><ele>182.6</ele></trkpt><trkpt lat="37.736849" lon="-122.104740"><ele>182.0</ele></trkpt><trkpt lat="37.736820" lon="-122.104650"><ele>181.7</ele></trkpt><trkpt lat="37.736710" lon="-122.103920"><ele>180.4</ele></trkpt><trkpt lat="37.736710" lon="-122.103780"><ele>180.4</ele></trkpt><trkpt lat="37.736740" lon="-122.103650"><ele>180.4</ele></trkpt><trkpt lat="37.736800" lon="-122.103530"><ele>180.7</ele></trkpt><trkpt lat="37.736920" lon="-122.103420"><ele>181.2</ele></trkpt><trkpt lat="37.737020" lon="-122.103370"><ele>181.7</ele></trkpt><trkpt lat="37.737270" lon="-122.103290"><ele>182.8</ele></trkpt><trkpt lat="37.737360" lon="-122.103220"><ele>183.4</ele></trkpt><trkpt lat="37.737409" lon="-122.103100"><ele>184.1</ele></trkpt><trkpt lat="37.737490" lon="-122.102790"><ele>185.7</ele></trkpt><trkpt lat="37.737650" lon="-122.102420"><ele>187.4</ele></trkpt><trkpt lat="37.737780" lon="-122.102190"><ele>188.6</ele></trkpt><trkpt lat="37.737950" lon="-122.102010"><ele>189.1</ele></trkpt><trkpt lat="37.738160" lon="-122.101830"><ele>189.7</ele></trkpt><trkpt lat="37.738240" lon="-122.101680"><ele>189.8</ele></trkpt><trkpt lat="37.738230" lon="-122.101500"><ele>189.4</ele></trkpt><trkpt lat="37.738120" lon="-122.101260"><ele>189.0</ele></trkpt><trkpt lat="37.737990" lon="-122.101040"><ele>188.6</ele></trkpt><trkpt lat="37.737910" lon="-122.100950"><ele>188.4</ele></trkpt><trkpt lat="37.737840" lon="-122.100920"><ele>188.4</ele></trkpt><trkpt lat="37.737630" lon="-122.100860"><ele>188.1</ele></trkpt><trkpt lat="37.737530" lon="-122.100800"><ele>188.1</ele></trkpt><trkpt lat="37.737460" lon="-122.100700"><ele>188.2</ele></trkpt><trkpt lat="37.737300" lon="-122.100340"><ele>188.3</ele></trkpt><trkpt lat="37.737200" lon="-122.099990"><ele>188.9</ele></trkpt><trkpt lat="37.737160" lon="-122.099490"><ele>190.0</ele></trkpt><trkpt lat="37.737139" lon="-122.099400"><ele>190.3</ele></trkpt><trkpt lat="37.736970" lon="-122.099160"><ele>191.3</ele></trkpt><trkpt lat="37.736890" lon="-122.098960"><ele>192.2</ele></trkpt><trkpt lat="37.736740" lon="-122.098490"><ele>194.7</ele></trkpt><trkpt lat="37.736669" lon="-122.098230"><ele>195.6</ele></trkpt><trkpt lat="37.736630" lon="-122.097820"><ele>196.7</ele></trkpt><trkpt lat="37.736500" lon="-122.097600"><ele>197.3</ele></trkpt><trkpt lat="37.736440" lon="-122.097430"><ele>197.7</ele></trkpt><trkpt lat="37.736440" lon="-122.097240"><ele>198.2</ele></trkpt><trkpt lat="37.736450" lon="-122.096920"><ele>199.0</ele></trkpt><trkpt lat="37.736410" lon="-122.096800"><ele>199.3</ele></trkpt><trkpt lat="37.736260" lon="-122.096680"><ele>199.9</ele></trkpt><trkpt lat="37.735930" lon="-122.096690"><ele>201.0</ele></trkpt><trkpt lat="37.735550" lon="-122.096550"><ele>202.5</ele></trkpt><trkpt lat="37.735300" lon="-122.096360"><ele>204.0</ele></trkpt><trkpt lat="37.735220" lon="-122.096270"><ele>204.5</ele></trkpt><trkpt lat="37.735130" lon="-122.096120"><ele>205.4</ele></trkpt><trkpt lat="37.735050" lon="-122.096150"><ele>205.9</ele></trkpt><trkpt lat="37.734940" lon="-122.096230"><ele>206.7</ele></trkpt><trkpt lat="37.734870" lon="-122.096380"><ele>207.6</ele></trkpt><trkpt lat="37.734860" lon="-122.096540"><ele>208.2</ele></trkpt><trkpt lat="37.734920" lon="-122.096690"><ele>208.5</ele></trkpt><trkpt lat="37.735140" lon="-122.097030"><ele>209.0</ele></trkpt><trkpt lat="37.735310" lon="-122.097660"><ele>209.4</ele></trkpt><trkpt lat="37.735490" lon="-122.098290"><ele>208.6</ele></trkpt><trkpt lat="37.735590" lon="-122.098710"><ele>207.3</ele></trkpt><trkpt lat="37.735560" lon="-122.099090"><ele>206.0</ele></trkpt><trkpt lat="37.735380" lon="-122.099840"><ele>202.4</ele></trkpt><trkpt lat="37.735360" lon="-122.099980"><ele>202.1</ele></trkpt><trkpt lat="37.735349" lon="-122.100370"><ele>201.5</ele></trkpt><trkpt lat="37.735370" lon="-122.100790"><ele>201.9</ele></trkpt><trkpt lat="37.735349" lon="-122.100920"><ele>202.0</ele></trkpt><trkpt lat="37.735169" lon="-122.101080"><ele>202.5</ele></trkpt><trkpt lat="37.734770" lon="-122.101300"><ele>204.0</ele></trkpt><trkpt lat="37.734770" lon="-122.101300"><ele>204.0</ele></trkpt><trkpt lat="37.734510" lon="-122.101480"><ele>204.8</ele></trkpt><trkpt lat="37.733810" lon="-122.102080"><ele>208.9</ele></trkpt><trkpt lat="37.733680" lon="-122.102220"><ele>209.2</ele></trkpt><trkpt lat="37.733530" lon="-122.102310"><ele>209.5</ele></trkpt><trkpt lat="37.733610" lon="-122.101980"><ele>209.1</ele></trkpt><trkpt lat="37.733660" lon="-122.101890"><ele>208.7</ele></trkpt><trkpt lat="37.733790" lon="-122.101770"><ele>208.1</ele></trkpt><trkpt lat="37.734160" lon="-122.101530"><ele>205.7</ele></trkpt><trkpt lat="37.734690" lon="-122.101300"><ele>202.4</ele></trkpt><trkpt lat="37.734850" lon="-122.101250"><ele>201.6</ele></trkpt><trkpt lat="37.735169" lon="-122.101080"><ele>198.9</ele></trkpt><trkpt lat="37.735259" lon="-122.101010"><ele>198.0</ele></trkpt><trkpt lat="37.735330" lon="-122.101100"><ele>197.1</ele></trkpt><trkpt lat="37.735420" lon="-122.101140"><ele>196.3</ele></trkpt><trkpt lat="37.735500" lon="-122.101260"><ele>195.2</ele></trkpt><trkpt lat="37.735450" lon="-122.101480"><ele>193.6</ele></trkpt><trkpt lat="37.735310" lon="-122.101820"><ele>191.4</ele></trkpt><trkpt lat="37.735100" lon="-122.102180"><ele>190.0</ele></trkpt><trkpt lat="37.735110" lon="-122.102680"><ele>189.6</ele></trkpt><trkpt lat="37.735150" lon="-122.102900"><ele>189.6</ele></trkpt><trkpt lat="37.735120" lon="-122.103060"><ele>189.6</ele></trkpt><trkpt lat="37.734890" lon="-122.103170"><ele>189.6</ele></trkpt><trkpt lat="37.734660" lon="-122.103170"><ele>189.6</ele></trkpt><trkpt lat="37.734430" lon="-122.103130"><ele>190.5</ele></trkpt><trkpt lat="37.734330" lon="-122.103220"><ele>191.0</ele></trkpt><trkpt lat="37.734310" lon="-122.103440"><ele>191.7</ele></trkpt><trkpt lat="37.734400" lon="-122.103570"><ele>192.2</ele></trkpt><trkpt lat="37.734680" lon="-122.103780"><ele>193.5</ele></trkpt><trkpt lat="37.734920" lon="-122.104040"><ele>193.9</ele></trkpt><trkpt lat="37.735000" lon="-122.104290"><ele>193.9</ele></trkpt><trkpt lat="37.735000" lon="-122.104290"><ele>193.9</ele></trkpt><trkpt lat="37.735020" lon="-122.104370"><ele>193.9</ele></trkpt><trkpt lat="37.735010" lon="-122.104790"><ele>194.9</ele></trkpt><trkpt lat="37.734969" lon="-122.105290"><ele>196.1</ele></trkpt><trkpt lat="37.734930" lon="-122.105500"><ele>196.6</ele></trkpt><trkpt lat="37.734760" lon="-122.105640"><ele>197.2</ele></trkpt><trkpt lat="37.734640" lon="-122.105680"><ele>196.9</ele></trkpt><trkpt lat="37.734480" lon="-122.105630"><ele>196.6</ele></trkpt><trkpt lat="37.734290" lon="-122.105300"><ele>195.9</ele></trkpt><trkpt lat="37.734229" lon="-122.105240"><ele>195.9</ele></trkpt><trkpt lat="37.734160" lon="-122.105410"><ele>195.8</ele></trkpt><trkpt lat="37.734200" lon="-122.106160"><ele>193.9</ele></trkpt><trkpt lat="37.734150" lon="-122.106870"><ele>188.1</ele></trkpt><trkpt lat="37.734190" lon="-122.107360"><ele>182.6</ele></trkpt><trkpt lat="37.734139" lon="-122.108030"><ele>175.0</ele></trkpt><trkpt lat="37.734180" lon="-122.108580"><ele>169.4</ele></trkpt><trkpt lat="37.734170" lon="-122.108970"><ele>165.7</ele></trkpt><trkpt lat="37.734139" lon="-122.109180"><ele>164.0</ele></trkpt><trkpt lat="37.734030" lon="-122.109290"><ele>163.2</ele></trkpt><trkpt lat="37.733880" lon="-122.109250"><ele>162.3</ele></trkpt><trkpt lat="37.733770" lon="-122.108990"><ele>161.1</ele></trkpt><trkpt lat="37.733720" lon="-122.108540"><ele>159.9</ele></trkpt><trkpt lat="37.733640" lon="-122.108380"><ele>159.4</ele></trkpt><trkpt lat="37.733379" lon="-122.108230"><ele>159.2</ele></trkpt><trkpt lat="37.733130" lon="-122.107670"><ele>160.3</ele></trkpt><trkpt lat="37.732890" lon="-122.107370"><ele>161.8</ele></trkpt><trkpt lat="37.732570" lon="-122.107090"><ele>163.6</ele></trkpt><trkpt lat="37.732300" lon="-122.107070"><ele>165.2</ele></trkpt><trkpt lat="37.732010" lon="-122.106940"><ele>167.2</ele></trkpt><trkpt lat="37.731730" lon="-122.106660"><ele>169.3</ele></trkpt><trkpt lat="37.731660" lon="-122.106300"><ele>171.0</ele></trkpt><trkpt lat="37.731620" lon="-122.105750"><ele>173.5</ele></trkpt><trkpt lat="37.731610" lon="-122.105270"><ele>174.7</ele></trkpt><trkpt lat="37.731560" lon="-122.105110"><ele>175.1</ele></trkpt><trkpt lat="37.731460" lon="-122.104940"><ele>175.4</ele></trkpt><trkpt lat="37.731250" lon="-122.104920"><ele>175.6</ele></trkpt><trkpt lat="37.731090" lon="-122.105040"><ele>175.8</ele></trkpt><trkpt lat="37.730920" lon="-122.105290"><ele>175.6</ele></trkpt><trkpt lat="37.729990" lon="-122.106360"><ele>175.2</ele></trkpt><trkpt lat="37.729890" lon="-122.106460"><ele>175.2</ele></trkpt><trkpt lat="37.729630" lon="-122.106710"><ele>174.6</ele></trkpt><trkpt lat="37.729250" lon="-122.106970"><ele>172.5</ele></trkpt><trkpt lat="37.728890" lon="-122.107110"><ele>169.2</ele></trkpt><trkpt lat="37.728740" lon="-122.107290"><ele>167.2</ele></trkpt><trkpt lat="37.728680" lon="-122.107430"><ele>166.0</ele></trkpt><trkpt lat="37.728670" lon="-122.107600"><ele>164.7</ele></trkpt><trkpt lat="37.728700" lon="-122.107850"><ele>162.3</ele></trkpt><trkpt lat="37.728660" lon="-122.108030"><ele>160.4</ele></trkpt><trkpt lat="37.728600" lon="-122.108130"><ele>159.1</ele></trkpt><trkpt lat="37.728409" lon="-122.108340"><ele>156.4</ele></trkpt><trkpt lat="37.728110" lon="-122.108800"><ele>152.3</ele></trkpt><trkpt lat="37.728010" lon="-122.108930"><ele>150.8</ele></trkpt><trkpt lat="37.727830" lon="-122.109090"><ele>148.6</ele></trkpt><trkpt lat="37.727700" lon="-122.109170"><ele>147.2</ele></trkpt><trkpt lat="37.727590" lon="-122.109160"><ele>147.2</ele></trkpt></trkseg></trk>
</gpx>