<?xml version="1.0" encoding="UTF-8"?>
<gpx version="1.1" creator="north-bay-planning" xmlns="http://www.topografix.com/GPX/1/1">
<metadata><name>Sun alt 1 ridge and coast</name><desc>Sun alt 1 ridge and coast</desc></metadata>
<wpt lat="37.824620" lon="-122.526580"><name>Night 1 Bicentennial site 02</name><desc>Booked.</desc></wpt>
<wpt lat="37.903820" lon="-122.603640"><name>Night 2 Pantoll hike-and-bike</name><desc>Walk-up.</desc></wpt>
<wpt lat="38.018280" lon="-122.733140"><name>Night 3 Samuel P. Taylor hike-and-bike</name><desc>Walk-up.</desc></wpt>
<wpt lat="37.860800" lon="-122.545820"><name>Night 4 Haypress</name><desc>Reserve on recreation.gov.</desc></wpt>
<trk><name>Sun alt 1 ridge and coast</name><trkseg><trkpt lat="38.018130" lon="-122.733368"><ele>41.8</ele></trkpt><trkpt lat="38.018269" lon="-122.733515"><ele>44.6</ele></trkpt><trkpt lat="38.018423" lon="-122.733638"><ele>47.5</ele></trkpt><trkpt lat="38.018432" lon="-122.733570"><ele>48.4</ele></trkpt><trkpt lat="38.018435" lon="-122.733513"><ele>49.1</ele></trkpt><trkpt lat="38.018466" lon="-122.733414"><ele>50.5</ele></trkpt><trkpt lat="38.018573" lon="-122.733183"><ele>53.9</ele></trkpt><trkpt lat="38.018768" lon="-122.732819"><ele>59.4</ele></trkpt><trkpt lat="38.018836" lon="-122.732682"><ele>61.4</ele></trkpt><trkpt lat="38.018860" lon="-122.732629"><ele>62.2</ele></trkpt><trkpt lat="38.018867" lon="-122.732585"><ele>62.7</ele></trkpt><trkpt lat="38.018867" lon="-122.732546"><ele>63.2</ele></trkpt><trkpt lat="38.018851" lon="-122.732315"><ele>66.1</ele></trkpt><trkpt lat="38.018761" lon="-122.732315"><ele>67.5</ele></trkpt><trkpt lat="38.018533" lon="-122.732317"><ele>71.0</ele></trkpt><trkpt lat="38.018469" lon="-122.732287"><ele>72.1</ele></trkpt><trkpt lat="38.018413" lon="-122.732218"><ele>73.3</ele></trkpt><trkpt lat="38.018375" lon="-122.732120"><ele>74.6</ele></trkpt><trkpt lat="38.018349" lon="-122.731955"><ele>75.7</ele></trkpt><trkpt lat="38.018330" lon="-122.731761"><ele>75.3</ele></trkpt><trkpt lat="38.018362" lon="-122.731541"><ele>74.8</ele></trkpt><trkpt lat="38.018433" lon="-122.731252"><ele>74.1</ele></trkpt><trkpt lat="38.018632" lon="-122.730724"><ele>72.1</ele></trkpt><trkpt lat="38.018678" lon="-122.730660"><ele>71.8</ele></trkpt><trkpt lat="38.018752" lon="-122.730588"><ele>71.4</ele></trkpt><trkpt lat="38.019097" lon="-122.730351"><ele>69.5</ele></trkpt><trkpt lat="38.019127" lon="-122.730312"><ele>69.3</ele></trkpt><trkpt lat="38.019152" lon="-122.730233"><ele>69.0</ele></trkpt><trkpt lat="38.019185" lon="-122.730105"><ele>68.5</ele></trkpt><trkpt lat="38.019222" lon="-122.730021"><ele>68.2</ele></trkpt><trkpt lat="38.019274" lon="-122.729924"><ele>67.7</ele></trkpt><trkpt lat="38.019312" lon="-122.729783"><ele>67.2</ele></trkpt><trkpt lat="38.019352" lon="-122.729701"><ele>67.8</ele></trkpt><trkpt lat="38.019402" lon="-122.729619"><ele>69.0</ele></trkpt><trkpt lat="38.019429" lon="-122.729602"><ele>69.4</ele></trkpt><trkpt lat="38.019463" lon="-122.729587"><ele>69.9</ele></trkpt><trkpt lat="38.019511" lon="-122.729575"><ele>70.6</ele></trkpt><trkpt lat="38.019560" lon="-122.729574"><ele>71.3</ele></trkpt><trkpt lat="38.019657" lon="-122.729577"><ele>72.7</ele></trkpt><trkpt lat="38.019698" lon="-122.729604"><ele>73.4</ele></trkpt><trkpt lat="38.019819" lon="-122.729359"><ele>76.6</ele></trkpt><trkpt lat="38.019871" lon="-122.729268"><ele>77.9</ele></trkpt><trkpt lat="38.019986" lon="-122.729042"><ele>81.0</ele></trkpt><trkpt lat="38.020108" lon="-122.728782"><ele>84.5</ele></trkpt><trkpt lat="38.020165" lon="-122.728579"><ele>87.1</ele></trkpt><trkpt lat="38.020192" lon="-122.728319"><ele>89.4</ele></trkpt><trkpt lat="38.020194" lon="-122.728070"><ele>91.2</ele></trkpt><trkpt lat="38.020204" lon="-122.727534"><ele>94.3</ele></trkpt><trkpt lat="38.020186" lon="-122.727168"><ele>91.4</ele></trkpt><trkpt lat="38.020126" lon="-122.726862"><ele>88.9</ele></trkpt><trkpt lat="38.020021" lon="-122.726535"><ele>86.4</ele></trkpt><trkpt lat="38.019873" lon="-122.726037"><ele>83.0</ele></trkpt><trkpt lat="38.019734" lon="-122.725613"><ele>80.8</ele></trkpt><trkpt lat="38.019672" lon="-122.725354"><ele>79.8</ele></trkpt><trkpt lat="38.019609" lon="-122.725156"><ele>79.0</ele></trkpt><trkpt lat="38.019488" lon="-122.724849"><ele>78.8</ele></trkpt><trkpt lat="38.019391" lon="-122.724641"><ele>79.6</ele></trkpt><trkpt lat="38.019294" lon="-122.724486"><ele>80.2</ele></trkpt><trkpt lat="38.019197" lon="-122.724376"><ele>80.7</ele></trkpt><trkpt lat="38.019083" lon="-122.724270"><ele>80.5</ele></trkpt><trkpt lat="38.019010" lon="-122.724215"><ele>79.0</ele></trkpt><trkpt lat="38.018925" lon="-122.724186"><ele>77.5</ele></trkpt><trkpt lat="38.018776" lon="-122.724137"><ele>74.8</ele></trkpt><trkpt lat="38.018634" lon="-122.724109"><ele>72.2</ele></trkpt><trkpt lat="38.018459" lon="-122.724089"><ele>69.1</ele></trkpt><trkpt lat="38.018286" lon="-122.724095"><ele>66.7</ele></trkpt><trkpt lat="38.018211" lon="-122.724104"><ele>65.8</ele></trkpt><trkpt lat="38.018119" lon="-122.724143"><ele>64.6</ele></trkpt><trkpt lat="38.018021" lon="-122.724210"><ele>63.2</ele></trkpt><trkpt lat="38.017912" lon="-122.724273"><ele>61.6</ele></trkpt><trkpt lat="38.017829" lon="-122.724322"><ele>60.5</ele></trkpt><trkpt lat="38.017759" lon="-122.724344"><ele>59.6</ele></trkpt><trkpt lat="38.017675" lon="-122.724360"><ele>58.3</ele></trkpt><trkpt lat="38.017586" lon="-122.724355"><ele>56.7</ele></trkpt><trkpt lat="38.017505" lon="-122.724332"><ele>55.3</ele></trkpt><trkpt lat="38.017412" lon="-122.724289"><ele>53.5</ele></trkpt><trkpt lat="38.017310" lon="-122.724214"><ele>51.5</ele></trkpt><trkpt lat="38.016947" lon="-122.723855"><ele>49.8</ele></trkpt><trkpt lat="38.016562" lon="-122.723543"><ele>57.7</ele></trkpt><trkpt lat="38.016419" lon="-122.723444"><ele>60.2</ele></trkpt><trkpt lat="38.016174" lon="-122.723300"><ele>63.8</ele></trkpt><trkpt lat="38.016093" lon="-122.723218"><ele>65.2</ele></trkpt><trkpt lat="38.016060" lon="-122.723151"><ele>66.0</ele></trkpt><trkpt lat="38.016034" lon="-122.723067"><ele>67.0</ele></trkpt><trkpt lat="38.016017" lon="-122.722954"><ele>68.2</ele></trkpt><trkpt lat="38.016016" lon="-122.722866"><ele>69.3</ele></trkpt><trkpt lat="38.016013" lon="-122.722778"><ele>70.7</ele></trkpt><trkpt lat="38.016025" lon="-122.722248"><ele>79.1</ele></trkpt><trkpt lat="38.016020" lon="-122.721898"><ele>83.4</ele></trkpt><trkpt lat="38.016009" lon="-122.721588"><ele>84.2</ele></trkpt><trkpt lat="38.015990" lon="-122.721330"><ele>84.8</ele></trkpt><trkpt lat="38.015967" lon="-122.721030"><ele>85.5</ele></trkpt><trkpt lat="38.015927" lon="-122.720751"><ele>86.3</ele></trkpt><trkpt lat="38.015891" lon="-122.720622"><ele>86.7</ele></trkpt><trkpt lat="38.015831" lon="-122.720466"><ele>87.3</ele></trkpt><trkpt lat="38.015765" lon="-122.720307"><ele>87.8</ele></trkpt><trkpt lat="38.015614" lon="-122.719975"><ele>89.3</ele></trkpt><trkpt lat="38.015479" lon="-122.719717"><ele>90.7</ele></trkpt><trkpt lat="38.015153" lon="-122.719139"><ele>93.0</ele></trkpt><trkpt lat="38.015007" lon="-122.718808"><ele>93.9</ele></trkpt><trkpt lat="38.014862" lon="-122.718362"><ele>94.5</ele></trkpt><trkpt lat="38.014696" lon="-122.718011"><ele>94.9</ele></trkpt><trkpt lat="38.014381" lon="-122.717441"><ele>93.1</ele></trkpt><trkpt lat="38.014275" lon="-122.717187"><ele>92.1</ele></trkpt><trkpt lat="38.014227" lon="-122.717035"><ele>91.6</ele></trkpt><trkpt lat="38.014194" lon="-122.716884"><ele>91.3</ele></trkpt><trkpt lat="38.014158" lon="-122.716759"><ele>91.0</ele></trkpt><trkpt lat="38.014104" lon="-122.716640"><ele>90.7</ele></trkpt><trkpt lat="38.014042" lon="-122.716539"><ele>90.5</ele></trkpt><trkpt lat="38.013684" lon="-122.715967"><ele>94.0</ele></trkpt><trkpt lat="38.013561" lon="-122.715767"><ele>96.2</ele></trkpt><trkpt lat="38.013437" lon="-122.715633"><ele>98.1</ele></trkpt><trkpt lat="38.013247" lon="-122.715492"><ele>99.5</ele></trkpt><trkpt lat="38.012531" lon="-122.714955"><ele>102.3</ele></trkpt><trkpt lat="38.012103" lon="-122.714612"><ele>100.4</ele></trkpt><trkpt lat="38.011955" lon="-122.714481"><ele>98.0</ele></trkpt><trkpt lat="38.011859" lon="-122.714384"><ele>96.3</ele></trkpt><trkpt lat="38.011764" lon="-122.714262"><ele>94.4</ele></trkpt><trkpt lat="38.011701" lon="-122.714093"><ele>92.4</ele></trkpt><trkpt lat="38.011655" lon="-122.713895"><ele>93.0</ele></trkpt><trkpt lat="38.011622" lon="-122.713679"><ele>94.1</ele></trkpt><trkpt lat="38.011577" lon="-122.713532"><ele>95.0</ele></trkpt><trkpt lat="38.011501" lon="-122.713394"><ele>95.9</ele></trkpt><trkpt lat="38.011403" lon="-122.713264"><ele>96.8</ele></trkpt><trkpt lat="38.011189" lon="-122.713017"><ele>97.0</ele></trkpt><trkpt lat="38.011059" lon="-122.712877"><ele>97.1</ele></trkpt><trkpt lat="38.010957" lon="-122.712798"><ele>97.2</ele></trkpt><trkpt lat="38.010636" lon="-122.712625"><ele>99.6</ele></trkpt><trkpt lat="38.010411" lon="-122.712413"><ele>103.2</ele></trkpt><trkpt lat="38.010219" lon="-122.712301"><ele>105.9</ele></trkpt><trkpt lat="38.009292" lon="-122.711835"><ele>95.1</ele></trkpt><trkpt lat="38.009072" lon="-122.711727"><ele>97.0</ele></trkpt><trkpt lat="38.008878" lon="-122.711638"><ele>98.7</ele></trkpt><trkpt lat="38.008706" lon="-122.711587"><ele>98.5</ele></trkpt><trkpt lat="38.008506" lon="-122.711547"><ele>97.5</ele></trkpt><trkpt lat="38.008297" lon="-122.711527"><ele>96.6</ele></trkpt><trkpt lat="38.007505" lon="-122.711520"><ele>100.1</ele></trkpt><trkpt lat="38.006543" lon="-122.711545"><ele>100.8</ele></trkpt><trkpt lat="38.005988" lon="-122.711556"><ele>100.3</ele></trkpt><trkpt lat="38.005741" lon="-122.711558"><ele>99.9</ele></trkpt><trkpt lat="38.005625" lon="-122.711539"><ele>99.7</ele></trkpt><trkpt lat="38.005533" lon="-122.711499"><ele>99.6</ele></trkpt><trkpt lat="38.005379" lon="-122.711393"><ele>99.3</ele></trkpt><trkpt lat="38.005243" lon="-122.711251"><ele>98.5</ele></trkpt><trkpt lat="38.005122" lon="-122.711081"><ele>96.7</ele></trkpt><trkpt lat="38.005026" lon="-122.710863"><ele>94.7</ele></trkpt><trkpt lat="38.004917" lon="-122.710443"><ele>91.0</ele></trkpt><trkpt lat="38.004802" lon="-122.709967"><ele>85.7</ele></trkpt><trkpt lat="38.004545" lon="-122.709103"><ele>81.4</ele></trkpt><trkpt lat="38.004441" lon="-122.709012"><ele>81.3</ele></trkpt><trkpt lat="38.004387" lon="-122.708979"><ele>81.2</ele></trkpt><trkpt lat="38.003853" lon="-122.708943"><ele>77.5</ele></trkpt><trkpt lat="38.003614" lon="-122.708888"><ele>75.5</ele></trkpt><trkpt lat="38.003252" lon="-122.708831"><ele>74.1</ele></trkpt><trkpt lat="38.003186" lon="-122.708820"><ele>73.9</ele></trkpt><trkpt lat="38.002996" lon="-122.708765"><ele>73.3</ele></trkpt><trkpt lat="38.002780" lon="-122.708685"><ele>71.7</ele></trkpt><trkpt lat="38.002707" lon="-122.708664"><ele>70.7</ele></trkpt><trkpt lat="38.002629" lon="-122.708661"><ele>69.8</ele></trkpt><trkpt lat="38.002443" lon="-122.708681"><ele>67.5</ele></trkpt><trkpt lat="38.002375" lon="-122.708702"><ele>66.7</ele></trkpt><trkpt lat="38.002319" lon="-122.708732"><ele>65.9</ele></trkpt><trkpt lat="38.002256" lon="-122.708793"><ele>65.0</ele></trkpt><trkpt lat="38.002231" lon="-122.708816"><ele>64.6</ele></trkpt><trkpt lat="38.002106" lon="-122.708893"><ele>65.9</ele></trkpt><trkpt lat="38.001990" lon="-122.708930"><ele>68.5</ele></trkpt><trkpt lat="38.001875" lon="-122.708952"><ele>71.0</ele></trkpt><trkpt lat="38.001788" lon="-122.708946"><ele>72.8</ele></trkpt><trkpt lat="38.001558" lon="-122.708875"><ele>77.9</ele></trkpt><trkpt lat="38.001214" lon="-122.708866"><ele>88.9</ele></trkpt><trkpt lat="38.000976" lon="-122.708868"><ele>97.1</ele></trkpt><trkpt lat="38.000881" lon="-122.708901"><ele>100.5</ele></trkpt><trkpt lat="38.000756" lon="-122.708971"><ele>104.8</ele></trkpt><trkpt lat="38.000513" lon="-122.709215"><ele>111.0</ele></trkpt><trkpt lat="38.000411" lon="-122.709299"><ele>113.5</ele></trkpt><trkpt lat="38.000315" lon="-122.709329"><ele>115.5</ele></trkpt><trkpt lat="38.000214" lon="-122.709316"><ele>117.5</ele></trkpt><trkpt lat="37.999912" lon="-122.709221"><ele>120.7</ele></trkpt><trkpt lat="37.999721" lon="-122.709154"><ele>122.3</ele></trkpt><trkpt lat="37.999633" lon="-122.709115"><ele>123.0</ele></trkpt><trkpt lat="37.999499" lon="-122.708995"><ele>124.2</ele></trkpt><trkpt lat="37.999429" lon="-122.708936"><ele>124.7</ele></trkpt><trkpt lat="37.999333" lon="-122.708869"><ele>125.3</ele></trkpt><trkpt lat="37.999233" lon="-122.708865"><ele>125.9</ele></trkpt><trkpt lat="37.999151" lon="-122.708890"><ele>126.3</ele></trkpt><trkpt lat="37.999095" lon="-122.708979"><ele>126.8</ele></trkpt><trkpt lat="37.999058" lon="-122.709051"><ele>127.2</ele></trkpt><trkpt lat="37.999011" lon="-122.709090"><ele>127.5</ele></trkpt><trkpt lat="37.998846" lon="-122.709156"><ele>129.1</ele></trkpt><trkpt lat="37.998771" lon="-122.709268"><ele>132.9</ele></trkpt><trkpt lat="37.998704" lon="-122.709453"><ele>138.2</ele></trkpt><trkpt lat="37.998654" lon="-122.709509"><ele>140.3</ele></trkpt><trkpt lat="37.998592" lon="-122.709548"><ele>142.6</ele></trkpt><trkpt lat="37.998517" lon="-122.709577"><ele>145.2</ele></trkpt><trkpt lat="37.998431" lon="-122.709592"><ele>148.0</ele></trkpt><trkpt lat="37.998364" lon="-122.709584"><ele>150.2</ele></trkpt><trkpt lat="37.998292" lon="-122.709564"><ele>152.4</ele></trkpt><trkpt lat="37.998212" lon="-122.709555"><ele>153.9</ele></trkpt><trkpt lat="37.998143" lon="-122.709576"><ele>155.3</ele></trkpt><trkpt lat="37.998067" lon="-122.709633"><ele>157.0</ele></trkpt><trkpt lat="37.997995" lon="-122.709717"><ele>158.9</ele></trkpt><trkpt lat="37.997911" lon="-122.709810"><ele>161.1</ele></trkpt><trkpt lat="37.997880" lon="-122.709877"><ele>162.2</ele></trkpt><trkpt lat="37.997869" lon="-122.709939"><ele>163.2</ele></trkpt><trkpt lat="37.997841" lon="-122.710166"><ele>166.6</ele></trkpt><trkpt lat="37.997825" lon="-122.710209"><ele>167.2</ele></trkpt><trkpt lat="37.997800" lon="-122.710238"><ele>167.7</ele></trkpt><trkpt lat="37.997767" lon="-122.710254"><ele>168.2</ele></trkpt><trkpt lat="37.997616" lon="-122.710300"><ele>170.6</ele></trkpt><trkpt lat="37.997556" lon="-122.710345"><ele>171.7</ele></trkpt><trkpt lat="37.997500" lon="-122.710410"><ele>172.9</ele></trkpt><trkpt lat="37.997450" lon="-122.710512"><ele>174.3</ele></trkpt><trkpt lat="37.997409" lon="-122.710674"><ele>176.4</ele></trkpt><trkpt lat="37.997386" lon="-122.710788"><ele>177.7</ele></trkpt><trkpt lat="37.997372" lon="-122.710859"><ele>178.4</ele></trkpt><trkpt lat="37.997382" lon="-122.710912"><ele>178.9</ele></trkpt><trkpt lat="37.997414" lon="-122.710941"><ele>179.3</ele></trkpt><trkpt lat="37.997448" lon="-122.710951"><ele>179.7</ele></trkpt><trkpt lat="37.997480" lon="-122.710949"><ele>180.1</ele></trkpt><trkpt lat="37.997509" lon="-122.710937"><ele>180.5</ele></trkpt><trkpt lat="37.997537" lon="-122.710913"><ele>180.9</ele></trkpt><trkpt lat="37.997553" lon="-122.710870"><ele>181.3</ele></trkpt><trkpt lat="37.997605" lon="-122.710764"><ele>182.5</ele></trkpt><trkpt lat="37.997643" lon="-122.710737"><ele>183.0</ele></trkpt><trkpt lat="37.997717" lon="-122.710727"><ele>183.9</ele></trkpt><trkpt lat="37.997793" lon="-122.710752"><ele>184.8</ele></trkpt><trkpt lat="37.997870" lon="-122.710849"><ele>186.3</ele></trkpt><trkpt lat="37.997965" lon="-122.710937"><ele>188.5</ele></trkpt><trkpt lat="37.998030" lon="-122.710967"><ele>189.8</ele></trkpt><trkpt lat="37.998089" lon="-122.710965"><ele>190.9</ele></trkpt><trkpt lat="37.998140" lon="-122.710943"><ele>192.0</ele></trkpt><trkpt lat="37.998183" lon="-122.710897"><ele>193.0</ele></trkpt><trkpt lat="37.998269" lon="-122.710822"><ele>195.0</ele></trkpt><trkpt lat="37.998312" lon="-122.710808"><ele>195.8</ele></trkpt><trkpt lat="37.998349" lon="-122.710803"><ele>196.5</ele></trkpt><trkpt lat="37.998388" lon="-122.710818"><ele>197.3</ele></trkpt><trkpt lat="37.998437" lon="-122.710869"><ele>198.5</ele></trkpt><trkpt lat="37.998517" lon="-122.710957"><ele>201.5</ele></trkpt><trkpt lat="37.998662" lon="-122.711064"><ele>207.6</ele></trkpt><trkpt lat="37.998722" lon="-122.711157"><ele>211.0</ele></trkpt><trkpt lat="37.998762" lon="-122.711313"><ele>215.7</ele></trkpt><trkpt lat="37.998815" lon="-122.711730"><ele>226.1</ele></trkpt><trkpt lat="37.998868" lon="-122.711884"><ele>228.0</ele></trkpt><trkpt lat="37.998945" lon="-122.712038"><ele>230.1</ele></trkpt><trkpt lat="37.998963" lon="-122.712127"><ele>231.2</ele></trkpt><trkpt lat="37.998985" lon="-122.712493"><ele>235.5</ele></trkpt><trkpt lat="37.999021" lon="-122.712623"><ele>238.3</ele></trkpt><trkpt lat="37.999071" lon="-122.712688"><ele>240.3</ele></trkpt><trkpt lat="37.999227" lon="-122.712805"><ele>245.2</ele></trkpt><trkpt lat="37.999421" lon="-122.712928"><ele>251.1</ele></trkpt><trkpt lat="37.999557" lon="-122.712991"><ele>255.1</ele></trkpt><trkpt lat="37.999715" lon="-122.713101"><ele>255.4</ele></trkpt><trkpt lat="37.999779" lon="-122.713264"><ele>255.4</ele></trkpt><trkpt lat="37.999796" lon="-122.713444"><ele>255.4</ele></trkpt><trkpt lat="37.999782" lon="-122.713486"><ele>255.4</ele></trkpt><trkpt lat="37.999750" lon="-122.713508"><ele>255.4</ele></trkpt><trkpt lat="37.999681" lon="-122.713511"><ele>255.4</ele></trkpt><trkpt lat="37.999541" lon="-122.713472"><ele>255.6</ele></trkpt><trkpt lat="37.999419" lon="-122.713372"><ele>258.2</ele></trkpt><trkpt lat="37.999316" lon="-122.713330"><ele>260.1</ele></trkpt><trkpt lat="37.999137" lon="-122.713294"><ele>263.3</ele></trkpt><trkpt lat="37.998956" lon="-122.713285"><ele>266.4</ele></trkpt><trkpt lat="37.998834" lon="-122.713261"><ele>268.5</ele></trkpt><trkpt lat="37.998743" lon="-122.713247"><ele>269.9</ele></trkpt><trkpt lat="37.998618" lon="-122.713247"><ele>271.8</ele></trkpt><trkpt lat="37.998527" lon="-122.713227"><ele>273.2</ele></trkpt><trkpt lat="37.998467" lon="-122.713198"><ele>274.1</ele></trkpt><trkpt lat="37.998408" lon="-122.713129"><ele>275.4</ele></trkpt><trkpt lat="37.998320" lon="-122.712974"><ele>277.6</ele></trkpt><trkpt lat="37.998273" lon="-122.712908"><ele>278.7</ele></trkpt><trkpt lat="37.998213" lon="-122.712884"><ele>279.8</ele></trkpt><trkpt lat="37.998166" lon="-122.712902"><ele>280.8</ele></trkpt><trkpt lat="37.998141" lon="-122.712950"><ele>281.6</ele></trkpt><trkpt lat="37.998148" lon="-122.713010"><ele>282.5</ele></trkpt><trkpt lat="37.998200" lon="-122.713071"><ele>283.9</ele></trkpt><trkpt lat="37.998248" lon="-122.713146"><ele>285.3</ele></trkpt><trkpt lat="37.998281" lon="-122.713245"><ele>286.9</ele></trkpt><trkpt lat="37.998302" lon="-122.713340"><ele>288.4</ele></trkpt><trkpt lat="37.998328" lon="-122.713475"><ele>290.5</ele></trkpt><trkpt lat="37.998360" lon="-122.713581"><ele>292.2</ele></trkpt><trkpt lat="37.998406" lon="-122.713692"><ele>293.0</ele></trkpt><trkpt lat="37.998449" lon="-122.713772"><ele>293.3</ele></trkpt><trkpt lat="37.998497" lon="-122.713833"><ele>293.6</ele></trkpt><trkpt lat="37.998549" lon="-122.713868"><ele>293.9</ele></trkpt><trkpt lat="37.998677" lon="-122.713944"><ele>294.6</ele></trkpt><trkpt lat="37.998804" lon="-122.714010"><ele>295.2</ele></trkpt><trkpt lat="37.998886" lon="-122.714037"><ele>295.6</ele></trkpt><trkpt lat="37.998968" lon="-122.714046"><ele>295.9</ele></trkpt><trkpt lat="37.999082" lon="-122.714048"><ele>295.4</ele></trkpt><trkpt lat="37.999142" lon="-122.714062"><ele>295.2</ele></trkpt><trkpt lat="37.999198" lon="-122.714093"><ele>294.9</ele></trkpt><trkpt lat="37.999254" lon="-122.714142"><ele>294.6</ele></trkpt><trkpt lat="37.999275" lon="-122.714194"><ele>294.4</ele></trkpt><trkpt lat="37.999303" lon="-122.714300"><ele>294.1</ele></trkpt><trkpt lat="37.999336" lon="-122.714379"><ele>293.8</ele></trkpt><trkpt lat="37.999405" lon="-122.714520"><ele>293.2</ele></trkpt><trkpt lat="37.999494" lon="-122.714646"><ele>292.7</ele></trkpt><trkpt lat="37.999592" lon="-122.714799"><ele>292.0</ele></trkpt><trkpt lat="37.999666" lon="-122.714903"><ele>291.5</ele></trkpt><trkpt lat="37.999693" lon="-122.714977"><ele>291.3</ele></trkpt><trkpt lat="37.999717" lon="-122.715082"><ele>290.9</ele></trkpt><trkpt lat="37.999729" lon="-122.715206"><ele>290.5</ele></trkpt><trkpt lat="37.999731" lon="-122.715663"><ele>294.6</ele></trkpt><trkpt lat="37.999721" lon="-122.715717"><ele>295.6</ele></trkpt><trkpt lat="37.999703" lon="-122.715763"><ele>296.6</ele></trkpt><trkpt lat="37.999678" lon="-122.715789"><ele>297.3</ele></trkpt><trkpt lat="37.999650" lon="-122.715799"><ele>297.9</ele></trkpt><trkpt lat="37.999612" lon="-122.715797"><ele>298.8</ele></trkpt><trkpt lat="37.999584" lon="-122.715785"><ele>299.5</ele></trkpt><trkpt lat="37.999559" lon="-122.715756"><ele>300.2</ele></trkpt><trkpt lat="37.999532" lon="-122.715699"><ele>301.4</ele></trkpt><trkpt lat="37.999493" lon="-122.715587"><ele>303.6</ele></trkpt><trkpt lat="37.999436" lon="-122.715474"><ele>306.0</ele></trkpt><trkpt lat="37.999372" lon="-122.715408"><ele>307.8</ele></trkpt><trkpt lat="37.999290" lon="-122.715352"><ele>309.8</ele></trkpt><trkpt lat="37.999082" lon="-122.715305"><ele>314.3</ele></trkpt><trkpt lat="37.998874" lon="-122.715250"><ele>318.9</ele></trkpt><trkpt lat="37.998647" lon="-122.715179"><ele>323.9</ele></trkpt><trkpt lat="37.998512" lon="-122.715129"><ele>326.9</ele></trkpt><trkpt lat="37.998420" lon="-122.715110"><ele>328.9</ele></trkpt><trkpt lat="37.998373" lon="-122.715116"><ele>329.9</ele></trkpt><trkpt lat="37.998336" lon="-122.715150"><ele>330.8</ele></trkpt><trkpt lat="37.998329" lon="-122.715204"><ele>331.8</ele></trkpt><trkpt lat="37.998351" lon="-122.715252"><ele>332.7</ele></trkpt><trkpt lat="37.998387" lon="-122.715287"><ele>333.7</ele></trkpt><trkpt lat="37.998447" lon="-122.715314"><ele>335.0</ele></trkpt><trkpt lat="37.998498" lon="-122.715327"><ele>336.1</ele></trkpt><trkpt lat="37.998554" lon="-122.715378"><ele>337.5</ele></trkpt><trkpt lat="37.998613" lon="-122.715450"><ele>338.8</ele></trkpt><trkpt lat="37.998666" lon="-122.715548"><ele>340.3</ele></trkpt><trkpt lat="37.998702" lon="-122.715649"><ele>341.7</ele></trkpt><trkpt lat="37.998714" lon="-122.715726"><ele>342.7</ele></trkpt><trkpt lat="37.998706" lon="-122.715785"><ele>343.4</ele></trkpt><trkpt lat="37.998676" lon="-122.715833"><ele>344.2</ele></trkpt><trkpt lat="37.998639" lon="-122.715848"><ele>344.8</ele></trkpt><trkpt lat="37.998592" lon="-122.715850"><ele>345.6</ele></trkpt><trkpt lat="37.998535" lon="-122.715838"><ele>346.5</ele></trkpt><trkpt lat="37.998431" lon="-122.715788"><ele>348.3</ele></trkpt><trkpt lat="37.998366" lon="-122.715773"><ele>349.5</ele></trkpt><trkpt lat="37.998298" lon="-122.715770"><ele>350.9</ele></trkpt><trkpt lat="37.998224" lon="-122.715781"><ele>352.5</ele></trkpt><trkpt lat="37.998055" lon="-122.715857"><ele>356.3</ele></trkpt><trkpt lat="37.997891" lon="-122.715949"><ele>360.0</ele></trkpt><trkpt lat="37.997763" lon="-122.716049"><ele>363.2</ele></trkpt><trkpt lat="37.997727" lon="-122.716099"><ele>364.3</ele></trkpt><trkpt lat="37.997713" lon="-122.716144"><ele>365.1</ele></trkpt><trkpt lat="37.997713" lon="-122.716206"><ele>366.1</ele></trkpt><trkpt lat="37.997746" lon="-122.716283"><ele>367.5</ele></trkpt><trkpt lat="37.997787" lon="-122.716324"><ele>368.6</ele></trkpt><trkpt lat="37.998026" lon="-122.716558"><ele>374.8</ele></trkpt><trkpt lat="37.998101" lon="-122.716645"><ele>376.9</ele></trkpt><trkpt lat="37.998126" lon="-122.716719"><ele>378.2</ele></trkpt><trkpt lat="37.998146" lon="-122.716780"><ele>378.8</ele></trkpt><trkpt lat="37.998139" lon="-122.716857"><ele>379.2</ele></trkpt><trkpt lat="37.998101" lon="-122.716924"><ele>379.7</ele></trkpt><trkpt lat="37.998009" lon="-122.716988"><ele>380.5</ele></trkpt><trkpt lat="37.997792" lon="-122.717099"><ele>382.1</ele></trkpt><trkpt lat="37.997700" lon="-122.717157"><ele>382.9</ele></trkpt><trkpt lat="37.997601" lon="-122.717266"><ele>383.8</ele></trkpt><trkpt lat="37.997525" lon="-122.717399"><ele>384.5</ele></trkpt><trkpt lat="37.997463" lon="-122.717567"><ele>385.4</ele></trkpt><trkpt lat="37.997401" lon="-122.717826"><ele>386.7</ele></trkpt><trkpt lat="37.997378" lon="-122.718522"><ele>392.3</ele></trkpt><trkpt lat="37.997422" lon="-122.719077"><ele>397.8</ele></trkpt><trkpt lat="37.997403" lon="-122.719213"><ele>398.5</ele></trkpt><trkpt lat="37.997354" lon="-122.719338"><ele>399.3</ele></trkpt><trkpt lat="37.997280" lon="-122.719441"><ele>400.0</ele></trkpt><trkpt lat="37.997015" lon="-122.719689"><ele>402.2</ele></trkpt><trkpt lat="37.996786" lon="-122.719991"><ele>403.4</ele></trkpt><trkpt lat="37.996728" lon="-122.720046"><ele>403.6</ele></trkpt><trkpt lat="37.996424" lon="-122.720208"><ele>404.7</ele></trkpt><trkpt lat="37.996207" lon="-122.720256"><ele>404.4</ele></trkpt><trkpt lat="37.996139" lon="-122.720287"><ele>404.3</ele></trkpt><trkpt lat="37.996004" lon="-122.720292"><ele>404.1</ele></trkpt><trkpt lat="37.995398" lon="-122.719784"><ele>402.6</ele></trkpt><trkpt lat="37.995218" lon="-122.719652"><ele>402.2</ele></trkpt><trkpt lat="37.994347" lon="-122.719103"><ele>400.5</ele></trkpt><trkpt lat="37.993467" lon="-122.718510"><ele>402.7</ele></trkpt><trkpt lat="37.993286" lon="-122.718396"><ele>404.6</ele></trkpt><trkpt lat="37.993155" lon="-122.718296"><ele>405.6</ele></trkpt><trkpt lat="37.993015" lon="-122.718152"><ele>406.2</ele></trkpt><trkpt lat="37.992663" lon="-122.717776"><ele>407.8</ele></trkpt><trkpt lat="37.992496" lon="-122.717617"><ele>408.4</ele></trkpt><trkpt lat="37.992152" lon="-122.717257"><ele>409.7</ele></trkpt><trkpt lat="37.991976" lon="-122.717053"><ele>409.2</ele></trkpt><trkpt lat="37.991827" lon="-122.716857"><ele>408.2</ele></trkpt><trkpt lat="37.991685" lon="-122.716630"><ele>407.1</ele></trkpt><trkpt lat="37.991623" lon="-122.716538"><ele>406.7</ele></trkpt><trkpt lat="37.991506" lon="-122.716401"><ele>406.7</ele></trkpt><trkpt lat="37.991402" lon="-122.716283"><ele>406.7</ele></trkpt><trkpt lat="37.991289" lon="-122.716186"><ele>406.8</ele></trkpt><trkpt lat="37.991140" lon="-122.716065"><ele>406.9</ele></trkpt><trkpt lat="37.990977" lon="-122.715920"><ele>407.0</ele></trkpt><trkpt lat="37.990823" lon="-122.715797"><ele>407.1</ele></trkpt><trkpt lat="37.990792" lon="-122.715770"><ele>407.1</ele></trkpt><trkpt lat="37.990697" lon="-122.715700"><ele>407.2</ele></trkpt><trkpt lat="37.990544" lon="-122.715619"><ele>407.4</ele></trkpt><trkpt lat="37.990391" lon="-122.715529"><ele>407.5</ele></trkpt><trkpt lat="37.990233" lon="-122.715449"><ele>407.1</ele></trkpt><trkpt lat="37.989926" lon="-122.715295"><ele>406.2</ele></trkpt><trkpt lat="37.989755" lon="-122.715251"><ele>405.8</ele></trkpt><trkpt lat="37.989552" lon="-122.715197"><ele>405.8</ele></trkpt><trkpt lat="37.989362" lon="-122.715131"><ele>405.8</ele></trkpt><trkpt lat="37.989195" lon="-122.715062"><ele>405.9</ele></trkpt><trkpt lat="37.988929" lon="-122.714950"><ele>406.2</ele></trkpt><trkpt lat="37.988785" lon="-122.714955"><ele>406.5</ele></trkpt><trkpt lat="37.988713" lon="-122.715019"><ele>406.7</ele></trkpt><trkpt lat="37.988569" lon="-122.715081"><ele>407.0</ele></trkpt><trkpt lat="37.988434" lon="-122.715133"><ele>407.3</ele></trkpt><trkpt lat="37.988348" lon="-122.715160"><ele>407.5</ele></trkpt><trkpt lat="37.988276" lon="-122.715177"><ele>407.9</ele></trkpt><trkpt lat="37.988069" lon="-122.715216"><ele>409.1</ele></trkpt><trkpt lat="37.987898" lon="-122.715251"><ele>410.1</ele></trkpt><trkpt lat="37.987763" lon="-122.715222"><ele>410.9</ele></trkpt><trkpt lat="37.987663" lon="-122.715222"><ele>411.5</ele></trkpt><trkpt lat="37.987402" lon="-122.715265"><ele>412.4</ele></trkpt><trkpt lat="37.987195" lon="-122.715281"><ele>413.0</ele></trkpt><trkpt lat="37.986893" lon="-122.715184"><ele>413.9</ele></trkpt><trkpt lat="37.986825" lon="-122.715160"><ele>414.0</ele></trkpt><trkpt lat="37.986771" lon="-122.715136"><ele>414.1</ele></trkpt><trkpt lat="37.986579" lon="-122.715065"><ele>414.4</ele></trkpt><trkpt lat="37.986317" lon="-122.714919"><ele>414.7</ele></trkpt><trkpt lat="37.985949" lon="-122.714708"><ele>413.9</ele></trkpt><trkpt lat="37.985879" lon="-122.714671"><ele>413.7</ele></trkpt><trkpt lat="37.985675" lon="-122.714593"><ele>413.1</ele></trkpt><trkpt lat="37.985435" lon="-122.714484"><ele>412.3</ele></trkpt><trkpt lat="37.985345" lon="-122.714437"><ele>411.9</ele></trkpt><trkpt lat="37.985234" lon="-122.714389"><ele>411.5</ele></trkpt><trkpt lat="37.985015" lon="-122.714247"><ele>410.7</ele></trkpt><trkpt lat="37.984820" lon="-122.714070"><ele>410.1</ele></trkpt><trkpt lat="37.984370" lon="-122.713796"><ele>409.2</ele></trkpt><trkpt lat="37.984235" lon="-122.713753"><ele>409.0</ele></trkpt><trkpt lat="37.984079" lon="-122.713661"><ele>408.9</ele></trkpt><trkpt lat="37.983942" lon="-122.713608"><ele>408.8</ele></trkpt><trkpt lat="37.983812" lon="-122.713536"><ele>408.6</ele></trkpt><trkpt lat="37.983680" lon="-122.713435"><ele>408.5</ele></trkpt><trkpt lat="37.983566" lon="-122.713303"><ele>408.5</ele></trkpt><trkpt lat="37.983490" lon="-122.713155"><ele>408.7</ele></trkpt><trkpt lat="37.983443" lon="-122.713025"><ele>408.8</ele></trkpt><trkpt lat="37.983400" lon="-122.712883"><ele>409.0</ele></trkpt><trkpt lat="37.983389" lon="-122.712686"><ele>409.2</ele></trkpt><trkpt lat="37.983399" lon="-122.712572"><ele>409.3</ele></trkpt><trkpt lat="37.983391" lon="-122.712474"><ele>409.3</ele></trkpt><trkpt lat="37.983408" lon="-122.712304"><ele>409.3</ele></trkpt><trkpt lat="37.983472" lon="-122.712103"><ele>409.3</ele></trkpt><trkpt lat="37.983537" lon="-122.711871"><ele>409.3</ele></trkpt><trkpt lat="37.983616" lon="-122.711660"><ele>409.4</ele></trkpt><trkpt lat="37.983693" lon="-122.711463"><ele>409.4</ele></trkpt><trkpt lat="37.983720" lon="-122.711303"><ele>409.5</ele></trkpt><trkpt lat="37.983706" lon="-122.711062"><ele>409.6</ele></trkpt><trkpt lat="37.983723" lon="-122.710925"><ele>409.6</ele></trkpt><trkpt lat="37.983734" lon="-122.710822"><ele>409.6</ele></trkpt><trkpt lat="37.983703" lon="-122.710732"><ele>409.9</ele></trkpt><trkpt lat="37.983626" lon="-122.710613"><ele>410.6</ele></trkpt><trkpt lat="37.983573" lon="-122.710428"><ele>411.6</ele></trkpt><trkpt lat="37.983513" lon="-122.710267"><ele>412.4</ele></trkpt><trkpt lat="37.983466" lon="-122.710096"><ele>413.2</ele></trkpt><trkpt lat="37.983371" lon="-122.709795"><ele>415.5</ele></trkpt><trkpt lat="37.983305" lon="-122.709632"><ele>417.1</ele></trkpt><trkpt lat="37.983187" lon="-122.709451"><ele>419.2</ele></trkpt><trkpt lat="37.982999" lon="-122.709168"><ele>422.4</ele></trkpt><trkpt lat="37.982892" lon="-122.709043"><ele>424.1</ele></trkpt><trkpt lat="37.982784" lon="-122.708889"><ele>425.9</ele></trkpt><trkpt lat="37.982692" lon="-122.708712"><ele>427.8</ele></trkpt><trkpt lat="37.982545" lon="-122.708431"><ele>430.5</ele></trkpt><trkpt lat="37.982463" lon="-122.708215"><ele>431.7</ele></trkpt><trkpt lat="37.982326" lon="-122.708079"><ele>432.8</ele></trkpt><trkpt lat="37.982134" lon="-122.707797"><ele>434.6</ele></trkpt><trkpt lat="37.982050" lon="-122.707645"><ele>435.2</ele></trkpt><trkpt lat="37.981829" lon="-122.707403"><ele>436.3</ele></trkpt><trkpt lat="37.981730" lon="-122.707342"><ele>436.7</ele></trkpt><trkpt lat="37.981617" lon="-122.707251"><ele>437.2</ele></trkpt><trkpt lat="37.981488" lon="-122.707044"><ele>438.1</ele></trkpt><trkpt lat="37.981374" lon="-122.706816"><ele>439.0</ele></trkpt><trkpt lat="37.981138" lon="-122.706297"><ele>441.0</ele></trkpt><trkpt lat="37.980911" lon="-122.705914"><ele>442.6</ele></trkpt><trkpt lat="37.980742" lon="-122.705661"><ele>443.5</ele></trkpt><trkpt lat="37.980674" lon="-122.705537"><ele>443.6</ele></trkpt><trkpt lat="37.980635" lon="-122.705404"><ele>443.7</ele></trkpt><trkpt lat="37.980596" lon="-122.705274"><ele>443.8</ele></trkpt><trkpt lat="37.980532" lon="-122.705170"><ele>443.9</ele></trkpt><trkpt lat="37.980449" lon="-122.705139"><ele>444.0</ele></trkpt><trkpt lat="37.980352" lon="-122.705155"><ele>444.1</ele></trkpt><trkpt lat="37.980229" lon="-122.705167"><ele>443.8</ele></trkpt><trkpt lat="37.980122" lon="-122.705141"><ele>443.4</ele></trkpt><trkpt lat="37.979906" lon="-122.705031"><ele>442.7</ele></trkpt><trkpt lat="37.979785" lon="-122.705009"><ele>442.2</ele></trkpt><trkpt lat="37.979665" lon="-122.704972"><ele>441.8</ele></trkpt><trkpt lat="37.979563" lon="-122.704894"><ele>441.2</ele></trkpt><trkpt lat="37.979411" lon="-122.704748"><ele>439.9</ele></trkpt><trkpt lat="37.979241" lon="-122.704653"><ele>438.6</ele></trkpt><trkpt lat="37.979063" lon="-122.704656"><ele>437.4</ele></trkpt><trkpt lat="37.978943" lon="-122.704599"><ele>436.6</ele></trkpt><trkpt lat="37.978856" lon="-122.704535"><ele>436.1</ele></trkpt><trkpt lat="37.978767" lon="-122.704502"><ele>435.6</ele></trkpt><trkpt lat="37.978574" lon="-122.704491"><ele>434.5</ele></trkpt><trkpt lat="37.978405" lon="-122.704472"><ele>433.6</ele></trkpt><trkpt lat="37.978267" lon="-122.704417"><ele>432.8</ele></trkpt><trkpt lat="37.978109" lon="-122.704319"><ele>432.7</ele></trkpt><trkpt lat="37.977964" lon="-122.704228"><ele>432.5</ele></trkpt><trkpt lat="37.977841" lon="-122.704105"><ele>432.4</ele></trkpt><trkpt lat="37.977700" lon="-122.703914"><ele>432.2</ele></trkpt><trkpt lat="37.977567" lon="-122.703805"><ele>432.8</ele></trkpt><trkpt lat="37.977411" lon="-122.703695"><ele>433.6</ele></trkpt><trkpt lat="37.977323" lon="-122.703621"><ele>434.0</ele></trkpt><trkpt lat="37.977275" lon="-122.703504"><ele>434.5</ele></trkpt><trkpt lat="37.977152" lon="-122.703303"><ele>435.3</ele></trkpt><trkpt lat="37.976887" lon="-122.702983"><ele>437.8</ele></trkpt><trkpt lat="37.976639" lon="-122.702778"><ele>439.8</ele></trkpt><trkpt lat="37.976438" lon="-122.702644"><ele>441.2</ele></trkpt><trkpt lat="37.976266" lon="-122.702525"><ele>442.3</ele></trkpt><trkpt lat="37.976194" lon="-122.702440"><ele>442.9</ele></trkpt><trkpt lat="37.976166" lon="-122.702330"><ele>443.4</ele></trkpt><trkpt lat="37.976099" lon="-122.702055"><ele>444.6</ele></trkpt><trkpt lat="37.976018" lon="-122.701763"><ele>445.2</ele></trkpt><trkpt lat="37.975838" lon="-122.701390"><ele>446.1</ele></trkpt><trkpt lat="37.975744" lon="-122.701245"><ele>446.2</ele></trkpt><trkpt lat="37.975630" lon="-122.701126"><ele>446.0</ele></trkpt><trkpt lat="37.975216" lon="-122.700836"><ele>445.6</ele></trkpt><trkpt lat="37.975073" lon="-122.700693"><ele>446.1</ele></trkpt><trkpt lat="37.974820" lon="-122.700362"><ele>447.2</ele></trkpt><trkpt lat="37.974623" lon="-122.700155"><ele>448.0</ele></trkpt><trkpt lat="37.974446" lon="-122.700018"><ele>449.0</ele></trkpt><trkpt lat="37.974151" lon="-122.699781"><ele>450.7</ele></trkpt><trkpt lat="37.974024" lon="-122.699704"><ele>451.2</ele></trkpt><trkpt lat="37.973926" lon="-122.699607"><ele>451.5</ele></trkpt><trkpt lat="37.973745" lon="-122.699384"><ele>452.2</ele></trkpt><trkpt lat="37.973507" lon="-122.699144"><ele>452.9</ele></trkpt><trkpt lat="37.973408" lon="-122.698986"><ele>452.3</ele></trkpt><trkpt lat="37.973340" lon="-122.698845"><ele>451.7</ele></trkpt><trkpt lat="37.973245" lon="-122.698586"><ele>450.8</ele></trkpt><trkpt lat="37.973171" lon="-122.698372"><ele>450.0</ele></trkpt><trkpt lat="37.973075" lon="-122.698205"><ele>449.1</ele></trkpt><trkpt lat="37.972940" lon="-122.698044"><ele>448.0</ele></trkpt><trkpt lat="37.972778" lon="-122.697835"><ele>446.6</ele></trkpt><trkpt lat="37.972606" lon="-122.697680"><ele>445.4</ele></trkpt><trkpt lat="37.972464" lon="-122.697599"><ele>444.7</ele></trkpt><trkpt lat="37.972359" lon="-122.697530"><ele>444.1</ele></trkpt><trkpt lat="37.972252" lon="-122.697441"><ele>443.5</ele></trkpt><trkpt lat="37.972175" lon="-122.697321"><ele>443.0</ele></trkpt><trkpt lat="37.972095" lon="-122.697156"><ele>442.3</ele></trkpt><trkpt lat="37.972018" lon="-122.697052"><ele>442.1</ele></trkpt><trkpt lat="37.971829" lon="-122.696937"><ele>441.9</ele></trkpt><trkpt lat="37.971673" lon="-122.696847"><ele>441.6</ele></trkpt><trkpt lat="37.971436" lon="-122.696769"><ele>441.3</ele></trkpt><trkpt lat="37.971239" lon="-122.696697"><ele>441.0</ele></trkpt><trkpt lat="37.971079" lon="-122.696655"><ele>440.7</ele></trkpt><trkpt lat="37.970876" lon="-122.696554"><ele>440.3</ele></trkpt><trkpt lat="37.970685" lon="-122.696431"><ele>440.1</ele></trkpt><trkpt lat="37.970512" lon="-122.696307"><ele>440.0</ele></trkpt><trkpt lat="37.970374" lon="-122.696209"><ele>439.9</ele></trkpt><trkpt lat="37.970237" lon="-122.696117"><ele>439.9</ele></trkpt><trkpt lat="37.970133" lon="-122.695984"><ele>439.8</ele></trkpt><trkpt lat="37.969965" lon="-122.695806"><ele>439.3</ele></trkpt><trkpt lat="37.969852" lon="-122.695705"><ele>439.0</ele></trkpt><trkpt lat="37.969708" lon="-122.695624"><ele>438.7</ele></trkpt><trkpt lat="37.969609" lon="-122.695557"><ele>438.4</ele></trkpt><trkpt lat="37.969505" lon="-122.695392"><ele>438.6</ele></trkpt><trkpt lat="37.969284" lon="-122.695116"><ele>439.3</ele></trkpt><trkpt lat="37.969204" lon="-122.694945"><ele>439.7</ele></trkpt><trkpt lat="37.969124" lon="-122.694840"><ele>440.0</ele></trkpt><trkpt lat="37.969032" lon="-122.694764"><ele>440.2</ele></trkpt><trkpt lat="37.968944" lon="-122.694732"><ele>440.4</ele></trkpt><trkpt lat="37.968839" lon="-122.694729"><ele>440.6</ele></trkpt><trkpt lat="37.968516" lon="-122.694640"><ele>441.1</ele></trkpt><trkpt lat="37.968404" lon="-122.694630"><ele>441.3</ele></trkpt><trkpt lat="37.968282" lon="-122.694576"><ele>441.5</ele></trkpt><trkpt lat="37.968203" lon="-122.694458"><ele>441.7</ele></trkpt><trkpt lat="37.968108" lon="-122.694243"><ele>442.1</ele></trkpt><trkpt lat="37.968028" lon="-122.694041"><ele>442.4</ele></trkpt><trkpt lat="37.967958" lon="-122.693819"><ele>443.0</ele></trkpt><trkpt lat="37.967872" lon="-122.693629"><ele>443.9</ele></trkpt><trkpt lat="37.967699" lon="-122.693336"><ele>445.3</ele></trkpt><trkpt lat="37.967559" lon="-122.693090"><ele>446.6</ele></trkpt><trkpt lat="37.967287" lon="-122.692729"><ele>448.9</ele></trkpt><trkpt lat="37.966975" lon="-122.692336"><ele>451.7</ele></trkpt><trkpt lat="37.966695" lon="-122.692002"><ele>454.5</ele></trkpt><trkpt lat="37.966572" lon="-122.691821"><ele>455.6</ele></trkpt><trkpt lat="37.966480" lon="-122.691771"><ele>455.5</ele></trkpt><trkpt lat="37.966399" lon="-122.691704"><ele>455.4</ele></trkpt><trkpt lat="37.966368" lon="-122.691651"><ele>455.3</ele></trkpt><trkpt lat="37.966362" lon="-122.691604"><ele>455.3</ele></trkpt><trkpt lat="37.966389" lon="-122.691432"><ele>455.1</ele></trkpt><trkpt lat="37.966406" lon="-122.691227"><ele>454.9</ele></trkpt><trkpt lat="37.966407" lon="-122.691162"><ele>454.8</ele></trkpt><trkpt lat="37.966395" lon="-122.691113"><ele>454.8</ele></trkpt><trkpt lat="37.966291" lon="-122.690870"><ele>454.7</ele></trkpt><trkpt lat="37.966177" lon="-122.690584"><ele>454.6</ele></trkpt><trkpt lat="37.966036" lon="-122.690238"><ele>454.5</ele></trkpt><trkpt lat="37.965877" lon="-122.690008"><ele>454.6</ele></trkpt><trkpt lat="37.965757" lon="-122.689731"><ele>454.7</ele></trkpt><trkpt lat="37.965640" lon="-122.689528"><ele>454.8</ele></trkpt><trkpt lat="37.965456" lon="-122.689355"><ele>456.3</ele></trkpt><trkpt lat="37.965308" lon="-122.689109"><ele>458.0</ele></trkpt><trkpt lat="37.965167" lon="-122.688858"><ele>459.7</ele></trkpt><trkpt lat="37.965076" lon="-122.688804"><ele>460.4</ele></trkpt><trkpt lat="37.964983" lon="-122.688780"><ele>461.1</ele></trkpt><trkpt lat="37.964870" lon="-122.688703"><ele>462.0</ele></trkpt><trkpt lat="37.964708" lon="-122.688694"><ele>463.2</ele></trkpt><trkpt lat="37.964379" lon="-122.688578"><ele>465.4</ele></trkpt><trkpt lat="37.964274" lon="-122.688528"><ele>465.9</ele></trkpt><trkpt lat="37.964195" lon="-122.688425"><ele>466.5</ele></trkpt><trkpt lat="37.964071" lon="-122.688243"><ele>467.5</ele></trkpt><trkpt lat="37.963965" lon="-122.688072"><ele>468.3</ele></trkpt><trkpt lat="37.963850" lon="-122.687958"><ele>469.1</ele></trkpt><trkpt lat="37.963698" lon="-122.687886"><ele>470.0</ele></trkpt><trkpt lat="37.963509" lon="-122.687839"><ele>471.1</ele></trkpt><trkpt lat="37.963378" lon="-122.687768"><ele>471.9</ele></trkpt><trkpt lat="37.963290" lon="-122.687657"><ele>472.5</ele></trkpt><trkpt lat="37.963227" lon="-122.687539"><ele>472.8</ele></trkpt><trkpt lat="37.963142" lon="-122.687428"><ele>473.1</ele></trkpt><trkpt lat="37.963098" lon="-122.687275"><ele>473.4</ele></trkpt><trkpt lat="37.963097" lon="-122.687034"><ele>473.9</ele></trkpt><trkpt lat="37.963114" lon="-122.686800"><ele>474.4</ele></trkpt><trkpt lat="37.963104" lon="-122.686686"><ele>474.6</ele></trkpt><trkpt lat="37.963039" lon="-122.686622"><ele>474.9</ele></trkpt><trkpt lat="37.962850" lon="-122.686532"><ele>475.5</ele></trkpt><trkpt lat="37.962680" lon="-122.686467"><ele>476.0</ele></trkpt><trkpt lat="37.962499" lon="-122.686395"><ele>476.3</ele></trkpt><trkpt lat="37.962353" lon="-122.686265"><ele>475.9</ele></trkpt><trkpt lat="37.962197" lon="-122.686089"><ele>475.5</ele></trkpt><trkpt lat="37.962117" lon="-122.685902"><ele>475.1</ele></trkpt><trkpt lat="37.962076" lon="-122.685697"><ele>474.8</ele></trkpt><trkpt lat="37.961989" lon="-122.685510"><ele>474.4</ele></trkpt><trkpt lat="37.961920" lon="-122.685363"><ele>474.1</ele></trkpt><trkpt lat="37.961898" lon="-122.685055"><ele>473.6</ele></trkpt><trkpt lat="37.961919" lon="-122.684762"><ele>473.0</ele></trkpt><trkpt lat="37.961924" lon="-122.684488"><ele>472.5</ele></trkpt><trkpt lat="37.961884" lon="-122.684233"><ele>472.0</ele></trkpt><trkpt lat="37.961826" lon="-122.684066"><ele>471.6</ele></trkpt><trkpt lat="37.961747" lon="-122.683960"><ele>471.5</ele></trkpt><trkpt lat="37.961636" lon="-122.683856"><ele>471.3</ele></trkpt><trkpt lat="37.961511" lon="-122.683826"><ele>471.2</ele></trkpt><trkpt lat="37.961346" lon="-122.683838"><ele>471.1</ele></trkpt><trkpt lat="37.961264" lon="-122.683811"><ele>471.0</ele></trkpt><trkpt lat="37.961102" lon="-122.683680"><ele>471.0</ele></trkpt><trkpt lat="37.960976" lon="-122.683619"><ele>471.1</ele></trkpt><trkpt lat="37.960725" lon="-122.683670"><ele>471.3</ele></trkpt><trkpt lat="37.960565" lon="-122.683681"><ele>471.4</ele></trkpt><trkpt lat="37.960471" lon="-122.683652"><ele>471.5</ele></trkpt><trkpt lat="37.960403" lon="-122.683520"><ele>472.0</ele></trkpt><trkpt lat="37.960341" lon="-122.683327"><ele>472.7</ele></trkpt><trkpt lat="37.960238" lon="-122.683138"><ele>473.5</ele></trkpt><trkpt lat="37.960119" lon="-122.682973"><ele>474.2</ele></trkpt><trkpt lat="37.959981" lon="-122.682802"><ele>474.6</ele></trkpt><trkpt lat="37.959861" lon="-122.682701"><ele>474.7</ele></trkpt><trkpt lat="37.959737" lon="-122.682695"><ele>474.7</ele></trkpt><trkpt lat="37.959621" lon="-122.682720"><ele>474.8</ele></trkpt><trkpt lat="37.959484" lon="-122.682830"><ele>474.8</ele></trkpt><trkpt lat="37.959357" lon="-122.682936"><ele>474.6</ele></trkpt><trkpt lat="37.959301" lon="-122.683014"><ele>474.3</ele></trkpt><trkpt lat="37.959238" lon="-122.683198"><ele>473.8</ele></trkpt><trkpt lat="37.959120" lon="-122.683428"><ele>473.0</ele></trkpt><trkpt lat="37.958975" lon="-122.683599"><ele>472.2</ele></trkpt><trkpt lat="37.958918" lon="-122.683640"><ele>471.7</ele></trkpt><trkpt lat="37.958867" lon="-122.683658"><ele>471.2</ele></trkpt><trkpt lat="37.958826" lon="-122.683649"><ele>470.9</ele></trkpt><trkpt lat="37.958763" lon="-122.683616"><ele>470.3</ele></trkpt><trkpt lat="37.958674" lon="-122.683553"><ele>469.5</ele></trkpt><trkpt lat="37.958566" lon="-122.683508"><ele>468.5</ele></trkpt><trkpt lat="37.958458" lon="-122.683471"><ele>467.6</ele></trkpt><trkpt lat="37.958356" lon="-122.683461"><ele>466.7</ele></trkpt><trkpt lat="37.958163" lon="-122.683484"><ele>465.7</ele></trkpt><trkpt lat="37.958036" lon="-122.683488"><ele>465.2</ele></trkpt><trkpt lat="37.957957" lon="-122.683470"><ele>464.8</ele></trkpt><trkpt lat="37.957884" lon="-122.683420"><ele>464.5</ele></trkpt><trkpt lat="37.957814" lon="-122.683346"><ele>464.1</ele></trkpt><trkpt lat="37.957754" lon="-122.683244"><ele>463.7</ele></trkpt><trkpt lat="37.957680" lon="-122.683016"><ele>463.5</ele></trkpt><trkpt lat="37.957641" lon="-122.682945"><ele>463.6</ele></trkpt><trkpt lat="37.957580" lon="-122.682908"><ele>463.7</ele></trkpt><trkpt lat="37.957450" lon="-122.682782"><ele>464.0</ele></trkpt><trkpt lat="37.957378" lon="-122.682706"><ele>464.1</ele></trkpt><trkpt lat="37.957220" lon="-122.682531"><ele>464.5</ele></trkpt><trkpt lat="37.957062" lon="-122.682357"><ele>465.3</ele></trkpt><trkpt lat="37.956980" lon="-122.682299"><ele>465.7</ele></trkpt><trkpt lat="37.956855" lon="-122.682225"><ele>466.3</ele></trkpt><trkpt lat="37.956473" lon="-122.682034"><ele>468.2</ele></trkpt><trkpt lat="37.956412" lon="-122.681991"><ele>468.6</ele></trkpt><trkpt lat="37.956329" lon="-122.681902"><ele>469.2</ele></trkpt><trkpt lat="37.956173" lon="-122.681723"><ele>470.3</ele></trkpt><trkpt lat="37.955958" lon="-122.681298"><ele>472.4</ele></trkpt><trkpt lat="37.955862" lon="-122.681155"><ele>473.2</ele></trkpt><trkpt lat="37.955756" lon="-122.681007"><ele>474.0</ele></trkpt><trkpt lat="37.955701" lon="-122.680946"><ele>474.3</ele></trkpt><trkpt lat="37.955602" lon="-122.680867"><ele>474.9</ele></trkpt><trkpt lat="37.955519" lon="-122.680831"><ele>475.3</ele></trkpt><trkpt lat="37.955465" lon="-122.680816"><ele>475.6</ele></trkpt><trkpt lat="37.955297" lon="-122.680813"><ele>476.3</ele></trkpt><trkpt lat="37.955196" lon="-122.680790"><ele>476.7</ele></trkpt><trkpt lat="37.955160" lon="-122.680761"><ele>476.9</ele></trkpt><trkpt lat="37.955062" lon="-122.680622"><ele>477.5</ele></trkpt><trkpt lat="37.954987" lon="-122.680470"><ele>478.2</ele></trkpt><trkpt lat="37.954904" lon="-122.680279"><ele>478.8</ele></trkpt><trkpt lat="37.954885" lon="-122.680211"><ele>479.0</ele></trkpt><trkpt lat="37.954876" lon="-122.680001"><ele>479.7</ele></trkpt><trkpt lat="37.954877" lon="-122.679788"><ele>480.3</ele></trkpt><trkpt lat="37.954870" lon="-122.679741"><ele>480.4</ele></trkpt><trkpt lat="37.954844" lon="-122.679673"><ele>480.7</ele></trkpt><trkpt lat="37.954543" lon="-122.679322"><ele>482.9</ele></trkpt><trkpt lat="37.954367" lon="-122.678962"><ele>484.9</ele></trkpt><trkpt lat="37.954358" lon="-122.678913"><ele>485.1</ele></trkpt><trkpt lat="37.954357" lon="-122.678660"><ele>486.4</ele></trkpt><trkpt lat="37.954350" lon="-122.678626"><ele>486.5</ele></trkpt><trkpt lat="37.954323" lon="-122.678575"><ele>486.8</ele></trkpt><trkpt lat="37.954282" lon="-122.678535"><ele>487.2</ele></trkpt><trkpt lat="37.954232" lon="-122.678503"><ele>487.5</ele></trkpt><trkpt lat="37.954094" lon="-122.678467"><ele>488.4</ele></trkpt><trkpt lat="37.954065" lon="-122.678436"><ele>488.6</ele></trkpt><trkpt lat="37.954055" lon="-122.678401"><ele>488.8</ele></trkpt><trkpt lat="37.954016" lon="-122.678210"><ele>489.8</ele></trkpt><trkpt lat="37.953953" lon="-122.677784"><ele>490.7</ele></trkpt><trkpt lat="37.953959" lon="-122.677690"><ele>490.9</ele></trkpt><trkpt lat="37.953975" lon="-122.677575"><ele>491.1</ele></trkpt><trkpt lat="37.953976" lon="-122.677478"><ele>491.3</ele></trkpt><trkpt lat="37.953966" lon="-122.677388"><ele>491.5</ele></trkpt><trkpt lat="37.953941" lon="-122.677326"><ele>491.6</ele></trkpt><trkpt lat="37.953886" lon="-122.677272"><ele>491.9</ele></trkpt><trkpt lat="37.953815" lon="-122.677218"><ele>492.2</ele></trkpt><trkpt lat="37.953637" lon="-122.677121"><ele>492.8</ele></trkpt><trkpt lat="37.953612" lon="-122.677095"><ele>492.9</ele></trkpt><trkpt lat="37.953595" lon="-122.677061"><ele>493.0</ele></trkpt><trkpt lat="37.953567" lon="-122.676952"><ele>493.3</ele></trkpt><trkpt lat="37.953502" lon="-122.676745"><ele>493.9</ele></trkpt><trkpt lat="37.953502" lon="-122.676745"><ele>493.9</ele></trkpt><trkpt lat="37.953457" lon="-122.676698"><ele>494.1</ele></trkpt><trkpt lat="37.953401" lon="-122.676674"><ele>494.5</ele></trkpt><trkpt lat="37.953345" lon="-122.676668"><ele>494.8</ele></trkpt><trkpt lat="37.953299" lon="-122.676679"><ele>495.0</ele></trkpt><trkpt lat="37.953125" lon="-122.676784"><ele>496.1</ele></trkpt><trkpt lat="37.953055" lon="-122.676816"><ele>496.5</ele></trkpt><trkpt lat="37.952958" lon="-122.676819"><ele>497.0</ele></trkpt><trkpt lat="37.952833" lon="-122.676811"><ele>497.7</ele></trkpt><trkpt lat="37.952726" lon="-122.676767"><ele>498.1</ele></trkpt><trkpt lat="37.952607" lon="-122.676666"><ele>498.3</ele></trkpt><trkpt lat="37.952443" lon="-122.676474"><ele>498.6</ele></trkpt><trkpt lat="37.952263" lon="-122.676368"><ele>498.8</ele></trkpt><trkpt lat="37.952088" lon="-122.676321"><ele>498.3</ele></trkpt><trkpt lat="37.951844" lon="-122.676242"><ele>496.2</ele></trkpt><trkpt lat="37.951619" lon="-122.676220"><ele>494.3</ele></trkpt><trkpt lat="37.951483" lon="-122.676169"><ele>493.1</ele></trkpt><trkpt lat="37.951361" lon="-122.676090"><ele>491.3</ele></trkpt><trkpt lat="37.951299" lon="-122.676011"><ele>490.1</ele></trkpt><trkpt lat="37.951301" lon="-122.675925"><ele>489.1</ele></trkpt><trkpt lat="37.951326" lon="-122.675842"><ele>488.1</ele></trkpt><trkpt lat="37.951564" lon="-122.675637"><ele>484.0</ele></trkpt><trkpt lat="37.951602" lon="-122.675590"><ele>483.2</ele></trkpt><trkpt lat="37.951646" lon="-122.675446"><ele>481.9</ele></trkpt><trkpt lat="37.951740" lon="-122.675220"><ele>480.0</ele></trkpt><trkpt lat="37.951873" lon="-122.675057"><ele>478.3</ele></trkpt><trkpt lat="37.952065" lon="-122.674876"><ele>476.1</ele></trkpt><trkpt lat="37.952100" lon="-122.674816"><ele>475.8</ele></trkpt><trkpt lat="37.952113" lon="-122.674758"><ele>475.9</ele></trkpt><trkpt lat="37.952105" lon="-122.674700"><ele>475.9</ele></trkpt><trkpt lat="37.952070" lon="-122.674575"><ele>476.0</ele></trkpt><trkpt lat="37.951966" lon="-122.674401"><ele>476.1</ele></trkpt><trkpt lat="37.951897" lon="-122.674232"><ele>476.3</ele></trkpt><trkpt lat="37.951861" lon="-122.674006"><ele>476.6</ele></trkpt><trkpt lat="37.951815" lon="-122.673775"><ele>477.8</ele></trkpt><trkpt lat="37.951747" lon="-122.673598"><ele>478.9</ele></trkpt><trkpt lat="37.951679" lon="-122.673459"><ele>479.7</ele></trkpt><trkpt lat="37.951602" lon="-122.673343"><ele>480.5</ele></trkpt><trkpt lat="37.951390" lon="-122.673125"><ele>482.3</ele></trkpt><trkpt lat="37.951345" lon="-122.673085"><ele>482.7</ele></trkpt><trkpt lat="37.951218" lon="-122.672963"><ele>483.7</ele></trkpt><trkpt lat="37.951090" lon="-122.672840"><ele>484.7</ele></trkpt><trkpt lat="37.950918" lon="-122.672799"><ele>485.8</ele></trkpt><trkpt lat="37.950721" lon="-122.672819"><ele>486.1</ele></trkpt><trkpt lat="37.950547" lon="-122.672844"><ele>486.3</ele></trkpt><trkpt lat="37.950409" lon="-122.672798"><ele>486.5</ele></trkpt><trkpt lat="37.950281" lon="-122.672668"><ele>486.7</ele></trkpt><trkpt lat="37.950203" lon="-122.672514"><ele>487.0</ele></trkpt><trkpt lat="37.950189" lon="-122.672300"><ele>487.3</ele></trkpt><trkpt lat="37.950166" lon="-122.672079"><ele>487.7</ele></trkpt><trkpt lat="37.950093" lon="-122.671854"><ele>488.1</ele></trkpt><trkpt lat="37.949997" lon="-122.671614"><ele>489.1</ele></trkpt><trkpt lat="37.949874" lon="-122.671412"><ele>490.5</ele></trkpt><trkpt lat="37.949785" lon="-122.671302"><ele>491.3</ele></trkpt><trkpt lat="37.949681" lon="-122.671190"><ele>492.2</ele></trkpt><trkpt lat="37.949552" lon="-122.671054"><ele>493.4</ele></trkpt><trkpt lat="37.949403" lon="-122.670854"><ele>495.1</ele></trkpt><trkpt lat="37.949331" lon="-122.670689"><ele>496.3</ele></trkpt><trkpt lat="37.949310" lon="-122.670551"><ele>497.2</ele></trkpt><trkpt lat="37.949309" lon="-122.670397"><ele>498.2</ele></trkpt><trkpt lat="37.949282" lon="-122.670251"><ele>499.0</ele></trkpt><trkpt lat="37.949224" lon="-122.670079"><ele>499.5</ele></trkpt><trkpt lat="37.949179" lon="-122.669887"><ele>500.1</ele></trkpt><trkpt lat="37.949151" lon="-122.669647"><ele>500.7</ele></trkpt><trkpt lat="37.949104" lon="-122.669426"><ele>501.4</ele></trkpt><trkpt lat="37.949049" lon="-122.669199"><ele>500.5</ele></trkpt><trkpt lat="37.949009" lon="-122.669055"><ele>499.9</ele></trkpt><trkpt lat="37.948956" lon="-122.668958"><ele>499.4</ele></trkpt><trkpt lat="37.948778" lon="-122.668869"><ele>498.5</ele></trkpt><trkpt lat="37.948606" lon="-122.668798"><ele>497.5</ele></trkpt><trkpt lat="37.948457" lon="-122.668732"><ele>496.4</ele></trkpt><trkpt lat="37.948317" lon="-122.668686"><ele>495.5</ele></trkpt><trkpt lat="37.948160" lon="-122.668686"><ele>494.4</ele></trkpt><trkpt lat="37.947993" lon="-122.668741"><ele>493.3</ele></trkpt><trkpt lat="37.947799" lon="-122.668808"><ele>492.4</ele></trkpt><trkpt lat="37.947653" lon="-122.668892"><ele>491.8</ele></trkpt><trkpt lat="37.947456" lon="-122.669042"><ele>491.0</ele></trkpt><trkpt lat="37.947352" lon="-122.669089"><ele>490.7</ele></trkpt><trkpt lat="37.947237" lon="-122.669090"><ele>490.7</ele></trkpt><trkpt lat="37.947129" lon="-122.669046"><ele>491.3</ele></trkpt><trkpt lat="37.947069" lon="-122.668960"><ele>491.8</ele></trkpt><trkpt lat="37.947032" lon="-122.668833"><ele>492.4</ele></trkpt><trkpt lat="37.947019" lon="-122.668686"><ele>493.0</ele></trkpt><trkpt lat="37.947031" lon="-122.668505"><ele>493.8</ele></trkpt><trkpt lat="37.947034" lon="-122.668342"><ele>494.5</ele></trkpt><trkpt lat="37.946950" lon="-122.668025"><ele>496.1</ele></trkpt><trkpt lat="37.946932" lon="-122.667854"><ele>496.9</ele></trkpt><trkpt lat="37.946948" lon="-122.667635"><ele>497.9</ele></trkpt><trkpt lat="37.946980" lon="-122.667441"><ele>498.7</ele></trkpt><trkpt lat="37.946991" lon="-122.667249"><ele>498.8</ele></trkpt><trkpt lat="37.946964" lon="-122.667084"><ele>498.9</ele></trkpt><trkpt lat="37.946883" lon="-122.666886"><ele>499.1</ele></trkpt><trkpt lat="37.946788" lon="-122.666655"><ele>499.2</ele></trkpt><trkpt lat="37.946698" lon="-122.666500"><ele>498.6</ele></trkpt><trkpt lat="37.946607" lon="-122.666314"><ele>497.7</ele></trkpt><trkpt lat="37.946539" lon="-122.666122"><ele>496.9</ele></trkpt><trkpt lat="37.946524" lon="-122.665931"><ele>496.1</ele></trkpt><trkpt lat="37.946501" lon="-122.665743"><ele>495.4</ele></trkpt><trkpt lat="37.946443" lon="-122.665552"><ele>494.8</ele></trkpt><trkpt lat="37.946357" lon="-122.665363"><ele>494.1</ele></trkpt><trkpt lat="37.946280" lon="-122.665184"><ele>493.5</ele></trkpt><trkpt lat="37.946219" lon="-122.665008"><ele>493.0</ele></trkpt><trkpt lat="37.946165" lon="-122.664890"><ele>492.8</ele></trkpt><trkpt lat="37.946060" lon="-122.664777"><ele>492.6</ele></trkpt><trkpt lat="37.946028" lon="-122.664664"><ele>492.5</ele></trkpt><trkpt lat="37.946010" lon="-122.664519"><ele>492.3</ele></trkpt><trkpt lat="37.945939" lon="-122.664389"><ele>492.2</ele></trkpt><trkpt lat="37.945871" lon="-122.664306"><ele>492.0</ele></trkpt><trkpt lat="37.945745" lon="-122.664212"><ele>492.0</ele></trkpt><trkpt lat="37.945605" lon="-122.664133"><ele>492.1</ele></trkpt><trkpt lat="37.945495" lon="-122.664016"><ele>492.3</ele></trkpt><trkpt lat="37.945437" lon="-122.663847"><ele>492.4</ele></trkpt><trkpt lat="37.945432" lon="-122.663637"><ele>492.5</ele></trkpt><trkpt lat="37.945423" lon="-122.663451"><ele>492.5</ele></trkpt><trkpt lat="37.945376" lon="-122.663298"><ele>492.4</ele></trkpt><trkpt lat="37.945274" lon="-122.663152"><ele>492.2</ele></trkpt><trkpt lat="37.945102" lon="-122.662987"><ele>492.0</ele></trkpt><trkpt lat="37.944975" lon="-122.662885"><ele>491.9</ele></trkpt><trkpt lat="37.944826" lon="-122.662748"><ele>491.6</ele></trkpt><trkpt lat="37.944645" lon="-122.662581"><ele>491.2</ele></trkpt><trkpt lat="37.944483" lon="-122.662421"><ele>490.9</ele></trkpt><trkpt lat="37.944297" lon="-122.662312"><ele>490.3</ele></trkpt><trkpt lat="37.944185" lon="-122.662217"><ele>489.8</ele></trkpt><trkpt lat="37.944086" lon="-122.662003"><ele>489.1</ele></trkpt><trkpt lat="37.943949" lon="-122.661831"><ele>488.5</ele></trkpt><trkpt lat="37.943759" lon="-122.661669"><ele>487.5</ele></trkpt><trkpt lat="37.943588" lon="-122.661479"><ele>486.4</ele></trkpt><trkpt lat="37.943464" lon="-122.661371"><ele>485.8</ele></trkpt><trkpt lat="37.943345" lon="-122.661326"><ele>485.2</ele></trkpt><trkpt lat="37.943106" lon="-122.661347"><ele>484.4</ele></trkpt><trkpt lat="37.942983" lon="-122.661328"><ele>484.0</ele></trkpt><trkpt lat="37.942881" lon="-122.661272"><ele>483.7</ele></trkpt><trkpt lat="37.942823" lon="-122.661152"><ele>483.4</ele></trkpt><trkpt lat="37.942782" lon="-122.661017"><ele>483.0</ele></trkpt><trkpt lat="37.942735" lon="-122.660920"><ele>482.8</ele></trkpt><trkpt lat="37.942637" lon="-122.660837"><ele>482.4</ele></trkpt><trkpt lat="37.942518" lon="-122.660796"><ele>482.0</ele></trkpt><trkpt lat="37.942374" lon="-122.660798"><ele>481.5</ele></trkpt><trkpt lat="37.942270" lon="-122.660787"><ele>481.1</ele></trkpt><trkpt lat="37.942196" lon="-122.660739"><ele>480.8</ele></trkpt><trkpt lat="37.942147" lon="-122.660626"><ele>480.5</ele></trkpt><trkpt lat="37.942116" lon="-122.660498"><ele>480.3</ele></trkpt><trkpt lat="37.942095" lon="-122.660256"><ele>480.0</ele></trkpt><trkpt lat="37.942063" lon="-122.660076"><ele>479.8</ele></trkpt><trkpt lat="37.941988" lon="-122.659938"><ele>479.7</ele></trkpt><trkpt lat="37.941732" lon="-122.659709"><ele>479.1</ele></trkpt><trkpt lat="37.941532" lon="-122.659543"><ele>478.5</ele></trkpt><trkpt lat="37.941415" lon="-122.659458"><ele>478.2</ele></trkpt><trkpt lat="37.941350" lon="-122.659433"><ele>478.0</ele></trkpt><trkpt lat="37.941228" lon="-122.659472"><ele>477.7</ele></trkpt><trkpt lat="37.941069" lon="-122.659586"><ele>476.9</ele></trkpt><trkpt lat="37.941005" lon="-122.659610"><ele>476.6</ele></trkpt><trkpt lat="37.940951" lon="-122.659593"><ele>476.3</ele></trkpt><trkpt lat="37.940936" lon="-122.659534"><ele>476.1</ele></trkpt><trkpt lat="37.940935" lon="-122.659444"><ele>475.8</ele></trkpt><trkpt lat="37.940877" lon="-122.658997"><ele>473.9</ele></trkpt><trkpt lat="37.940825" lon="-122.658819"><ele>472.5</ele></trkpt><trkpt lat="37.940761" lon="-122.658690"><ele>471.4</ele></trkpt><trkpt lat="37.940638" lon="-122.658558"><ele>469.9</ele></trkpt><trkpt lat="37.940447" lon="-122.658385"><ele>467.7</ele></trkpt><trkpt lat="37.940294" lon="-122.658318"><ele>466.3</ele></trkpt><trkpt lat="37.940203" lon="-122.658300"><ele>465.5</ele></trkpt><trkpt lat="37.939640" lon="-122.658449"><ele>461.1</ele></trkpt><trkpt lat="37.939437" lon="-122.658555"><ele>460.3</ele></trkpt><trkpt lat="37.939396" lon="-122.658496"><ele>460.1</ele></trkpt><trkpt lat="37.939370" lon="-122.658445"><ele>459.9</ele></trkpt><trkpt lat="37.939362" lon="-122.658402"><ele>459.7</ele></trkpt><trkpt lat="37.939365" lon="-122.658368"><ele>459.6</ele></trkpt><trkpt lat="37.939287" lon="-122.658360"><ele>459.3</ele></trkpt><trkpt lat="37.939241" lon="-122.658345"><ele>459.2</ele></trkpt><trkpt lat="37.939184" lon="-122.658321"><ele>458.9</ele></trkpt><trkpt lat="37.939132" lon="-122.658294"><ele>458.7</ele></trkpt><trkpt lat="37.938909" lon="-122.658104"><ele>458.5</ele></trkpt><trkpt lat="37.938855" lon="-122.658072"><ele>458.4</ele></trkpt><trkpt lat="37.938792" lon="-122.658042"><ele>458.4</ele></trkpt><trkpt lat="37.938716" lon="-122.658017"><ele>458.3</ele></trkpt><trkpt lat="37.938656" lon="-122.658005"><ele>458.3</ele></trkpt><trkpt lat="37.938342" lon="-122.658008"><ele>458.0</ele></trkpt><trkpt lat="37.938309" lon="-122.657992"><ele>457.9</ele></trkpt><trkpt lat="37.938275" lon="-122.657956"><ele>457.9</ele></trkpt><trkpt lat="37.938251" lon="-122.657915"><ele>457.8</ele></trkpt><trkpt lat="37.938228" lon="-122.657868"><ele>457.8</ele></trkpt><trkpt lat="37.938119" lon="-122.657402"><ele>457.3</ele></trkpt><trkpt lat="37.938093" lon="-122.657342"><ele>457.2</ele></trkpt><trkpt lat="37.938058" lon="-122.657290"><ele>457.0</ele></trkpt><trkpt lat="37.938008" lon="-122.657237"><ele>456.8</ele></trkpt><trkpt lat="37.937960" lon="-122.657205"><ele>456.6</ele></trkpt><trkpt lat="37.937757" lon="-122.657104"><ele>455.9</ele></trkpt><trkpt lat="37.937633" lon="-122.657044"><ele>455.4</ele></trkpt><trkpt lat="37.937470" lon="-122.657011"><ele>454.9</ele></trkpt><trkpt lat="37.937366" lon="-122.656992"><ele>454.9</ele></trkpt><trkpt lat="37.937257" lon="-122.656974"><ele>455.0</ele></trkpt><trkpt lat="37.937085" lon="-122.656961"><ele>455.2</ele></trkpt><trkpt lat="37.937027" lon="-122.656939"><ele>455.3</ele></trkpt><trkpt lat="37.936971" lon="-122.656912"><ele>455.4</ele></trkpt><trkpt lat="37.936928" lon="-122.656880"><ele>455.4</ele></trkpt><trkpt lat="37.936897" lon="-122.656852"><ele>455.5</ele></trkpt><trkpt lat="37.936871" lon="-122.656810"><ele>455.5</ele></trkpt><trkpt lat="37.936848" lon="-122.656764"><ele>455.6</ele></trkpt><trkpt lat="37.936826" lon="-122.656708"><ele>455.6</ele></trkpt><trkpt lat="37.936810" lon="-122.656644"><ele>455.7</ele></trkpt><trkpt lat="37.936801" lon="-122.656578"><ele>455.7</ele></trkpt><trkpt lat="37.936793" lon="-122.656416"><ele>455.8</ele></trkpt><trkpt lat="37.936791" lon="-122.656177"><ele>455.8</ele></trkpt><trkpt lat="37.936786" lon="-122.656095"><ele>455.9</ele></trkpt><trkpt lat="37.936779" lon="-122.656030"><ele>455.9</ele></trkpt><trkpt lat="37.936769" lon="-122.655956"><ele>455.9</ele></trkpt><trkpt lat="37.936756" lon="-122.655895"><ele>455.9</ele></trkpt><trkpt lat="37.936735" lon="-122.655835"><ele>456.0</ele></trkpt><trkpt lat="37.936653" lon="-122.655603"><ele>456.3</ele></trkpt><trkpt lat="37.936539" lon="-122.655383"><ele>456.6</ele></trkpt><trkpt lat="37.936454" lon="-122.655231"><ele>456.9</ele></trkpt><trkpt lat="37.936383" lon="-122.655130"><ele>457.0</ele></trkpt><trkpt lat="37.936338" lon="-122.655060"><ele>457.2</ele></trkpt><trkpt lat="37.936282" lon="-122.654954"><ele>457.1</ele></trkpt><trkpt lat="37.936247" lon="-122.654853"><ele>456.9</ele></trkpt><trkpt lat="37.936202" lon="-122.654699"><ele>456.7</ele></trkpt><trkpt lat="37.936134" lon="-122.654468"><ele>456.4</ele></trkpt><trkpt lat="37.936068" lon="-122.654321"><ele>456.2</ele></trkpt><trkpt lat="37.935988" lon="-122.654188"><ele>456.0</ele></trkpt><trkpt lat="37.935789" lon="-122.653943"><ele>456.2</ele></trkpt><trkpt lat="37.935739" lon="-122.653864"><ele>456.3</ele></trkpt><trkpt lat="37.935689" lon="-122.653762"><ele>456.4</ele></trkpt><trkpt lat="37.935536" lon="-122.653377"><ele>456.5</ele></trkpt><trkpt lat="37.935346" lon="-122.652899"><ele>456.4</ele></trkpt><trkpt lat="37.935330" lon="-122.652830"><ele>456.3</ele></trkpt><trkpt lat="37.935323" lon="-122.652763"><ele>456.3</ele></trkpt><trkpt lat="37.935317" lon="-122.652569"><ele>456.5</ele></trkpt><trkpt lat="37.935328" lon="-122.652483"><ele>456.8</ele></trkpt><trkpt lat="37.935342" lon="-122.652403"><ele>457.0</ele></trkpt><trkpt lat="37.935364" lon="-122.652312"><ele>457.2</ele></trkpt><trkpt lat="37.935453" lon="-122.652027"><ele>458.0</ele></trkpt><trkpt lat="37.935577" lon="-122.651603"><ele>459.8</ele></trkpt><trkpt lat="37.935773" lon="-122.650998"><ele>463.5</ele></trkpt><trkpt lat="37.935796" lon="-122.650898"><ele>464.2</ele></trkpt><trkpt lat="37.935799" lon="-122.650774"><ele>465.3</ele></trkpt><trkpt lat="37.935780" lon="-122.650663"><ele>466.3</ele></trkpt><trkpt lat="37.935741" lon="-122.650562"><ele>467.3</ele></trkpt><trkpt lat="37.935079" lon="-122.649161"><ele>482.0</ele></trkpt><trkpt lat="37.934710" lon="-122.648370"><ele>487.8</ele></trkpt><trkpt lat="37.934275" lon="-122.647486"><ele>491.8</ele></trkpt><trkpt lat="37.933914" lon="-122.646689"><ele>492.8</ele></trkpt><trkpt lat="37.933828" lon="-122.646549"><ele>492.9</ele></trkpt><trkpt lat="37.933747" lon="-122.646457"><ele>493.0</ele></trkpt><trkpt lat="37.933657" lon="-122.646395"><ele>493.1</ele></trkpt><trkpt lat="37.933565" lon="-122.646368"><ele>493.2</ele></trkpt><trkpt lat="37.933413" lon="-122.646333"><ele>493.8</ele></trkpt><trkpt lat="37.933303" lon="-122.646298"><ele>494.3</ele></trkpt><trkpt lat="37.933138" lon="-122.646201"><ele>495.0</ele></trkpt><trkpt lat="37.932828" lon="-122.645993"><ele>496.7</ele></trkpt><trkpt lat="37.932297" lon="-122.645698"><ele>500.6</ele></trkpt><trkpt lat="37.932135" lon="-122.645592"><ele>502.3</ele></trkpt><trkpt lat="37.931961" lon="-122.645464"><ele>504.3</ele></trkpt><trkpt lat="37.931840" lon="-122.645383"><ele>505.7</ele></trkpt><trkpt lat="37.931711" lon="-122.645305"><ele>507.1</ele></trkpt><trkpt lat="37.931532" lon="-122.645211"><ele>508.7</ele></trkpt><trkpt lat="37.931383" lon="-122.645126"><ele>509.6</ele></trkpt><trkpt lat="37.931098" lon="-122.644945"><ele>511.2</ele></trkpt><trkpt lat="37.930885" lon="-122.644811"><ele>512.0</ele></trkpt><trkpt lat="37.930705" lon="-122.644713"><ele>511.6</ele></trkpt><trkpt lat="37.930517" lon="-122.644623"><ele>511.3</ele></trkpt><trkpt lat="37.930080" lon="-122.644428"><ele>509.7</ele></trkpt><trkpt lat="37.929775" lon="-122.644270"><ele>507.9</ele></trkpt><trkpt lat="37.929504" lon="-122.644069"><ele>506.3</ele></trkpt><trkpt lat="37.929123" lon="-122.643729"><ele>503.9</ele></trkpt><trkpt lat="37.928728" lon="-122.643394"><ele>503.4</ele></trkpt><trkpt lat="37.928074" lon="-122.642789"><ele>504.1</ele></trkpt><trkpt lat="37.927721" lon="-122.642497"><ele>504.8</ele></trkpt><trkpt lat="37.927533" lon="-122.642369"><ele>505.3</ele></trkpt><trkpt lat="37.927346" lon="-122.642231"><ele>505.9</ele></trkpt><trkpt lat="37.927154" lon="-122.642052"><ele>506.3</ele></trkpt><trkpt lat="37.926948" lon="-122.641833"><ele>506.4</ele></trkpt><trkpt lat="37.926736" lon="-122.641620"><ele>506.5</ele></trkpt><trkpt lat="37.926555" lon="-122.641453"><ele>506.8</ele></trkpt><trkpt lat="37.926363" lon="-122.641266"><ele>507.3</ele></trkpt><trkpt lat="37.926263" lon="-122.641186"><ele>507.6</ele></trkpt><trkpt lat="37.926159" lon="-122.641131"><ele>507.8</ele></trkpt><trkpt lat="37.926008" lon="-122.641073"><ele>508.3</ele></trkpt><trkpt lat="37.925895" lon="-122.641018"><ele>509.2</ele></trkpt><trkpt lat="37.925786" lon="-122.640951"><ele>510.0</ele></trkpt><trkpt lat="37.925710" lon="-122.640906"><ele>510.6</ele></trkpt><trkpt lat="37.925648" lon="-122.640881"><ele>511.1</ele></trkpt><trkpt lat="37.925563" lon="-122.640861"><ele>511.7</ele></trkpt><trkpt lat="37.925463" lon="-122.640828"><ele>512.4</ele></trkpt><trkpt lat="37.925355" lon="-122.640773"><ele>513.3</ele></trkpt><trkpt lat="37.925212" lon="-122.640688"><ele>515.2</ele></trkpt><trkpt lat="37.924773" lon="-122.640479"><ele>521.1</ele></trkpt><trkpt lat="37.924675" lon="-122.640424"><ele>522.5</ele></trkpt><trkpt lat="37.924609" lon="-122.640367"><ele>523.1</ele></trkpt><trkpt lat="37.924553" lon="-122.640284"><ele>523.9</ele></trkpt><trkpt lat="37.924520" lon="-122.640196"><ele>524.5</ele></trkpt><trkpt lat="37.924513" lon="-122.640106"><ele>525.1</ele></trkpt><trkpt lat="37.924531" lon="-122.640003"><ele>525.8</ele></trkpt><trkpt lat="37.924587" lon="-122.639888"><ele>526.7</ele></trkpt><trkpt lat="37.924678" lon="-122.639780"><ele>527.8</ele></trkpt><trkpt lat="37.924779" lon="-122.639674"><ele>528.7</ele></trkpt><trkpt lat="37.924812" lon="-122.639631"><ele>528.9</ele></trkpt><trkpt lat="37.924836" lon="-122.639571"><ele>529.1</ele></trkpt><trkpt lat="37.924846" lon="-122.639512"><ele>529.3</ele></trkpt><trkpt lat="37.924846" lon="-122.639455"><ele>529.5</ele></trkpt><trkpt lat="37.924824" lon="-122.639323"><ele>530.0</ele></trkpt><trkpt lat="37.924787" lon="-122.639191"><ele>530.5</ele></trkpt><trkpt lat="37.924733" lon="-122.639055"><ele>531.0</ele></trkpt><trkpt lat="37.924675" lon="-122.638946"><ele>531.4</ele></trkpt><trkpt lat="37.924635" lon="-122.638882"><ele>531.7</ele></trkpt><trkpt lat="37.924552" lon="-122.638763"><ele>532.1</ele></trkpt><trkpt lat="37.924462" lon="-122.638658"><ele>532.5</ele></trkpt><trkpt lat="37.924162" lon="-122.638332"><ele>533.8</ele></trkpt><trkpt lat="37.924033" lon="-122.638178"><ele>534.7</ele></trkpt><trkpt lat="37.923909" lon="-122.638004"><ele>535.7</ele></trkpt><trkpt lat="37.923744" lon="-122.637738"><ele>537.2</ele></trkpt><trkpt lat="37.923613" lon="-122.637505"><ele>538.5</ele></trkpt><trkpt lat="37.923497" lon="-122.637273"><ele>539.9</ele></trkpt><trkpt lat="37.923349" lon="-122.636875"><ele>542.1</ele></trkpt><trkpt lat="37.923263" lon="-122.636572"><ele>543.7</ele></trkpt><trkpt lat="37.923160" lon="-122.636280"><ele>545.3</ele></trkpt><trkpt lat="37.923056" lon="-122.636010"><ele>546.8</ele></trkpt><trkpt lat="37.922922" lon="-122.635729"><ele>548.3</ele></trkpt><trkpt lat="37.922855" lon="-122.635557"><ele>549.2</ele></trkpt><trkpt lat="37.922774" lon="-122.635287"><ele>550.6</ele></trkpt><trkpt lat="37.922730" lon="-122.635158"><ele>551.2</ele></trkpt><trkpt lat="37.922646" lon="-122.635007"><ele>552.4</ele></trkpt><trkpt lat="37.922528" lon="-122.634841"><ele>554.0</ele></trkpt><trkpt lat="37.922329" lon="-122.634574"><ele>556.6</ele></trkpt><trkpt lat="37.922018" lon="-122.634124"><ele>561.6</ele></trkpt><trkpt lat="37.921938" lon="-122.634002"><ele>563.1</ele></trkpt><trkpt lat="37.921889" lon="-122.633896"><ele>564.2</ele></trkpt><trkpt lat="37.921839" lon="-122.633741"><ele>565.8</ele></trkpt><trkpt lat="37.921799" lon="-122.633611"><ele>567.1</ele></trkpt><trkpt lat="37.921747" lon="-122.633507"><ele>568.3</ele></trkpt><trkpt lat="37.921676" lon="-122.633418"><ele>569.5</ele></trkpt><trkpt lat="37.921587" lon="-122.633335"><ele>570.8</ele></trkpt><trkpt lat="37.921511" lon="-122.633268"><ele>572.0</ele></trkpt><trkpt lat="37.921441" lon="-122.633185"><ele>573.1</ele></trkpt><trkpt lat="37.921395" lon="-122.633091"><ele>574.2</ele></trkpt><trkpt lat="37.921369" lon="-122.632984"><ele>575.2</ele></trkpt><trkpt lat="37.921377" lon="-122.632787"><ele>577.0</ele></trkpt><trkpt lat="37.921374" lon="-122.632678"><ele>578.0</ele></trkpt><trkpt lat="37.921346" lon="-122.632564"><ele>579.1</ele></trkpt><trkpt lat="37.921274" lon="-122.632413"><ele>580.6</ele></trkpt><trkpt lat="37.921161" lon="-122.632230"><ele>582.7</ele></trkpt><trkpt lat="37.921114" lon="-122.632154"><ele>583.3</ele></trkpt><trkpt lat="37.921081" lon="-122.632071"><ele>583.6</ele></trkpt><trkpt lat="37.921033" lon="-122.631922"><ele>584.2</ele></trkpt><trkpt lat="37.920932" lon="-122.631517"><ele>585.8</ele></trkpt><trkpt lat="37.920870" lon="-122.631319"><ele>586.6</ele></trkpt><trkpt lat="37.920632" lon="-122.630608"><ele>588.3</ele></trkpt><trkpt lat="37.920549" lon="-122.630323"><ele>588.6</ele></trkpt><trkpt lat="37.920506" lon="-122.630209"><ele>588.7</ele></trkpt><trkpt lat="37.920445" lon="-122.630095"><ele>588.7</ele></trkpt><trkpt lat="37.920363" lon="-122.629990"><ele>588.8</ele></trkpt><trkpt lat="37.919783" lon="-122.629411"><ele>588.4</ele></trkpt><trkpt lat="37.919349" lon="-122.629015"><ele>588.1</ele></trkpt><trkpt lat="37.919267" lon="-122.628947"><ele>588.1</ele></trkpt><trkpt lat="37.919186" lon="-122.628891"><ele>588.0</ele></trkpt><trkpt lat="37.919037" lon="-122.628819"><ele>588.0</ele></trkpt><trkpt lat="37.918886" lon="-122.628765"><ele>587.8</ele></trkpt><trkpt lat="37.918737" lon="-122.628743"><ele>587.6</ele></trkpt><trkpt lat="37.918593" lon="-122.628741"><ele>587.5</ele></trkpt><trkpt lat="37.918460" lon="-122.628757"><ele>587.3</ele></trkpt><trkpt lat="37.918309" lon="-122.628798"><ele>587.1</ele></trkpt><trkpt lat="37.918028" lon="-122.628886"><ele>589.3</ele></trkpt><trkpt lat="37.917903" lon="-122.628911"><ele>590.5</ele></trkpt><trkpt lat="37.917786" lon="-122.628923"><ele>591.6</ele></trkpt><trkpt lat="37.917673" lon="-122.628921"><ele>592.6</ele></trkpt><trkpt lat="37.917316" lon="-122.628868"><ele>596.8</ele></trkpt><trkpt lat="37.917224" lon="-122.628861"><ele>598.0</ele></trkpt><trkpt lat="37.917034" lon="-122.628858"><ele>600.4</ele></trkpt><trkpt lat="37.916817" lon="-122.628848"><ele>603.2</ele></trkpt><trkpt lat="37.916712" lon="-122.628834"><ele>604.5</ele></trkpt><trkpt lat="37.916627" lon="-122.628806"><ele>605.5</ele></trkpt><trkpt lat="37.916557" lon="-122.628760"><ele>606.5</ele></trkpt><trkpt lat="37.916489" lon="-122.628686"><ele>607.6</ele></trkpt><trkpt lat="37.916421" lon="-122.628569"><ele>609.0</ele></trkpt><trkpt lat="37.916371" lon="-122.628435"><ele>610.4</ele></trkpt><trkpt lat="37.916347" lon="-122.628287"><ele>611.8</ele></trkpt><trkpt lat="37.916359" lon="-122.628135"><ele>612.3</ele></trkpt><trkpt lat="37.916384" lon="-122.628008"><ele>612.7</ele></trkpt><trkpt lat="37.916424" lon="-122.627855"><ele>613.3</ele></trkpt><trkpt lat="37.916435" lon="-122.627746"><ele>613.6</ele></trkpt><trkpt lat="37.916420" lon="-122.627660"><ele>613.9</ele></trkpt><trkpt lat="37.916392" lon="-122.627594"><ele>614.2</ele></trkpt><trkpt lat="37.916337" lon="-122.627522"><ele>614.5</ele></trkpt><trkpt lat="37.916269" lon="-122.627461"><ele>614.7</ele></trkpt><trkpt lat="37.916138" lon="-122.627371"><ele>614.3</ele></trkpt><trkpt lat="37.915938" lon="-122.627241"><ele>613.6</ele></trkpt><trkpt lat="37.915771" lon="-122.627143"><ele>613.1</ele></trkpt><trkpt lat="37.915651" lon="-122.627089"><ele>612.7</ele></trkpt><trkpt lat="37.915443" lon="-122.627004"><ele>612.2</ele></trkpt><trkpt lat="37.915199" lon="-122.626903"><ele>611.7</ele></trkpt><trkpt lat="37.914958" lon="-122.626807"><ele>611.1</ele></trkpt><trkpt lat="37.914668" lon="-122.626689"><ele>610.0</ele></trkpt><trkpt lat="37.914414" lon="-122.626566"><ele>609.0</ele></trkpt><trkpt lat="37.914331" lon="-122.626519"><ele>608.6</ele></trkpt><trkpt lat="37.914263" lon="-122.626451"><ele>608.4</ele></trkpt><trkpt lat="37.914213" lon="-122.626365"><ele>608.2</ele></trkpt><trkpt lat="37.914168" lon="-122.626246"><ele>608.0</ele></trkpt><trkpt lat="37.914097" lon="-122.626050"><ele>607.7</ele></trkpt><trkpt lat="37.914050" lon="-122.625949"><ele>607.6</ele></trkpt><trkpt lat="37.913994" lon="-122.625866"><ele>607.4</ele></trkpt><trkpt lat="37.913929" lon="-122.625798"><ele>607.3</ele></trkpt><trkpt lat="37.913848" lon="-122.625749"><ele>607.2</ele></trkpt><trkpt lat="37.913744" lon="-122.625707"><ele>606.8</ele></trkpt><trkpt lat="37.913643" lon="-122.625661"><ele>606.4</ele></trkpt><trkpt lat="37.913553" lon="-122.625609"><ele>606.1</ele></trkpt><trkpt lat="37.913443" lon="-122.625527"><ele>605.6</ele></trkpt><trkpt lat="37.913326" lon="-122.625424"><ele>605.1</ele></trkpt><trkpt lat="37.913243" lon="-122.625336"><ele>604.8</ele></trkpt><trkpt lat="37.913179" lon="-122.625237"><ele>604.7</ele></trkpt><trkpt lat="37.913126" lon="-122.625118"><ele>604.6</ele></trkpt><trkpt lat="37.913043" lon="-122.624906"><ele>604.4</ele></trkpt><trkpt lat="37.912990" lon="-122.624791"><ele>604.3</ele></trkpt><trkpt lat="37.912925" lon="-122.624700"><ele>604.2</ele></trkpt><trkpt lat="37.912851" lon="-122.624636"><ele>604.2</ele></trkpt><trkpt lat="37.912763" lon="-122.624601"><ele>604.1</ele></trkpt><trkpt lat="37.912668" lon="-122.624597"><ele>603.9</ele></trkpt><trkpt lat="37.912600" lon="-122.624607"><ele>603.9</ele></trkpt><trkpt lat="37.912522" lon="-122.624653"><ele>603.8</ele></trkpt><trkpt lat="37.912458" lon="-122.624728"><ele>603.6</ele></trkpt><trkpt lat="37.912343" lon="-122.624890"><ele>603.4</ele></trkpt><trkpt lat="37.911881" lon="-122.625504"><ele>603.0</ele></trkpt><trkpt lat="37.911794" lon="-122.625606"><ele>602.9</ele></trkpt><trkpt lat="37.911728" lon="-122.625660"><ele>602.9</ele></trkpt><trkpt lat="37.911656" lon="-122.625678"><ele>602.9</ele></trkpt><trkpt lat="37.911582" lon="-122.625668"><ele>603.0</ele></trkpt><trkpt lat="37.911517" lon="-122.625635"><ele>603.1</ele></trkpt><trkpt lat="37.911460" lon="-122.625579"><ele>603.1</ele></trkpt><trkpt lat="37.911395" lon="-122.625499"><ele>603.2</ele></trkpt><trkpt lat="37.911304" lon="-122.625356"><ele>603.3</ele></trkpt><trkpt lat="37.911242" lon="-122.625220"><ele>603.4</ele></trkpt><trkpt lat="37.911197" lon="-122.625073"><ele>603.6</ele></trkpt><trkpt lat="37.911164" lon="-122.624917"><ele>603.9</ele></trkpt><trkpt lat="37.911146" lon="-122.624715"><ele>604.3</ele></trkpt><trkpt lat="37.911129" lon="-122.624570"><ele>604.6</ele></trkpt><trkpt lat="37.911113" lon="-122.624460"><ele>604.8</ele></trkpt><trkpt lat="37.911075" lon="-122.624318"><ele>605.1</ele></trkpt><trkpt lat="37.911002" lon="-122.624114"><ele>605.6</ele></trkpt><trkpt lat="37.910945" lon="-122.623946"><ele>606.0</ele></trkpt><trkpt lat="37.910910" lon="-122.623820"><ele>606.3</ele></trkpt><trkpt lat="37.910895" lon="-122.623687"><ele>606.6</ele></trkpt><trkpt lat="37.910888" lon="-122.623506"><ele>607.1</ele></trkpt><trkpt lat="37.910891" lon="-122.622903"><ele>608.2</ele></trkpt><trkpt lat="37.910882" lon="-122.622566"><ele>608.8</ele></trkpt><trkpt lat="37.910848" lon="-122.622193"><ele>610.0</ele></trkpt><trkpt lat="37.910785" lon="-122.621609"><ele>612.3</ele></trkpt><trkpt lat="37.910745" lon="-122.621337"><ele>613.9</ele></trkpt><trkpt lat="37.910695" lon="-122.621073"><ele>615.6</ele></trkpt><trkpt lat="37.910620" lon="-122.620822"><ele>617.3</ele></trkpt><trkpt lat="37.910506" lon="-122.620596"><ele>618.8</ele></trkpt><trkpt lat="37.910401" lon="-122.620451"><ele>619.5</ele></trkpt><trkpt lat="37.910317" lon="-122.620362"><ele>620.0</ele></trkpt><trkpt lat="37.910216" lon="-122.620291"><ele>620.6</ele></trkpt><trkpt lat="37.910076" lon="-122.620224"><ele>621.3</ele></trkpt><trkpt lat="37.909837" lon="-122.620126"><ele>621.7</ele></trkpt><trkpt lat="37.909762" lon="-122.620082"><ele>621.7</ele></trkpt><trkpt lat="37.909710" lon="-122.620039"><ele>621.7</ele></trkpt><trkpt lat="37.909665" lon="-122.619993"><ele>621.6</ele></trkpt><trkpt lat="37.909631" lon="-122.619956"><ele>621.6</ele></trkpt><trkpt lat="37.909552" lon="-122.619857"><ele>621.6</ele></trkpt><trkpt lat="37.909427" lon="-122.619674"><ele>621.5</ele></trkpt><trkpt lat="37.909333" lon="-122.619513"><ele>620.7</ele></trkpt><trkpt lat="37.909255" lon="-122.619329"><ele>619.7</ele></trkpt><trkpt lat="37.909204" lon="-122.619119"><ele>618.6</ele></trkpt><trkpt lat="37.909173" lon="-122.618890"><ele>617.4</ele></trkpt><trkpt lat="37.909171" lon="-122.618690"><ele>616.5</ele></trkpt><trkpt lat="37.909201" lon="-122.618487"><ele>615.5</ele></trkpt><trkpt lat="37.909259" lon="-122.618219"><ele>614.2</ele></trkpt><trkpt lat="37.909284" lon="-122.618049"><ele>613.4</ele></trkpt><trkpt lat="37.909299" lon="-122.617779"><ele>612.1</ele></trkpt><trkpt lat="37.909291" lon="-122.617595"><ele>611.3</ele></trkpt><trkpt lat="37.909274" lon="-122.617441"><ele>610.5</ele></trkpt><trkpt lat="37.909243" lon="-122.617301"><ele>609.8</ele></trkpt><trkpt lat="37.909173" lon="-122.617011"><ele>608.4</ele></trkpt><trkpt lat="37.909131" lon="-122.616804"><ele>607.6</ele></trkpt><trkpt lat="37.909081" lon="-122.616525"><ele>606.6</ele></trkpt><trkpt lat="37.909054" lon="-122.616311"><ele>605.8</ele></trkpt><trkpt lat="37.909053" lon="-122.616177"><ele>605.3</ele></trkpt><trkpt lat="37.909068" lon="-122.616053"><ele>604.9</ele></trkpt><trkpt lat="37.909105" lon="-122.615926"><ele>604.5</ele></trkpt><trkpt lat="37.909166" lon="-122.615779"><ele>604.1</ele></trkpt><trkpt lat="37.909259" lon="-122.615605"><ele>603.5</ele></trkpt><trkpt lat="37.909448" lon="-122.615289"><ele>602.6</ele></trkpt><trkpt lat="37.909650" lon="-122.614976"><ele>603.0</ele></trkpt><trkpt lat="37.909813" lon="-122.614735"><ele>603.4</ele></trkpt><trkpt lat="37.909965" lon="-122.614503"><ele>603.7</ele></trkpt><trkpt lat="37.910115" lon="-122.614238"><ele>604.2</ele></trkpt><trkpt lat="37.910367" lon="-122.613728"><ele>604.6</ele></trkpt><trkpt lat="37.910440" lon="-122.613569"><ele>604.5</ele></trkpt><trkpt lat="37.910485" lon="-122.613423"><ele>604.4</ele></trkpt><trkpt lat="37.910512" lon="-122.613292"><ele>604.3</ele></trkpt><trkpt lat="37.910531" lon="-122.613156"><ele>604.2</ele></trkpt><trkpt lat="37.910540" lon="-122.613027"><ele>604.1</ele></trkpt><trkpt lat="37.910540" lon="-122.612924"><ele>603.4</ele></trkpt><trkpt lat="37.910536" lon="-122.612863"><ele>603.0</ele></trkpt><trkpt lat="37.910521" lon="-122.612774"><ele>602.3</ele></trkpt><trkpt lat="37.910502" lon="-122.612706"><ele>601.9</ele></trkpt><trkpt lat="37.910456" lon="-122.612576"><ele>600.9</ele></trkpt><trkpt lat="37.910411" lon="-122.612621"><ele>600.4</ele></trkpt><trkpt lat="37.910355" lon="-122.612658"><ele>599.9</ele></trkpt><trkpt lat="37.910285" lon="-122.612684"><ele>599.2</ele></trkpt><trkpt lat="37.910214" lon="-122.612693"><ele>598.6</ele></trkpt><trkpt lat="37.910108" lon="-122.612695"><ele>597.8</ele></trkpt><trkpt lat="37.909996" lon="-122.612692"><ele>597.0</ele></trkpt><trkpt lat="37.909880" lon="-122.612677"><ele>596.2</ele></trkpt><trkpt lat="37.909761" lon="-122.612647"><ele>595.4</ele></trkpt><trkpt lat="37.909662" lon="-122.612624"><ele>594.8</ele></trkpt><trkpt lat="37.909583" lon="-122.612623"><ele>594.2</ele></trkpt><trkpt lat="37.909502" lon="-122.612644"><ele>593.7</ele></trkpt><trkpt lat="37.909417" lon="-122.612688"><ele>593.0</ele></trkpt><trkpt lat="37.909326" lon="-122.612765"><ele>592.2</ele></trkpt><trkpt lat="37.909263" lon="-122.612845"><ele>591.5</ele></trkpt><trkpt lat="37.909221" lon="-122.612927"><ele>590.8</ele></trkpt><trkpt lat="37.909175" lon="-122.613074"><ele>589.8</ele></trkpt><trkpt lat="37.909138" lon="-122.613157"><ele>589.2</ele></trkpt><trkpt lat="37.909094" lon="-122.613211"><ele>588.8</ele></trkpt><trkpt lat="37.909039" lon="-122.613246"><ele>588.3</ele></trkpt><trkpt lat="37.908963" lon="-122.613273"><ele>587.6</ele></trkpt><trkpt lat="37.908895" lon="-122.613309"><ele>587.1</ele></trkpt><trkpt lat="37.908833" lon="-122.613357"><ele>586.7</ele></trkpt><trkpt lat="37.908793" lon="-122.613403"><ele>586.5</ele></trkpt><trkpt lat="37.908756" lon="-122.613465"><ele>586.1</ele></trkpt><trkpt lat="37.908720" lon="-122.613555"><ele>585.7</ele></trkpt><trkpt lat="37.908679" lon="-122.613697"><ele>585.0</ele></trkpt><trkpt lat="37.908638" lon="-122.613808"><ele>584.5</ele></trkpt><trkpt lat="37.908578" lon="-122.613919"><ele>583.9</ele></trkpt><trkpt lat="37.908481" lon="-122.614071"><ele>582.8</ele></trkpt><trkpt lat="37.908407" lon="-122.614167"><ele>581.7</ele></trkpt><trkpt lat="37.908352" lon="-122.614219"><ele>581.0</ele></trkpt><trkpt lat="37.908296" lon="-122.614252"><ele>580.4</ele></trkpt><trkpt lat="37.908242" lon="-122.614268"><ele>579.8</ele></trkpt><trkpt lat="37.908182" lon="-122.614266"><ele>579.2</ele></trkpt><trkpt lat="37.908115" lon="-122.614236"><ele>578.5</ele></trkpt><trkpt lat="37.908028" lon="-122.614168"><ele>577.4</ele></trkpt><trkpt lat="37.907944" lon="-122.614110"><ele>576.4</ele></trkpt><trkpt lat="37.907881" lon="-122.614096"><ele>575.9</ele></trkpt><trkpt lat="37.907813" lon="-122.614105"><ele>575.5</ele></trkpt><trkpt lat="37.907744" lon="-122.614135"><ele>575.0</ele></trkpt><trkpt lat="37.907667" lon="-122.614206"><ele>574.4</ele></trkpt><trkpt lat="37.907587" lon="-122.614305"><ele>573.7</ele></trkpt><trkpt lat="37.907507" lon="-122.614429"><ele>572.9</ele></trkpt><trkpt lat="37.907404" lon="-122.614617"><ele>571.8</ele></trkpt><trkpt lat="37.907344" lon="-122.614726"><ele>570.9</ele></trkpt><trkpt lat="37.907294" lon="-122.614795"><ele>570.2</ele></trkpt><trkpt lat="37.907253" lon="-122.614831"><ele>569.8</ele></trkpt><trkpt lat="37.907200" lon="-122.614855"><ele>569.2</ele></trkpt><trkpt lat="37.907124" lon="-122.614863"><ele>568.5</ele></trkpt><trkpt lat="37.906590" lon="-122.614862"><ele>564.1</ele></trkpt><trkpt lat="37.906381" lon="-122.614863"><ele>563.1</ele></trkpt><trkpt lat="37.906213" lon="-122.614859"><ele>562.2</ele></trkpt><trkpt lat="37.906144" lon="-122.614857"><ele>561.9</ele></trkpt><trkpt lat="37.906041" lon="-122.614852"><ele>561.3</ele></trkpt><trkpt lat="37.905913" lon="-122.614838"><ele>560.6</ele></trkpt><trkpt lat="37.905802" lon="-122.614813"><ele>560.0</ele></trkpt><trkpt lat="37.905697" lon="-122.614773"><ele>559.4</ele></trkpt><trkpt lat="37.905612" lon="-122.614726"><ele>558.9</ele></trkpt><trkpt lat="37.905524" lon="-122.614663"><ele>558.4</ele></trkpt><trkpt lat="37.905309" lon="-122.614485"><ele>557.0</ele></trkpt><trkpt lat="37.905216" lon="-122.614425"><ele>556.5</ele></trkpt><trkpt lat="37.905131" lon="-122.614389"><ele>556.1</ele></trkpt><trkpt lat="37.905015" lon="-122.614360"><ele>555.6</ele></trkpt><trkpt lat="37.904746" lon="-122.614318"><ele>554.3</ele></trkpt><trkpt lat="37.904638" lon="-122.614292"><ele>553.8</ele></trkpt><trkpt lat="37.904580" lon="-122.614263"><ele>553.4</ele></trkpt><trkpt lat="37.904536" lon="-122.614228"><ele>553.0</ele></trkpt><trkpt lat="37.904497" lon="-122.614171"><ele>552.6</ele></trkpt><trkpt lat="37.904476" lon="-122.614106"><ele>552.2</ele></trkpt><trkpt lat="37.904467" lon="-122.614009"><ele>551.6</ele></trkpt><trkpt lat="37.904467" lon="-122.613876"><ele>550.9</ele></trkpt><trkpt lat="37.904482" lon="-122.613775"><ele>550.3</ele></trkpt><trkpt lat="37.904507" lon="-122.613699"><ele>549.8</ele></trkpt><trkpt lat="37.904550" lon="-122.613643"><ele>549.4</ele></trkpt><trkpt lat="37.904609" lon="-122.613608"><ele>548.9</ele></trkpt><trkpt lat="37.904672" lon="-122.613599"><ele>548.6</ele></trkpt><trkpt lat="37.904754" lon="-122.613618"><ele>548.5</ele></trkpt><trkpt lat="37.904924" lon="-122.613699"><ele>548.1</ele></trkpt><trkpt lat="37.905030" lon="-122.613724"><ele>548.0</ele></trkpt><trkpt lat="37.905118" lon="-122.613732"><ele>547.8</ele></trkpt><trkpt lat="37.905234" lon="-122.613722"><ele>547.6</ele></trkpt><trkpt lat="37.905389" lon="-122.613700"><ele>547.1</ele></trkpt><trkpt lat="37.905604" lon="-122.613679"><ele>545.7</ele></trkpt><trkpt lat="37.905874" lon="-122.613679"><ele>543.9</ele></trkpt><trkpt lat="37.906478" lon="-122.613713"><ele>539.8</ele></trkpt><trkpt lat="37.906604" lon="-122.613717"><ele>539.0</ele></trkpt><trkpt lat="37.906688" lon="-122.613704"><ele>538.4</ele></trkpt><trkpt lat="37.906761" lon="-122.613675"><ele>537.9</ele></trkpt><trkpt lat="37.906818" lon="-122.613628"><ele>537.1</ele></trkpt><trkpt lat="37.906855" lon="-122.613569"><ele>536.2</ele></trkpt><trkpt lat="37.906873" lon="-122.613502"><ele>535.4</ele></trkpt><trkpt lat="37.906876" lon="-122.613443"><ele>534.7</ele></trkpt><trkpt lat="37.906863" lon="-122.613379"><ele>533.9</ele></trkpt><trkpt lat="37.906836" lon="-122.613309"><ele>533.0</ele></trkpt><trkpt lat="37.906806" lon="-122.613254"><ele>532.2</ele></trkpt><trkpt lat="37.906683" lon="-122.613079"><ele>529.4</ele></trkpt><trkpt lat="37.906633" lon="-122.612996"><ele>528.2</ele></trkpt><trkpt lat="37.906593" lon="-122.612897"><ele>527.0</ele></trkpt><trkpt lat="37.906589" lon="-122.612834"><ele>526.7</ele></trkpt><trkpt lat="37.906603" lon="-122.612775"><ele>526.5</ele></trkpt><trkpt lat="37.906637" lon="-122.612724"><ele>526.2</ele></trkpt><trkpt lat="37.906695" lon="-122.612675"><ele>525.8</ele></trkpt><trkpt lat="37.906818" lon="-122.612600"><ele>525.2</ele></trkpt><trkpt lat="37.906913" lon="-122.612525"><ele>524.6</ele></trkpt><trkpt lat="37.906983" lon="-122.612445"><ele>524.1</ele></trkpt><trkpt lat="37.907059" lon="-122.612333"><ele>523.5</ele></trkpt><trkpt lat="37.907129" lon="-122.612199"><ele>522.6</ele></trkpt><trkpt lat="37.907210" lon="-122.612022"><ele>521.2</ele></trkpt><trkpt lat="37.907285" lon="-122.611863"><ele>520.0</ele></trkpt><trkpt lat="37.907362" lon="-122.611725"><ele>518.9</ele></trkpt><trkpt lat="37.907429" lon="-122.611616"><ele>518.0</ele></trkpt><trkpt lat="37.907462" lon="-122.611540"><ele>517.4</ele></trkpt><trkpt lat="37.907475" lon="-122.611474"><ele>517.0</ele></trkpt><trkpt lat="37.907473" lon="-122.611385"><ele>516.6</ele></trkpt><trkpt lat="37.907454" lon="-122.611268"><ele>516.1</ele></trkpt><trkpt lat="37.907368" lon="-122.610985"><ele>514.6</ele></trkpt><trkpt lat="37.907310" lon="-122.610807"><ele>513.7</ele></trkpt><trkpt lat="37.907277" lon="-122.610731"><ele>513.3</ele></trkpt><trkpt lat="37.907225" lon="-122.610673"><ele>512.9</ele></trkpt><trkpt lat="37.907131" lon="-122.610633"><ele>512.2</ele></trkpt><trkpt lat="37.907045" lon="-122.610615"><ele>511.7</ele></trkpt><trkpt lat="37.906954" lon="-122.610583"><ele>511.0</ele></trkpt><trkpt lat="37.906886" lon="-122.610543"><ele>510.5</ele></trkpt><trkpt lat="37.906801" lon="-122.610459"><ele>509.8</ele></trkpt><trkpt lat="37.906704" lon="-122.610337"><ele>508.8</ele></trkpt><trkpt lat="37.906644" lon="-122.610219"><ele>508.0</ele></trkpt><trkpt lat="37.906616" lon="-122.610100"><ele>507.3</ele></trkpt><trkpt lat="37.906593" lon="-122.609946"><ele>506.3</ele></trkpt><trkpt lat="37.906562" lon="-122.609806"><ele>505.4</ele></trkpt><trkpt lat="37.906517" lon="-122.609664"><ele>504.4</ele></trkpt><trkpt lat="37.906474" lon="-122.609552"><ele>503.6</ele></trkpt><trkpt lat="37.906417" lon="-122.609454"><ele>502.8</ele></trkpt><trkpt lat="37.906340" lon="-122.609357"><ele>502.2</ele></trkpt><trkpt lat="37.906302" lon="-122.609306"><ele>502.0</ele></trkpt><trkpt lat="37.906270" lon="-122.609239"><ele>501.8</ele></trkpt><trkpt lat="37.906246" lon="-122.609145"><ele>501.5</ele></trkpt><trkpt lat="37.906227" lon="-122.609030"><ele>501.2</ele></trkpt><trkpt lat="37.906227" lon="-122.608941"><ele>501.0</ele></trkpt><trkpt lat="37.906247" lon="-122.608834"><ele>500.7</ele></trkpt><trkpt lat="37.906287" lon="-122.608752"><ele>500.4</ele></trkpt><trkpt lat="37.906349" lon="-122.608678"><ele>500.1</ele></trkpt><trkpt lat="37.906443" lon="-122.608601"><ele>499.6</ele></trkpt><trkpt lat="37.906518" lon="-122.608537"><ele>498.9</ele></trkpt><trkpt lat="37.906568" lon="-122.608476"><ele>498.4</ele></trkpt><trkpt lat="37.906592" lon="-122.608412"><ele>497.9</ele></trkpt><trkpt lat="37.906595" lon="-122.608345"><ele>497.5</ele></trkpt><trkpt lat="37.906585" lon="-122.608276"><ele>497.1</ele></trkpt><trkpt lat="37.906563" lon="-122.608185"><ele>496.5</ele></trkpt><trkpt lat="37.906521" lon="-122.608097"><ele>495.9</ele></trkpt><trkpt lat="37.906471" lon="-122.608009"><ele>495.2</ele></trkpt><trkpt lat="37.906406" lon="-122.607937"><ele>494.5</ele></trkpt><trkpt lat="37.906345" lon="-122.607904"><ele>494.2</ele></trkpt><trkpt lat="37.906269" lon="-122.607892"><ele>494.0</ele></trkpt><trkpt lat="37.906181" lon="-122.607905"><ele>493.7</ele></trkpt><trkpt lat="37.906101" lon="-122.607915"><ele>493.4</ele></trkpt><trkpt lat="37.905987" lon="-122.607902"><ele>493.0</ele></trkpt><trkpt lat="37.905732" lon="-122.607852"><ele>492.2</ele></trkpt><trkpt lat="37.905601" lon="-122.607813"><ele>491.2</ele></trkpt><trkpt lat="37.905512" lon="-122.607765"><ele>490.1</ele></trkpt><trkpt lat="37.905446" lon="-122.607707"><ele>489.2</ele></trkpt><trkpt lat="37.905413" lon="-122.607641"><ele>488.5</ele></trkpt><trkpt lat="37.905398" lon="-122.607564"><ele>487.7</ele></trkpt><trkpt lat="37.905413" lon="-122.607457"><ele>486.8</ele></trkpt><trkpt lat="37.905468" lon="-122.607251"><ele>484.8</ele></trkpt><trkpt lat="37.905472" lon="-122.607115"><ele>483.6</ele></trkpt><trkpt lat="37.905450" lon="-122.607020"><ele>483.2</ele></trkpt><trkpt lat="37.905396" lon="-122.606939"><ele>482.6</ele></trkpt><trkpt lat="37.905311" lon="-122.606904"><ele>482.1</ele></trkpt><trkpt lat="37.905163" lon="-122.606914"><ele>481.1</ele></trkpt><trkpt lat="37.905079" lon="-122.606907"><ele>480.6</ele></trkpt><trkpt lat="37.905004" lon="-122.606888"><ele>480.1</ele></trkpt><trkpt lat="37.904948" lon="-122.606841"><ele>479.7</ele></trkpt><trkpt lat="37.904902" lon="-122.606766"><ele>479.2</ele></trkpt><trkpt lat="37.904877" lon="-122.606673"><ele>478.8</ele></trkpt><trkpt lat="37.904877" lon="-122.606562"><ele>478.2</ele></trkpt><trkpt lat="37.904913" lon="-122.606375"><ele>477.3</ele></trkpt><trkpt lat="37.904925" lon="-122.606257"><ele>476.7</ele></trkpt><trkpt lat="37.904915" lon="-122.606168"><ele>476.3</ele></trkpt><trkpt lat="37.904882" lon="-122.606090"><ele>475.9</ele></trkpt><trkpt lat="37.904849" lon="-122.606042"><ele>475.6</ele></trkpt><trkpt lat="37.904794" lon="-122.606004"><ele>475.2</ele></trkpt><trkpt lat="37.904724" lon="-122.605980"><ele>474.8</ele></trkpt><trkpt lat="37.904607" lon="-122.605940"><ele>474.0</ele></trkpt><trkpt lat="37.904535" lon="-122.605900"><ele>473.5</ele></trkpt><trkpt lat="37.904458" lon="-122.605836"><ele>473.0</ele></trkpt><trkpt lat="37.904364" lon="-122.605732"><ele>472.2</ele></trkpt><trkpt lat="37.904059" lon="-122.605357"><ele>469.3</ele></trkpt><trkpt lat="37.903883" lon="-122.605150"><ele>467.4</ele></trkpt><trkpt lat="37.903846" lon="-122.605096"><ele>466.9</ele></trkpt><trkpt lat="37.903818" lon="-122.605045"><ele>466.5</ele></trkpt><trkpt lat="37.903799" lon="-122.604982"><ele>466.1</ele></trkpt><trkpt lat="37.903794" lon="-122.604920"><ele>465.7</ele></trkpt><trkpt lat="37.903800" lon="-122.604866"><ele>465.3</ele></trkpt><trkpt lat="37.903812" lon="-122.604813"><ele>465.0</ele></trkpt><trkpt lat="37.903833" lon="-122.604767"><ele>464.7</ele></trkpt><trkpt lat="37.903862" lon="-122.604723"><ele>464.3</ele></trkpt><trkpt lat="37.903919" lon="-122.604653"><ele>463.5</ele></trkpt><trkpt lat="37.904150" lon="-122.604397"><ele>460.6</ele></trkpt><trkpt lat="37.904214" lon="-122.604324"><ele>459.8</ele></trkpt><trkpt lat="37.904258" lon="-122.604265"><ele>459.2</ele></trkpt><trkpt lat="37.904286" lon="-122.604219"><ele>458.8</ele></trkpt><trkpt lat="37.904299" lon="-122.604197"><ele>458.6</ele></trkpt><trkpt lat="37.904321" lon="-122.604098"><ele>457.8</ele></trkpt><trkpt lat="37.904262" lon="-122.604055"><ele>457.5</ele></trkpt><trkpt lat="37.904187" lon="-122.604023"><ele>457.1</ele></trkpt><trkpt lat="37.904141" lon="-122.604001"><ele>456.9</ele></trkpt><trkpt lat="37.904088" lon="-122.603960"><ele>456.6</ele></trkpt><trkpt lat="37.904005" lon="-122.603955"><ele>456.2</ele></trkpt><trkpt lat="37.903937" lon="-122.603962"><ele>455.9</ele></trkpt><trkpt lat="37.903846" lon="-122.603970"><ele>455.5</ele></trkpt><trkpt lat="37.903732" lon="-122.603983"><ele>455.0</ele></trkpt><trkpt lat="37.903403" lon="-122.604018"><ele>453.4</ele></trkpt><trkpt lat="37.903423" lon="-122.603947"><ele>453.1</ele></trkpt><trkpt lat="37.903469" lon="-122.603890"><ele>452.7</ele></trkpt><trkpt lat="37.903489" lon="-122.603857"><ele>452.6</ele></trkpt><trkpt lat="37.903494" lon="-122.603773"><ele>452.2</ele></trkpt><trkpt lat="37.903580" lon="-122.603662"><ele>451.6</ele></trkpt><trkpt lat="37.903590" lon="-122.603616"><ele>451.4</ele></trkpt><trkpt lat="37.903590" lon="-122.603616"><ele>451.4</ele></trkpt><trkpt lat="37.903640" lon="-122.603980"><ele>449.9</ele></trkpt><trkpt lat="37.902930" lon="-122.604090"><ele>446.5</ele></trkpt><trkpt lat="37.902440" lon="-122.604120"><ele>444.6</ele></trkpt><trkpt lat="37.902160" lon="-122.604180"><ele>443.8</ele></trkpt><trkpt lat="37.901900" lon="-122.604200"><ele>443.0</ele></trkpt><trkpt lat="37.901580" lon="-122.604280"><ele>442.4</ele></trkpt><trkpt lat="37.901440" lon="-122.604240"><ele>442.5</ele></trkpt><trkpt lat="37.901160" lon="-122.604040"><ele>442.9</ele></trkpt><trkpt lat="37.901020" lon="-122.604010"><ele>443.1</ele></trkpt><trkpt lat="37.900910" lon="-122.604040"><ele>443.1</ele></trkpt><trkpt lat="37.900660" lon="-122.604210"><ele>442.9</ele></trkpt><trkpt lat="37.900410" lon="-122.604280"><ele>442.7</ele></trkpt><trkpt lat="37.900160" lon="-122.604240"><ele>442.4</ele></trkpt><trkpt lat="37.899980" lon="-122.604190"><ele>442.3</ele></trkpt><trkpt lat="37.899710" lon="-122.604070"><ele>442.1</ele></trkpt><trkpt lat="37.899600" lon="-122.604060"><ele>442.0</ele></trkpt><trkpt lat="37.899420" lon="-122.604080"><ele>441.8</ele></trkpt><trkpt lat="37.899030" lon="-122.604200"><ele>441.5</ele></trkpt><trkpt lat="37.898960" lon="-122.604200"><ele>441.4</ele></trkpt><trkpt lat="37.898860" lon="-122.604150"><ele>441.2</ele></trkpt><trkpt lat="37.898780" lon="-122.604060"><ele>440.6</ele></trkpt><trkpt lat="37.898690" lon="-122.603910"><ele>439.7</ele></trkpt><trkpt lat="37.898470" lon="-122.603600"><ele>437.9</ele></trkpt><trkpt lat="37.898420" lon="-122.603480"><ele>437.2</ele></trkpt><trkpt lat="37.898360" lon="-122.603220"><ele>435.3</ele></trkpt><trkpt lat="37.898300" lon="-122.603100"><ele>434.2</ele></trkpt><trkpt lat="37.898210" lon="-122.603020"><ele>433.2</ele></trkpt><trkpt lat="37.897940" lon="-122.602880"><ele>430.5</ele></trkpt><trkpt lat="37.897820" lon="-122.602780"><ele>428.9</ele></trkpt><trkpt lat="37.897750" lon="-122.602680"><ele>427.7</ele></trkpt><trkpt lat="37.897670" lon="-122.602430"><ele>425.2</ele></trkpt><trkpt lat="37.897650" lon="-122.602340"><ele>424.4</ele></trkpt><trkpt lat="37.897660" lon="-122.601880"><ele>420.4</ele></trkpt><trkpt lat="37.897630" lon="-122.601740"><ele>419.1</ele></trkpt><trkpt lat="37.897560" lon="-122.601590"><ele>417.6</ele></trkpt><trkpt lat="37.897360" lon="-122.601390"><ele>414.8</ele></trkpt><trkpt lat="37.897110" lon="-122.601480"><ele>411.7</ele></trkpt><trkpt lat="37.897010" lon="-122.601470"><ele>410.5</ele></trkpt><trkpt lat="37.896920" lon="-122.601430"><ele>409.4</ele></trkpt><trkpt lat="37.896640" lon="-122.601180"><ele>405.4</ele></trkpt><trkpt lat="37.896460" lon="-122.601040"><ele>403.3</ele></trkpt><trkpt lat="37.896340" lon="-122.600910"><ele>401.7</ele></trkpt><trkpt lat="37.896140" lon="-122.600560"><ele>398.3</ele></trkpt><trkpt lat="37.896050" lon="-122.600460"><ele>397.2</ele></trkpt><trkpt lat="37.895940" lon="-122.600400"><ele>396.1</ele></trkpt><trkpt lat="37.895670" lon="-122.600320"><ele>393.5</ele></trkpt><trkpt lat="37.895490" lon="-122.600220"><ele>391.8</ele></trkpt><trkpt lat="37.895380" lon="-122.600090"><ele>391.0</ele></trkpt><trkpt lat="37.895090" lon="-122.599830"><ele>389.0</ele></trkpt><trkpt lat="37.894850" lon="-122.599550"><ele>386.9</ele></trkpt><trkpt lat="37.894660" lon="-122.599400"><ele>385.2</ele></trkpt><trkpt lat="37.894390" lon="-122.599270"><ele>383.0</ele></trkpt><trkpt lat="37.894330" lon="-122.599220"><ele>382.5</ele></trkpt><trkpt lat="37.894300" lon="-122.599140"><ele>382.1</ele></trkpt><trkpt lat="37.894360" lon="-122.598920"><ele>381.2</ele></trkpt><trkpt lat="37.894360" lon="-122.598830"><ele>380.8</ele></trkpt><trkpt lat="37.894340" lon="-122.598790"><ele>380.6</ele></trkpt><trkpt lat="37.894280" lon="-122.598750"><ele>380.3</ele></trkpt><trkpt lat="37.894130" lon="-122.598740"><ele>379.6</ele></trkpt><trkpt lat="37.894050" lon="-122.598700"><ele>379.1</ele></trkpt><trkpt lat="37.894000" lon="-122.598680"><ele>378.9</ele></trkpt><trkpt lat="37.893930" lon="-122.598580"><ele>378.2</ele></trkpt><trkpt lat="37.893870" lon="-122.598360"><ele>377.2</ele></trkpt><trkpt lat="37.893810" lon="-122.598310"><ele>376.7</ele></trkpt><trkpt lat="37.893780" lon="-122.598300"><ele>376.5</ele></trkpt><trkpt lat="37.893710" lon="-122.598330"><ele>376.1</ele></trkpt><trkpt lat="37.893520" lon="-122.598460"><ele>374.8</ele></trkpt><trkpt lat="37.893380" lon="-122.598510"><ele>374.0</ele></trkpt><trkpt lat="37.893280" lon="-122.598460"><ele>373.4</ele></trkpt><trkpt lat="37.893090" lon="-122.598260"><ele>372.1</ele></trkpt><trkpt lat="37.892990" lon="-122.598210"><ele>371.5</ele></trkpt><trkpt lat="37.892950" lon="-122.598220"><ele>371.2</ele></trkpt><trkpt lat="37.892900" lon="-122.598280"><ele>370.8</ele></trkpt><trkpt lat="37.892720" lon="-122.598620"><ele>368.0</ele></trkpt><trkpt lat="37.892660" lon="-122.598680"><ele>367.3</ele></trkpt><trkpt lat="37.892560" lon="-122.598720"><ele>366.3</ele></trkpt><trkpt lat="37.892420" lon="-122.598670"><ele>365.0</ele></trkpt><trkpt lat="37.892330" lon="-122.598590"><ele>364.0</ele></trkpt><trkpt lat="37.891880" lon="-122.598120"><ele>359.8</ele></trkpt><trkpt lat="37.891720" lon="-122.598030"><ele>358.6</ele></trkpt><trkpt lat="37.891540" lon="-122.597970"><ele>357.5</ele></trkpt><trkpt lat="37.891480" lon="-122.598000"><ele>357.1</ele></trkpt><trkpt lat="37.891430" lon="-122.598070"><ele>356.6</ele></trkpt><trkpt lat="37.891420" lon="-122.598160"><ele>356.2</ele></trkpt><trkpt lat="37.891460" lon="-122.598380"><ele>355.1</ele></trkpt><trkpt lat="37.891430" lon="-122.598470"><ele>354.7</ele></trkpt><trkpt lat="37.891370" lon="-122.598510"><ele>354.4</ele></trkpt><trkpt lat="37.891300" lon="-122.598510"><ele>354.3</ele></trkpt><trkpt lat="37.891160" lon="-122.598470"><ele>354.0</ele></trkpt><trkpt lat="37.890910" lon="-122.598480"><ele>353.4</ele></trkpt><trkpt lat="37.890740" lon="-122.598400"><ele>353.1</ele></trkpt><trkpt lat="37.890500" lon="-122.598340"><ele>352.5</ele></trkpt><trkpt lat="37.889950" lon="-122.598360"><ele>351.1</ele></trkpt><trkpt lat="37.889510" lon="-122.598280"><ele>349.8</ele></trkpt><trkpt lat="37.889200" lon="-122.598280"><ele>348.8</ele></trkpt><trkpt lat="37.888960" lon="-122.598340"><ele>347.6</ele></trkpt><trkpt lat="37.888720" lon="-122.598300"><ele>346.5</ele></trkpt><trkpt lat="37.888560" lon="-122.598310"><ele>345.7</ele></trkpt><trkpt lat="37.888450" lon="-122.598280"><ele>344.9</ele></trkpt><trkpt lat="37.888390" lon="-122.598210"><ele>344.3</ele></trkpt><trkpt lat="37.888290" lon="-122.597970"><ele>342.7</ele></trkpt><trkpt lat="37.888280" lon="-122.597820"><ele>341.8</ele></trkpt><trkpt lat="37.888300" lon="-122.597560"><ele>340.2</ele></trkpt><trkpt lat="37.888380" lon="-122.597300"><ele>338.0</ele></trkpt><trkpt lat="37.888420" lon="-122.596970"><ele>335.3</ele></trkpt><trkpt lat="37.888370" lon="-122.596320"><ele>330.3</ele></trkpt><trkpt lat="37.888210" lon="-122.595800"><ele>326.1</ele></trkpt><trkpt lat="37.888200" lon="-122.595700"><ele>325.1</ele></trkpt><trkpt lat="37.888250" lon="-122.595650"><ele>324.3</ele></trkpt><trkpt lat="37.888470" lon="-122.595640"><ele>321.6</ele></trkpt><trkpt lat="37.888540" lon="-122.595590"><ele>320.6</ele></trkpt><trkpt lat="37.888640" lon="-122.595450"><ele>318.7</ele></trkpt><trkpt lat="37.888820" lon="-122.595240"><ele>316.0</ele></trkpt><trkpt lat="37.889040" lon="-122.595200"><ele>314.1</ele></trkpt><trkpt lat="37.889110" lon="-122.595160"><ele>313.4</ele></trkpt><trkpt lat="37.889180" lon="-122.595090"><ele>312.6</ele></trkpt><trkpt lat="37.889600" lon="-122.595000"><ele>309.2</ele></trkpt><trkpt lat="37.889620" lon="-122.594950"><ele>308.8</ele></trkpt><trkpt lat="37.889580" lon="-122.594910"><ele>308.5</ele></trkpt><trkpt lat="37.889080" lon="-122.594750"><ele>304.8</ele></trkpt><trkpt lat="37.888950" lon="-122.594660"><ele>304.0</ele></trkpt><trkpt lat="37.888890" lon="-122.594580"><ele>303.5</ele></trkpt><trkpt lat="37.888750" lon="-122.594520"><ele>302.6</ele></trkpt><trkpt lat="37.888560" lon="-122.594500"><ele>301.5</ele></trkpt><trkpt lat="37.888460" lon="-122.594570"><ele>300.7</ele></trkpt><trkpt lat="37.888360" lon="-122.594610"><ele>299.9</ele></trkpt><trkpt lat="37.888260" lon="-122.594610"><ele>299.1</ele></trkpt><trkpt lat="37.888190" lon="-122.594570"><ele>298.4</ele></trkpt><trkpt lat="37.888170" lon="-122.594500"><ele>298.0</ele></trkpt><trkpt lat="37.888150" lon="-122.594390"><ele>297.3</ele></trkpt><trkpt lat="37.888090" lon="-122.594260"><ele>296.3</ele></trkpt><trkpt lat="37.887690" lon="-122.593940"><ele>292.7</ele></trkpt><trkpt lat="37.887630" lon="-122.593830"><ele>291.9</ele></trkpt><trkpt lat="37.887600" lon="-122.593700"><ele>291.1</ele></trkpt><trkpt lat="37.887530" lon="-122.593590"><ele>290.2</ele></trkpt><trkpt lat="37.887450" lon="-122.593520"><ele>289.7</ele></trkpt><trkpt lat="37.887330" lon="-122.593450"><ele>289.2</ele></trkpt><trkpt lat="37.887100" lon="-122.593460"><ele>288.5</ele></trkpt><trkpt lat="37.886970" lon="-122.593500"><ele>288.0</ele></trkpt><trkpt lat="37.886740" lon="-122.593650"><ele>287.4</ele></trkpt><trkpt lat="37.886620" lon="-122.593650"><ele>287.3</ele></trkpt><trkpt lat="37.886490" lon="-122.593580"><ele>287.1</ele></trkpt><trkpt lat="37.886390" lon="-122.593590"><ele>287.0</ele></trkpt><trkpt lat="37.886170" lon="-122.593700"><ele>286.8</ele></trkpt><trkpt lat="37.886090" lon="-122.593790"><ele>286.8</ele></trkpt><trkpt lat="37.886010" lon="-122.593830"><ele>286.8</ele></trkpt><trkpt lat="37.885890" lon="-122.593840"><ele>286.7</ele></trkpt><trkpt lat="37.885810" lon="-122.593800"><ele>286.7</ele></trkpt><trkpt lat="37.885720" lon="-122.593700"><ele>286.6</ele></trkpt><trkpt lat="37.885600" lon="-122.593670"><ele>286.6</ele></trkpt><trkpt lat="37.885520" lon="-122.593620"><ele>286.5</ele></trkpt><trkpt lat="37.885430" lon="-122.593590"><ele>286.4</ele></trkpt><trkpt lat="37.885260" lon="-122.593620"><ele>286.2</ele></trkpt><trkpt lat="37.885150" lon="-122.593620"><ele>286.1</ele></trkpt><trkpt lat="37.884960" lon="-122.593690"><ele>285.8</ele></trkpt><trkpt lat="37.884870" lon="-122.593660"><ele>285.7</ele></trkpt><trkpt lat="37.884790" lon="-122.593580"><ele>285.6</ele></trkpt><trkpt lat="37.884670" lon="-122.593120"><ele>284.9</ele></trkpt><trkpt lat="37.884560" lon="-122.593000"><ele>284.7</ele></trkpt><trkpt lat="37.884430" lon="-122.592950"><ele>284.5</ele></trkpt><trkpt lat="37.884180" lon="-122.592780"><ele>282.6</ele></trkpt><trkpt lat="37.884040" lon="-122.592670"><ele>281.3</ele></trkpt><trkpt lat="37.883940" lon="-122.592570"><ele>280.4</ele></trkpt><trkpt lat="37.883870" lon="-122.592420"><ele>279.3</ele></trkpt><trkpt lat="37.883780" lon="-122.592170"><ele>277.8</ele></trkpt><trkpt lat="37.883510" lon="-122.591730"><ele>274.8</ele></trkpt><trkpt lat="37.883440" lon="-122.591690"><ele>274.3</ele></trkpt><trkpt lat="37.883340" lon="-122.591690"><ele>273.5</ele></trkpt><trkpt lat="37.883160" lon="-122.591820"><ele>271.3</ele></trkpt><trkpt lat="37.883120" lon="-122.591950"><ele>270.2</ele></trkpt><trkpt lat="37.883130" lon="-122.592130"><ele>268.7</ele></trkpt><trkpt lat="37.883120" lon="-122.592320"><ele>267.2</ele></trkpt><trkpt lat="37.883050" lon="-122.592480"><ele>266.0</ele></trkpt><trkpt lat="37.882990" lon="-122.592570"><ele>265.3</ele></trkpt><trkpt lat="37.882930" lon="-122.592600"><ele>264.8</ele></trkpt><trkpt lat="37.882770" lon="-122.592580"><ele>263.6</ele></trkpt><trkpt lat="37.882520" lon="-122.592640"><ele>261.6</ele></trkpt><trkpt lat="37.881990" lon="-122.592570"><ele>257.4</ele></trkpt><trkpt lat="37.881880" lon="-122.592590"><ele>256.5</ele></trkpt><trkpt lat="37.881770" lon="-122.592650"><ele>255.6</ele></trkpt><trkpt lat="37.881670" lon="-122.592730"><ele>254.8</ele></trkpt><trkpt lat="37.881580" lon="-122.592990"><ele>253.2</ele></trkpt><trkpt lat="37.881560" lon="-122.593270"><ele>251.7</ele></trkpt><trkpt lat="37.881500" lon="-122.593420"><ele>250.8</ele></trkpt><trkpt lat="37.881400" lon="-122.593560"><ele>249.5</ele></trkpt><trkpt lat="37.881250" lon="-122.593630"><ele>248.1</ele></trkpt><trkpt lat="37.881140" lon="-122.593720"><ele>247.0</ele></trkpt><trkpt lat="37.881100" lon="-122.593800"><ele>246.3</ele></trkpt><trkpt lat="37.881140" lon="-122.593950"><ele>245.2</ele></trkpt><trkpt lat="37.881120" lon="-122.593990"><ele>244.9</ele></trkpt><trkpt lat="37.881080" lon="-122.593980"><ele>244.5</ele></trkpt><trkpt lat="37.881030" lon="-122.593950"><ele>244.0</ele></trkpt><trkpt lat="37.880980" lon="-122.593840"><ele>243.0</ele></trkpt><trkpt lat="37.880960" lon="-122.593710"><ele>241.9</ele></trkpt><trkpt lat="37.880960" lon="-122.593600"><ele>241.1</ele></trkpt><trkpt lat="37.881040" lon="-122.593440"><ele>239.5</ele></trkpt><trkpt lat="37.881020" lon="-122.593380"><ele>239.0</ele></trkpt><trkpt lat="37.880980" lon="-122.593330"><ele>238.5</ele></trkpt><trkpt lat="37.880930" lon="-122.593330"><ele>238.0</ele></trkpt><trkpt lat="37.880780" lon="-122.593520"><ele>235.8</ele></trkpt><trkpt lat="37.880710" lon="-122.593570"><ele>235.0</ele></trkpt><trkpt lat="37.880530" lon="-122.593580"><ele>233.2</ele></trkpt><trkpt lat="37.880210" lon="-122.593690"><ele>229.9</ele></trkpt><trkpt lat="37.880010" lon="-122.593700"><ele>228.0</ele></trkpt><trkpt lat="37.879840" lon="-122.593750"><ele>226.5</ele></trkpt><trkpt lat="37.879690" lon="-122.593780"><ele>225.1</ele></trkpt><trkpt lat="37.879560" lon="-122.593750"><ele>223.9</ele></trkpt><trkpt lat="37.879350" lon="-122.593540"><ele>221.2</ele></trkpt><trkpt lat="37.879280" lon="-122.593510"><ele>220.5</ele></trkpt><trkpt lat="37.879100" lon="-122.593580"><ele>218.5</ele></trkpt><trkpt lat="37.879000" lon="-122.593590"><ele>217.4</ele></trkpt><trkpt lat="37.878840" lon="-122.593510"><ele>215.6</ele></trkpt><trkpt lat="37.878780" lon="-122.593420"><ele>214.7</ele></trkpt><trkpt lat="37.878750" lon="-122.593350"><ele>214.1</ele></trkpt><trkpt lat="37.878700" lon="-122.593290"><ele>213.4</ele></trkpt><trkpt lat="37.878610" lon="-122.593280"><ele>212.5</ele></trkpt><trkpt lat="37.878390" lon="-122.593340"><ele>210.2</ele></trkpt><trkpt lat="37.877690" lon="-122.593360"><ele>203.7</ele></trkpt><trkpt lat="37.877590" lon="-122.593320"><ele>202.8</ele></trkpt><trkpt lat="37.877550" lon="-122.593260"><ele>202.2</ele></trkpt><trkpt lat="37.877540" lon="-122.593160"><ele>201.5</ele></trkpt><trkpt lat="37.877560" lon="-122.593050"><ele>200.7</ele></trkpt><trkpt lat="37.877560" lon="-122.592930"><ele>199.9</ele></trkpt><trkpt lat="37.877530" lon="-122.592830"><ele>199.1</ele></trkpt><trkpt lat="37.877470" lon="-122.592780"><ele>198.5</ele></trkpt><trkpt lat="37.877410" lon="-122.592770"><ele>197.9</ele></trkpt><trkpt lat="37.877290" lon="-122.592790"><ele>196.9</ele></trkpt><trkpt lat="37.877220" lon="-122.592750"><ele>196.2</ele></trkpt><trkpt lat="37.877130" lon="-122.592670"><ele>195.3</ele></trkpt><trkpt lat="37.877060" lon="-122.592650"><ele>194.7</ele></trkpt><trkpt lat="37.876990" lon="-122.592700"><ele>194.1</ele></trkpt><trkpt lat="37.876920" lon="-122.592870"><ele>193.0</ele></trkpt><trkpt lat="37.876840" lon="-122.593210"><ele>190.8</ele></trkpt><trkpt lat="37.876790" lon="-122.593340"><ele>190.0</ele></trkpt><trkpt lat="37.876800" lon="-122.593470"><ele>189.1</ele></trkpt><trkpt lat="37.876770" lon="-122.593490"><ele>188.9</ele></trkpt><trkpt lat="37.876630" lon="-122.593140"><ele>186.4</ele></trkpt><trkpt lat="37.876500" lon="-122.592920"><ele>184.7</ele></trkpt><trkpt lat="37.876280" lon="-122.592680"><ele>182.6</ele></trkpt><trkpt lat="37.876000" lon="-122.592450"><ele>180.3</ele></trkpt><trkpt lat="37.875600" lon="-122.592200"><ele>177.3</ele></trkpt><trkpt lat="37.875600" lon="-122.592200"><ele>177.3</ele></trkpt><trkpt lat="37.875320" lon="-122.592070"><ele>175.3</ele></trkpt><trkpt lat="37.875090" lon="-122.591920"><ele>173.3</ele></trkpt><trkpt lat="37.874970" lon="-122.591810"><ele>171.9</ele></trkpt><trkpt lat="37.874730" lon="-122.591660"><ele>169.4</ele></trkpt><trkpt lat="37.874510" lon="-122.591600"><ele>167.3</ele></trkpt><trkpt lat="37.873690" lon="-122.591220"><ele>157.8</ele></trkpt><trkpt lat="37.873440" lon="-122.591020"><ele>155.3</ele></trkpt><trkpt lat="37.873260" lon="-122.590790"><ele>153.2</ele></trkpt><trkpt lat="37.872880" lon="-122.590790"><ele>150.7</ele></trkpt><trkpt lat="37.872430" lon="-122.590730"><ele>148.0</ele></trkpt><trkpt lat="37.871480" lon="-122.590480"><ele>143.8</ele></trkpt><trkpt lat="37.871100" lon="-122.590260"><ele>141.5</ele></trkpt><trkpt lat="37.870150" lon="-122.589820"><ele>138.7</ele></trkpt><trkpt lat="37.869690" lon="-122.589550"><ele>137.7</ele></trkpt><trkpt lat="37.869610" lon="-122.589520"><ele>137.7</ele></trkpt><trkpt lat="37.869550" lon="-122.589520"><ele>137.7</ele></trkpt><trkpt lat="37.869460" lon="-122.589560"><ele>137.6</ele></trkpt><trkpt lat="37.868180" lon="-122.588580"><ele>138.2</ele></trkpt><trkpt lat="37.868060" lon="-122.588370"><ele>138.5</ele></trkpt><trkpt lat="37.867890" lon="-122.587820"><ele>140.4</ele></trkpt><trkpt lat="37.867780" lon="-122.587700"><ele>141.1</ele></trkpt><trkpt lat="37.867470" lon="-122.587570"><ele>142.2</ele></trkpt><trkpt lat="37.866230" lon="-122.587280"><ele>143.0</ele></trkpt><trkpt lat="37.865580" lon="-122.586990"><ele>140.6</ele></trkpt><trkpt lat="37.865150" lon="-122.586840"><ele>139.8</ele></trkpt><trkpt lat="37.864830" lon="-122.586800"><ele>139.4</ele></trkpt><trkpt lat="37.864640" lon="-122.586700"><ele>138.5</ele></trkpt><trkpt lat="37.864560" lon="-122.586610"><ele>138.1</ele></trkpt><trkpt lat="37.864500" lon="-122.586520"><ele>137.6</ele></trkpt><trkpt lat="37.864360" lon="-122.586090"><ele>135.9</ele></trkpt><trkpt lat="37.864330" lon="-122.585940"><ele>134.7</ele></trkpt><trkpt lat="37.864300" lon="-122.585580"><ele>131.9</ele></trkpt><trkpt lat="37.864270" lon="-122.585480"><ele>131.1</ele></trkpt><trkpt lat="37.864070" lon="-122.585080"><ele>126.4</ele></trkpt><trkpt lat="37.864040" lon="-122.584880"><ele>123.7</ele></trkpt><trkpt lat="37.864070" lon="-122.584640"><ele>120.3</ele></trkpt><trkpt lat="37.864140" lon="-122.584370"><ele>116.5</ele></trkpt><trkpt lat="37.864180" lon="-122.584250"><ele>115.0</ele></trkpt><trkpt lat="37.864300" lon="-122.584070"><ele>112.3</ele></trkpt><trkpt lat="37.864720" lon="-122.583610"><ele>104.6</ele></trkpt><trkpt lat="37.864870" lon="-122.583350"><ele>101.7</ele></trkpt><trkpt lat="37.865160" lon="-122.582620"><ele>95.0</ele></trkpt><trkpt lat="37.865210" lon="-122.582380"><ele>93.2</ele></trkpt><trkpt lat="37.865210" lon="-122.582270"><ele>92.4</ele></trkpt><trkpt lat="37.865190" lon="-122.582160"><ele>91.5</ele></trkpt><trkpt lat="37.865140" lon="-122.582070"><ele>90.7</ele></trkpt><trkpt lat="37.864820" lon="-122.581690"><ele>86.8</ele></trkpt><trkpt lat="37.864580" lon="-122.581210"><ele>82.1</ele></trkpt><trkpt lat="37.864370" lon="-122.580900"><ele>78.3</ele></trkpt><trkpt lat="37.864310" lon="-122.580750"><ele>76.8</ele></trkpt><trkpt lat="37.864280" lon="-122.580510"><ele>75.2</ele></trkpt><trkpt lat="37.864290" lon="-122.580180"><ele>73.3</ele></trkpt><trkpt lat="37.864320" lon="-122.580020"><ele>72.4</ele></trkpt><trkpt lat="37.864370" lon="-122.579860"><ele>71.4</ele></trkpt><trkpt lat="37.864520" lon="-122.579470"><ele>67.5</ele></trkpt><trkpt lat="37.864530" lon="-122.579350"><ele>66.4</ele></trkpt><trkpt lat="37.864490" lon="-122.579200"><ele>64.9</ele></trkpt><trkpt lat="37.864420" lon="-122.579070"><ele>63.4</ele></trkpt><trkpt lat="37.864320" lon="-122.578960"><ele>61.9</ele></trkpt><trkpt lat="37.864090" lon="-122.578820"><ele>59.5</ele></trkpt><trkpt lat="37.863990" lon="-122.578730"><ele>58.3</ele></trkpt><trkpt lat="37.863910" lon="-122.578600"><ele>57.0</ele></trkpt><trkpt lat="37.863750" lon="-122.578240"><ele>53.9</ele></trkpt><trkpt lat="37.863620" lon="-122.578050"><ele>52.0</ele></trkpt><trkpt lat="37.863490" lon="-122.577920"><ele>50.4</ele></trkpt><trkpt lat="37.863230" lon="-122.577720"><ele>47.6</ele></trkpt><trkpt lat="37.863080" lon="-122.577570"><ele>46.0</ele></trkpt><trkpt lat="37.862930" lon="-122.577390"><ele>44.2</ele></trkpt><trkpt lat="37.862840" lon="-122.577220"><ele>42.9</ele></trkpt><trkpt lat="37.862790" lon="-122.577020"><ele>40.8</ele></trkpt><trkpt lat="37.862800" lon="-122.576850"><ele>38.8</ele></trkpt><trkpt lat="37.862850" lon="-122.576610"><ele>36.0</ele></trkpt><trkpt lat="37.862900" lon="-122.576500"><ele>34.5</ele></trkpt><trkpt lat="37.862980" lon="-122.576380"><ele>32.7</ele></trkpt><trkpt lat="37.863120" lon="-122.576270"><ele>29.9</ele></trkpt><trkpt lat="37.863240" lon="-122.576230"><ele>27.8</ele></trkpt><trkpt lat="37.863340" lon="-122.576220"><ele>26.0</ele></trkpt><trkpt lat="37.863340" lon="-122.576130"><ele>24.7</ele></trkpt><trkpt lat="37.863300" lon="-122.576110"><ele>24.0</ele></trkpt><trkpt lat="37.863280" lon="-122.576040"><ele>22.9</ele></trkpt><trkpt lat="37.863250" lon="-122.575860"><ele>20.4</ele></trkpt><trkpt lat="37.863280" lon="-122.575710"><ele>18.5</ele></trkpt><trkpt lat="37.863360" lon="-122.575720"><ele>17.5</ele></trkpt><trkpt lat="37.863410" lon="-122.575690"><ele>16.8</ele></trkpt><trkpt lat="37.863400" lon="-122.575660"><ele>16.5</ele></trkpt><trkpt lat="37.863320" lon="-122.575590"><ele>15.2</ele></trkpt><trkpt lat="37.863300" lon="-122.575510"><ele>14.4</ele></trkpt><trkpt lat="37.863400" lon="-122.575440"><ele>13.0</ele></trkpt><trkpt lat="37.863480" lon="-122.575440"><ele>12.0</ele></trkpt><trkpt lat="37.863490" lon="-122.575420"><ele>11.7</ele></trkpt><trkpt lat="37.863450" lon="-122.575390"><ele>11.1</ele></trkpt><trkpt lat="37.863450" lon="-122.575330"><ele>10.5</ele></trkpt><trkpt lat="37.863410" lon="-122.575310"><ele>10.0</ele></trkpt><trkpt lat="37.863480" lon="-122.575280"><ele>9.8</ele></trkpt><trkpt lat="37.863550" lon="-122.575230"><ele>9.4</ele></trkpt><trkpt lat="37.864520" lon="-122.574660"><ele>8.6</ele></trkpt><trkpt lat="37.864720" lon="-122.574510"><ele>9.2</ele></trkpt><trkpt lat="37.864830" lon="-122.574480"><ele>9.6</ele></trkpt><trkpt lat="37.864790" lon="-122.574370"><ele>9.9</ele></trkpt><trkpt lat="37.864700" lon="-122.574310"><ele>10.3</ele></trkpt><trkpt lat="37.864620" lon="-122.574190"><ele>10.7</ele></trkpt><trkpt lat="37.864600" lon="-122.574110"><ele>10.9</ele></trkpt><trkpt lat="37.864510" lon="-122.574050"><ele>11.2</ele></trkpt><trkpt lat="37.864210" lon="-122.573740"><ele>14.2</ele></trkpt><trkpt lat="37.863910" lon="-122.573470"><ele>17.6</ele></trkpt><trkpt lat="37.863670" lon="-122.573060"><ele>21.3</ele></trkpt><trkpt lat="37.863690" lon="-122.573060"><ele>21.4</ele></trkpt><trkpt lat="37.863780" lon="-122.573130"><ele>22.4</ele></trkpt><trkpt lat="37.863950" lon="-122.573240"><ele>24.1</ele></trkpt><trkpt lat="37.864050" lon="-122.573240"><ele>25.0</ele></trkpt><trkpt lat="37.864090" lon="-122.573300"><ele>25.7</ele></trkpt><trkpt lat="37.864190" lon="-122.573310"><ele>26.7</ele></trkpt><trkpt lat="37.864340" lon="-122.573360"><ele>28.2</ele></trkpt><trkpt lat="37.864430" lon="-122.573420"><ele>29.3</ele></trkpt><trkpt lat="37.864500" lon="-122.573430"><ele>30.0</ele></trkpt><trkpt lat="37.864620" lon="-122.573380"><ele>31.2</ele></trkpt><trkpt lat="37.864710" lon="-122.573380"><ele>32.1</ele></trkpt><trkpt lat="37.864770" lon="-122.573350"><ele>32.4</ele></trkpt><trkpt lat="37.864850" lon="-122.573360"><ele>32.9</ele></trkpt><trkpt lat="37.864900" lon="-122.573350"><ele>33.1</ele></trkpt><trkpt lat="37.864930" lon="-122.573250"><ele>33.6</ele></trkpt><trkpt lat="37.864990" lon="-122.573180"><ele>34.1</ele></trkpt><trkpt lat="37.865050" lon="-122.573170"><ele>34.4</ele></trkpt><trkpt lat="37.865230" lon="-122.573180"><ele>35.4</ele></trkpt><trkpt lat="37.865340" lon="-122.573130"><ele>36.0</ele></trkpt><trkpt lat="37.865480" lon="-122.573150"><ele>37.7</ele></trkpt><trkpt lat="37.865540" lon="-122.573120"><ele>38.4</ele></trkpt><trkpt lat="37.865760" lon="-122.572840"><ele>42.0</ele></trkpt><trkpt lat="37.865750" lon="-122.572810"><ele>42.3</ele></trkpt><trkpt lat="37.865720" lon="-122.572830"><ele>42.7</ele></trkpt><trkpt lat="37.865540" lon="-122.573000"><ele>45.2</ele></trkpt><trkpt lat="37.865280" lon="-122.572990"><ele>47.8</ele></trkpt><trkpt lat="37.865140" lon="-122.572850"><ele>49.6</ele></trkpt><trkpt lat="37.865040" lon="-122.572660"><ele>51.4</ele></trkpt><trkpt lat="37.864970" lon="-122.572580"><ele>52.7</ele></trkpt><trkpt lat="37.864820" lon="-122.572520"><ele>55.0</ele></trkpt><trkpt lat="37.864660" lon="-122.572520"><ele>57.4</ele></trkpt><trkpt lat="37.864590" lon="-122.572540"><ele>58.4</ele></trkpt><trkpt lat="37.864580" lon="-122.572530"><ele>58.6</ele></trkpt><trkpt lat="37.864580" lon="-122.572500"><ele>59.0</ele></trkpt><trkpt lat="37.864630" lon="-122.572410"><ele>60.2</ele></trkpt><trkpt lat="37.864670" lon="-122.572270"><ele>62.0</ele></trkpt><trkpt lat="37.864700" lon="-122.572250"><ele>62.3</ele></trkpt><trkpt lat="37.864820" lon="-122.572200"><ele>63.1</ele></trkpt><trkpt lat="37.864850" lon="-122.572110"><ele>63.6</ele></trkpt><trkpt lat="37.864920" lon="-122.572050"><ele>64.2</ele></trkpt><trkpt lat="37.865010" lon="-122.571920"><ele>65.0</ele></trkpt><trkpt lat="37.865200" lon="-122.571710"><ele>66.7</ele></trkpt><trkpt lat="37.865240" lon="-122.571640"><ele>67.4</ele></trkpt><trkpt lat="37.865290" lon="-122.571490"><ele>69.0</ele></trkpt><trkpt lat="37.865300" lon="-122.571500"><ele>69.1</ele></trkpt><trkpt lat="37.865270" lon="-122.571720"><ele>71.3</ele></trkpt><trkpt lat="37.865260" lon="-122.571860"><ele>72.6</ele></trkpt><trkpt lat="37.865280" lon="-122.571920"><ele>73.3</ele></trkpt><trkpt lat="37.865350" lon="-122.572010"><ele>74.5</ele></trkpt><trkpt lat="37.865400" lon="-122.572030"><ele>75.1</ele></trkpt><trkpt lat="37.865440" lon="-122.572010"><ele>75.6</ele></trkpt><trkpt lat="37.865500" lon="-122.571860"><ele>76.7</ele></trkpt><trkpt lat="37.865460" lon="-122.571780"><ele>77.3</ele></trkpt><trkpt lat="37.865460" lon="-122.571710"><ele>77.7</ele></trkpt><trkpt lat="37.865590" lon="-122.571400"><ele>79.9</ele></trkpt><trkpt lat="37.865630" lon="-122.571270"><ele>80.8</ele></trkpt><trkpt lat="37.865640" lon="-122.571060"><ele>82.8</ele></trkpt><trkpt lat="37.865590" lon="-122.570920"><ele>84.5</ele></trkpt><trkpt lat="37.865620" lon="-122.570900"><ele>85.0</ele></trkpt><trkpt lat="37.865650" lon="-122.570930"><ele>85.5</ele></trkpt><trkpt lat="37.865800" lon="-122.571270"><ele>89.9</ele></trkpt><trkpt lat="37.865960" lon="-122.571420"><ele>92.2</ele></trkpt><trkpt lat="37.865970" lon="-122.571400"><ele>92.3</ele></trkpt><trkpt lat="37.865930" lon="-122.571320"><ele>92.7</ele></trkpt><trkpt lat="37.865880" lon="-122.571090"><ele>93.9</ele></trkpt><trkpt lat="37.865830" lon="-122.570780"><ele>95.4</ele></trkpt><trkpt lat="37.865840" lon="-122.570750"><ele>95.5</ele></trkpt><trkpt lat="37.865860" lon="-122.570760"><ele>95.7</ele></trkpt><trkpt lat="37.865920" lon="-122.570880"><ele>96.5</ele></trkpt><trkpt lat="37.866040" lon="-122.571040"><ele>97.9</ele></trkpt><trkpt lat="37.866090" lon="-122.571060"><ele>98.4</ele></trkpt><trkpt lat="37.866140" lon="-122.571060"><ele>98.8</ele></trkpt><trkpt lat="37.866190" lon="-122.571020"><ele>99.3</ele></trkpt><trkpt lat="37.866220" lon="-122.570960"><ele>99.8</ele></trkpt><trkpt lat="37.866220" lon="-122.570700"><ele>101.5</ele></trkpt><trkpt lat="37.866230" lon="-122.570620"><ele>102.0</ele></trkpt><trkpt lat="37.866260" lon="-122.570560"><ele>102.4</ele></trkpt><trkpt lat="37.866310" lon="-122.570480"><ele>102.9</ele></trkpt><trkpt lat="37.866250" lon="-122.570490"><ele>103.2</ele></trkpt><trkpt lat="37.866200" lon="-122.570470"><ele>103.5</ele></trkpt><trkpt lat="37.866130" lon="-122.570160"><ele>105.0</ele></trkpt><trkpt lat="37.866080" lon="-122.570050"><ele>105.6</ele></trkpt><trkpt lat="37.865970" lon="-122.569880"><ele>106.8</ele></trkpt><trkpt lat="37.865960" lon="-122.569790"><ele>107.5</ele></trkpt><trkpt lat="37.865960" lon="-122.569680"><ele>108.4</ele></trkpt><trkpt lat="37.866080" lon="-122.569550"><ele>109.9</ele></trkpt><trkpt lat="37.866180" lon="-122.569400"><ele>111.5</ele></trkpt><trkpt lat="37.866230" lon="-122.569290"><ele>112.4</ele></trkpt><trkpt lat="37.866250" lon="-122.569100"><ele>113.8</ele></trkpt><trkpt lat="37.866290" lon="-122.569010"><ele>114.3</ele></trkpt><trkpt lat="37.866360" lon="-122.568930"><ele>115.0</ele></trkpt><trkpt lat="37.866450" lon="-122.568850"><ele>115.7</ele></trkpt><trkpt lat="37.866630" lon="-122.568650"><ele>117.3</ele></trkpt><trkpt lat="37.866730" lon="-122.568640"><ele>118.0</ele></trkpt><trkpt lat="37.866890" lon="-122.568700"><ele>119.2</ele></trkpt><trkpt lat="37.867070" lon="-122.568710"><ele>120.5</ele></trkpt><trkpt lat="37.867130" lon="-122.568690"><ele>121.0</ele></trkpt><trkpt lat="37.867170" lon="-122.568650"><ele>121.4</ele></trkpt><trkpt lat="37.867250" lon="-122.568320"><ele>123.5</ele></trkpt><trkpt lat="37.867300" lon="-122.568250"><ele>124.1</ele></trkpt><trkpt lat="37.867370" lon="-122.568200"><ele>125.0</ele></trkpt><trkpt lat="37.867450" lon="-122.568190"><ele>125.8</ele></trkpt><trkpt lat="37.867520" lon="-122.568160"><ele>126.6</ele></trkpt><trkpt lat="37.867620" lon="-122.568090"><ele>127.8</ele></trkpt><trkpt lat="37.867630" lon="-122.568100"><ele>127.9</ele></trkpt><trkpt lat="37.867610" lon="-122.568150"><ele>128.4</ele></trkpt><trkpt lat="37.867500" lon="-122.568320"><ele>130.2</ele></trkpt><trkpt lat="37.867480" lon="-122.568380"><ele>130.8</ele></trkpt><trkpt lat="37.867480" lon="-122.568610"><ele>133.0</ele></trkpt><trkpt lat="37.867520" lon="-122.568850"><ele>135.6</ele></trkpt><trkpt lat="37.867610" lon="-122.569010"><ele>137.7</ele></trkpt><trkpt lat="37.867690" lon="-122.569040"><ele>138.8</ele></trkpt><trkpt lat="37.867840" lon="-122.569080"><ele>140.8</ele></trkpt><trkpt lat="37.868090" lon="-122.569030"><ele>144.2</ele></trkpt><trkpt lat="37.868160" lon="-122.569000"><ele>145.2</ele></trkpt><trkpt lat="37.868370" lon="-122.568770"><ele>148.9</ele></trkpt><trkpt lat="37.868570" lon="-122.568600"><ele>151.5</ele></trkpt><trkpt lat="37.868760" lon="-122.568570"><ele>153.0</ele></trkpt><trkpt lat="37.868810" lon="-122.568570"><ele>153.4</ele></trkpt><trkpt lat="37.868890" lon="-122.568600"><ele>154.1</ele></trkpt><trkpt lat="37.868830" lon="-122.568520"><ele>154.8</ele></trkpt><trkpt lat="37.868830" lon="-122.568440"><ele>155.3</ele></trkpt><trkpt lat="37.868900" lon="-122.568240"><ele>156.7</ele></trkpt><trkpt lat="37.868940" lon="-122.567420"><ele>162.0</ele></trkpt><trkpt lat="37.869000" lon="-122.567240"><ele>163.5</ele></trkpt><trkpt lat="37.869110" lon="-122.567110"><ele>165.0</ele></trkpt><trkpt lat="37.869170" lon="-122.567070"><ele>165.7</ele></trkpt><trkpt lat="37.869330" lon="-122.567070"><ele>167.3</ele></trkpt><trkpt lat="37.869540" lon="-122.567000"><ele>169.5</ele></trkpt><trkpt lat="37.869550" lon="-122.567000"><ele>169.7</ele></trkpt><trkpt lat="37.869870" lon="-122.567020"><ele>174.5</ele></trkpt><trkpt lat="37.869950" lon="-122.566990"><ele>175.8</ele></trkpt><trkpt lat="37.870190" lon="-122.566960"><ele>179.4</ele></trkpt><trkpt lat="37.870380" lon="-122.566920"><ele>182.3</ele></trkpt><trkpt lat="37.870450" lon="-122.566920"><ele>183.4</ele></trkpt><trkpt lat="37.870610" lon="-122.566980"><ele>186.0</ele></trkpt><trkpt lat="37.870760" lon="-122.566980"><ele>188.3</ele></trkpt><trkpt lat="37.870910" lon="-122.567020"><ele>190.7</ele></trkpt><trkpt lat="37.871320" lon="-122.567100"><ele>196.8</ele></trkpt><trkpt lat="37.871500" lon="-122.567190"><ele>199.6</ele></trkpt><trkpt lat="37.871560" lon="-122.567180"><ele>200.5</ele></trkpt><trkpt lat="37.871600" lon="-122.567150"><ele>201.2</ele></trkpt><trkpt lat="37.871640" lon="-122.567010"><ele>202.7</ele></trkpt><trkpt lat="37.871680" lon="-122.566970"><ele>203.2</ele></trkpt><trkpt lat="37.871810" lon="-122.566920"><ele>204.7</ele></trkpt><trkpt lat="37.871950" lon="-122.566820"><ele>206.5</ele></trkpt><trkpt lat="37.872130" lon="-122.566680"><ele>208.8</ele></trkpt><trkpt lat="37.872190" lon="-122.566570"><ele>209.9</ele></trkpt><trkpt lat="37.872230" lon="-122.566550"><ele>210.5</ele></trkpt><trkpt lat="37.872270" lon="-122.566540"><ele>210.9</ele></trkpt><trkpt lat="37.872320" lon="-122.566560"><ele>211.6</ele></trkpt><trkpt lat="37.872330" lon="-122.566620"><ele>212.2</ele></trkpt><trkpt lat="37.872360" lon="-122.566670"><ele>212.8</ele></trkpt><trkpt lat="37.872470" lon="-122.566730"><ele>214.2</ele></trkpt><trkpt lat="37.872460" lon="-122.566770"><ele>214.6</ele></trkpt><trkpt lat="37.872360" lon="-122.566800"><ele>215.9</ele></trkpt><trkpt lat="37.872270" lon="-122.566870"><ele>217.2</ele></trkpt><trkpt lat="37.872220" lon="-122.566970"><ele>218.3</ele></trkpt><trkpt lat="37.872190" lon="-122.567080"><ele>219.3</ele></trkpt><trkpt lat="37.872210" lon="-122.567370"><ele>221.5</ele></trkpt><trkpt lat="37.872310" lon="-122.567760"><ele>224.5</ele></trkpt><trkpt lat="37.872500" lon="-122.568040"><ele>227.3</ele></trkpt><trkpt lat="37.872540" lon="-122.568050"><ele>227.7</ele></trkpt><trkpt lat="37.872540" lon="-122.568020"><ele>228.0</ele></trkpt><trkpt lat="37.872500" lon="-122.567930"><ele>228.7</ele></trkpt><trkpt lat="37.872470" lon="-122.567840"><ele>229.5</ele></trkpt><trkpt lat="37.872490" lon="-122.567650"><ele>231.0</ele></trkpt><trkpt lat="37.872570" lon="-122.567510"><ele>232.3</ele></trkpt><trkpt lat="37.872630" lon="-122.567470"><ele>232.6</ele></trkpt><trkpt lat="37.872750" lon="-122.567460"><ele>232.8</ele></trkpt><trkpt lat="37.872930" lon="-122.567510"><ele>233.1</ele></trkpt><trkpt lat="37.873220" lon="-122.567450"><ele>233.6</ele></trkpt><trkpt lat="37.873330" lon="-122.567370"><ele>233.9</ele></trkpt><trkpt lat="37.873390" lon="-122.567280"><ele>234.2</ele></trkpt><trkpt lat="37.873520" lon="-122.567180"><ele>234.6</ele></trkpt><trkpt lat="37.873700" lon="-122.566950"><ele>235.4</ele></trkpt><trkpt lat="37.873870" lon="-122.566850"><ele>235.9</ele></trkpt><trkpt lat="37.874160" lon="-122.566730"><ele>235.4</ele></trkpt><trkpt lat="37.874250" lon="-122.566670"><ele>235.2</ele></trkpt><trkpt lat="37.874750" lon="-122.566270"><ele>233.4</ele></trkpt><trkpt lat="37.875040" lon="-122.565990"><ele>231.7</ele></trkpt><trkpt lat="37.875550" lon="-122.565580"><ele>226.9</ele></trkpt><trkpt lat="37.875790" lon="-122.565350"><ele>224.3</ele></trkpt><trkpt lat="37.875840" lon="-122.565280"><ele>223.5</ele></trkpt><trkpt lat="37.876050" lon="-122.564930"><ele>220.1</ele></trkpt><trkpt lat="37.876160" lon="-122.564800"><ele>218.6</ele></trkpt><trkpt lat="37.876230" lon="-122.564750"><ele>217.9</ele></trkpt><trkpt lat="37.876320" lon="-122.564740"><ele>217.2</ele></trkpt><trkpt lat="37.876470" lon="-122.564890"><ele>215.7</ele></trkpt><trkpt lat="37.876640" lon="-122.565030"><ele>214.0</ele></trkpt><trkpt lat="37.876720" lon="-122.565150"><ele>213.0</ele></trkpt><trkpt lat="37.876900" lon="-122.565340"><ele>210.9</ele></trkpt><trkpt lat="37.877040" lon="-122.565430"><ele>209.4</ele></trkpt><trkpt lat="37.877170" lon="-122.565550"><ele>207.8</ele></trkpt><trkpt lat="37.877280" lon="-122.565540"><ele>206.8</ele></trkpt><trkpt lat="37.877430" lon="-122.565460"><ele>205.3</ele></trkpt><trkpt lat="37.877570" lon="-122.565490"><ele>204.3</ele></trkpt><trkpt lat="37.877680" lon="-122.565650"><ele>203.2</ele></trkpt><trkpt lat="37.877720" lon="-122.565620"><ele>202.8</ele></trkpt><trkpt lat="37.877670" lon="-122.565470"><ele>202.0</ele></trkpt><trkpt lat="37.877660" lon="-122.565290"><ele>201.0</ele></trkpt><trkpt lat="37.877610" lon="-122.565120"><ele>200.2</ele></trkpt><trkpt lat="37.877510" lon="-122.564900"><ele>199.2</ele></trkpt><trkpt lat="37.877350" lon="-122.564650"><ele>198.1</ele></trkpt><trkpt lat="37.877460" lon="-122.564600"><ele>197.5</ele></trkpt><trkpt lat="37.877500" lon="-122.564530"><ele>197.2</ele></trkpt><trkpt lat="37.877530" lon="-122.564040"><ele>197.2</ele></trkpt><trkpt lat="37.877520" lon="-122.563880"><ele>197.2</ele></trkpt><trkpt lat="37.877300" lon="-122.563480"><ele>197.5</ele></trkpt><trkpt lat="37.877280" lon="-122.563260"><ele>197.8</ele></trkpt><trkpt lat="37.877310" lon="-122.563070"><ele>198.1</ele></trkpt><trkpt lat="37.877350" lon="-122.562970"><ele>198.2</ele></trkpt><trkpt lat="37.877370" lon="-122.562890"><ele>198.3</ele></trkpt><trkpt lat="37.877360" lon="-122.562540"><ele>200.0</ele></trkpt><trkpt lat="37.877330" lon="-122.562450"><ele>200.6</ele></trkpt><trkpt lat="37.877440" lon="-122.562510"><ele>201.6</ele></trkpt><trkpt lat="37.877490" lon="-122.562510"><ele>201.9</ele></trkpt><trkpt lat="37.877500" lon="-122.562480"><ele>202.1</ele></trkpt><trkpt lat="37.877440" lon="-122.562330"><ele>203.2</ele></trkpt><trkpt lat="37.877380" lon="-122.562230"><ele>203.9</ele></trkpt><trkpt lat="37.877360" lon="-122.562060"><ele>205.4</ele></trkpt><trkpt lat="37.877300" lon="-122.561940"><ele>206.7</ele></trkpt><trkpt lat="37.877350" lon="-122.561620"><ele>209.5</ele></trkpt><trkpt lat="37.877310" lon="-122.561300"><ele>212.2</ele></trkpt><trkpt lat="37.877260" lon="-122.561090"><ele>213.7</ele></trkpt><trkpt lat="37.877180" lon="-122.560970"><ele>214.8</ele></trkpt><trkpt lat="37.877160" lon="-122.560820"><ele>215.9</ele></trkpt><trkpt lat="37.877190" lon="-122.560740"><ele>216.5</ele></trkpt><trkpt lat="37.877260" lon="-122.560490"><ele>218.3</ele></trkpt><trkpt lat="37.877240" lon="-122.560390"><ele>218.8</ele></trkpt><trkpt lat="37.877190" lon="-122.560310"><ele>219.2</ele></trkpt><trkpt lat="37.877080" lon="-122.560180"><ele>220.1</ele></trkpt><trkpt lat="37.877020" lon="-122.560150"><ele>220.4</ele></trkpt><trkpt lat="37.876930" lon="-122.560020"><ele>221.2</ele></trkpt><trkpt lat="37.876960" lon="-122.559840"><ele>222.0</ele></trkpt><trkpt lat="37.877070" lon="-122.559810"><ele>222.2</ele></trkpt><trkpt lat="37.877180" lon="-122.559950"><ele>222.3</ele></trkpt><trkpt lat="37.877260" lon="-122.559980"><ele>222.3</ele></trkpt><trkpt lat="37.877370" lon="-122.559960"><ele>222.4</ele></trkpt><trkpt lat="37.877540" lon="-122.559860"><ele>222.5</ele></trkpt><trkpt lat="37.877690" lon="-122.559850"><ele>222.6</ele></trkpt><trkpt lat="37.877760" lon="-122.559870"><ele>222.9</ele></trkpt><trkpt lat="37.877850" lon="-122.560170"><ele>223.7</ele></trkpt><trkpt lat="37.877950" lon="-122.560250"><ele>224.1</ele></trkpt><trkpt lat="37.878060" lon="-122.560270"><ele>224.5</ele></trkpt><trkpt lat="37.878290" lon="-122.560180"><ele>225.3</ele></trkpt><trkpt lat="37.878420" lon="-122.560200"><ele>225.6</ele></trkpt><trkpt lat="37.878610" lon="-122.560130"><ele>226.2</ele></trkpt><trkpt lat="37.878750" lon="-122.560010"><ele>226.7</ele></trkpt><trkpt lat="37.878890" lon="-122.559720"><ele>227.7</ele></trkpt><trkpt lat="37.879070" lon="-122.559430"><ele>228.9</ele></trkpt><trkpt lat="37.879180" lon="-122.559350"><ele>229.5</ele></trkpt><trkpt lat="37.879420" lon="-122.558980"><ele>229.7</ele></trkpt><trkpt lat="37.879560" lon="-122.558720"><ele>229.3</ele></trkpt><trkpt lat="37.879570" lon="-122.558720"><ele>229.3</ele></trkpt><trkpt lat="37.879640" lon="-122.558520"><ele>229.0</ele></trkpt><trkpt lat="37.879740" lon="-122.558340"><ele>228.4</ele></trkpt><trkpt lat="37.879940" lon="-122.558260"><ele>227.4</ele></trkpt><trkpt lat="37.880130" lon="-122.558250"><ele>226.6</ele></trkpt><trkpt lat="37.880320" lon="-122.558350"><ele>225.6</ele></trkpt><trkpt lat="37.880420" lon="-122.558390"><ele>225.2</ele></trkpt><trkpt lat="37.880520" lon="-122.558380"><ele>224.8</ele></trkpt><trkpt lat="37.880680" lon="-122.558270"><ele>224.1</ele></trkpt><trkpt lat="37.880940" lon="-122.558220"><ele>223.1</ele></trkpt><trkpt lat="37.881020" lon="-122.558050"><ele>222.6</ele></trkpt><trkpt lat="37.881120" lon="-122.557980"><ele>222.2</ele></trkpt><trkpt lat="37.881290" lon="-122.558010"><ele>221.7</ele></trkpt><trkpt lat="37.881480" lon="-122.557980"><ele>221.2</ele></trkpt><trkpt lat="37.881610" lon="-122.557920"><ele>220.8</ele></trkpt><trkpt lat="37.881750" lon="-122.557770"><ele>220.8</ele></trkpt><trkpt lat="37.881920" lon="-122.557490"><ele>221.0</ele></trkpt><trkpt lat="37.882040" lon="-122.557080"><ele>221.1</ele></trkpt><trkpt lat="37.882140" lon="-122.556890"><ele>220.7</ele></trkpt><trkpt lat="37.882240" lon="-122.556760"><ele>220.3</ele></trkpt><trkpt lat="37.882290" lon="-122.556610"><ele>220.0</ele></trkpt><trkpt lat="37.882280" lon="-122.556400"><ele>219.6</ele></trkpt><trkpt lat="37.882320" lon="-122.556240"><ele>219.1</ele></trkpt><trkpt lat="37.882220" lon="-122.555950"><ele>218.0</ele></trkpt><trkpt lat="37.882240" lon="-122.555880"><ele>217.8</ele></trkpt><trkpt lat="37.882270" lon="-122.555840"><ele>217.6</ele></trkpt><trkpt lat="37.882330" lon="-122.555710"><ele>217.1</ele></trkpt><trkpt lat="37.882350" lon="-122.555610"><ele>216.7</ele></trkpt><trkpt lat="37.882290" lon="-122.555500"><ele>216.2</ele></trkpt><trkpt lat="37.882190" lon="-122.555230"><ele>214.7</ele></trkpt><trkpt lat="37.882060" lon="-122.555060"><ele>213.6</ele></trkpt><trkpt lat="37.881980" lon="-122.555010"><ele>213.0</ele></trkpt><trkpt lat="37.881750" lon="-122.554960"><ele>211.5</ele></trkpt><trkpt lat="37.881550" lon="-122.554760"><ele>209.8</ele></trkpt><trkpt lat="37.881510" lon="-122.554680"><ele>209.3</ele></trkpt><trkpt lat="37.881410" lon="-122.554680"><ele>208.6</ele></trkpt><trkpt lat="37.881250" lon="-122.554650"><ele>207.5</ele></trkpt><trkpt lat="37.881110" lon="-122.554690"><ele>206.7</ele></trkpt><trkpt lat="37.881010" lon="-122.554690"><ele>206.4</ele></trkpt><trkpt lat="37.880770" lon="-122.554610"><ele>205.4</ele></trkpt><trkpt lat="37.880650" lon="-122.554670"><ele>204.9</ele></trkpt><trkpt lat="37.880550" lon="-122.554680"><ele>204.5</ele></trkpt><trkpt lat="37.880390" lon="-122.554620"><ele>203.7</ele></trkpt><trkpt lat="37.880260" lon="-122.554610"><ele>202.9</ele></trkpt><trkpt lat="37.880230" lon="-122.554650"><ele>202.7</ele></trkpt><trkpt lat="37.880220" lon="-122.554730"><ele>202.3</ele></trkpt><trkpt lat="37.880340" lon="-122.555020"><ele>200.8</ele></trkpt><trkpt lat="37.880360" lon="-122.555130"><ele>200.3</ele></trkpt><trkpt lat="37.880350" lon="-122.555160"><ele>200.1</ele></trkpt><trkpt lat="37.880300" lon="-122.555190"><ele>199.8</ele></trkpt><trkpt lat="37.880170" lon="-122.555170"><ele>199.3</ele></trkpt><trkpt lat="37.880080" lon="-122.555120"><ele>199.0</ele></trkpt><trkpt lat="37.879760" lon="-122.555030"><ele>197.7</ele></trkpt><trkpt lat="37.879600" lon="-122.554960"><ele>197.1</ele></trkpt><trkpt lat="37.879530" lon="-122.554960"><ele>196.7</ele></trkpt><trkpt lat="37.879520" lon="-122.554930"><ele>196.6</ele></trkpt><trkpt lat="37.879720" lon="-122.554840"><ele>195.5</ele></trkpt><trkpt lat="37.879720" lon="-122.554810"><ele>195.4</ele></trkpt><trkpt lat="37.879570" lon="-122.554770"><ele>194.6</ele></trkpt><trkpt lat="37.879440" lon="-122.554780"><ele>194.0</ele></trkpt><trkpt lat="37.879370" lon="-122.554710"><ele>193.5</ele></trkpt><trkpt lat="37.879410" lon="-122.554640"><ele>193.4</ele></trkpt><trkpt lat="37.879410" lon="-122.554520"><ele>193.2</ele></trkpt><trkpt lat="37.879210" lon="-122.554140"><ele>192.4</ele></trkpt><trkpt lat="37.879210" lon="-122.553990"><ele>192.2</ele></trkpt><trkpt lat="37.879230" lon="-122.553930"><ele>192.0</ele></trkpt><trkpt lat="37.879110" lon="-122.553860"><ele>192.4</ele></trkpt><trkpt lat="37.878960" lon="-122.553620"><ele>193.2</ele></trkpt><trkpt lat="37.878850" lon="-122.553570"><ele>193.6</ele></trkpt><trkpt lat="37.878760" lon="-122.553590"><ele>193.9</ele></trkpt><trkpt lat="37.878600" lon="-122.553720"><ele>194.6</ele></trkpt><trkpt lat="37.878530" lon="-122.553760"><ele>194.9</ele></trkpt><trkpt lat="37.878410" lon="-122.553740"><ele>195.3</ele></trkpt><trkpt lat="37.878290" lon="-122.553660"><ele>195.9</ele></trkpt><trkpt lat="37.878150" lon="-122.553630"><ele>196.4</ele></trkpt><trkpt lat="37.878080" lon="-122.553640"><ele>196.7</ele></trkpt><trkpt lat="37.878020" lon="-122.553660"><ele>196.9</ele></trkpt><trkpt lat="37.877780" lon="-122.553820"><ele>198.9</ele></trkpt><trkpt lat="37.877670" lon="-122.553810"><ele>199.9</ele></trkpt><trkpt lat="37.877570" lon="-122.553760"><ele>200.8</ele></trkpt><trkpt lat="37.877520" lon="-122.553700"><ele>201.5</ele></trkpt><trkpt lat="37.877390" lon="-122.553460"><ele>203.5</ele></trkpt><trkpt lat="37.877230" lon="-122.553320"><ele>204.3</ele></trkpt><trkpt lat="37.877020" lon="-122.553210"><ele>205.2</ele></trkpt><trkpt lat="37.876980" lon="-122.553160"><ele>205.4</ele></trkpt><trkpt lat="37.876880" lon="-122.552890"><ele>206.3</ele></trkpt><trkpt lat="37.876860" lon="-122.552860"><ele>206.4</ele></trkpt><trkpt lat="37.876700" lon="-122.552760"><ele>207.3</ele></trkpt><trkpt lat="37.876610" lon="-122.552670"><ele>207.9</ele></trkpt><trkpt lat="37.876600" lon="-122.552530"><ele>208.4</ele></trkpt><trkpt lat="37.876720" lon="-122.552290"><ele>209.6</ele></trkpt><trkpt lat="37.876730" lon="-122.552230"><ele>209.8</ele></trkpt><trkpt lat="37.876690" lon="-122.552150"><ele>210.0</ele></trkpt><trkpt lat="37.876510" lon="-122.552120"><ele>210.2</ele></trkpt><trkpt lat="37.876470" lon="-122.552100"><ele>210.2</ele></trkpt><trkpt lat="37.876440" lon="-122.552050"><ele>210.3</ele></trkpt><trkpt lat="37.876390" lon="-122.551800"><ele>210.4</ele></trkpt><trkpt lat="37.876340" lon="-122.551720"><ele>210.5</ele></trkpt><trkpt lat="37.876230" lon="-122.551680"><ele>210.6</ele></trkpt><trkpt lat="37.875910" lon="-122.551660"><ele>215.0</ele></trkpt><trkpt lat="37.875750" lon="-122.551720"><ele>217.3</ele></trkpt><trkpt lat="37.875670" lon="-122.551680"><ele>218.5</ele></trkpt><trkpt lat="37.875610" lon="-122.551550"><ele>220.2</ele></trkpt><trkpt lat="37.875580" lon="-122.551510"><ele>220.8</ele></trkpt><trkpt lat="37.875460" lon="-122.551510"><ele>222.4</ele></trkpt><trkpt lat="37.875260" lon="-122.551680"><ele>225.6</ele></trkpt><trkpt lat="37.875190" lon="-122.551760"><ele>226.9</ele></trkpt><trkpt lat="37.875150" lon="-122.551830"><ele>227.8</ele></trkpt><trkpt lat="37.875040" lon="-122.552150"><ele>231.5</ele></trkpt><trkpt lat="37.874990" lon="-122.552200"><ele>232.3</ele></trkpt><trkpt lat="37.874930" lon="-122.552220"><ele>233.1</ele></trkpt><trkpt lat="37.874740" lon="-122.552230"><ele>235.6</ele></trkpt><trkpt lat="37.874580" lon="-122.552340"><ele>237.9</ele></trkpt><trkpt lat="37.874500" lon="-122.552340"><ele>239.0</ele></trkpt><trkpt lat="37.874450" lon="-122.552310"><ele>239.7</ele></trkpt><trkpt lat="37.874320" lon="-122.552170"><ele>239.7</ele></trkpt><trkpt lat="37.874150" lon="-122.551890"><ele>239.5</ele></trkpt><trkpt lat="37.874100" lon="-122.551850"><ele>239.5</ele></trkpt><trkpt lat="37.873890" lon="-122.551810"><ele>239.3</ele></trkpt><trkpt lat="37.873760" lon="-122.551740"><ele>239.3</ele></trkpt><trkpt lat="37.873710" lon="-122.551670"><ele>239.4</ele></trkpt><trkpt lat="37.873610" lon="-122.551460"><ele>239.4</ele></trkpt><trkpt lat="37.873570" lon="-122.551420"><ele>239.5</ele></trkpt><trkpt lat="37.873450" lon="-122.551350"><ele>239.5</ele></trkpt><trkpt lat="37.873180" lon="-122.551110"><ele>239.8</ele></trkpt><trkpt lat="37.873120" lon="-122.551090"><ele>239.9</ele></trkpt><trkpt lat="37.873080" lon="-122.551090"><ele>239.9</ele></trkpt><trkpt lat="37.873030" lon="-122.551130"><ele>240.0</ele></trkpt><trkpt lat="37.872890" lon="-122.551490"><ele>240.4</ele></trkpt><trkpt lat="37.872560" lon="-122.551770"><ele>243.1</ele></trkpt><trkpt lat="37.872270" lon="-122.551980"><ele>245.7</ele></trkpt><trkpt lat="37.872220" lon="-122.552050"><ele>246.1</ele></trkpt><trkpt lat="37.872220" lon="-122.552060"><ele>246.1</ele></trkpt><trkpt lat="37.872150" lon="-122.552190"><ele>246.3</ele></trkpt><trkpt lat="37.872090" lon="-122.552250"><ele>246.5</ele></trkpt><trkpt lat="37.871900" lon="-122.552400"><ele>247.0</ele></trkpt><trkpt lat="37.871690" lon="-122.552760"><ele>248.0</ele></trkpt><trkpt lat="37.871580" lon="-122.552830"><ele>248.6</ele></trkpt><trkpt lat="37.871480" lon="-122.552830"><ele>249.1</ele></trkpt><trkpt lat="37.871420" lon="-122.552780"><ele>249.5</ele></trkpt><trkpt lat="37.871380" lon="-122.552720"><ele>249.8</ele></trkpt><trkpt lat="37.871360" lon="-122.552640"><ele>250.1</ele></trkpt><trkpt lat="37.871340" lon="-122.552400"><ele>251.1</ele></trkpt><trkpt lat="37.871290" lon="-122.552060"><ele>250.5</ele></trkpt><trkpt lat="37.871230" lon="-122.551950"><ele>250.2</ele></trkpt><trkpt lat="37.871160" lon="-122.551860"><ele>250.0</ele></trkpt><trkpt lat="37.871060" lon="-122.551850"><ele>249.7</ele></trkpt><trkpt lat="37.870870" lon="-122.551940"><ele>249.4</ele></trkpt><trkpt lat="37.870600" lon="-122.552100"><ele>249.6</ele></trkpt><trkpt lat="37.870520" lon="-122.552090"><ele>249.7</ele></trkpt><trkpt lat="37.870490" lon="-122.552050"><ele>249.7</ele></trkpt><trkpt lat="37.870460" lon="-122.551950"><ele>249.8</ele></trkpt><trkpt lat="37.870460" lon="-122.551810"><ele>249.9</ele></trkpt><trkpt lat="37.870490" lon="-122.551560"><ele>250.0</ele></trkpt><trkpt lat="37.870540" lon="-122.551290"><ele>250.1</ele></trkpt><trkpt lat="37.870550" lon="-122.551140"><ele>250.1</ele></trkpt><trkpt lat="37.870530" lon="-122.550830"><ele>250.3</ele></trkpt><trkpt lat="37.870480" lon="-122.550710"><ele>250.5</ele></trkpt><trkpt lat="37.870450" lon="-122.550680"><ele>250.6</ele></trkpt><trkpt lat="37.870420" lon="-122.550660"><ele>250.7</ele></trkpt><trkpt lat="37.870320" lon="-122.550670"><ele>251.0</ele></trkpt><trkpt lat="37.870180" lon="-122.550710"><ele>251.3</ele></trkpt><trkpt lat="37.870070" lon="-122.550770"><ele>251.6</ele></trkpt><trkpt lat="37.869660" lon="-122.551150"><ele>252.2</ele></trkpt><trkpt lat="37.869470" lon="-122.551370"><ele>252.3</ele></trkpt><trkpt lat="37.869380" lon="-122.551360"><ele>252.4</ele></trkpt><trkpt lat="37.869250" lon="-122.551240"><ele>252.8</ele></trkpt><trkpt lat="37.869110" lon="-122.551180"><ele>253.2</ele></trkpt><trkpt lat="37.869090" lon="-122.551100"><ele>253.4</ele></trkpt><trkpt lat="37.869090" lon="-122.551050"><ele>253.5</ele></trkpt><trkpt lat="37.869220" lon="-122.550790"><ele>254.2</ele></trkpt><trkpt lat="37.869320" lon="-122.550370"><ele>255.8</ele></trkpt><trkpt lat="37.869420" lon="-122.550120"><ele>256.9</ele></trkpt><trkpt lat="37.869470" lon="-122.549630"><ele>259.3</ele></trkpt><trkpt lat="37.869510" lon="-122.549560"><ele>259.9</ele></trkpt><trkpt lat="37.869550" lon="-122.549330"><ele>261.5</ele></trkpt><trkpt lat="37.869530" lon="-122.549240"><ele>262.1</ele></trkpt><trkpt lat="37.869430" lon="-122.549090"><ele>263.4</ele></trkpt><trkpt lat="37.869280" lon="-122.549060"><ele>264.4</ele></trkpt><trkpt lat="37.869200" lon="-122.549090"><ele>264.7</ele></trkpt><trkpt lat="37.869120" lon="-122.549160"><ele>265.0</ele></trkpt><trkpt lat="37.869080" lon="-122.549260"><ele>265.3</ele></trkpt><trkpt lat="37.869050" lon="-122.549670"><ele>266.5</ele></trkpt><trkpt lat="37.869000" lon="-122.549790"><ele>267.0</ele></trkpt><trkpt lat="37.868820" lon="-122.550030"><ele>269.2</ele></trkpt><trkpt lat="37.868610" lon="-122.550230"><ele>271.4</ele></trkpt><trkpt lat="37.868500" lon="-122.550300"><ele>272.5</ele></trkpt><trkpt lat="37.868340" lon="-122.550380"><ele>273.6</ele></trkpt><trkpt lat="37.868300" lon="-122.550430"><ele>274.0</ele></trkpt><trkpt lat="37.868250" lon="-122.550540"><ele>274.6</ele></trkpt><trkpt lat="37.868140" lon="-122.551040"><ele>277.2</ele></trkpt><trkpt lat="37.868000" lon="-122.551290"><ele>279.1</ele></trkpt><trkpt lat="37.867920" lon="-122.551370"><ele>280.0</ele></trkpt><trkpt lat="37.867580" lon="-122.551630"><ele>283.2</ele></trkpt><trkpt lat="37.867510" lon="-122.551650"><ele>283.3</ele></trkpt><trkpt lat="37.867450" lon="-122.551640"><ele>283.4</ele></trkpt><trkpt lat="37.867380" lon="-122.551570"><ele>283.5</ele></trkpt><trkpt lat="37.867350" lon="-122.551490"><ele>283.7</ele></trkpt><trkpt lat="37.867330" lon="-122.551370"><ele>283.8</ele></trkpt><trkpt lat="37.867320" lon="-122.550450"><ele>282.6</ele></trkpt><trkpt lat="37.867230" lon="-122.550230"><ele>281.6</ele></trkpt><trkpt lat="37.867210" lon="-122.550120"><ele>281.2</ele></trkpt><trkpt lat="37.867210" lon="-122.550020"><ele>280.9</ele></trkpt><trkpt lat="37.867350" lon="-122.549770"><ele>279.7</ele></trkpt><trkpt lat="37.867390" lon="-122.549640"><ele>279.2</ele></trkpt><trkpt lat="37.867410" lon="-122.549510"><ele>278.8</ele></trkpt><trkpt lat="37.867410" lon="-122.549410"><ele>278.4</ele></trkpt><trkpt lat="37.867320" lon="-122.549190"><ele>277.7</ele></trkpt><trkpt lat="37.867210" lon="-122.549020"><ele>277.9</ele></trkpt><trkpt lat="37.867090" lon="-122.548760"><ele>278.1</ele></trkpt><trkpt lat="37.867030" lon="-122.548940"><ele>278.2</ele></trkpt><trkpt lat="37.867000" lon="-122.549840"><ele>282.4</ele></trkpt><trkpt lat="37.867030" lon="-122.550150"><ele>283.8</ele></trkpt><trkpt lat="37.867100" lon="-122.550350"><ele>284.7</ele></trkpt><trkpt lat="37.867180" lon="-122.550540"><ele>285.6</ele></trkpt><trkpt lat="37.867200" lon="-122.550710"><ele>286.2</ele></trkpt><trkpt lat="37.867180" lon="-122.550900"><ele>287.2</ele></trkpt><trkpt lat="37.867050" lon="-122.551320"><ele>290.4</ele></trkpt><trkpt lat="37.867020" lon="-122.551610"><ele>292.5</ele></trkpt><trkpt lat="37.867020" lon="-122.552100"><ele>296.7</ele></trkpt><trkpt lat="37.867060" lon="-122.552270"><ele>298.3</ele></trkpt><trkpt lat="37.867020" lon="-122.552350"><ele>299.1</ele></trkpt><trkpt lat="37.866990" lon="-122.552350"><ele>299.5</ele></trkpt><trkpt lat="37.866930" lon="-122.552290"><ele>300.3</ele></trkpt><trkpt lat="37.866900" lon="-122.552210"><ele>301.1</ele></trkpt><trkpt lat="37.866790" lon="-122.552100"><ele>302.6</ele></trkpt><trkpt lat="37.866680" lon="-122.552070"><ele>303.7</ele></trkpt><trkpt lat="37.866560" lon="-122.552080"><ele>304.9</ele></trkpt><trkpt lat="37.866310" lon="-122.552170"><ele>307.5</ele></trkpt><trkpt lat="37.866200" lon="-122.552530"><ele>308.5</ele></trkpt><trkpt lat="37.866110" lon="-122.552630"><ele>308.4</ele></trkpt><trkpt lat="37.865700" lon="-122.552860"><ele>307.5</ele></trkpt><trkpt lat="37.865240" lon="-122.553060"><ele>303.2</ele></trkpt><trkpt lat="37.864280" lon="-122.553370"><ele>293.5</ele></trkpt><trkpt lat="37.863390" lon="-122.553520"><ele>285.6</ele></trkpt><trkpt lat="37.862220" lon="-122.554040"><ele>271.2</ele></trkpt><trkpt lat="37.860110" lon="-122.554930"><ele>268.8</ele></trkpt><trkpt lat="37.859730" lon="-122.555130"><ele>271.6</ele></trkpt><trkpt lat="37.859460" lon="-122.554610"><ele>271.4</ele></trkpt><trkpt lat="37.859220" lon="-122.554200"><ele>268.9</ele></trkpt><trkpt lat="37.858640" lon="-122.554000"><ele>262.0</ele></trkpt><trkpt lat="37.857810" lon="-122.553900"><ele>250.3</ele></trkpt><trkpt lat="37.857660" lon="-122.553860"><ele>248.3</ele></trkpt><trkpt lat="37.857550" lon="-122.553770"><ele>246.8</ele></trkpt><trkpt lat="37.857030" lon="-122.553100"><ele>238.0</ele></trkpt><trkpt lat="37.856690" lon="-122.552900"><ele>233.5</ele></trkpt><trkpt lat="37.856450" lon="-122.552840"><ele>230.9</ele></trkpt><trkpt lat="37.855920" lon="-122.552930"><ele>225.7</ele></trkpt><trkpt lat="37.855510" lon="-122.553110"><ele>222.0</ele></trkpt><trkpt lat="37.854840" lon="-122.553300"><ele>217.9</ele></trkpt><trkpt lat="37.854310" lon="-122.553490"><ele>215.8</ele></trkpt><trkpt lat="37.853890" lon="-122.553870"><ele>214.1</ele></trkpt><trkpt lat="37.853730" lon="-122.554090"><ele>211.6</ele></trkpt><trkpt lat="37.853570" lon="-122.554410"><ele>208.2</ele></trkpt><trkpt lat="37.853480" lon="-122.554470"><ele>207.1</ele></trkpt><trkpt lat="37.851850" lon="-122.554760"><ele>188.4</ele></trkpt><trkpt lat="37.851700" lon="-122.554850"><ele>187.4</ele></trkpt><trkpt lat="37.851590" lon="-122.554990"><ele>186.4</ele></trkpt><trkpt lat="37.851490" lon="-122.555250"><ele>185.0</ele></trkpt><trkpt lat="37.851290" lon="-122.555560"><ele>182.8</ele></trkpt><trkpt lat="37.850820" lon="-122.555960"><ele>178.9</ele></trkpt><trkpt lat="37.850360" lon="-122.556320"><ele>175.9</ele></trkpt><trkpt lat="37.850140" lon="-122.556410"><ele>174.1</ele></trkpt><trkpt lat="37.850130" lon="-122.556410"><ele>173.9</ele></trkpt><trkpt lat="37.850100" lon="-122.556420"><ele>173.6</ele></trkpt><trkpt lat="37.849980" lon="-122.556410"><ele>172.3</ele></trkpt><trkpt lat="37.849920" lon="-122.556380"><ele>171.6</ele></trkpt><trkpt lat="37.849900" lon="-122.556200"><ele>170.1</ele></trkpt><trkpt lat="37.849960" lon="-122.555390"><ele>161.9</ele></trkpt><trkpt lat="37.850150" lon="-122.554850"><ele>155.0</ele></trkpt><trkpt lat="37.850220" lon="-122.554510"><ele>150.4</ele></trkpt><trkpt lat="37.850210" lon="-122.554090"><ele>145.1</ele></trkpt><trkpt lat="37.850170" lon="-122.553880"><ele>143.0</ele></trkpt><trkpt lat="37.849920" lon="-122.553670"><ele>139.3</ele></trkpt><trkpt lat="37.849700" lon="-122.553320"><ele>134.7</ele></trkpt><trkpt lat="37.849430" lon="-122.553090"><ele>130.2</ele></trkpt><trkpt lat="37.849340" lon="-122.552970"><ele>128.4</ele></trkpt><trkpt lat="37.849110" lon="-122.552460"><ele>122.4</ele></trkpt><trkpt lat="37.848710" lon="-122.551750"><ele>113.3</ele></trkpt><trkpt lat="37.848660" lon="-122.551610"><ele>111.6</ele></trkpt><trkpt lat="37.848740" lon="-122.551360"><ele>108.7</ele></trkpt><trkpt lat="37.848750" lon="-122.551220"><ele>107.1</ele></trkpt><trkpt lat="37.848720" lon="-122.551160"><ele>106.3</ele></trkpt><trkpt lat="37.848690" lon="-122.551110"><ele>105.5</ele></trkpt><trkpt lat="37.848570" lon="-122.551070"><ele>103.6</ele></trkpt><trkpt lat="37.848390" lon="-122.551110"><ele>100.9</ele></trkpt><trkpt lat="37.848260" lon="-122.551090"><ele>98.9</ele></trkpt><trkpt lat="37.848180" lon="-122.551000"><ele>97.3</ele></trkpt><trkpt lat="37.848140" lon="-122.550910"><ele>96.1</ele></trkpt><trkpt lat="37.848050" lon="-122.550440"><ele>90.3</ele></trkpt><trkpt lat="37.848050" lon="-122.550000"><ele>85.1</ele></trkpt><trkpt lat="37.848140" lon="-122.549600"><ele>80.5</ele></trkpt><trkpt lat="37.848230" lon="-122.548990"><ele>74.4</ele></trkpt><trkpt lat="37.848310" lon="-122.548620"><ele>71.5</ele></trkpt><trkpt lat="37.848430" lon="-122.547930"><ele>63.8</ele></trkpt><trkpt lat="37.848820" lon="-122.546890"><ele>48.5</ele></trkpt><trkpt lat="37.848930" lon="-122.546380"><ele>42.1</ele></trkpt><trkpt lat="37.849010" lon="-122.545880"><ele>36.4</ele></trkpt><trkpt lat="37.849480" lon="-122.545310"><ele>33.6</ele></trkpt><trkpt lat="37.849510" lon="-122.545180"><ele>33.4</ele></trkpt><trkpt lat="37.849520" lon="-122.544700"><ele>32.2</ele></trkpt><trkpt lat="37.849480" lon="-122.544500"><ele>31.7</ele></trkpt><trkpt lat="37.849350" lon="-122.544200"><ele>30.8</ele></trkpt><trkpt lat="37.849280" lon="-122.543920"><ele>29.7</ele></trkpt><trkpt lat="37.849340" lon="-122.543140"><ele>27.3</ele></trkpt><trkpt lat="37.849270" lon="-122.542820"><ele>27.1</ele></trkpt><trkpt lat="37.849170" lon="-122.542550"><ele>26.9</ele></trkpt><trkpt lat="37.849130" lon="-122.542320"><ele>27.1</ele></trkpt><trkpt lat="37.849130" lon="-122.541460"><ele>29.2</ele></trkpt><trkpt lat="37.849180" lon="-122.540950"><ele>32.8</ele></trkpt><trkpt lat="37.849300" lon="-122.540620"><ele>35.2</ele></trkpt><trkpt lat="37.849490" lon="-122.540200"><ele>36.3</ele></trkpt><trkpt lat="37.849800" lon="-122.539750"><ele>37.3</ele></trkpt><trkpt lat="37.850260" lon="-122.539190"><ele>37.3</ele></trkpt><trkpt lat="37.850770" lon="-122.538680"><ele>34.1</ele></trkpt><trkpt lat="37.850980" lon="-122.538580"><ele>33.4</ele></trkpt><trkpt lat="37.851310" lon="-122.538530"><ele>32.5</ele></trkpt><trkpt lat="37.851850" lon="-122.538570"><ele>32.3</ele></trkpt><trkpt lat="37.852160" lon="-122.538570"><ele>32.6</ele></trkpt><trkpt lat="37.852440" lon="-122.538720"><ele>33.9</ele></trkpt><trkpt lat="37.853170" lon="-122.539020"><ele>37.7</ele></trkpt><trkpt lat="37.853560" lon="-122.539220"><ele>40.0</ele></trkpt><trkpt lat="37.854100" lon="-122.539580"><ele>41.8</ele></trkpt><trkpt lat="37.854460" lon="-122.539710"><ele>42.3</ele></trkpt><trkpt lat="37.854700" lon="-122.539750"><ele>42.5</ele></trkpt><trkpt lat="37.854930" lon="-122.539700"><ele>42.6</ele></trkpt><trkpt lat="37.855320" lon="-122.539520"><ele>42.1</ele></trkpt><trkpt lat="37.855560" lon="-122.539450"><ele>41.8</ele></trkpt><trkpt lat="37.856160" lon="-122.539360"><ele>42.5</ele></trkpt><trkpt lat="37.856460" lon="-122.539240"><ele>42.9</ele></trkpt><trkpt lat="37.857410" lon="-122.539010"><ele>49.0</ele></trkpt><trkpt lat="37.857630" lon="-122.538870"><ele>52.2</ele></trkpt><trkpt lat="37.860875" lon="-122.545730"><ele>86.6</ele></trkpt></trkseg></trk>
</gpx>