<?xml version="1.0" encoding="UTF-8"?>
<gpx version="1.1" creator="north-bay-planning" xmlns="http://www.topografix.com/GPX/1/1">
<metadata><name>Sun alt 2 watershed</name><desc>Sun alt 2 watershed</desc></metadata>
<wpt lat="37.824620" lon="-122.526580"><name>Night 1 Bicentennial site 02</name><desc>Booked.</desc></wpt>
<wpt lat="37.903820" lon="-122.603640"><name>Night 2 Pantoll hike-and-bike</name><desc>Walk-up.</desc></wpt>
<wpt lat="38.018280" lon="-122.733140"><name>Night 3 Samuel P. Taylor hike-and-bike</name><desc>Walk-up.</desc></wpt>
<wpt lat="37.860800" lon="-122.545820"><name>Night 4 Haypress</name><desc>Reserve on recreation.gov.</desc></wpt>
<trk><name>Sun alt 2 watershed</name><trkseg><trkpt lat="38.018120" lon="-122.733360"><ele>41.8</ele></trkpt><trkpt lat="38.017870" lon="-122.732990"><ele>42.6</ele></trkpt><trkpt lat="38.017810" lon="-122.732810"><ele>42.9</ele></trkpt><trkpt lat="38.017740" lon="-122.732620"><ele>43.2</ele></trkpt><trkpt lat="38.017690" lon="-122.732280"><ele>43.6</ele></trkpt><trkpt lat="38.017690" lon="-122.731680"><ele>44.2</ele></trkpt><trkpt lat="38.017840" lon="-122.731120"><ele>43.8</ele></trkpt><trkpt lat="38.018130" lon="-122.730590"><ele>43.3</ele></trkpt><trkpt lat="38.018670" lon="-122.729850"><ele>42.0</ele></trkpt><trkpt lat="38.019030" lon="-122.729220"><ele>41.1</ele></trkpt><trkpt lat="38.019470" lon="-122.728710"><ele>40.6</ele></trkpt><trkpt lat="38.019620" lon="-122.728280"><ele>39.6</ele></trkpt><trkpt lat="38.019750" lon="-122.727930"><ele>38.9</ele></trkpt><trkpt lat="38.019840" lon="-122.727200"><ele>38.2</ele></trkpt><trkpt lat="38.019670" lon="-122.726420"><ele>38.8</ele></trkpt><trkpt lat="38.019180" lon="-122.725600"><ele>40.4</ele></trkpt><trkpt lat="38.018420" lon="-122.724700"><ele>42.8</ele></trkpt><trkpt lat="38.017780" lon="-122.724250"><ele>45.1</ele></trkpt><trkpt lat="38.017540" lon="-122.723950"><ele>46.2</ele></trkpt><trkpt lat="38.017360" lon="-122.723880"><ele>46.7</ele></trkpt><trkpt lat="38.017010" lon="-122.723570"><ele>47.3</ele></trkpt><trkpt lat="38.016890" lon="-122.723430"><ele>47.5</ele></trkpt><trkpt lat="38.016850" lon="-122.723360"><ele>47.5</ele></trkpt><trkpt lat="38.016740" lon="-122.723060"><ele>47.1</ele></trkpt><trkpt lat="38.016650" lon="-122.722510"><ele>46.4</ele></trkpt><trkpt lat="38.016610" lon="-122.721690"><ele>45.5</ele></trkpt><trkpt lat="38.016590" lon="-122.721150"><ele>45.4</ele></trkpt><trkpt lat="38.016550" lon="-122.720830"><ele>45.4</ele></trkpt><trkpt lat="38.016460" lon="-122.720420"><ele>45.5</ele></trkpt><trkpt lat="38.016320" lon="-122.720010"><ele>45.7</ele></trkpt><trkpt lat="38.015740" lon="-122.718630"><ele>55.8</ele></trkpt><trkpt lat="38.014490" lon="-122.715760"><ele>61.0</ele></trkpt><trkpt lat="38.014230" lon="-122.715310"><ele>54.9</ele></trkpt><trkpt lat="38.014100" lon="-122.715140"><ele>52.3</ele></trkpt><trkpt lat="38.013990" lon="-122.715020"><ele>52.4</ele></trkpt><trkpt lat="38.013440" lon="-122.714570"><ele>55.5</ele></trkpt><trkpt lat="38.012810" lon="-122.714120"><ele>56.1</ele></trkpt><trkpt lat="38.012580" lon="-122.713890"><ele>56.4</ele></trkpt><trkpt lat="38.012360" lon="-122.713530"><ele>56.7</ele></trkpt><trkpt lat="38.012190" lon="-122.713150"><ele>56.2</ele></trkpt><trkpt lat="38.011920" lon="-122.712620"><ele>55.3</ele></trkpt><trkpt lat="38.011780" lon="-122.712410"><ele>55.0</ele></trkpt><trkpt lat="38.011440" lon="-122.712050"><ele>54.2</ele></trkpt><trkpt lat="38.011080" lon="-122.711840"><ele>53.7</ele></trkpt><trkpt lat="38.010670" lon="-122.711630"><ele>53.2</ele></trkpt><trkpt lat="38.010570" lon="-122.711520"><ele>53.1</ele></trkpt><trkpt lat="38.009360" lon="-122.711150"><ele>52.7</ele></trkpt><trkpt lat="38.009160" lon="-122.711060"><ele>52.6</ele></trkpt><trkpt lat="38.008980" lon="-122.711030"><ele>52.5</ele></trkpt><trkpt lat="38.008340" lon="-122.710840"><ele>52.8</ele></trkpt><trkpt lat="38.008050" lon="-122.710780"><ele>53.0</ele></trkpt><trkpt lat="38.007850" lon="-122.710780"><ele>53.2</ele></trkpt><trkpt lat="38.007500" lon="-122.710840"><ele>53.5</ele></trkpt><trkpt lat="38.007360" lon="-122.710820"><ele>53.6</ele></trkpt><trkpt lat="38.007180" lon="-122.710840"><ele>53.7</ele></trkpt><trkpt lat="38.006920" lon="-122.710840"><ele>53.8</ele></trkpt><trkpt lat="38.006810" lon="-122.710820"><ele>53.9</ele></trkpt><trkpt lat="38.006080" lon="-122.710790"><ele>54.2</ele></trkpt><trkpt lat="38.005790" lon="-122.710750"><ele>54.3</ele></trkpt><trkpt lat="38.005620" lon="-122.710660"><ele>54.5</ele></trkpt><trkpt lat="38.005540" lon="-122.710580"><ele>54.6</ele></trkpt><trkpt lat="38.005380" lon="-122.710320"><ele>54.8</ele></trkpt><trkpt lat="38.005200" lon="-122.709630"><ele>55.3</ele></trkpt><trkpt lat="38.005180" lon="-122.709020"><ele>55.2</ele></trkpt><trkpt lat="38.005270" lon="-122.708460"><ele>54.6</ele></trkpt><trkpt lat="38.005250" lon="-122.708280"><ele>56.5</ele></trkpt><trkpt lat="38.004810" lon="-122.708320"><ele>64.1</ele></trkpt><trkpt lat="38.004640" lon="-122.708360"><ele>67.1</ele></trkpt><trkpt lat="38.004610" lon="-122.708440"><ele>67.1</ele></trkpt><trkpt lat="38.003230" lon="-122.708350"><ele>70.7</ele></trkpt><trkpt lat="38.002870" lon="-122.708260"><ele>65.9</ele></trkpt><trkpt lat="38.002590" lon="-122.708220"><ele>62.2</ele></trkpt><trkpt lat="38.002450" lon="-122.708220"><ele>61.9</ele></trkpt><trkpt lat="38.002330" lon="-122.708250"><ele>63.1</ele></trkpt><trkpt lat="38.001910" lon="-122.708460"><ele>67.2</ele></trkpt><trkpt lat="38.001830" lon="-122.708470"><ele>68.0</ele></trkpt><trkpt lat="38.001720" lon="-122.708460"><ele>70.0</ele></trkpt><trkpt lat="38.001650" lon="-122.708430"><ele>71.3</ele></trkpt><trkpt lat="38.001610" lon="-122.708310"><ele>73.3</ele></trkpt><trkpt lat="38.001530" lon="-122.708160"><ele>75.9</ele></trkpt><trkpt lat="38.001510" lon="-122.708050"><ele>77.5</ele></trkpt><trkpt lat="38.001510" lon="-122.707920"><ele>79.4</ele></trkpt><trkpt lat="38.001570" lon="-122.707840"><ele>81.1</ele></trkpt><trkpt lat="38.001640" lon="-122.707800"><ele>82.5</ele></trkpt><trkpt lat="38.001880" lon="-122.707950"><ele>87.8</ele></trkpt><trkpt lat="38.001980" lon="-122.707960"><ele>89.8</ele></trkpt><trkpt lat="38.002120" lon="-122.707910"><ele>92.6</ele></trkpt><trkpt lat="38.002350" lon="-122.707740"><ele>98.1</ele></trkpt><trkpt lat="38.002480" lon="-122.707690"><ele>101.1</ele></trkpt><trkpt lat="38.002970" lon="-122.707640"><ele>111.4</ele></trkpt><trkpt lat="38.003070" lon="-122.707590"><ele>112.0</ele></trkpt><trkpt lat="38.003110" lon="-122.707520"><ele>112.4</ele></trkpt><trkpt lat="38.003140" lon="-122.707260"><ele>113.7</ele></trkpt><trkpt lat="38.003200" lon="-122.707150"><ele>114.3</ele></trkpt><trkpt lat="38.003240" lon="-122.707120"><ele>114.5</ele></trkpt><trkpt lat="38.003300" lon="-122.707130"><ele>114.9</ele></trkpt><trkpt lat="38.003340" lon="-122.707150"><ele>115.2</ele></trkpt><trkpt lat="38.003490" lon="-122.707280"><ele>116.3</ele></trkpt><trkpt lat="38.003640" lon="-122.707370"><ele>117.5</ele></trkpt><trkpt lat="38.003730" lon="-122.707370"><ele>118.1</ele></trkpt><trkpt lat="38.004040" lon="-122.707250"><ele>120.3</ele></trkpt><trkpt lat="38.004140" lon="-122.707180"><ele>120.8</ele></trkpt><trkpt lat="38.004200" lon="-122.707120"><ele>121.1</ele></trkpt><trkpt lat="38.004220" lon="-122.707050"><ele>121.4</ele></trkpt><trkpt lat="38.004190" lon="-122.706940"><ele>121.8</ele></trkpt><trkpt lat="38.004130" lon="-122.706850"><ele>122.2</ele></trkpt><trkpt lat="38.004090" lon="-122.706630"><ele>122.9</ele></trkpt><trkpt lat="38.004040" lon="-122.706510"><ele>123.4</ele></trkpt><trkpt lat="38.003820" lon="-122.706270"><ele>127.8</ele></trkpt><trkpt lat="38.003690" lon="-122.706030"><ele>131.5</ele></trkpt><trkpt lat="38.003660" lon="-122.705950"><ele>132.6</ele></trkpt><trkpt lat="38.003640" lon="-122.705860"><ele>133.7</ele></trkpt><trkpt lat="38.003650" lon="-122.705770"><ele>134.9</ele></trkpt><trkpt lat="38.003730" lon="-122.705440"><ele>139.7</ele></trkpt><trkpt lat="38.003780" lon="-122.705090"><ele>144.7</ele></trkpt><trkpt lat="38.003830" lon="-122.704990"><ele>146.3</ele></trkpt><trkpt lat="38.004010" lon="-122.704710"><ele>150.2</ele></trkpt><trkpt lat="38.004120" lon="-122.704460"><ele>152.9</ele></trkpt><trkpt lat="38.004130" lon="-122.704370"><ele>153.8</ele></trkpt><trkpt lat="38.004110" lon="-122.704190"><ele>155.5</ele></trkpt><trkpt lat="38.004110" lon="-122.704000"><ele>157.3</ele></trkpt><trkpt lat="38.004180" lon="-122.703690"><ele>160.4</ele></trkpt><trkpt lat="38.004190" lon="-122.703560"><ele>161.7</ele></trkpt><trkpt lat="38.004180" lon="-122.703330"><ele>163.9</ele></trkpt><trkpt lat="38.004180" lon="-122.703050"><ele>166.3</ele></trkpt><trkpt lat="38.004160" lon="-122.702960"><ele>167.0</ele></trkpt><trkpt lat="38.004190" lon="-122.702780"><ele>168.4</ele></trkpt><trkpt lat="38.004220" lon="-122.702760"><ele>168.8</ele></trkpt><trkpt lat="38.004360" lon="-122.702820"><ele>170.2</ele></trkpt><trkpt lat="38.004650" lon="-122.703000"><ele>173.9</ele></trkpt><trkpt lat="38.004800" lon="-122.703130"><ele>176.5</ele></trkpt><trkpt lat="38.004890" lon="-122.703200"><ele>178.0</ele></trkpt><trkpt lat="38.004960" lon="-122.703220"><ele>179.1</ele></trkpt><trkpt lat="38.005100" lon="-122.703180"><ele>181.2</ele></trkpt><trkpt lat="38.005150" lon="-122.703120"><ele>182.2</ele></trkpt><trkpt lat="38.005170" lon="-122.703030"><ele>182.9</ele></trkpt><trkpt lat="38.005160" lon="-122.702940"><ele>183.5</ele></trkpt><trkpt lat="38.005120" lon="-122.702770"><ele>184.5</ele></trkpt><trkpt lat="38.004880" lon="-122.702140"><ele>188.9</ele></trkpt><trkpt lat="38.004830" lon="-122.701880"><ele>191.1</ele></trkpt><trkpt lat="38.004750" lon="-122.701310"><ele>195.8</ele></trkpt><trkpt lat="38.004760" lon="-122.701310"><ele>195.9</ele></trkpt><trkpt lat="38.004790" lon="-122.701010"><ele>199.0</ele></trkpt><trkpt lat="38.004940" lon="-122.700880"><ele>201.4</ele></trkpt><trkpt lat="38.005000" lon="-122.700760"><ele>202.8</ele></trkpt><trkpt lat="38.005020" lon="-122.700670"><ele>203.8</ele></trkpt><trkpt lat="38.005010" lon="-122.700450"><ele>206.4</ele></trkpt><trkpt lat="38.004950" lon="-122.700330"><ele>208.2</ele></trkpt><trkpt lat="38.004860" lon="-122.700260"><ele>209.9</ele></trkpt><trkpt lat="38.004570" lon="-122.700250"><ele>214.6</ele></trkpt><trkpt lat="38.004460" lon="-122.700230"><ele>216.4</ele></trkpt><trkpt lat="38.004400" lon="-122.700180"><ele>217.3</ele></trkpt><trkpt lat="38.004100" lon="-122.699850"><ele>222.3</ele></trkpt><trkpt lat="38.003970" lon="-122.699630"><ele>225.1</ele></trkpt><trkpt lat="38.003930" lon="-122.699230"><ele>228.1</ele></trkpt><trkpt lat="38.003850" lon="-122.698970"><ele>230.2</ele></trkpt><trkpt lat="38.003490" lon="-122.698230"><ele>237.4</ele></trkpt><trkpt lat="38.003170" lon="-122.698010"><ele>241.4</ele></trkpt><trkpt lat="38.002810" lon="-122.697610"><ele>246.7</ele></trkpt><trkpt lat="38.002700" lon="-122.697560"><ele>247.9</ele></trkpt><trkpt lat="38.002450" lon="-122.697380"><ele>249.8</ele></trkpt><trkpt lat="38.002230" lon="-122.697190"><ele>251.5</ele></trkpt><trkpt lat="38.002150" lon="-122.697090"><ele>252.2</ele></trkpt><trkpt lat="38.002010" lon="-122.696860"><ele>253.5</ele></trkpt><trkpt lat="38.001960" lon="-122.696800"><ele>253.9</ele></trkpt><trkpt lat="38.001700" lon="-122.696610"><ele>255.5</ele></trkpt><trkpt lat="38.001570" lon="-122.696450"><ele>256.5</ele></trkpt><trkpt lat="38.001760" lon="-122.696110"><ele>260.2</ele></trkpt><trkpt lat="38.001910" lon="-122.695790"><ele>263.6</ele></trkpt><trkpt lat="38.002030" lon="-122.695460"><ele>266.5</ele></trkpt><trkpt lat="38.002130" lon="-122.695160"><ele>268.9</ele></trkpt><trkpt lat="38.002180" lon="-122.694980"><ele>270.3</ele></trkpt><trkpt lat="38.002270" lon="-122.694730"><ele>272.1</ele></trkpt><trkpt lat="38.002320" lon="-122.694510"><ele>273.4</ele></trkpt><trkpt lat="38.002360" lon="-122.694430"><ele>273.9</ele></trkpt><trkpt lat="38.002430" lon="-122.694390"><ele>274.5</ele></trkpt><trkpt lat="38.002500" lon="-122.694390"><ele>275.0</ele></trkpt><trkpt lat="38.002780" lon="-122.694600"><ele>277.0</ele></trkpt><trkpt lat="38.002880" lon="-122.694660"><ele>277.2</ele></trkpt><trkpt lat="38.002950" lon="-122.694670"><ele>277.4</ele></trkpt><trkpt lat="38.003240" lon="-122.694650"><ele>278.2</ele></trkpt><trkpt lat="38.003340" lon="-122.694600"><ele>278.4</ele></trkpt><trkpt lat="38.003390" lon="-122.694530"><ele>278.7</ele></trkpt><trkpt lat="38.003430" lon="-122.694420"><ele>279.1</ele></trkpt><trkpt lat="38.003450" lon="-122.694290"><ele>279.5</ele></trkpt><trkpt lat="38.003400" lon="-122.693670"><ele>281.6</ele></trkpt><trkpt lat="38.003470" lon="-122.693410"><ele>283.2</ele></trkpt><trkpt lat="38.003710" lon="-122.693190"><ele>285.6</ele></trkpt><trkpt lat="38.003860" lon="-122.693010"><ele>287.3</ele></trkpt><trkpt lat="38.003870" lon="-122.692850"><ele>288.3</ele></trkpt><trkpt lat="38.003900" lon="-122.692760"><ele>288.9</ele></trkpt><trkpt lat="38.003980" lon="-122.692670"><ele>289.7</ele></trkpt><trkpt lat="38.004110" lon="-122.692580"><ele>290.9</ele></trkpt><trkpt lat="38.004470" lon="-122.692370"><ele>293.8</ele></trkpt><trkpt lat="38.004560" lon="-122.692230"><ele>294.5</ele></trkpt><trkpt lat="38.004570" lon="-122.692090"><ele>295.1</ele></trkpt><trkpt lat="38.004530" lon="-122.691970"><ele>295.6</ele></trkpt><trkpt lat="38.004360" lon="-122.691720"><ele>296.9</ele></trkpt><trkpt lat="38.004300" lon="-122.691610"><ele>297.1</ele></trkpt><trkpt lat="38.004260" lon="-122.691430"><ele>297.4</ele></trkpt><trkpt lat="38.004250" lon="-122.691290"><ele>297.7</ele></trkpt><trkpt lat="38.004270" lon="-122.690920"><ele>298.3</ele></trkpt><trkpt lat="38.004260" lon="-122.690740"><ele>298.5</ele></trkpt><trkpt lat="38.004170" lon="-122.690480"><ele>298.7</ele></trkpt><trkpt lat="38.004070" lon="-122.690240"><ele>298.8</ele></trkpt><trkpt lat="38.003950" lon="-122.689860"><ele>299.8</ele></trkpt><trkpt lat="38.003840" lon="-122.689420"><ele>302.0</ele></trkpt><trkpt lat="38.003800" lon="-122.689330"><ele>302.4</ele></trkpt><trkpt lat="38.003630" lon="-122.689100"><ele>303.9</ele></trkpt><trkpt lat="38.003430" lon="-122.688710"><ele>306.1</ele></trkpt><trkpt lat="38.003360" lon="-122.688450"><ele>307.4</ele></trkpt><trkpt lat="38.003260" lon="-122.688260"><ele>308.7</ele></trkpt><trkpt lat="38.003190" lon="-122.688000"><ele>310.3</ele></trkpt><trkpt lat="38.002970" lon="-122.687520"><ele>313.5</ele></trkpt><trkpt lat="38.002880" lon="-122.687170"><ele>315.4</ele></trkpt><trkpt lat="38.002900" lon="-122.686850"><ele>317.0</ele></trkpt><trkpt lat="38.002950" lon="-122.686580"><ele>318.9</ele></trkpt><trkpt lat="38.003060" lon="-122.686290"><ele>321.3</ele></trkpt><trkpt lat="38.003090" lon="-122.686160"><ele>322.4</ele></trkpt><trkpt lat="38.003110" lon="-122.685840"><ele>324.8</ele></trkpt><trkpt lat="38.003150" lon="-122.685680"><ele>326.3</ele></trkpt><trkpt lat="38.003190" lon="-122.685570"><ele>327.3</ele></trkpt><trkpt lat="38.003450" lon="-122.685180"><ele>331.7</ele></trkpt><trkpt lat="38.003480" lon="-122.685100"><ele>332.5</ele></trkpt><trkpt lat="38.003490" lon="-122.684960"><ele>333.7</ele></trkpt><trkpt lat="38.003440" lon="-122.684790"><ele>335.3</ele></trkpt><trkpt lat="38.003370" lon="-122.684630"><ele>336.9</ele></trkpt><trkpt lat="38.003320" lon="-122.684500"><ele>338.1</ele></trkpt><trkpt lat="38.003310" lon="-122.684270"><ele>340.1</ele></trkpt><trkpt lat="38.003230" lon="-122.683870"><ele>342.3</ele></trkpt><trkpt lat="38.002950" lon="-122.683330"><ele>345.3</ele></trkpt><trkpt lat="38.002910" lon="-122.683210"><ele>345.7</ele></trkpt><trkpt lat="38.002900" lon="-122.683120"><ele>345.9</ele></trkpt><trkpt lat="38.002920" lon="-122.682980"><ele>346.3</ele></trkpt><trkpt lat="38.002960" lon="-122.682900"><ele>346.6</ele></trkpt><trkpt lat="38.003020" lon="-122.682850"><ele>346.8</ele></trkpt><trkpt lat="38.003160" lon="-122.682810"><ele>347.3</ele></trkpt><trkpt lat="38.003260" lon="-122.682760"><ele>347.7</ele></trkpt><trkpt lat="38.003320" lon="-122.682700"><ele>348.0</ele></trkpt><trkpt lat="38.003340" lon="-122.682610"><ele>348.2</ele></trkpt><trkpt lat="38.003340" lon="-122.682570"><ele>348.4</ele></trkpt><trkpt lat="38.003310" lon="-122.682440"><ele>348.8</ele></trkpt><trkpt lat="38.003250" lon="-122.682320"><ele>349.2</ele></trkpt><trkpt lat="38.002980" lon="-122.682010"><ele>350.5</ele></trkpt><trkpt lat="38.002870" lon="-122.681840"><ele>351.0</ele></trkpt><trkpt lat="38.002720" lon="-122.681570"><ele>351.8</ele></trkpt><trkpt lat="38.002490" lon="-122.681280"><ele>352.2</ele></trkpt><trkpt lat="38.002460" lon="-122.681060"><ele>352.1</ele></trkpt><trkpt lat="38.002520" lon="-122.680840"><ele>351.9</ele></trkpt><trkpt lat="38.002590" lon="-122.680740"><ele>351.8</ele></trkpt><trkpt lat="38.002670" lon="-122.680650"><ele>351.8</ele></trkpt><trkpt lat="38.002930" lon="-122.680480"><ele>350.6</ele></trkpt><trkpt lat="38.003400" lon="-122.680230"><ele>348.4</ele></trkpt><trkpt lat="38.003460" lon="-122.680180"><ele>348.0</ele></trkpt><trkpt lat="38.003480" lon="-122.680140"><ele>347.8</ele></trkpt><trkpt lat="38.003510" lon="-122.680010"><ele>347.2</ele></trkpt><trkpt lat="38.003500" lon="-122.679780"><ele>346.2</ele></trkpt><trkpt lat="38.003520" lon="-122.679600"><ele>345.4</ele></trkpt><trkpt lat="38.003400" lon="-122.679500"><ele>344.6</ele></trkpt><trkpt lat="38.003200" lon="-122.679300"><ele>343.4</ele></trkpt><trkpt lat="38.003010" lon="-122.679150"><ele>342.4</ele></trkpt><trkpt lat="38.002900" lon="-122.679030"><ele>341.7</ele></trkpt><trkpt lat="38.002850" lon="-122.678900"><ele>341.2</ele></trkpt><trkpt lat="38.002830" lon="-122.678770"><ele>340.7</ele></trkpt><trkpt lat="38.002830" lon="-122.678580"><ele>340.1</ele></trkpt><trkpt lat="38.002850" lon="-122.678440"><ele>339.6</ele></trkpt><trkpt lat="38.002930" lon="-122.678230"><ele>338.9</ele></trkpt><trkpt lat="38.002980" lon="-122.678050"><ele>338.2</ele></trkpt><trkpt lat="38.002990" lon="-122.677910"><ele>337.7</ele></trkpt><trkpt lat="38.002980" lon="-122.677770"><ele>337.2</ele></trkpt><trkpt lat="38.002930" lon="-122.677600"><ele>336.5</ele></trkpt><trkpt lat="38.002830" lon="-122.677400"><ele>335.7</ele></trkpt><trkpt lat="38.002720" lon="-122.677220"><ele>334.7</ele></trkpt><trkpt lat="38.002600" lon="-122.677110"><ele>333.5</ele></trkpt><trkpt lat="38.002670" lon="-122.676920"><ele>332.2</ele></trkpt><trkpt lat="38.002610" lon="-122.676700"><ele>330.7</ele></trkpt><trkpt lat="38.002610" lon="-122.676560"><ele>329.8</ele></trkpt><trkpt lat="38.002690" lon="-122.676250"><ele>327.9</ele></trkpt><trkpt lat="38.002720" lon="-122.676060"><ele>326.9</ele></trkpt><trkpt lat="38.002790" lon="-122.675900"><ele>325.9</ele></trkpt><trkpt lat="38.002810" lon="-122.675760"><ele>325.2</ele></trkpt><trkpt lat="38.002820" lon="-122.675430"><ele>323.3</ele></trkpt><trkpt lat="38.002760" lon="-122.675260"><ele>322.2</ele></trkpt><trkpt lat="38.002750" lon="-122.675080"><ele>321.1</ele></trkpt><trkpt lat="38.002770" lon="-122.674800"><ele>319.4</ele></trkpt><trkpt lat="38.002820" lon="-122.674530"><ele>318.3</ele></trkpt><trkpt lat="38.002830" lon="-122.674340"><ele>317.7</ele></trkpt><trkpt lat="38.002810" lon="-122.674200"><ele>317.3</ele></trkpt><trkpt lat="38.002750" lon="-122.674030"><ele>316.8</ele></trkpt><trkpt lat="38.002480" lon="-122.673920"><ele>315.7</ele></trkpt><trkpt lat="38.002320" lon="-122.673700"><ele>314.9</ele></trkpt><trkpt lat="38.002220" lon="-122.673260"><ele>313.7</ele></trkpt><trkpt lat="38.002160" lon="-122.673140"><ele>313.8</ele></trkpt><trkpt lat="38.001740" lon="-122.672880"><ele>314.6</ele></trkpt><trkpt lat="38.001310" lon="-122.672680"><ele>316.3</ele></trkpt><trkpt lat="38.001220" lon="-122.672610"><ele>316.7</ele></trkpt><trkpt lat="38.000710" lon="-122.672350"><ele>318.4</ele></trkpt><trkpt lat="38.000620" lon="-122.672260"><ele>318.5</ele></trkpt><trkpt lat="38.000430" lon="-122.671850"><ele>318.8</ele></trkpt><trkpt lat="38.000360" lon="-122.671640"><ele>318.7</ele></trkpt><trkpt lat="38.000370" lon="-122.671500"><ele>318.7</ele></trkpt><trkpt lat="38.000440" lon="-122.671350"><ele>318.6</ele></trkpt><trkpt lat="38.000480" lon="-122.671180"><ele>318.6</ele></trkpt><trkpt lat="38.000530" lon="-122.671130"><ele>318.6</ele></trkpt><trkpt lat="38.000530" lon="-122.671130"><ele>318.6</ele></trkpt><trkpt lat="38.000480" lon="-122.671180"><ele>318.5</ele></trkpt><trkpt lat="38.000420" lon="-122.670840"><ele>322.3</ele></trkpt><trkpt lat="38.000400" lon="-122.670560"><ele>325.5</ele></trkpt><trkpt lat="38.000380" lon="-122.670470"><ele>326.6</ele></trkpt><trkpt lat="38.000280" lon="-122.670340"><ele>328.7</ele></trkpt><trkpt lat="38.000140" lon="-122.670260"><ele>331.5</ele></trkpt><trkpt lat="37.999930" lon="-122.670220"><ele>335.5</ele></trkpt><trkpt lat="37.999160" lon="-122.670220"><ele>350.5</ele></trkpt><trkpt lat="37.999050" lon="-122.670200"><ele>352.7</ele></trkpt><trkpt lat="37.999000" lon="-122.670130"><ele>354.2</ele></trkpt><trkpt lat="37.998970" lon="-122.670040"><ele>355.8</ele></trkpt><trkpt lat="37.998960" lon="-122.669900"><ele>357.4</ele></trkpt><trkpt lat="37.998970" lon="-122.669670"><ele>358.4</ele></trkpt><trkpt lat="37.999090" lon="-122.669580"><ele>359.2</ele></trkpt><trkpt lat="37.999230" lon="-122.669530"><ele>360.0</ele></trkpt><trkpt lat="37.999320" lon="-122.669430"><ele>360.6</ele></trkpt><trkpt lat="37.999450" lon="-122.669150"><ele>361.5</ele></trkpt><trkpt lat="37.999510" lon="-122.668970"><ele>361.8</ele></trkpt><trkpt lat="37.999630" lon="-122.668770"><ele>362.3</ele></trkpt><trkpt lat="37.999650" lon="-122.668690"><ele>362.4</ele></trkpt><trkpt lat="37.999740" lon="-122.667710"><ele>368.4</ele></trkpt><trkpt lat="37.999890" lon="-122.666620"><ele>378.1</ele></trkpt><trkpt lat="37.999940" lon="-122.666500"><ele>379.8</ele></trkpt><trkpt lat="38.000060" lon="-122.666340"><ele>382.6</ele></trkpt><trkpt lat="38.000100" lon="-122.666140"><ele>385.2</ele></trkpt><trkpt lat="38.000280" lon="-122.665810"><ele>389.4</ele></trkpt><trkpt lat="38.000310" lon="-122.665720"><ele>390.0</ele></trkpt><trkpt lat="38.000330" lon="-122.665580"><ele>390.9</ele></trkpt><trkpt lat="38.000310" lon="-122.665440"><ele>391.8</ele></trkpt><trkpt lat="38.000270" lon="-122.665310"><ele>392.6</ele></trkpt><trkpt lat="38.000210" lon="-122.665170"><ele>393.6</ele></trkpt><trkpt lat="38.000120" lon="-122.664830"><ele>395.0</ele></trkpt><trkpt lat="38.000020" lon="-122.664590"><ele>395.9</ele></trkpt><trkpt lat="37.999950" lon="-122.664270"><ele>397.0</ele></trkpt><trkpt lat="37.999800" lon="-122.663760"><ele>400.0</ele></trkpt><trkpt lat="37.999390" lon="-122.663010"><ele>406.0</ele></trkpt><trkpt lat="37.999270" lon="-122.662720"><ele>408.3</ele></trkpt><trkpt lat="37.999230" lon="-122.662440"><ele>410.4</ele></trkpt><trkpt lat="37.999180" lon="-122.662350"><ele>411.2</ele></trkpt><trkpt lat="37.999040" lon="-122.662210"><ele>412.8</ele></trkpt><trkpt lat="37.999000" lon="-122.662130"><ele>413.4</ele></trkpt><trkpt lat="37.998960" lon="-122.661910"><ele>415.1</ele></trkpt><trkpt lat="37.998840" lon="-122.661470"><ele>416.7</ele></trkpt><trkpt lat="37.998850" lon="-122.661370"><ele>417.0</ele></trkpt><trkpt lat="37.998910" lon="-122.661260"><ele>417.4</ele></trkpt><trkpt lat="37.999020" lon="-122.661130"><ele>417.9</ele></trkpt><trkpt lat="37.999190" lon="-122.660970"><ele>418.9</ele></trkpt><trkpt lat="37.999260" lon="-122.660870"><ele>419.5</ele></trkpt><trkpt lat="37.999270" lon="-122.660770"><ele>419.9</ele></trkpt><trkpt lat="37.999260" lon="-122.660670"><ele>420.3</ele></trkpt><trkpt lat="37.999150" lon="-122.660220"><ele>422.1</ele></trkpt><trkpt lat="37.999150" lon="-122.660000"><ele>422.8</ele></trkpt><trkpt lat="37.999170" lon="-122.659830"><ele>423.4</ele></trkpt><trkpt lat="37.999450" lon="-122.659260"><ele>424.7</ele></trkpt><trkpt lat="37.999610" lon="-122.659030"><ele>424.5</ele></trkpt><trkpt lat="37.999640" lon="-122.658950"><ele>424.5</ele></trkpt><trkpt lat="37.999520" lon="-122.658340"><ele>422.9</ele></trkpt><trkpt lat="37.999450" lon="-122.658130"><ele>422.0</ele></trkpt><trkpt lat="37.999450" lon="-122.657900"><ele>421.1</ele></trkpt><trkpt lat="37.999430" lon="-122.657760"><ele>420.5</ele></trkpt><trkpt lat="37.999400" lon="-122.657670"><ele>419.9</ele></trkpt><trkpt lat="37.999350" lon="-122.657600"><ele>419.4</ele></trkpt><trkpt lat="37.999120" lon="-122.657380"><ele>417.3</ele></trkpt><trkpt lat="37.998890" lon="-122.657220"><ele>415.5</ele></trkpt><trkpt lat="37.998740" lon="-122.657090"><ele>414.2</ele></trkpt><trkpt lat="37.998680" lon="-122.657060"><ele>413.8</ele></trkpt><trkpt lat="37.998520" lon="-122.657040"><ele>412.7</ele></trkpt><trkpt lat="37.998310" lon="-122.656890"><ele>411.0</ele></trkpt><trkpt lat="37.997940" lon="-122.656810"><ele>408.8</ele></trkpt><trkpt lat="37.997900" lon="-122.656790"><ele>408.5</ele></trkpt><trkpt lat="37.997860" lon="-122.656720"><ele>408.1</ele></trkpt><trkpt lat="37.997870" lon="-122.656630"><ele>407.7</ele></trkpt><trkpt lat="37.997930" lon="-122.656520"><ele>407.1</ele></trkpt><trkpt lat="37.998310" lon="-122.656210"><ele>405.6</ele></trkpt><trkpt lat="37.998390" lon="-122.656120"><ele>405.4</ele></trkpt><trkpt lat="37.998430" lon="-122.656040"><ele>405.2</ele></trkpt><trkpt lat="37.998510" lon="-122.655730"><ele>404.9</ele></trkpt><trkpt lat="37.998530" lon="-122.655600"><ele>405.3</ele></trkpt><trkpt lat="37.998580" lon="-122.655100"><ele>406.8</ele></trkpt><trkpt lat="37.998550" lon="-122.654670"><ele>408.4</ele></trkpt><trkpt lat="37.998570" lon="-122.654440"><ele>409.3</ele></trkpt><trkpt lat="37.998730" lon="-122.653880"><ele>411.7</ele></trkpt><trkpt lat="37.998900" lon="-122.653340"><ele>414.4</ele></trkpt><trkpt lat="37.998870" lon="-122.653250"><ele>414.9</ele></trkpt><trkpt lat="37.998810" lon="-122.653190"><ele>415.3</ele></trkpt><trkpt lat="37.998650" lon="-122.653070"><ele>416.2</ele></trkpt><trkpt lat="37.998550" lon="-122.653030"><ele>416.7</ele></trkpt><trkpt lat="37.998410" lon="-122.653070"><ele>417.4</ele></trkpt><trkpt lat="37.998260" lon="-122.653210"><ele>418.2</ele></trkpt><trkpt lat="37.998160" lon="-122.653270"><ele>418.7</ele></trkpt><trkpt lat="37.998090" lon="-122.653250"><ele>419.0</ele></trkpt><trkpt lat="37.997810" lon="-122.653050"><ele>420.1</ele></trkpt><trkpt lat="37.997630" lon="-122.652890"><ele>420.8</ele></trkpt><trkpt lat="37.997530" lon="-122.652760"><ele>421.3</ele></trkpt><trkpt lat="37.997490" lon="-122.652630"><ele>421.5</ele></trkpt><trkpt lat="37.997420" lon="-122.652180"><ele>422.1</ele></trkpt><trkpt lat="37.997270" lon="-122.651970"><ele>422.5</ele></trkpt><trkpt lat="37.997030" lon="-122.651760"><ele>422.8</ele></trkpt><trkpt lat="37.996240" lon="-122.651400"><ele>423.9</ele></trkpt><trkpt lat="37.995940" lon="-122.651140"><ele>424.1</ele></trkpt><trkpt lat="37.995650" lon="-122.650930"><ele>423.3</ele></trkpt><trkpt lat="37.995410" lon="-122.650670"><ele>422.5</ele></trkpt><trkpt lat="37.995310" lon="-122.650640"><ele>422.3</ele></trkpt><trkpt lat="37.995170" lon="-122.650540"><ele>422.1</ele></trkpt><trkpt lat="37.994990" lon="-122.650380"><ele>421.9</ele></trkpt><trkpt lat="37.994880" lon="-122.650240"><ele>421.7</ele></trkpt><trkpt lat="37.994790" lon="-122.650160"><ele>421.5</ele></trkpt><trkpt lat="37.994590" lon="-122.650080"><ele>421.6</ele></trkpt><trkpt lat="37.994220" lon="-122.649850"><ele>421.8</ele></trkpt><trkpt lat="37.994110" lon="-122.649840"><ele>421.9</ele></trkpt><trkpt lat="37.993820" lon="-122.649850"><ele>423.0</ele></trkpt><trkpt lat="37.993420" lon="-122.649760"><ele>424.5</ele></trkpt><trkpt lat="37.993240" lon="-122.649780"><ele>425.8</ele></trkpt><trkpt lat="37.993240" lon="-122.649780"><ele>425.8</ele></trkpt><trkpt lat="37.993060" lon="-122.649800"><ele>427.1</ele></trkpt><trkpt lat="37.992700" lon="-122.649630"><ele>429.8</ele></trkpt><trkpt lat="37.992570" lon="-122.649450"><ele>431.1</ele></trkpt><trkpt lat="37.992320" lon="-122.648930"><ele>434.4</ele></trkpt><trkpt lat="37.992260" lon="-122.648880"><ele>434.9</ele></trkpt><trkpt lat="37.991850" lon="-122.648750"><ele>438.1</ele></trkpt><trkpt lat="37.991790" lon="-122.648690"><ele>438.7</ele></trkpt><trkpt lat="37.991750" lon="-122.648590"><ele>439.4</ele></trkpt><trkpt lat="37.991680" lon="-122.648230"><ele>441.1</ele></trkpt><trkpt lat="37.991590" lon="-122.648030"><ele>442.0</ele></trkpt><trkpt lat="37.991540" lon="-122.647980"><ele>442.4</ele></trkpt><trkpt lat="37.991350" lon="-122.647860"><ele>443.4</ele></trkpt><trkpt lat="37.991300" lon="-122.647780"><ele>443.8</ele></trkpt><trkpt lat="37.991260" lon="-122.647630"><ele>443.8</ele></trkpt><trkpt lat="37.991270" lon="-122.647410"><ele>443.8</ele></trkpt><trkpt lat="37.991240" lon="-122.647280"><ele>443.8</ele></trkpt><trkpt lat="37.991170" lon="-122.647190"><ele>443.8</ele></trkpt><trkpt lat="37.991070" lon="-122.647150"><ele>443.8</ele></trkpt><trkpt lat="37.991000" lon="-122.647180"><ele>443.8</ele></trkpt><trkpt lat="37.990950" lon="-122.647230"><ele>443.8</ele></trkpt><trkpt lat="37.990500" lon="-122.647760"><ele>443.5</ele></trkpt><trkpt lat="37.990460" lon="-122.647940"><ele>443.7</ele></trkpt><trkpt lat="37.990490" lon="-122.648210"><ele>444.2</ele></trkpt><trkpt lat="37.990480" lon="-122.648320"><ele>444.4</ele></trkpt><trkpt lat="37.990440" lon="-122.648410"><ele>444.6</ele></trkpt><trkpt lat="37.990390" lon="-122.648440"><ele>444.8</ele></trkpt><trkpt lat="37.990130" lon="-122.648510"><ele>445.7</ele></trkpt><trkpt lat="37.989700" lon="-122.648590"><ele>448.4</ele></trkpt><trkpt lat="37.989360" lon="-122.648670"><ele>450.6</ele></trkpt><trkpt lat="37.989230" lon="-122.648660"><ele>451.4</ele></trkpt><trkpt lat="37.988990" lon="-122.648590"><ele>453.0</ele></trkpt><trkpt lat="37.988910" lon="-122.648590"><ele>453.5</ele></trkpt><trkpt lat="37.988820" lon="-122.648660"><ele>454.1</ele></trkpt><trkpt lat="37.988610" lon="-122.648910"><ele>455.3</ele></trkpt><trkpt lat="37.988240" lon="-122.649250"><ele>456.8</ele></trkpt><trkpt lat="37.987880" lon="-122.649500"><ele>458.2</ele></trkpt><trkpt lat="37.987670" lon="-122.649570"><ele>458.9</ele></trkpt><trkpt lat="37.987490" lon="-122.649600"><ele>459.5</ele></trkpt><trkpt lat="37.987250" lon="-122.649590"><ele>460.2</ele></trkpt><trkpt lat="37.986850" lon="-122.649450"><ele>461.4</ele></trkpt><trkpt lat="37.986670" lon="-122.649430"><ele>461.9</ele></trkpt><trkpt lat="37.986600" lon="-122.649440"><ele>462.1</ele></trkpt><trkpt lat="37.986360" lon="-122.649520"><ele>462.7</ele></trkpt><trkpt lat="37.986050" lon="-122.649660"><ele>463.6</ele></trkpt><trkpt lat="37.985940" lon="-122.649660"><ele>463.9</ele></trkpt><trkpt lat="37.985760" lon="-122.649560"><ele>464.5</ele></trkpt><trkpt lat="37.985490" lon="-122.649360"><ele>465.4</ele></trkpt><trkpt lat="37.985250" lon="-122.649140"><ele>466.0</ele></trkpt><trkpt lat="37.985000" lon="-122.648960"><ele>466.7</ele></trkpt><trkpt lat="37.984770" lon="-122.648730"><ele>467.1</ele></trkpt><trkpt lat="37.984700" lon="-122.648630"><ele>467.2</ele></trkpt><trkpt lat="37.984630" lon="-122.648470"><ele>467.3</ele></trkpt><trkpt lat="37.984510" lon="-122.647980"><ele>467.4</ele></trkpt><trkpt lat="37.984470" lon="-122.647860"><ele>467.3</ele></trkpt><trkpt lat="37.984370" lon="-122.647660"><ele>466.9</ele></trkpt><trkpt lat="37.984120" lon="-122.647270"><ele>466.2</ele></trkpt><trkpt lat="37.984020" lon="-122.647160"><ele>465.7</ele></trkpt><trkpt lat="37.983770" lon="-122.646940"><ele>464.7</ele></trkpt><trkpt lat="37.983540" lon="-122.646800"><ele>463.8</ele></trkpt><trkpt lat="37.983360" lon="-122.646670"><ele>463.2</ele></trkpt><trkpt lat="37.982600" lon="-122.646560"><ele>460.8</ele></trkpt><trkpt lat="37.982470" lon="-122.646540"><ele>460.3</ele></trkpt><trkpt lat="37.982370" lon="-122.646490"><ele>459.8</ele></trkpt><trkpt lat="37.982230" lon="-122.646340"><ele>459.1</ele></trkpt><trkpt lat="37.982000" lon="-122.645990"><ele>458.2</ele></trkpt><trkpt lat="37.981810" lon="-122.645770"><ele>457.5</ele></trkpt><trkpt lat="37.981210" lon="-122.645260"><ele>454.5</ele></trkpt><trkpt lat="37.980600" lon="-122.644750"><ele>449.9</ele></trkpt><trkpt lat="37.980350" lon="-122.644570"><ele>447.3</ele></trkpt><trkpt lat="37.979950" lon="-122.644320"><ele>442.6</ele></trkpt><trkpt lat="37.979540" lon="-122.644060"><ele>437.6</ele></trkpt><trkpt lat="37.979290" lon="-122.643870"><ele>434.4</ele></trkpt><trkpt lat="37.979210" lon="-122.643790"><ele>433.3</ele></trkpt><trkpt lat="37.978980" lon="-122.643490"><ele>430.4</ele></trkpt><trkpt lat="37.978870" lon="-122.643310"><ele>428.8</ele></trkpt><trkpt lat="37.978750" lon="-122.643220"><ele>427.6</ele></trkpt><trkpt lat="37.978630" lon="-122.642970"><ele>426.0</ele></trkpt><trkpt lat="37.978040" lon="-122.642220"><ele>421.8</ele></trkpt><trkpt lat="37.977560" lon="-122.641540"><ele>418.9</ele></trkpt><trkpt lat="37.977270" lon="-122.641060"><ele>416.5</ele></trkpt><trkpt lat="37.977110" lon="-122.640700"><ele>415.4</ele></trkpt><trkpt lat="37.977020" lon="-122.640610"><ele>415.1</ele></trkpt><trkpt lat="37.976820" lon="-122.640420"><ele>414.2</ele></trkpt><trkpt lat="37.976360" lon="-122.640090"><ele>412.4</ele></trkpt><trkpt lat="37.975910" lon="-122.639760"><ele>411.9</ele></trkpt><trkpt lat="37.975910" lon="-122.639760"><ele>411.9</ele></trkpt><trkpt lat="37.975910" lon="-122.639760"><ele>411.9</ele></trkpt><trkpt lat="37.975810" lon="-122.639690"><ele>412.0</ele></trkpt><trkpt lat="37.975580" lon="-122.639460"><ele>412.1</ele></trkpt><trkpt lat="37.975470" lon="-122.639340"><ele>412.6</ele></trkpt><trkpt lat="37.975350" lon="-122.639160"><ele>413.1</ele></trkpt><trkpt lat="37.975100" lon="-122.638610"><ele>415.3</ele></trkpt><trkpt lat="37.974980" lon="-122.638430"><ele>416.9</ele></trkpt><trkpt lat="37.974920" lon="-122.638380"><ele>417.5</ele></trkpt><trkpt lat="37.974790" lon="-122.638310"><ele>418.7</ele></trkpt><trkpt lat="37.974300" lon="-122.638130"><ele>424.9</ele></trkpt><trkpt lat="37.973980" lon="-122.638110"><ele>429.5</ele></trkpt><trkpt lat="37.973610" lon="-122.638140"><ele>434.0</ele></trkpt><trkpt lat="37.973410" lon="-122.638080"><ele>436.4</ele></trkpt><trkpt lat="37.973280" lon="-122.637990"><ele>438.2</ele></trkpt><trkpt lat="37.973210" lon="-122.637730"><ele>440.1</ele></trkpt><trkpt lat="37.973000" lon="-122.637220"><ele>443.4</ele></trkpt><trkpt lat="37.972800" lon="-122.636710"><ele>442.8</ele></trkpt><trkpt lat="37.972680" lon="-122.636480"><ele>441.7</ele></trkpt><trkpt lat="37.972450" lon="-122.636080"><ele>438.3</ele></trkpt><trkpt lat="37.972320" lon="-122.635700"><ele>434.5</ele></trkpt><trkpt lat="37.972170" lon="-122.635380"><ele>430.6</ele></trkpt><trkpt lat="37.972060" lon="-122.634900"><ele>424.3</ele></trkpt><trkpt lat="37.972010" lon="-122.634450"><ele>418.2</ele></trkpt><trkpt lat="37.971980" lon="-122.634340"><ele>416.5</ele></trkpt><trkpt lat="37.971940" lon="-122.634240"><ele>414.9</ele></trkpt><trkpt lat="37.971770" lon="-122.634000"><ele>410.2</ele></trkpt><trkpt lat="37.971700" lon="-122.633870"><ele>407.9</ele></trkpt><trkpt lat="37.971570" lon="-122.633570"><ele>403.3</ele></trkpt><trkpt lat="37.971510" lon="-122.633310"><ele>399.7</ele></trkpt><trkpt lat="37.971320" lon="-122.632970"><ele>394.3</ele></trkpt><trkpt lat="37.970990" lon="-122.632210"><ele>383.8</ele></trkpt><trkpt lat="37.970590" lon="-122.631620"><ele>377.2</ele></trkpt><trkpt lat="37.970400" lon="-122.631410"><ele>374.9</ele></trkpt><trkpt lat="37.970310" lon="-122.631270"><ele>373.7</ele></trkpt><trkpt lat="37.970150" lon="-122.630810"><ele>370.4</ele></trkpt><trkpt lat="37.969880" lon="-122.630160"><ele>365.7</ele></trkpt><trkpt lat="37.969580" lon="-122.629540"><ele>362.4</ele></trkpt><trkpt lat="37.969450" lon="-122.629320"><ele>361.3</ele></trkpt><trkpt lat="37.969330" lon="-122.629220"><ele>360.5</ele></trkpt><trkpt lat="37.969090" lon="-122.629100"><ele>359.0</ele></trkpt><trkpt lat="37.968850" lon="-122.628900"><ele>357.3</ele></trkpt><trkpt lat="37.968680" lon="-122.628670"><ele>356.0</ele></trkpt><trkpt lat="37.968590" lon="-122.628590"><ele>355.5</ele></trkpt><trkpt lat="37.968330" lon="-122.628440"><ele>354.1</ele></trkpt><trkpt lat="37.968090" lon="-122.628240"><ele>352.6</ele></trkpt><trkpt lat="37.967790" lon="-122.628080"><ele>350.2</ele></trkpt><trkpt lat="37.967480" lon="-122.627770"><ele>347.7</ele></trkpt><trkpt lat="37.967340" lon="-122.627510"><ele>346.6</ele></trkpt><trkpt lat="37.967090" lon="-122.627240"><ele>345.2</ele></trkpt><trkpt lat="37.967020" lon="-122.627130"><ele>345.1</ele></trkpt><trkpt lat="37.966910" lon="-122.626750"><ele>345.4</ele></trkpt><trkpt lat="37.966800" lon="-122.626560"><ele>345.5</ele></trkpt><trkpt lat="37.966670" lon="-122.626510"><ele>345.6</ele></trkpt><trkpt lat="37.966420" lon="-122.626530"><ele>345.5</ele></trkpt><trkpt lat="37.966280" lon="-122.626490"><ele>345.5</ele></trkpt><trkpt lat="37.966180" lon="-122.626430"><ele>345.4</ele></trkpt><trkpt lat="37.966130" lon="-122.626360"><ele>345.4</ele></trkpt><trkpt lat="37.966050" lon="-122.626200"><ele>345.3</ele></trkpt><trkpt lat="37.965990" lon="-122.626150"><ele>345.4</ele></trkpt><trkpt lat="37.965860" lon="-122.626100"><ele>345.6</ele></trkpt><trkpt lat="37.965570" lon="-122.626050"><ele>346.0</ele></trkpt><trkpt lat="37.965420" lon="-122.625940"><ele>346.2</ele></trkpt><trkpt lat="37.965310" lon="-122.625910"><ele>345.8</ele></trkpt><trkpt lat="37.965240" lon="-122.625910"><ele>345.2</ele></trkpt><trkpt lat="37.964960" lon="-122.625990"><ele>342.6</ele></trkpt><trkpt lat="37.964820" lon="-122.625990"><ele>341.4</ele></trkpt><trkpt lat="37.964710" lon="-122.625980"><ele>340.4</ele></trkpt><trkpt lat="37.964470" lon="-122.625860"><ele>338.4</ele></trkpt><trkpt lat="37.964400" lon="-122.625860"><ele>337.9</ele></trkpt><trkpt lat="37.964330" lon="-122.625870"><ele>337.4</ele></trkpt><trkpt lat="37.964020" lon="-122.625980"><ele>335.2</ele></trkpt><trkpt lat="37.963910" lon="-122.625960"><ele>334.3</ele></trkpt><trkpt lat="37.963860" lon="-122.625900"><ele>333.6</ele></trkpt><trkpt lat="37.963790" lon="-122.625740"><ele>332.2</ele></trkpt><trkpt lat="37.963810" lon="-122.625600"><ele>331.1</ele></trkpt><trkpt lat="37.963890" lon="-122.625350"><ele>329.0</ele></trkpt><trkpt lat="37.963980" lon="-122.625190"><ele>327.6</ele></trkpt><trkpt lat="37.963930" lon="-122.625280"><ele>327.1</ele></trkpt><trkpt lat="37.963980" lon="-122.625190"><ele>326.6</ele></trkpt><trkpt lat="37.964110" lon="-122.625170"><ele>325.9</ele></trkpt><trkpt lat="37.964390" lon="-122.625080"><ele>324.3</ele></trkpt><trkpt lat="37.964950" lon="-122.624920"><ele>319.8</ele></trkpt><trkpt lat="37.965100" lon="-122.624920"><ele>318.5</ele></trkpt><trkpt lat="37.965310" lon="-122.624980"><ele>316.9</ele></trkpt><trkpt lat="37.965420" lon="-122.624980"><ele>316.2</ele></trkpt><trkpt lat="37.965690" lon="-122.624860"><ele>314.2</ele></trkpt><trkpt lat="37.965900" lon="-122.624820"><ele>312.8</ele></trkpt><trkpt lat="37.966080" lon="-122.624840"><ele>311.7</ele></trkpt><trkpt lat="37.966250" lon="-122.624920"><ele>310.7</ele></trkpt><trkpt lat="37.966360" lon="-122.624920"><ele>310.0</ele></trkpt><trkpt lat="37.966580" lon="-122.624760"><ele>308.6</ele></trkpt><trkpt lat="37.966720" lon="-122.624730"><ele>307.9</ele></trkpt><trkpt lat="37.967040" lon="-122.624800"><ele>306.3</ele></trkpt><trkpt lat="37.967200" lon="-122.624890"><ele>305.5</ele></trkpt><trkpt lat="37.967380" lon="-122.625110"><ele>304.1</ele></trkpt><trkpt lat="37.967500" lon="-122.625280"><ele>303.1</ele></trkpt><trkpt lat="37.967640" lon="-122.625630"><ele>301.3</ele></trkpt><trkpt lat="37.967690" lon="-122.625690"><ele>300.9</ele></trkpt><trkpt lat="37.967740" lon="-122.625730"><ele>300.4</ele></trkpt><trkpt lat="37.967900" lon="-122.625770"><ele>299.3</ele></trkpt><trkpt lat="37.968130" lon="-122.625730"><ele>297.6</ele></trkpt><trkpt lat="37.968260" lon="-122.625640"><ele>296.6</ele></trkpt><trkpt lat="37.968390" lon="-122.625490"><ele>295.2</ele></trkpt><trkpt lat="37.968450" lon="-122.625440"><ele>294.6</ele></trkpt><trkpt lat="37.968510" lon="-122.625390"><ele>293.9</ele></trkpt><trkpt lat="37.968580" lon="-122.625380"><ele>293.3</ele></trkpt><trkpt lat="37.968730" lon="-122.625390"><ele>292.0</ele></trkpt><trkpt lat="37.968960" lon="-122.625500"><ele>289.8</ele></trkpt><trkpt lat="37.969030" lon="-122.625500"><ele>289.1</ele></trkpt><trkpt lat="37.969100" lon="-122.625470"><ele>288.4</ele></trkpt><trkpt lat="37.969360" lon="-122.625210"><ele>285.4</ele></trkpt><trkpt lat="37.969440" lon="-122.625170"><ele>284.6</ele></trkpt><trkpt lat="37.969510" lon="-122.625170"><ele>283.9</ele></trkpt><trkpt lat="37.969580" lon="-122.625190"><ele>283.3</ele></trkpt><trkpt lat="37.969670" lon="-122.625300"><ele>282.2</ele></trkpt><trkpt lat="37.969700" lon="-122.625450"><ele>281.3</ele></trkpt><trkpt lat="37.969730" lon="-122.625730"><ele>279.8</ele></trkpt><trkpt lat="37.969790" lon="-122.625980"><ele>278.3</ele></trkpt><trkpt lat="37.969840" lon="-122.626070"><ele>277.7</ele></trkpt><trkpt lat="37.969890" lon="-122.626120"><ele>277.2</ele></trkpt><trkpt lat="37.970100" lon="-122.626190"><ele>275.8</ele></trkpt><trkpt lat="37.970130" lon="-122.626230"><ele>275.5</ele></trkpt><trkpt lat="37.970180" lon="-122.626310"><ele>274.9</ele></trkpt><trkpt lat="37.970230" lon="-122.626580"><ele>273.4</ele></trkpt><trkpt lat="37.970260" lon="-122.626650"><ele>273.0</ele></trkpt><trkpt lat="37.970340" lon="-122.626770"><ele>272.2</ele></trkpt><trkpt lat="37.970430" lon="-122.626810"><ele>271.7</ele></trkpt><trkpt lat="37.970480" lon="-122.626810"><ele>271.4</ele></trkpt><trkpt lat="37.970540" lon="-122.626780"><ele>271.0</ele></trkpt><trkpt lat="37.970600" lon="-122.626720"><ele>270.5</ele></trkpt><trkpt lat="37.970800" lon="-122.626320"><ele>268.3</ele></trkpt><trkpt lat="37.970860" lon="-122.626100"><ele>266.6</ele></trkpt><trkpt lat="37.970950" lon="-122.625850"><ele>264.6</ele></trkpt><trkpt lat="37.971080" lon="-122.625690"><ele>262.9</ele></trkpt><trkpt lat="37.971520" lon="-122.625370"><ele>258.8</ele></trkpt><trkpt lat="37.971620" lon="-122.625330"><ele>258.0</ele></trkpt><trkpt lat="37.971690" lon="-122.625330"><ele>257.5</ele></trkpt><trkpt lat="37.971800" lon="-122.625380"><ele>256.6</ele></trkpt><trkpt lat="37.971850" lon="-122.625430"><ele>256.1</ele></trkpt><trkpt lat="37.972000" lon="-122.625690"><ele>253.9</ele></trkpt><trkpt lat="37.972080" lon="-122.625790"><ele>252.9</ele></trkpt><trkpt lat="37.972360" lon="-122.625990"><ele>250.0</ele></trkpt><trkpt lat="37.972420" lon="-122.626050"><ele>249.4</ele></trkpt><trkpt lat="37.972480" lon="-122.626150"><ele>248.8</ele></trkpt><trkpt lat="37.972600" lon="-122.626440"><ele>247.3</ele></trkpt><trkpt lat="37.972700" lon="-122.626570"><ele>246.5</ele></trkpt><trkpt lat="37.972800" lon="-122.626630"><ele>245.8</ele></trkpt><trkpt lat="37.972940" lon="-122.626640"><ele>245.2</ele></trkpt><trkpt lat="37.973010" lon="-122.626600"><ele>244.9</ele></trkpt><trkpt lat="37.973080" lon="-122.626510"><ele>244.7</ele></trkpt><trkpt lat="37.973110" lon="-122.626370"><ele>244.3</ele></trkpt><trkpt lat="37.973080" lon="-122.626200"><ele>243.9</ele></trkpt><trkpt lat="37.972980" lon="-122.626000"><ele>243.4</ele></trkpt><trkpt lat="37.972680" lon="-122.625540"><ele>242.9</ele></trkpt><trkpt lat="37.972630" lon="-122.625370"><ele>242.7</ele></trkpt><trkpt lat="37.972600" lon="-122.625150"><ele>242.5</ele></trkpt><trkpt lat="37.972610" lon="-122.624970"><ele>242.2</ele></trkpt><trkpt lat="37.972650" lon="-122.624840"><ele>241.9</ele></trkpt><trkpt lat="37.972950" lon="-122.624220"><ele>240.3</ele></trkpt><trkpt lat="37.972970" lon="-122.624080"><ele>240.0</ele></trkpt><trkpt lat="37.972950" lon="-122.623990"><ele>239.7</ele></trkpt><trkpt lat="37.972880" lon="-122.623890"><ele>239.4</ele></trkpt><trkpt lat="37.972530" lon="-122.623650"><ele>237.8</ele></trkpt><trkpt lat="37.972100" lon="-122.623310"><ele>235.0</ele></trkpt><trkpt lat="37.972020" lon="-122.623230"><ele>234.5</ele></trkpt><trkpt lat="37.971920" lon="-122.623090"><ele>233.9</ele></trkpt><trkpt lat="37.971790" lon="-122.622770"><ele>233.0</ele></trkpt><trkpt lat="37.971650" lon="-122.622200"><ele>230.8</ele></trkpt><trkpt lat="37.971610" lon="-122.621980"><ele>229.7</ele></trkpt><trkpt lat="37.971620" lon="-122.621700"><ele>228.3</ele></trkpt><trkpt lat="37.971670" lon="-122.621530"><ele>227.4</ele></trkpt><trkpt lat="37.971740" lon="-122.621420"><ele>226.9</ele></trkpt><trkpt lat="37.971890" lon="-122.621300"><ele>226.1</ele></trkpt><trkpt lat="37.972120" lon="-122.621170"><ele>224.9</ele></trkpt><trkpt lat="37.972240" lon="-122.621070"><ele>224.2</ele></trkpt><trkpt lat="37.972240" lon="-122.621070"><ele>224.2</ele></trkpt><trkpt lat="37.972400" lon="-122.620880"><ele>223.2</ele></trkpt><trkpt lat="37.972840" lon="-122.620280"><ele>220.9</ele></trkpt><trkpt lat="37.973090" lon="-122.620020"><ele>221.6</ele></trkpt><trkpt lat="37.973350" lon="-122.619880"><ele>222.2</ele></trkpt><trkpt lat="37.973250" lon="-122.619410"><ele>224.1</ele></trkpt><trkpt lat="37.973270" lon="-122.619270"><ele>224.6</ele></trkpt><trkpt lat="37.973540" lon="-122.618800"><ele>227.5</ele></trkpt><trkpt lat="37.973580" lon="-122.618700"><ele>228.2</ele></trkpt><trkpt lat="37.973590" lon="-122.618540"><ele>229.1</ele></trkpt><trkpt lat="37.973630" lon="-122.618470"><ele>229.7</ele></trkpt><trkpt lat="37.973460" lon="-122.618050"><ele>232.1</ele></trkpt><trkpt lat="37.973390" lon="-122.617960"><ele>232.6</ele></trkpt><trkpt lat="37.973150" lon="-122.617760"><ele>234.1</ele></trkpt><trkpt lat="37.972950" lon="-122.617670"><ele>235.1</ele></trkpt><trkpt lat="37.972860" lon="-122.617590"><ele>235.3</ele></trkpt><trkpt lat="37.972630" lon="-122.617290"><ele>236.0</ele></trkpt><trkpt lat="37.972580" lon="-122.617170"><ele>236.2</ele></trkpt><trkpt lat="37.972520" lon="-122.616860"><ele>236.2</ele></trkpt><trkpt lat="37.972480" lon="-122.616780"><ele>236.0</ele></trkpt><trkpt lat="37.972360" lon="-122.616610"><ele>235.5</ele></trkpt><trkpt lat="37.972340" lon="-122.616520"><ele>235.2</ele></trkpt><trkpt lat="37.972320" lon="-122.616390"><ele>234.9</ele></trkpt><trkpt lat="37.972310" lon="-122.616110"><ele>234.3</ele></trkpt><trkpt lat="37.972260" lon="-122.615700"><ele>233.3</ele></trkpt><trkpt lat="37.972200" lon="-122.615580"><ele>232.9</ele></trkpt><trkpt lat="37.972030" lon="-122.615290"><ele>232.0</ele></trkpt><trkpt lat="37.971900" lon="-122.615010"><ele>230.9</ele></trkpt><trkpt lat="37.971790" lon="-122.614620"><ele>229.6</ele></trkpt><trkpt lat="37.971740" lon="-122.614550"><ele>229.3</ele></trkpt><trkpt lat="37.971590" lon="-122.614410"><ele>229.2</ele></trkpt><trkpt lat="37.971470" lon="-122.614140"><ele>229.2</ele></trkpt><trkpt lat="37.971200" lon="-122.613900"><ele>229.2</ele></trkpt><trkpt lat="37.971000" lon="-122.613630"><ele>229.1</ele></trkpt><trkpt lat="37.970970" lon="-122.613500"><ele>229.0</ele></trkpt><trkpt lat="37.971010" lon="-122.613330"><ele>229.0</ele></trkpt><trkpt lat="37.971010" lon="-122.613190"><ele>228.9</ele></trkpt><trkpt lat="37.970890" lon="-122.612960"><ele>229.0</ele></trkpt><trkpt lat="37.970870" lon="-122.612820"><ele>229.0</ele></trkpt><trkpt lat="37.970910" lon="-122.612550"><ele>229.1</ele></trkpt><trkpt lat="37.971000" lon="-122.612240"><ele>229.2</ele></trkpt><trkpt lat="37.971000" lon="-122.612150"><ele>229.1</ele></trkpt><trkpt lat="37.970990" lon="-122.612060"><ele>229.0</ele></trkpt><trkpt lat="37.970910" lon="-122.611960"><ele>228.8</ele></trkpt><trkpt lat="37.970690" lon="-122.611800"><ele>228.5</ele></trkpt><trkpt lat="37.970490" lon="-122.611700"><ele>228.1</ele></trkpt><trkpt lat="37.970330" lon="-122.611590"><ele>227.3</ele></trkpt><trkpt lat="37.970220" lon="-122.611480"><ele>226.6</ele></trkpt><trkpt lat="37.970060" lon="-122.611220"><ele>225.4</ele></trkpt><trkpt lat="37.969770" lon="-122.610930"><ele>223.7</ele></trkpt><trkpt lat="37.969610" lon="-122.610680"><ele>222.5</ele></trkpt><trkpt lat="37.969340" lon="-122.610360"><ele>220.7</ele></trkpt><trkpt lat="37.968920" lon="-122.610070"><ele>218.3</ele></trkpt><trkpt lat="37.968450" lon="-122.609820"><ele>215.9</ele></trkpt><trkpt lat="37.968170" lon="-122.609730"><ele>214.6</ele></trkpt><trkpt lat="37.967900" lon="-122.609580"><ele>213.2</ele></trkpt><trkpt lat="37.967550" lon="-122.609460"><ele>211.5</ele></trkpt><trkpt lat="37.967510" lon="-122.609400"><ele>211.2</ele></trkpt><trkpt lat="37.967490" lon="-122.609340"><ele>211.0</ele></trkpt><trkpt lat="37.967540" lon="-122.609440"><ele>210.6</ele></trkpt><trkpt lat="37.967490" lon="-122.609340"><ele>210.2</ele></trkpt><trkpt lat="37.967410" lon="-122.609360"><ele>209.9</ele></trkpt><trkpt lat="37.967280" lon="-122.609490"><ele>209.2</ele></trkpt><trkpt lat="37.967140" lon="-122.609560"><ele>208.5</ele></trkpt><trkpt lat="37.966950" lon="-122.609560"><ele>208.0</ele></trkpt><trkpt lat="37.966820" lon="-122.609660"><ele>207.7</ele></trkpt><trkpt lat="37.966730" lon="-122.609690"><ele>207.6</ele></trkpt><trkpt lat="37.966600" lon="-122.609650"><ele>207.4</ele></trkpt><trkpt lat="37.966470" lon="-122.609590"><ele>207.1</ele></trkpt><trkpt lat="37.966360" lon="-122.609560"><ele>206.9</ele></trkpt><trkpt lat="37.966210" lon="-122.609580"><ele>206.8</ele></trkpt><trkpt lat="37.966080" lon="-122.609550"><ele>206.7</ele></trkpt><trkpt lat="37.965990" lon="-122.609540"><ele>206.6</ele></trkpt><trkpt lat="37.965840" lon="-122.609540"><ele>206.5</ele></trkpt><trkpt lat="37.965710" lon="-122.609610"><ele>206.4</ele></trkpt><trkpt lat="37.965630" lon="-122.609710"><ele>206.4</ele></trkpt><trkpt lat="37.965560" lon="-122.609820"><ele>206.4</ele></trkpt><trkpt lat="37.965530" lon="-122.610050"><ele>206.5</ele></trkpt><trkpt lat="37.965530" lon="-122.610050"><ele>206.5</ele></trkpt><trkpt lat="37.965580" lon="-122.610410"><ele>206.6</ele></trkpt><trkpt lat="37.965610" lon="-122.610730"><ele>207.2</ele></trkpt><trkpt lat="37.965600" lon="-122.610820"><ele>207.4</ele></trkpt><trkpt lat="37.965540" lon="-122.611040"><ele>208.0</ele></trkpt><trkpt lat="37.965430" lon="-122.611280"><ele>208.6</ele></trkpt><trkpt lat="37.965360" lon="-122.611600"><ele>208.6</ele></trkpt><trkpt lat="37.965210" lon="-122.611860"><ele>208.4</ele></trkpt><trkpt lat="37.965080" lon="-122.612240"><ele>208.2</ele></trkpt><trkpt lat="37.965030" lon="-122.612310"><ele>208.1</ele></trkpt><trkpt lat="37.964940" lon="-122.612350"><ele>208.1</ele></trkpt><trkpt lat="37.964860" lon="-122.612360"><ele>208.0</ele></trkpt><trkpt lat="37.964780" lon="-122.612340"><ele>208.0</ele></trkpt><trkpt lat="37.964230" lon="-122.612120"><ele>206.8</ele></trkpt><trkpt lat="37.963870" lon="-122.612010"><ele>205.3</ele></trkpt><trkpt lat="37.963620" lon="-122.611960"><ele>204.5</ele></trkpt><trkpt lat="37.963150" lon="-122.611970"><ele>203.5</ele></trkpt><trkpt lat="37.963150" lon="-122.611970"><ele>203.5</ele></trkpt><trkpt lat="37.963350" lon="-122.611960"><ele>203.2</ele></trkpt><trkpt lat="37.962890" lon="-122.611970"><ele>202.6</ele></trkpt><trkpt lat="37.962430" lon="-122.611980"><ele>202.4</ele></trkpt><trkpt lat="37.962110" lon="-122.612020"><ele>202.4</ele></trkpt><trkpt lat="37.961990" lon="-122.611990"><ele>202.4</ele></trkpt><trkpt lat="37.961680" lon="-122.611850"><ele>202.7</ele></trkpt><trkpt lat="37.961560" lon="-122.611820"><ele>202.8</ele></trkpt><trkpt lat="37.961250" lon="-122.611650"><ele>202.9</ele></trkpt><trkpt lat="37.961030" lon="-122.611680"><ele>202.7</ele></trkpt><trkpt lat="37.960710" lon="-122.611780"><ele>202.5</ele></trkpt><trkpt lat="37.959930" lon="-122.611960"><ele>201.5</ele></trkpt><trkpt lat="37.959280" lon="-122.611910"><ele>201.7</ele></trkpt><trkpt lat="37.959200" lon="-122.611950"><ele>201.8</ele></trkpt><trkpt lat="37.958970" lon="-122.611840"><ele>202.0</ele></trkpt><trkpt lat="37.958920" lon="-122.611780"><ele>202.0</ele></trkpt><trkpt lat="37.958880" lon="-122.611620"><ele>202.1</ele></trkpt><trkpt lat="37.958890" lon="-122.611520"><ele>202.2</ele></trkpt><trkpt lat="37.958880" lon="-122.611040"><ele>202.8</ele></trkpt><trkpt lat="37.958900" lon="-122.610900"><ele>203.1</ele></trkpt><trkpt lat="37.958980" lon="-122.610590"><ele>203.8</ele></trkpt><trkpt lat="37.959110" lon="-122.610410"><ele>204.2</ele></trkpt><trkpt lat="37.959300" lon="-122.609920"><ele>205.3</ele></trkpt><trkpt lat="37.959470" lon="-122.609570"><ele>206.3</ele></trkpt><trkpt lat="37.959620" lon="-122.609330"><ele>207.3</ele></trkpt><trkpt lat="37.959710" lon="-122.609250"><ele>207.7</ele></trkpt><trkpt lat="37.959820" lon="-122.609040"><ele>208.6</ele></trkpt><trkpt lat="37.959820" lon="-122.609040"><ele>208.6</ele></trkpt><trkpt lat="37.959910" lon="-122.608810"><ele>209.5</ele></trkpt><trkpt lat="37.960040" lon="-122.608580"><ele>210.8</ele></trkpt><trkpt lat="37.960140" lon="-122.608450"><ele>211.5</ele></trkpt><trkpt lat="37.960330" lon="-122.608240"><ele>212.9</ele></trkpt><trkpt lat="37.960630" lon="-122.607980"><ele>215.4</ele></trkpt><trkpt lat="37.960740" lon="-122.607860"><ele>216.4</ele></trkpt><trkpt lat="37.960840" lon="-122.607670"><ele>217.6</ele></trkpt><trkpt lat="37.961040" lon="-122.607120"><ele>220.8</ele></trkpt><trkpt lat="37.961120" lon="-122.606970"><ele>221.8</ele></trkpt><trkpt lat="37.961240" lon="-122.606840"><ele>222.8</ele></trkpt><trkpt lat="37.961700" lon="-122.606470"><ele>226.3</ele></trkpt><trkpt lat="37.961980" lon="-122.606230"><ele>227.8</ele></trkpt><trkpt lat="37.962090" lon="-122.606110"><ele>228.2</ele></trkpt><trkpt lat="37.962180" lon="-122.605910"><ele>228.6</ele></trkpt><trkpt lat="37.962310" lon="-122.605370"><ele>229.7</ele></trkpt><trkpt lat="37.962390" lon="-122.605110"><ele>230.1</ele></trkpt><trkpt lat="37.962590" lon="-122.604900"><ele>230.7</ele></trkpt><trkpt lat="37.962870" lon="-122.604640"><ele>231.3</ele></trkpt><trkpt lat="37.962760" lon="-122.604310"><ele>231.8</ele></trkpt><trkpt lat="37.962760" lon="-122.604130"><ele>232.1</ele></trkpt><trkpt lat="37.962690" lon="-122.603940"><ele>232.8</ele></trkpt><trkpt lat="37.962700" lon="-122.603780"><ele>233.4</ele></trkpt><trkpt lat="37.962720" lon="-122.603660"><ele>233.9</ele></trkpt><trkpt lat="37.962780" lon="-122.603580"><ele>234.3</ele></trkpt><trkpt lat="37.962770" lon="-122.603490"><ele>234.6</ele></trkpt><trkpt lat="37.962680" lon="-122.603220"><ele>235.9</ele></trkpt><trkpt lat="37.962530" lon="-122.602910"><ele>237.8</ele></trkpt><trkpt lat="37.962350" lon="-122.602810"><ele>239.2</ele></trkpt><trkpt lat="37.962290" lon="-122.602760"><ele>239.7</ele></trkpt><trkpt lat="37.962170" lon="-122.602470"><ele>241.5</ele></trkpt><trkpt lat="37.962020" lon="-122.602280"><ele>243.0</ele></trkpt><trkpt lat="37.961860" lon="-122.602020"><ele>244.9</ele></trkpt><trkpt lat="37.961800" lon="-122.601970"><ele>245.4</ele></trkpt><trkpt lat="37.961640" lon="-122.601880"><ele>246.3</ele></trkpt><trkpt lat="37.961550" lon="-122.601800"><ele>246.8</ele></trkpt><trkpt lat="37.961490" lon="-122.601560"><ele>247.8</ele></trkpt><trkpt lat="37.961490" lon="-122.601560"><ele>247.8</ele></trkpt><trkpt lat="37.961430" lon="-122.601220"><ele>249.0</ele></trkpt><trkpt lat="37.961370" lon="-122.601000"><ele>249.1</ele></trkpt><trkpt lat="37.961300" lon="-122.600840"><ele>249.2</ele></trkpt><trkpt lat="37.961230" lon="-122.600730"><ele>249.2</ele></trkpt><trkpt lat="37.961170" lon="-122.600680"><ele>249.3</ele></trkpt><trkpt lat="37.961060" lon="-122.600650"><ele>249.3</ele></trkpt><trkpt lat="37.960990" lon="-122.600660"><ele>249.3</ele></trkpt><trkpt lat="37.960750" lon="-122.600750"><ele>248.8</ele></trkpt><trkpt lat="37.960570" lon="-122.600750"><ele>248.4</ele></trkpt><trkpt lat="37.960360" lon="-122.600650"><ele>247.9</ele></trkpt><trkpt lat="37.959750" lon="-122.600240"><ele>244.9</ele></trkpt><trkpt lat="37.959100" lon="-122.600180"><ele>241.4</ele></trkpt><trkpt lat="37.958990" lon="-122.600150"><ele>240.8</ele></trkpt><trkpt lat="37.958790" lon="-122.600040"><ele>239.4</ele></trkpt><trkpt lat="37.958420" lon="-122.599680"><ele>236.2</ele></trkpt><trkpt lat="37.958280" lon="-122.599610"><ele>235.1</ele></trkpt><trkpt lat="37.957680" lon="-122.599440"><ele>230.7</ele></trkpt><trkpt lat="37.957600" lon="-122.599430"><ele>230.2</ele></trkpt><trkpt lat="37.957600" lon="-122.599430"><ele>230.2</ele></trkpt><trkpt lat="37.957600" lon="-122.599430"><ele>230.2</ele></trkpt><trkpt lat="37.957320" lon="-122.599400"><ele>228.2</ele></trkpt><trkpt lat="37.957140" lon="-122.599360"><ele>226.9</ele></trkpt><trkpt lat="37.956530" lon="-122.599070"><ele>224.5</ele></trkpt><trkpt lat="37.956360" lon="-122.599020"><ele>224.2</ele></trkpt><trkpt lat="37.956210" lon="-122.599050"><ele>224.1</ele></trkpt><trkpt lat="37.956110" lon="-122.599100"><ele>224.2</ele></trkpt><trkpt lat="37.956060" lon="-122.599170"><ele>224.3</ele></trkpt><trkpt lat="37.956000" lon="-122.599280"><ele>224.4</ele></trkpt><trkpt lat="37.955940" lon="-122.599500"><ele>224.7</ele></trkpt><trkpt lat="37.955860" lon="-122.599700"><ele>224.9</ele></trkpt><trkpt lat="37.955630" lon="-122.600180"><ele>226.0</ele></trkpt><trkpt lat="37.955550" lon="-122.600270"><ele>226.2</ele></trkpt><trkpt lat="37.955330" lon="-122.600430"><ele>226.8</ele></trkpt><trkpt lat="37.955160" lon="-122.600670"><ele>227.1</ele></trkpt><trkpt lat="37.955100" lon="-122.600730"><ele>227.2</ele></trkpt><trkpt lat="37.955000" lon="-122.600760"><ele>227.4</ele></trkpt><trkpt lat="37.954900" lon="-122.600720"><ele>227.5</ele></trkpt><trkpt lat="37.954840" lon="-122.600670"><ele>227.6</ele></trkpt><trkpt lat="37.954620" lon="-122.600370"><ele>228.0</ele></trkpt><trkpt lat="37.954450" lon="-122.600280"><ele>228.2</ele></trkpt><trkpt lat="37.954200" lon="-122.600200"><ele>228.6</ele></trkpt><trkpt lat="37.954070" lon="-122.600130"><ele>228.8</ele></trkpt><trkpt lat="37.953850" lon="-122.599980"><ele>229.4</ele></trkpt><trkpt lat="37.953710" lon="-122.599820"><ele>229.8</ele></trkpt><trkpt lat="37.953600" lon="-122.599650"><ele>230.1</ele></trkpt><trkpt lat="37.953190" lon="-122.598800"><ele>230.4</ele></trkpt><trkpt lat="37.952790" lon="-122.597950"><ele>230.2</ele></trkpt><trkpt lat="37.952380" lon="-122.597100"><ele>228.9</ele></trkpt><trkpt lat="37.951970" lon="-122.596260"><ele>227.0</ele></trkpt><trkpt lat="37.951740" lon="-122.596710"><ele>225.4</ele></trkpt><trkpt lat="37.951580" lon="-122.597090"><ele>224.1</ele></trkpt><trkpt lat="37.951160" lon="-122.597900"><ele>221.3</ele></trkpt><trkpt lat="37.951060" lon="-122.598090"><ele>220.7</ele></trkpt><trkpt lat="37.950790" lon="-122.597950"><ele>220.1</ele></trkpt><trkpt lat="37.950660" lon="-122.597950"><ele>220.1</ele></trkpt><trkpt lat="37.950530" lon="-122.598060"><ele>220.1</ele></trkpt><trkpt lat="37.950220" lon="-122.598510"><ele>220.2</ele></trkpt><trkpt lat="37.950160" lon="-122.598570"><ele>220.3</ele></trkpt><trkpt lat="37.950090" lon="-122.598590"><ele>220.4</ele></trkpt><trkpt lat="37.949930" lon="-122.598530"><ele>220.6</ele></trkpt><trkpt lat="37.949930" lon="-122.598530"><ele>220.6</ele></trkpt><trkpt lat="37.949810" lon="-122.598490"><ele>220.8</ele></trkpt><trkpt lat="37.949610" lon="-122.598210"><ele>221.4</ele></trkpt><trkpt lat="37.949350" lon="-122.597710"><ele>222.8</ele></trkpt><trkpt lat="37.949280" lon="-122.597720"><ele>223.0</ele></trkpt><trkpt lat="37.948920" lon="-122.597560"><ele>224.9</ele></trkpt><trkpt lat="37.948890" lon="-122.597510"><ele>225.1</ele></trkpt><trkpt lat="37.948890" lon="-122.597410"><ele>225.5</ele></trkpt><trkpt lat="37.948940" lon="-122.597360"><ele>225.8</ele></trkpt><trkpt lat="37.949000" lon="-122.597370"><ele>226.1</ele></trkpt><trkpt lat="37.948950" lon="-122.597260"><ele>226.6</ele></trkpt><trkpt lat="37.948930" lon="-122.597180"><ele>227.1</ele></trkpt><trkpt lat="37.948710" lon="-122.597080"><ele>229.1</ele></trkpt><trkpt lat="37.948200" lon="-122.596770"><ele>233.5</ele></trkpt><trkpt lat="37.947820" lon="-122.596400"><ele>236.4</ele></trkpt><trkpt lat="37.947690" lon="-122.596350"><ele>237.2</ele></trkpt><trkpt lat="37.947590" lon="-122.596340"><ele>237.6</ele></trkpt><trkpt lat="37.947520" lon="-122.596720"><ele>238.9</ele></trkpt><trkpt lat="37.947510" lon="-122.596720"><ele>239.0</ele></trkpt><trkpt lat="37.947510" lon="-122.596720"><ele>239.0</ele></trkpt><trkpt lat="37.947310" lon="-122.597780"><ele>239.9</ele></trkpt><trkpt lat="37.947130" lon="-122.597940"><ele>239.9</ele></trkpt><trkpt lat="37.947130" lon="-122.598000"><ele>240.0</ele></trkpt><trkpt lat="37.946990" lon="-122.598030"><ele>240.1</ele></trkpt><trkpt lat="37.946820" lon="-122.597940"><ele>240.3</ele></trkpt><trkpt lat="37.946770" lon="-122.597870"><ele>240.3</ele></trkpt><trkpt lat="37.946730" lon="-122.597640"><ele>240.5</ele></trkpt><trkpt lat="37.946690" lon="-122.597560"><ele>240.5</ele></trkpt><trkpt lat="37.946630" lon="-122.597510"><ele>240.5</ele></trkpt><trkpt lat="37.946480" lon="-122.597490"><ele>240.6</ele></trkpt><trkpt lat="37.946380" lon="-122.597460"><ele>240.6</ele></trkpt><trkpt lat="37.946320" lon="-122.597390"><ele>240.7</ele></trkpt><trkpt lat="37.946230" lon="-122.597130"><ele>240.8</ele></trkpt><trkpt lat="37.946170" lon="-122.597080"><ele>240.8</ele></trkpt><trkpt lat="37.946000" lon="-122.596990"><ele>240.7</ele></trkpt><trkpt lat="37.945850" lon="-122.596850"><ele>240.6</ele></trkpt><trkpt lat="37.945720" lon="-122.596770"><ele>240.6</ele></trkpt><trkpt lat="37.945220" lon="-122.596810"><ele>240.2</ele></trkpt><trkpt lat="37.945110" lon="-122.596810"><ele>240.1</ele></trkpt><trkpt lat="37.944900" lon="-122.596750"><ele>239.9</ele></trkpt><trkpt lat="37.944830" lon="-122.596750"><ele>239.9</ele></trkpt><trkpt lat="37.944690" lon="-122.596800"><ele>239.9</ele></trkpt><trkpt lat="37.944300" lon="-122.597050"><ele>239.9</ele></trkpt><trkpt lat="37.944150" lon="-122.597180"><ele>239.9</ele></trkpt><trkpt lat="37.944050" lon="-122.597310"><ele>239.9</ele></trkpt><trkpt lat="37.943980" lon="-122.597350"><ele>239.9</ele></trkpt><trkpt lat="37.943920" lon="-122.597380"><ele>239.9</ele></trkpt><trkpt lat="37.943810" lon="-122.597390"><ele>239.9</ele></trkpt><trkpt lat="37.943720" lon="-122.597418"><ele>239.9</ele></trkpt><trkpt lat="37.943765" lon="-122.597421"><ele>239.9</ele></trkpt><trkpt lat="37.943911" lon="-122.597401"><ele>239.9</ele></trkpt><trkpt lat="37.944045" lon="-122.597366"><ele>239.9</ele></trkpt><trkpt lat="37.944073" lon="-122.597307"><ele>240.0</ele></trkpt><trkpt lat="37.944152" lon="-122.597176"><ele>240.0</ele></trkpt><trkpt lat="37.944301" lon="-122.597046"><ele>240.1</ele></trkpt><trkpt lat="37.944687" lon="-122.596795"><ele>240.3</ele></trkpt><trkpt lat="37.944826" lon="-122.596750"><ele>240.3</ele></trkpt><trkpt lat="37.944899" lon="-122.596751"><ele>240.4</ele></trkpt><trkpt lat="37.945110" lon="-122.596808"><ele>240.5</ele></trkpt><trkpt lat="37.945218" lon="-122.596813"><ele>240.5</ele></trkpt><trkpt lat="37.945723" lon="-122.596772"><ele>240.5</ele></trkpt><trkpt lat="37.945839" lon="-122.596784"><ele>240.5</ele></trkpt><trkpt lat="37.945894" lon="-122.596827"><ele>240.5</ele></trkpt><trkpt lat="37.945933" lon="-122.596892"><ele>241.9</ele></trkpt><trkpt lat="37.945958" lon="-122.596948"><ele>243.0</ele></trkpt><trkpt lat="37.945970" lon="-122.596996"><ele>244.0</ele></trkpt><trkpt lat="37.945885" lon="-122.596924"><ele>246.3</ele></trkpt><trkpt lat="37.945810" lon="-122.596910"><ele>248.1</ele></trkpt><trkpt lat="37.945739" lon="-122.596911"><ele>249.7</ele></trkpt><trkpt lat="37.945641" lon="-122.596970"><ele>252.2</ele></trkpt><trkpt lat="37.945535" lon="-122.597073"><ele>255.3</ele></trkpt><trkpt lat="37.945424" lon="-122.597201"><ele>258.7</ele></trkpt><trkpt lat="37.945287" lon="-122.597432"><ele>263.9</ele></trkpt><trkpt lat="37.945237" lon="-122.597485"><ele>265.4</ele></trkpt><trkpt lat="37.945191" lon="-122.597507"><ele>266.5</ele></trkpt><trkpt lat="37.945122" lon="-122.597509"><ele>268.1</ele></trkpt><trkpt lat="37.945059" lon="-122.597492"><ele>269.5</ele></trkpt><trkpt lat="37.944989" lon="-122.597474"><ele>271.1</ele></trkpt><trkpt lat="37.944921" lon="-122.597497"><ele>272.7</ele></trkpt><trkpt lat="37.944851" lon="-122.597582"><ele>275.6</ele></trkpt><trkpt lat="37.944809" lon="-122.597666"><ele>278.1</ele></trkpt><trkpt lat="37.944785" lon="-122.597780"><ele>281.1</ele></trkpt><trkpt lat="37.944793" lon="-122.597902"><ele>284.2</ele></trkpt><trkpt lat="37.944838" lon="-122.597982"><ele>286.6</ele></trkpt><trkpt lat="37.944934" lon="-122.598120"><ele>291.3</ele></trkpt><trkpt lat="37.944954" lon="-122.598175"><ele>292.8</ele></trkpt><trkpt lat="37.944952" lon="-122.598270"><ele>295.2</ele></trkpt><trkpt lat="37.944931" lon="-122.598362"><ele>296.7</ele></trkpt><trkpt lat="37.944936" lon="-122.598463"><ele>297.1</ele></trkpt><trkpt lat="37.944966" lon="-122.598560"><ele>297.6</ele></trkpt><trkpt lat="37.945023" lon="-122.598672"><ele>298.1</ele></trkpt><trkpt lat="37.945051" lon="-122.598741"><ele>298.4</ele></trkpt><trkpt lat="37.945111" lon="-122.598897"><ele>299.1</ele></trkpt><trkpt lat="37.945134" lon="-122.599019"><ele>299.6</ele></trkpt><trkpt lat="37.945286" lon="-122.599270"><ele>301.3</ele></trkpt><trkpt lat="37.945302" lon="-122.599316"><ele>301.6</ele></trkpt><trkpt lat="37.945308" lon="-122.599441"><ele>302.4</ele></trkpt><trkpt lat="37.945321" lon="-122.599502"><ele>302.8</ele></trkpt><trkpt lat="37.945375" lon="-122.599625"><ele>303.8</ele></trkpt><trkpt lat="37.945389" lon="-122.599707"><ele>304.3</ele></trkpt><trkpt lat="37.945383" lon="-122.599843"><ele>305.2</ele></trkpt><trkpt lat="37.945294" lon="-122.600044"><ele>306.8</ele></trkpt><trkpt lat="37.945185" lon="-122.600162"><ele>308.1</ele></trkpt><trkpt lat="37.945011" lon="-122.600230"><ele>309.7</ele></trkpt><trkpt lat="37.944880" lon="-122.600308"><ele>311.0</ele></trkpt><trkpt lat="37.944632" lon="-122.600374"><ele>313.2</ele></trkpt><trkpt lat="37.944292" lon="-122.600569"><ele>316.0</ele></trkpt><trkpt lat="37.944220" lon="-122.600579"><ele>316.6</ele></trkpt><trkpt lat="37.944152" lon="-122.600605"><ele>317.1</ele></trkpt><trkpt lat="37.944070" lon="-122.600641"><ele>317.8</ele></trkpt><trkpt lat="37.944035" lon="-122.600680"><ele>318.1</ele></trkpt><trkpt lat="37.943982" lon="-122.600740"><ele>318.9</ele></trkpt><trkpt lat="37.943937" lon="-122.600763"><ele>319.5</ele></trkpt><trkpt lat="37.943868" lon="-122.600763"><ele>320.4</ele></trkpt><trkpt lat="37.943679" lon="-122.600679"><ele>322.8</ele></trkpt><trkpt lat="37.943627" lon="-122.600682"><ele>323.4</ele></trkpt><trkpt lat="37.943581" lon="-122.600719"><ele>324.1</ele></trkpt><trkpt lat="37.943569" lon="-122.600772"><ele>324.6</ele></trkpt><trkpt lat="37.943588" lon="-122.600848"><ele>325.4</ele></trkpt><trkpt lat="37.943611" lon="-122.601049"><ele>327.1</ele></trkpt><trkpt lat="37.943526" lon="-122.601252"><ele>327.5</ele></trkpt><trkpt lat="37.943357" lon="-122.601424"><ele>328.0</ele></trkpt><trkpt lat="37.943190" lon="-122.601550"><ele>328.4</ele></trkpt><trkpt lat="37.943104" lon="-122.601580"><ele>328.6</ele></trkpt><trkpt lat="37.943046" lon="-122.601582"><ele>329.2</ele></trkpt><trkpt lat="37.943004" lon="-122.601563"><ele>329.8</ele></trkpt><trkpt lat="37.942940" lon="-122.601488"><ele>331.0</ele></trkpt><trkpt lat="37.942829" lon="-122.601314"><ele>333.3</ele></trkpt><trkpt lat="37.942754" lon="-122.601282"><ele>334.3</ele></trkpt><trkpt lat="37.942698" lon="-122.601306"><ele>335.1</ele></trkpt><trkpt lat="37.942630" lon="-122.601396"><ele>336.3</ele></trkpt><trkpt lat="37.942416" lon="-122.601644"><ele>340.6</ele></trkpt><trkpt lat="37.942155" lon="-122.601893"><ele>345.8</ele></trkpt><trkpt lat="37.942092" lon="-122.601935"><ele>346.9</ele></trkpt><trkpt lat="37.942022" lon="-122.601949"><ele>348.1</ele></trkpt><trkpt lat="37.941917" lon="-122.601929"><ele>349.8</ele></trkpt><trkpt lat="37.941850" lon="-122.601894"><ele>351.1</ele></trkpt><trkpt lat="37.941669" lon="-122.601742"><ele>355.1</ele></trkpt><trkpt lat="37.941495" lon="-122.601679"><ele>358.4</ele></trkpt><trkpt lat="37.941422" lon="-122.601679"><ele>359.8</ele></trkpt><trkpt lat="37.941318" lon="-122.601716"><ele>361.8</ele></trkpt><trkpt lat="37.941204" lon="-122.601829"><ele>364.9</ele></trkpt><trkpt lat="37.941170" lon="-122.601959"><ele>367.4</ele></trkpt><trkpt lat="37.941171" lon="-122.602143"><ele>370.8</ele></trkpt><trkpt lat="37.941131" lon="-122.602270"><ele>373.4</ele></trkpt><trkpt lat="37.940831" lon="-122.602669"><ele>380.4</ele></trkpt><trkpt lat="37.940740" lon="-122.602812"><ele>380.9</ele></trkpt><trkpt lat="37.940593" lon="-122.603129"><ele>382.0</ele></trkpt><trkpt lat="37.940565" lon="-122.603262"><ele>382.5</ele></trkpt><trkpt lat="37.940584" lon="-122.603396"><ele>384.2</ele></trkpt><trkpt lat="37.940622" lon="-122.603474"><ele>385.6</ele></trkpt><trkpt lat="37.940672" lon="-122.603541"><ele>387.0</ele></trkpt><trkpt lat="37.940878" lon="-122.603728"><ele>391.8</ele></trkpt><trkpt lat="37.940917" lon="-122.603805"><ele>393.1</ele></trkpt><trkpt lat="37.940924" lon="-122.603850"><ele>393.8</ele></trkpt><trkpt lat="37.940919" lon="-122.604172"><ele>397.4</ele></trkpt><trkpt lat="37.940855" lon="-122.604435"><ele>399.5</ele></trkpt><trkpt lat="37.940763" lon="-122.604632"><ele>401.2</ele></trkpt><trkpt lat="37.940646" lon="-122.604819"><ele>403.0</ele></trkpt><trkpt lat="37.940575" lon="-122.604894"><ele>404.8</ele></trkpt><trkpt lat="37.940516" lon="-122.604955"><ele>406.3</ele></trkpt><trkpt lat="37.940499" lon="-122.605013"><ele>407.3</ele></trkpt><trkpt lat="37.940493" lon="-122.605067"><ele>408.2</ele></trkpt><trkpt lat="37.940510" lon="-122.605112"><ele>408.9</ele></trkpt><trkpt lat="37.940557" lon="-122.605142"><ele>410.0</ele></trkpt><trkpt lat="37.940725" lon="-122.605222"><ele>413.5</ele></trkpt><trkpt lat="37.940800" lon="-122.605321"><ele>415.6</ele></trkpt><trkpt lat="37.940856" lon="-122.605488"><ele>418.1</ele></trkpt><trkpt lat="37.940840" lon="-122.605624"><ele>419.5</ele></trkpt><trkpt lat="37.940796" lon="-122.605697"><ele>420.4</ele></trkpt><trkpt lat="37.940696" lon="-122.605750"><ele>421.8</ele></trkpt><trkpt lat="37.940590" lon="-122.605782"><ele>423.3</ele></trkpt><trkpt lat="37.940374" lon="-122.605807"><ele>426.1</ele></trkpt><trkpt lat="37.940276" lon="-122.605817"><ele>427.2</ele></trkpt><trkpt lat="37.940194" lon="-122.605870"><ele>428.2</ele></trkpt><trkpt lat="37.940080" lon="-122.606017"><ele>430.0</ele></trkpt><trkpt lat="37.940008" lon="-122.606140"><ele>431.3</ele></trkpt><trkpt lat="37.939931" lon="-122.606264"><ele>432.7</ele></trkpt><trkpt lat="37.939911" lon="-122.606356"><ele>433.5</ele></trkpt><trkpt lat="37.939944" lon="-122.606564"><ele>435.2</ele></trkpt><trkpt lat="37.939933" lon="-122.606666"><ele>436.0</ele></trkpt><trkpt lat="37.939874" lon="-122.606805"><ele>437.1</ele></trkpt><trkpt lat="37.939793" lon="-122.606911"><ele>438.1</ele></trkpt><trkpt lat="37.939737" lon="-122.606999"><ele>438.9</ele></trkpt><trkpt lat="37.939711" lon="-122.607135"><ele>439.9</ele></trkpt><trkpt lat="37.939686" lon="-122.607216"><ele>440.6</ele></trkpt><trkpt lat="37.939642" lon="-122.607276"><ele>441.1</ele></trkpt><trkpt lat="37.939574" lon="-122.607307"><ele>441.7</ele></trkpt><trkpt lat="37.939491" lon="-122.607321"><ele>442.4</ele></trkpt><trkpt lat="37.939406" lon="-122.607315"><ele>443.2</ele></trkpt><trkpt lat="37.939311" lon="-122.607262"><ele>444.0</ele></trkpt><trkpt lat="37.939246" lon="-122.607175"><ele>444.8</ele></trkpt><trkpt lat="37.939209" lon="-122.607051"><ele>445.7</ele></trkpt><trkpt lat="37.939218" lon="-122.606901"><ele>446.7</ele></trkpt><trkpt lat="37.939227" lon="-122.606779"><ele>447.8</ele></trkpt><trkpt lat="37.939212" lon="-122.606652"><ele>449.3</ele></trkpt><trkpt lat="37.939177" lon="-122.606556"><ele>450.5</ele></trkpt><trkpt lat="37.939016" lon="-122.606323"><ele>454.1</ele></trkpt><trkpt lat="37.938876" lon="-122.606077"><ele>457.6</ele></trkpt><trkpt lat="37.938796" lon="-122.605984"><ele>459.3</ele></trkpt><trkpt lat="37.938732" lon="-122.605942"><ele>460.3</ele></trkpt><trkpt lat="37.938626" lon="-122.605911"><ele>462.0</ele></trkpt><trkpt lat="37.938481" lon="-122.605920"><ele>464.1</ele></trkpt><trkpt lat="37.938345" lon="-122.605980"><ele>466.3</ele></trkpt><trkpt lat="37.938074" lon="-122.606210"><ele>470.8</ele></trkpt><trkpt lat="37.937962" lon="-122.606270"><ele>472.4</ele></trkpt><trkpt lat="37.937824" lon="-122.606327"><ele>474.3</ele></trkpt><trkpt lat="37.937661" lon="-122.606356"><ele>476.4</ele></trkpt><trkpt lat="37.937503" lon="-122.606380"><ele>478.8</ele></trkpt><trkpt lat="37.937390" lon="-122.606394"><ele>481.1</ele></trkpt><trkpt lat="37.937312" lon="-122.606388"><ele>482.7</ele></trkpt><trkpt lat="37.937223" lon="-122.606360"><ele>484.5</ele></trkpt><trkpt lat="37.937076" lon="-122.606288"><ele>487.7</ele></trkpt><trkpt lat="37.936923" lon="-122.606197"><ele>491.1</ele></trkpt><trkpt lat="37.936846" lon="-122.606126"><ele>493.1</ele></trkpt><trkpt lat="37.936771" lon="-122.606028"><ele>495.6</ele></trkpt><trkpt lat="37.936647" lon="-122.605827"><ele>500.3</ele></trkpt><trkpt lat="37.936504" lon="-122.605576"><ele>506.1</ele></trkpt><trkpt lat="37.936429" lon="-122.605464"><ele>508.8</ele></trkpt><trkpt lat="37.936365" lon="-122.605405"><ele>510.3</ele></trkpt><trkpt lat="37.936091" lon="-122.605285"><ele>514.8</ele></trkpt><trkpt lat="37.935924" lon="-122.605192"><ele>517.6</ele></trkpt><trkpt lat="37.935819" lon="-122.605162"><ele>519.2</ele></trkpt><trkpt lat="37.935727" lon="-122.605150"><ele>520.6</ele></trkpt><trkpt lat="37.935621" lon="-122.605167"><ele>521.6</ele></trkpt><trkpt lat="37.935459" lon="-122.605200"><ele>523.1</ele></trkpt><trkpt lat="37.935310" lon="-122.605225"><ele>524.5</ele></trkpt><trkpt lat="37.935169" lon="-122.605197"><ele>525.8</ele></trkpt><trkpt lat="37.935065" lon="-122.605157"><ele>526.8</ele></trkpt><trkpt lat="37.934566" lon="-122.604854"><ele>530.9</ele></trkpt><trkpt lat="37.934290" lon="-122.604724"><ele>533.1</ele></trkpt><trkpt lat="37.934090" lon="-122.604606"><ele>535.2</ele></trkpt><trkpt lat="37.933950" lon="-122.604512"><ele>536.7</ele></trkpt><trkpt lat="37.933841" lon="-122.604415"><ele>538.0</ele></trkpt><trkpt lat="37.933741" lon="-122.604330"><ele>539.1</ele></trkpt><trkpt lat="37.933644" lon="-122.604277"><ele>540.5</ele></trkpt><trkpt lat="37.933531" lon="-122.604259"><ele>542.0</ele></trkpt><trkpt lat="37.933451" lon="-122.604256"><ele>543.1</ele></trkpt><trkpt lat="37.933172" lon="-122.604317"><ele>546.9</ele></trkpt><trkpt lat="37.932969" lon="-122.604305"><ele>549.6</ele></trkpt><trkpt lat="37.932786" lon="-122.604286"><ele>551.9</ele></trkpt><trkpt lat="37.932662" lon="-122.604230"><ele>553.5</ele></trkpt><trkpt lat="37.932511" lon="-122.604186"><ele>555.5</ele></trkpt><trkpt lat="37.932372" lon="-122.604140"><ele>557.3</ele></trkpt><trkpt lat="37.932183" lon="-122.604043"><ele>560.4</ele></trkpt><trkpt lat="37.932075" lon="-122.603953"><ele>562.6</ele></trkpt><trkpt lat="37.932007" lon="-122.603940"><ele>563.7</ele></trkpt><trkpt lat="37.931952" lon="-122.603955"><ele>564.6</ele></trkpt><trkpt lat="37.931884" lon="-122.604011"><ele>566.0</ele></trkpt><trkpt lat="37.931764" lon="-122.604107"><ele>568.4</ele></trkpt><trkpt lat="37.931657" lon="-122.604151"><ele>570.1</ele></trkpt><trkpt lat="37.931553" lon="-122.604171"><ele>570.9</ele></trkpt><trkpt lat="37.931230" lon="-122.604108"><ele>573.4</ele></trkpt><trkpt lat="37.931027" lon="-122.604047"><ele>574.9</ele></trkpt><trkpt lat="37.930807" lon="-122.603957"><ele>576.4</ele></trkpt><trkpt lat="37.930601" lon="-122.603890"><ele>577.6</ele></trkpt><trkpt lat="37.930475" lon="-122.603860"><ele>578.4</ele></trkpt><trkpt lat="37.930350" lon="-122.603799"><ele>579.2</ele></trkpt><trkpt lat="37.930270" lon="-122.603700"><ele>579.7</ele></trkpt><trkpt lat="37.930221" lon="-122.603577"><ele>579.6</ele></trkpt><trkpt lat="37.930200" lon="-122.603391"><ele>579.5</ele></trkpt><trkpt lat="37.930150" lon="-122.603307"><ele>579.4</ele></trkpt><trkpt lat="37.930052" lon="-122.603270"><ele>579.3</ele></trkpt><trkpt lat="37.929930" lon="-122.603292"><ele>579.2</ele></trkpt><trkpt lat="37.929762" lon="-122.603395"><ele>579.4</ele></trkpt><trkpt lat="37.929608" lon="-122.603510"><ele>580.7</ele></trkpt><trkpt lat="37.929448" lon="-122.603695"><ele>582.1</ele></trkpt><trkpt lat="37.929311" lon="-122.603813"><ele>583.3</ele></trkpt><trkpt lat="37.929154" lon="-122.603927"><ele>584.6</ele></trkpt><trkpt lat="37.929017" lon="-122.604002"><ele>585.9</ele></trkpt><trkpt lat="37.928921" lon="-122.604051"><ele>586.8</ele></trkpt><trkpt lat="37.928884" lon="-122.604116"><ele>587.3</ele></trkpt><trkpt lat="37.928883" lon="-122.604222"><ele>588.0</ele></trkpt><trkpt lat="37.928943" lon="-122.604418"><ele>589.4</ele></trkpt><trkpt lat="37.928981" lon="-122.604607"><ele>591.2</ele></trkpt><trkpt lat="37.929028" lon="-122.604935"><ele>595.4</ele></trkpt><trkpt lat="37.929016" lon="-122.605070"><ele>597.1</ele></trkpt><trkpt lat="37.928965" lon="-122.605160"><ele>598.5</ele></trkpt><trkpt lat="37.928889" lon="-122.605212"><ele>599.9</ele></trkpt><trkpt lat="37.928729" lon="-122.605332"><ele>602.0</ele></trkpt><trkpt lat="37.928392" lon="-122.605625"><ele>604.0</ele></trkpt><trkpt lat="37.928280" lon="-122.605706"><ele>604.6</ele></trkpt><trkpt lat="37.928174" lon="-122.605704"><ele>605.1</ele></trkpt><trkpt lat="37.928081" lon="-122.605734"><ele>606.5</ele></trkpt><trkpt lat="37.927967" lon="-122.605797"><ele>608.2</ele></trkpt><trkpt lat="37.927744" lon="-122.605950"><ele>611.7</ele></trkpt><trkpt lat="37.927425" lon="-122.606072"><ele>616.0</ele></trkpt><trkpt lat="37.927296" lon="-122.606138"><ele>617.5</ele></trkpt><trkpt lat="37.927192" lon="-122.606207"><ele>618.8</ele></trkpt><trkpt lat="37.927120" lon="-122.606283"><ele>619.9</ele></trkpt><trkpt lat="37.927111" lon="-122.606355"><ele>620.5</ele></trkpt><trkpt lat="37.927101" lon="-122.606425"><ele>621.1</ele></trkpt><trkpt lat="37.927112" lon="-122.606533"><ele>622.0</ele></trkpt><trkpt lat="37.927145" lon="-122.606632"><ele>623.0</ele></trkpt><trkpt lat="37.927155" lon="-122.606767"><ele>624.5</ele></trkpt><trkpt lat="37.927119" lon="-122.606855"><ele>625.6</ele></trkpt><trkpt lat="37.927055" lon="-122.606911"><ele>626.7</ele></trkpt><trkpt lat="37.926988" lon="-122.606891"><ele>627.7</ele></trkpt><trkpt lat="37.926865" lon="-122.606819"><ele>629.6</ele></trkpt><trkpt lat="37.926776" lon="-122.606814"><ele>630.9</ele></trkpt><trkpt lat="37.926712" lon="-122.606849"><ele>631.9</ele></trkpt><trkpt lat="37.926462" lon="-122.607102"><ele>634.9</ele></trkpt><trkpt lat="37.926317" lon="-122.607188"><ele>635.9</ele></trkpt><trkpt lat="37.926238" lon="-122.607200"><ele>636.5</ele></trkpt><trkpt lat="37.926089" lon="-122.607172"><ele>637.5</ele></trkpt><trkpt lat="37.925996" lon="-122.607127"><ele>638.2</ele></trkpt><trkpt lat="37.925879" lon="-122.607057"><ele>638.1</ele></trkpt><trkpt lat="37.925766" lon="-122.606954"><ele>638.0</ele></trkpt><trkpt lat="37.925652" lon="-122.606828"><ele>637.9</ele></trkpt><trkpt lat="37.925563" lon="-122.606673"><ele>637.8</ele></trkpt><trkpt lat="37.925396" lon="-122.606383"><ele>636.9</ele></trkpt><trkpt lat="37.925339" lon="-122.606312"><ele>636.5</ele></trkpt><trkpt lat="37.925242" lon="-122.606235"><ele>635.8</ele></trkpt><trkpt lat="37.925132" lon="-122.606186"><ele>635.1</ele></trkpt><trkpt lat="37.925015" lon="-122.606142"><ele>634.4</ele></trkpt><trkpt lat="37.924920" lon="-122.606150"><ele>633.8</ele></trkpt><trkpt lat="37.924825" lon="-122.606188"><ele>633.3</ele></trkpt><trkpt lat="37.924687" lon="-122.606308"><ele>632.6</ele></trkpt><trkpt lat="37.924102" lon="-122.606858"><ele>630.2</ele></trkpt><trkpt lat="37.924042" lon="-122.606911"><ele>630.2</ele></trkpt><trkpt lat="37.923973" lon="-122.606996"><ele>630.2</ele></trkpt><trkpt lat="37.923909" lon="-122.607099"><ele>630.1</ele></trkpt><trkpt lat="37.923862" lon="-122.607223"><ele>630.1</ele></trkpt><trkpt lat="37.923793" lon="-122.607508"><ele>630.5</ele></trkpt><trkpt lat="37.923752" lon="-122.607714"><ele>631.3</ele></trkpt><trkpt lat="37.923709" lon="-122.607862"><ele>631.8</ele></trkpt><trkpt lat="37.923673" lon="-122.607985"><ele>632.3</ele></trkpt><trkpt lat="37.923598" lon="-122.608263"><ele>633.4</ele></trkpt><trkpt lat="37.923491" lon="-122.608788"><ele>638.3</ele></trkpt><trkpt lat="37.923395" lon="-122.609201"><ele>642.4</ele></trkpt><trkpt lat="37.923343" lon="-122.609381"><ele>644.8</ele></trkpt><trkpt lat="37.923288" lon="-122.609471"><ele>646.3</ele></trkpt><trkpt lat="37.923185" lon="-122.609554"><ele>648.3</ele></trkpt><trkpt lat="37.922941" lon="-122.609690"><ele>652.6</ele></trkpt><trkpt lat="37.922839" lon="-122.609772"><ele>655.2</ele></trkpt><trkpt lat="37.922703" lon="-122.609861"><ele>658.7</ele></trkpt><trkpt lat="37.922517" lon="-122.609878"><ele>663.0</ele></trkpt><trkpt lat="37.922388" lon="-122.609910"><ele>666.0</ele></trkpt><trkpt lat="37.922229" lon="-122.610007"><ele>670.1</ele></trkpt><trkpt lat="37.922078" lon="-122.610104"><ele>673.0</ele></trkpt><trkpt lat="37.921544" lon="-122.610333"><ele>682.7</ele></trkpt><trkpt lat="37.921444" lon="-122.610401"><ele>684.6</ele></trkpt><trkpt lat="37.921377" lon="-122.610471"><ele>686.2</ele></trkpt><trkpt lat="37.921288" lon="-122.610612"><ele>688.7</ele></trkpt><trkpt lat="37.921176" lon="-122.610720"><ele>691.1</ele></trkpt><trkpt lat="37.921024" lon="-122.610814"><ele>694.1</ele></trkpt><trkpt lat="37.920895" lon="-122.610914"><ele>695.8</ele></trkpt><trkpt lat="37.920739" lon="-122.611038"><ele>697.2</ele></trkpt><trkpt lat="37.920587" lon="-122.611189"><ele>698.8</ele></trkpt><trkpt lat="37.920484" lon="-122.611250"><ele>699.7</ele></trkpt><trkpt lat="37.920389" lon="-122.611289"><ele>700.5</ele></trkpt><trkpt lat="37.920226" lon="-122.611300"><ele>701.0</ele></trkpt><trkpt lat="37.920043" lon="-122.611261"><ele>701.3</ele></trkpt><trkpt lat="37.919910" lon="-122.611250"><ele>701.5</ele></trkpt><trkpt lat="37.919643" lon="-122.611263"><ele>701.9</ele></trkpt><trkpt lat="37.919478" lon="-122.611230"><ele>700.9</ele></trkpt><trkpt lat="37.919327" lon="-122.611184"><ele>699.9</ele></trkpt><trkpt lat="37.919259" lon="-122.611153"><ele>699.4</ele></trkpt><trkpt lat="37.919202" lon="-122.611116"><ele>699.0</ele></trkpt><trkpt lat="37.919117" lon="-122.611049"><ele>698.3</ele></trkpt><trkpt lat="37.918957" lon="-122.610889"><ele>696.9</ele></trkpt><trkpt lat="37.918842" lon="-122.610763"><ele>695.9</ele></trkpt><trkpt lat="37.918769" lon="-122.610691"><ele>695.2</ele></trkpt><trkpt lat="37.918694" lon="-122.610642"><ele>694.7</ele></trkpt><trkpt lat="37.918631" lon="-122.610630"><ele>694.2</ele></trkpt><trkpt lat="37.918512" lon="-122.610638"><ele>693.4</ele></trkpt><trkpt lat="37.918440" lon="-122.610648"><ele>692.9</ele></trkpt><trkpt lat="37.918385" lon="-122.610630"><ele>692.5</ele></trkpt><trkpt lat="37.918317" lon="-122.610576"><ele>691.9</ele></trkpt><trkpt lat="37.918232" lon="-122.610490"><ele>690.8</ele></trkpt><trkpt lat="37.918124" lon="-122.610384"><ele>689.5</ele></trkpt><trkpt lat="37.918031" lon="-122.610317"><ele>688.5</ele></trkpt><trkpt lat="37.917892" lon="-122.610240"><ele>687.0</ele></trkpt><trkpt lat="37.917778" lon="-122.610189"><ele>685.8</ele></trkpt><trkpt lat="37.917685" lon="-122.610159"><ele>684.8</ele></trkpt><trkpt lat="37.917590" lon="-122.610148"><ele>683.5</ele></trkpt><trkpt lat="37.917460" lon="-122.610161"><ele>681.7</ele></trkpt><trkpt lat="37.917345" lon="-122.610168"><ele>680.1</ele></trkpt><trkpt lat="37.917260" lon="-122.610160"><ele>678.9</ele></trkpt><trkpt lat="37.917161" lon="-122.610135"><ele>677.5</ele></trkpt><trkpt lat="37.917011" lon="-122.610060"><ele>675.3</ele></trkpt><trkpt lat="37.916843" lon="-122.609952"><ele>673.0</ele></trkpt><trkpt lat="37.916619" lon="-122.609858"><ele>670.2</ele></trkpt><trkpt lat="37.916538" lon="-122.609822"><ele>669.2</ele></trkpt><trkpt lat="37.916457" lon="-122.609792"><ele>668.2</ele></trkpt><trkpt lat="37.916381" lon="-122.609775"><ele>667.2</ele></trkpt><trkpt lat="37.916309" lon="-122.609789"><ele>666.5</ele></trkpt><trkpt lat="37.916208" lon="-122.609841"><ele>666.0</ele></trkpt><trkpt lat="37.916100" lon="-122.609955"><ele>665.4</ele></trkpt><trkpt lat="37.915994" lon="-122.610096"><ele>664.6</ele></trkpt><trkpt lat="37.915931" lon="-122.610189"><ele>664.2</ele></trkpt><trkpt lat="37.915855" lon="-122.610248"><ele>663.8</ele></trkpt><trkpt lat="37.915751" lon="-122.610305"><ele>663.3</ele></trkpt><trkpt lat="37.915650" lon="-122.610345"><ele>662.8</ele></trkpt><trkpt lat="37.915567" lon="-122.610347"><ele>662.5</ele></trkpt><trkpt lat="37.915481" lon="-122.610291"><ele>662.1</ele></trkpt><trkpt lat="37.915441" lon="-122.610205"><ele>661.7</ele></trkpt><trkpt lat="37.915420" lon="-122.610115"><ele>661.4</ele></trkpt><trkpt lat="37.915404" lon="-122.610017"><ele>661.1</ele></trkpt><trkpt lat="37.915369" lon="-122.609947"><ele>660.8</ele></trkpt><trkpt lat="37.915315" lon="-122.609894"><ele>660.5</ele></trkpt><trkpt lat="37.915264" lon="-122.609870"><ele>660.3</ele></trkpt><trkpt lat="37.915209" lon="-122.609874"><ele>660.0</ele></trkpt><trkpt lat="37.915117" lon="-122.609872"><ele>659.6</ele></trkpt><trkpt lat="37.915017" lon="-122.609833"><ele>659.1</ele></trkpt><trkpt lat="37.914869" lon="-122.609748"><ele>658.2</ele></trkpt><trkpt lat="37.914693" lon="-122.609659"><ele>657.3</ele></trkpt><trkpt lat="37.914654" lon="-122.609652"><ele>657.1</ele></trkpt><trkpt lat="37.914677" lon="-122.609559"><ele>656.7</ele></trkpt><trkpt lat="37.914762" lon="-122.609388"><ele>657.0</ele></trkpt><trkpt lat="37.914751" lon="-122.609190"><ele>657.6</ele></trkpt><trkpt lat="37.914732" lon="-122.609081"><ele>658.0</ele></trkpt><trkpt lat="37.914833" lon="-122.608785"><ele>659.0</ele></trkpt><trkpt lat="37.914883" lon="-122.608599"><ele>660.6</ele></trkpt><trkpt lat="37.914959" lon="-122.608226"><ele>666.3</ele></trkpt><trkpt lat="37.914994" lon="-122.608100"><ele>668.2</ele></trkpt><trkpt lat="37.915031" lon="-122.608035"><ele>669.4</ele></trkpt><trkpt lat="37.915088" lon="-122.607976"><ele>670.8</ele></trkpt><trkpt lat="37.915152" lon="-122.607930"><ele>672.1</ele></trkpt><trkpt lat="37.915205" lon="-122.607921"><ele>673.1</ele></trkpt><trkpt lat="37.915261" lon="-122.607926"><ele>674.2</ele></trkpt><trkpt lat="37.915315" lon="-122.607947"><ele>675.2</ele></trkpt><trkpt lat="37.915479" lon="-122.608028"><ele>678.6</ele></trkpt><trkpt lat="37.915562" lon="-122.608051"><ele>680.2</ele></trkpt><trkpt lat="37.915613" lon="-122.608051"><ele>681.1</ele></trkpt><trkpt lat="37.915669" lon="-122.608030"><ele>682.2</ele></trkpt><trkpt lat="37.915743" lon="-122.607989"><ele>683.8</ele></trkpt><trkpt lat="37.915953" lon="-122.607858"><ele>686.8</ele></trkpt><trkpt lat="37.916078" lon="-122.607768"><ele>687.5</ele></trkpt><trkpt lat="37.916216" lon="-122.607657"><ele>688.3</ele></trkpt><trkpt lat="37.916317" lon="-122.607604"><ele>688.8</ele></trkpt><trkpt lat="37.916421" lon="-122.607568"><ele>689.3</ele></trkpt><trkpt lat="37.916512" lon="-122.607545"><ele>689.8</ele></trkpt><trkpt lat="37.916658" lon="-122.607534"><ele>690.5</ele></trkpt><trkpt lat="37.916779" lon="-122.607544"><ele>691.2</ele></trkpt><trkpt lat="37.916869" lon="-122.607548"><ele>691.7</ele></trkpt><trkpt lat="37.916936" lon="-122.607543"><ele>692.1</ele></trkpt><trkpt lat="37.917010" lon="-122.607514"><ele>692.5</ele></trkpt><trkpt lat="37.917073" lon="-122.607480"><ele>692.9</ele></trkpt><trkpt lat="37.917138" lon="-122.607435"><ele>693.3</ele></trkpt><trkpt lat="37.917256" lon="-122.607350"><ele>694.3</ele></trkpt><trkpt lat="37.917329" lon="-122.607321"><ele>695.3</ele></trkpt><trkpt lat="37.917452" lon="-122.607278"><ele>696.8</ele></trkpt><trkpt lat="37.917587" lon="-122.607234"><ele>698.5</ele></trkpt><trkpt lat="37.917789" lon="-122.607174"><ele>701.0</ele></trkpt><trkpt lat="37.917950" lon="-122.607123"><ele>702.8</ele></trkpt><trkpt lat="37.918061" lon="-122.607088"><ele>703.6</ele></trkpt><trkpt lat="37.918129" lon="-122.607058"><ele>704.1</ele></trkpt><trkpt lat="37.918178" lon="-122.607023"><ele>704.5</ele></trkpt><trkpt lat="37.918232" lon="-122.606976"><ele>704.9</ele></trkpt><trkpt lat="37.918305" lon="-122.606890"><ele>705.6</ele></trkpt><trkpt lat="37.918378" lon="-122.606797"><ele>706.3</ele></trkpt><trkpt lat="37.918471" lon="-122.606714"><ele>707.1</ele></trkpt><trkpt lat="37.918578" lon="-122.606645"><ele>707.9</ele></trkpt><trkpt lat="37.918683" lon="-122.606588"><ele>708.5</ele></trkpt><trkpt lat="37.918871" lon="-122.606519"><ele>709.7</ele></trkpt><trkpt lat="37.918941" lon="-122.606478"><ele>710.1</ele></trkpt><trkpt lat="37.919006" lon="-122.606418"><ele>710.6</ele></trkpt><trkpt lat="37.919047" lon="-122.606360"><ele>711.0</ele></trkpt><trkpt lat="37.919104" lon="-122.606259"><ele>711.6</ele></trkpt><trkpt lat="37.919306" lon="-122.605894"><ele>708.4</ele></trkpt><trkpt lat="37.919376" lon="-122.605764"><ele>707.2</ele></trkpt><trkpt lat="37.919441" lon="-122.605663"><ele>706.1</ele></trkpt><trkpt lat="37.919537" lon="-122.605537"><ele>704.7</ele></trkpt><trkpt lat="37.919631" lon="-122.605439"><ele>704.5</ele></trkpt><trkpt lat="37.919718" lon="-122.605344"><ele>704.6</ele></trkpt><trkpt lat="37.919840" lon="-122.605150"><ele>704.7</ele></trkpt><trkpt lat="37.919893" lon="-122.605045"><ele>704.8</ele></trkpt><trkpt lat="37.919924" lon="-122.604969"><ele>704.9</ele></trkpt><trkpt lat="37.919953" lon="-122.604875"><ele>704.9</ele></trkpt><trkpt lat="37.919964" lon="-122.604795"><ele>705.0</ele></trkpt><trkpt lat="37.919965" lon="-122.604712"><ele>705.3</ele></trkpt><trkpt lat="37.919952" lon="-122.604600"><ele>705.8</ele></trkpt><trkpt lat="37.919931" lon="-122.604507"><ele>706.3</ele></trkpt><trkpt lat="37.919899" lon="-122.604382"><ele>706.9</ele></trkpt><trkpt lat="37.919884" lon="-122.604299"><ele>707.3</ele></trkpt><trkpt lat="37.919883" lon="-122.604203"><ele>707.8</ele></trkpt><trkpt lat="37.919900" lon="-122.604131"><ele>708.1</ele></trkpt><trkpt lat="37.919916" lon="-122.604077"><ele>708.4</ele></trkpt><trkpt lat="37.919944" lon="-122.604009"><ele>708.8</ele></trkpt><trkpt lat="37.919979" lon="-122.603936"><ele>709.2</ele></trkpt><trkpt lat="37.920033" lon="-122.603827"><ele>710.5</ele></trkpt><trkpt lat="37.920090" lon="-122.603739"><ele>711.8</ele></trkpt><trkpt lat="37.920151" lon="-122.603674"><ele>712.9</ele></trkpt><trkpt lat="37.920237" lon="-122.603617"><ele>714.3</ele></trkpt><trkpt lat="37.920350" lon="-122.603561"><ele>716.0</ele></trkpt><trkpt lat="37.920452" lon="-122.603493"><ele>717.7</ele></trkpt><trkpt lat="37.920556" lon="-122.603400"><ele>719.5</ele></trkpt><trkpt lat="37.920710" lon="-122.603284"><ele>723.2</ele></trkpt><trkpt lat="37.920782" lon="-122.603242"><ele>724.8</ele></trkpt><trkpt lat="37.920853" lon="-122.603220"><ele>726.4</ele></trkpt><trkpt lat="37.920951" lon="-122.603221"><ele>728.4</ele></trkpt><trkpt lat="37.921098" lon="-122.603245"><ele>731.5</ele></trkpt><trkpt lat="37.921203" lon="-122.603254"><ele>733.7</ele></trkpt><trkpt lat="37.921263" lon="-122.603250"><ele>734.9</ele></trkpt><trkpt lat="37.921322" lon="-122.603222"><ele>735.1</ele></trkpt><trkpt lat="37.921370" lon="-122.603190"><ele>735.3</ele></trkpt><trkpt lat="37.921577" lon="-122.602952"><ele>736.4</ele></trkpt><trkpt lat="37.921765" lon="-122.602694"><ele>737.5</ele></trkpt><trkpt lat="37.921858" lon="-122.602587"><ele>737.9</ele></trkpt><trkpt lat="37.921961" lon="-122.602498"><ele>738.2</ele></trkpt><trkpt lat="37.922017" lon="-122.602429"><ele>738.4</ele></trkpt><trkpt lat="37.922057" lon="-122.602348"><ele>738.6</ele></trkpt><trkpt lat="37.922151" lon="-122.601977"><ele>739.3</ele></trkpt><trkpt lat="37.922173" lon="-122.601915"><ele>739.4</ele></trkpt><trkpt lat="37.922246" lon="-122.601770"><ele>738.3</ele></trkpt><trkpt lat="37.922494" lon="-122.601444"><ele>735.4</ele></trkpt><trkpt lat="37.922600" lon="-122.601264"><ele>734.0</ele></trkpt><trkpt lat="37.922709" lon="-122.601100"><ele>733.6</ele></trkpt><trkpt lat="37.922795" lon="-122.600965"><ele>733.4</ele></trkpt><trkpt lat="37.922838" lon="-122.600856"><ele>733.4</ele></trkpt><trkpt lat="37.922853" lon="-122.600787"><ele>733.3</ele></trkpt><trkpt lat="37.922860" lon="-122.600706"><ele>733.3</ele></trkpt><trkpt lat="37.922847" lon="-122.600615"><ele>733.2</ele></trkpt><trkpt lat="37.922804" lon="-122.600456"><ele>733.1</ele></trkpt><trkpt lat="37.922668" lon="-122.600009"><ele>735.5</ele></trkpt><trkpt lat="37.922615" lon="-122.599871"><ele>736.4</ele></trkpt><trkpt lat="37.922568" lon="-122.599758"><ele>737.1</ele></trkpt><trkpt lat="37.922550" lon="-122.599657"><ele>737.7</ele></trkpt><trkpt lat="37.922544" lon="-122.599306"><ele>742.3</ele></trkpt><trkpt lat="37.922544" lon="-122.599296"><ele>742.5</ele></trkpt><trkpt lat="37.922528" lon="-122.599194"><ele>744.1</ele></trkpt><trkpt lat="37.922498" lon="-122.599097"><ele>745.7</ele></trkpt><trkpt lat="37.922411" lon="-122.598903"><ele>749.2</ele></trkpt><trkpt lat="37.922372" lon="-122.598785"><ele>751.2</ele></trkpt><trkpt lat="37.922367" lon="-122.598675"><ele>752.9</ele></trkpt><trkpt lat="37.922383" lon="-122.598549"><ele>754.6</ele></trkpt><trkpt lat="37.922411" lon="-122.598429"><ele>756.3</ele></trkpt><trkpt lat="37.922464" lon="-122.598262"><ele>758.6</ele></trkpt><trkpt lat="37.922523" lon="-122.598114"><ele>760.9</ele></trkpt><trkpt lat="37.922582" lon="-122.598006"><ele>762.6</ele></trkpt><trkpt lat="37.922645" lon="-122.597927"><ele>764.1</ele></trkpt><trkpt lat="37.922716" lon="-122.597874"><ele>765.3</ele></trkpt><trkpt lat="37.922792" lon="-122.597842"><ele>766.2</ele></trkpt><trkpt lat="37.922927" lon="-122.597815"><ele>767.9</ele></trkpt><trkpt lat="37.922960" lon="-122.597801"><ele>768.3</ele></trkpt><trkpt lat="37.923002" lon="-122.597777"><ele>768.8</ele></trkpt><trkpt lat="37.923040" lon="-122.597730"><ele>769.5</ele></trkpt><trkpt lat="37.923065" lon="-122.597671"><ele>770.1</ele></trkpt><trkpt lat="37.923082" lon="-122.597552"><ele>771.2</ele></trkpt><trkpt lat="37.923089" lon="-122.597433"><ele>772.4</ele></trkpt><trkpt lat="37.923089" lon="-122.597212"><ele>772.8</ele></trkpt><trkpt lat="37.923080" lon="-122.597116"><ele>772.5</ele></trkpt><trkpt lat="37.923053" lon="-122.596991"><ele>772.0</ele></trkpt><trkpt lat="37.923006" lon="-122.596857"><ele>771.5</ele></trkpt><trkpt lat="37.922932" lon="-122.596690"><ele>770.8</ele></trkpt><trkpt lat="37.922832" lon="-122.596542"><ele>770.0</ele></trkpt><trkpt lat="37.922802" lon="-122.596497"><ele>769.9</ele></trkpt><trkpt lat="37.922739" lon="-122.596409"><ele>769.6</ele></trkpt><trkpt lat="37.922721" lon="-122.596359"><ele>769.5</ele></trkpt><trkpt lat="37.922704" lon="-122.596298"><ele>769.3</ele></trkpt><trkpt lat="37.922691" lon="-122.596192"><ele>769.1</ele></trkpt><trkpt lat="37.922687" lon="-122.596099"><ele>768.8</ele></trkpt><trkpt lat="37.922683" lon="-122.595779"><ele>768.1</ele></trkpt><trkpt lat="37.922688" lon="-122.595691"><ele>767.9</ele></trkpt><trkpt lat="37.922705" lon="-122.595627"><ele>767.7</ele></trkpt><trkpt lat="37.922734" lon="-122.595568"><ele>767.4</ele></trkpt><trkpt lat="37.922759" lon="-122.595531"><ele>767.3</ele></trkpt><trkpt lat="37.922803" lon="-122.595492"><ele>767.0</ele></trkpt><trkpt lat="37.922857" lon="-122.595464"><ele>766.8</ele></trkpt><trkpt lat="37.922912" lon="-122.595448"><ele>766.5</ele></trkpt><trkpt lat="37.922980" lon="-122.595440"><ele>766.2</ele></trkpt><trkpt lat="37.923024" lon="-122.595438"><ele>766.0</ele></trkpt><trkpt lat="37.923112" lon="-122.595443"><ele>765.6</ele></trkpt><trkpt lat="37.923280" lon="-122.595468"><ele>764.8</ele></trkpt><trkpt lat="37.923357" lon="-122.595475"><ele>764.4</ele></trkpt><trkpt lat="37.923426" lon="-122.595471"><ele>764.2</ele></trkpt><trkpt lat="37.923506" lon="-122.595456"><ele>763.9</ele></trkpt><trkpt lat="37.923581" lon="-122.595433"><ele>763.7</ele></trkpt><trkpt lat="37.923681" lon="-122.595396"><ele>763.3</ele></trkpt><trkpt lat="37.923836" lon="-122.595321"><ele>762.7</ele></trkpt><trkpt lat="37.923914" lon="-122.595278"><ele>762.4</ele></trkpt><trkpt lat="37.923982" lon="-122.595251"><ele>762.2</ele></trkpt><trkpt lat="37.924052" lon="-122.595232"><ele>761.9</ele></trkpt><trkpt lat="37.924177" lon="-122.595233"><ele>761.1</ele></trkpt><trkpt lat="37.924342" lon="-122.595242"><ele>760.0</ele></trkpt><trkpt lat="37.924484" lon="-122.595240"><ele>759.0</ele></trkpt><trkpt lat="37.924634" lon="-122.595237"><ele>758.0</ele></trkpt><trkpt lat="37.924735" lon="-122.595238"><ele>757.3</ele></trkpt><trkpt lat="37.924806" lon="-122.595246"><ele>756.4</ele></trkpt><trkpt lat="37.924890" lon="-122.595260"><ele>755.0</ele></trkpt><trkpt lat="37.925018" lon="-122.595294"><ele>752.7</ele></trkpt><trkpt lat="37.925107" lon="-122.595309"><ele>751.2</ele></trkpt><trkpt lat="37.925226" lon="-122.595322"><ele>749.2</ele></trkpt><trkpt lat="37.925327" lon="-122.595331"><ele>747.4</ele></trkpt><trkpt lat="37.925440" lon="-122.595357"><ele>745.4</ele></trkpt><trkpt lat="37.925492" lon="-122.595367"><ele>744.6</ele></trkpt><trkpt lat="37.925554" lon="-122.595364"><ele>743.7</ele></trkpt><trkpt lat="37.925598" lon="-122.595339"><ele>743.0</ele></trkpt><trkpt lat="37.925632" lon="-122.595309"><ele>742.4</ele></trkpt><trkpt lat="37.925664" lon="-122.595269"><ele>741.8</ele></trkpt><trkpt lat="37.925685" lon="-122.595225"><ele>741.2</ele></trkpt><trkpt lat="37.925709" lon="-122.595174"><ele>740.5</ele></trkpt><trkpt lat="37.925740" lon="-122.595065"><ele>739.2</ele></trkpt><trkpt lat="37.925766" lon="-122.594951"><ele>737.9</ele></trkpt><trkpt lat="37.925780" lon="-122.594869"><ele>737.0</ele></trkpt><trkpt lat="37.925800" lon="-122.594709"><ele>735.2</ele></trkpt><trkpt lat="37.925817" lon="-122.594634"><ele>734.2</ele></trkpt><trkpt lat="37.925849" lon="-122.594583"><ele>733.2</ele></trkpt><trkpt lat="37.925888" lon="-122.594546"><ele>732.3</ele></trkpt><trkpt lat="37.925938" lon="-122.594523"><ele>731.3</ele></trkpt><trkpt lat="37.926044" lon="-122.594501"><ele>729.3</ele></trkpt><trkpt lat="37.926095" lon="-122.594487"><ele>728.3</ele></trkpt><trkpt lat="37.926140" lon="-122.594463"><ele>727.4</ele></trkpt><trkpt lat="37.926180" lon="-122.594431"><ele>726.5</ele></trkpt><trkpt lat="37.926214" lon="-122.594391"><ele>725.6</ele></trkpt><trkpt lat="37.926249" lon="-122.594332"><ele>724.5</ele></trkpt><trkpt lat="37.926299" lon="-122.594225"><ele>722.6</ele></trkpt><trkpt lat="37.926333" lon="-122.594119"><ele>720.9</ele></trkpt><trkpt lat="37.926360" lon="-122.594012"><ele>719.7</ele></trkpt><trkpt lat="37.926375" lon="-122.593905"><ele>718.6</ele></trkpt><trkpt lat="37.926392" lon="-122.593703"><ele>716.4</ele></trkpt><trkpt lat="37.926408" lon="-122.593604"><ele>715.3</ele></trkpt><trkpt lat="37.926433" lon="-122.593515"><ele>714.3</ele></trkpt><trkpt lat="37.926463" lon="-122.593448"><ele>713.5</ele></trkpt><trkpt lat="37.926494" lon="-122.593398"><ele>712.8</ele></trkpt><trkpt lat="37.926531" lon="-122.593358"><ele>712.2</ele></trkpt><trkpt lat="37.926571" lon="-122.593326"><ele>711.5</ele></trkpt><trkpt lat="37.926629" lon="-122.593297"><ele>710.6</ele></trkpt><trkpt lat="37.926817" lon="-122.593238"><ele>707.3</ele></trkpt><trkpt lat="37.926884" lon="-122.593210"><ele>706.2</ele></trkpt><trkpt lat="37.926961" lon="-122.593162"><ele>704.7</ele></trkpt><trkpt lat="37.927034" lon="-122.593097"><ele>703.2</ele></trkpt><trkpt lat="37.927098" lon="-122.593020"><ele>701.7</ele></trkpt><trkpt lat="37.927145" lon="-122.592946"><ele>700.5</ele></trkpt><trkpt lat="37.927186" lon="-122.592861"><ele>699.2</ele></trkpt><trkpt lat="37.927212" lon="-122.592776"><ele>698.6</ele></trkpt><trkpt lat="37.927234" lon="-122.592642"><ele>698.1</ele></trkpt><trkpt lat="37.927256" lon="-122.592494"><ele>697.4</ele></trkpt><trkpt lat="37.927279" lon="-122.592310"><ele>696.7</ele></trkpt><trkpt lat="37.927286" lon="-122.592186"><ele>696.2</ele></trkpt><trkpt lat="37.927276" lon="-122.592075"><ele>695.7</ele></trkpt><trkpt lat="37.927246" lon="-122.591953"><ele>695.3</ele></trkpt><trkpt lat="37.927212" lon="-122.591866"><ele>695.6</ele></trkpt><trkpt lat="37.927165" lon="-122.591769"><ele>696.1</ele></trkpt><trkpt lat="37.927090" lon="-122.591643"><ele>696.6</ele></trkpt><trkpt lat="37.927029" lon="-122.591531"><ele>697.1</ele></trkpt><trkpt lat="37.926980" lon="-122.591426"><ele>697.6</ele></trkpt><trkpt lat="37.926928" lon="-122.591261"><ele>698.2</ele></trkpt><trkpt lat="37.926890" lon="-122.591147"><ele>698.9</ele></trkpt><trkpt lat="37.926846" lon="-122.591039"><ele>700.6</ele></trkpt><trkpt lat="37.926752" lon="-122.590843"><ele>703.9</ele></trkpt><trkpt lat="37.926709" lon="-122.590740"><ele>705.6</ele></trkpt><trkpt lat="37.926676" lon="-122.590640"><ele>707.1</ele></trkpt><trkpt lat="37.926628" lon="-122.590445"><ele>710.1</ele></trkpt><trkpt lat="37.926597" lon="-122.590346"><ele>711.6</ele></trkpt><trkpt lat="37.926553" lon="-122.590265"><ele>713.4</ele></trkpt><trkpt lat="37.926503" lon="-122.590216"><ele>714.9</ele></trkpt><trkpt lat="37.926442" lon="-122.590189"><ele>716.4</ele></trkpt><trkpt lat="37.926321" lon="-122.590169"><ele>719.2</ele></trkpt><trkpt lat="37.926238" lon="-122.590147"><ele>721.2</ele></trkpt><trkpt lat="37.926175" lon="-122.590113"><ele>722.8</ele></trkpt><trkpt lat="37.926123" lon="-122.590055"><ele>724.5</ele></trkpt><trkpt lat="37.926089" lon="-122.589982"><ele>726.1</ele></trkpt><trkpt lat="37.926047" lon="-122.589843"><ele>728.5</ele></trkpt><trkpt lat="37.925994" lon="-122.589630"><ele>729.0</ele></trkpt><trkpt lat="37.925971" lon="-122.589471"><ele>729.4</ele></trkpt><trkpt lat="37.925957" lon="-122.589224"><ele>730.0</ele></trkpt><trkpt lat="37.925934" lon="-122.589139"><ele>730.2</ele></trkpt><trkpt lat="37.925901" lon="-122.589075"><ele>730.4</ele></trkpt><trkpt lat="37.925850" lon="-122.589015"><ele>730.6</ele></trkpt><trkpt lat="37.925790" lon="-122.588972"><ele>729.9</ele></trkpt><trkpt lat="37.925614" lon="-122.588877"><ele>727.9</ele></trkpt><trkpt lat="37.925548" lon="-122.588828"><ele>727.0</ele></trkpt><trkpt lat="37.925493" lon="-122.588767"><ele>726.2</ele></trkpt><trkpt lat="37.925436" lon="-122.588688"><ele>725.3</ele></trkpt><trkpt lat="37.925276" lon="-122.588420"><ele>722.4</ele></trkpt><trkpt lat="37.925132" lon="-122.588181"><ele>720.0</ele></trkpt><trkpt lat="37.925029" lon="-122.587993"><ele>718.1</ele></trkpt><trkpt lat="37.924965" lon="-122.587863"><ele>716.9</ele></trkpt><trkpt lat="37.924943" lon="-122.587785"><ele>716.2</ele></trkpt><trkpt lat="37.924940" lon="-122.587727"><ele>715.7</ele></trkpt><trkpt lat="37.924959" lon="-122.587673"><ele>715.3</ele></trkpt><trkpt lat="37.924987" lon="-122.587634"><ele>715.2</ele></trkpt><trkpt lat="37.925037" lon="-122.587604"><ele>715.0</ele></trkpt><trkpt lat="37.925101" lon="-122.587589"><ele>714.9</ele></trkpt><trkpt lat="37.925259" lon="-122.587566"><ele>714.4</ele></trkpt><trkpt lat="37.925392" lon="-122.587537"><ele>714.0</ele></trkpt><trkpt lat="37.925542" lon="-122.587486"><ele>713.5</ele></trkpt><trkpt lat="37.925615" lon="-122.587448"><ele>713.3</ele></trkpt><trkpt lat="37.925670" lon="-122.587396"><ele>713.5</ele></trkpt><trkpt lat="37.925709" lon="-122.587330"><ele>713.8</ele></trkpt><trkpt lat="37.925729" lon="-122.587233"><ele>714.3</ele></trkpt><trkpt lat="37.925727" lon="-122.587151"><ele>714.6</ele></trkpt><trkpt lat="37.925707" lon="-122.587013"><ele>715.2</ele></trkpt><trkpt lat="37.925694" lon="-122.586916"><ele>715.6</ele></trkpt><trkpt lat="37.925689" lon="-122.586824"><ele>716.0</ele></trkpt><trkpt lat="37.925697" lon="-122.586744"><ele>716.4</ele></trkpt><trkpt lat="37.925717" lon="-122.586678"><ele>716.7</ele></trkpt><trkpt lat="37.925748" lon="-122.586621"><ele>717.0</ele></trkpt><trkpt lat="37.925794" lon="-122.586581"><ele>717.1</ele></trkpt><trkpt lat="37.925855" lon="-122.586552"><ele>716.8</ele></trkpt><trkpt lat="37.925949" lon="-122.586525"><ele>716.3</ele></trkpt><trkpt lat="37.926040" lon="-122.586518"><ele>715.8</ele></trkpt><trkpt lat="37.926128" lon="-122.586517"><ele>715.4</ele></trkpt><trkpt lat="37.926266" lon="-122.586526"><ele>714.7</ele></trkpt><trkpt lat="37.926455" lon="-122.586519"><ele>713.7</ele></trkpt><trkpt lat="37.926608" lon="-122.586501"><ele>715.1</ele></trkpt><trkpt lat="37.926816" lon="-122.586501"><ele>717.9</ele></trkpt><trkpt lat="37.926905" lon="-122.586507"><ele>719.1</ele></trkpt><trkpt lat="37.927076" lon="-122.586538"><ele>721.5</ele></trkpt><trkpt lat="37.927164" lon="-122.586545"><ele>722.7</ele></trkpt><trkpt lat="37.927227" lon="-122.586532"><ele>723.3</ele></trkpt><trkpt lat="37.927281" lon="-122.586504"><ele>723.5</ele></trkpt><trkpt lat="37.927343" lon="-122.586466"><ele>723.7</ele></trkpt><trkpt lat="37.927406" lon="-122.586438"><ele>723.8</ele></trkpt><trkpt lat="37.927538" lon="-122.586415"><ele>724.2</ele></trkpt><trkpt lat="37.927650" lon="-122.586381"><ele>724.5</ele></trkpt><trkpt lat="37.927752" lon="-122.586298"><ele>724.8</ele></trkpt><trkpt lat="37.927812" lon="-122.586209"><ele>725.0</ele></trkpt><trkpt lat="37.927844" lon="-122.586082"><ele>724.9</ele></trkpt><trkpt lat="37.927862" lon="-122.585917"><ele>724.3</ele></trkpt><trkpt lat="37.927869" lon="-122.585802"><ele>723.9</ele></trkpt><trkpt lat="37.927866" lon="-122.585710"><ele>723.6</ele></trkpt><trkpt lat="37.927855" lon="-122.585607"><ele>723.3</ele></trkpt><trkpt lat="37.927848" lon="-122.585544"><ele>723.1</ele></trkpt><trkpt lat="37.927852" lon="-122.585480"><ele>722.9</ele></trkpt><trkpt lat="37.927865" lon="-122.585420"><ele>722.7</ele></trkpt><trkpt lat="37.927888" lon="-122.585359"><ele>722.4</ele></trkpt><trkpt lat="37.928001" lon="-122.585157"><ele>719.4</ele></trkpt><trkpt lat="37.928058" lon="-122.585073"><ele>717.2</ele></trkpt><trkpt lat="37.928128" lon="-122.584992"><ele>714.8</ele></trkpt><trkpt lat="37.928218" lon="-122.584915"><ele>712.1</ele></trkpt><trkpt lat="37.928334" lon="-122.584838"><ele>708.9</ele></trkpt><trkpt lat="37.928525" lon="-122.584741"><ele>704.0</ele></trkpt><trkpt lat="37.928644" lon="-122.584666"><ele>701.7</ele></trkpt><trkpt lat="37.928756" lon="-122.584577"><ele>699.4</ele></trkpt><trkpt lat="37.928834" lon="-122.584483"><ele>697.6</ele></trkpt><trkpt lat="37.928889" lon="-122.584379"><ele>695.9</ele></trkpt><trkpt lat="37.928907" lon="-122.584291"><ele>694.6</ele></trkpt><trkpt lat="37.928904" lon="-122.584144"><ele>692.6</ele></trkpt><trkpt lat="37.928882" lon="-122.584069"><ele>691.7</ele></trkpt><trkpt lat="37.928846" lon="-122.584007"><ele>691.1</ele></trkpt><trkpt lat="37.928721" lon="-122.583853"><ele>689.4</ele></trkpt><trkpt lat="37.928621" lon="-122.583752"><ele>688.2</ele></trkpt><trkpt lat="37.928558" lon="-122.583671"><ele>687.3</ele></trkpt><trkpt lat="37.928377" lon="-122.583476"><ele>685.0</ele></trkpt><trkpt lat="37.928220" lon="-122.583300"><ele>685.7</ele></trkpt><trkpt lat="37.928031" lon="-122.583077"><ele>686.8</ele></trkpt><trkpt lat="37.927809" lon="-122.582794"><ele>688.3</ele></trkpt><trkpt lat="37.927675" lon="-122.582614"><ele>690.1</ele></trkpt><trkpt lat="37.927589" lon="-122.582453"><ele>691.5</ele></trkpt><trkpt lat="37.927515" lon="-122.582233"><ele>693.2</ele></trkpt><trkpt lat="37.927464" lon="-122.581942"><ele>695.5</ele></trkpt><trkpt lat="37.927405" lon="-122.581242"><ele>701.9</ele></trkpt><trkpt lat="37.927351" lon="-122.580841"><ele>705.1</ele></trkpt><trkpt lat="37.927338" lon="-122.580651"><ele>706.5</ele></trkpt><trkpt lat="37.927321" lon="-122.580395"><ele>708.5</ele></trkpt><trkpt lat="37.927298" lon="-122.580337"><ele>709.0</ele></trkpt><trkpt lat="37.927262" lon="-122.580270"><ele>709.6</ele></trkpt><trkpt lat="37.927240" lon="-122.580219"><ele>709.8</ele></trkpt><trkpt lat="37.927239" lon="-122.580147"><ele>710.1</ele></trkpt><trkpt lat="37.927291" lon="-122.579915"><ele>711.1</ele></trkpt><trkpt lat="37.927349" lon="-122.579852"><ele>711.5</ele></trkpt><trkpt lat="37.927396" lon="-122.579884"><ele>711.8</ele></trkpt><trkpt lat="37.927416" lon="-122.579858"><ele>711.9</ele></trkpt><trkpt lat="37.927435" lon="-122.579629"><ele>712.9</ele></trkpt><trkpt lat="37.927438" lon="-122.579602"><ele>713.0</ele></trkpt><trkpt lat="37.927475" lon="-122.579646"><ele>713.2</ele></trkpt><trkpt lat="37.927509" lon="-122.579665"><ele>713.3</ele></trkpt><trkpt lat="37.927507" lon="-122.579676"><ele>713.3</ele></trkpt><trkpt lat="37.927498" lon="-122.579750"><ele>713.5</ele></trkpt><trkpt lat="37.927534" lon="-122.579813"><ele>713.7</ele></trkpt><trkpt lat="37.927600" lon="-122.579823"><ele>713.8</ele></trkpt><trkpt lat="37.927599" lon="-122.579837"><ele>713.8</ele></trkpt><trkpt lat="37.927592" lon="-122.579836"><ele>713.9</ele></trkpt><trkpt lat="37.927585" lon="-122.579886"><ele>714.0</ele></trkpt><trkpt lat="37.927617" lon="-122.579893"><ele>714.0</ele></trkpt><trkpt lat="37.927585" lon="-122.579886"><ele>714.1</ele></trkpt><trkpt lat="37.927592" lon="-122.579836"><ele>714.2</ele></trkpt><trkpt lat="37.927599" lon="-122.579837"><ele>714.2</ele></trkpt><trkpt lat="37.927600" lon="-122.579823"><ele>714.3</ele></trkpt><trkpt lat="37.927534" lon="-122.579813"><ele>714.4</ele></trkpt><trkpt lat="37.927498" lon="-122.579750"><ele>714.6</ele></trkpt><trkpt lat="37.927507" lon="-122.579676"><ele>714.7</ele></trkpt><trkpt lat="37.927509" lon="-122.579665"><ele>714.8</ele></trkpt><trkpt lat="37.927475" lon="-122.579646"><ele>714.9</ele></trkpt><trkpt lat="37.927438" lon="-122.579602"><ele>715.0</ele></trkpt><trkpt lat="37.927465" lon="-122.579549"><ele>714.9</ele></trkpt><trkpt lat="37.927501" lon="-122.579465"><ele>714.4</ele></trkpt><trkpt lat="37.927459" lon="-122.579482"><ele>714.0</ele></trkpt><trkpt lat="37.927419" lon="-122.579498"><ele>713.7</ele></trkpt><trkpt lat="37.927358" lon="-122.579526"><ele>713.3</ele></trkpt><trkpt lat="37.927303" lon="-122.579566"><ele>712.8</ele></trkpt><trkpt lat="37.927236" lon="-122.579656"><ele>712.1</ele></trkpt><trkpt lat="37.927034" lon="-122.579964"><ele>709.9</ele></trkpt><trkpt lat="37.926890" lon="-122.579947"><ele>708.0</ele></trkpt><trkpt lat="37.926808" lon="-122.579949"><ele>706.9</ele></trkpt><trkpt lat="37.926722" lon="-122.579953"><ele>705.8</ele></trkpt><trkpt lat="37.926693" lon="-122.579955"><ele>705.4</ele></trkpt><trkpt lat="37.926671" lon="-122.579945"><ele>705.1</ele></trkpt><trkpt lat="37.926660" lon="-122.579927"><ele>704.9</ele></trkpt><trkpt lat="37.926649" lon="-122.579897"><ele>704.6</ele></trkpt><trkpt lat="37.926619" lon="-122.579867"><ele>704.1</ele></trkpt><trkpt lat="37.926574" lon="-122.579822"><ele>703.3</ele></trkpt><trkpt lat="37.926543" lon="-122.579819"><ele>702.9</ele></trkpt><trkpt lat="37.926493" lon="-122.579800"><ele>702.2</ele></trkpt><trkpt lat="37.926451" lon="-122.579797"><ele>701.7</ele></trkpt><trkpt lat="37.926411" lon="-122.579795"><ele>701.2</ele></trkpt><trkpt lat="37.926381" lon="-122.579788"><ele>700.8</ele></trkpt><trkpt lat="37.926349" lon="-122.579791"><ele>700.3</ele></trkpt><trkpt lat="37.926309" lon="-122.579776"><ele>698.9</ele></trkpt><trkpt lat="37.926279" lon="-122.579758"><ele>697.9</ele></trkpt><trkpt lat="37.926237" lon="-122.579743"><ele>696.5</ele></trkpt><trkpt lat="37.926194" lon="-122.579765"><ele>695.0</ele></trkpt><trkpt lat="37.926178" lon="-122.579782"><ele>694.3</ele></trkpt><trkpt lat="37.926155" lon="-122.579791"><ele>693.5</ele></trkpt><trkpt lat="37.926134" lon="-122.579792"><ele>692.9</ele></trkpt><trkpt lat="37.926114" lon="-122.579795"><ele>692.2</ele></trkpt><trkpt lat="37.926098" lon="-122.579812"><ele>691.5</ele></trkpt><trkpt lat="37.926086" lon="-122.579828"><ele>691.0</ele></trkpt><trkpt lat="37.926068" lon="-122.579838"><ele>690.4</ele></trkpt><trkpt lat="37.926051" lon="-122.579841"><ele>689.8</ele></trkpt><trkpt lat="37.926026" lon="-122.579858"><ele>688.9</ele></trkpt><trkpt lat="37.925993" lon="-122.579860"><ele>687.8</ele></trkpt><trkpt lat="37.925949" lon="-122.579872"><ele>686.4</ele></trkpt><trkpt lat="37.925926" lon="-122.579883"><ele>685.6</ele></trkpt><trkpt lat="37.925898" lon="-122.579882"><ele>684.7</ele></trkpt><trkpt lat="37.925876" lon="-122.579896"><ele>683.9</ele></trkpt><trkpt lat="37.925859" lon="-122.579897"><ele>683.4</ele></trkpt><trkpt lat="37.925838" lon="-122.579912"><ele>682.6</ele></trkpt><trkpt lat="37.925823" lon="-122.579920"><ele>682.1</ele></trkpt><trkpt lat="37.925796" lon="-122.579926"><ele>681.2</ele></trkpt><trkpt lat="37.925773" lon="-122.579941"><ele>680.4</ele></trkpt><trkpt lat="37.925750" lon="-122.579949"><ele>679.6</ele></trkpt><trkpt lat="37.925731" lon="-122.579951"><ele>679.0</ele></trkpt><trkpt lat="37.925712" lon="-122.579953"><ele>678.4</ele></trkpt><trkpt lat="37.925696" lon="-122.579954"><ele>677.9</ele></trkpt><trkpt lat="37.925682" lon="-122.579953"><ele>677.5</ele></trkpt><trkpt lat="37.925662" lon="-122.579947"><ele>677.0</ele></trkpt><trkpt lat="37.925643" lon="-122.579949"><ele>676.5</ele></trkpt><trkpt lat="37.925606" lon="-122.579973"><ele>675.5</ele></trkpt><trkpt lat="37.925545" lon="-122.579994"><ele>673.9</ele></trkpt><trkpt lat="37.925470" lon="-122.580013"><ele>672.1</ele></trkpt><trkpt lat="37.925424" lon="-122.580028"><ele>670.9</ele></trkpt><trkpt lat="37.925397" lon="-122.580047"><ele>670.2</ele></trkpt><trkpt lat="37.925355" lon="-122.580059"><ele>669.1</ele></trkpt><trkpt lat="37.925320" lon="-122.580062"><ele>668.3</ele></trkpt><trkpt lat="37.925271" lon="-122.580073"><ele>667.1</ele></trkpt><trkpt lat="37.925229" lon="-122.580075"><ele>666.1</ele></trkpt><trkpt lat="37.925198" lon="-122.580081"><ele>665.3</ele></trkpt><trkpt lat="37.925151" lon="-122.580081"><ele>664.2</ele></trkpt><trkpt lat="37.925133" lon="-122.580090"><ele>663.7</ele></trkpt><trkpt lat="37.925112" lon="-122.580097"><ele>663.2</ele></trkpt><trkpt lat="37.925094" lon="-122.580097"><ele>662.7</ele></trkpt><trkpt lat="37.925072" lon="-122.580102"><ele>662.2</ele></trkpt><trkpt lat="37.925057" lon="-122.580111"><ele>661.8</ele></trkpt><trkpt lat="37.925040" lon="-122.580108"><ele>661.4</ele></trkpt><trkpt lat="37.925021" lon="-122.580096"><ele>660.8</ele></trkpt><trkpt lat="37.925003" lon="-122.580093"><ele>660.4</ele></trkpt><trkpt lat="37.924981" lon="-122.580091"><ele>659.9</ele></trkpt><trkpt lat="37.924960" lon="-122.580082"><ele>659.5</ele></trkpt><trkpt lat="37.924946" lon="-122.580072"><ele>659.2</ele></trkpt><trkpt lat="37.924919" lon="-122.580071"><ele>658.8</ele></trkpt><trkpt lat="37.924899" lon="-122.580065"><ele>658.4</ele></trkpt><trkpt lat="37.924877" lon="-122.580066"><ele>658.1</ele></trkpt><trkpt lat="37.924858" lon="-122.580064"><ele>657.7</ele></trkpt><trkpt lat="37.924845" lon="-122.580054"><ele>657.5</ele></trkpt><trkpt lat="37.924833" lon="-122.580039"><ele>657.2</ele></trkpt><trkpt lat="37.924817" lon="-122.580039"><ele>656.9</ele></trkpt><trkpt lat="37.924799" lon="-122.580038"><ele>656.6</ele></trkpt><trkpt lat="37.924781" lon="-122.580027"><ele>656.3</ele></trkpt><trkpt lat="37.924766" lon="-122.580029"><ele>656.0</ele></trkpt><trkpt lat="37.924753" lon="-122.580038"><ele>655.8</ele></trkpt><trkpt lat="37.924722" lon="-122.580041"><ele>655.3</ele></trkpt><trkpt lat="37.924697" lon="-122.580042"><ele>654.9</ele></trkpt><trkpt lat="37.924678" lon="-122.580053"><ele>654.5</ele></trkpt><trkpt lat="37.924648" lon="-122.580053"><ele>654.0</ele></trkpt><trkpt lat="37.924631" lon="-122.580060"><ele>653.7</ele></trkpt><trkpt lat="37.924616" lon="-122.580072"><ele>653.4</ele></trkpt><trkpt lat="37.924593" lon="-122.580082"><ele>653.0</ele></trkpt><trkpt lat="37.924562" lon="-122.580076"><ele>652.5</ele></trkpt><trkpt lat="37.924536" lon="-122.580078"><ele>652.0</ele></trkpt><trkpt lat="37.924507" lon="-122.580085"><ele>651.5</ele></trkpt><trkpt lat="37.924483" lon="-122.580086"><ele>651.1</ele></trkpt><trkpt lat="37.924451" lon="-122.580107"><ele>650.5</ele></trkpt><trkpt lat="37.924423" lon="-122.580126"><ele>650.0</ele></trkpt><trkpt lat="37.924386" lon="-122.580140"><ele>649.4</ele></trkpt><trkpt lat="37.924346" lon="-122.580157"><ele>648.7</ele></trkpt><trkpt lat="37.924310" lon="-122.580172"><ele>648.0</ele></trkpt><trkpt lat="37.924279" lon="-122.580173"><ele>647.8</ele></trkpt><trkpt lat="37.924264" lon="-122.580164"><ele>647.8</ele></trkpt><trkpt lat="37.924242" lon="-122.580168"><ele>647.9</ele></trkpt><trkpt lat="37.924212" lon="-122.580174"><ele>648.0</ele></trkpt><trkpt lat="37.924148" lon="-122.580170"><ele>648.3</ele></trkpt><trkpt lat="37.924100" lon="-122.580175"><ele>648.5</ele></trkpt><trkpt lat="37.924061" lon="-122.580175"><ele>648.7</ele></trkpt><trkpt lat="37.924038" lon="-122.580182"><ele>648.8</ele></trkpt><trkpt lat="37.923968" lon="-122.580183"><ele>649.1</ele></trkpt><trkpt lat="37.923888" lon="-122.580183"><ele>649.4</ele></trkpt><trkpt lat="37.923814" lon="-122.580183"><ele>649.8</ele></trkpt><trkpt lat="37.923787" lon="-122.580187"><ele>649.9</ele></trkpt><trkpt lat="37.923736" lon="-122.580186"><ele>650.1</ele></trkpt><trkpt lat="37.923691" lon="-122.580178"><ele>650.3</ele></trkpt><trkpt lat="37.923660" lon="-122.580175"><ele>650.4</ele></trkpt><trkpt lat="37.923643" lon="-122.580186"><ele>650.5</ele></trkpt><trkpt lat="37.923615" lon="-122.580192"><ele>650.6</ele></trkpt><trkpt lat="37.923591" lon="-122.580198"><ele>650.7</ele></trkpt><trkpt lat="37.923552" lon="-122.580202"><ele>650.2</ele></trkpt><trkpt lat="37.923506" lon="-122.580226"><ele>649.4</ele></trkpt><trkpt lat="37.923489" lon="-122.580245"><ele>649.0</ele></trkpt><trkpt lat="37.923461" lon="-122.580269"><ele>648.5</ele></trkpt><trkpt lat="37.923415" lon="-122.580289"><ele>647.7</ele></trkpt><trkpt lat="37.923388" lon="-122.580311"><ele>647.2</ele></trkpt><trkpt lat="37.923363" lon="-122.580308"><ele>646.7</ele></trkpt><trkpt lat="37.923332" lon="-122.580332"><ele>646.2</ele></trkpt><trkpt lat="37.923283" lon="-122.580374"><ele>645.2</ele></trkpt><trkpt lat="37.923235" lon="-122.580412"><ele>644.3</ele></trkpt><trkpt lat="37.923167" lon="-122.580464"><ele>643.0</ele></trkpt><trkpt lat="37.923148" lon="-122.580492"><ele>642.5</ele></trkpt><trkpt lat="37.923120" lon="-122.580510"><ele>642.0</ele></trkpt><trkpt lat="37.923108" lon="-122.580528"><ele>641.7</ele></trkpt><trkpt lat="37.923096" lon="-122.580558"><ele>641.2</ele></trkpt><trkpt lat="37.923076" lon="-122.580589"><ele>640.7</ele></trkpt><trkpt lat="37.923040" lon="-122.580638"><ele>639.8</ele></trkpt><trkpt lat="37.922998" lon="-122.580674"><ele>639.0</ele></trkpt><trkpt lat="37.922979" lon="-122.580707"><ele>638.0</ele></trkpt><trkpt lat="37.922977" lon="-122.580737"><ele>637.1</ele></trkpt><trkpt lat="37.922965" lon="-122.580761"><ele>636.3</ele></trkpt><trkpt lat="37.922931" lon="-122.580770"><ele>635.0</ele></trkpt><trkpt lat="37.922797" lon="-122.580816"><ele>629.9</ele></trkpt><trkpt lat="37.922750" lon="-122.580826"><ele>628.1</ele></trkpt><trkpt lat="37.922695" lon="-122.580844"><ele>626.1</ele></trkpt><trkpt lat="37.922523" lon="-122.580867"><ele>619.7</ele></trkpt><trkpt lat="37.922441" lon="-122.580873"><ele>616.7</ele></trkpt><trkpt lat="37.922341" lon="-122.580878"><ele>613.0</ele></trkpt><trkpt lat="37.922267" lon="-122.580857"><ele>610.0</ele></trkpt><trkpt lat="37.922213" lon="-122.580831"><ele>607.7</ele></trkpt><trkpt lat="37.922163" lon="-122.580841"><ele>605.6</ele></trkpt><trkpt lat="37.922106" lon="-122.580898"><ele>602.7</ele></trkpt><trkpt lat="37.922056" lon="-122.580898"><ele>600.7</ele></trkpt><trkpt lat="37.922016" lon="-122.580860"><ele>598.7</ele></trkpt><trkpt lat="37.921973" lon="-122.580851"><ele>596.9</ele></trkpt><trkpt lat="37.921906" lon="-122.580856"><ele>594.2</ele></trkpt><trkpt lat="37.921830" lon="-122.580853"><ele>591.2</ele></trkpt><trkpt lat="37.921752" lon="-122.580840"><ele>588.0</ele></trkpt><trkpt lat="37.921690" lon="-122.580850"><ele>585.5</ele></trkpt><trkpt lat="37.921577" lon="-122.580854"><ele>581.0</ele></trkpt><trkpt lat="37.921446" lon="-122.580861"><ele>576.0</ele></trkpt><trkpt lat="37.921341" lon="-122.580864"><ele>572.0</ele></trkpt><trkpt lat="37.921274" lon="-122.580888"><ele>569.3</ele></trkpt><trkpt lat="37.921188" lon="-122.580894"><ele>566.0</ele></trkpt><trkpt lat="37.921095" lon="-122.580898"><ele>562.4</ele></trkpt><trkpt lat="37.921049" lon="-122.580894"><ele>560.6</ele></trkpt><trkpt lat="37.921000" lon="-122.580861"><ele>558.5</ele></trkpt><trkpt lat="37.920914" lon="-122.580883"><ele>555.2</ele></trkpt><trkpt lat="37.920836" lon="-122.580896"><ele>552.9</ele></trkpt><trkpt lat="37.920759" lon="-122.580941"><ele>550.5</ele></trkpt><trkpt lat="37.920515" lon="-122.581072"><ele>543.0</ele></trkpt><trkpt lat="37.920332" lon="-122.581160"><ele>537.4</ele></trkpt><trkpt lat="37.920187" lon="-122.581240"><ele>532.1</ele></trkpt><trkpt lat="37.920111" lon="-122.581266"><ele>528.8</ele></trkpt><trkpt lat="37.920055" lon="-122.581273"><ele>526.5</ele></trkpt><trkpt lat="37.920014" lon="-122.581274"><ele>524.8</ele></trkpt><trkpt lat="37.919983" lon="-122.581283"><ele>523.5</ele></trkpt><trkpt lat="37.919977" lon="-122.581309"><ele>522.6</ele></trkpt><trkpt lat="37.919952" lon="-122.581324"><ele>521.4</ele></trkpt><trkpt lat="37.919880" lon="-122.581313"><ele>518.4</ele></trkpt><trkpt lat="37.919742" lon="-122.581272"><ele>512.5</ele></trkpt><trkpt lat="37.919652" lon="-122.581263"><ele>508.8</ele></trkpt><trkpt lat="37.919587" lon="-122.581261"><ele>506.1</ele></trkpt><trkpt lat="37.919555" lon="-122.581248"><ele>504.7</ele></trkpt><trkpt lat="37.919529" lon="-122.581250"><ele>503.6</ele></trkpt><trkpt lat="37.919488" lon="-122.581245"><ele>501.9</ele></trkpt><trkpt lat="37.919445" lon="-122.581255"><ele>500.0</ele></trkpt><trkpt lat="37.919252" lon="-122.581255"><ele>491.9</ele></trkpt><trkpt lat="37.918882" lon="-122.581236"><ele>476.2</ele></trkpt><trkpt lat="37.918724" lon="-122.581251"><ele>472.6</ele></trkpt><trkpt lat="37.918575" lon="-122.581309"><ele>470.3</ele></trkpt><trkpt lat="37.918474" lon="-122.581328"><ele>468.8</ele></trkpt><trkpt lat="37.918418" lon="-122.581330"><ele>468.0</ele></trkpt><trkpt lat="37.918375" lon="-122.581326"><ele>467.4</ele></trkpt><trkpt lat="37.918333" lon="-122.581316"><ele>466.8</ele></trkpt><trkpt lat="37.918303" lon="-122.581288"><ele>466.2</ele></trkpt><trkpt lat="37.918267" lon="-122.581235"><ele>465.4</ele></trkpt><trkpt lat="37.918204" lon="-122.581179"><ele>464.3</ele></trkpt><trkpt lat="37.918146" lon="-122.581128"><ele>463.6</ele></trkpt><trkpt lat="37.918206" lon="-122.581079"><ele>463.6</ele></trkpt><trkpt lat="37.918282" lon="-122.581022"><ele>463.5</ele></trkpt><trkpt lat="37.918326" lon="-122.580984"><ele>463.5</ele></trkpt><trkpt lat="37.918359" lon="-122.580941"><ele>463.5</ele></trkpt><trkpt lat="37.918389" lon="-122.580887"><ele>463.5</ele></trkpt><trkpt lat="37.918418" lon="-122.580824"><ele>463.4</ele></trkpt><trkpt lat="37.918454" lon="-122.580713"><ele>463.4</ele></trkpt><trkpt lat="37.918495" lon="-122.580615"><ele>463.4</ele></trkpt><trkpt lat="37.918529" lon="-122.580559"><ele>463.3</ele></trkpt><trkpt lat="37.918570" lon="-122.580514"><ele>463.3</ele></trkpt><trkpt lat="37.918641" lon="-122.580461"><ele>464.0</ele></trkpt><trkpt lat="37.918758" lon="-122.580352"><ele>466.5</ele></trkpt><trkpt lat="37.918842" lon="-122.580241"><ele>468.5</ele></trkpt><trkpt lat="37.918885" lon="-122.580198"><ele>469.4</ele></trkpt><trkpt lat="37.918947" lon="-122.580146"><ele>470.7</ele></trkpt><trkpt lat="37.919026" lon="-122.580086"><ele>472.2</ele></trkpt><trkpt lat="37.919134" lon="-122.580032"><ele>474.1</ele></trkpt><trkpt lat="37.919248" lon="-122.579960"><ele>474.5</ele></trkpt><trkpt lat="37.919327" lon="-122.579894"><ele>473.5</ele></trkpt><trkpt lat="37.919374" lon="-122.579830"><ele>472.7</ele></trkpt><trkpt lat="37.919409" lon="-122.579771"><ele>472.1</ele></trkpt><trkpt lat="37.919438" lon="-122.579700"><ele>471.4</ele></trkpt><trkpt lat="37.919453" lon="-122.579608"><ele>470.6</ele></trkpt><trkpt lat="37.919458" lon="-122.579506"><ele>469.7</ele></trkpt><trkpt lat="37.919467" lon="-122.579431"><ele>469.0</ele></trkpt><trkpt lat="37.919489" lon="-122.579373"><ele>468.5</ele></trkpt><trkpt lat="37.919512" lon="-122.579320"><ele>467.9</ele></trkpt><trkpt lat="37.919597" lon="-122.579213"><ele>467.2</ele></trkpt><trkpt lat="37.919690" lon="-122.579126"><ele>467.0</ele></trkpt><trkpt lat="37.919741" lon="-122.579058"><ele>466.9</ele></trkpt><trkpt lat="37.919775" lon="-122.578998"><ele>466.9</ele></trkpt><trkpt lat="37.919788" lon="-122.578952"><ele>466.8</ele></trkpt><trkpt lat="37.919791" lon="-122.578909"><ele>466.8</ele></trkpt><trkpt lat="37.919786" lon="-122.578852"><ele>466.7</ele></trkpt><trkpt lat="37.919774" lon="-122.578799"><ele>466.7</ele></trkpt><trkpt lat="37.919718" lon="-122.578670"><ele>466.5</ele></trkpt><trkpt lat="37.919701" lon="-122.578621"><ele>466.5</ele></trkpt><trkpt lat="37.919691" lon="-122.578567"><ele>466.4</ele></trkpt><trkpt lat="37.919689" lon="-122.578513"><ele>466.4</ele></trkpt><trkpt lat="37.919694" lon="-122.578466"><ele>465.8</ele></trkpt><trkpt lat="37.919708" lon="-122.578427"><ele>465.1</ele></trkpt><trkpt lat="37.919732" lon="-122.578391"><ele>464.4</ele></trkpt><trkpt lat="37.919763" lon="-122.578351"><ele>463.5</ele></trkpt><trkpt lat="37.919802" lon="-122.578318"><ele>462.5</ele></trkpt><trkpt lat="37.919953" lon="-122.578254"><ele>459.2</ele></trkpt><trkpt lat="37.920018" lon="-122.578214"><ele>457.7</ele></trkpt><trkpt lat="37.920055" lon="-122.578184"><ele>456.8</ele></trkpt><trkpt lat="37.920076" lon="-122.578156"><ele>456.2</ele></trkpt><trkpt lat="37.920093" lon="-122.578118"><ele>455.5</ele></trkpt><trkpt lat="37.920097" lon="-122.578077"><ele>454.8</ele></trkpt><trkpt lat="37.920096" lon="-122.578022"><ele>453.9</ele></trkpt><trkpt lat="37.920088" lon="-122.577970"><ele>453.1</ele></trkpt><trkpt lat="37.920070" lon="-122.577914"><ele>452.1</ele></trkpt><trkpt lat="37.920036" lon="-122.577847"><ele>450.8</ele></trkpt><trkpt lat="37.920002" lon="-122.577799"><ele>449.6</ele></trkpt><trkpt lat="37.919958" lon="-122.577756"><ele>448.4</ele></trkpt><trkpt lat="37.919863" lon="-122.577682"><ele>446.0</ele></trkpt><trkpt lat="37.919765" lon="-122.577624"><ele>443.6</ele></trkpt><trkpt lat="37.919648" lon="-122.577550"><ele>440.8</ele></trkpt><trkpt lat="37.919484" lon="-122.577466"><ele>436.9</ele></trkpt><trkpt lat="37.919409" lon="-122.577423"><ele>435.3</ele></trkpt><trkpt lat="37.919315" lon="-122.577341"><ele>433.2</ele></trkpt><trkpt lat="37.919220" lon="-122.577237"><ele>430.9</ele></trkpt><trkpt lat="37.919104" lon="-122.577155"><ele>428.5</ele></trkpt><trkpt lat="37.919021" lon="-122.577091"><ele>426.8</ele></trkpt><trkpt lat="37.918979" lon="-122.577041"><ele>425.7</ele></trkpt><trkpt lat="37.918958" lon="-122.576999"><ele>425.0</ele></trkpt><trkpt lat="37.918942" lon="-122.576947"><ele>424.2</ele></trkpt><trkpt lat="37.918936" lon="-122.576888"><ele>423.4</ele></trkpt><trkpt lat="37.918941" lon="-122.576835"><ele>422.7</ele></trkpt><trkpt lat="37.918960" lon="-122.576778"><ele>422.2</ele></trkpt><trkpt lat="37.918987" lon="-122.576730"><ele>421.7</ele></trkpt><trkpt lat="37.919024" lon="-122.576684"><ele>421.2</ele></trkpt><trkpt lat="37.919073" lon="-122.576649"><ele>420.6</ele></trkpt><trkpt lat="37.919147" lon="-122.576601"><ele>419.8</ele></trkpt><trkpt lat="37.919314" lon="-122.576521"><ele>418.0</ele></trkpt><trkpt lat="37.919374" lon="-122.576489"><ele>417.3</ele></trkpt><trkpt lat="37.919430" lon="-122.576448"><ele>416.7</ele></trkpt><trkpt lat="37.919480" lon="-122.576382"><ele>416.0</ele></trkpt><trkpt lat="37.919495" lon="-122.576334"><ele>415.5</ele></trkpt><trkpt lat="37.919501" lon="-122.576281"><ele>415.8</ele></trkpt><trkpt lat="37.919499" lon="-122.576226"><ele>416.3</ele></trkpt><trkpt lat="37.919460" lon="-122.576093"><ele>417.5</ele></trkpt><trkpt lat="37.919450" lon="-122.576039"><ele>417.9</ele></trkpt><trkpt lat="37.919452" lon="-122.575989"><ele>418.3</ele></trkpt><trkpt lat="37.919457" lon="-122.575942"><ele>418.8</ele></trkpt><trkpt lat="37.919471" lon="-122.575896"><ele>419.2</ele></trkpt><trkpt lat="37.919496" lon="-122.575847"><ele>419.7</ele></trkpt><trkpt lat="37.919526" lon="-122.575815"><ele>420.1</ele></trkpt><trkpt lat="37.919569" lon="-122.575779"><ele>420.6</ele></trkpt><trkpt lat="37.919806" lon="-122.575647"><ele>422.6</ele></trkpt><trkpt lat="37.920040" lon="-122.575513"><ele>419.2</ele></trkpt><trkpt lat="37.920233" lon="-122.575396"><ele>416.3</ele></trkpt><trkpt lat="37.920281" lon="-122.575377"><ele>415.6</ele></trkpt><trkpt lat="37.920396" lon="-122.575335"><ele>414.0</ele></trkpt><trkpt lat="37.920487" lon="-122.575302"><ele>413.1</ele></trkpt><trkpt lat="37.920533" lon="-122.575274"><ele>412.9</ele></trkpt><trkpt lat="37.920584" lon="-122.575221"><ele>412.6</ele></trkpt><trkpt lat="37.920632" lon="-122.575145"><ele>412.2</ele></trkpt><trkpt lat="37.920662" lon="-122.575065"><ele>411.9</ele></trkpt><trkpt lat="37.920681" lon="-122.574990"><ele>411.6</ele></trkpt><trkpt lat="37.920681" lon="-122.574908"><ele>411.3</ele></trkpt><trkpt lat="37.920647" lon="-122.574814"><ele>410.9</ele></trkpt><trkpt lat="37.920584" lon="-122.574745"><ele>410.6</ele></trkpt><trkpt lat="37.920462" lon="-122.574663"><ele>409.8</ele></trkpt><trkpt lat="37.920419" lon="-122.574619"><ele>408.9</ele></trkpt><trkpt lat="37.920386" lon="-122.574567"><ele>408.1</ele></trkpt><trkpt lat="37.920365" lon="-122.574498"><ele>407.2</ele></trkpt><trkpt lat="37.920356" lon="-122.574443"><ele>406.5</ele></trkpt><trkpt lat="37.920349" lon="-122.574368"><ele>405.5</ele></trkpt><trkpt lat="37.920365" lon="-122.574119"><ele>402.3</ele></trkpt><trkpt lat="37.920367" lon="-122.573904"><ele>399.6</ele></trkpt><trkpt lat="37.920377" lon="-122.573678"><ele>396.9</ele></trkpt><trkpt lat="37.920396" lon="-122.573376"><ele>393.6</ele></trkpt><trkpt lat="37.920395" lon="-122.573278"><ele>392.5</ele></trkpt><trkpt lat="37.920389" lon="-122.573227"><ele>391.9</ele></trkpt><trkpt lat="37.920371" lon="-122.573172"><ele>391.2</ele></trkpt><trkpt lat="37.920346" lon="-122.573121"><ele>390.5</ele></trkpt><trkpt lat="37.920317" lon="-122.573080"><ele>389.9</ele></trkpt><trkpt lat="37.920279" lon="-122.573047"><ele>389.3</ele></trkpt><trkpt lat="37.920235" lon="-122.573024"><ele>388.6</ele></trkpt><trkpt lat="37.920196" lon="-122.573012"><ele>388.0</ele></trkpt><trkpt lat="37.920153" lon="-122.573007"><ele>387.2</ele></trkpt><trkpt lat="37.920257" lon="-122.572901"><ele>384.7</ele></trkpt><trkpt lat="37.920302" lon="-122.572868"><ele>383.7</ele></trkpt><trkpt lat="37.920324" lon="-122.572780"><ele>382.4</ele></trkpt><trkpt lat="37.920349" lon="-122.572705"><ele>381.2</ele></trkpt><trkpt lat="37.920401" lon="-122.572632"><ele>379.8</ele></trkpt><trkpt lat="37.920425" lon="-122.572572"><ele>378.8</ele></trkpt><trkpt lat="37.920514" lon="-122.572320"><ele>374.7</ele></trkpt><trkpt lat="37.920567" lon="-122.572192"><ele>372.4</ele></trkpt><trkpt lat="37.920641" lon="-122.572032"><ele>369.3</ele></trkpt><trkpt lat="37.920698" lon="-122.571866"><ele>366.4</ele></trkpt><trkpt lat="37.920712" lon="-122.571808"><ele>365.4</ele></trkpt><trkpt lat="37.920755" lon="-122.571746"><ele>364.1</ele></trkpt><trkpt lat="37.920837" lon="-122.571529"><ele>360.2</ele></trkpt><trkpt lat="37.920884" lon="-122.571398"><ele>358.2</ele></trkpt><trkpt lat="37.920940" lon="-122.571270"><ele>356.3</ele></trkpt><trkpt lat="37.920972" lon="-122.571168"><ele>354.8</ele></trkpt><trkpt lat="37.921012" lon="-122.571060"><ele>353.3</ele></trkpt><trkpt lat="37.921054" lon="-122.570996"><ele>352.2</ele></trkpt><trkpt lat="37.921072" lon="-122.570942"><ele>351.4</ele></trkpt><trkpt lat="37.921105" lon="-122.570862"><ele>350.2</ele></trkpt><trkpt lat="37.921158" lon="-122.570792"><ele>348.9</ele></trkpt><trkpt lat="37.921211" lon="-122.570704"><ele>347.6</ele></trkpt><trkpt lat="37.921243" lon="-122.570615"><ele>346.7</ele></trkpt><trkpt lat="37.921241" lon="-122.570534"><ele>345.9</ele></trkpt><trkpt lat="37.921223" lon="-122.570440"><ele>345.0</ele></trkpt><trkpt lat="37.921194" lon="-122.570328"><ele>343.8</ele></trkpt><trkpt lat="37.921165" lon="-122.570192"><ele>342.5</ele></trkpt><trkpt lat="37.921213" lon="-122.570173"><ele>341.9</ele></trkpt><trkpt lat="37.921293" lon="-122.570106"><ele>340.7</ele></trkpt><trkpt lat="37.921353" lon="-122.569990"><ele>339.4</ele></trkpt><trkpt lat="37.921398" lon="-122.569818"><ele>338.3</ele></trkpt><trkpt lat="37.921445" lon="-122.569646"><ele>337.4</ele></trkpt><trkpt lat="37.921463" lon="-122.569498"><ele>336.6</ele></trkpt><trkpt lat="37.921444" lon="-122.569407"><ele>336.1</ele></trkpt><trkpt lat="37.921413" lon="-122.569311"><ele>335.5</ele></trkpt><trkpt lat="37.921281" lon="-122.568975"><ele>334.0</ele></trkpt><trkpt lat="37.921240" lon="-122.568846"><ele>333.7</ele></trkpt><trkpt lat="37.921228" lon="-122.568749"><ele>333.4</ele></trkpt><trkpt lat="37.921237" lon="-122.568672"><ele>333.3</ele></trkpt><trkpt lat="37.921274" lon="-122.568405"><ele>332.6</ele></trkpt><trkpt lat="37.921261" lon="-122.568271"><ele>332.3</ele></trkpt><trkpt lat="37.921216" lon="-122.568176"><ele>331.5</ele></trkpt><trkpt lat="37.921108" lon="-122.568070"><ele>329.7</ele></trkpt><trkpt lat="37.921001" lon="-122.567933"><ele>327.6</ele></trkpt><trkpt lat="37.920930" lon="-122.567661"><ele>324.6</ele></trkpt><trkpt lat="37.920911" lon="-122.567600"><ele>323.9</ele></trkpt><trkpt lat="37.920880" lon="-122.567556"><ele>323.3</ele></trkpt><trkpt lat="37.920838" lon="-122.567516"><ele>322.6</ele></trkpt><trkpt lat="37.920772" lon="-122.567472"><ele>321.8</ele></trkpt><trkpt lat="37.920662" lon="-122.567408"><ele>320.3</ele></trkpt><trkpt lat="37.920592" lon="-122.567352"><ele>319.4</ele></trkpt><trkpt lat="37.920546" lon="-122.567298"><ele>318.6</ele></trkpt><trkpt lat="37.920509" lon="-122.567226"><ele>317.8</ele></trkpt><trkpt lat="37.920485" lon="-122.567142"><ele>317.0</ele></trkpt><trkpt lat="37.920479" lon="-122.567048"><ele>316.1</ele></trkpt><trkpt lat="37.920488" lon="-122.566937"><ele>315.1</ele></trkpt><trkpt lat="37.920551" lon="-122.566613"><ele>311.2</ele></trkpt><trkpt lat="37.920627" lon="-122.566281"><ele>307.0</ele></trkpt><trkpt lat="37.920646" lon="-122.566171"><ele>305.6</ele></trkpt><trkpt lat="37.920653" lon="-122.566080"><ele>304.5</ele></trkpt><trkpt lat="37.920649" lon="-122.565993"><ele>303.4</ele></trkpt><trkpt lat="37.920632" lon="-122.565919"><ele>302.6</ele></trkpt><trkpt lat="37.920601" lon="-122.565850"><ele>302.0</ele></trkpt><trkpt lat="37.920555" lon="-122.565794"><ele>301.4</ele></trkpt><trkpt lat="37.920508" lon="-122.565729"><ele>300.7</ele></trkpt><trkpt lat="37.920471" lon="-122.565649"><ele>300.0</ele></trkpt><trkpt lat="37.920445" lon="-122.565573"><ele>299.3</ele></trkpt><trkpt lat="37.920425" lon="-122.565491"><ele>298.7</ele></trkpt><trkpt lat="37.920398" lon="-122.565417"><ele>298.0</ele></trkpt><trkpt lat="37.920361" lon="-122.565364"><ele>297.5</ele></trkpt><trkpt lat="37.920319" lon="-122.565313"><ele>296.9</ele></trkpt><trkpt lat="37.920275" lon="-122.565270"><ele>296.4</ele></trkpt><trkpt lat="37.920219" lon="-122.565232"><ele>295.7</ele></trkpt><trkpt lat="37.920084" lon="-122.565174"><ele>293.7</ele></trkpt><trkpt lat="37.920032" lon="-122.565132"><ele>292.8</ele></trkpt><trkpt lat="37.919992" lon="-122.565087"><ele>292.1</ele></trkpt><trkpt lat="37.919955" lon="-122.565027"><ele>291.3</ele></trkpt><trkpt lat="37.919926" lon="-122.564953"><ele>290.3</ele></trkpt><trkpt lat="37.919921" lon="-122.564875"><ele>289.5</ele></trkpt><trkpt lat="37.919928" lon="-122.564789"><ele>288.5</ele></trkpt><trkpt lat="37.919955" lon="-122.564684"><ele>287.3</ele></trkpt><trkpt lat="37.920024" lon="-122.564499"><ele>285.3</ele></trkpt><trkpt lat="37.920056" lon="-122.564338"><ele>284.1</ele></trkpt><trkpt lat="37.920060" lon="-122.564229"><ele>283.2</ele></trkpt><trkpt lat="37.920055" lon="-122.564109"><ele>282.3</ele></trkpt><trkpt lat="37.920021" lon="-122.563994"><ele>281.4</ele></trkpt><trkpt lat="37.919983" lon="-122.563935"><ele>280.8</ele></trkpt><trkpt lat="37.919942" lon="-122.563877"><ele>280.2</ele></trkpt><trkpt lat="37.919771" lon="-122.563777"><ele>278.6</ele></trkpt><trkpt lat="37.919606" lon="-122.563656"><ele>277.6</ele></trkpt><trkpt lat="37.919416" lon="-122.563511"><ele>276.4</ele></trkpt><trkpt lat="37.919334" lon="-122.563456"><ele>275.8</ele></trkpt><trkpt lat="37.919268" lon="-122.563417"><ele>275.4</ele></trkpt><trkpt lat="37.919203" lon="-122.563401"><ele>275.1</ele></trkpt><trkpt lat="37.919046" lon="-122.563400"><ele>273.5</ele></trkpt><trkpt lat="37.918969" lon="-122.563387"><ele>272.6</ele></trkpt><trkpt lat="37.918908" lon="-122.563353"><ele>271.9</ele></trkpt><trkpt lat="37.918835" lon="-122.563303"><ele>271.0</ele></trkpt><trkpt lat="37.918768" lon="-122.563250"><ele>270.1</ele></trkpt><trkpt lat="37.918696" lon="-122.563226"><ele>269.3</ele></trkpt><trkpt lat="37.918609" lon="-122.563224"><ele>268.3</ele></trkpt><trkpt lat="37.918546" lon="-122.563219"><ele>267.6</ele></trkpt><trkpt lat="37.918495" lon="-122.563205"><ele>267.0</ele></trkpt><trkpt lat="37.918446" lon="-122.563183"><ele>266.9</ele></trkpt><trkpt lat="37.918403" lon="-122.563150"><ele>266.7</ele></trkpt><trkpt lat="37.918363" lon="-122.563107"><ele>266.6</ele></trkpt><trkpt lat="37.918331" lon="-122.563053"><ele>266.4</ele></trkpt><trkpt lat="37.918313" lon="-122.562986"><ele>266.2</ele></trkpt><trkpt lat="37.918302" lon="-122.562891"><ele>266.0</ele></trkpt><trkpt lat="37.918304" lon="-122.562799"><ele>265.8</ele></trkpt><trkpt lat="37.918316" lon="-122.562710"><ele>265.6</ele></trkpt><trkpt lat="37.918351" lon="-122.562613"><ele>265.3</ele></trkpt><trkpt lat="37.918390" lon="-122.562526"><ele>265.1</ele></trkpt><trkpt lat="37.918440" lon="-122.562428"><ele>264.8</ele></trkpt><trkpt lat="37.918488" lon="-122.562347"><ele>264.6</ele></trkpt><trkpt lat="37.918526" lon="-122.562309"><ele>264.4</ele></trkpt><trkpt lat="37.918573" lon="-122.562295"><ele>264.2</ele></trkpt><trkpt lat="37.918624" lon="-122.562295"><ele>264.1</ele></trkpt><trkpt lat="37.918672" lon="-122.562306"><ele>263.9</ele></trkpt><trkpt lat="37.918738" lon="-122.562361"><ele>263.6</ele></trkpt><trkpt lat="37.918773" lon="-122.562416"><ele>263.5</ele></trkpt><trkpt lat="37.918855" lon="-122.562583"><ele>262.9</ele></trkpt><trkpt lat="37.918929" lon="-122.562734"><ele>262.5</ele></trkpt><trkpt lat="37.918963" lon="-122.562799"><ele>262.7</ele></trkpt><trkpt lat="37.919009" lon="-122.562845"><ele>262.9</ele></trkpt><trkpt lat="37.919062" lon="-122.562878"><ele>263.2</ele></trkpt><trkpt lat="37.919120" lon="-122.562905"><ele>263.4</ele></trkpt><trkpt lat="37.919183" lon="-122.562917"><ele>263.7</ele></trkpt><trkpt lat="37.919367" lon="-122.562912"><ele>264.5</ele></trkpt><trkpt lat="37.919438" lon="-122.562931"><ele>264.8</ele></trkpt><trkpt lat="37.919509" lon="-122.562968"><ele>265.1</ele></trkpt><trkpt lat="37.919567" lon="-122.563016"><ele>265.4</ele></trkpt><trkpt lat="37.919629" lon="-122.563084"><ele>265.2</ele></trkpt><trkpt lat="37.919693" lon="-122.563180"><ele>264.8</ele></trkpt><trkpt lat="37.919776" lon="-122.563269"><ele>264.4</ele></trkpt><trkpt lat="37.919859" lon="-122.563349"><ele>264.0</ele></trkpt><trkpt lat="37.919935" lon="-122.563407"><ele>263.7</ele></trkpt><trkpt lat="37.920003" lon="-122.563429"><ele>263.4</ele></trkpt><trkpt lat="37.920056" lon="-122.563422"><ele>263.2</ele></trkpt><trkpt lat="37.920112" lon="-122.563390"><ele>263.0</ele></trkpt><trkpt lat="37.920156" lon="-122.563318"><ele>262.7</ele></trkpt><trkpt lat="37.919944" lon="-122.563092"><ele>261.5</ele></trkpt><trkpt lat="37.919907" lon="-122.563107"><ele>261.3</ele></trkpt><trkpt lat="37.919862" lon="-122.563043"><ele>261.0</ele></trkpt><trkpt lat="37.919820" lon="-122.562976"><ele>260.6</ele></trkpt><trkpt lat="37.919776" lon="-122.562888"><ele>260.3</ele></trkpt><trkpt lat="37.919680" lon="-122.562779"><ele>259.7</ele></trkpt><trkpt lat="37.919574" lon="-122.562680"><ele>258.5</ele></trkpt><trkpt lat="37.919426" lon="-122.562609"><ele>256.4</ele></trkpt><trkpt lat="37.919339" lon="-122.562564"><ele>255.1</ele></trkpt><trkpt lat="37.919234" lon="-122.562539"><ele>253.7</ele></trkpt><trkpt lat="37.919179" lon="-122.562495"><ele>252.8</ele></trkpt><trkpt lat="37.919149" lon="-122.562439"><ele>252.1</ele></trkpt><trkpt lat="37.919134" lon="-122.562380"><ele>251.5</ele></trkpt><trkpt lat="37.919087" lon="-122.562040"><ele>248.8</ele></trkpt><trkpt lat="37.919061" lon="-122.561935"><ele>248.2</ele></trkpt><trkpt lat="37.919042" lon="-122.561895"><ele>247.9</ele></trkpt><trkpt lat="37.919029" lon="-122.561835"><ele>247.6</ele></trkpt><trkpt lat="37.918940" lon="-122.561577"><ele>246.0</ele></trkpt><trkpt lat="37.918918" lon="-122.561530"><ele>245.7</ele></trkpt><trkpt lat="37.918863" lon="-122.561444"><ele>245.1</ele></trkpt><trkpt lat="37.918806" lon="-122.561401"><ele>244.4</ele></trkpt><trkpt lat="37.918741" lon="-122.561381"><ele>243.5</ele></trkpt><trkpt lat="37.918636" lon="-122.561376"><ele>242.1</ele></trkpt><trkpt lat="37.918542" lon="-122.561336"><ele>240.8</ele></trkpt><trkpt lat="37.918514" lon="-122.561313"><ele>240.3</ele></trkpt><trkpt lat="37.918443" lon="-122.561225"><ele>239.0</ele></trkpt><trkpt lat="37.918387" lon="-122.561131"><ele>237.8</ele></trkpt><trkpt lat="37.918318" lon="-122.561039"><ele>236.4</ele></trkpt><trkpt lat="37.918223" lon="-122.560929"><ele>234.9</ele></trkpt><trkpt lat="37.918190" lon="-122.560890"><ele>234.8</ele></trkpt><trkpt lat="37.918149" lon="-122.560861"><ele>234.7</ele></trkpt><trkpt lat="37.918074" lon="-122.560828"><ele>234.4</ele></trkpt><trkpt lat="37.917921" lon="-122.560836"><ele>234.0</ele></trkpt><trkpt lat="37.917764" lon="-122.560824"><ele>233.5</ele></trkpt><trkpt lat="37.917695" lon="-122.560784"><ele>233.3</ele></trkpt><trkpt lat="37.917648" lon="-122.560743"><ele>233.1</ele></trkpt><trkpt lat="37.917483" lon="-122.560543"><ele>230.8</ele></trkpt><trkpt lat="37.917442" lon="-122.560503"><ele>230.0</ele></trkpt><trkpt lat="37.917408" lon="-122.560483"><ele>229.4</ele></trkpt><trkpt lat="37.917321" lon="-122.560464"><ele>228.1</ele></trkpt><trkpt lat="37.917190" lon="-122.560458"><ele>226.1</ele></trkpt><trkpt lat="37.917151" lon="-122.560439"><ele>225.5</ele></trkpt><trkpt lat="37.917087" lon="-122.560376"><ele>224.3</ele></trkpt><trkpt lat="37.916988" lon="-122.560233"><ele>222.1</ele></trkpt><trkpt lat="37.916948" lon="-122.560187"><ele>221.6</ele></trkpt><trkpt lat="37.916843" lon="-122.560100"><ele>220.3</ele></trkpt><trkpt lat="37.916666" lon="-122.559990"><ele>218.3</ele></trkpt><trkpt lat="37.916600" lon="-122.559926"><ele>217.5</ele></trkpt><trkpt lat="37.916553" lon="-122.559881"><ele>216.9</ele></trkpt><trkpt lat="37.916508" lon="-122.559804"><ele>216.1</ele></trkpt><trkpt lat="37.916487" lon="-122.559749"><ele>215.6</ele></trkpt><trkpt lat="37.916462" lon="-122.559636"><ele>214.6</ele></trkpt><trkpt lat="37.916456" lon="-122.559492"><ele>212.5</ele></trkpt><trkpt lat="37.916483" lon="-122.559363"><ele>210.7</ele></trkpt><trkpt lat="37.916557" lon="-122.559178"><ele>207.8</ele></trkpt><trkpt lat="37.916617" lon="-122.559022"><ele>205.4</ele></trkpt><trkpt lat="37.916638" lon="-122.558933"><ele>204.1</ele></trkpt><trkpt lat="37.916639" lon="-122.558851"><ele>202.9</ele></trkpt><trkpt lat="37.916618" lon="-122.558776"><ele>201.9</ele></trkpt><trkpt lat="37.916590" lon="-122.558727"><ele>201.5</ele></trkpt><trkpt lat="37.916516" lon="-122.558642"><ele>200.5</ele></trkpt><trkpt lat="37.916392" lon="-122.558527"><ele>199.0</ele></trkpt><trkpt lat="37.916122" lon="-122.558247"><ele>195.5</ele></trkpt><trkpt lat="37.916024" lon="-122.558103"><ele>194.2</ele></trkpt><trkpt lat="37.915910" lon="-122.557867"><ele>192.5</ele></trkpt><trkpt lat="37.915836" lon="-122.557783"><ele>191.7</ele></trkpt><trkpt lat="37.915741" lon="-122.557738"><ele>190.9</ele></trkpt><trkpt lat="37.915473" lon="-122.557709"><ele>188.6</ele></trkpt><trkpt lat="37.915119" lon="-122.557671"><ele>185.2</ele></trkpt><trkpt lat="37.914686" lon="-122.557429"><ele>180.3</ele></trkpt><trkpt lat="37.914625" lon="-122.557428"><ele>179.6</ele></trkpt><trkpt lat="37.914551" lon="-122.557450"><ele>178.7</ele></trkpt><trkpt lat="37.914367" lon="-122.557502"><ele>176.5</ele></trkpt><trkpt lat="37.914159" lon="-122.557534"><ele>174.0</ele></trkpt><trkpt lat="37.914057" lon="-122.557541"><ele>172.3</ele></trkpt><trkpt lat="37.913975" lon="-122.557566"><ele>170.8</ele></trkpt><trkpt lat="37.913760" lon="-122.557701"><ele>166.4</ele></trkpt><trkpt lat="37.913677" lon="-122.557758"><ele>164.6</ele></trkpt><trkpt lat="37.913625" lon="-122.557793"><ele>163.5</ele></trkpt><trkpt lat="37.913544" lon="-122.557805"><ele>162.0</ele></trkpt><trkpt lat="37.913486" lon="-122.557825"><ele>160.9</ele></trkpt><trkpt lat="37.913419" lon="-122.557816"><ele>160.1</ele></trkpt><trkpt lat="37.913321" lon="-122.557738"><ele>159.0</ele></trkpt><trkpt lat="37.913253" lon="-122.557700"><ele>158.2</ele></trkpt><trkpt lat="37.913184" lon="-122.557691"><ele>157.5</ele></trkpt><trkpt lat="37.913127" lon="-122.557697"><ele>156.9</ele></trkpt><trkpt lat="37.913020" lon="-122.557752"><ele>155.8</ele></trkpt><trkpt lat="37.912939" lon="-122.557763"><ele>155.0</ele></trkpt><trkpt lat="37.912878" lon="-122.557759"><ele>154.3</ele></trkpt><trkpt lat="37.912800" lon="-122.557732"><ele>153.5</ele></trkpt><trkpt lat="37.912726" lon="-122.557685"><ele>151.7</ele></trkpt><trkpt lat="37.912597" lon="-122.557593"><ele>147.7</ele></trkpt><trkpt lat="37.912492" lon="-122.557481"><ele>144.0</ele></trkpt><trkpt lat="37.912428" lon="-122.557391"><ele>141.4</ele></trkpt><trkpt lat="37.912402" lon="-122.557305"><ele>139.5</ele></trkpt><trkpt lat="37.912379" lon="-122.557276"><ele>138.6</ele></trkpt><trkpt lat="37.912344" lon="-122.557280"><ele>137.6</ele></trkpt><trkpt lat="37.912273" lon="-122.557331"><ele>135.5</ele></trkpt><trkpt lat="37.912111" lon="-122.557497"><ele>133.3</ele></trkpt><trkpt lat="37.912032" lon="-122.557549"><ele>133.0</ele></trkpt><trkpt lat="37.911905" lon="-122.557601"><ele>132.5</ele></trkpt><trkpt lat="37.911791" lon="-122.557621"><ele>132.1</ele></trkpt><trkpt lat="37.911573" lon="-122.557596"><ele>131.4</ele></trkpt><trkpt lat="37.911507" lon="-122.557595"><ele>131.0</ele></trkpt><trkpt lat="37.911400" lon="-122.557628"><ele>130.3</ele></trkpt><trkpt lat="37.911338" lon="-122.557635"><ele>129.9</ele></trkpt><trkpt lat="37.911264" lon="-122.557624"><ele>129.5</ele></trkpt><trkpt lat="37.911212" lon="-122.557589"><ele>129.1</ele></trkpt><trkpt lat="37.911118" lon="-122.557485"><ele>128.3</ele></trkpt><trkpt lat="37.911032" lon="-122.557330"><ele>127.4</ele></trkpt><trkpt lat="37.910983" lon="-122.557186"><ele>126.8</ele></trkpt><trkpt lat="37.910959" lon="-122.557151"><ele>126.7</ele></trkpt><trkpt lat="37.910926" lon="-122.557121"><ele>126.7</ele></trkpt><trkpt lat="37.910889" lon="-122.557106"><ele>126.7</ele></trkpt><trkpt lat="37.910814" lon="-122.557087"><ele>126.6</ele></trkpt><trkpt lat="37.910786" lon="-122.557067"><ele>126.6</ele></trkpt><trkpt lat="37.910710" lon="-122.556975"><ele>126.5</ele></trkpt><trkpt lat="37.910596" lon="-122.556801"><ele>126.3</ele></trkpt><trkpt lat="37.910474" lon="-122.556599"><ele>126.1</ele></trkpt><trkpt lat="37.910329" lon="-122.556474"><ele>125.4</ele></trkpt><trkpt lat="37.910177" lon="-122.556421"><ele>124.7</ele></trkpt><trkpt lat="37.910067" lon="-122.556356"><ele>124.2</ele></trkpt><trkpt lat="37.909978" lon="-122.556265"><ele>123.7</ele></trkpt><trkpt lat="37.909813" lon="-122.556174"><ele>123.0</ele></trkpt><trkpt lat="37.909597" lon="-122.556056"><ele>122.4</ele></trkpt><trkpt lat="37.909423" lon="-122.555825"><ele>121.8</ele></trkpt><trkpt lat="37.909254" lon="-122.555562"><ele>122.0</ele></trkpt><trkpt lat="37.909250" lon="-122.555428"><ele>122.8</ele></trkpt><trkpt lat="37.909317" lon="-122.555273"><ele>123.9</ele></trkpt><trkpt lat="37.909432" lon="-122.554994"><ele>125.9</ele></trkpt><trkpt lat="37.909478" lon="-122.554768"><ele>126.6</ele></trkpt><trkpt lat="37.909432" lon="-122.554538"><ele>124.2</ele></trkpt><trkpt lat="37.909356" lon="-122.554382"><ele>122.3</ele></trkpt><trkpt lat="37.909326" lon="-122.554173"><ele>120.1</ele></trkpt><trkpt lat="37.909339" lon="-122.553905"><ele>117.4</ele></trkpt><trkpt lat="37.909322" lon="-122.553620"><ele>114.6</ele></trkpt><trkpt lat="37.909225" lon="-122.553389"><ele>112.2</ele></trkpt><trkpt lat="37.909065" lon="-122.553188"><ele>109.4</ele></trkpt><trkpt lat="37.908984" lon="-122.552889"><ele>107.3</ele></trkpt><trkpt lat="37.908849" lon="-122.552759"><ele>106.0</ele></trkpt><trkpt lat="37.908702" lon="-122.552652"><ele>104.6</ele></trkpt><trkpt lat="37.908562" lon="-122.552576"><ele>103.4</ele></trkpt><trkpt lat="37.908541" lon="-122.552541"><ele>103.2</ele></trkpt><trkpt lat="37.908499" lon="-122.552472"><ele>102.7</ele></trkpt><trkpt lat="37.908436" lon="-122.552229"><ele>101.4</ele></trkpt><trkpt lat="37.908421" lon="-122.552141"><ele>100.9</ele></trkpt><trkpt lat="37.908418" lon="-122.552051"><ele>100.4</ele></trkpt><trkpt lat="37.908458" lon="-122.551871"><ele>99.4</ele></trkpt><trkpt lat="37.908490" lon="-122.551673"><ele>98.3</ele></trkpt><trkpt lat="37.908491" lon="-122.551588"><ele>97.9</ele></trkpt><trkpt lat="37.908479" lon="-122.551534"><ele>97.6</ele></trkpt><trkpt lat="37.908453" lon="-122.551488"><ele>97.3</ele></trkpt><trkpt lat="37.908430" lon="-122.551455"><ele>97.1</ele></trkpt><trkpt lat="37.907936" lon="-122.550943"><ele>92.8</ele></trkpt><trkpt lat="37.907875" lon="-122.550883"><ele>92.1</ele></trkpt><trkpt lat="37.907846" lon="-122.550837"><ele>91.7</ele></trkpt><trkpt lat="37.907825" lon="-122.550787"><ele>91.3</ele></trkpt><trkpt lat="37.907818" lon="-122.550748"><ele>91.0</ele></trkpt><trkpt lat="37.907818" lon="-122.550709"><ele>90.7</ele></trkpt><trkpt lat="37.907820" lon="-122.550654"><ele>90.3</ele></trkpt><trkpt lat="37.907821" lon="-122.550623"><ele>90.1</ele></trkpt><trkpt lat="37.907822" lon="-122.550579"><ele>89.8</ele></trkpt><trkpt lat="37.907825" lon="-122.550534"><ele>89.4</ele></trkpt><trkpt lat="37.907828" lon="-122.550477"><ele>89.0</ele></trkpt><trkpt lat="37.907824" lon="-122.550409"><ele>88.6</ele></trkpt><trkpt lat="37.907814" lon="-122.550338"><ele>88.0</ele></trkpt><trkpt lat="37.907805" lon="-122.550267"><ele>87.5</ele></trkpt><trkpt lat="37.907807" lon="-122.550208"><ele>87.1</ele></trkpt><trkpt lat="37.907819" lon="-122.550162"><ele>86.8</ele></trkpt><trkpt lat="37.907841" lon="-122.550120"><ele>86.5</ele></trkpt><trkpt lat="37.907870" lon="-122.550082"><ele>86.1</ele></trkpt><trkpt lat="37.907888" lon="-122.550047"><ele>85.8</ele></trkpt><trkpt lat="37.907939" lon="-122.549922"><ele>84.9</ele></trkpt><trkpt lat="37.907872" lon="-122.549938"><ele>84.3</ele></trkpt><trkpt lat="37.907844" lon="-122.549951"><ele>84.1</ele></trkpt><trkpt lat="37.907816" lon="-122.549967"><ele>83.8</ele></trkpt><trkpt lat="37.907780" lon="-122.549993"><ele>83.5</ele></trkpt><trkpt lat="37.907744" lon="-122.550036"><ele>83.1</ele></trkpt><trkpt lat="37.907715" lon="-122.550079"><ele>82.7</ele></trkpt><trkpt lat="37.907688" lon="-122.550138"><ele>82.2</ele></trkpt><trkpt lat="37.907661" lon="-122.550216"><ele>81.7</ele></trkpt><trkpt lat="37.907635" lon="-122.550287"><ele>81.1</ele></trkpt><trkpt lat="37.907613" lon="-122.550338"><ele>80.6</ele></trkpt><trkpt lat="37.907585" lon="-122.550384"><ele>80.2</ele></trkpt><trkpt lat="37.907545" lon="-122.550418"><ele>79.7</ele></trkpt><trkpt lat="37.907488" lon="-122.550432"><ele>79.1</ele></trkpt><trkpt lat="37.907364" lon="-122.550417"><ele>77.9</ele></trkpt><trkpt lat="37.907190" lon="-122.550414"><ele>76.1</ele></trkpt><trkpt lat="37.907141" lon="-122.550416"><ele>75.6</ele></trkpt><trkpt lat="37.907095" lon="-122.550441"><ele>75.1</ele></trkpt><trkpt lat="37.907058" lon="-122.550475"><ele>74.7</ele></trkpt><trkpt lat="37.907023" lon="-122.550516"><ele>74.2</ele></trkpt><trkpt lat="37.906993" lon="-122.550578"><ele>73.6</ele></trkpt><trkpt lat="37.906975" lon="-122.550641"><ele>73.0</ele></trkpt><trkpt lat="37.906969" lon="-122.550703"><ele>72.5</ele></trkpt><trkpt lat="37.906973" lon="-122.550879"><ele>71.1</ele></trkpt><trkpt lat="37.906998" lon="-122.551056"><ele>69.6</ele></trkpt><trkpt lat="37.907016" lon="-122.551121"><ele>69.1</ele></trkpt><trkpt lat="37.907060" lon="-122.551237"><ele>68.0</ele></trkpt><trkpt lat="37.907120" lon="-122.551339"><ele>67.0</ele></trkpt><trkpt lat="37.907148" lon="-122.551394"><ele>66.5</ele></trkpt><trkpt lat="37.907155" lon="-122.551455"><ele>65.9</ele></trkpt><trkpt lat="37.907156" lon="-122.551461"><ele>65.9</ele></trkpt><trkpt lat="37.907151" lon="-122.551519"><ele>65.4</ele></trkpt><trkpt lat="37.907128" lon="-122.551583"><ele>64.8</ele></trkpt><trkpt lat="37.907080" lon="-122.551620"><ele>64.2</ele></trkpt><trkpt lat="37.906999" lon="-122.551663"><ele>63.3</ele></trkpt><trkpt lat="37.906924" lon="-122.551701"><ele>62.5</ele></trkpt><trkpt lat="37.906869" lon="-122.551732"><ele>61.8</ele></trkpt><trkpt lat="37.906806" lon="-122.551785"><ele>61.0</ele></trkpt><trkpt lat="37.906746" lon="-122.551999"><ele>59.2</ele></trkpt><trkpt lat="37.906737" lon="-122.552151"><ele>57.5</ele></trkpt><trkpt lat="37.906431" lon="-122.552397"><ele>52.5</ele></trkpt><trkpt lat="37.906381" lon="-122.552430"><ele>51.7</ele></trkpt><trkpt lat="37.906136" lon="-122.551960"><ele>45.4</ele></trkpt><trkpt lat="37.906085" lon="-122.552003"><ele>44.6</ele></trkpt><trkpt lat="37.905474" lon="-122.552522"><ele>37.9</ele></trkpt><trkpt lat="37.905458" lon="-122.552535"><ele>37.8</ele></trkpt><trkpt lat="37.905412" lon="-122.552575"><ele>37.6</ele></trkpt><trkpt lat="37.905383" lon="-122.552514"><ele>37.4</ele></trkpt><trkpt lat="37.905371" lon="-122.552488"><ele>37.3</ele></trkpt><trkpt lat="37.905079" lon="-122.551873"><ele>36.3</ele></trkpt><trkpt lat="37.905050" lon="-122.551814"><ele>36.2</ele></trkpt><trkpt lat="37.904988" lon="-122.551687"><ele>36.1</ele></trkpt><trkpt lat="37.904958" lon="-122.551591"><ele>36.1</ele></trkpt><trkpt lat="37.904948" lon="-122.551525"><ele>36.0</ele></trkpt><trkpt lat="37.904950" lon="-122.551446"><ele>36.0</ele></trkpt><trkpt lat="37.905086" lon="-122.550616"><ele>34.6</ele></trkpt><trkpt lat="37.905238" lon="-122.549829"><ele>30.5</ele></trkpt><trkpt lat="37.905258" lon="-122.549760"><ele>30.1</ele></trkpt><trkpt lat="37.905290" lon="-122.549707"><ele>29.8</ele></trkpt><trkpt lat="37.905363" lon="-122.549587"><ele>29.3</ele></trkpt><trkpt lat="37.905676" lon="-122.549084"><ele>27.6</ele></trkpt><trkpt lat="37.905791" lon="-122.548915"><ele>27.0</ele></trkpt><trkpt lat="37.905862" lon="-122.548807"><ele>26.9</ele></trkpt><trkpt lat="37.906101" lon="-122.548446"><ele>26.2</ele></trkpt><trkpt lat="37.906184" lon="-122.548319"><ele>26.0</ele></trkpt><trkpt lat="37.906244" lon="-122.548229"><ele>25.9</ele></trkpt><trkpt lat="37.906297" lon="-122.548150"><ele>26.0</ele></trkpt><trkpt lat="37.906393" lon="-122.548000"><ele>26.0</ele></trkpt><trkpt lat="37.906465" lon="-122.547890"><ele>26.1</ele></trkpt><trkpt lat="37.906555" lon="-122.547769"><ele>26.1</ele></trkpt><trkpt lat="37.906647" lon="-122.547629"><ele>26.2</ele></trkpt><trkpt lat="37.906692" lon="-122.547563"><ele>26.2</ele></trkpt><trkpt lat="37.906664" lon="-122.547489"><ele>26.3</ele></trkpt><trkpt lat="37.906632" lon="-122.547403"><ele>26.4</ele></trkpt><trkpt lat="37.906591" lon="-122.547259"><ele>26.6</ele></trkpt><trkpt lat="37.906581" lon="-122.547181"><ele>26.6</ele></trkpt><trkpt lat="37.906582" lon="-122.547101"><ele>26.7</ele></trkpt><trkpt lat="37.906596" lon="-122.546844"><ele>27.0</ele></trkpt><trkpt lat="37.906632" lon="-122.546506"><ele>27.2</ele></trkpt><trkpt lat="37.906660" lon="-122.546236"><ele>27.4</ele></trkpt><trkpt lat="37.906631" lon="-122.546195"><ele>27.5</ele></trkpt><trkpt lat="37.906414" lon="-122.545886"><ele>27.7</ele></trkpt><trkpt lat="37.906267" lon="-122.545688"><ele>27.7</ele></trkpt><trkpt lat="37.906177" lon="-122.545561"><ele>27.7</ele></trkpt><trkpt lat="37.906097" lon="-122.545448"><ele>27.7</ele></trkpt><trkpt lat="37.905999" lon="-122.545285"><ele>27.7</ele></trkpt><trkpt lat="37.906027" lon="-122.545203"><ele>27.7</ele></trkpt><trkpt lat="37.906034" lon="-122.545114"><ele>27.7</ele></trkpt><trkpt lat="37.906034" lon="-122.545000"><ele>27.5</ele></trkpt><trkpt lat="37.906034" lon="-122.545114"><ele>27.3</ele></trkpt><trkpt lat="37.906027" lon="-122.545203"><ele>27.2</ele></trkpt><trkpt lat="37.905999" lon="-122.545285"><ele>27.1</ele></trkpt><trkpt lat="37.905762" lon="-122.544892"><ele>26.3</ele></trkpt><trkpt lat="37.905731" lon="-122.544839"><ele>26.1</ele></trkpt><trkpt lat="37.905339" lon="-122.544184"><ele>23.4</ele></trkpt><trkpt lat="37.905286" lon="-122.544096"><ele>23.2</ele></trkpt><trkpt lat="37.905265" lon="-122.544063"><ele>23.2</ele></trkpt><trkpt lat="37.905232" lon="-122.544011"><ele>23.0</ele></trkpt><trkpt lat="37.905092" lon="-122.543762"><ele>22.5</ele></trkpt><trkpt lat="37.905085" lon="-122.543748"><ele>22.5</ele></trkpt><trkpt lat="37.904833" lon="-122.543299"><ele>21.4</ele></trkpt><trkpt lat="37.904460" lon="-122.542494"><ele>19.6</ele></trkpt><trkpt lat="37.904374" lon="-122.542555"><ele>19.4</ele></trkpt><trkpt lat="37.903611" lon="-122.543102"><ele>18.9</ele></trkpt><trkpt lat="37.903427" lon="-122.543253"><ele>18.9</ele></trkpt><trkpt lat="37.903362" lon="-122.543298"><ele>19.0</ele></trkpt><trkpt lat="37.903324" lon="-122.543324"><ele>19.3</ele></trkpt><trkpt lat="37.903266" lon="-122.543368"><ele>19.9</ele></trkpt><trkpt lat="37.903187" lon="-122.543426"><ele>20.6</ele></trkpt><trkpt lat="37.903150" lon="-122.543454"><ele>20.9</ele></trkpt><trkpt lat="37.902954" lon="-122.543169"><ele>23.3</ele></trkpt><trkpt lat="37.902818" lon="-122.543023"><ele>24.7</ele></trkpt><trkpt lat="37.902676" lon="-122.542903"><ele>24.6</ele></trkpt><trkpt lat="37.902521" lon="-122.542768"><ele>24.5</ele></trkpt><trkpt lat="37.902419" lon="-122.542680"><ele>24.5</ele></trkpt><trkpt lat="37.902243" lon="-122.542525"><ele>24.4</ele></trkpt><trkpt lat="37.902231" lon="-122.542513"><ele>24.4</ele></trkpt><trkpt lat="37.902013" lon="-122.542285"><ele>23.2</ele></trkpt><trkpt lat="37.901939" lon="-122.542202"><ele>22.8</ele></trkpt><trkpt lat="37.901620" lon="-122.541844"><ele>20.6</ele></trkpt><trkpt lat="37.901473" lon="-122.541681"><ele>18.9</ele></trkpt><trkpt lat="37.901391" lon="-122.541589"><ele>17.9</ele></trkpt><trkpt lat="37.900112" lon="-122.540149"><ele>15.2</ele></trkpt><trkpt lat="37.899759" lon="-122.539767"><ele>14.7</ele></trkpt><trkpt lat="37.899125" lon="-122.539039"><ele>12.5</ele></trkpt><trkpt lat="37.898858" lon="-122.538701"><ele>11.6</ele></trkpt><trkpt lat="37.898811" lon="-122.538643"><ele>11.6</ele></trkpt><trkpt lat="37.898736" lon="-122.538556"><ele>11.4</ele></trkpt><trkpt lat="37.898682" lon="-122.538497"><ele>11.3</ele></trkpt><trkpt lat="37.898638" lon="-122.538450"><ele>11.3</ele></trkpt><trkpt lat="37.898588" lon="-122.538397"><ele>11.2</ele></trkpt><trkpt lat="37.898540" lon="-122.538345"><ele>11.1</ele></trkpt><trkpt lat="37.898326" lon="-122.538107"><ele>10.3</ele></trkpt><trkpt lat="37.898240" lon="-122.538009"><ele>9.8</ele></trkpt><trkpt lat="37.898142" lon="-122.537899"><ele>9.3</ele></trkpt><trkpt lat="37.898013" lon="-122.537752"><ele>8.7</ele></trkpt><trkpt lat="37.897944" lon="-122.537672"><ele>8.3</ele></trkpt><trkpt lat="37.897894" lon="-122.537611"><ele>8.2</ele></trkpt><trkpt lat="37.897850" lon="-122.537551"><ele>8.1</ele></trkpt><trkpt lat="37.897804" lon="-122.537484"><ele>7.9</ele></trkpt><trkpt lat="37.897760" lon="-122.537426"><ele>7.8</ele></trkpt><trkpt lat="37.897547" lon="-122.537188"><ele>7.4</ele></trkpt><trkpt lat="37.897543" lon="-122.537184"><ele>7.3</ele></trkpt><trkpt lat="37.897522" lon="-122.537159"><ele>7.3</ele></trkpt><trkpt lat="37.897459" lon="-122.537089"><ele>7.2</ele></trkpt><trkpt lat="37.897403" lon="-122.537029"><ele>7.0</ele></trkpt><trkpt lat="37.897297" lon="-122.536912"><ele>6.6</ele></trkpt><trkpt lat="37.896993" lon="-122.536577"><ele>5.4</ele></trkpt><trkpt lat="37.896830" lon="-122.536397"><ele>4.9</ele></trkpt><trkpt lat="37.896749" lon="-122.536309"><ele>4.9</ele></trkpt><trkpt lat="37.896670" lon="-122.536227"><ele>4.9</ele></trkpt><trkpt lat="37.896610" lon="-122.536165"><ele>4.9</ele></trkpt><trkpt lat="37.896554" lon="-122.536105"><ele>4.9</ele></trkpt><trkpt lat="37.896462" lon="-122.536007"><ele>4.9</ele></trkpt><trkpt lat="37.896358" lon="-122.535895"><ele>4.9</ele></trkpt><trkpt lat="37.896253" lon="-122.535779"><ele>4.9</ele></trkpt><trkpt lat="37.896211" lon="-122.535733"><ele>4.9</ele></trkpt><trkpt lat="37.896159" lon="-122.535675"><ele>4.9</ele></trkpt><trkpt lat="37.896080" lon="-122.535584"><ele>4.9</ele></trkpt><trkpt lat="37.895985" lon="-122.535476"><ele>4.9</ele></trkpt><trkpt lat="37.895938" lon="-122.535422"><ele>4.9</ele></trkpt><trkpt lat="37.895890" lon="-122.535368"><ele>4.9</ele></trkpt><trkpt lat="37.895694" lon="-122.535153"><ele>5.1</ele></trkpt><trkpt lat="37.895642" lon="-122.535097"><ele>5.3</ele></trkpt><trkpt lat="37.895592" lon="-122.535043"><ele>5.4</ele></trkpt><trkpt lat="37.895542" lon="-122.534984"><ele>5.6</ele></trkpt><trkpt lat="37.895505" lon="-122.534940"><ele>5.8</ele></trkpt><trkpt lat="37.895448" lon="-122.534865"><ele>6.0</ele></trkpt><trkpt lat="37.895408" lon="-122.534808"><ele>6.1</ele></trkpt><trkpt lat="37.895362" lon="-122.534736"><ele>6.3</ele></trkpt><trkpt lat="37.895319" lon="-122.534667"><ele>6.5</ele></trkpt><trkpt lat="37.895287" lon="-122.534616"><ele>6.6</ele></trkpt><trkpt lat="37.895254" lon="-122.534559"><ele>6.7</ele></trkpt><trkpt lat="37.895224" lon="-122.534502"><ele>6.7</ele></trkpt><trkpt lat="37.895191" lon="-122.534438"><ele>6.7</ele></trkpt><trkpt lat="37.895162" lon="-122.534374"><ele>6.7</ele></trkpt><trkpt lat="37.895137" lon="-122.534320"><ele>6.7</ele></trkpt><trkpt lat="37.895096" lon="-122.534232"><ele>6.7</ele></trkpt><trkpt lat="37.895060" lon="-122.534160"><ele>6.7</ele></trkpt><trkpt lat="37.895024" lon="-122.534091"><ele>6.7</ele></trkpt><trkpt lat="37.894986" lon="-122.534022"><ele>6.7</ele></trkpt><trkpt lat="37.894948" lon="-122.533957"><ele>6.7</ele></trkpt><trkpt lat="37.894907" lon="-122.533889"><ele>6.7</ele></trkpt><trkpt lat="37.894626" lon="-122.533425"><ele>6.5</ele></trkpt><trkpt lat="37.894585" lon="-122.533357"><ele>6.5</ele></trkpt><trkpt lat="37.894543" lon="-122.533292"><ele>6.5</ele></trkpt><trkpt lat="37.894499" lon="-122.533229"><ele>6.5</ele></trkpt><trkpt lat="37.894476" lon="-122.533196"><ele>6.4</ele></trkpt><trkpt lat="37.894455" lon="-122.533166"><ele>6.4</ele></trkpt><trkpt lat="37.894410" lon="-122.533103"><ele>6.4</ele></trkpt><trkpt lat="37.894355" lon="-122.533026"><ele>6.2</ele></trkpt><trkpt lat="37.894303" lon="-122.532954"><ele>5.9</ele></trkpt><trkpt lat="37.894270" lon="-122.532908"><ele>5.8</ele></trkpt><trkpt lat="37.894234" lon="-122.532854"><ele>5.6</ele></trkpt><trkpt lat="37.894174" lon="-122.532770"><ele>5.4</ele></trkpt><trkpt lat="37.893965" lon="-122.532481"><ele>4.5</ele></trkpt><trkpt lat="37.893824" lon="-122.532285"><ele>4.3</ele></trkpt><trkpt lat="37.893780" lon="-122.532221"><ele>4.4</ele></trkpt><trkpt lat="37.893737" lon="-122.532158"><ele>4.4</ele></trkpt><trkpt lat="37.893694" lon="-122.532092"><ele>4.4</ele></trkpt><trkpt lat="37.893641" lon="-122.532009"><ele>4.5</ele></trkpt><trkpt lat="37.893591" lon="-122.531925"><ele>4.5</ele></trkpt><trkpt lat="37.893541" lon="-122.531839"><ele>4.5</ele></trkpt><trkpt lat="37.893514" lon="-122.531790"><ele>4.5</ele></trkpt><trkpt lat="37.893493" lon="-122.531752"><ele>4.6</ele></trkpt><trkpt lat="37.893446" lon="-122.531663"><ele>4.5</ele></trkpt><trkpt lat="37.893313" lon="-122.531406"><ele>4.4</ele></trkpt><trkpt lat="37.893263" lon="-122.531318"><ele>4.4</ele></trkpt><trkpt lat="37.893214" lon="-122.531231"><ele>4.4</ele></trkpt><trkpt lat="37.893175" lon="-122.531155"><ele>4.3</ele></trkpt><trkpt lat="37.893144" lon="-122.531091"><ele>4.3</ele></trkpt><trkpt lat="37.893102" lon="-122.531005"><ele>4.3</ele></trkpt><trkpt lat="37.893071" lon="-122.530935"><ele>4.3</ele></trkpt><trkpt lat="37.892976" lon="-122.530716"><ele>4.4</ele></trkpt><trkpt lat="37.892885" lon="-122.530506"><ele>4.4</ele></trkpt><trkpt lat="37.892880" lon="-122.530496"><ele>4.4</ele></trkpt><trkpt lat="37.892837" lon="-122.530401"><ele>4.5</ele></trkpt><trkpt lat="37.892824" lon="-122.530369"><ele>4.5</ele></trkpt><trkpt lat="37.892798" lon="-122.530304"><ele>4.5</ele></trkpt><trkpt lat="37.892771" lon="-122.530228"><ele>4.5</ele></trkpt><trkpt lat="37.892764" lon="-122.530204"><ele>4.6</ele></trkpt><trkpt lat="37.892729" lon="-122.530079"><ele>4.5</ele></trkpt><trkpt lat="37.892707" lon="-122.529979"><ele>4.4</ele></trkpt><trkpt lat="37.892685" lon="-122.529884"><ele>4.3</ele></trkpt><trkpt lat="37.892669" lon="-122.529824"><ele>4.2</ele></trkpt><trkpt lat="37.892650" lon="-122.529749"><ele>4.2</ele></trkpt><trkpt lat="37.892626" lon="-122.529669"><ele>4.1</ele></trkpt><trkpt lat="37.892599" lon="-122.529592"><ele>4.0</ele></trkpt><trkpt lat="37.892569" lon="-122.529517"><ele>3.9</ele></trkpt><trkpt lat="37.892537" lon="-122.529442"><ele>3.8</ele></trkpt><trkpt lat="37.892504" lon="-122.529373"><ele>3.7</ele></trkpt><trkpt lat="37.892467" lon="-122.529301"><ele>3.7</ele></trkpt><trkpt lat="37.892430" lon="-122.529232"><ele>3.7</ele></trkpt><trkpt lat="37.892253" lon="-122.528906"><ele>3.8</ele></trkpt><trkpt lat="37.892094" lon="-122.528610"><ele>3.9</ele></trkpt><trkpt lat="37.891884" lon="-122.528223"><ele>3.7</ele></trkpt><trkpt lat="37.891258" lon="-122.527081"><ele>3.9</ele></trkpt><trkpt lat="37.891037" lon="-122.526682"><ele>4.1</ele></trkpt><trkpt lat="37.890791" lon="-122.526246"><ele>4.4</ele></trkpt><trkpt lat="37.890752" lon="-122.526178"><ele>4.4</ele></trkpt><trkpt lat="37.890712" lon="-122.526108"><ele>4.5</ele></trkpt><trkpt lat="37.890673" lon="-122.526041"><ele>4.6</ele></trkpt><trkpt lat="37.890632" lon="-122.525975"><ele>4.7</ele></trkpt><trkpt lat="37.890589" lon="-122.525909"><ele>4.8</ele></trkpt><trkpt lat="37.890542" lon="-122.525846"><ele>4.9</ele></trkpt><trkpt lat="37.890494" lon="-122.525788"><ele>4.9</ele></trkpt><trkpt lat="37.890442" lon="-122.525732"><ele>5.0</ele></trkpt><trkpt lat="37.890390" lon="-122.525681"><ele>5.1</ele></trkpt><trkpt lat="37.890334" lon="-122.525633"><ele>5.2</ele></trkpt><trkpt lat="37.890278" lon="-122.525587"><ele>5.2</ele></trkpt><trkpt lat="37.890220" lon="-122.525545"><ele>5.3</ele></trkpt><trkpt lat="37.890161" lon="-122.525508"><ele>5.4</ele></trkpt><trkpt lat="37.890101" lon="-122.525472"><ele>5.4</ele></trkpt><trkpt lat="37.890039" lon="-122.525440"><ele>5.5</ele></trkpt><trkpt lat="37.889976" lon="-122.525412"><ele>5.5</ele></trkpt><trkpt lat="37.889912" lon="-122.525387"><ele>5.6</ele></trkpt><trkpt lat="37.889847" lon="-122.525365"><ele>5.6</ele></trkpt><trkpt lat="37.889780" lon="-122.525347"><ele>5.7</ele></trkpt><trkpt lat="37.889715" lon="-122.525334"><ele>5.8</ele></trkpt><trkpt lat="37.889305" lon="-122.525266"><ele>6.1</ele></trkpt><trkpt lat="37.889226" lon="-122.525252"><ele>6.2</ele></trkpt><trkpt lat="37.888612" lon="-122.525133"><ele>7.0</ele></trkpt><trkpt lat="37.888502" lon="-122.525113"><ele>7.2</ele></trkpt><trkpt lat="37.888402" lon="-122.525097"><ele>7.4</ele></trkpt><trkpt lat="37.887900" lon="-122.525018"><ele>8.1</ele></trkpt><trkpt lat="37.887816" lon="-122.525003"><ele>8.2</ele></trkpt><trkpt lat="37.887725" lon="-122.524986"><ele>8.3</ele></trkpt><trkpt lat="37.887668" lon="-122.524976"><ele>8.3</ele></trkpt><trkpt lat="37.887609" lon="-122.524961"><ele>8.4</ele></trkpt><trkpt lat="37.887551" lon="-122.524943"><ele>8.5</ele></trkpt><trkpt lat="37.887495" lon="-122.524923"><ele>8.6</ele></trkpt><trkpt lat="37.887446" lon="-122.524902"><ele>8.6</ele></trkpt><trkpt lat="37.887352" lon="-122.524858"><ele>8.8</ele></trkpt><trkpt lat="37.887275" lon="-122.524815"><ele>8.9</ele></trkpt><trkpt lat="37.887194" lon="-122.524765"><ele>9.0</ele></trkpt><trkpt lat="37.887131" lon="-122.524724"><ele>9.1</ele></trkpt><trkpt lat="37.887070" lon="-122.524680"><ele>9.2</ele></trkpt><trkpt lat="37.887015" lon="-122.524635"><ele>9.2</ele></trkpt><trkpt lat="37.886954" lon="-122.524583"><ele>9.3</ele></trkpt><trkpt lat="37.886895" lon="-122.524532"><ele>9.4</ele></trkpt><trkpt lat="37.886751" lon="-122.524403"><ele>10.0</ele></trkpt><trkpt lat="37.886608" lon="-122.524276"><ele>10.6</ele></trkpt><trkpt lat="37.886359" lon="-122.524050"><ele>11.6</ele></trkpt><trkpt lat="37.886306" lon="-122.523997"><ele>11.9</ele></trkpt><trkpt lat="37.886180" lon="-122.523862"><ele>12.1</ele></trkpt><trkpt lat="37.886130" lon="-122.523822"><ele>12.2</ele></trkpt><trkpt lat="37.886078" lon="-122.523784"><ele>12.2</ele></trkpt><trkpt lat="37.886030" lon="-122.523751"><ele>12.3</ele></trkpt><trkpt lat="37.885980" lon="-122.523721"><ele>12.4</ele></trkpt><trkpt lat="37.885927" lon="-122.523694"><ele>12.4</ele></trkpt><trkpt lat="37.885874" lon="-122.523671"><ele>12.5</ele></trkpt><trkpt lat="37.885817" lon="-122.523651"><ele>12.6</ele></trkpt><trkpt lat="37.885761" lon="-122.523635"><ele>12.7</ele></trkpt><trkpt lat="37.885707" lon="-122.523623"><ele>12.7</ele></trkpt><trkpt lat="37.885655" lon="-122.523613"><ele>12.8</ele></trkpt><trkpt lat="37.885601" lon="-122.523607"><ele>12.9</ele></trkpt><trkpt lat="37.885546" lon="-122.523603"><ele>13.0</ele></trkpt><trkpt lat="37.885486" lon="-122.523604"><ele>13.1</ele></trkpt><trkpt lat="37.885430" lon="-122.523609"><ele>13.2</ele></trkpt><trkpt lat="37.885373" lon="-122.523619"><ele>13.3</ele></trkpt><trkpt lat="37.885312" lon="-122.523633"><ele>13.4</ele></trkpt><trkpt lat="37.885254" lon="-122.523650"><ele>13.5</ele></trkpt><trkpt lat="37.885196" lon="-122.523670"><ele>13.6</ele></trkpt><trkpt lat="37.885137" lon="-122.523696"><ele>13.7</ele></trkpt><trkpt lat="37.885075" lon="-122.523726"><ele>13.8</ele></trkpt><trkpt lat="37.885014" lon="-122.523762"><ele>13.9</ele></trkpt><trkpt lat="37.884958" lon="-122.523801"><ele>14.0</ele></trkpt><trkpt lat="37.884905" lon="-122.523842"><ele>13.8</ele></trkpt><trkpt lat="37.884853" lon="-122.523887"><ele>13.6</ele></trkpt><trkpt lat="37.884803" lon="-122.523938"><ele>13.3</ele></trkpt><trkpt lat="37.884752" lon="-122.523996"><ele>13.0</ele></trkpt><trkpt lat="37.884704" lon="-122.524057"><ele>12.8</ele></trkpt><trkpt lat="37.884655" lon="-122.524126"><ele>12.5</ele></trkpt><trkpt lat="37.884588" lon="-122.524225"><ele>12.1</ele></trkpt><trkpt lat="37.884515" lon="-122.524330"><ele>11.7</ele></trkpt><trkpt lat="37.884476" lon="-122.524387"><ele>11.4</ele></trkpt><trkpt lat="37.884434" lon="-122.524441"><ele>11.3</ele></trkpt><trkpt lat="37.884421" lon="-122.524456"><ele>11.2</ele></trkpt><trkpt lat="37.884345" lon="-122.524542"><ele>11.0</ele></trkpt><trkpt lat="37.884287" lon="-122.524594"><ele>10.9</ele></trkpt><trkpt lat="37.884243" lon="-122.524629"><ele>10.8</ele></trkpt><trkpt lat="37.884198" lon="-122.524658"><ele>10.8</ele></trkpt><trkpt lat="37.884143" lon="-122.524687"><ele>10.7</ele></trkpt><trkpt lat="37.884076" lon="-122.524712"><ele>10.5</ele></trkpt><trkpt lat="37.884050" lon="-122.524716"><ele>10.5</ele></trkpt><trkpt lat="37.883952" lon="-122.524734"><ele>10.3</ele></trkpt><trkpt lat="37.883881" lon="-122.524736"><ele>10.2</ele></trkpt><trkpt lat="37.883807" lon="-122.524735"><ele>10.1</ele></trkpt><trkpt lat="37.883688" lon="-122.524730"><ele>9.7</ele></trkpt><trkpt lat="37.883578" lon="-122.524722"><ele>9.3</ele></trkpt><trkpt lat="37.883494" lon="-122.524713"><ele>8.9</ele></trkpt><trkpt lat="37.883407" lon="-122.524706"><ele>8.6</ele></trkpt><trkpt lat="37.883322" lon="-122.524700"><ele>8.3</ele></trkpt><trkpt lat="37.883236" lon="-122.524701"><ele>8.0</ele></trkpt><trkpt lat="37.883145" lon="-122.524705"><ele>7.6</ele></trkpt><trkpt lat="37.883036" lon="-122.524718"><ele>7.5</ele></trkpt><trkpt lat="37.882925" lon="-122.524738"><ele>8.2</ele></trkpt><trkpt lat="37.882817" lon="-122.524761"><ele>8.9</ele></trkpt><trkpt lat="37.882706" lon="-122.524788"><ele>9.6</ele></trkpt><trkpt lat="37.882608" lon="-122.524814"><ele>10.2</ele></trkpt><trkpt lat="37.882444" lon="-122.524859"><ele>11.3</ele></trkpt><trkpt lat="37.882278" lon="-122.524908"><ele>12.2</ele></trkpt><trkpt lat="37.882218" lon="-122.524920"><ele>12.4</ele></trkpt><trkpt lat="37.882185" lon="-122.524923"><ele>12.5</ele></trkpt><trkpt lat="37.882149" lon="-122.524924"><ele>12.7</ele></trkpt><trkpt lat="37.882117" lon="-122.524923"><ele>12.8</ele></trkpt><trkpt lat="37.882103" lon="-122.524979"><ele>13.0</ele></trkpt><trkpt lat="37.882088" lon="-122.525029"><ele>13.1</ele></trkpt><trkpt lat="37.882070" lon="-122.525077"><ele>13.3</ele></trkpt><trkpt lat="37.882050" lon="-122.525126"><ele>13.5</ele></trkpt><trkpt lat="37.882035" lon="-122.525155"><ele>13.6</ele></trkpt><trkpt lat="37.881995" lon="-122.525233"><ele>13.8</ele></trkpt><trkpt lat="37.881962" lon="-122.525295"><ele>14.1</ele></trkpt><trkpt lat="37.881930" lon="-122.525353"><ele>14.3</ele></trkpt><trkpt lat="37.881909" lon="-122.525390"><ele>14.4</ele></trkpt><trkpt lat="37.881891" lon="-122.525420"><ele>14.5</ele></trkpt><trkpt lat="37.881831" lon="-122.525522"><ele>15.0</ele></trkpt><trkpt lat="37.881785" lon="-122.525596"><ele>15.3</ele></trkpt><trkpt lat="37.881750" lon="-122.525664"><ele>15.6</ele></trkpt><trkpt lat="37.881675" lon="-122.525775"><ele>16.2</ele></trkpt><trkpt lat="37.881623" lon="-122.525860"><ele>16.6</ele></trkpt><trkpt lat="37.881535" lon="-122.525995"><ele>17.2</ele></trkpt><trkpt lat="37.881436" lon="-122.526139"><ele>17.9</ele></trkpt><trkpt lat="37.881315" lon="-122.526298"><ele>16.7</ele></trkpt><trkpt lat="37.881156" lon="-122.526504"><ele>14.9</ele></trkpt><trkpt lat="37.881076" lon="-122.526595"><ele>14.1</ele></trkpt><trkpt lat="37.881028" lon="-122.526470"><ele>13.2</ele></trkpt><trkpt lat="37.880972" lon="-122.526416"><ele>12.6</ele></trkpt><trkpt lat="37.880813" lon="-122.526262"><ele>11.3</ele></trkpt><trkpt lat="37.880717" lon="-122.526188"><ele>10.6</ele></trkpt><trkpt lat="37.880631" lon="-122.526133"><ele>10.1</ele></trkpt><trkpt lat="37.880531" lon="-122.526083"><ele>9.4</ele></trkpt><trkpt lat="37.880428" lon="-122.526038"><ele>8.8</ele></trkpt><trkpt lat="37.880316" lon="-122.526011"><ele>8.1</ele></trkpt><trkpt lat="37.880201" lon="-122.525993"><ele>7.4</ele></trkpt><trkpt lat="37.880033" lon="-122.525992"><ele>6.3</ele></trkpt><trkpt lat="37.879921" lon="-122.525999"><ele>5.6</ele></trkpt><trkpt lat="37.879814" lon="-122.526032"><ele>4.9</ele></trkpt><trkpt lat="37.878835" lon="-122.526437"><ele>2.4</ele></trkpt><trkpt lat="37.878808" lon="-122.526448"><ele>2.4</ele></trkpt><trkpt lat="37.878571" lon="-122.526548"><ele>2.3</ele></trkpt><trkpt lat="37.878301" lon="-122.526657"><ele>2.2</ele></trkpt><trkpt lat="37.877646" lon="-122.526931"><ele>2.1</ele></trkpt><trkpt lat="37.877103" lon="-122.527155"><ele>3.2</ele></trkpt><trkpt lat="37.877071" lon="-122.527162"><ele>3.3</ele></trkpt><trkpt lat="37.877043" lon="-122.527159"><ele>3.4</ele></trkpt><trkpt lat="37.876995" lon="-122.527140"><ele>3.5</ele></trkpt><trkpt lat="37.876912" lon="-122.527086"><ele>3.7</ele></trkpt><trkpt lat="37.876843" lon="-122.527044"><ele>3.9</ele></trkpt><trkpt lat="37.876940" lon="-122.526756"><ele>4.8</ele></trkpt><trkpt lat="37.876975" lon="-122.526622"><ele>5.1</ele></trkpt><trkpt lat="37.876983" lon="-122.526582"><ele>5.2</ele></trkpt><trkpt lat="37.876994" lon="-122.526490"><ele>5.5</ele></trkpt><trkpt lat="37.876992" lon="-122.526434"><ele>5.6</ele></trkpt><trkpt lat="37.876862" lon="-122.526444"><ele>6.1</ele></trkpt><trkpt lat="37.876758" lon="-122.526443"><ele>6.4</ele></trkpt><trkpt lat="37.876664" lon="-122.526438"><ele>6.8</ele></trkpt><trkpt lat="37.876594" lon="-122.526418"><ele>7.1</ele></trkpt><trkpt lat="37.876518" lon="-122.526377"><ele>7.4</ele></trkpt><trkpt lat="37.876420" lon="-122.526297"><ele>7.8</ele></trkpt><trkpt lat="37.876245" lon="-122.526138"><ele>8.7</ele></trkpt><trkpt lat="37.876132" lon="-122.526047"><ele>9.1</ele></trkpt><trkpt lat="37.876010" lon="-122.525963"><ele>9.0</ele></trkpt><trkpt lat="37.875923" lon="-122.525923"><ele>8.9</ele></trkpt><trkpt lat="37.875851" lon="-122.525895"><ele>8.9</ele></trkpt><trkpt lat="37.875758" lon="-122.525887"><ele>8.8</ele></trkpt><trkpt lat="37.875675" lon="-122.525889"><ele>8.7</ele></trkpt><trkpt lat="37.875593" lon="-122.525905"><ele>8.7</ele></trkpt><trkpt lat="37.875401" lon="-122.525970"><ele>8.5</ele></trkpt><trkpt lat="37.875162" lon="-122.526045"><ele>8.5</ele></trkpt><trkpt lat="37.875073" lon="-122.526060"><ele>8.5</ele></trkpt><trkpt lat="37.874984" lon="-122.526069"><ele>8.5</ele></trkpt><trkpt lat="37.874892" lon="-122.526064"><ele>8.5</ele></trkpt><trkpt lat="37.874800" lon="-122.526056"><ele>8.5</ele></trkpt><trkpt lat="37.874379" lon="-122.525985"><ele>7.9</ele></trkpt><trkpt lat="37.874314" lon="-122.525983"><ele>7.8</ele></trkpt><trkpt lat="37.874231" lon="-122.525985"><ele>7.7</ele></trkpt><trkpt lat="37.874058" lon="-122.526000"><ele>7.4</ele></trkpt><trkpt lat="37.873962" lon="-122.526004"><ele>7.4</ele></trkpt><trkpt lat="37.873841" lon="-122.525995"><ele>7.5</ele></trkpt><trkpt lat="37.873689" lon="-122.525971"><ele>7.6</ele></trkpt><trkpt lat="37.873510" lon="-122.525941"><ele>7.7</ele></trkpt><trkpt lat="37.873394" lon="-122.525913"><ele>7.8</ele></trkpt><trkpt lat="37.873120" lon="-122.525833"><ele>7.8</ele></trkpt><trkpt lat="37.873060" lon="-122.525819"><ele>7.7</ele></trkpt><trkpt lat="37.873005" lon="-122.525818"><ele>7.7</ele></trkpt><trkpt lat="37.872935" lon="-122.525832"><ele>7.6</ele></trkpt><trkpt lat="37.872387" lon="-122.526039"><ele>7.5</ele></trkpt><trkpt lat="37.872011" lon="-122.526191"><ele>7.8</ele></trkpt><trkpt lat="37.871356" lon="-122.526495"><ele>7.7</ele></trkpt><trkpt lat="37.870932" lon="-122.526683"><ele>8.3</ele></trkpt><trkpt lat="37.870522" lon="-122.526853"><ele>9.1</ele></trkpt><trkpt lat="37.870409" lon="-122.526901"><ele>8.9</ele></trkpt><trkpt lat="37.870304" lon="-122.526953"><ele>8.6</ele></trkpt><trkpt lat="37.870222" lon="-122.527005"><ele>8.4</ele></trkpt><trkpt lat="37.870140" lon="-122.527070"><ele>8.2</ele></trkpt><trkpt lat="37.870050" lon="-122.527166"><ele>8.0</ele></trkpt><trkpt lat="37.869866" lon="-122.527393"><ele>7.6</ele></trkpt><trkpt lat="37.869544" lon="-122.527798"><ele>7.6</ele></trkpt><trkpt lat="37.869476" lon="-122.527886"><ele>7.6</ele></trkpt><trkpt lat="37.869388" lon="-122.528001"><ele>7.7</ele></trkpt><trkpt lat="37.869209" lon="-122.528213"><ele>8.2</ele></trkpt><trkpt lat="37.869069" lon="-122.528359"><ele>8.6</ele></trkpt><trkpt lat="37.868932" lon="-122.528490"><ele>9.0</ele></trkpt><trkpt lat="37.868807" lon="-122.528602"><ele>9.6</ele></trkpt><trkpt lat="37.868599" lon="-122.528804"><ele>11.2</ele></trkpt><trkpt lat="37.868425" lon="-122.528979"><ele>12.5</ele></trkpt><trkpt lat="37.868328" lon="-122.529089"><ele>13.2</ele></trkpt><trkpt lat="37.868258" lon="-122.529193"><ele>13.9</ele></trkpt><trkpt lat="37.868072" lon="-122.529548"><ele>16.0</ele></trkpt><trkpt lat="37.867999" lon="-122.529665"><ele>16.8</ele></trkpt><trkpt lat="37.867925" lon="-122.529757"><ele>17.4</ele></trkpt><trkpt lat="37.867704" lon="-122.529962"><ele>19.0</ele></trkpt><trkpt lat="37.867599" lon="-122.530084"><ele>19.8</ele></trkpt><trkpt lat="37.867128" lon="-122.530760"><ele>23.9</ele></trkpt><trkpt lat="37.867030" lon="-122.530892"><ele>24.7</ele></trkpt><trkpt lat="37.866910" lon="-122.531039"><ele>25.7</ele></trkpt><trkpt lat="37.866799" lon="-122.531152"><ele>26.8</ele></trkpt><trkpt lat="37.866681" lon="-122.531241"><ele>28.2</ele></trkpt><trkpt lat="37.866591" lon="-122.531293"><ele>29.2</ele></trkpt><trkpt lat="37.866373" lon="-122.531386"><ele>31.7</ele></trkpt><trkpt lat="37.866300" lon="-122.531425"><ele>32.5</ele></trkpt><trkpt lat="37.866232" lon="-122.531474"><ele>33.3</ele></trkpt><trkpt lat="37.866166" lon="-122.531540"><ele>33.9</ele></trkpt><trkpt lat="37.866001" lon="-122.531760"><ele>34.3</ele></trkpt><trkpt lat="37.865909" lon="-122.531894"><ele>34.5</ele></trkpt><trkpt lat="37.865763" lon="-122.532078"><ele>34.9</ele></trkpt><trkpt lat="37.865673" lon="-122.532206"><ele>35.3</ele></trkpt><trkpt lat="37.865450" lon="-122.532574"><ele>37.1</ele></trkpt><trkpt lat="37.865375" lon="-122.532679"><ele>37.7</ele></trkpt><trkpt lat="37.865302" lon="-122.532762"><ele>38.2</ele></trkpt><trkpt lat="37.865204" lon="-122.532840"><ele>38.7</ele></trkpt><trkpt lat="37.865089" lon="-122.532911"><ele>38.9</ele></trkpt><trkpt lat="37.864878" lon="-122.533018"><ele>39.3</ele></trkpt><trkpt lat="37.864776" lon="-122.533062"><ele>39.5</ele></trkpt><trkpt lat="37.864617" lon="-122.533124"><ele>39.8</ele></trkpt><trkpt lat="37.864515" lon="-122.533166"><ele>40.0</ele></trkpt><trkpt lat="37.864416" lon="-122.533226"><ele>40.7</ele></trkpt><trkpt lat="37.864163" lon="-122.533412"><ele>42.4</ele></trkpt><trkpt lat="37.864044" lon="-122.533481"><ele>43.2</ele></trkpt><trkpt lat="37.863900" lon="-122.533543"><ele>44.1</ele></trkpt><trkpt lat="37.863562" lon="-122.533653"><ele>45.7</ele></trkpt><trkpt lat="37.863436" lon="-122.533704"><ele>46.4</ele></trkpt><trkpt lat="37.862942" lon="-122.533938"><ele>48.6</ele></trkpt><trkpt lat="37.862838" lon="-122.533984"><ele>49.0</ele></trkpt><trkpt lat="37.862754" lon="-122.534032"><ele>49.3</ele></trkpt><trkpt lat="37.862660" lon="-122.534099"><ele>49.8</ele></trkpt><trkpt lat="37.862575" lon="-122.534173"><ele>50.1</ele></trkpt><trkpt lat="37.862502" lon="-122.534249"><ele>50.6</ele></trkpt><trkpt lat="37.862428" lon="-122.534341"><ele>51.3</ele></trkpt><trkpt lat="37.862364" lon="-122.534441"><ele>51.9</ele></trkpt><trkpt lat="37.862297" lon="-122.534553"><ele>52.6</ele></trkpt><trkpt lat="37.862235" lon="-122.534644"><ele>53.2</ele></trkpt><trkpt lat="37.862160" lon="-122.534741"><ele>53.9</ele></trkpt><trkpt lat="37.862069" lon="-122.534845"><ele>54.7</ele></trkpt><trkpt lat="37.861968" lon="-122.534927"><ele>55.3</ele></trkpt><trkpt lat="37.861826" lon="-122.535029"><ele>56.0</ele></trkpt><trkpt lat="37.861651" lon="-122.535124"><ele>56.8</ele></trkpt><trkpt lat="37.861581" lon="-122.535160"><ele>57.1</ele></trkpt><trkpt lat="37.861522" lon="-122.535196"><ele>57.4</ele></trkpt><trkpt lat="37.861467" lon="-122.535237"><ele>57.6</ele></trkpt><trkpt lat="37.861414" lon="-122.535279"><ele>57.9</ele></trkpt><trkpt lat="37.861368" lon="-122.535320"><ele>58.1</ele></trkpt><trkpt lat="37.861317" lon="-122.535367"><ele>58.3</ele></trkpt><trkpt lat="37.861222" lon="-122.535465"><ele>58.6</ele></trkpt><trkpt lat="37.861128" lon="-122.535567"><ele>59.0</ele></trkpt><trkpt lat="37.861031" lon="-122.535678"><ele>59.4</ele></trkpt><trkpt lat="37.860939" lon="-122.535781"><ele>59.7</ele></trkpt><trkpt lat="37.860840" lon="-122.535885"><ele>60.0</ele></trkpt><trkpt lat="37.860755" lon="-122.535969"><ele>60.0</ele></trkpt><trkpt lat="37.860549" lon="-122.536165"><ele>60.0</ele></trkpt><trkpt lat="37.860360" lon="-122.536345"><ele>60.0</ele></trkpt><trkpt lat="37.860328" lon="-122.536379"><ele>60.0</ele></trkpt><trkpt lat="37.860190" lon="-122.536531"><ele>59.8</ele></trkpt><trkpt lat="37.860101" lon="-122.536630"><ele>59.5</ele></trkpt><trkpt lat="37.860018" lon="-122.536725"><ele>59.3</ele></trkpt><trkpt lat="37.859945" lon="-122.536809"><ele>59.1</ele></trkpt><trkpt lat="37.859867" lon="-122.536892"><ele>58.9</ele></trkpt><trkpt lat="37.859794" lon="-122.536965"><ele>58.7</ele></trkpt><trkpt lat="37.859709" lon="-122.537038"><ele>58.3</ele></trkpt><trkpt lat="37.859614" lon="-122.537106"><ele>57.5</ele></trkpt><trkpt lat="37.859154" lon="-122.537413"><ele>53.5</ele></trkpt><trkpt lat="37.858730" lon="-122.537690"><ele>50.6</ele></trkpt><trkpt lat="37.858630" lon="-122.537754"><ele>49.9</ele></trkpt><trkpt lat="37.858539" lon="-122.537817"><ele>49.3</ele></trkpt><trkpt lat="37.858456" lon="-122.537879"><ele>48.8</ele></trkpt><trkpt lat="37.858378" lon="-122.537943"><ele>48.3</ele></trkpt><trkpt lat="37.858300" lon="-122.538017"><ele>47.8</ele></trkpt><trkpt lat="37.858230" lon="-122.538091"><ele>47.3</ele></trkpt><trkpt lat="37.858167" lon="-122.538163"><ele>46.9</ele></trkpt><trkpt lat="37.858099" lon="-122.538247"><ele>46.4</ele></trkpt><trkpt lat="37.858026" lon="-122.538342"><ele>45.9</ele></trkpt><trkpt lat="37.857835" lon="-122.538603"><ele>46.5</ele></trkpt><trkpt lat="37.857769" lon="-122.538689"><ele>47.5</ele></trkpt><trkpt lat="37.857701" lon="-122.538767"><ele>48.6</ele></trkpt><trkpt lat="37.857636" lon="-122.538838"><ele>49.5</ele></trkpt><trkpt lat="37.857583" lon="-122.538885"><ele>50.2</ele></trkpt><trkpt lat="37.857526" lon="-122.538929"><ele>51.0</ele></trkpt><trkpt lat="37.857471" lon="-122.538964"><ele>51.7</ele></trkpt><trkpt lat="37.857412" lon="-122.538995"><ele>52.4</ele></trkpt><trkpt lat="37.857448" lon="-122.539108"><ele>53.3</ele></trkpt><trkpt lat="37.857488" lon="-122.539243"><ele>54.1</ele></trkpt><trkpt lat="37.857521" lon="-122.539359"><ele>54.8</ele></trkpt><trkpt lat="37.857547" lon="-122.539465"><ele>55.4</ele></trkpt><trkpt lat="37.857568" lon="-122.539566"><ele>56.0</ele></trkpt><trkpt lat="37.857586" lon="-122.539674"><ele>56.7</ele></trkpt><trkpt lat="37.857603" lon="-122.539782"><ele>57.3</ele></trkpt><trkpt lat="37.857621" lon="-122.539877"><ele>57.8</ele></trkpt><trkpt lat="37.857645" lon="-122.539966"><ele>58.4</ele></trkpt><trkpt lat="37.857684" lon="-122.540044"><ele>59.2</ele></trkpt><trkpt lat="37.857730" lon="-122.540122"><ele>60.1</ele></trkpt><trkpt lat="37.857811" lon="-122.540229"><ele>61.4</ele></trkpt><trkpt lat="37.857912" lon="-122.540351"><ele>62.9</ele></trkpt><trkpt lat="37.857972" lon="-122.540443"><ele>63.9</ele></trkpt><trkpt lat="37.858012" lon="-122.540523"><ele>64.7</ele></trkpt><trkpt lat="37.858088" lon="-122.540711"><ele>66.1</ele></trkpt><trkpt lat="37.858147" lon="-122.540856"><ele>65.8</ele></trkpt><trkpt lat="37.858200" lon="-122.540950"><ele>65.6</ele></trkpt><trkpt lat="37.858332" lon="-122.541129"><ele>65.2</ele></trkpt><trkpt lat="37.858570" lon="-122.541430"><ele>65.1</ele></trkpt><trkpt lat="37.858663" lon="-122.541559"><ele>66.0</ele></trkpt><trkpt lat="37.858877" lon="-122.541865"><ele>68.0</ele></trkpt><trkpt lat="37.858966" lon="-122.541972"><ele>68.8</ele></trkpt><trkpt lat="37.859153" lon="-122.542170"><ele>70.6</ele></trkpt><trkpt lat="37.859239" lon="-122.542271"><ele>71.6</ele></trkpt><trkpt lat="37.859290" lon="-122.542355"><ele>72.2</ele></trkpt><trkpt lat="37.859353" lon="-122.542466"><ele>73.1</ele></trkpt><trkpt lat="37.859637" lon="-122.543095"><ele>77.7</ele></trkpt><trkpt lat="37.859701" lon="-122.543220"><ele>78.6</ele></trkpt><trkpt lat="37.859763" lon="-122.543319"><ele>79.4</ele></trkpt><trkpt lat="37.859847" lon="-122.543445"><ele>80.4</ele></trkpt><trkpt lat="37.860223" lon="-122.543894"><ele>82.4</ele></trkpt><trkpt lat="37.860605" lon="-122.544293"><ele>82.9</ele></trkpt><trkpt lat="37.860783" lon="-122.544451"><ele>82.6</ele></trkpt><trkpt lat="37.860924" lon="-122.544558"><ele>82.4</ele></trkpt><trkpt lat="37.861087" lon="-122.544651"><ele>83.0</ele></trkpt><trkpt lat="37.861139" lon="-122.544669"><ele>83.5</ele></trkpt><trkpt lat="37.861193" lon="-122.544677"><ele>83.9</ele></trkpt><trkpt lat="37.861294" lon="-122.544675"><ele>84.7</ele></trkpt><trkpt lat="37.861440" lon="-122.544660"><ele>85.9</ele></trkpt><trkpt lat="37.861487" lon="-122.544667"><ele>86.2</ele></trkpt><trkpt lat="37.861529" lon="-122.544686"><ele>86.6</ele></trkpt><trkpt lat="37.861558" lon="-122.544717"><ele>86.9</ele></trkpt><trkpt lat="37.861585" lon="-122.544765"><ele>87.3</ele></trkpt><trkpt lat="37.861593" lon="-122.544817"><ele>87.6</ele></trkpt><trkpt lat="37.861594" lon="-122.544878"><ele>88.0</ele></trkpt><trkpt lat="37.861579" lon="-122.544948"><ele>88.2</ele></trkpt><trkpt lat="37.861542" lon="-122.545003"><ele>88.4</ele></trkpt><trkpt lat="37.861482" lon="-122.545065"><ele>88.7</ele></trkpt><trkpt lat="37.861122" lon="-122.545375"><ele>90.2</ele></trkpt><trkpt lat="37.861080" lon="-122.545422"><ele>90.4</ele></trkpt><trkpt lat="37.861010" lon="-122.545530"><ele>90.5</ele></trkpt><trkpt lat="37.860938" lon="-122.545671"><ele>90.5</ele></trkpt><trkpt lat="37.860922" lon="-122.545698"><ele>90.5</ele></trkpt><trkpt lat="37.860909" lon="-122.545716"><ele>90.5</ele></trkpt><trkpt lat="37.860893" lon="-122.545726"><ele>90.5</ele></trkpt><trkpt lat="37.860875" lon="-122.545730"><ele>90.5</ele></trkpt><trkpt lat="37.860875" lon="-122.545730"><ele>90.5</ele></trkpt></trkseg></trk>
</gpx>