<?xml version="1.0" encoding="UTF-8"?>
<gpx version="1.1" creator="north-bay-planning" xmlns="http://www.topografix.com/GPX/1/1">
<metadata><name>Marin trip 3 - Alt 1 Sunday (ridge and coast), ferry home</name><desc>Oct 22-26, 2026. Thu Embarcadero to Bicentennial, Fri to Pantoll, Sat to Samuel P. Taylor, Sun to Haypress, Mon out. Camps are waypoints.</desc></metadata>
<wpt lat="37.824620" lon="-122.526580"><name>Night 1 Bicentennial site 02</name><desc>Booked.</desc></wpt>
<wpt lat="37.903820" lon="-122.603640"><name>Night 2 Pantoll hike-and-bike</name><desc>Walk-up.</desc></wpt>
<wpt lat="38.018280" lon="-122.733140"><name>Night 3 Samuel P. Taylor hike-and-bike</name><desc>Walk-up.</desc></wpt>
<wpt lat="37.860800" lon="-122.545820"><name>Night 4 Haypress</name><desc>Reserve on recreation.gov.</desc></wpt>
<trk><name>Marin trip 3 - Alt 1 Sunday (ridge and coast), ferry home</name><trkseg><trkpt lat="37.792869" lon="-122.396860"><ele>6.7</ele></trkpt><trkpt lat="37.792579" lon="-122.397225"><ele>6.7</ele></trkpt><trkpt lat="37.792440" lon="-122.397404"><ele>6.9</ele></trkpt><trkpt lat="37.792338" lon="-122.397533"><ele>7.2</ele></trkpt><trkpt lat="37.791890" lon="-122.398102"><ele>8.9</ele></trkpt><trkpt lat="37.791825" lon="-122.398183"><ele>9.3</ele></trkpt><trkpt lat="37.791734" lon="-122.398298"><ele>9.7</ele></trkpt><trkpt lat="37.791648" lon="-122.398407"><ele>9.2</ele></trkpt><trkpt lat="37.791601" lon="-122.398465"><ele>8.8</ele></trkpt><trkpt lat="37.791341" lon="-122.398795"><ele>6.7</ele></trkpt><trkpt lat="37.791194" lon="-122.398983"><ele>5.9</ele></trkpt><trkpt lat="37.791146" lon="-122.399042"><ele>5.6</ele></trkpt><trkpt lat="37.791051" lon="-122.399163"><ele>5.1</ele></trkpt><trkpt lat="37.790929" lon="-122.399316"><ele>4.4</ele></trkpt><trkpt lat="37.790878" lon="-122.399381"><ele>4.0</ele></trkpt><trkpt lat="37.790713" lon="-122.399596"><ele>3.0</ele></trkpt><trkpt lat="37.790641" lon="-122.399686"><ele>2.6</ele></trkpt><trkpt lat="37.790312" lon="-122.400097"><ele>3.4</ele></trkpt><trkpt lat="37.790123" lon="-122.400339"><ele>4.0</ele></trkpt><trkpt lat="37.790056" lon="-122.400421"><ele>4.1</ele></trkpt><trkpt lat="37.789887" lon="-122.400635"><ele>4.2</ele></trkpt><trkpt lat="37.789377" lon="-122.401281"><ele>9.0</ele></trkpt><trkpt lat="37.789347" lon="-122.401319"><ele>9.3</ele></trkpt><trkpt lat="37.789321" lon="-122.401351"><ele>9.6</ele></trkpt><trkpt lat="37.789284" lon="-122.401398"><ele>10.0</ele></trkpt><trkpt lat="37.789245" lon="-122.401447"><ele>10.4</ele></trkpt><trkpt lat="37.789206" lon="-122.401497"><ele>10.8</ele></trkpt><trkpt lat="37.788917" lon="-122.401864"><ele>14.0</ele></trkpt><trkpt lat="37.788818" lon="-122.401988"><ele>15.2</ele></trkpt><trkpt lat="37.788706" lon="-122.402129"><ele>16.6</ele></trkpt><trkpt lat="37.788656" lon="-122.402196"><ele>17.1</ele></trkpt><trkpt lat="37.788512" lon="-122.402375"><ele>17.1</ele></trkpt><trkpt lat="37.788031" lon="-122.402984"><ele>17.3</ele></trkpt><trkpt lat="37.787838" lon="-122.403231"><ele>17.8</ele></trkpt><trkpt lat="37.787785" lon="-122.403298"><ele>18.2</ele></trkpt><trkpt lat="37.787736" lon="-122.403360"><ele>18.5</ele></trkpt><trkpt lat="37.787676" lon="-122.403436"><ele>19.0</ele></trkpt><trkpt lat="37.787512" lon="-122.403643"><ele>20.2</ele></trkpt><trkpt lat="37.787446" lon="-122.403726"><ele>20.8</ele></trkpt><trkpt lat="37.786750" lon="-122.404606"><ele>28.3</ele></trkpt><trkpt lat="37.786587" lon="-122.404814"><ele>28.3</ele></trkpt><trkpt lat="37.786503" lon="-122.404921"><ele>28.3</ele></trkpt><trkpt lat="37.786378" lon="-122.405081"><ele>28.3</ele></trkpt><trkpt lat="37.786355" lon="-122.405111"><ele>28.4</ele></trkpt><trkpt lat="37.786258" lon="-122.405233"><ele>28.6</ele></trkpt><trkpt lat="37.785873" lon="-122.405717"><ele>28.2</ele></trkpt><trkpt lat="37.785843" lon="-122.405754"><ele>27.9</ele></trkpt><trkpt lat="37.785714" lon="-122.405916"><ele>26.6</ele></trkpt><trkpt lat="37.785551" lon="-122.406123"><ele>25.0</ele></trkpt><trkpt lat="37.785472" lon="-122.406223"><ele>24.1</ele></trkpt><trkpt lat="37.785445" lon="-122.406258"><ele>23.8</ele></trkpt><trkpt lat="37.784912" lon="-122.406933"><ele>16.9</ele></trkpt><trkpt lat="37.784846" lon="-122.407015"><ele>16.0</ele></trkpt><trkpt lat="37.784619" lon="-122.407303"><ele>15.5</ele></trkpt><trkpt lat="37.784577" lon="-122.407357"><ele>15.4</ele></trkpt><trkpt lat="37.784137" lon="-122.407917"><ele>13.7</ele></trkpt><trkpt lat="37.784112" lon="-122.407946"><ele>13.6</ele></trkpt><trkpt lat="37.784013" lon="-122.408071"><ele>13.7</ele></trkpt><trkpt lat="37.783905" lon="-122.408209"><ele>14.2</ele></trkpt><trkpt lat="37.783873" lon="-122.408248"><ele>14.4</ele></trkpt><trkpt lat="37.783509" lon="-122.408711"><ele>15.5</ele></trkpt><trkpt lat="37.783329" lon="-122.408937"><ele>15.8</ele></trkpt><trkpt lat="37.783202" lon="-122.409100"><ele>16.4</ele></trkpt><trkpt lat="37.783134" lon="-122.409185"><ele>16.7</ele></trkpt><trkpt lat="37.783037" lon="-122.409308"><ele>17.2</ele></trkpt><trkpt lat="37.782851" lon="-122.409543"><ele>17.9</ele></trkpt><trkpt lat="37.782368" lon="-122.410153"><ele>19.6</ele></trkpt><trkpt lat="37.782350" lon="-122.410175"><ele>19.7</ele></trkpt><trkpt lat="37.782207" lon="-122.410356"><ele>20.2</ele></trkpt><trkpt lat="37.782194" lon="-122.410403"><ele>20.3</ele></trkpt><trkpt lat="37.782173" lon="-122.410479"><ele>20.5</ele></trkpt><trkpt lat="37.782139" lon="-122.410529"><ele>20.6</ele></trkpt><trkpt lat="37.782060" lon="-122.410630"><ele>20.9</ele></trkpt><trkpt lat="37.781205" lon="-122.411717"><ele>21.1</ele></trkpt><trkpt lat="37.781094" lon="-122.411859"><ele>21.1</ele></trkpt><trkpt lat="37.781012" lon="-122.411963"><ele>20.8</ele></trkpt><trkpt lat="37.780981" lon="-122.412003"><ele>20.7</ele></trkpt><trkpt lat="37.780695" lon="-122.412366"><ele>19.3</ele></trkpt><trkpt lat="37.780659" lon="-122.412410"><ele>19.2</ele></trkpt><trkpt lat="37.780527" lon="-122.412576"><ele>19.0</ele></trkpt><trkpt lat="37.780481" lon="-122.412635"><ele>18.9</ele></trkpt><trkpt lat="37.780429" lon="-122.412702"><ele>18.8</ele></trkpt><trkpt lat="37.779627" lon="-122.413733"><ele>17.5</ele></trkpt><trkpt lat="37.779578" lon="-122.413796"><ele>17.6</ele></trkpt><trkpt lat="37.779008" lon="-122.414529"><ele>20.0</ele></trkpt><trkpt lat="37.778882" lon="-122.414691"><ele>20.4</ele></trkpt><trkpt lat="37.778828" lon="-122.414759"><ele>20.6</ele></trkpt><trkpt lat="37.778777" lon="-122.414826"><ele>20.8</ele></trkpt><trkpt lat="37.778646" lon="-122.414992"><ele>21.5</ele></trkpt><trkpt lat="37.777786" lon="-122.416083"><ele>22.5</ele></trkpt><trkpt lat="37.777687" lon="-122.416197"><ele>22.3</ele></trkpt><trkpt lat="37.777545" lon="-122.416362"><ele>22.1</ele></trkpt><trkpt lat="37.777426" lon="-122.416513"><ele>21.8</ele></trkpt><trkpt lat="37.776747" lon="-122.417371"><ele>21.2</ele></trkpt><trkpt lat="37.776724" lon="-122.417399"><ele>21.1</ele></trkpt><trkpt lat="37.776712" lon="-122.417415"><ele>21.1</ele></trkpt><trkpt lat="37.776619" lon="-122.417527"><ele>21.0</ele></trkpt><trkpt lat="37.776582" lon="-122.417574"><ele>20.9</ele></trkpt><trkpt lat="37.776543" lon="-122.417620"><ele>20.8</ele></trkpt><trkpt lat="37.776448" lon="-122.417742"><ele>20.8</ele></trkpt><trkpt lat="37.776369" lon="-122.417844"><ele>21.1</ele></trkpt><trkpt lat="37.776316" lon="-122.417913"><ele>21.2</ele></trkpt><trkpt lat="37.776215" lon="-122.418042"><ele>21.6</ele></trkpt><trkpt lat="37.775706" lon="-122.418695"><ele>21.9</ele></trkpt><trkpt lat="37.775468" lon="-122.418998"><ele>21.6</ele></trkpt><trkpt lat="37.775424" lon="-122.419054"><ele>21.5</ele></trkpt><trkpt lat="37.775396" lon="-122.419090"><ele>21.4</ele></trkpt><trkpt lat="37.775321" lon="-122.419183"><ele>21.3</ele></trkpt><trkpt lat="37.775263" lon="-122.419260"><ele>21.2</ele></trkpt><trkpt lat="37.775185" lon="-122.419361"><ele>21.0</ele></trkpt><trkpt lat="37.775065" lon="-122.419515"><ele>20.7</ele></trkpt><trkpt lat="37.775051" lon="-122.419565"><ele>20.6</ele></trkpt><trkpt lat="37.774841" lon="-122.419837"><ele>20.4</ele></trkpt><trkpt lat="37.774755" lon="-122.420004"><ele>20.4</ele></trkpt><trkpt lat="37.774572" lon="-122.420236"><ele>20.4</ele></trkpt><trkpt lat="37.774527" lon="-122.420293"><ele>20.4</ele></trkpt><trkpt lat="37.774487" lon="-122.420344"><ele>20.4</ele></trkpt><trkpt lat="37.774441" lon="-122.420366"><ele>20.4</ele></trkpt><trkpt lat="37.774325" lon="-122.420523"><ele>20.4</ele></trkpt><trkpt lat="37.774229" lon="-122.420652"><ele>20.4</ele></trkpt><trkpt lat="37.774123" lon="-122.420738"><ele>20.8</ele></trkpt><trkpt lat="37.773721" lon="-122.421246"><ele>22.4</ele></trkpt><trkpt lat="37.773650" lon="-122.421336"><ele>22.7</ele></trkpt><trkpt lat="37.773462" lon="-122.421593"><ele>23.4</ele></trkpt><trkpt lat="37.773223" lon="-122.421895"><ele>24.2</ele></trkpt><trkpt lat="37.773076" lon="-122.422056"><ele>24.6</ele></trkpt><trkpt lat="37.773032" lon="-122.422112"><ele>24.8</ele></trkpt><trkpt lat="37.772930" lon="-122.422242"><ele>25.3</ele></trkpt><trkpt lat="37.772827" lon="-122.422371"><ele>25.8</ele></trkpt><trkpt lat="37.772599" lon="-122.422660"><ele>26.8</ele></trkpt><trkpt lat="37.772407" lon="-122.422903"><ele>27.4</ele></trkpt><trkpt lat="37.772253" lon="-122.423098"><ele>28.0</ele></trkpt><trkpt lat="37.772157" lon="-122.423212"><ele>28.5</ele></trkpt><trkpt lat="37.772096" lon="-122.423280"><ele>28.8</ele></trkpt><trkpt lat="37.772060" lon="-122.423317"><ele>29.0</ele></trkpt><trkpt lat="37.772030" lon="-122.423352"><ele>29.1</ele></trkpt><trkpt lat="37.771986" lon="-122.423402"><ele>29.4</ele></trkpt><trkpt lat="37.771918" lon="-122.423485"><ele>29.7</ele></trkpt><trkpt lat="37.771861" lon="-122.423559"><ele>30.0</ele></trkpt><trkpt lat="37.771805" lon="-122.423628"><ele>30.3</ele></trkpt><trkpt lat="37.771770" lon="-122.423673"><ele>30.5</ele></trkpt><trkpt lat="37.771310" lon="-122.424255"><ele>33.7</ele></trkpt><trkpt lat="37.771268" lon="-122.424317"><ele>34.1</ele></trkpt><trkpt lat="37.771181" lon="-122.424450"><ele>35.0</ele></trkpt><trkpt lat="37.771138" lon="-122.424510"><ele>35.5</ele></trkpt><trkpt lat="37.771102" lon="-122.424556"><ele>35.8</ele></trkpt><trkpt lat="37.770861" lon="-122.424862"><ele>38.2</ele></trkpt><trkpt lat="37.770796" lon="-122.424937"><ele>38.8</ele></trkpt><trkpt lat="37.770738" lon="-122.425000"><ele>39.2</ele></trkpt><trkpt lat="37.770657" lon="-122.425099"><ele>39.9</ele></trkpt><trkpt lat="37.770137" lon="-122.425741"><ele>43.7</ele></trkpt><trkpt lat="37.770085" lon="-122.425815"><ele>44.1</ele></trkpt><trkpt lat="37.769993" lon="-122.425956"><ele>44.8</ele></trkpt><trkpt lat="37.769952" lon="-122.426014"><ele>44.8</ele></trkpt><trkpt lat="37.769754" lon="-122.426263"><ele>44.8</ele></trkpt><trkpt lat="37.769720" lon="-122.426302"><ele>44.8</ele></trkpt><trkpt lat="37.769660" lon="-122.426369"><ele>44.8</ele></trkpt><trkpt lat="37.769632" lon="-122.426399"><ele>44.8</ele></trkpt><trkpt lat="37.769619" lon="-122.426415"><ele>44.8</ele></trkpt><trkpt lat="37.769552" lon="-122.426491"><ele>44.6</ele></trkpt><trkpt lat="37.769422" lon="-122.426650"><ele>44.1</ele></trkpt><trkpt lat="37.769390" lon="-122.426689"><ele>43.9</ele></trkpt><trkpt lat="37.769279" lon="-122.426807"><ele>43.5</ele></trkpt><trkpt lat="37.769184" lon="-122.426898"><ele>43.2</ele></trkpt><trkpt lat="37.769162" lon="-122.426906"><ele>43.0</ele></trkpt><trkpt lat="37.769130" lon="-122.426911"><ele>42.9</ele></trkpt><trkpt lat="37.769096" lon="-122.426913"><ele>42.7</ele></trkpt><trkpt lat="37.769082" lon="-122.426911"><ele>42.6</ele></trkpt><trkpt lat="37.769028" lon="-122.426906"><ele>42.4</ele></trkpt><trkpt lat="37.768946" lon="-122.426896"><ele>41.9</ele></trkpt><trkpt lat="37.768452" lon="-122.426845"><ele>39.5</ele></trkpt><trkpt lat="37.767951" lon="-122.426791"><ele>36.5</ele></trkpt><trkpt lat="37.767873" lon="-122.426784"><ele>35.9</ele></trkpt><trkpt lat="37.767798" lon="-122.426776"><ele>35.2</ele></trkpt><trkpt lat="37.767064" lon="-122.426708"><ele>31.8</ele></trkpt><trkpt lat="37.766348" lon="-122.426638"><ele>29.4</ele></trkpt><trkpt lat="37.766262" lon="-122.426631"><ele>29.2</ele></trkpt><trkpt lat="37.766207" lon="-122.426626"><ele>29.0</ele></trkpt><trkpt lat="37.765776" lon="-122.426585"><ele>28.0</ele></trkpt><trkpt lat="37.765314" lon="-122.426540"><ele>27.4</ele></trkpt><trkpt lat="37.764747" lon="-122.426484"><ele>27.1</ele></trkpt><trkpt lat="37.764639" lon="-122.426475"><ele>27.1</ele></trkpt><trkpt lat="37.764564" lon="-122.426467"><ele>27.1</ele></trkpt><trkpt lat="37.763950" lon="-122.426408"><ele>27.1</ele></trkpt><trkpt lat="37.763543" lon="-122.426369"><ele>26.7</ele></trkpt><trkpt lat="37.763114" lon="-122.426328"><ele>26.0</ele></trkpt><trkpt lat="37.763097" lon="-122.426326"><ele>25.9</ele></trkpt><trkpt lat="37.763021" lon="-122.426319"><ele>25.8</ele></trkpt><trkpt lat="37.762956" lon="-122.426313"><ele>25.7</ele></trkpt><trkpt lat="37.762642" lon="-122.426281"><ele>25.2</ele></trkpt><trkpt lat="37.762162" lon="-122.426236"><ele>24.6</ele></trkpt><trkpt lat="37.762096" lon="-122.426230"><ele>24.4</ele></trkpt><trkpt lat="37.761519" lon="-122.426175"><ele>22.5</ele></trkpt><trkpt lat="37.761422" lon="-122.426165"><ele>22.2</ele></trkpt><trkpt lat="37.761360" lon="-122.426159"><ele>22.1</ele></trkpt><trkpt lat="37.760919" lon="-122.426117"><ele>21.4</ele></trkpt><trkpt lat="37.760639" lon="-122.426090"><ele>21.6</ele></trkpt><trkpt lat="37.759911" lon="-122.426020"><ele>22.9</ele></trkpt><trkpt lat="37.759823" lon="-122.426012"><ele>22.9</ele></trkpt><trkpt lat="37.759760" lon="-122.426005"><ele>22.9</ele></trkpt><trkpt lat="37.759754" lon="-122.426107"><ele>22.9</ele></trkpt><trkpt lat="37.759748" lon="-122.426212"><ele>22.9</ele></trkpt><trkpt lat="37.759742" lon="-122.426305"><ele>22.9</ele></trkpt><trkpt lat="37.759760" lon="-122.426331"><ele>22.9</ele></trkpt><trkpt lat="37.759731" lon="-122.426794"><ele>22.9</ele></trkpt><trkpt lat="37.759700" lon="-122.426789"><ele>22.9</ele></trkpt><trkpt lat="37.759641" lon="-122.426782"><ele>22.9</ele></trkpt><trkpt lat="37.759603" lon="-122.426779"><ele>22.9</ele></trkpt><trkpt lat="37.759597" lon="-122.426779"><ele>22.9</ele></trkpt><trkpt lat="37.759603" lon="-122.426779"><ele>22.9</ele></trkpt><trkpt lat="37.759641" lon="-122.426782"><ele>22.9</ele></trkpt><trkpt lat="37.759700" lon="-122.426789"><ele>22.9</ele></trkpt><trkpt lat="37.759731" lon="-122.426794"><ele>22.9</ele></trkpt><trkpt lat="37.759760" lon="-122.426331"><ele>22.9</ele></trkpt><trkpt lat="37.759742" lon="-122.426305"><ele>22.9</ele></trkpt><trkpt lat="37.759748" lon="-122.426212"><ele>22.9</ele></trkpt><trkpt lat="37.759754" lon="-122.426107"><ele>22.9</ele></trkpt><trkpt lat="37.759760" lon="-122.426005"><ele>22.9</ele></trkpt><trkpt lat="37.759769" lon="-122.425857"><ele>22.9</ele></trkpt><trkpt lat="37.759828" lon="-122.425862"><ele>22.9</ele></trkpt><trkpt lat="37.759920" lon="-122.425871"><ele>22.9</ele></trkpt><trkpt lat="37.760647" lon="-122.425941"><ele>21.6</ele></trkpt><trkpt lat="37.761369" lon="-122.426011"><ele>22.1</ele></trkpt><trkpt lat="37.761431" lon="-122.426016"><ele>22.3</ele></trkpt><trkpt lat="37.761528" lon="-122.426026"><ele>22.5</ele></trkpt><trkpt lat="37.762201" lon="-122.426090"><ele>24.7</ele></trkpt><trkpt lat="37.762632" lon="-122.426132"><ele>25.2</ele></trkpt><trkpt lat="37.762964" lon="-122.426164"><ele>25.7</ele></trkpt><trkpt lat="37.763029" lon="-122.426170"><ele>25.8</ele></trkpt><trkpt lat="37.763106" lon="-122.426177"><ele>25.9</ele></trkpt><trkpt lat="37.763118" lon="-122.426179"><ele>26.0</ele></trkpt><trkpt lat="37.763522" lon="-122.426217"><ele>26.6</ele></trkpt><trkpt lat="37.763550" lon="-122.426220"><ele>26.7</ele></trkpt><trkpt lat="37.763980" lon="-122.426261"><ele>27.1</ele></trkpt><trkpt lat="37.764225" lon="-122.426279"><ele>27.1</ele></trkpt><trkpt lat="37.764333" lon="-122.426290"><ele>27.1</ele></trkpt><trkpt lat="37.764572" lon="-122.426317"><ele>27.1</ele></trkpt><trkpt lat="37.764647" lon="-122.426326"><ele>27.1</ele></trkpt><trkpt lat="37.764756" lon="-122.426336"><ele>27.1</ele></trkpt><trkpt lat="37.765319" lon="-122.426390"><ele>27.4</ele></trkpt><trkpt lat="37.765785" lon="-122.426435"><ele>27.8</ele></trkpt><trkpt lat="37.766217" lon="-122.426476"><ele>28.6</ele></trkpt><trkpt lat="37.766271" lon="-122.426482"><ele>28.7</ele></trkpt><trkpt lat="37.766357" lon="-122.426489"><ele>28.9</ele></trkpt><trkpt lat="37.767057" lon="-122.426557"><ele>30.5</ele></trkpt><trkpt lat="37.767806" lon="-122.426628"><ele>34.1</ele></trkpt><trkpt lat="37.767882" lon="-122.426636"><ele>34.7</ele></trkpt><trkpt lat="37.767959" lon="-122.426645"><ele>35.4</ele></trkpt><trkpt lat="37.768460" lon="-122.426701"><ele>38.5</ele></trkpt><trkpt lat="37.768997" lon="-122.426764"><ele>40.0</ele></trkpt><trkpt lat="37.769047" lon="-122.426769"><ele>40.0</ele></trkpt><trkpt lat="37.769111" lon="-122.426775"><ele>40.1</ele></trkpt><trkpt lat="37.769117" lon="-122.426775"><ele>40.1</ele></trkpt><trkpt lat="37.769126" lon="-122.426771"><ele>40.1</ele></trkpt><trkpt lat="37.769139" lon="-122.426763"><ele>40.1</ele></trkpt><trkpt lat="37.769151" lon="-122.426753"><ele>40.2</ele></trkpt><trkpt lat="37.769173" lon="-122.426729"><ele>40.2</ele></trkpt><trkpt lat="37.769216" lon="-122.426677"><ele>40.3</ele></trkpt><trkpt lat="37.769282" lon="-122.426598"><ele>40.6</ele></trkpt><trkpt lat="37.769357" lon="-122.426506"><ele>41.0</ele></trkpt><trkpt lat="37.769650" lon="-122.426132"><ele>42.1</ele></trkpt><trkpt lat="37.769728" lon="-122.426035"><ele>42.1</ele></trkpt><trkpt lat="37.769764" lon="-122.425991"><ele>42.1</ele></trkpt><trkpt lat="37.769844" lon="-122.425885"><ele>42.1</ele></trkpt><trkpt lat="37.770169" lon="-122.425473"><ele>40.6</ele></trkpt><trkpt lat="37.770211" lon="-122.425413"><ele>40.3</ele></trkpt><trkpt lat="37.770283" lon="-122.425300"><ele>39.7</ele></trkpt><trkpt lat="37.770296" lon="-122.425281"><ele>39.6</ele></trkpt><trkpt lat="37.770331" lon="-122.425233"><ele>39.3</ele></trkpt><trkpt lat="37.770588" lon="-122.424909"><ele>37.3</ele></trkpt><trkpt lat="37.770602" lon="-122.424894"><ele>37.2</ele></trkpt><trkpt lat="37.770655" lon="-122.424832"><ele>36.7</ele></trkpt><trkpt lat="37.770718" lon="-122.424760"><ele>36.3</ele></trkpt><trkpt lat="37.770764" lon="-122.424707"><ele>36.0</ele></trkpt><trkpt lat="37.770866" lon="-122.424590"><ele>35.3</ele></trkpt><trkpt lat="37.771274" lon="-122.424075"><ele>32.0</ele></trkpt><trkpt lat="37.771324" lon="-122.424011"><ele>31.5</ele></trkpt><trkpt lat="37.771535" lon="-122.423745"><ele>29.6</ele></trkpt><trkpt lat="37.771719" lon="-122.423525"><ele>28.6</ele></trkpt><trkpt lat="37.771745" lon="-122.423492"><ele>28.5</ele></trkpt><trkpt lat="37.771803" lon="-122.423411"><ele>28.1</ele></trkpt><trkpt lat="37.771866" lon="-122.423325"><ele>27.8</ele></trkpt><trkpt lat="37.771925" lon="-122.423248"><ele>27.4</ele></trkpt><trkpt lat="37.771954" lon="-122.423210"><ele>27.2</ele></trkpt><trkpt lat="37.772088" lon="-122.423035"><ele>26.3</ele></trkpt><trkpt lat="37.772256" lon="-122.422818"><ele>25.3</ele></trkpt><trkpt lat="37.772398" lon="-122.422636"><ele>24.9</ele></trkpt><trkpt lat="37.772516" lon="-122.422453"><ele>24.6</ele></trkpt><trkpt lat="37.772773" lon="-122.422127"><ele>24.4</ele></trkpt><trkpt lat="37.772899" lon="-122.421966"><ele>24.4</ele></trkpt><trkpt lat="37.772963" lon="-122.421919"><ele>24.4</ele></trkpt><trkpt lat="37.773012" lon="-122.421886"><ele>24.4</ele></trkpt><trkpt lat="37.773034" lon="-122.421872"><ele>24.4</ele></trkpt><trkpt lat="37.773090" lon="-122.421802"><ele>24.2</ele></trkpt><trkpt lat="37.773533" lon="-122.421243"><ele>22.8</ele></trkpt><trkpt lat="37.773936" lon="-122.420723"><ele>21.4</ele></trkpt><trkpt lat="37.773999" lon="-122.420644"><ele>21.1</ele></trkpt><trkpt lat="37.774109" lon="-122.420505"><ele>20.7</ele></trkpt><trkpt lat="37.774339" lon="-122.420238"><ele>20.0</ele></trkpt><trkpt lat="37.774408" lon="-122.420143"><ele>19.9</ele></trkpt><trkpt lat="37.774614" lon="-122.419869"><ele>19.3</ele></trkpt><trkpt lat="37.774861" lon="-122.419546"><ele>18.5</ele></trkpt><trkpt lat="37.774896" lon="-122.419502"><ele>18.4</ele></trkpt><trkpt lat="37.774925" lon="-122.419466"><ele>18.3</ele></trkpt><trkpt lat="37.775035" lon="-122.419327"><ele>18.5</ele></trkpt><trkpt lat="37.774954" lon="-122.419312"><ele>18.5</ele></trkpt><trkpt lat="37.774909" lon="-122.419371"><ele>18.6</ele></trkpt><trkpt lat="37.774892" lon="-122.419387"><ele>18.6</ele></trkpt><trkpt lat="37.774909" lon="-122.419371"><ele>18.7</ele></trkpt><trkpt lat="37.774954" lon="-122.419312"><ele>18.7</ele></trkpt><trkpt lat="37.775022" lon="-122.419223"><ele>18.8</ele></trkpt><trkpt lat="37.775053" lon="-122.419184"><ele>18.9</ele></trkpt><trkpt lat="37.775072" lon="-122.419161"><ele>18.9</ele></trkpt><trkpt lat="37.775089" lon="-122.419141"><ele>18.9</ele></trkpt><trkpt lat="37.775176" lon="-122.419158"><ele>19.0</ele></trkpt><trkpt lat="37.775212" lon="-122.419164"><ele>19.1</ele></trkpt><trkpt lat="37.775240" lon="-122.419169"><ele>19.1</ele></trkpt><trkpt lat="37.775261" lon="-122.419172"><ele>19.1</ele></trkpt><trkpt lat="37.775321" lon="-122.419183"><ele>19.2</ele></trkpt><trkpt lat="37.775418" lon="-122.419202"><ele>19.3</ele></trkpt><trkpt lat="37.775591" lon="-122.419243"><ele>19.5</ele></trkpt><trkpt lat="37.776309" lon="-122.419400"><ele>21.3</ele></trkpt><trkpt lat="37.776393" lon="-122.419417"><ele>21.5</ele></trkpt><trkpt lat="37.776475" lon="-122.419433"><ele>21.8</ele></trkpt><trkpt lat="37.777245" lon="-122.419587"><ele>23.5</ele></trkpt><trkpt lat="37.777318" lon="-122.419602"><ele>23.6</ele></trkpt><trkpt lat="37.777311" lon="-122.419656"><ele>23.7</ele></trkpt><trkpt lat="37.777301" lon="-122.419735"><ele>23.7</ele></trkpt><trkpt lat="37.777294" lon="-122.419790"><ele>23.8</ele></trkpt><trkpt lat="37.777280" lon="-122.419903"><ele>23.9</ele></trkpt><trkpt lat="37.777243" lon="-122.420186"><ele>24.2</ele></trkpt><trkpt lat="37.777230" lon="-122.420290"><ele>24.4</ele></trkpt><trkpt lat="37.777106" lon="-122.421256"><ele>25.3</ele></trkpt><trkpt lat="37.777093" lon="-122.421351"><ele>25.3</ele></trkpt><trkpt lat="37.777079" lon="-122.421464"><ele>25.3</ele></trkpt><trkpt lat="37.776950" lon="-122.422521"><ele>24.8</ele></trkpt><trkpt lat="37.776901" lon="-122.422902"><ele>24.8</ele></trkpt><trkpt lat="37.776889" lon="-122.422997"><ele>25.0</ele></trkpt><trkpt lat="37.776876" lon="-122.423101"><ele>25.1</ele></trkpt><trkpt lat="37.776844" lon="-122.423350"><ele>25.4</ele></trkpt><trkpt lat="37.776712" lon="-122.424380"><ele>26.1</ele></trkpt><trkpt lat="37.776696" lon="-122.424506"><ele>26.4</ele></trkpt><trkpt lat="37.776691" lon="-122.424545"><ele>26.5</ele></trkpt><trkpt lat="37.776679" lon="-122.424645"><ele>26.7</ele></trkpt><trkpt lat="37.776666" lon="-122.424744"><ele>27.0</ele></trkpt><trkpt lat="37.776662" lon="-122.424778"><ele>27.0</ele></trkpt><trkpt lat="37.776489" lon="-122.426142"><ele>31.0</ele></trkpt><trkpt lat="37.776485" lon="-122.426173"><ele>31.1</ele></trkpt><trkpt lat="37.776471" lon="-122.426286"><ele>31.4</ele></trkpt><trkpt lat="37.776463" lon="-122.426345"><ele>31.6</ele></trkpt><trkpt lat="37.776295" lon="-122.427670"><ele>36.2</ele></trkpt><trkpt lat="37.776274" lon="-122.427829"><ele>36.8</ele></trkpt><trkpt lat="37.776262" lon="-122.427928"><ele>37.1</ele></trkpt><trkpt lat="37.776252" lon="-122.428030"><ele>37.5</ele></trkpt><trkpt lat="37.776227" lon="-122.428199"><ele>38.1</ele></trkpt><trkpt lat="37.776099" lon="-122.429208"><ele>43.5</ele></trkpt><trkpt lat="37.776065" lon="-122.429474"><ele>45.1</ele></trkpt><trkpt lat="37.776052" lon="-122.429572"><ele>45.6</ele></trkpt><trkpt lat="37.776039" lon="-122.429678"><ele>46.2</ele></trkpt><trkpt lat="37.776008" lon="-122.429925"><ele>47.6</ele></trkpt><trkpt lat="37.775906" lon="-122.430726"><ele>51.4</ele></trkpt><trkpt lat="37.775880" lon="-122.430925"><ele>52.2</ele></trkpt><trkpt lat="37.775855" lon="-122.431120"><ele>52.3</ele></trkpt><trkpt lat="37.775843" lon="-122.431216"><ele>52.4</ele></trkpt><trkpt lat="37.775930" lon="-122.431234"><ele>52.5</ele></trkpt><trkpt lat="37.776096" lon="-122.431267"><ele>52.7</ele></trkpt><trkpt lat="37.776705" lon="-122.431389"><ele>49.8</ele></trkpt><trkpt lat="37.776776" lon="-122.431404"><ele>49.5</ele></trkpt><trkpt lat="37.776858" lon="-122.431421"><ele>49.2</ele></trkpt><trkpt lat="37.776887" lon="-122.431426"><ele>49.0</ele></trkpt><trkpt lat="37.777067" lon="-122.431463"><ele>48.3</ele></trkpt><trkpt lat="37.777632" lon="-122.431577"><ele>45.6</ele></trkpt><trkpt lat="37.777707" lon="-122.431592"><ele>45.2</ele></trkpt><trkpt lat="37.777794" lon="-122.431609"><ele>44.6</ele></trkpt><trkpt lat="37.777898" lon="-122.431631"><ele>43.9</ele></trkpt><trkpt lat="37.778093" lon="-122.431670"><ele>42.6</ele></trkpt><trkpt lat="37.778251" lon="-122.431703"><ele>41.5</ele></trkpt><trkpt lat="37.778419" lon="-122.431737"><ele>41.1</ele></trkpt><trkpt lat="37.778535" lon="-122.431761"><ele>40.8</ele></trkpt><trkpt lat="37.778571" lon="-122.431768"><ele>40.7</ele></trkpt><trkpt lat="37.778635" lon="-122.431781"><ele>40.6</ele></trkpt><trkpt lat="37.778722" lon="-122.431799"><ele>40.4</ele></trkpt><trkpt lat="37.779215" lon="-122.431898"><ele>40.0</ele></trkpt><trkpt lat="37.779495" lon="-122.431955"><ele>39.5</ele></trkpt><trkpt lat="37.779569" lon="-122.431969"><ele>39.3</ele></trkpt><trkpt lat="37.779665" lon="-122.431989"><ele>39.0</ele></trkpt><trkpt lat="37.779827" lon="-122.432022"><ele>38.5</ele></trkpt><trkpt lat="37.779962" lon="-122.432049"><ele>38.3</ele></trkpt><trkpt lat="37.779981" lon="-122.432052"><ele>38.3</ele></trkpt><trkpt lat="37.780258" lon="-122.432108"><ele>38.0</ele></trkpt><trkpt lat="37.780289" lon="-122.432115"><ele>37.9</ele></trkpt><trkpt lat="37.780433" lon="-122.432144"><ele>37.9</ele></trkpt><trkpt lat="37.780502" lon="-122.432157"><ele>38.0</ele></trkpt><trkpt lat="37.780579" lon="-122.432173"><ele>38.2</ele></trkpt><trkpt lat="37.781365" lon="-122.432331"><ele>39.7</ele></trkpt><trkpt lat="37.781435" lon="-122.432346"><ele>39.9</ele></trkpt><trkpt lat="37.781512" lon="-122.432361"><ele>40.0</ele></trkpt><trkpt lat="37.781583" lon="-122.432375"><ele>40.2</ele></trkpt><trkpt lat="37.781720" lon="-122.432403"><ele>40.5</ele></trkpt><trkpt lat="37.782351" lon="-122.432529"><ele>41.7</ele></trkpt><trkpt lat="37.783046" lon="-122.432670"><ele>42.6</ele></trkpt><trkpt lat="37.783203" lon="-122.432702"><ele>42.7</ele></trkpt><trkpt lat="37.783233" lon="-122.432708"><ele>42.7</ele></trkpt><trkpt lat="37.783291" lon="-122.432720"><ele>42.7</ele></trkpt><trkpt lat="37.783376" lon="-122.432736"><ele>42.7</ele></trkpt><trkpt lat="37.784152" lon="-122.432893"><ele>42.7</ele></trkpt><trkpt lat="37.784218" lon="-122.432906"><ele>42.7</ele></trkpt><trkpt lat="37.784249" lon="-122.432912"><ele>42.7</ele></trkpt><trkpt lat="37.784276" lon="-122.432918"><ele>42.7</ele></trkpt><trkpt lat="37.784468" lon="-122.432956"><ele>42.9</ele></trkpt><trkpt lat="37.784484" lon="-122.432959"><ele>42.9</ele></trkpt><trkpt lat="37.784523" lon="-122.432967"><ele>42.9</ele></trkpt><trkpt lat="37.784583" lon="-122.432980"><ele>42.9</ele></trkpt><trkpt lat="37.784913" lon="-122.433047"><ele>43.9</ele></trkpt><trkpt lat="37.784958" lon="-122.433056"><ele>44.1</ele></trkpt><trkpt lat="37.785013" lon="-122.433067"><ele>44.3</ele></trkpt><trkpt lat="37.785088" lon="-122.433082"><ele>44.6</ele></trkpt><trkpt lat="37.785162" lon="-122.433097"><ele>44.9</ele></trkpt><trkpt lat="37.785249" lon="-122.433115"><ele>45.2</ele></trkpt><trkpt lat="37.785737" lon="-122.433215"><ele>47.5</ele></trkpt><trkpt lat="37.785822" lon="-122.433233"><ele>47.8</ele></trkpt><trkpt lat="37.785941" lon="-122.433257"><ele>48.4</ele></trkpt><trkpt lat="37.786023" lon="-122.433273"><ele>48.8</ele></trkpt><trkpt lat="37.786095" lon="-122.433289"><ele>49.1</ele></trkpt><trkpt lat="37.786180" lon="-122.433307"><ele>49.5</ele></trkpt><trkpt lat="37.786474" lon="-122.433375"><ele>50.8</ele></trkpt><trkpt lat="37.786949" lon="-122.433469"><ele>53.1</ele></trkpt><trkpt lat="37.787024" lon="-122.433483"><ele>53.6</ele></trkpt><trkpt lat="37.787115" lon="-122.433501"><ele>54.2</ele></trkpt><trkpt lat="37.787488" lon="-122.433572"><ele>56.2</ele></trkpt><trkpt lat="37.787717" lon="-122.433617"><ele>57.0</ele></trkpt><trkpt lat="37.787744" lon="-122.433622"><ele>57.1</ele></trkpt><trkpt lat="37.787876" lon="-122.433648"><ele>57.5</ele></trkpt><trkpt lat="37.787958" lon="-122.433664"><ele>57.8</ele></trkpt><trkpt lat="37.788052" lon="-122.433684"><ele>58.0</ele></trkpt><trkpt lat="37.788163" lon="-122.433706"><ele>58.4</ele></trkpt><trkpt lat="37.788282" lon="-122.433730"><ele>58.7</ele></trkpt><trkpt lat="37.788814" lon="-122.433837"><ele>61.1</ele></trkpt><trkpt lat="37.788909" lon="-122.433857"><ele>61.5</ele></trkpt><trkpt lat="37.789012" lon="-122.433877"><ele>62.0</ele></trkpt><trkpt lat="37.789558" lon="-122.433987"><ele>64.6</ele></trkpt><trkpt lat="37.789749" lon="-122.434025"><ele>65.7</ele></trkpt><trkpt lat="37.789768" lon="-122.434029"><ele>65.8</ele></trkpt><trkpt lat="37.789838" lon="-122.434043"><ele>66.2</ele></trkpt><trkpt lat="37.789915" lon="-122.434059"><ele>66.6</ele></trkpt><trkpt lat="37.789939" lon="-122.434064"><ele>66.8</ele></trkpt><trkpt lat="37.790137" lon="-122.434105"><ele>67.9</ele></trkpt><trkpt lat="37.790631" lon="-122.434203"><ele>70.7</ele></trkpt><trkpt lat="37.790643" lon="-122.434205"><ele>70.8</ele></trkpt><trkpt lat="37.790720" lon="-122.434220"><ele>71.3</ele></trkpt><trkpt lat="37.790800" lon="-122.434236"><ele>71.9</ele></trkpt><trkpt lat="37.790822" lon="-122.434241"><ele>72.0</ele></trkpt><trkpt lat="37.791511" lon="-122.434379"><ele>76.3</ele></trkpt><trkpt lat="37.791533" lon="-122.434383"><ele>76.4</ele></trkpt><trkpt lat="37.791599" lon="-122.434397"><ele>76.8</ele></trkpt><trkpt lat="37.791675" lon="-122.434412"><ele>77.2</ele></trkpt><trkpt lat="37.791699" lon="-122.434417"><ele>77.4</ele></trkpt><trkpt lat="37.792140" lon="-122.434508"><ele>79.6</ele></trkpt><trkpt lat="37.792236" lon="-122.434527"><ele>79.9</ele></trkpt><trkpt lat="37.792391" lon="-122.434559"><ele>80.2</ele></trkpt><trkpt lat="37.792404" lon="-122.434562"><ele>80.2</ele></trkpt><trkpt lat="37.792477" lon="-122.434577"><ele>80.3</ele></trkpt><trkpt lat="37.792555" lon="-122.434592"><ele>80.5</ele></trkpt><trkpt lat="37.792577" lon="-122.434597"><ele>80.5</ele></trkpt><trkpt lat="37.792652" lon="-122.434612"><ele>80.6</ele></trkpt><trkpt lat="37.792777" lon="-122.434637"><ele>80.6</ele></trkpt><trkpt lat="37.793269" lon="-122.434736"><ele>78.6</ele></trkpt><trkpt lat="37.793292" lon="-122.434740"><ele>78.3</ele></trkpt><trkpt lat="37.793355" lon="-122.434753"><ele>77.7</ele></trkpt><trkpt lat="37.793435" lon="-122.434770"><ele>76.9</ele></trkpt><trkpt lat="37.793459" lon="-122.434774"><ele>76.7</ele></trkpt><trkpt lat="37.793823" lon="-122.434849"><ele>73.0</ele></trkpt><trkpt lat="37.793968" lon="-122.434881"><ele>70.9</ele></trkpt><trkpt lat="37.793993" lon="-122.434885"><ele>70.6</ele></trkpt><trkpt lat="37.794169" lon="-122.434917"><ele>68.0</ele></trkpt><trkpt lat="37.794191" lon="-122.434921"><ele>67.7</ele></trkpt><trkpt lat="37.794281" lon="-122.434939"><ele>66.4</ele></trkpt><trkpt lat="37.794378" lon="-122.434958"><ele>64.8</ele></trkpt><trkpt lat="37.794393" lon="-122.434961"><ele>64.5</ele></trkpt><trkpt lat="37.795136" lon="-122.435112"><ele>50.6</ele></trkpt><trkpt lat="37.795151" lon="-122.435115"><ele>50.3</ele></trkpt><trkpt lat="37.795229" lon="-122.435131"><ele>48.9</ele></trkpt><trkpt lat="37.795306" lon="-122.435147"><ele>47.5</ele></trkpt><trkpt lat="37.795325" lon="-122.435150"><ele>47.2</ele></trkpt><trkpt lat="37.796073" lon="-122.435302"><ele>35.8</ele></trkpt><trkpt lat="37.796085" lon="-122.435305"><ele>35.6</ele></trkpt><trkpt lat="37.796162" lon="-122.435320"><ele>34.5</ele></trkpt><trkpt lat="37.796242" lon="-122.435336"><ele>33.3</ele></trkpt><trkpt lat="37.796256" lon="-122.435339"><ele>33.1</ele></trkpt><trkpt lat="37.797018" lon="-122.435493"><ele>24.7</ele></trkpt><trkpt lat="37.797096" lon="-122.435509"><ele>24.2</ele></trkpt><trkpt lat="37.797174" lon="-122.435525"><ele>23.7</ele></trkpt><trkpt lat="37.797316" lon="-122.435553"><ele>22.8</ele></trkpt><trkpt lat="37.797427" lon="-122.435575"><ele>22.1</ele></trkpt><trkpt lat="37.797935" lon="-122.435678"><ele>18.5</ele></trkpt><trkpt lat="37.797959" lon="-122.435684"><ele>18.3</ele></trkpt><trkpt lat="37.798027" lon="-122.435697"><ele>17.8</ele></trkpt><trkpt lat="37.798107" lon="-122.435713"><ele>17.3</ele></trkpt><trkpt lat="37.798118" lon="-122.435715"><ele>17.3</ele></trkpt><trkpt lat="37.798494" lon="-122.435792"><ele>15.5</ele></trkpt><trkpt lat="37.798866" lon="-122.435867"><ele>14.7</ele></trkpt><trkpt lat="37.798882" lon="-122.435870"><ele>14.6</ele></trkpt><trkpt lat="37.798961" lon="-122.435886"><ele>14.5</ele></trkpt><trkpt lat="37.799041" lon="-122.435902"><ele>14.5</ele></trkpt><trkpt lat="37.799051" lon="-122.435904"><ele>14.4</ele></trkpt><trkpt lat="37.799426" lon="-122.435980"><ele>13.9</ele></trkpt><trkpt lat="37.799575" lon="-122.436010"><ele>13.6</ele></trkpt><trkpt lat="37.799706" lon="-122.436037"><ele>13.4</ele></trkpt><trkpt lat="37.799726" lon="-122.436041"><ele>13.4</ele></trkpt><trkpt lat="37.799802" lon="-122.436056"><ele>13.3</ele></trkpt><trkpt lat="37.799896" lon="-122.436075"><ele>13.2</ele></trkpt><trkpt lat="37.799972" lon="-122.436091"><ele>13.1</ele></trkpt><trkpt lat="37.800748" lon="-122.436248"><ele>12.5</ele></trkpt><trkpt lat="37.800820" lon="-122.436263"><ele>12.5</ele></trkpt><trkpt lat="37.800804" lon="-122.436388"><ele>12.5</ele></trkpt><trkpt lat="37.800798" lon="-122.436439"><ele>12.5</ele></trkpt><trkpt lat="37.800795" lon="-122.436460"><ele>12.5</ele></trkpt><trkpt lat="37.800743" lon="-122.436877"><ele>12.5</ele></trkpt><trkpt lat="37.800703" lon="-122.437184"><ele>12.2</ele></trkpt><trkpt lat="37.800686" lon="-122.437317"><ele>12.1</ele></trkpt><trkpt lat="37.800675" lon="-122.437402"><ele>12.0</ele></trkpt><trkpt lat="37.800624" lon="-122.437798"><ele>11.4</ele></trkpt><trkpt lat="37.800622" lon="-122.437819"><ele>11.4</ele></trkpt><trkpt lat="37.800611" lon="-122.437908"><ele>11.2</ele></trkpt><trkpt lat="37.800600" lon="-122.437996"><ele>11.1</ele></trkpt><trkpt lat="37.800595" lon="-122.438031"><ele>11.0</ele></trkpt><trkpt lat="37.800426" lon="-122.439363"><ele>9.6</ele></trkpt><trkpt lat="37.800423" lon="-122.439386"><ele>9.6</ele></trkpt><trkpt lat="37.800417" lon="-122.439436"><ele>9.6</ele></trkpt><trkpt lat="37.800406" lon="-122.439522"><ele>9.5</ele></trkpt><trkpt lat="37.800393" lon="-122.439623"><ele>9.4</ele></trkpt><trkpt lat="37.800389" lon="-122.439658"><ele>9.4</ele></trkpt><trkpt lat="37.800386" lon="-122.439676"><ele>9.4</ele></trkpt><trkpt lat="37.800336" lon="-122.440069"><ele>9.2</ele></trkpt><trkpt lat="37.800303" lon="-122.440328"><ele>9.1</ele></trkpt><trkpt lat="37.800292" lon="-122.440413"><ele>9.1</ele></trkpt><trkpt lat="37.800211" lon="-122.441058"><ele>9.2</ele></trkpt><trkpt lat="37.800204" lon="-122.441108"><ele>9.2</ele></trkpt><trkpt lat="37.800193" lon="-122.441196"><ele>9.3</ele></trkpt><trkpt lat="37.800180" lon="-122.441297"><ele>9.3</ele></trkpt><trkpt lat="37.800176" lon="-122.441331"><ele>9.3</ele></trkpt><trkpt lat="37.800001" lon="-122.442704"><ele>9.2</ele></trkpt><trkpt lat="37.799999" lon="-122.442720"><ele>9.2</ele></trkpt><trkpt lat="37.799994" lon="-122.442760"><ele>9.2</ele></trkpt><trkpt lat="37.799981" lon="-122.442864"><ele>9.2</ele></trkpt><trkpt lat="37.800070" lon="-122.442883"><ele>9.1</ele></trkpt><trkpt lat="37.800085" lon="-122.442885"><ele>9.1</ele></trkpt><trkpt lat="37.800099" lon="-122.442888"><ele>9.1</ele></trkpt><trkpt lat="37.800796" lon="-122.443030"><ele>8.6</ele></trkpt><trkpt lat="37.800828" lon="-122.443036"><ele>8.5</ele></trkpt><trkpt lat="37.800839" lon="-122.443038"><ele>8.5</ele></trkpt><trkpt lat="37.800917" lon="-122.443054"><ele>8.4</ele></trkpt><trkpt lat="37.801002" lon="-122.443071"><ele>8.3</ele></trkpt><trkpt lat="37.801010" lon="-122.443073"><ele>8.3</ele></trkpt><trkpt lat="37.801016" lon="-122.443074"><ele>8.3</ele></trkpt><trkpt lat="37.801061" lon="-122.443083"><ele>8.3</ele></trkpt><trkpt lat="37.801760" lon="-122.443224"><ele>8.2</ele></trkpt><trkpt lat="37.801777" lon="-122.443228"><ele>8.2</ele></trkpt><trkpt lat="37.801847" lon="-122.443242"><ele>8.2</ele></trkpt><trkpt lat="37.801922" lon="-122.443258"><ele>8.2</ele></trkpt><trkpt lat="37.801942" lon="-122.443262"><ele>8.2</ele></trkpt><trkpt lat="37.801951" lon="-122.443264"><ele>8.2</ele></trkpt><trkpt lat="37.802690" lon="-122.443414"><ele>8.5</ele></trkpt><trkpt lat="37.802706" lon="-122.443418"><ele>8.5</ele></trkpt><trkpt lat="37.802777" lon="-122.443432"><ele>8.6</ele></trkpt><trkpt lat="37.802860" lon="-122.443449"><ele>8.6</ele></trkpt><trkpt lat="37.802876" lon="-122.443452"><ele>8.6</ele></trkpt><trkpt lat="37.802892" lon="-122.443455"><ele>8.6</ele></trkpt><trkpt lat="37.803623" lon="-122.443603"><ele>9.1</ele></trkpt><trkpt lat="37.803639" lon="-122.443606"><ele>9.1</ele></trkpt><trkpt lat="37.803711" lon="-122.443621"><ele>9.1</ele></trkpt><trkpt lat="37.803795" lon="-122.443638"><ele>9.1</ele></trkpt><trkpt lat="37.803806" lon="-122.443640"><ele>9.1</ele></trkpt><trkpt lat="37.803921" lon="-122.443664"><ele>8.8</ele></trkpt><trkpt lat="37.804554" lon="-122.443792"><ele>6.9</ele></trkpt><trkpt lat="37.804569" lon="-122.443796"><ele>6.9</ele></trkpt><trkpt lat="37.804645" lon="-122.443811"><ele>6.7</ele></trkpt><trkpt lat="37.804731" lon="-122.443828"><ele>6.4</ele></trkpt><trkpt lat="37.804736" lon="-122.443829"><ele>6.4</ele></trkpt><trkpt lat="37.805471" lon="-122.443978"><ele>3.7</ele></trkpt><trkpt lat="37.805587" lon="-122.444002"><ele>3.3</ele></trkpt><trkpt lat="37.805393" lon="-122.445521"><ele>0.5</ele></trkpt><trkpt lat="37.805386" lon="-122.445578"><ele>0.5</ele></trkpt><trkpt lat="37.805375" lon="-122.445665"><ele>0.6</ele></trkpt><trkpt lat="37.805359" lon="-122.445787"><ele>0.6</ele></trkpt><trkpt lat="37.805181" lon="-122.447184"><ele>2.5</ele></trkpt><trkpt lat="37.805177" lon="-122.447218"><ele>2.6</ele></trkpt><trkpt lat="37.805165" lon="-122.447310"><ele>2.7</ele></trkpt><trkpt lat="37.805149" lon="-122.447434"><ele>2.9</ele></trkpt><trkpt lat="37.805133" lon="-122.447560"><ele>3.0</ele></trkpt><trkpt lat="37.805120" lon="-122.447648"><ele>3.2</ele></trkpt><trkpt lat="37.805124" lon="-122.447747"><ele>3.3</ele></trkpt><trkpt lat="37.805123" lon="-122.447836"><ele>3.4</ele></trkpt><trkpt lat="37.805117" lon="-122.447929"><ele>3.5</ele></trkpt><trkpt lat="37.805106" lon="-122.448020"><ele>3.7</ele></trkpt><trkpt lat="37.805092" lon="-122.448103"><ele>3.8</ele></trkpt><trkpt lat="37.805062" lon="-122.448223"><ele>3.9</ele></trkpt><trkpt lat="37.805055" lon="-122.448250"><ele>4.0</ele></trkpt><trkpt lat="37.805028" lon="-122.448325"><ele>4.1</ele></trkpt><trkpt lat="37.804996" lon="-122.448383"><ele>4.2</ele></trkpt><trkpt lat="37.804981" lon="-122.448503"><ele>4.3</ele></trkpt><trkpt lat="37.804969" lon="-122.448601"><ele>4.3</ele></trkpt><trkpt lat="37.804956" lon="-122.448694"><ele>4.3</ele></trkpt><trkpt lat="37.804928" lon="-122.448870"><ele>4.3</ele></trkpt><trkpt lat="37.804884" lon="-122.449118"><ele>4.3</ele></trkpt><trkpt lat="37.804848" lon="-122.449349"><ele>4.2</ele></trkpt><trkpt lat="37.804815" lon="-122.449570"><ele>4.1</ele></trkpt><trkpt lat="37.804787" lon="-122.449782"><ele>4.0</ele></trkpt><trkpt lat="37.804739" lon="-122.450143"><ele>3.5</ele></trkpt><trkpt lat="37.804736" lon="-122.450168"><ele>3.4</ele></trkpt><trkpt lat="37.804797" lon="-122.450180"><ele>3.3</ele></trkpt><trkpt lat="37.805627" lon="-122.450355"><ele>1.9</ele></trkpt><trkpt lat="37.805853" lon="-122.450393"><ele>1.5</ele></trkpt><trkpt lat="37.806045" lon="-122.450433"><ele>1.2</ele></trkpt><trkpt lat="37.806011" lon="-122.450704"><ele>1.1</ele></trkpt><trkpt lat="37.805980" lon="-122.450939"><ele>1.0</ele></trkpt><trkpt lat="37.805944" lon="-122.451207"><ele>0.9</ele></trkpt><trkpt lat="37.805910" lon="-122.451468"><ele>0.9</ele></trkpt><trkpt lat="37.805879" lon="-122.451718"><ele>0.9</ele></trkpt><trkpt lat="37.805850" lon="-122.451947"><ele>0.9</ele></trkpt><trkpt lat="37.805846" lon="-122.451976"><ele>0.9</ele></trkpt><trkpt lat="37.805812" lon="-122.452243"><ele>0.9</ele></trkpt><trkpt lat="37.805784" lon="-122.452453"><ele>0.9</ele></trkpt><trkpt lat="37.805748" lon="-122.452453"><ele>1.0</ele></trkpt><trkpt lat="37.805675" lon="-122.453013"><ele>1.5</ele></trkpt><trkpt lat="37.805640" lon="-122.453345"><ele>1.6</ele></trkpt><trkpt lat="37.805613" lon="-122.453613"><ele>1.8</ele></trkpt><trkpt lat="37.805573" lon="-122.453947"><ele>1.8</ele></trkpt><trkpt lat="37.805558" lon="-122.454061"><ele>1.8</ele></trkpt><trkpt lat="37.805520" lon="-122.454353"><ele>1.8</ele></trkpt><trkpt lat="37.805488" lon="-122.454586"><ele>1.8</ele></trkpt><trkpt lat="37.805355" lon="-122.455621"><ele>1.6</ele></trkpt><trkpt lat="37.805247" lon="-122.456451"><ele>1.2</ele></trkpt><trkpt lat="37.805179" lon="-122.456972"><ele>1.2</ele></trkpt><trkpt lat="37.805132" lon="-122.457338"><ele>1.2</ele></trkpt><trkpt lat="37.805090" lon="-122.457671"><ele>1.2</ele></trkpt><trkpt lat="37.805008" lon="-122.458320"><ele>1.2</ele></trkpt><trkpt lat="37.804928" lon="-122.458952"><ele>1.4</ele></trkpt><trkpt lat="37.804812" lon="-122.459842"><ele>1.8</ele></trkpt><trkpt lat="37.804725" lon="-122.460505"><ele>1.8</ele></trkpt><trkpt lat="37.804652" lon="-122.460971"><ele>1.8</ele></trkpt><trkpt lat="37.804610" lon="-122.461202"><ele>1.8</ele></trkpt><trkpt lat="37.804128" lon="-122.463630"><ele>2.4</ele></trkpt><trkpt lat="37.803569" lon="-122.466433"><ele>3.0</ele></trkpt><trkpt lat="37.803572" lon="-122.466482"><ele>3.1</ele></trkpt><trkpt lat="37.803573" lon="-122.466527"><ele>3.1</ele></trkpt><trkpt lat="37.803579" lon="-122.466578"><ele>3.2</ele></trkpt><trkpt lat="37.803658" lon="-122.467064"><ele>3.6</ele></trkpt><trkpt lat="37.803687" lon="-122.467243"><ele>4.2</ele></trkpt><trkpt lat="37.803694" lon="-122.467280"><ele>4.4</ele></trkpt><trkpt lat="37.803704" lon="-122.467314"><ele>4.6</ele></trkpt><trkpt lat="37.803717" lon="-122.467348"><ele>4.7</ele></trkpt><trkpt lat="37.803740" lon="-122.467385"><ele>4.9</ele></trkpt><trkpt lat="37.803779" lon="-122.467447"><ele>5.3</ele></trkpt><trkpt lat="37.803772" lon="-122.467459"><ele>5.4</ele></trkpt><trkpt lat="37.803746" lon="-122.467498"><ele>5.6</ele></trkpt><trkpt lat="37.803707" lon="-122.467557"><ele>5.9</ele></trkpt><trkpt lat="37.803694" lon="-122.467577"><ele>6.0</ele></trkpt><trkpt lat="37.803565" lon="-122.467777"><ele>7.7</ele></trkpt><trkpt lat="37.803548" lon="-122.467814"><ele>8.1</ele></trkpt><trkpt lat="37.803541" lon="-122.467836"><ele>8.3</ele></trkpt><trkpt lat="37.803532" lon="-122.467861"><ele>8.6</ele></trkpt><trkpt lat="37.803527" lon="-122.467905"><ele>9.0</ele></trkpt><trkpt lat="37.803524" lon="-122.467954"><ele>9.5</ele></trkpt><trkpt lat="37.803530" lon="-122.468022"><ele>10.1</ele></trkpt><trkpt lat="37.803547" lon="-122.468087"><ele>10.7</ele></trkpt><trkpt lat="37.803622" lon="-122.468306"><ele>12.9</ele></trkpt><trkpt lat="37.803654" lon="-122.468401"><ele>13.8</ele></trkpt><trkpt lat="37.803706" lon="-122.468568"><ele>15.3</ele></trkpt><trkpt lat="37.803728" lon="-122.468632"><ele>15.9</ele></trkpt><trkpt lat="37.803754" lon="-122.468682"><ele>16.5</ele></trkpt><trkpt lat="37.803785" lon="-122.468726"><ele>17.0</ele></trkpt><trkpt lat="37.803819" lon="-122.468765"><ele>17.5</ele></trkpt><trkpt lat="37.803860" lon="-122.468802"><ele>18.0</ele></trkpt><trkpt lat="37.804190" lon="-122.469106"><ele>22.0</ele></trkpt><trkpt lat="37.804236" lon="-122.469153"><ele>22.6</ele></trkpt><trkpt lat="37.804274" lon="-122.469198"><ele>23.1</ele></trkpt><trkpt lat="37.804311" lon="-122.469254"><ele>23.7</ele></trkpt><trkpt lat="37.804344" lon="-122.469317"><ele>24.2</ele></trkpt><trkpt lat="37.804413" lon="-122.469458"><ele>25.5</ele></trkpt><trkpt lat="37.804446" lon="-122.469522"><ele>26.1</ele></trkpt><trkpt lat="37.804481" lon="-122.469588"><ele>26.7</ele></trkpt><trkpt lat="37.804519" lon="-122.469645"><ele>27.3</ele></trkpt><trkpt lat="37.804558" lon="-122.469695"><ele>27.8</ele></trkpt><trkpt lat="37.804602" lon="-122.469736"><ele>28.3</ele></trkpt><trkpt lat="37.804647" lon="-122.469770"><ele>28.8</ele></trkpt><trkpt lat="37.804699" lon="-122.469799"><ele>29.3</ele></trkpt><trkpt lat="37.804750" lon="-122.469820"><ele>29.5</ele></trkpt><trkpt lat="37.804795" lon="-122.469835"><ele>29.6</ele></trkpt><trkpt lat="37.804830" lon="-122.469846"><ele>29.7</ele></trkpt><trkpt lat="37.804848" lon="-122.469858"><ele>29.8</ele></trkpt><trkpt lat="37.804860" lon="-122.469869"><ele>29.9</ele></trkpt><trkpt lat="37.804872" lon="-122.469881"><ele>29.9</ele></trkpt><trkpt lat="37.804882" lon="-122.469900"><ele>30.0</ele></trkpt><trkpt lat="37.804894" lon="-122.469927"><ele>30.1</ele></trkpt><trkpt lat="37.804903" lon="-122.469955"><ele>30.1</ele></trkpt><trkpt lat="37.804994" lon="-122.469919"><ele>30.5</ele></trkpt><trkpt lat="37.805084" lon="-122.469895"><ele>30.8</ele></trkpt><trkpt lat="37.805173" lon="-122.469885"><ele>31.1</ele></trkpt><trkpt lat="37.805261" lon="-122.469885"><ele>31.2</ele></trkpt><trkpt lat="37.805347" lon="-122.469890"><ele>31.4</ele></trkpt><trkpt lat="37.805438" lon="-122.469902"><ele>31.5</ele></trkpt><trkpt lat="37.805515" lon="-122.469917"><ele>31.7</ele></trkpt><trkpt lat="37.805593" lon="-122.469941"><ele>31.8</ele></trkpt><trkpt lat="37.805661" lon="-122.469969"><ele>31.9</ele></trkpt><trkpt lat="37.805726" lon="-122.470002"><ele>32.1</ele></trkpt><trkpt lat="37.805794" lon="-122.470045"><ele>32.4</ele></trkpt><trkpt lat="37.805867" lon="-122.470106"><ele>32.7</ele></trkpt><trkpt lat="37.805913" lon="-122.470157"><ele>33.0</ele></trkpt><trkpt lat="37.805947" lon="-122.470204"><ele>33.2</ele></trkpt><trkpt lat="37.805989" lon="-122.470282"><ele>33.5</ele></trkpt><trkpt lat="37.806037" lon="-122.470387"><ele>33.8</ele></trkpt><trkpt lat="37.806064" lon="-122.470460"><ele>34.1</ele></trkpt><trkpt lat="37.806100" lon="-122.470565"><ele>34.3</ele></trkpt><trkpt lat="37.806134" lon="-122.470674"><ele>34.5</ele></trkpt><trkpt lat="37.806270" lon="-122.471112"><ele>35.3</ele></trkpt><trkpt lat="37.806298" lon="-122.471196"><ele>35.5</ele></trkpt><trkpt lat="37.806329" lon="-122.471285"><ele>35.8</ele></trkpt><trkpt lat="37.806362" lon="-122.471365"><ele>36.0</ele></trkpt><trkpt lat="37.806396" lon="-122.471440"><ele>36.2</ele></trkpt><trkpt lat="37.806444" lon="-122.471530"><ele>36.4</ele></trkpt><trkpt lat="37.806498" lon="-122.471623"><ele>36.7</ele></trkpt><trkpt lat="37.806548" lon="-122.471704"><ele>36.9</ele></trkpt><trkpt lat="37.806597" lon="-122.471783"><ele>37.5</ele></trkpt><trkpt lat="37.806607" lon="-122.471798"><ele>37.7</ele></trkpt><trkpt lat="37.806642" lon="-122.471854"><ele>38.1</ele></trkpt><trkpt lat="37.806666" lon="-122.471893"><ele>38.4</ele></trkpt><trkpt lat="37.806770" lon="-122.472062"><ele>39.8</ele></trkpt><trkpt lat="37.806815" lon="-122.472139"><ele>40.4</ele></trkpt><trkpt lat="37.806856" lon="-122.472226"><ele>41.0</ele></trkpt><trkpt lat="37.806889" lon="-122.472317"><ele>41.3</ele></trkpt><trkpt lat="37.806912" lon="-122.472399"><ele>41.5</ele></trkpt><trkpt lat="37.806922" lon="-122.472487"><ele>41.7</ele></trkpt><trkpt lat="37.806920" lon="-122.472573"><ele>41.9</ele></trkpt><trkpt lat="37.806910" lon="-122.472669"><ele>42.1</ele></trkpt><trkpt lat="37.806892" lon="-122.472784"><ele>42.4</ele></trkpt><trkpt lat="37.806853" lon="-122.472936"><ele>42.7</ele></trkpt><trkpt lat="37.806787" lon="-122.473161"><ele>42.7</ele></trkpt><trkpt lat="37.806790" lon="-122.473264"><ele>42.7</ele></trkpt><trkpt lat="37.806798" lon="-122.473335"><ele>42.7</ele></trkpt><trkpt lat="37.806807" lon="-122.473390"><ele>42.7</ele></trkpt><trkpt lat="37.806825" lon="-122.473440"><ele>42.7</ele></trkpt><trkpt lat="37.806851" lon="-122.473489"><ele>42.7</ele></trkpt><trkpt lat="37.806885" lon="-122.473534"><ele>42.7</ele></trkpt><trkpt lat="37.807163" lon="-122.473831"><ele>43.5</ele></trkpt><trkpt lat="37.807213" lon="-122.473886"><ele>43.6</ele></trkpt><trkpt lat="37.807254" lon="-122.473934"><ele>43.8</ele></trkpt><trkpt lat="37.807279" lon="-122.473964"><ele>43.8</ele></trkpt><trkpt lat="37.807365" lon="-122.474060"><ele>44.2</ele></trkpt><trkpt lat="37.807513" lon="-122.474223"><ele>45.0</ele></trkpt><trkpt lat="37.807571" lon="-122.474292"><ele>45.3</ele></trkpt><trkpt lat="37.807617" lon="-122.474354"><ele>45.6</ele></trkpt><trkpt lat="37.807646" lon="-122.474410"><ele>45.8</ele></trkpt><trkpt lat="37.807672" lon="-122.474463"><ele>46.0</ele></trkpt><trkpt lat="37.807691" lon="-122.474529"><ele>45.4</ele></trkpt><trkpt lat="37.807704" lon="-122.474602"><ele>44.7</ele></trkpt><trkpt lat="37.807699" lon="-122.474689"><ele>43.8</ele></trkpt><trkpt lat="37.807677" lon="-122.474750"><ele>43.2</ele></trkpt><trkpt lat="37.807645" lon="-122.474801"><ele>42.6</ele></trkpt><trkpt lat="37.807628" lon="-122.474832"><ele>42.2</ele></trkpt><trkpt lat="37.807599" lon="-122.474877"><ele>41.6</ele></trkpt><trkpt lat="37.807563" lon="-122.474936"><ele>40.9</ele></trkpt><trkpt lat="37.807580" lon="-122.474953"><ele>40.6</ele></trkpt><trkpt lat="37.807584" lon="-122.474958"><ele>40.6</ele></trkpt><trkpt lat="37.807593" lon="-122.474966"><ele>40.4</ele></trkpt><trkpt lat="37.807601" lon="-122.474975"><ele>40.3</ele></trkpt><trkpt lat="37.807633" lon="-122.474928"><ele>39.7</ele></trkpt><trkpt lat="37.807728" lon="-122.475028"><ele>38.6</ele></trkpt><trkpt lat="37.807763" lon="-122.475037"><ele>38.3</ele></trkpt><trkpt lat="37.807801" lon="-122.475002"><ele>37.9</ele></trkpt><trkpt lat="37.807763" lon="-122.475037"><ele>37.6</ele></trkpt><trkpt lat="37.807787" lon="-122.475063"><ele>37.3</ele></trkpt><trkpt lat="37.807982" lon="-122.475271"><ele>35.3</ele></trkpt><trkpt lat="37.808013" lon="-122.475297"><ele>35.1</ele></trkpt><trkpt lat="37.808046" lon="-122.475312"><ele>35.2</ele></trkpt><trkpt lat="37.808077" lon="-122.475314"><ele>35.3</ele></trkpt><trkpt lat="37.808109" lon="-122.475306"><ele>35.4</ele></trkpt><trkpt lat="37.808137" lon="-122.475291"><ele>35.4</ele></trkpt><trkpt lat="37.808160" lon="-122.475270"><ele>35.5</ele></trkpt><trkpt lat="37.808226" lon="-122.475191"><ele>35.8</ele></trkpt><trkpt lat="37.808256" lon="-122.475231"><ele>35.9</ele></trkpt><trkpt lat="37.808290" lon="-122.475261"><ele>36.0</ele></trkpt><trkpt lat="37.808320" lon="-122.475282"><ele>36.1</ele></trkpt><trkpt lat="37.808364" lon="-122.475305"><ele>36.2</ele></trkpt><trkpt lat="37.808392" lon="-122.475315"><ele>36.3</ele></trkpt><trkpt lat="37.808431" lon="-122.475326"><ele>36.4</ele></trkpt><trkpt lat="37.808463" lon="-122.475344"><ele>36.5</ele></trkpt><trkpt lat="37.808488" lon="-122.475359"><ele>36.5</ele></trkpt><trkpt lat="37.808515" lon="-122.475381"><ele>36.3</ele></trkpt><trkpt lat="37.808540" lon="-122.475408"><ele>36.1</ele></trkpt><trkpt lat="37.808564" lon="-122.475439"><ele>35.9</ele></trkpt><trkpt lat="37.808585" lon="-122.475473"><ele>35.7</ele></trkpt><trkpt lat="37.808603" lon="-122.475510"><ele>35.5</ele></trkpt><trkpt lat="37.808609" lon="-122.475527"><ele>35.4</ele></trkpt><trkpt lat="37.808617" lon="-122.475546"><ele>35.4</ele></trkpt><trkpt lat="37.808628" lon="-122.475586"><ele>35.2</ele></trkpt><trkpt lat="37.808637" lon="-122.475626"><ele>35.0</ele></trkpt><trkpt lat="37.808637" lon="-122.475632"><ele>34.9</ele></trkpt><trkpt lat="37.808641" lon="-122.475668"><ele>34.8</ele></trkpt><trkpt lat="37.808642" lon="-122.475711"><ele>34.6</ele></trkpt><trkpt lat="37.808641" lon="-122.475753"><ele>34.4</ele></trkpt><trkpt lat="37.808637" lon="-122.475794"><ele>34.2</ele></trkpt><trkpt lat="37.808629" lon="-122.475833"><ele>34.0</ele></trkpt><trkpt lat="37.808618" lon="-122.475872"><ele>33.8</ele></trkpt><trkpt lat="37.808602" lon="-122.475922"><ele>33.6</ele></trkpt><trkpt lat="37.808583" lon="-122.475968"><ele>33.3</ele></trkpt><trkpt lat="37.808557" lon="-122.476018"><ele>32.9</ele></trkpt><trkpt lat="37.808526" lon="-122.476070"><ele>32.4</ele></trkpt><trkpt lat="37.808411" lon="-122.476245"><ele>30.8</ele></trkpt><trkpt lat="37.808379" lon="-122.476295"><ele>30.4</ele></trkpt><trkpt lat="37.808352" lon="-122.476346"><ele>29.9</ele></trkpt><trkpt lat="37.808266" lon="-122.476494"><ele>28.7</ele></trkpt><trkpt lat="37.808201" lon="-122.476591"><ele>28.6</ele></trkpt><trkpt lat="37.808169" lon="-122.476646"><ele>28.6</ele></trkpt><trkpt lat="37.808138" lon="-122.476702"><ele>28.5</ele></trkpt><trkpt lat="37.808112" lon="-122.476755"><ele>28.5</ele></trkpt><trkpt lat="37.808088" lon="-122.476814"><ele>28.5</ele></trkpt><trkpt lat="37.808067" lon="-122.476863"><ele>28.4</ele></trkpt><trkpt lat="37.808041" lon="-122.476905"><ele>28.4</ele></trkpt><trkpt lat="37.808009" lon="-122.476942"><ele>28.4</ele></trkpt><trkpt lat="37.807979" lon="-122.476965"><ele>28.4</ele></trkpt><trkpt lat="37.807948" lon="-122.476981"><ele>28.4</ele></trkpt><trkpt lat="37.807915" lon="-122.476986"><ele>28.3</ele></trkpt><trkpt lat="37.807883" lon="-122.476981"><ele>28.2</ele></trkpt><trkpt lat="37.807854" lon="-122.476970"><ele>28.0</ele></trkpt><trkpt lat="37.807830" lon="-122.476954"><ele>27.9</ele></trkpt><trkpt lat="37.807809" lon="-122.476931"><ele>27.8</ele></trkpt><trkpt lat="37.807796" lon="-122.476902"><ele>27.7</ele></trkpt><trkpt lat="37.807793" lon="-122.476880"><ele>27.6</ele></trkpt><trkpt lat="37.807797" lon="-122.476858"><ele>27.5</ele></trkpt><trkpt lat="37.807809" lon="-122.476839"><ele>27.4</ele></trkpt><trkpt lat="37.807874" lon="-122.476784"><ele>27.1</ele></trkpt><trkpt lat="37.807896" lon="-122.476762"><ele>26.9</ele></trkpt><trkpt lat="37.807915" lon="-122.476730"><ele>26.8</ele></trkpt><trkpt lat="37.807929" lon="-122.476699"><ele>26.7</ele></trkpt><trkpt lat="37.807967" lon="-122.476622"><ele>26.3</ele></trkpt><trkpt lat="37.808009" lon="-122.476654"><ele>26.1</ele></trkpt><trkpt lat="37.808374" lon="-122.476944"><ele>19.1</ele></trkpt><trkpt lat="37.808484" lon="-122.477031"><ele>16.8</ele></trkpt><trkpt lat="37.808595" lon="-122.477111"><ele>15.2</ele></trkpt><trkpt lat="37.808715" lon="-122.477188"><ele>13.9</ele></trkpt><trkpt lat="37.808834" lon="-122.477254"><ele>12.5</ele></trkpt><trkpt lat="37.808963" lon="-122.477319"><ele>11.1</ele></trkpt><trkpt lat="37.809082" lon="-122.477373"><ele>9.9</ele></trkpt><trkpt lat="37.809191" lon="-122.477412"><ele>8.8</ele></trkpt><trkpt lat="37.809296" lon="-122.477446"><ele>7.8</ele></trkpt><trkpt lat="37.809410" lon="-122.477474"><ele>6.6</ele></trkpt><trkpt lat="37.809522" lon="-122.477497"><ele>5.5</ele></trkpt><trkpt lat="37.809632" lon="-122.477514"><ele>5.0</ele></trkpt><trkpt lat="37.813922" lon="-122.478018"><ele>0.0</ele></trkpt><trkpt lat="37.813918" lon="-122.478058"><ele>0.0</ele></trkpt><trkpt lat="37.813949" lon="-122.478090"><ele>0.0</ele></trkpt><trkpt lat="37.813984" lon="-122.478108"><ele>0.0</ele></trkpt><trkpt lat="37.814010" lon="-122.478113"><ele>0.0</ele></trkpt><trkpt lat="37.814041" lon="-122.478109"><ele>0.0</ele></trkpt><trkpt lat="37.814067" lon="-122.478085"><ele>0.0</ele></trkpt><trkpt lat="37.814076" lon="-122.478060"><ele>0.0</ele></trkpt><trkpt lat="37.814079" lon="-122.478034"><ele>0.0</ele></trkpt><trkpt lat="37.825406" lon="-122.479354"><ele>15.6</ele></trkpt><trkpt lat="37.825405" lon="-122.479401"><ele>16.5</ele></trkpt><trkpt lat="37.825434" lon="-122.479433"><ele>17.5</ele></trkpt><trkpt lat="37.825463" lon="-122.479447"><ele>18.2</ele></trkpt><trkpt lat="37.825489" lon="-122.479452"><ele>18.9</ele></trkpt><trkpt lat="37.825516" lon="-122.479448"><ele>19.5</ele></trkpt><trkpt lat="37.825558" lon="-122.479430"><ele>20.6</ele></trkpt><trkpt lat="37.825572" lon="-122.479413"><ele>21.1</ele></trkpt><trkpt lat="37.825577" lon="-122.479375"><ele>21.8</ele></trkpt><trkpt lat="37.828906" lon="-122.479769"><ele>43.6</ele></trkpt><trkpt lat="37.830275" lon="-122.479929"><ele>29.9</ele></trkpt><trkpt lat="37.830423" lon="-122.479947"><ele>29.3</ele></trkpt><trkpt lat="37.830581" lon="-122.479968"><ele>31.9</ele></trkpt><trkpt lat="37.830706" lon="-122.479988"><ele>34.3</ele></trkpt><trkpt lat="37.830832" lon="-122.480017"><ele>36.7</ele></trkpt><trkpt lat="37.830965" lon="-122.480051"><ele>39.2</ele></trkpt><trkpt lat="37.831086" lon="-122.480092"><ele>41.4</ele></trkpt><trkpt lat="37.831210" lon="-122.480146"><ele>43.6</ele></trkpt><trkpt lat="37.831329" lon="-122.480202"><ele>45.8</ele></trkpt><trkpt lat="37.831445" lon="-122.480265"><ele>47.9</ele></trkpt><trkpt lat="37.831559" lon="-122.480334"><ele>50.4</ele></trkpt><trkpt lat="37.831691" lon="-122.480424"><ele>53.4</ele></trkpt><trkpt lat="37.831796" lon="-122.480505"><ele>55.9</ele></trkpt><trkpt lat="37.831910" lon="-122.480601"><ele>58.7</ele></trkpt><trkpt lat="37.832013" lon="-122.480696"><ele>60.8</ele></trkpt><trkpt lat="37.832135" lon="-122.480819"><ele>62.9</ele></trkpt><trkpt lat="37.832255" lon="-122.480952"><ele>65.1</ele></trkpt><trkpt lat="37.832380" lon="-122.481119"><ele>67.7</ele></trkpt><trkpt lat="37.832401" lon="-122.481155"><ele>68.3</ele></trkpt><trkpt lat="37.832421" lon="-122.481194"><ele>68.9</ele></trkpt><trkpt lat="37.832437" lon="-122.481229"><ele>69.4</ele></trkpt><trkpt lat="37.832450" lon="-122.481263"><ele>69.9</ele></trkpt><trkpt lat="37.832462" lon="-122.481304"><ele>70.5</ele></trkpt><trkpt lat="37.832472" lon="-122.481344"><ele>71.0</ele></trkpt><trkpt lat="37.832480" lon="-122.481389"><ele>71.6</ele></trkpt><trkpt lat="37.832486" lon="-122.481436"><ele>72.3</ele></trkpt><trkpt lat="37.832487" lon="-122.481482"><ele>72.9</ele></trkpt><trkpt lat="37.832483" lon="-122.481526"><ele>73.5</ele></trkpt><trkpt lat="37.832473" lon="-122.481568"><ele>74.0</ele></trkpt><trkpt lat="37.832706" lon="-122.481994"><ele>80.0</ele></trkpt><trkpt lat="37.832796" lon="-122.482158"><ele>82.2</ele></trkpt><trkpt lat="37.832836" lon="-122.482317"><ele>84.0</ele></trkpt><trkpt lat="37.832852" lon="-122.482344"><ele>84.3</ele></trkpt><trkpt lat="37.832867" lon="-122.482372"><ele>84.7</ele></trkpt><trkpt lat="37.832882" lon="-122.482403"><ele>85.1</ele></trkpt><trkpt lat="37.832895" lon="-122.482437"><ele>85.5</ele></trkpt><trkpt lat="37.832907" lon="-122.482470"><ele>85.9</ele></trkpt><trkpt lat="37.832918" lon="-122.482509"><ele>86.3</ele></trkpt><trkpt lat="37.832929" lon="-122.482554"><ele>86.8</ele></trkpt><trkpt lat="37.832980" lon="-122.482779"><ele>89.4</ele></trkpt><trkpt lat="37.832992" lon="-122.482835"><ele>90.0</ele></trkpt><trkpt lat="37.833008" lon="-122.482883"><ele>90.5</ele></trkpt><trkpt lat="37.833025" lon="-122.482926"><ele>91.1</ele></trkpt><trkpt lat="37.833045" lon="-122.482970"><ele>91.8</ele></trkpt><trkpt lat="37.833066" lon="-122.483009"><ele>92.5</ele></trkpt><trkpt lat="37.833086" lon="-122.483044"><ele>93.1</ele></trkpt><trkpt lat="37.833146" lon="-122.483137"><ele>94.8</ele></trkpt><trkpt lat="37.833164" lon="-122.483167"><ele>95.3</ele></trkpt><trkpt lat="37.833182" lon="-122.483202"><ele>95.9</ele></trkpt><trkpt lat="37.833197" lon="-122.483241"><ele>96.5</ele></trkpt><trkpt lat="37.833205" lon="-122.483274"><ele>97.0</ele></trkpt><trkpt lat="37.833214" lon="-122.483315"><ele>97.6</ele></trkpt><trkpt lat="37.833232" lon="-122.483427"><ele>99.1</ele></trkpt><trkpt lat="37.833237" lon="-122.483488"><ele>100.0</ele></trkpt><trkpt lat="37.833196" lon="-122.483470"><ele>100.8</ele></trkpt><trkpt lat="37.833159" lon="-122.483456"><ele>101.4</ele></trkpt><trkpt lat="37.833121" lon="-122.483444"><ele>102.1</ele></trkpt><trkpt lat="37.833083" lon="-122.483433"><ele>102.7</ele></trkpt><trkpt lat="37.833002" lon="-122.483412"><ele>104.2</ele></trkpt><trkpt lat="37.832926" lon="-122.483394"><ele>105.5</ele></trkpt><trkpt lat="37.832848" lon="-122.483379"><ele>106.8</ele></trkpt><trkpt lat="37.832794" lon="-122.483370"><ele>107.8</ele></trkpt><trkpt lat="37.832741" lon="-122.483365"><ele>108.7</ele></trkpt><trkpt lat="37.832709" lon="-122.483362"><ele>109.2</ele></trkpt><trkpt lat="37.832689" lon="-122.483362"><ele>109.6</ele></trkpt><trkpt lat="37.832637" lon="-122.483363"><ele>110.3</ele></trkpt><trkpt lat="37.832578" lon="-122.483369"><ele>111.0</ele></trkpt><trkpt lat="37.832512" lon="-122.483387"><ele>111.9</ele></trkpt><trkpt lat="37.832442" lon="-122.483413"><ele>112.9</ele></trkpt><trkpt lat="37.832370" lon="-122.483448"><ele>113.9</ele></trkpt><trkpt lat="37.832296" lon="-122.483492"><ele>114.9</ele></trkpt><trkpt lat="37.832147" lon="-122.483589"><ele>116.9</ele></trkpt><trkpt lat="37.831936" lon="-122.483725"><ele>118.4</ele></trkpt><trkpt lat="37.831840" lon="-122.483784"><ele>119.1</ele></trkpt><trkpt lat="37.831742" lon="-122.483837"><ele>119.7</ele></trkpt><trkpt lat="37.831637" lon="-122.483888"><ele>120.4</ele></trkpt><trkpt lat="37.831532" lon="-122.483932"><ele>121.0</ele></trkpt><trkpt lat="37.831428" lon="-122.483970"><ele>121.6</ele></trkpt><trkpt lat="37.831319" lon="-122.484006"><ele>122.2</ele></trkpt><trkpt lat="37.831213" lon="-122.484036"><ele>122.8</ele></trkpt><trkpt lat="37.831104" lon="-122.484059"><ele>123.5</ele></trkpt><trkpt lat="37.830996" lon="-122.484075"><ele>124.1</ele></trkpt><trkpt lat="37.830887" lon="-122.484085"><ele>124.8</ele></trkpt><trkpt lat="37.830778" lon="-122.484090"><ele>125.5</ele></trkpt><trkpt lat="37.830668" lon="-122.484091"><ele>126.2</ele></trkpt><trkpt lat="37.830601" lon="-122.484091"><ele>126.6</ele></trkpt><trkpt lat="37.830546" lon="-122.484086"><ele>127.0</ele></trkpt><trkpt lat="37.830493" lon="-122.484074"><ele>127.3</ele></trkpt><trkpt lat="37.830441" lon="-122.484052"><ele>127.7</ele></trkpt><trkpt lat="37.830391" lon="-122.484020"><ele>128.1</ele></trkpt><trkpt lat="37.830340" lon="-122.483978"><ele>128.5</ele></trkpt><trkpt lat="37.830296" lon="-122.483929"><ele>128.9</ele></trkpt><trkpt lat="37.830258" lon="-122.483878"><ele>129.3</ele></trkpt><trkpt lat="37.830118" lon="-122.483674"><ele>131.3</ele></trkpt><trkpt lat="37.830043" lon="-122.483574"><ele>132.8</ele></trkpt><trkpt lat="37.830000" lon="-122.483521"><ele>133.7</ele></trkpt><trkpt lat="37.829945" lon="-122.483473"><ele>134.6</ele></trkpt><trkpt lat="37.829895" lon="-122.483452"><ele>135.3</ele></trkpt><trkpt lat="37.829866" lon="-122.483443"><ele>135.7</ele></trkpt><trkpt lat="37.829842" lon="-122.483439"><ele>136.0</ele></trkpt><trkpt lat="37.829791" lon="-122.483438"><ele>136.7</ele></trkpt><trkpt lat="37.829741" lon="-122.483449"><ele>137.4</ele></trkpt><trkpt lat="37.829696" lon="-122.483466"><ele>138.3</ele></trkpt><trkpt lat="37.829669" lon="-122.483482"><ele>138.9</ele></trkpt><trkpt lat="37.829644" lon="-122.483499"><ele>139.5</ele></trkpt><trkpt lat="37.829605" lon="-122.483540"><ele>140.5</ele></trkpt><trkpt lat="37.829567" lon="-122.483590"><ele>141.7</ele></trkpt><trkpt lat="37.829540" lon="-122.483651"><ele>142.8</ele></trkpt><trkpt lat="37.829513" lon="-122.483736"><ele>144.3</ele></trkpt><trkpt lat="37.829506" lon="-122.483820"><ele>145.6</ele></trkpt><trkpt lat="37.829504" lon="-122.483887"><ele>146.7</ele></trkpt><trkpt lat="37.829503" lon="-122.484005"><ele>148.6</ele></trkpt><trkpt lat="37.829502" lon="-122.484195"><ele>150.0</ele></trkpt><trkpt lat="37.829504" lon="-122.484397"><ele>151.3</ele></trkpt><trkpt lat="37.829512" lon="-122.484615"><ele>152.8</ele></trkpt><trkpt lat="37.829522" lon="-122.484817"><ele>153.4</ele></trkpt><trkpt lat="37.829522" lon="-122.484912"><ele>153.4</ele></trkpt><trkpt lat="37.829512" lon="-122.485000"><ele>153.5</ele></trkpt><trkpt lat="37.829493" lon="-122.485087"><ele>153.5</ele></trkpt><trkpt lat="37.829462" lon="-122.485170"><ele>153.5</ele></trkpt><trkpt lat="37.829407" lon="-122.485266"><ele>153.6</ele></trkpt><trkpt lat="37.829349" lon="-122.485347"><ele>153.3</ele></trkpt><trkpt lat="37.829184" lon="-122.485543"><ele>151.5</ele></trkpt><trkpt lat="37.829046" lon="-122.485699"><ele>150.1</ele></trkpt><trkpt lat="37.828954" lon="-122.485807"><ele>148.8</ele></trkpt><trkpt lat="37.828912" lon="-122.485872"><ele>147.8</ele></trkpt><trkpt lat="37.828886" lon="-122.485934"><ele>146.9</ele></trkpt><trkpt lat="37.828876" lon="-122.485967"><ele>146.5</ele></trkpt><trkpt lat="37.828861" lon="-122.486051"><ele>145.4</ele></trkpt><trkpt lat="37.828864" lon="-122.486150"><ele>144.2</ele></trkpt><trkpt lat="37.828869" lon="-122.486172"><ele>143.9</ele></trkpt><trkpt lat="37.828886" lon="-122.486231"><ele>143.2</ele></trkpt><trkpt lat="37.828920" lon="-122.486313"><ele>142.0</ele></trkpt><trkpt lat="37.829114" lon="-122.486620"><ele>136.3</ele></trkpt><trkpt lat="37.829201" lon="-122.486753"><ele>133.7</ele></trkpt><trkpt lat="37.829249" lon="-122.486815"><ele>132.4</ele></trkpt><trkpt lat="37.829306" lon="-122.486867"><ele>131.0</ele></trkpt><trkpt lat="37.829365" lon="-122.486900"><ele>130.6</ele></trkpt><trkpt lat="37.829412" lon="-122.486915"><ele>130.7</ele></trkpt><trkpt lat="37.829468" lon="-122.486920"><ele>130.9</ele></trkpt><trkpt lat="37.829518" lon="-122.486920"><ele>131.1</ele></trkpt><trkpt lat="37.829697" lon="-122.486915"><ele>131.7</ele></trkpt><trkpt lat="37.829841" lon="-122.486915"><ele>132.2</ele></trkpt><trkpt lat="37.830120" lon="-122.486925"><ele>133.4</ele></trkpt><trkpt lat="37.830403" lon="-122.486937"><ele>134.7</ele></trkpt><trkpt lat="37.830662" lon="-122.486937"><ele>138.4</ele></trkpt><trkpt lat="37.830740" lon="-122.486939"><ele>139.6</ele></trkpt><trkpt lat="37.830832" lon="-122.486960"><ele>141.1</ele></trkpt><trkpt lat="37.830905" lon="-122.486992"><ele>142.2</ele></trkpt><trkpt lat="37.830982" lon="-122.487039"><ele>143.5</ele></trkpt><trkpt lat="37.831052" lon="-122.487088"><ele>144.7</ele></trkpt><trkpt lat="37.831266" lon="-122.487264"><ele>148.5</ele></trkpt><trkpt lat="37.831332" lon="-122.487312"><ele>149.6</ele></trkpt><trkpt lat="37.831418" lon="-122.487358"><ele>151.0</ele></trkpt><trkpt lat="37.831543" lon="-122.487411"><ele>154.1</ele></trkpt><trkpt lat="37.831692" lon="-122.487475"><ele>157.7</ele></trkpt><trkpt lat="37.831781" lon="-122.487523"><ele>160.0</ele></trkpt><trkpt lat="37.831858" lon="-122.487572"><ele>162.0</ele></trkpt><trkpt lat="37.831955" lon="-122.487648"><ele>164.1</ele></trkpt><trkpt lat="37.832051" lon="-122.487739"><ele>165.7</ele></trkpt><trkpt lat="37.832127" lon="-122.487822"><ele>167.0</ele></trkpt><trkpt lat="37.832184" lon="-122.487906"><ele>168.2</ele></trkpt><trkpt lat="37.832252" lon="-122.488024"><ele>169.7</ele></trkpt><trkpt lat="37.832298" lon="-122.488087"><ele>170.6</ele></trkpt><trkpt lat="37.832351" lon="-122.488146"><ele>171.6</ele></trkpt><trkpt lat="37.832414" lon="-122.488201"><ele>172.8</ele></trkpt><trkpt lat="37.832523" lon="-122.488271"><ele>174.6</ele></trkpt><trkpt lat="37.832599" lon="-122.488331"><ele>175.9</ele></trkpt><trkpt lat="37.832659" lon="-122.488394"><ele>177.0</ele></trkpt><trkpt lat="37.832723" lon="-122.488480"><ele>178.4</ele></trkpt><trkpt lat="37.832881" lon="-122.488720"><ele>181.8</ele></trkpt><trkpt lat="37.832910" lon="-122.488779"><ele>182.5</ele></trkpt><trkpt lat="37.832933" lon="-122.488862"><ele>183.5</ele></trkpt><trkpt lat="37.832940" lon="-122.488958"><ele>184.5</ele></trkpt><trkpt lat="37.832929" lon="-122.489044"><ele>185.5</ele></trkpt><trkpt lat="37.832906" lon="-122.489124"><ele>186.4</ele></trkpt><trkpt lat="37.832686" lon="-122.489602"><ele>191.9</ele></trkpt><trkpt lat="37.832659" lon="-122.489680"><ele>192.8</ele></trkpt><trkpt lat="37.832642" lon="-122.489782"><ele>192.2</ele></trkpt><trkpt lat="37.832647" lon="-122.489882"><ele>191.3</ele></trkpt><trkpt lat="37.832673" lon="-122.489984"><ele>190.4</ele></trkpt><trkpt lat="37.832715" lon="-122.490066"><ele>189.6</ele></trkpt><trkpt lat="37.832839" lon="-122.490239"><ele>187.6</ele></trkpt><trkpt lat="37.832879" lon="-122.490320"><ele>186.9</ele></trkpt><trkpt lat="37.832898" lon="-122.490394"><ele>186.4</ele></trkpt><trkpt lat="37.832904" lon="-122.490466"><ele>185.9</ele></trkpt><trkpt lat="37.832896" lon="-122.490538"><ele>185.5</ele></trkpt><trkpt lat="37.832881" lon="-122.490598"><ele>185.1</ele></trkpt><trkpt lat="37.832858" lon="-122.490652"><ele>184.7</ele></trkpt><trkpt lat="37.832818" lon="-122.490710"><ele>184.2</ele></trkpt><trkpt lat="37.832768" lon="-122.490761"><ele>183.7</ele></trkpt><trkpt lat="37.832594" lon="-122.490917"><ele>181.9</ele></trkpt><trkpt lat="37.832553" lon="-122.490970"><ele>181.4</ele></trkpt><trkpt lat="37.832513" lon="-122.491033"><ele>180.9</ele></trkpt><trkpt lat="37.832481" lon="-122.491121"><ele>180.2</ele></trkpt><trkpt lat="37.832463" lon="-122.491207"><ele>179.6</ele></trkpt><trkpt lat="37.832459" lon="-122.491280"><ele>179.1</ele></trkpt><trkpt lat="37.832463" lon="-122.491379"><ele>178.5</ele></trkpt><trkpt lat="37.832482" lon="-122.491467"><ele>178.4</ele></trkpt><trkpt lat="37.832517" lon="-122.491548"><ele>178.4</ele></trkpt><trkpt lat="37.832563" lon="-122.491629"><ele>178.5</ele></trkpt><trkpt lat="37.832617" lon="-122.491703"><ele>178.6</ele></trkpt><trkpt lat="37.832663" lon="-122.491755"><ele>178.7</ele></trkpt><trkpt lat="37.832725" lon="-122.491800"><ele>178.8</ele></trkpt><trkpt lat="37.832788" lon="-122.491836"><ele>178.8</ele></trkpt><trkpt lat="37.833121" lon="-122.492013"><ele>177.4</ele></trkpt><trkpt lat="37.833231" lon="-122.492094"><ele>176.8</ele></trkpt><trkpt lat="37.833300" lon="-122.492158"><ele>176.3</ele></trkpt><trkpt lat="37.833364" lon="-122.492263"><ele>176.6</ele></trkpt><trkpt lat="37.833415" lon="-122.492392"><ele>177.4</ele></trkpt><trkpt lat="37.833545" lon="-122.493246"><ele>182.7</ele></trkpt><trkpt lat="37.833581" lon="-122.493478"><ele>184.5</ele></trkpt><trkpt lat="37.833591" lon="-122.493542"><ele>185.0</ele></trkpt><trkpt lat="37.833619" lon="-122.493631"><ele>185.7</ele></trkpt><trkpt lat="37.833638" lon="-122.493683"><ele>186.2</ele></trkpt><trkpt lat="37.833660" lon="-122.493736"><ele>186.6</ele></trkpt><trkpt lat="37.833693" lon="-122.493795"><ele>187.2</ele></trkpt><trkpt lat="37.833759" lon="-122.493894"><ele>188.2</ele></trkpt><trkpt lat="37.833774" lon="-122.493917"><ele>188.4</ele></trkpt><trkpt lat="37.833787" lon="-122.493943"><ele>188.6</ele></trkpt><trkpt lat="37.833795" lon="-122.493972"><ele>188.9</ele></trkpt><trkpt lat="37.833800" lon="-122.494002"><ele>189.1</ele></trkpt><trkpt lat="37.833800" lon="-122.494034"><ele>189.3</ele></trkpt><trkpt lat="37.833796" lon="-122.494064"><ele>189.6</ele></trkpt><trkpt lat="37.833788" lon="-122.494093"><ele>189.8</ele></trkpt><trkpt lat="37.833774" lon="-122.494121"><ele>189.9</ele></trkpt><trkpt lat="37.833758" lon="-122.494145"><ele>189.8</ele></trkpt><trkpt lat="37.833740" lon="-122.494163"><ele>189.8</ele></trkpt><trkpt lat="37.833721" lon="-122.494176"><ele>189.7</ele></trkpt><trkpt lat="37.833699" lon="-122.494186"><ele>189.7</ele></trkpt><trkpt lat="37.833677" lon="-122.494191"><ele>189.7</ele></trkpt><trkpt lat="37.833654" lon="-122.494192"><ele>189.6</ele></trkpt><trkpt lat="37.833632" lon="-122.494187"><ele>189.6</ele></trkpt><trkpt lat="37.833604" lon="-122.494185"><ele>189.5</ele></trkpt><trkpt lat="37.833571" lon="-122.494186"><ele>189.5</ele></trkpt><trkpt lat="37.833555" lon="-122.494188"><ele>189.5</ele></trkpt><trkpt lat="37.833531" lon="-122.494195"><ele>189.4</ele></trkpt><trkpt lat="37.833513" lon="-122.494201"><ele>189.4</ele></trkpt><trkpt lat="37.833493" lon="-122.494212"><ele>189.3</ele></trkpt><trkpt lat="37.833468" lon="-122.494228"><ele>189.3</ele></trkpt><trkpt lat="37.833437" lon="-122.494250"><ele>189.2</ele></trkpt><trkpt lat="37.833404" lon="-122.494275"><ele>189.2</ele></trkpt><trkpt lat="37.833368" lon="-122.494307"><ele>189.1</ele></trkpt><trkpt lat="37.833126" lon="-122.494616"><ele>194.1</ele></trkpt><trkpt lat="37.833048" lon="-122.494711"><ele>196.1</ele></trkpt><trkpt lat="37.833007" lon="-122.494749"><ele>197.1</ele></trkpt><trkpt lat="37.832960" lon="-122.494787"><ele>198.1</ele></trkpt><trkpt lat="37.832914" lon="-122.494815"><ele>199.1</ele></trkpt><trkpt lat="37.832807" lon="-122.494857"><ele>201.6</ele></trkpt><trkpt lat="37.832572" lon="-122.494942"><ele>207.1</ele></trkpt><trkpt lat="37.832427" lon="-122.494985"><ele>210.5</ele></trkpt><trkpt lat="37.832178" lon="-122.495046"><ele>214.8</ele></trkpt><trkpt lat="37.832069" lon="-122.495085"><ele>216.6</ele></trkpt><trkpt lat="37.832013" lon="-122.495111"><ele>217.6</ele></trkpt><trkpt lat="37.831950" lon="-122.495155"><ele>218.7</ele></trkpt><trkpt lat="37.831875" lon="-122.495229"><ele>220.2</ele></trkpt><trkpt lat="37.831840" lon="-122.495279"><ele>220.7</ele></trkpt><trkpt lat="37.831804" lon="-122.495340"><ele>221.4</ele></trkpt><trkpt lat="37.831769" lon="-122.495427"><ele>222.2</ele></trkpt><trkpt lat="37.831745" lon="-122.495510"><ele>223.0</ele></trkpt><trkpt lat="37.831733" lon="-122.495595"><ele>223.7</ele></trkpt><trkpt lat="37.831732" lon="-122.495670"><ele>224.4</ele></trkpt><trkpt lat="37.831736" lon="-122.495740"><ele>225.0</ele></trkpt><trkpt lat="37.831761" lon="-122.496013"><ele>226.9</ele></trkpt><trkpt lat="37.831769" lon="-122.496148"><ele>227.7</ele></trkpt><trkpt lat="37.831766" lon="-122.496276"><ele>228.5</ele></trkpt><trkpt lat="37.831759" lon="-122.496389"><ele>229.2</ele></trkpt><trkpt lat="37.831744" lon="-122.496511"><ele>230.0</ele></trkpt><trkpt lat="37.831732" lon="-122.496597"><ele>230.3</ele></trkpt><trkpt lat="37.831708" lon="-122.496701"><ele>230.5</ele></trkpt><trkpt lat="37.831586" lon="-122.497138"><ele>231.5</ele></trkpt><trkpt lat="37.831558" lon="-122.497219"><ele>231.6</ele></trkpt><trkpt lat="37.831526" lon="-122.497290"><ele>231.4</ele></trkpt><trkpt lat="37.831478" lon="-122.497363"><ele>231.2</ele></trkpt><trkpt lat="37.831432" lon="-122.497412"><ele>231.0</ele></trkpt><trkpt lat="37.831368" lon="-122.497460"><ele>230.8</ele></trkpt><trkpt lat="37.831269" lon="-122.497499"><ele>230.5</ele></trkpt><trkpt lat="37.831089" lon="-122.497542"><ele>229.9</ele></trkpt><trkpt lat="37.830915" lon="-122.497603"><ele>229.0</ele></trkpt><trkpt lat="37.830796" lon="-122.497690"><ele>228.4</ele></trkpt><trkpt lat="37.830710" lon="-122.497771"><ele>227.9</ele></trkpt><trkpt lat="37.830655" lon="-122.497839"><ele>227.7</ele></trkpt><trkpt lat="37.830612" lon="-122.497902"><ele>227.7</ele></trkpt><trkpt lat="37.830565" lon="-122.497992"><ele>227.7</ele></trkpt><trkpt lat="37.830468" lon="-122.498226"><ele>227.7</ele></trkpt><trkpt lat="37.830425" lon="-122.498297"><ele>227.7</ele></trkpt><trkpt lat="37.830378" lon="-122.498355"><ele>227.7</ele></trkpt><trkpt lat="37.830308" lon="-122.498411"><ele>228.2</ele></trkpt><trkpt lat="37.830259" lon="-122.498440"><ele>228.8</ele></trkpt><trkpt lat="37.830188" lon="-122.498466"><ele>229.6</ele></trkpt><trkpt lat="37.830121" lon="-122.498472"><ele>230.3</ele></trkpt><trkpt lat="37.830033" lon="-122.498463"><ele>231.3</ele></trkpt><trkpt lat="37.829925" lon="-122.498433"><ele>232.5</ele></trkpt><trkpt lat="37.829198" lon="-122.498228"><ele>239.1</ele></trkpt><trkpt lat="37.829099" lon="-122.498192"><ele>240.4</ele></trkpt><trkpt lat="37.829008" lon="-122.498143"><ele>241.6</ele></trkpt><trkpt lat="37.828925" lon="-122.498080"><ele>242.7</ele></trkpt><trkpt lat="37.828755" lon="-122.497931"><ele>245.3</ele></trkpt><trkpt lat="37.828660" lon="-122.497871"><ele>246.7</ele></trkpt><trkpt lat="37.828555" lon="-122.497825"><ele>248.1</ele></trkpt><trkpt lat="37.828438" lon="-122.497796"><ele>249.7</ele></trkpt><trkpt lat="37.828355" lon="-122.497795"><ele>250.8</ele></trkpt><trkpt lat="37.828296" lon="-122.497805"><ele>251.5</ele></trkpt><trkpt lat="37.828239" lon="-122.497828"><ele>252.4</ele></trkpt><trkpt lat="37.828202" lon="-122.497857"><ele>253.1</ele></trkpt><trkpt lat="37.828166" lon="-122.497896"><ele>253.8</ele></trkpt><trkpt lat="37.828135" lon="-122.497943"><ele>254.5</ele></trkpt><trkpt lat="37.828109" lon="-122.498009"><ele>255.3</ele></trkpt><trkpt lat="37.828055" lon="-122.498200"><ele>257.7</ele></trkpt><trkpt lat="37.827981" lon="-122.498462"><ele>260.2</ele></trkpt><trkpt lat="37.827932" lon="-122.498580"><ele>261.1</ele></trkpt><trkpt lat="37.827879" lon="-122.498673"><ele>261.8</ele></trkpt><trkpt lat="37.827822" lon="-122.498754"><ele>262.5</ele></trkpt><trkpt lat="37.827731" lon="-122.498851"><ele>263.4</ele></trkpt><trkpt lat="37.827640" lon="-122.498931"><ele>263.2</ele></trkpt><trkpt lat="37.827451" lon="-122.499059"><ele>261.9</ele></trkpt><trkpt lat="37.827188" lon="-122.499207"><ele>259.7</ele></trkpt><trkpt lat="37.827042" lon="-122.499264"><ele>257.0</ele></trkpt><trkpt lat="37.826994" lon="-122.499269"><ele>256.1</ele></trkpt><trkpt lat="37.826908" lon="-122.499264"><ele>254.5</ele></trkpt><trkpt lat="37.826831" lon="-122.499242"><ele>253.1</ele></trkpt><trkpt lat="37.826720" lon="-122.499213"><ele>251.0</ele></trkpt><trkpt lat="37.826658" lon="-122.499215"><ele>249.6</ele></trkpt><trkpt lat="37.826607" lon="-122.499228"><ele>248.2</ele></trkpt><trkpt lat="37.826564" lon="-122.499247"><ele>247.0</ele></trkpt><trkpt lat="37.826513" lon="-122.499283"><ele>245.4</ele></trkpt><trkpt lat="37.826463" lon="-122.499327"><ele>243.7</ele></trkpt><trkpt lat="37.826404" lon="-122.499390"><ele>241.6</ele></trkpt><trkpt lat="37.826345" lon="-122.499465"><ele>239.3</ele></trkpt><trkpt lat="37.826310" lon="-122.499525"><ele>237.7</ele></trkpt><trkpt lat="37.826278" lon="-122.499595"><ele>236.0</ele></trkpt><trkpt lat="37.826260" lon="-122.499671"><ele>234.7</ele></trkpt><trkpt lat="37.826256" lon="-122.499748"><ele>233.6</ele></trkpt><trkpt lat="37.826264" lon="-122.499841"><ele>232.1</ele></trkpt><trkpt lat="37.826288" lon="-122.499984"><ele>229.9</ele></trkpt><trkpt lat="37.826330" lon="-122.500151"><ele>227.2</ele></trkpt><trkpt lat="37.826377" lon="-122.500291"><ele>224.6</ele></trkpt><trkpt lat="37.826467" lon="-122.500525"><ele>218.6</ele></trkpt><trkpt lat="37.826574" lon="-122.500798"><ele>211.7</ele></trkpt><trkpt lat="37.826612" lon="-122.500906"><ele>209.0</ele></trkpt><trkpt lat="37.826636" lon="-122.500999"><ele>206.7</ele></trkpt><trkpt lat="37.826649" lon="-122.501102"><ele>204.3</ele></trkpt><trkpt lat="37.826658" lon="-122.501235"><ele>201.1</ele></trkpt><trkpt lat="37.826669" lon="-122.501461"><ele>195.8</ele></trkpt><trkpt lat="37.826679" lon="-122.501572"><ele>193.5</ele></trkpt><trkpt lat="37.826695" lon="-122.501642"><ele>192.5</ele></trkpt><trkpt lat="37.826725" lon="-122.501704"><ele>191.5</ele></trkpt><trkpt lat="37.826767" lon="-122.501752"><ele>190.5</ele></trkpt><trkpt lat="37.826814" lon="-122.501785"><ele>189.5</ele></trkpt><trkpt lat="37.826904" lon="-122.501837"><ele>187.8</ele></trkpt><trkpt lat="37.826967" lon="-122.501878"><ele>186.5</ele></trkpt><trkpt lat="37.827033" lon="-122.501931"><ele>185.2</ele></trkpt><trkpt lat="37.827105" lon="-122.502000"><ele>183.5</ele></trkpt><trkpt lat="37.827180" lon="-122.502090"><ele>181.4</ele></trkpt><trkpt lat="37.827236" lon="-122.502168"><ele>179.7</ele></trkpt><trkpt lat="37.827295" lon="-122.502267"><ele>177.8</ele></trkpt><trkpt lat="37.827338" lon="-122.502353"><ele>176.2</ele></trkpt><trkpt lat="37.827377" lon="-122.502460"><ele>174.3</ele></trkpt><trkpt lat="37.827417" lon="-122.502584"><ele>172.4</ele></trkpt><trkpt lat="37.827457" lon="-122.502723"><ele>170.3</ele></trkpt><trkpt lat="37.827517" lon="-122.502910"><ele>167.5</ele></trkpt><trkpt lat="37.827569" lon="-122.503065"><ele>165.1</ele></trkpt><trkpt lat="37.827655" lon="-122.503304"><ele>163.0</ele></trkpt><trkpt lat="37.827674" lon="-122.503370"><ele>162.6</ele></trkpt><trkpt lat="37.827681" lon="-122.503428"><ele>162.3</ele></trkpt><trkpt lat="37.827681" lon="-122.503496"><ele>162.0</ele></trkpt><trkpt lat="37.827670" lon="-122.503545"><ele>161.7</ele></trkpt><trkpt lat="37.827653" lon="-122.503601"><ele>161.4</ele></trkpt><trkpt lat="37.827616" lon="-122.503676"><ele>160.9</ele></trkpt><trkpt lat="37.827596" lon="-122.503713"><ele>160.6</ele></trkpt><trkpt lat="37.827451" lon="-122.503890"><ele>159.4</ele></trkpt><trkpt lat="37.827378" lon="-122.503997"><ele>158.8</ele></trkpt><trkpt lat="37.827310" lon="-122.504118"><ele>158.1</ele></trkpt><trkpt lat="37.827219" lon="-122.504323"><ele>157.0</ele></trkpt><trkpt lat="37.827092" lon="-122.504600"><ele>155.2</ele></trkpt><trkpt lat="37.827057" lon="-122.504654"><ele>154.8</ele></trkpt><trkpt lat="37.827014" lon="-122.504707"><ele>154.4</ele></trkpt><trkpt lat="37.826963" lon="-122.504755"><ele>153.9</ele></trkpt><trkpt lat="37.826865" lon="-122.504810"><ele>153.3</ele></trkpt><trkpt lat="37.826691" lon="-122.504910"><ele>153.0</ele></trkpt><trkpt lat="37.826629" lon="-122.504956"><ele>152.8</ele></trkpt><trkpt lat="37.826559" lon="-122.505029"><ele>152.7</ele></trkpt><trkpt lat="37.826510" lon="-122.505092"><ele>152.6</ele></trkpt><trkpt lat="37.826477" lon="-122.505152"><ele>152.5</ele></trkpt><trkpt lat="37.826442" lon="-122.505222"><ele>152.0</ele></trkpt><trkpt lat="37.826415" lon="-122.505292"><ele>151.3</ele></trkpt><trkpt lat="37.826369" lon="-122.505443"><ele>149.8</ele></trkpt><trkpt lat="37.826255" lon="-122.505833"><ele>145.8</ele></trkpt><trkpt lat="37.826234" lon="-122.505923"><ele>144.4</ele></trkpt><trkpt lat="37.826225" lon="-122.505995"><ele>143.4</ele></trkpt><trkpt lat="37.826227" lon="-122.506130"><ele>141.5</ele></trkpt><trkpt lat="37.826249" lon="-122.506244"><ele>139.9</ele></trkpt><trkpt lat="37.826280" lon="-122.506332"><ele>138.5</ele></trkpt><trkpt lat="37.826386" lon="-122.506538"><ele>135.5</ele></trkpt><trkpt lat="37.826416" lon="-122.506604"><ele>134.8</ele></trkpt><trkpt lat="37.826439" lon="-122.506701"><ele>133.9</ele></trkpt><trkpt lat="37.826445" lon="-122.506796"><ele>133.0</ele></trkpt><trkpt lat="37.826434" lon="-122.506878"><ele>132.3</ele></trkpt><trkpt lat="37.826398" lon="-122.506990"><ele>131.2</ele></trkpt><trkpt lat="37.826231" lon="-122.507273"><ele>126.9</ele></trkpt><trkpt lat="37.826192" lon="-122.507357"><ele>125.5</ele></trkpt><trkpt lat="37.826152" lon="-122.507468"><ele>123.8</ele></trkpt><trkpt lat="37.826116" lon="-122.507612"><ele>121.7</ele></trkpt><trkpt lat="37.826091" lon="-122.507732"><ele>120.4</ele></trkpt><trkpt lat="37.826079" lon="-122.507821"><ele>119.8</ele></trkpt><trkpt lat="37.826078" lon="-122.507893"><ele>119.4</ele></trkpt><trkpt lat="37.826099" lon="-122.507963"><ele>118.9</ele></trkpt><trkpt lat="37.826139" lon="-122.508029"><ele>118.4</ele></trkpt><trkpt lat="37.826193" lon="-122.508089"><ele>117.8</ele></trkpt><trkpt lat="37.826391" lon="-122.508249"><ele>115.5</ele></trkpt><trkpt lat="37.826444" lon="-122.508300"><ele>114.6</ele></trkpt><trkpt lat="37.826506" lon="-122.508376"><ele>113.3</ele></trkpt><trkpt lat="37.826553" lon="-122.508464"><ele>112.1</ele></trkpt><trkpt lat="37.826584" lon="-122.508561"><ele>110.9</ele></trkpt><trkpt lat="37.826614" lon="-122.508721"><ele>109.0</ele></trkpt><trkpt lat="37.826727" lon="-122.509345"><ele>104.8</ele></trkpt><trkpt lat="37.826769" lon="-122.509572"><ele>103.2</ele></trkpt><trkpt lat="37.826802" lon="-122.509720"><ele>102.2</ele></trkpt><trkpt lat="37.826834" lon="-122.509838"><ele>101.4</ele></trkpt><trkpt lat="37.826896" lon="-122.509985"><ele>100.2</ele></trkpt><trkpt lat="37.827012" lon="-122.510181"><ele>99.3</ele></trkpt><trkpt lat="37.827406" lon="-122.510736"><ele>97.2</ele></trkpt><trkpt lat="37.827446" lon="-122.510789"><ele>96.9</ele></trkpt><trkpt lat="37.827483" lon="-122.510841"><ele>96.6</ele></trkpt><trkpt lat="37.827622" lon="-122.511042"><ele>95.4</ele></trkpt><trkpt lat="37.828028" lon="-122.511617"><ele>93.1</ele></trkpt><trkpt lat="37.828067" lon="-122.511685"><ele>92.7</ele></trkpt><trkpt lat="37.828100" lon="-122.511759"><ele>92.3</ele></trkpt><trkpt lat="37.828135" lon="-122.511871"><ele>91.7</ele></trkpt><trkpt lat="37.828153" lon="-122.511979"><ele>91.1</ele></trkpt><trkpt lat="37.828160" lon="-122.512085"><ele>90.6</ele></trkpt><trkpt lat="37.828155" lon="-122.512193"><ele>90.1</ele></trkpt><trkpt lat="37.828135" lon="-122.512318"><ele>90.1</ele></trkpt><trkpt lat="37.828095" lon="-122.512447"><ele>90.3</ele></trkpt><trkpt lat="37.828038" lon="-122.512583"><ele>90.6</ele></trkpt><trkpt lat="37.827401" lon="-122.514010"><ele>91.5</ele></trkpt><trkpt lat="37.827325" lon="-122.514199"><ele>92.4</ele></trkpt><trkpt lat="37.827299" lon="-122.514288"><ele>92.9</ele></trkpt><trkpt lat="37.827272" lon="-122.514395"><ele>93.5</ele></trkpt><trkpt lat="37.827254" lon="-122.514512"><ele>94.1</ele></trkpt><trkpt lat="37.827244" lon="-122.514612"><ele>94.7</ele></trkpt><trkpt lat="37.827239" lon="-122.514721"><ele>95.3</ele></trkpt><trkpt lat="37.827230" lon="-122.515275"><ele>100.1</ele></trkpt><trkpt lat="37.827224" lon="-122.515553"><ele>101.1</ele></trkpt><trkpt lat="37.827226" lon="-122.515750"><ele>101.4</ele></trkpt><trkpt lat="37.827235" lon="-122.515892"><ele>101.6</ele></trkpt><trkpt lat="37.827263" lon="-122.516089"><ele>101.6</ele></trkpt><trkpt lat="37.827301" lon="-122.516255"><ele>100.8</ele></trkpt><trkpt lat="37.827456" lon="-122.516744"><ele>98.5</ele></trkpt><trkpt lat="37.827467" lon="-122.516795"><ele>98.3</ele></trkpt><trkpt lat="37.827471" lon="-122.516877"><ele>98.0</ele></trkpt><trkpt lat="37.827457" lon="-122.516951"><ele>97.7</ele></trkpt><trkpt lat="37.827418" lon="-122.517028"><ele>97.3</ele></trkpt><trkpt lat="37.827357" lon="-122.517092"><ele>96.9</ele></trkpt><trkpt lat="37.827225" lon="-122.517211"><ele>96.1</ele></trkpt><trkpt lat="37.827151" lon="-122.517289"><ele>96.0</ele></trkpt><trkpt lat="37.827090" lon="-122.517380"><ele>96.0</ele></trkpt><trkpt lat="37.827048" lon="-122.517457"><ele>96.0</ele></trkpt><trkpt lat="37.827016" lon="-122.517537"><ele>96.0</ele></trkpt><trkpt lat="37.826983" lon="-122.517658"><ele>96.0</ele></trkpt><trkpt lat="37.826806" lon="-122.518300"><ele>92.4</ele></trkpt><trkpt lat="37.826709" lon="-122.518669"><ele>89.8</ele></trkpt><trkpt lat="37.826666" lon="-122.518868"><ele>88.5</ele></trkpt><trkpt lat="37.826634" lon="-122.519061"><ele>87.2</ele></trkpt><trkpt lat="37.826613" lon="-122.519218"><ele>87.0</ele></trkpt><trkpt lat="37.826613" lon="-122.519316"><ele>87.1</ele></trkpt><trkpt lat="37.826622" lon="-122.519412"><ele>87.3</ele></trkpt><trkpt lat="37.826641" lon="-122.519519"><ele>87.4</ele></trkpt><trkpt lat="37.826678" lon="-122.519641"><ele>87.6</ele></trkpt><trkpt lat="37.826721" lon="-122.519749"><ele>87.8</ele></trkpt><trkpt lat="37.826768" lon="-122.519835"><ele>87.9</ele></trkpt><trkpt lat="37.826931" lon="-122.520068"><ele>88.1</ele></trkpt><trkpt lat="37.826974" lon="-122.520160"><ele>88.2</ele></trkpt><trkpt lat="37.827020" lon="-122.520288"><ele>88.4</ele></trkpt><trkpt lat="37.827061" lon="-122.520442"><ele>87.2</ele></trkpt><trkpt lat="37.827083" lon="-122.520535"><ele>86.3</ele></trkpt><trkpt lat="37.827135" lon="-122.520744"><ele>84.3</ele></trkpt><trkpt lat="37.827158" lon="-122.520857"><ele>83.3</ele></trkpt><trkpt lat="37.827171" lon="-122.520993"><ele>82.3</ele></trkpt><trkpt lat="37.827163" lon="-122.521217"><ele>82.0</ele></trkpt><trkpt lat="37.827170" lon="-122.521326"><ele>81.8</ele></trkpt><trkpt lat="37.827193" lon="-122.521440"><ele>81.7</ele></trkpt><trkpt lat="37.827248" lon="-122.521624"><ele>81.4</ele></trkpt><trkpt lat="37.827310" lon="-122.521807"><ele>81.1</ele></trkpt><trkpt lat="37.827347" lon="-122.521893"><ele>81.0</ele></trkpt><trkpt lat="37.827408" lon="-122.521990"><ele>80.8</ele></trkpt><trkpt lat="37.827530" lon="-122.522157"><ele>80.5</ele></trkpt><trkpt lat="37.827619" lon="-122.522293"><ele>80.0</ele></trkpt><trkpt lat="37.827695" lon="-122.522415"><ele>79.5</ele></trkpt><trkpt lat="37.827742" lon="-122.522474"><ele>79.2</ele></trkpt><trkpt lat="37.827790" lon="-122.522522"><ele>78.9</ele></trkpt><trkpt lat="37.827848" lon="-122.522564"><ele>78.6</ele></trkpt><trkpt lat="37.827924" lon="-122.522620"><ele>78.2</ele></trkpt><trkpt lat="37.827977" lon="-122.522673"><ele>77.9</ele></trkpt><trkpt lat="37.828006" lon="-122.522728"><ele>77.7</ele></trkpt><trkpt lat="37.828035" lon="-122.522819"><ele>77.4</ele></trkpt><trkpt lat="37.828052" lon="-122.522936"><ele>77.0</ele></trkpt><trkpt lat="37.828065" lon="-122.523025"><ele>76.7</ele></trkpt><trkpt lat="37.828087" lon="-122.523119"><ele>76.4</ele></trkpt><trkpt lat="37.828126" lon="-122.523233"><ele>76.1</ele></trkpt><trkpt lat="37.828200" lon="-122.523406"><ele>75.1</ele></trkpt><trkpt lat="37.828223" lon="-122.523467"><ele>74.8</ele></trkpt><trkpt lat="37.828232" lon="-122.523523"><ele>74.5</ele></trkpt><trkpt lat="37.828232" lon="-122.523585"><ele>74.1</ele></trkpt><trkpt lat="37.828215" lon="-122.523659"><ele>73.7</ele></trkpt><trkpt lat="37.828187" lon="-122.523725"><ele>73.3</ele></trkpt><trkpt lat="37.828131" lon="-122.523823"><ele>72.7</ele></trkpt><trkpt lat="37.828090" lon="-122.523910"><ele>72.2</ele></trkpt><trkpt lat="37.828063" lon="-122.523993"><ele>71.9</ele></trkpt><trkpt lat="37.828044" lon="-122.524088"><ele>71.6</ele></trkpt><trkpt lat="37.828033" lon="-122.524182"><ele>71.3</ele></trkpt><trkpt lat="37.828031" lon="-122.524271"><ele>71.0</ele></trkpt><trkpt lat="37.828037" lon="-122.524362"><ele>70.7</ele></trkpt><trkpt lat="37.828052" lon="-122.524468"><ele>70.4</ele></trkpt><trkpt lat="37.828079" lon="-122.524559"><ele>70.1</ele></trkpt><trkpt lat="37.828124" lon="-122.524661"><ele>69.8</ele></trkpt><trkpt lat="37.828387" lon="-122.525131"><ele>68.1</ele></trkpt><trkpt lat="37.828426" lon="-122.525203"><ele>67.6</ele></trkpt><trkpt lat="37.828452" lon="-122.525274"><ele>67.1</ele></trkpt><trkpt lat="37.828455" lon="-122.525327"><ele>66.8</ele></trkpt><trkpt lat="37.828457" lon="-122.525359"><ele>66.6</ele></trkpt><trkpt lat="37.828444" lon="-122.525425"><ele>66.1</ele></trkpt><trkpt lat="37.828420" lon="-122.525483"><ele>65.7</ele></trkpt><trkpt lat="37.828382" lon="-122.525532"><ele>65.3</ele></trkpt><trkpt lat="37.828337" lon="-122.525567"><ele>64.9</ele></trkpt><trkpt lat="37.828282" lon="-122.525587"><ele>64.5</ele></trkpt><trkpt lat="37.828209" lon="-122.525591"><ele>63.9</ele></trkpt><trkpt lat="37.827910" lon="-122.525596"><ele>61.2</ele></trkpt><trkpt lat="37.827845" lon="-122.525601"><ele>60.6</ele></trkpt><trkpt lat="37.827794" lon="-122.525618"><ele>60.1</ele></trkpt><trkpt lat="37.827751" lon="-122.525647"><ele>59.7</ele></trkpt><trkpt lat="37.827646" lon="-122.525725"><ele>59.2</ele></trkpt><trkpt lat="37.827558" lon="-122.525799"><ele>59.3</ele></trkpt><trkpt lat="37.827468" lon="-122.525856"><ele>59.4</ele></trkpt><trkpt lat="37.827388" lon="-122.525887"><ele>59.5</ele></trkpt><trkpt lat="37.827305" lon="-122.525904"><ele>59.6</ele></trkpt><trkpt lat="37.827078" lon="-122.525940"><ele>59.5</ele></trkpt><trkpt lat="37.826912" lon="-122.525959"><ele>59.1</ele></trkpt><trkpt lat="37.826714" lon="-122.525975"><ele>58.6</ele></trkpt><trkpt lat="37.826497" lon="-122.525978"><ele>58.1</ele></trkpt><trkpt lat="37.826448" lon="-122.525981"><ele>57.9</ele></trkpt><trkpt lat="37.826388" lon="-122.526001"><ele>57.7</ele></trkpt><trkpt lat="37.826345" lon="-122.526023"><ele>57.6</ele></trkpt><trkpt lat="37.826284" lon="-122.526059"><ele>57.4</ele></trkpt><trkpt lat="37.826198" lon="-122.526113"><ele>57.2</ele></trkpt><trkpt lat="37.826149" lon="-122.526167"><ele>57.0</ele></trkpt><trkpt lat="37.826000" lon="-122.526412"><ele>58.5</ele></trkpt><trkpt lat="37.825955" lon="-122.526482"><ele>59.0</ele></trkpt><trkpt lat="37.825911" lon="-122.526546"><ele>59.4</ele></trkpt><trkpt lat="37.825546" lon="-122.526998"><ele>61.6</ele></trkpt><trkpt lat="37.825512" lon="-122.527048"><ele>61.8</ele></trkpt><trkpt lat="37.825418" lon="-122.527072"><ele>62.1</ele></trkpt><trkpt lat="37.825265" lon="-122.527192"><ele>62.7</ele></trkpt><trkpt lat="37.825119" lon="-122.527257"><ele>63.2</ele></trkpt><trkpt lat="37.824967" lon="-122.527249"><ele>63.7</ele></trkpt><trkpt lat="37.824837" lon="-122.527174"><ele>64.0</ele></trkpt><trkpt lat="37.824693" lon="-122.527064"><ele>64.0</ele></trkpt><trkpt lat="37.824609" lon="-122.526759"><ele>64.0</ele></trkpt><trkpt lat="37.824693" lon="-122.527064"><ele>65.0</ele></trkpt><trkpt lat="37.824837" lon="-122.527174"><ele>64.2</ele></trkpt><trkpt lat="37.824967" lon="-122.527249"><ele>63.6</ele></trkpt><trkpt lat="37.825119" lon="-122.527257"><ele>63.3</ele></trkpt><trkpt lat="37.825265" lon="-122.527192"><ele>63.0</ele></trkpt><trkpt lat="37.825418" lon="-122.527072"><ele>62.6</ele></trkpt><trkpt lat="37.825512" lon="-122.527048"><ele>62.2</ele></trkpt><trkpt lat="37.825546" lon="-122.526998"><ele>62.0</ele></trkpt><trkpt lat="37.825911" lon="-122.526546"><ele>59.8</ele></trkpt><trkpt lat="37.825955" lon="-122.526482"><ele>59.4</ele></trkpt><trkpt lat="37.826000" lon="-122.526412"><ele>59.0</ele></trkpt><trkpt lat="37.826149" lon="-122.526167"><ele>57.4</ele></trkpt><trkpt lat="37.826198" lon="-122.526113"><ele>57.0</ele></trkpt><trkpt lat="37.826284" lon="-122.526059"><ele>56.6</ele></trkpt><trkpt lat="37.826320" lon="-122.526120"><ele>56.4</ele></trkpt><trkpt lat="37.826562" lon="-122.526435"><ele>55.0</ele></trkpt><trkpt lat="37.826614" lon="-122.526506"><ele>54.8</ele></trkpt><trkpt lat="37.826946" lon="-122.526419"><ele>54.0</ele></trkpt><trkpt lat="37.827224" lon="-122.526351"><ele>53.2</ele></trkpt><trkpt lat="37.827503" lon="-122.526279"><ele>51.9</ele></trkpt><trkpt lat="37.827764" lon="-122.526210"><ele>50.7</ele></trkpt><trkpt lat="37.827869" lon="-122.526193"><ele>50.2</ele></trkpt><trkpt lat="37.827941" lon="-122.526196"><ele>49.9</ele></trkpt><trkpt lat="37.828012" lon="-122.526214"><ele>49.5</ele></trkpt><trkpt lat="37.828096" lon="-122.526258"><ele>49.1</ele></trkpt><trkpt lat="37.828169" lon="-122.526324"><ele>48.6</ele></trkpt><trkpt lat="37.828238" lon="-122.526417"><ele>47.3</ele></trkpt><trkpt lat="37.828408" lon="-122.526690"><ele>43.8</ele></trkpt><trkpt lat="37.828475" lon="-122.526782"><ele>42.6</ele></trkpt><trkpt lat="37.828549" lon="-122.526866"><ele>41.3</ele></trkpt><trkpt lat="37.828629" lon="-122.526952"><ele>40.0</ele></trkpt><trkpt lat="37.828825" lon="-122.527145"><ele>36.9</ele></trkpt><trkpt lat="37.828922" lon="-122.527253"><ele>35.3</ele></trkpt><trkpt lat="37.828989" lon="-122.527348"><ele>34.3</ele></trkpt><trkpt lat="37.829035" lon="-122.527433"><ele>33.5</ele></trkpt><trkpt lat="37.829061" lon="-122.527498"><ele>32.9</ele></trkpt><trkpt lat="37.829123" lon="-122.527667"><ele>31.5</ele></trkpt><trkpt lat="37.829173" lon="-122.527797"><ele>30.4</ele></trkpt><trkpt lat="37.829239" lon="-122.527899"><ele>29.0</ele></trkpt><trkpt lat="37.829316" lon="-122.527967"><ele>27.5</ele></trkpt><trkpt lat="37.829398" lon="-122.528010"><ele>26.0</ele></trkpt><trkpt lat="37.829491" lon="-122.528024"><ele>24.5</ele></trkpt><trkpt lat="37.829582" lon="-122.528010"><ele>23.0</ele></trkpt><trkpt lat="37.829653" lon="-122.527974"><ele>21.7</ele></trkpt><trkpt lat="37.829731" lon="-122.527904"><ele>20.3</ele></trkpt><trkpt lat="37.829790" lon="-122.527820"><ele>19.0</ele></trkpt><trkpt lat="37.829838" lon="-122.527714"><ele>17.6</ele></trkpt><trkpt lat="37.829987" lon="-122.527253"><ele>12.9</ele></trkpt><trkpt lat="37.830179" lon="-122.526669"><ele>11.9</ele></trkpt><trkpt lat="37.830391" lon="-122.526029"><ele>11.3</ele></trkpt><trkpt lat="37.830442" lon="-122.525865"><ele>10.7</ele></trkpt><trkpt lat="37.830480" lon="-122.525704"><ele>10.1</ele></trkpt><trkpt lat="37.830504" lon="-122.525542"><ele>9.5</ele></trkpt><trkpt lat="37.830514" lon="-122.525392"><ele>9.3</ele></trkpt><trkpt lat="37.830516" lon="-122.525236"><ele>9.8</ele></trkpt><trkpt lat="37.830507" lon="-122.525115"><ele>10.3</ele></trkpt><trkpt lat="37.830461" lon="-122.524813"><ele>11.4</ele></trkpt><trkpt lat="37.830447" lon="-122.524700"><ele>11.6</ele></trkpt><trkpt lat="37.830441" lon="-122.524611"><ele>11.6</ele></trkpt><trkpt lat="37.830438" lon="-122.524382"><ele>11.8</ele></trkpt><trkpt lat="37.830438" lon="-122.524350"><ele>11.8</ele></trkpt><trkpt lat="37.830436" lon="-122.523990"><ele>11.8</ele></trkpt><trkpt lat="37.830441" lon="-122.523854"><ele>11.6</ele></trkpt><trkpt lat="37.830457" lon="-122.523730"><ele>11.4</ele></trkpt><trkpt lat="37.830488" lon="-122.523620"><ele>11.3</ele></trkpt><trkpt lat="37.830524" lon="-122.523532"><ele>11.1</ele></trkpt><trkpt lat="37.830574" lon="-122.523443"><ele>11.0</ele></trkpt><trkpt lat="37.830627" lon="-122.523376"><ele>10.7</ele></trkpt><trkpt lat="37.830691" lon="-122.523313"><ele>10.5</ele></trkpt><trkpt lat="37.830752" lon="-122.523267"><ele>10.2</ele></trkpt><trkpt lat="37.830810" lon="-122.523235"><ele>10.0</ele></trkpt><trkpt lat="37.830868" lon="-122.523211"><ele>9.8</ele></trkpt><trkpt lat="37.830938" lon="-122.523197"><ele>9.6</ele></trkpt><trkpt lat="37.831001" lon="-122.523193"><ele>9.4</ele></trkpt><trkpt lat="37.831058" lon="-122.523199"><ele>9.2</ele></trkpt><trkpt lat="37.831107" lon="-122.523214"><ele>9.0</ele></trkpt><trkpt lat="37.831144" lon="-122.523232"><ele>9.0</ele></trkpt><trkpt lat="37.831182" lon="-122.523253"><ele>8.9</ele></trkpt><trkpt lat="37.831220" lon="-122.523277"><ele>8.8</ele></trkpt><trkpt lat="37.831316" lon="-122.523350"><ele>8.5</ele></trkpt><trkpt lat="37.831381" lon="-122.523411"><ele>8.3</ele></trkpt><trkpt lat="37.831437" lon="-122.523324"><ele>8.1</ele></trkpt><trkpt lat="37.831494" lon="-122.523255"><ele>8.0</ele></trkpt><trkpt lat="37.831568" lon="-122.523175"><ele>7.8</ele></trkpt><trkpt lat="37.831651" lon="-122.523107"><ele>7.6</ele></trkpt><trkpt lat="37.831748" lon="-122.523044"><ele>7.4</ele></trkpt><trkpt lat="37.831857" lon="-122.522990"><ele>7.2</ele></trkpt><trkpt lat="37.831973" lon="-122.522953"><ele>7.0</ele></trkpt><trkpt lat="37.832503" lon="-122.522814"><ele>7.3</ele></trkpt><trkpt lat="37.832593" lon="-122.522785"><ele>7.5</ele></trkpt><trkpt lat="37.832705" lon="-122.522729"><ele>7.7</ele></trkpt><trkpt lat="37.832821" lon="-122.522631"><ele>7.9</ele></trkpt><trkpt lat="37.832938" lon="-122.522490"><ele>8.2</ele></trkpt><trkpt lat="37.833036" lon="-122.522339"><ele>8.5</ele></trkpt><trkpt lat="37.833147" lon="-122.522101"><ele>9.2</ele></trkpt><trkpt lat="37.833222" lon="-122.521861"><ele>9.7</ele></trkpt><trkpt lat="37.833256" lon="-122.521668"><ele>10.0</ele></trkpt><trkpt lat="37.833268" lon="-122.521460"><ele>10.3</ele></trkpt><trkpt lat="37.833269" lon="-122.521254"><ele>10.6</ele></trkpt><trkpt lat="37.833267" lon="-122.521002"><ele>10.9</ele></trkpt><trkpt lat="37.833239" lon="-122.520491"><ele>11.6</ele></trkpt><trkpt lat="37.833159" lon="-122.519713"><ele>12.5</ele></trkpt><trkpt lat="37.833086" lon="-122.519018"><ele>12.8</ele></trkpt><trkpt lat="37.833050" lon="-122.518790"><ele>12.8</ele></trkpt><trkpt lat="37.833010" lon="-122.518608"><ele>12.8</ele></trkpt><trkpt lat="37.832965" lon="-122.518420"><ele>13.0</ele></trkpt><trkpt lat="37.832659" lon="-122.517477"><ele>15.5</ele></trkpt><trkpt lat="37.832576" lon="-122.517277"><ele>15.8</ele></trkpt><trkpt lat="37.832456" lon="-122.517074"><ele>16.2</ele></trkpt><trkpt lat="37.832158" lon="-122.516631"><ele>17.2</ele></trkpt><trkpt lat="37.832123" lon="-122.516568"><ele>17.3</ele></trkpt><trkpt lat="37.832042" lon="-122.516419"><ele>17.5</ele></trkpt><trkpt lat="37.831949" lon="-122.516186"><ele>17.9</ele></trkpt><trkpt lat="37.831902" lon="-122.516057"><ele>18.1</ele></trkpt><trkpt lat="37.831832" lon="-122.515719"><ele>18.5</ele></trkpt><trkpt lat="37.831815" lon="-122.515540"><ele>18.8</ele></trkpt><trkpt lat="37.831749" lon="-122.514877"><ele>18.4</ele></trkpt><trkpt lat="37.831730" lon="-122.514880"><ele>18.4</ele></trkpt><trkpt lat="37.831910" lon="-122.514860"><ele>18.4</ele></trkpt><trkpt lat="37.832080" lon="-122.514990"><ele>18.7</ele></trkpt><trkpt lat="37.832190" lon="-122.515130"><ele>18.8</ele></trkpt><trkpt lat="37.832260" lon="-122.515290"><ele>19.2</ele></trkpt><trkpt lat="37.832320" lon="-122.515270"><ele>19.4</ele></trkpt><trkpt lat="37.832540" lon="-122.514980"><ele>20.4</ele></trkpt><trkpt lat="37.832630" lon="-122.514900"><ele>20.8</ele></trkpt><trkpt lat="37.832960" lon="-122.514830"><ele>21.5</ele></trkpt><trkpt lat="37.833120" lon="-122.514780"><ele>21.9</ele></trkpt><trkpt lat="37.833210" lon="-122.514780"><ele>22.0</ele></trkpt><trkpt lat="37.833280" lon="-122.515100"><ele>22.1</ele></trkpt><trkpt lat="37.833500" lon="-122.515440"><ele>22.5</ele></trkpt><trkpt lat="37.833760" lon="-122.515750"><ele>23.1</ele></trkpt><trkpt lat="37.833860" lon="-122.516020"><ele>22.7</ele></trkpt><trkpt lat="37.833940" lon="-122.516330"><ele>22.1</ele></trkpt><trkpt lat="37.834060" lon="-122.516580"><ele>21.3</ele></trkpt><trkpt lat="37.834190" lon="-122.516790"><ele>20.3</ele></trkpt><trkpt lat="37.834280" lon="-122.517010"><ele>19.4</ele></trkpt><trkpt lat="37.834450" lon="-122.517670"><ele>17.3</ele></trkpt><trkpt lat="37.834620" lon="-122.517850"><ele>17.0</ele></trkpt><trkpt lat="37.835000" lon="-122.517940"><ele>16.2</ele></trkpt><trkpt lat="37.835220" lon="-122.517910"><ele>15.6</ele></trkpt><trkpt lat="37.835440" lon="-122.517860"><ele>15.0</ele></trkpt><trkpt lat="37.836220" lon="-122.517190"><ele>16.7</ele></trkpt><trkpt lat="37.837740" lon="-122.516370"><ele>21.5</ele></trkpt><trkpt lat="37.839230" lon="-122.515750"><ele>26.3</ele></trkpt><trkpt lat="37.839410" lon="-122.515630"><ele>27.2</ele></trkpt><trkpt lat="37.839620" lon="-122.515360"><ele>27.8</ele></trkpt><trkpt lat="37.839690" lon="-122.515210"><ele>28.1</ele></trkpt><trkpt lat="37.839730" lon="-122.514970"><ele>28.8</ele></trkpt><trkpt lat="37.839760" lon="-122.514610"><ele>29.9</ele></trkpt><trkpt lat="37.839910" lon="-122.514390"><ele>30.8</ele></trkpt><trkpt lat="37.840150" lon="-122.514260"><ele>31.6</ele></trkpt><trkpt lat="37.840950" lon="-122.514090"><ele>34.0</ele></trkpt><trkpt lat="37.841110" lon="-122.514000"><ele>34.4</ele></trkpt><trkpt lat="37.841650" lon="-122.513590"><ele>37.3</ele></trkpt><trkpt lat="37.841880" lon="-122.513260"><ele>39.8</ele></trkpt><trkpt lat="37.841980" lon="-122.513010"><ele>41.4</ele></trkpt><trkpt lat="37.842050" lon="-122.512700"><ele>43.3</ele></trkpt><trkpt lat="37.842000" lon="-122.512180"><ele>46.2</ele></trkpt><trkpt lat="37.842210" lon="-122.511430"><ele>51.9</ele></trkpt><trkpt lat="37.842320" lon="-122.511090"><ele>54.7</ele></trkpt><trkpt lat="37.842670" lon="-122.510550"><ele>60.8</ele></trkpt><trkpt lat="37.842890" lon="-122.510090"><ele>65.0</ele></trkpt><trkpt lat="37.843080" lon="-122.509580"><ele>69.2</ele></trkpt><trkpt lat="37.843170" lon="-122.509190"><ele>73.0</ele></trkpt><trkpt lat="37.843450" lon="-122.508430"><ele>82.4</ele></trkpt><trkpt lat="37.843830" lon="-122.507620"><ele>94.6</ele></trkpt><trkpt lat="37.844150" lon="-122.507200"><ele>99.8</ele></trkpt><trkpt lat="37.844250" lon="-122.507210"><ele>100.7</ele></trkpt><trkpt lat="37.844320" lon="-122.507260"><ele>101.3</ele></trkpt><trkpt lat="37.844350" lon="-122.507630"><ele>103.8</ele></trkpt><trkpt lat="37.844400" lon="-122.507810"><ele>105.1</ele></trkpt><trkpt lat="37.844860" lon="-122.508460"><ele>109.1</ele></trkpt><trkpt lat="37.845120" lon="-122.508760"><ele>110.0</ele></trkpt><trkpt lat="37.845410" lon="-122.508890"><ele>110.3</ele></trkpt><trkpt lat="37.845660" lon="-122.508890"><ele>110.7</ele></trkpt><trkpt lat="37.845980" lon="-122.508760"><ele>111.5</ele></trkpt><trkpt lat="37.846090" lon="-122.508690"><ele>112.9</ele></trkpt><trkpt lat="37.846130" lon="-122.508520"><ele>114.5</ele></trkpt><trkpt lat="37.846110" lon="-122.508230"><ele>117.1</ele></trkpt><trkpt lat="37.846210" lon="-122.508000"><ele>118.8</ele></trkpt><trkpt lat="37.846340" lon="-122.507820"><ele>120.3</ele></trkpt><trkpt lat="37.846650" lon="-122.507110"><ele>124.8</ele></trkpt><trkpt lat="37.846790" lon="-122.506920"><ele>126.9</ele></trkpt><trkpt lat="37.846960" lon="-122.506830"><ele>129.1</ele></trkpt><trkpt lat="37.847180" lon="-122.506760"><ele>131.8</ele></trkpt><trkpt lat="37.847660" lon="-122.506920"><ele>137.2</ele></trkpt><trkpt lat="37.847790" lon="-122.506880"><ele>138.6</ele></trkpt><trkpt lat="37.847840" lon="-122.506760"><ele>139.6</ele></trkpt><trkpt lat="37.847820" lon="-122.506660"><ele>140.4</ele></trkpt><trkpt lat="37.847710" lon="-122.506570"><ele>141.7</ele></trkpt><trkpt lat="37.847660" lon="-122.506480"><ele>142.5</ele></trkpt><trkpt lat="37.847620" lon="-122.506400"><ele>143.2</ele></trkpt><trkpt lat="37.847620" lon="-122.506290"><ele>144.0</ele></trkpt><trkpt lat="37.847750" lon="-122.506170"><ele>145.5</ele></trkpt><trkpt lat="37.848190" lon="-122.506050"><ele>151.7</ele></trkpt><trkpt lat="37.848320" lon="-122.506040"><ele>154.4</ele></trkpt><trkpt lat="37.848420" lon="-122.505980"><ele>156.6</ele></trkpt><trkpt lat="37.848460" lon="-122.505820"><ele>159.1</ele></trkpt><trkpt lat="37.848500" lon="-122.505440"><ele>162.4</ele></trkpt><trkpt lat="37.848610" lon="-122.505120"><ele>165.8</ele></trkpt><trkpt lat="37.848650" lon="-122.504900"><ele>168.9</ele></trkpt><trkpt lat="37.848620" lon="-122.504500"><ele>174.1</ele></trkpt><trkpt lat="37.848660" lon="-122.504410"><ele>174.6</ele></trkpt><trkpt lat="37.848720" lon="-122.504390"><ele>174.9</ele></trkpt><trkpt lat="37.848820" lon="-122.504410"><ele>175.5</ele></trkpt><trkpt lat="37.848940" lon="-122.504550"><ele>176.4</ele></trkpt><trkpt lat="37.849090" lon="-122.504680"><ele>177.5</ele></trkpt><trkpt lat="37.849910" lon="-122.505070"><ele>181.2</ele></trkpt><trkpt lat="37.850330" lon="-122.505140"><ele>182.6</ele></trkpt><trkpt lat="37.850580" lon="-122.505220"><ele>183.5</ele></trkpt><trkpt lat="37.850760" lon="-122.505190"><ele>185.5</ele></trkpt><trkpt lat="37.850950" lon="-122.505120"><ele>187.7</ele></trkpt><trkpt lat="37.851130" lon="-122.504950"><ele>190.5</ele></trkpt><trkpt lat="37.851320" lon="-122.504650"><ele>194.8</ele></trkpt><trkpt lat="37.851430" lon="-122.504340"><ele>198.4</ele></trkpt><trkpt lat="37.851620" lon="-122.504160"><ele>200.8</ele></trkpt><trkpt lat="37.851830" lon="-122.504140"><ele>202.9</ele></trkpt><trkpt lat="37.852330" lon="-122.504690"><ele>206.0</ele></trkpt><trkpt lat="37.852510" lon="-122.505160"><ele>208.9</ele></trkpt><trkpt lat="37.852570" lon="-122.505220"><ele>209.0</ele></trkpt><trkpt lat="37.852750" lon="-122.505210"><ele>208.8</ele></trkpt><trkpt lat="37.852890" lon="-122.505160"><ele>208.7</ele></trkpt><trkpt lat="37.852980" lon="-122.505090"><ele>208.5</ele></trkpt><trkpt lat="37.853030" lon="-122.505000"><ele>208.6</ele></trkpt><trkpt lat="37.853110" lon="-122.504750"><ele>209.6</ele></trkpt><trkpt lat="37.853170" lon="-122.504240"><ele>212.5</ele></trkpt><trkpt lat="37.853250" lon="-122.504000"><ele>215.2</ele></trkpt><trkpt lat="37.853380" lon="-122.503850"><ele>217.5</ele></trkpt><trkpt lat="37.853610" lon="-122.503680"><ele>220.1</ele></trkpt><trkpt lat="37.853850" lon="-122.503570"><ele>222.5</ele></trkpt><trkpt lat="37.854010" lon="-122.503590"><ele>223.7</ele></trkpt><trkpt lat="37.854190" lon="-122.503720"><ele>225.0</ele></trkpt><trkpt lat="37.854310" lon="-122.503970"><ele>226.5</ele></trkpt><trkpt lat="37.854460" lon="-122.504360"><ele>226.3</ele></trkpt><trkpt lat="37.854670" lon="-122.504580"><ele>226.1</ele></trkpt><trkpt lat="37.854720" lon="-122.504780"><ele>226.0</ele></trkpt><trkpt lat="37.854950" lon="-122.505150"><ele>225.7</ele></trkpt><trkpt lat="37.855200" lon="-122.505870"><ele>224.3</ele></trkpt><trkpt lat="37.855200" lon="-122.505870"><ele>224.3</ele></trkpt><trkpt lat="37.855200" lon="-122.505870"><ele>224.3</ele></trkpt><trkpt lat="37.854950" lon="-122.505150"><ele>223.8</ele></trkpt><trkpt lat="37.854720" lon="-122.504780"><ele>223.1</ele></trkpt><trkpt lat="37.854670" lon="-122.504580"><ele>223.0</ele></trkpt><trkpt lat="37.854720" lon="-122.504780"><ele>222.9</ele></trkpt><trkpt lat="37.854950" lon="-122.505150"><ele>222.3</ele></trkpt><trkpt lat="37.855620" lon="-122.507090"><ele>220.7</ele></trkpt><trkpt lat="37.855710" lon="-122.507410"><ele>223.8</ele></trkpt><trkpt lat="37.855820" lon="-122.508090"><ele>226.7</ele></trkpt><trkpt lat="37.855840" lon="-122.508610"><ele>231.6</ele></trkpt><trkpt lat="37.855800" lon="-122.509130"><ele>236.3</ele></trkpt><trkpt lat="37.855740" lon="-122.509530"><ele>240.4</ele></trkpt><trkpt lat="37.855540" lon="-122.510280"><ele>247.7</ele></trkpt><trkpt lat="37.855360" lon="-122.510890"><ele>246.7</ele></trkpt><trkpt lat="37.855240" lon="-122.510980"><ele>247.6</ele></trkpt><trkpt lat="37.855000" lon="-122.511090"><ele>249.3</ele></trkpt><trkpt lat="37.854900" lon="-122.511240"><ele>249.7</ele></trkpt><trkpt lat="37.854880" lon="-122.511410"><ele>250.0</ele></trkpt><trkpt lat="37.854910" lon="-122.511520"><ele>250.2</ele></trkpt><trkpt lat="37.855000" lon="-122.511940"><ele>251.9</ele></trkpt><trkpt lat="37.855170" lon="-122.512240"><ele>254.1</ele></trkpt><trkpt lat="37.855660" lon="-122.513020"><ele>257.0</ele></trkpt><trkpt lat="37.855800" lon="-122.513300"><ele>259.6</ele></trkpt><trkpt lat="37.856280" lon="-122.515210"><ele>262.1</ele></trkpt><trkpt lat="37.856660" lon="-122.515930"><ele>258.4</ele></trkpt><trkpt lat="37.856790" lon="-122.516370"><ele>254.6</ele></trkpt><trkpt lat="37.856890" lon="-122.517080"><ele>251.1</ele></trkpt><trkpt lat="37.856830" lon="-122.517730"><ele>249.2</ele></trkpt><trkpt lat="37.856930" lon="-122.518510"><ele>249.3</ele></trkpt><trkpt lat="37.857540" lon="-122.520330"><ele>251.5</ele></trkpt><trkpt lat="37.857810" lon="-122.520860"><ele>250.2</ele></trkpt><trkpt lat="37.858090" lon="-122.521100"><ele>248.5</ele></trkpt><trkpt lat="37.858280" lon="-122.521220"><ele>247.2</ele></trkpt><trkpt lat="37.858640" lon="-122.521330"><ele>244.5</ele></trkpt><trkpt lat="37.859110" lon="-122.521160"><ele>239.7</ele></trkpt><trkpt lat="37.859730" lon="-122.521140"><ele>230.2</ele></trkpt><trkpt lat="37.860280" lon="-122.521290"><ele>219.7</ele></trkpt><trkpt lat="37.860650" lon="-122.521460"><ele>212.9</ele></trkpt><trkpt lat="37.861060" lon="-122.522120"><ele>205.2</ele></trkpt><trkpt lat="37.861740" lon="-122.524080"><ele>192.3</ele></trkpt><trkpt lat="37.862150" lon="-122.524810"><ele>186.0</ele></trkpt><trkpt lat="37.862620" lon="-122.525370"><ele>179.6</ele></trkpt><trkpt lat="37.863200" lon="-122.525910"><ele>174.7</ele></trkpt><trkpt lat="37.863820" lon="-122.526340"><ele>167.2</ele></trkpt><trkpt lat="37.864560" lon="-122.526960"><ele>157.1</ele></trkpt><trkpt lat="37.864850" lon="-122.527310"><ele>148.2</ele></trkpt><trkpt lat="37.864990" lon="-122.527550"><ele>141.4</ele></trkpt><trkpt lat="37.864980" lon="-122.528000"><ele>132.8</ele></trkpt><trkpt lat="37.865050" lon="-122.528160"><ele>131.4</ele></trkpt><trkpt lat="37.865110" lon="-122.528520"><ele>128.4</ele></trkpt><trkpt lat="37.865110" lon="-122.528830"><ele>124.6</ele></trkpt><trkpt lat="37.864890" lon="-122.529540"><ele>112.8</ele></trkpt><trkpt lat="37.864820" lon="-122.529910"><ele>106.8</ele></trkpt><trkpt lat="37.864490" lon="-122.530630"><ele>104.3</ele></trkpt><trkpt lat="37.864220" lon="-122.531070"><ele>101.1</ele></trkpt><trkpt lat="37.863770" lon="-122.531310"><ele>94.8</ele></trkpt><trkpt lat="37.863420" lon="-122.531690"><ele>86.9</ele></trkpt><trkpt lat="37.863000" lon="-122.532000"><ele>85.0</ele></trkpt><trkpt lat="37.862230" lon="-122.532880"><ele>72.0</ele></trkpt><trkpt lat="37.861560" lon="-122.534150"><ele>66.1</ele></trkpt><trkpt lat="37.861300" lon="-122.534540"><ele>63.6</ele></trkpt><trkpt lat="37.861000" lon="-122.534670"><ele>63.1</ele></trkpt><trkpt lat="37.860760" lon="-122.534910"><ele>64.5</ele></trkpt><trkpt lat="37.860540" lon="-122.534950"><ele>65.3</ele></trkpt><trkpt lat="37.860580" lon="-122.535040"><ele>65.5</ele></trkpt><trkpt lat="37.860550" lon="-122.535290"><ele>66.1</ele></trkpt><trkpt lat="37.860570" lon="-122.535580"><ele>66.8</ele></trkpt><trkpt lat="37.860760" lon="-122.535960"><ele>68.0</ele></trkpt><trkpt lat="37.860420" lon="-122.536290"><ele>68.9</ele></trkpt><trkpt lat="37.859850" lon="-122.536920"><ele>70.4</ele></trkpt><trkpt lat="37.859570" lon="-122.537140"><ele>70.2</ele></trkpt><trkpt lat="37.858560" lon="-122.537780"><ele>66.1</ele></trkpt><trkpt lat="37.858280" lon="-122.538010"><ele>64.2</ele></trkpt><trkpt lat="37.857630" lon="-122.538870"><ele>57.7</ele></trkpt><trkpt lat="37.857410" lon="-122.539010"><ele>56.3</ele></trkpt><trkpt lat="37.856460" lon="-122.539240"><ele>55.0</ele></trkpt><trkpt lat="37.856160" lon="-122.539360"><ele>54.1</ele></trkpt><trkpt lat="37.855560" lon="-122.539450"><ele>53.9</ele></trkpt><trkpt lat="37.855320" lon="-122.539520"><ele>53.7</ele></trkpt><trkpt lat="37.854930" lon="-122.539700"><ele>53.2</ele></trkpt><trkpt lat="37.854700" lon="-122.539750"><ele>52.9</ele></trkpt><trkpt lat="37.854460" lon="-122.539710"><ele>52.4</ele></trkpt><trkpt lat="37.854100" lon="-122.539580"><ele>50.3</ele></trkpt><trkpt lat="37.853560" lon="-122.539220"><ele>46.9</ele></trkpt><trkpt lat="37.853170" lon="-122.539020"><ele>46.8</ele></trkpt><trkpt lat="37.852440" lon="-122.538720"><ele>50.4</ele></trkpt><trkpt lat="37.852160" lon="-122.538570"><ele>52.0</ele></trkpt><trkpt lat="37.851850" lon="-122.538570"><ele>53.3</ele></trkpt><trkpt lat="37.851310" lon="-122.538530"><ele>55.5</ele></trkpt><trkpt lat="37.850980" lon="-122.538580"><ele>59.5</ele></trkpt><trkpt lat="37.850770" lon="-122.538680"><ele>59.9</ele></trkpt><trkpt lat="37.850260" lon="-122.539190"><ele>58.7</ele></trkpt><trkpt lat="37.849800" lon="-122.539750"><ele>59.1</ele></trkpt><trkpt lat="37.849490" lon="-122.540200"><ele>57.2</ele></trkpt><trkpt lat="37.849300" lon="-122.540620"><ele>54.3</ele></trkpt><trkpt lat="37.849180" lon="-122.540950"><ele>52.4</ele></trkpt><trkpt lat="37.849130" lon="-122.541460"><ele>51.8</ele></trkpt><trkpt lat="37.849130" lon="-122.542320"><ele>50.9</ele></trkpt><trkpt lat="37.849170" lon="-122.542550"><ele>49.8</ele></trkpt><trkpt lat="37.849270" lon="-122.542820"><ele>47.1</ele></trkpt><trkpt lat="37.849340" lon="-122.543140"><ele>44.7</ele></trkpt><trkpt lat="37.849280" lon="-122.543920"><ele>48.9</ele></trkpt><trkpt lat="37.849350" lon="-122.544200"><ele>48.5</ele></trkpt><trkpt lat="37.849480" lon="-122.544500"><ele>48.3</ele></trkpt><trkpt lat="37.849520" lon="-122.544700"><ele>48.5</ele></trkpt><trkpt lat="37.849510" lon="-122.545180"><ele>49.6</ele></trkpt><trkpt lat="37.849480" lon="-122.545310"><ele>50.3</ele></trkpt><trkpt lat="37.849010" lon="-122.545880"><ele>56.2</ele></trkpt><trkpt lat="37.848930" lon="-122.546380"><ele>61.7</ele></trkpt><trkpt lat="37.848820" lon="-122.546890"><ele>67.9</ele></trkpt><trkpt lat="37.848430" lon="-122.547930"><ele>78.2</ele></trkpt><trkpt lat="37.848310" lon="-122.548620"><ele>84.1</ele></trkpt><trkpt lat="37.848230" lon="-122.548990"><ele>87.1</ele></trkpt><trkpt lat="37.848140" lon="-122.549600"><ele>92.4</ele></trkpt><trkpt lat="37.848050" lon="-122.550000"><ele>96.9</ele></trkpt><trkpt lat="37.848050" lon="-122.550440"><ele>103.2</ele></trkpt><trkpt lat="37.848140" lon="-122.550910"><ele>109.8</ele></trkpt><trkpt lat="37.848180" lon="-122.551000"><ele>110.8</ele></trkpt><trkpt lat="37.848260" lon="-122.551090"><ele>112.0</ele></trkpt><trkpt lat="37.848390" lon="-122.551110"><ele>113.6</ele></trkpt><trkpt lat="37.848570" lon="-122.551070"><ele>116.2</ele></trkpt><trkpt lat="37.848690" lon="-122.551110"><ele>118.5</ele></trkpt><trkpt lat="37.848720" lon="-122.551160"><ele>119.4</ele></trkpt><trkpt lat="37.848750" lon="-122.551220"><ele>120.4</ele></trkpt><trkpt lat="37.848740" lon="-122.551360"><ele>122.4</ele></trkpt><trkpt lat="37.848660" lon="-122.551610"><ele>126.3</ele></trkpt><trkpt lat="37.848710" lon="-122.551750"><ele>128.5</ele></trkpt><trkpt lat="37.849110" lon="-122.552460"><ele>136.1</ele></trkpt><trkpt lat="37.849340" lon="-122.552970"><ele>140.8</ele></trkpt><trkpt lat="37.849430" lon="-122.553090"><ele>142.6</ele></trkpt><trkpt lat="37.849700" lon="-122.553320"><ele>148.1</ele></trkpt><trkpt lat="37.849920" lon="-122.553670"><ele>154.8</ele></trkpt><trkpt lat="37.850170" lon="-122.553880"><ele>157.0</ele></trkpt><trkpt lat="37.850210" lon="-122.554090"><ele>158.3</ele></trkpt><trkpt lat="37.850220" lon="-122.554510"><ele>160.9</ele></trkpt><trkpt lat="37.850150" lon="-122.554850"><ele>163.1</ele></trkpt><trkpt lat="37.849960" lon="-122.555390"><ele>168.7</ele></trkpt><trkpt lat="37.849900" lon="-122.556200"><ele>170.7</ele></trkpt><trkpt lat="37.849920" lon="-122.556380"><ele>170.6</ele></trkpt><trkpt lat="37.849980" lon="-122.556410"><ele>170.6</ele></trkpt><trkpt lat="37.850100" lon="-122.556420"><ele>170.5</ele></trkpt><trkpt lat="37.850130" lon="-122.556410"><ele>170.5</ele></trkpt><trkpt lat="37.850140" lon="-122.556410"><ele>170.5</ele></trkpt><trkpt lat="37.850360" lon="-122.556320"><ele>170.5</ele></trkpt><trkpt lat="37.850820" lon="-122.555960"><ele>171.8</ele></trkpt><trkpt lat="37.851290" lon="-122.555560"><ele>175.0</ele></trkpt><trkpt lat="37.851490" lon="-122.555250"><ele>176.8</ele></trkpt><trkpt lat="37.851590" lon="-122.554990"><ele>178.3</ele></trkpt><trkpt lat="37.851700" lon="-122.554850"><ele>179.6</ele></trkpt><trkpt lat="37.851850" lon="-122.554760"><ele>180.9</ele></trkpt><trkpt lat="37.853480" lon="-122.554470"><ele>200.5</ele></trkpt><trkpt lat="37.853570" lon="-122.554410"><ele>201.4</ele></trkpt><trkpt lat="37.853730" lon="-122.554090"><ele>204.4</ele></trkpt><trkpt lat="37.853890" lon="-122.553870"><ele>206.8</ele></trkpt><trkpt lat="37.854310" lon="-122.553490"><ele>211.1</ele></trkpt><trkpt lat="37.854840" lon="-122.553300"><ele>217.0</ele></trkpt><trkpt lat="37.855510" lon="-122.553110"><ele>222.2</ele></trkpt><trkpt lat="37.855920" lon="-122.552930"><ele>226.8</ele></trkpt><trkpt lat="37.856450" lon="-122.552840"><ele>231.9</ele></trkpt><trkpt lat="37.856690" lon="-122.552900"><ele>235.0</ele></trkpt><trkpt lat="37.857030" lon="-122.553100"><ele>238.9</ele></trkpt><trkpt lat="37.857550" lon="-122.553770"><ele>244.6</ele></trkpt><trkpt lat="37.857660" lon="-122.553860"><ele>246.0</ele></trkpt><trkpt lat="37.857810" lon="-122.553900"><ele>247.7</ele></trkpt><trkpt lat="37.858640" lon="-122.554000"><ele>258.4</ele></trkpt><trkpt lat="37.859220" lon="-122.554200"><ele>263.4</ele></trkpt><trkpt lat="37.859460" lon="-122.554610"><ele>265.7</ele></trkpt><trkpt lat="37.859730" lon="-122.555130"><ele>266.7</ele></trkpt><trkpt lat="37.860110" lon="-122.554930"><ele>265.3</ele></trkpt><trkpt lat="37.862220" lon="-122.554040"><ele>271.5</ele></trkpt><trkpt lat="37.863390" lon="-122.553520"><ele>283.1</ele></trkpt><trkpt lat="37.864280" lon="-122.553370"><ele>289.1</ele></trkpt><trkpt lat="37.865240" lon="-122.553060"><ele>296.9</ele></trkpt><trkpt lat="37.865700" lon="-122.552860"><ele>301.6</ele></trkpt><trkpt lat="37.866110" lon="-122.552630"><ele>303.4</ele></trkpt><trkpt lat="37.866200" lon="-122.552530"><ele>303.8</ele></trkpt><trkpt lat="37.866310" lon="-122.552170"><ele>304.0</ele></trkpt><trkpt lat="37.866560" lon="-122.552080"><ele>304.2</ele></trkpt><trkpt lat="37.866680" lon="-122.552070"><ele>303.3</ele></trkpt><trkpt lat="37.866790" lon="-122.552100"><ele>302.5</ele></trkpt><trkpt lat="37.866900" lon="-122.552210"><ele>301.5</ele></trkpt><trkpt lat="37.866930" lon="-122.552290"><ele>301.0</ele></trkpt><trkpt lat="37.866990" lon="-122.552350"><ele>300.4</ele></trkpt><trkpt lat="37.867020" lon="-122.552350"><ele>300.1</ele></trkpt><trkpt lat="37.867060" lon="-122.552270"><ele>299.1</ele></trkpt><trkpt lat="37.867020" lon="-122.552100"><ele>297.2</ele></trkpt><trkpt lat="37.867020" lon="-122.551610"><ele>291.8</ele></trkpt><trkpt lat="37.867050" lon="-122.551320"><ele>288.4</ele></trkpt><trkpt lat="37.867180" lon="-122.550900"><ele>283.2</ele></trkpt><trkpt lat="37.867200" lon="-122.550710"><ele>281.0</ele></trkpt><trkpt lat="37.867180" lon="-122.550540"><ele>279.0</ele></trkpt><trkpt lat="37.867100" lon="-122.550350"><ele>276.6</ele></trkpt><trkpt lat="37.867030" lon="-122.550150"><ele>274.1</ele></trkpt><trkpt lat="37.867000" lon="-122.549840"><ele>270.6</ele></trkpt><trkpt lat="37.867030" lon="-122.548940"><ele>267.0</ele></trkpt><trkpt lat="37.867090" lon="-122.548760"><ele>267.0</ele></trkpt><trkpt lat="37.867210" lon="-122.549020"><ele>267.0</ele></trkpt><trkpt lat="37.867320" lon="-122.549190"><ele>267.5</ele></trkpt><trkpt lat="37.867410" lon="-122.549410"><ele>268.4</ele></trkpt><trkpt lat="37.867410" lon="-122.549510"><ele>268.7</ele></trkpt><trkpt lat="37.867390" lon="-122.549640"><ele>269.2</ele></trkpt><trkpt lat="37.867350" lon="-122.549770"><ele>269.9</ele></trkpt><trkpt lat="37.867210" lon="-122.550020"><ele>271.5</ele></trkpt><trkpt lat="37.867210" lon="-122.550120"><ele>272.1</ele></trkpt><trkpt lat="37.867230" lon="-122.550230"><ele>272.7</ele></trkpt><trkpt lat="37.867320" lon="-122.550450"><ele>274.5</ele></trkpt><trkpt lat="37.867330" lon="-122.551370"><ele>279.6</ele></trkpt><trkpt lat="37.867350" lon="-122.551490"><ele>279.8</ele></trkpt><trkpt lat="37.867380" lon="-122.551570"><ele>280.0</ele></trkpt><trkpt lat="37.867450" lon="-122.551640"><ele>280.0</ele></trkpt><trkpt lat="37.867510" lon="-122.551650"><ele>279.9</ele></trkpt><trkpt lat="37.867580" lon="-122.551630"><ele>279.7</ele></trkpt><trkpt lat="37.867920" lon="-122.551370"><ele>278.5</ele></trkpt><trkpt lat="37.868000" lon="-122.551290"><ele>277.9</ele></trkpt><trkpt lat="37.868140" lon="-122.551040"><ele>276.5</ele></trkpt><trkpt lat="37.868250" lon="-122.550540"><ele>274.2</ele></trkpt><trkpt lat="37.868300" lon="-122.550430"><ele>273.7</ele></trkpt><trkpt lat="37.868340" lon="-122.550380"><ele>273.4</ele></trkpt><trkpt lat="37.868500" lon="-122.550300"><ele>272.1</ele></trkpt><trkpt lat="37.868610" lon="-122.550230"><ele>269.3</ele></trkpt><trkpt lat="37.868820" lon="-122.550030"><ele>263.2</ele></trkpt><trkpt lat="37.869000" lon="-122.549790"><ele>257.9</ele></trkpt><trkpt lat="37.869050" lon="-122.549670"><ele>256.0</ele></trkpt><trkpt lat="37.869080" lon="-122.549260"><ele>250.8</ele></trkpt><trkpt lat="37.869120" lon="-122.549160"><ele>250.5</ele></trkpt><trkpt lat="37.869200" lon="-122.549090"><ele>250.1</ele></trkpt><trkpt lat="37.869280" lon="-122.549060"><ele>249.9</ele></trkpt><trkpt lat="37.869430" lon="-122.549090"><ele>249.3</ele></trkpt><trkpt lat="37.869530" lon="-122.549240"><ele>249.3</ele></trkpt><trkpt lat="37.869550" lon="-122.549330"><ele>249.7</ele></trkpt><trkpt lat="37.869510" lon="-122.549560"><ele>250.6</ele></trkpt><trkpt lat="37.869470" lon="-122.549630"><ele>251.0</ele></trkpt><trkpt lat="37.869420" lon="-122.550120"><ele>252.8</ele></trkpt><trkpt lat="37.869320" lon="-122.550370"><ele>253.8</ele></trkpt><trkpt lat="37.869220" lon="-122.550790"><ele>258.8</ele></trkpt><trkpt lat="37.869090" lon="-122.551050"><ele>263.1</ele></trkpt><trkpt lat="37.869090" lon="-122.551100"><ele>263.7</ele></trkpt><trkpt lat="37.869110" lon="-122.551180"><ele>263.8</ele></trkpt><trkpt lat="37.869250" lon="-122.551240"><ele>264.0</ele></trkpt><trkpt lat="37.869380" lon="-122.551360"><ele>264.3</ele></trkpt><trkpt lat="37.869470" lon="-122.551370"><ele>264.4</ele></trkpt><trkpt lat="37.869660" lon="-122.551150"><ele>264.2</ele></trkpt><trkpt lat="37.870070" lon="-122.550770"><ele>262.8</ele></trkpt><trkpt lat="37.870180" lon="-122.550710"><ele>262.4</ele></trkpt><trkpt lat="37.870320" lon="-122.550670"><ele>261.9</ele></trkpt><trkpt lat="37.870420" lon="-122.550660"><ele>261.6</ele></trkpt><trkpt lat="37.870450" lon="-122.550680"><ele>261.4</ele></trkpt><trkpt lat="37.870480" lon="-122.550710"><ele>261.0</ele></trkpt><trkpt lat="37.870530" lon="-122.550830"><ele>259.8</ele></trkpt><trkpt lat="37.870550" lon="-122.551140"><ele>257.0</ele></trkpt><trkpt lat="37.870540" lon="-122.551290"><ele>255.6</ele></trkpt><trkpt lat="37.870490" lon="-122.551560"><ele>253.2</ele></trkpt><trkpt lat="37.870460" lon="-122.551810"><ele>251.0</ele></trkpt><trkpt lat="37.870460" lon="-122.551950"><ele>249.7</ele></trkpt><trkpt lat="37.870490" lon="-122.552050"><ele>250.0</ele></trkpt><trkpt lat="37.870520" lon="-122.552090"><ele>250.7</ele></trkpt><trkpt lat="37.870600" lon="-122.552100"><ele>251.9</ele></trkpt><trkpt lat="37.870870" lon="-122.551940"><ele>256.2</ele></trkpt><trkpt lat="37.871060" lon="-122.551850"><ele>258.2</ele></trkpt><trkpt lat="37.871160" lon="-122.551860"><ele>258.8</ele></trkpt><trkpt lat="37.871230" lon="-122.551950"><ele>259.5</ele></trkpt><trkpt lat="37.871290" lon="-122.552060"><ele>260.2</ele></trkpt><trkpt lat="37.871340" lon="-122.552400"><ele>260.4</ele></trkpt><trkpt lat="37.871360" lon="-122.552640"><ele>259.9</ele></trkpt><trkpt lat="37.871380" lon="-122.552720"><ele>259.7</ele></trkpt><trkpt lat="37.871420" lon="-122.552780"><ele>259.5</ele></trkpt><trkpt lat="37.871480" lon="-122.552830"><ele>259.4</ele></trkpt><trkpt lat="37.871580" lon="-122.552830"><ele>259.6</ele></trkpt><trkpt lat="37.871690" lon="-122.552760"><ele>259.8</ele></trkpt><trkpt lat="37.871900" lon="-122.552400"><ele>260.4</ele></trkpt><trkpt lat="37.872090" lon="-122.552250"><ele>260.9</ele></trkpt><trkpt lat="37.872150" lon="-122.552190"><ele>261.1</ele></trkpt><trkpt lat="37.872220" lon="-122.552060"><ele>261.4</ele></trkpt><trkpt lat="37.872220" lon="-122.552050"><ele>261.4</ele></trkpt><trkpt lat="37.872270" lon="-122.551980"><ele>261.0</ele></trkpt><trkpt lat="37.872560" lon="-122.551770"><ele>254.6</ele></trkpt><trkpt lat="37.872890" lon="-122.551490"><ele>251.0</ele></trkpt><trkpt lat="37.873030" lon="-122.551130"><ele>250.9</ele></trkpt><trkpt lat="37.873080" lon="-122.551090"><ele>250.6</ele></trkpt><trkpt lat="37.873120" lon="-122.551090"><ele>250.5</ele></trkpt><trkpt lat="37.873180" lon="-122.551110"><ele>250.2</ele></trkpt><trkpt lat="37.873450" lon="-122.551350"><ele>248.7</ele></trkpt><trkpt lat="37.873570" lon="-122.551420"><ele>248.4</ele></trkpt><trkpt lat="37.873610" lon="-122.551460"><ele>248.3</ele></trkpt><trkpt lat="37.873710" lon="-122.551670"><ele>248.2</ele></trkpt><trkpt lat="37.873760" lon="-122.551740"><ele>248.2</ele></trkpt><trkpt lat="37.873890" lon="-122.551810"><ele>248.1</ele></trkpt><trkpt lat="37.874100" lon="-122.551850"><ele>247.5</ele></trkpt><trkpt lat="37.874150" lon="-122.551890"><ele>247.4</ele></trkpt><trkpt lat="37.874320" lon="-122.552170"><ele>246.6</ele></trkpt><trkpt lat="37.874450" lon="-122.552310"><ele>246.4</ele></trkpt><trkpt lat="37.874500" lon="-122.552340"><ele>246.3</ele></trkpt><trkpt lat="37.874580" lon="-122.552340"><ele>246.2</ele></trkpt><trkpt lat="37.874740" lon="-122.552230"><ele>246.0</ele></trkpt><trkpt lat="37.874930" lon="-122.552220"><ele>243.0</ele></trkpt><trkpt lat="37.874990" lon="-122.552200"><ele>241.6</ele></trkpt><trkpt lat="37.875040" lon="-122.552150"><ele>240.1</ele></trkpt><trkpt lat="37.875150" lon="-122.551830"><ele>233.8</ele></trkpt><trkpt lat="37.875190" lon="-122.551760"><ele>232.9</ele></trkpt><trkpt lat="37.875260" lon="-122.551680"><ele>231.7</ele></trkpt><trkpt lat="37.875460" lon="-122.551510"><ele>228.6</ele></trkpt><trkpt lat="37.875580" lon="-122.551510"><ele>227.0</ele></trkpt><trkpt lat="37.875610" lon="-122.551550"><ele>226.5</ele></trkpt><trkpt lat="37.875670" lon="-122.551680"><ele>225.2</ele></trkpt><trkpt lat="37.875750" lon="-122.551720"><ele>224.3</ele></trkpt><trkpt lat="37.875910" lon="-122.551660"><ele>222.6</ele></trkpt><trkpt lat="37.876230" lon="-122.551680"><ele>219.1</ele></trkpt><trkpt lat="37.876340" lon="-122.551720"><ele>217.8</ele></trkpt><trkpt lat="37.876390" lon="-122.551800"><ele>216.9</ele></trkpt><trkpt lat="37.876440" lon="-122.552050"><ele>214.8</ele></trkpt><trkpt lat="37.876470" lon="-122.552100"><ele>214.7</ele></trkpt><trkpt lat="37.876510" lon="-122.552120"><ele>214.6</ele></trkpt><trkpt lat="37.876690" lon="-122.552150"><ele>214.2</ele></trkpt><trkpt lat="37.876730" lon="-122.552230"><ele>214.0</ele></trkpt><trkpt lat="37.876720" lon="-122.552290"><ele>213.9</ele></trkpt><trkpt lat="37.876600" lon="-122.552530"><ele>213.0</ele></trkpt><trkpt lat="37.876610" lon="-122.552670"><ele>212.3</ele></trkpt><trkpt lat="37.876700" lon="-122.552760"><ele>211.5</ele></trkpt><trkpt lat="37.876860" lon="-122.552860"><ele>210.4</ele></trkpt><trkpt lat="37.876880" lon="-122.552890"><ele>210.2</ele></trkpt><trkpt lat="37.876980" lon="-122.553160"><ele>207.2</ele></trkpt><trkpt lat="37.877020" lon="-122.553210"><ele>206.5</ele></trkpt><trkpt lat="37.877230" lon="-122.553320"><ele>203.6</ele></trkpt><trkpt lat="37.877390" lon="-122.553460"><ele>200.9</ele></trkpt><trkpt lat="37.877520" lon="-122.553700"><ele>197.8</ele></trkpt><trkpt lat="37.877570" lon="-122.553760"><ele>196.9</ele></trkpt><trkpt lat="37.877670" lon="-122.553810"><ele>195.6</ele></trkpt><trkpt lat="37.877780" lon="-122.553820"><ele>194.4</ele></trkpt><trkpt lat="37.878020" lon="-122.553660"><ele>191.7</ele></trkpt><trkpt lat="37.878080" lon="-122.553640"><ele>191.0</ele></trkpt><trkpt lat="37.878150" lon="-122.553630"><ele>190.4</ele></trkpt><trkpt lat="37.878290" lon="-122.553660"><ele>189.4</ele></trkpt><trkpt lat="37.878410" lon="-122.553740"><ele>188.4</ele></trkpt><trkpt lat="37.878530" lon="-122.553760"><ele>187.5</ele></trkpt><trkpt lat="37.878600" lon="-122.553720"><ele>187.0</ele></trkpt><trkpt lat="37.878760" lon="-122.553590"><ele>187.1</ele></trkpt><trkpt lat="37.878850" lon="-122.553570"><ele>187.5</ele></trkpt><trkpt lat="37.878960" lon="-122.553620"><ele>188.1</ele></trkpt><trkpt lat="37.879110" lon="-122.553860"><ele>189.2</ele></trkpt><trkpt lat="37.879230" lon="-122.553930"><ele>189.8</ele></trkpt><trkpt lat="37.879210" lon="-122.553990"><ele>190.0</ele></trkpt><trkpt lat="37.879210" lon="-122.554140"><ele>190.5</ele></trkpt><trkpt lat="37.879410" lon="-122.554520"><ele>192.9</ele></trkpt><trkpt lat="37.879410" lon="-122.554640"><ele>193.7</ele></trkpt><trkpt lat="37.879370" lon="-122.554710"><ele>194.3</ele></trkpt><trkpt lat="37.879440" lon="-122.554780"><ele>195.0</ele></trkpt><trkpt lat="37.879570" lon="-122.554770"><ele>196.1</ele></trkpt><trkpt lat="37.879720" lon="-122.554810"><ele>197.2</ele></trkpt><trkpt lat="37.879720" lon="-122.554840"><ele>197.4</ele></trkpt><trkpt lat="37.879520" lon="-122.554930"><ele>198.9</ele></trkpt><trkpt lat="37.879530" lon="-122.554960"><ele>199.1</ele></trkpt><trkpt lat="37.879600" lon="-122.554960"><ele>199.6</ele></trkpt><trkpt lat="37.879760" lon="-122.555030"><ele>200.3</ele></trkpt><trkpt lat="37.880080" lon="-122.555120"><ele>201.5</ele></trkpt><trkpt lat="37.880170" lon="-122.555170"><ele>201.8</ele></trkpt><trkpt lat="37.880300" lon="-122.555190"><ele>202.6</ele></trkpt><trkpt lat="37.880350" lon="-122.555160"><ele>203.0</ele></trkpt><trkpt lat="37.880360" lon="-122.555130"><ele>203.1</ele></trkpt><trkpt lat="37.880340" lon="-122.555020"><ele>203.7</ele></trkpt><trkpt lat="37.880220" lon="-122.554730"><ele>205.2</ele></trkpt><trkpt lat="37.880230" lon="-122.554650"><ele>205.5</ele></trkpt><trkpt lat="37.880260" lon="-122.554610"><ele>205.7</ele></trkpt><trkpt lat="37.880390" lon="-122.554620"><ele>206.2</ele></trkpt><trkpt lat="37.880550" lon="-122.554680"><ele>206.8</ele></trkpt><trkpt lat="37.880650" lon="-122.554670"><ele>207.2</ele></trkpt><trkpt lat="37.880770" lon="-122.554610"><ele>207.6</ele></trkpt><trkpt lat="37.881010" lon="-122.554690"><ele>208.3</ele></trkpt><trkpt lat="37.881110" lon="-122.554690"><ele>208.6</ele></trkpt><trkpt lat="37.881250" lon="-122.554650"><ele>209.0</ele></trkpt><trkpt lat="37.881410" lon="-122.554680"><ele>209.7</ele></trkpt><trkpt lat="37.881510" lon="-122.554680"><ele>210.1</ele></trkpt><trkpt lat="37.881550" lon="-122.554760"><ele>210.4</ele></trkpt><trkpt lat="37.881750" lon="-122.554960"><ele>211.4</ele></trkpt><trkpt lat="37.881980" lon="-122.555010"><ele>212.5</ele></trkpt><trkpt lat="37.882060" lon="-122.555060"><ele>212.9</ele></trkpt><trkpt lat="37.882190" lon="-122.555230"><ele>213.2</ele></trkpt><trkpt lat="37.882290" lon="-122.555500"><ele>212.6</ele></trkpt><trkpt lat="37.882350" lon="-122.555610"><ele>212.4</ele></trkpt><trkpt lat="37.882330" lon="-122.555710"><ele>212.2</ele></trkpt><trkpt lat="37.882270" lon="-122.555840"><ele>211.9</ele></trkpt><trkpt lat="37.882240" lon="-122.555880"><ele>211.7</ele></trkpt><trkpt lat="37.882220" lon="-122.555950"><ele>211.5</ele></trkpt><trkpt lat="37.882320" lon="-122.556240"><ele>210.7</ele></trkpt><trkpt lat="37.882280" lon="-122.556400"><ele>210.2</ele></trkpt><trkpt lat="37.882290" lon="-122.556610"><ele>209.8</ele></trkpt><trkpt lat="37.882240" lon="-122.556760"><ele>209.4</ele></trkpt><trkpt lat="37.882140" lon="-122.556890"><ele>209.0</ele></trkpt><trkpt lat="37.882040" lon="-122.557080"><ele>208.5</ele></trkpt><trkpt lat="37.881920" lon="-122.557490"><ele>207.5</ele></trkpt><trkpt lat="37.881750" lon="-122.557770"><ele>205.3</ele></trkpt><trkpt lat="37.881610" lon="-122.557920"><ele>203.3</ele></trkpt><trkpt lat="37.881480" lon="-122.557980"><ele>201.8</ele></trkpt><trkpt lat="37.881290" lon="-122.558010"><ele>202.6</ele></trkpt><trkpt lat="37.881120" lon="-122.557980"><ele>203.9</ele></trkpt><trkpt lat="37.881020" lon="-122.558050"><ele>204.7</ele></trkpt><trkpt lat="37.880940" lon="-122.558220"><ele>205.8</ele></trkpt><trkpt lat="37.880680" lon="-122.558270"><ele>207.3</ele></trkpt><trkpt lat="37.880520" lon="-122.558380"><ele>208.3</ele></trkpt><trkpt lat="37.880420" lon="-122.558390"><ele>208.8</ele></trkpt><trkpt lat="37.880320" lon="-122.558350"><ele>209.2</ele></trkpt><trkpt lat="37.880130" lon="-122.558250"><ele>210.0</ele></trkpt><trkpt lat="37.879940" lon="-122.558260"><ele>210.7</ele></trkpt><trkpt lat="37.879740" lon="-122.558340"><ele>212.2</ele></trkpt><trkpt lat="37.879640" lon="-122.558520"><ele>213.4</ele></trkpt><trkpt lat="37.879570" lon="-122.558720"><ele>214.6</ele></trkpt><trkpt lat="37.879560" lon="-122.558720"><ele>214.7</ele></trkpt><trkpt lat="37.879420" lon="-122.558980"><ele>217.1</ele></trkpt><trkpt lat="37.879180" lon="-122.559350"><ele>219.2</ele></trkpt><trkpt lat="37.879070" lon="-122.559430"><ele>218.9</ele></trkpt><trkpt lat="37.878890" lon="-122.559720"><ele>218.2</ele></trkpt><trkpt lat="37.878750" lon="-122.560010"><ele>218.7</ele></trkpt><trkpt lat="37.878610" lon="-122.560130"><ele>219.0</ele></trkpt><trkpt lat="37.878420" lon="-122.560200"><ele>219.2</ele></trkpt><trkpt lat="37.878290" lon="-122.560180"><ele>219.2</ele></trkpt><trkpt lat="37.878060" lon="-122.560270"><ele>219.2</ele></trkpt><trkpt lat="37.877950" lon="-122.560250"><ele>218.9</ele></trkpt><trkpt lat="37.877850" lon="-122.560170"><ele>218.4</ele></trkpt><trkpt lat="37.877760" lon="-122.559870"><ele>217.2</ele></trkpt><trkpt lat="37.877690" lon="-122.559850"><ele>216.9</ele></trkpt><trkpt lat="37.877540" lon="-122.559860"><ele>216.7</ele></trkpt><trkpt lat="37.877370" lon="-122.559960"><ele>216.7</ele></trkpt><trkpt lat="37.877260" lon="-122.559980"><ele>216.7</ele></trkpt><trkpt lat="37.877180" lon="-122.559950"><ele>216.7</ele></trkpt><trkpt lat="37.877070" lon="-122.559810"><ele>216.2</ele></trkpt><trkpt lat="37.876960" lon="-122.559840"><ele>215.6</ele></trkpt><trkpt lat="37.876930" lon="-122.560020"><ele>214.7</ele></trkpt><trkpt lat="37.877020" lon="-122.560150"><ele>214.0</ele></trkpt><trkpt lat="37.877080" lon="-122.560180"><ele>213.6</ele></trkpt><trkpt lat="37.877190" lon="-122.560310"><ele>212.1</ele></trkpt><trkpt lat="37.877240" lon="-122.560390"><ele>211.3</ele></trkpt><trkpt lat="37.877260" lon="-122.560490"><ele>210.5</ele></trkpt><trkpt lat="37.877190" lon="-122.560740"><ele>208.5</ele></trkpt><trkpt lat="37.877160" lon="-122.560820"><ele>207.8</ele></trkpt><trkpt lat="37.877180" lon="-122.560970"><ele>206.7</ele></trkpt><trkpt lat="37.877260" lon="-122.561090"><ele>205.5</ele></trkpt><trkpt lat="37.877310" lon="-122.561300"><ele>203.8</ele></trkpt><trkpt lat="37.877350" lon="-122.561620"><ele>201.5</ele></trkpt><trkpt lat="37.877300" lon="-122.561940"><ele>199.2</ele></trkpt><trkpt lat="37.877360" lon="-122.562060"><ele>198.2</ele></trkpt><trkpt lat="37.877380" lon="-122.562230"><ele>197.1</ele></trkpt><trkpt lat="37.877440" lon="-122.562330"><ele>196.2</ele></trkpt><trkpt lat="37.877500" lon="-122.562480"><ele>195.1</ele></trkpt><trkpt lat="37.877490" lon="-122.562510"><ele>194.9</ele></trkpt><trkpt lat="37.877440" lon="-122.562510"><ele>194.4</ele></trkpt><trkpt lat="37.877330" lon="-122.562450"><ele>193.5</ele></trkpt><trkpt lat="37.877360" lon="-122.562540"><ele>192.9</ele></trkpt><trkpt lat="37.877370" lon="-122.562890"><ele>190.9</ele></trkpt><trkpt lat="37.877350" lon="-122.562970"><ele>190.4</ele></trkpt><trkpt lat="37.877310" lon="-122.563070"><ele>189.9</ele></trkpt><trkpt lat="37.877280" lon="-122.563260"><ele>190.3</ele></trkpt><trkpt lat="37.877300" lon="-122.563480"><ele>190.7</ele></trkpt><trkpt lat="37.877520" lon="-122.563880"><ele>191.5</ele></trkpt><trkpt lat="37.877530" lon="-122.564040"><ele>191.8</ele></trkpt><trkpt lat="37.877500" lon="-122.564530"><ele>193.6</ele></trkpt><trkpt lat="37.877460" lon="-122.564600"><ele>194.1</ele></trkpt><trkpt lat="37.877350" lon="-122.564650"><ele>194.9</ele></trkpt><trkpt lat="37.877510" lon="-122.564900"><ele>196.8</ele></trkpt><trkpt lat="37.877610" lon="-122.565120"><ele>198.1</ele></trkpt><trkpt lat="37.877660" lon="-122.565290"><ele>199.1</ele></trkpt><trkpt lat="37.877670" lon="-122.565470"><ele>200.2</ele></trkpt><trkpt lat="37.877720" lon="-122.565620"><ele>201.7</ele></trkpt><trkpt lat="37.877680" lon="-122.565650"><ele>202.2</ele></trkpt><trkpt lat="37.877570" lon="-122.565490"><ele>204.2</ele></trkpt><trkpt lat="37.877430" lon="-122.565460"><ele>205.8</ele></trkpt><trkpt lat="37.877280" lon="-122.565540"><ele>206.9</ele></trkpt><trkpt lat="37.877170" lon="-122.565550"><ele>207.5</ele></trkpt><trkpt lat="37.877040" lon="-122.565430"><ele>208.3</ele></trkpt><trkpt lat="37.876900" lon="-122.565340"><ele>209.1</ele></trkpt><trkpt lat="37.876720" lon="-122.565150"><ele>211.7</ele></trkpt><trkpt lat="37.876640" lon="-122.565030"><ele>213.0</ele></trkpt><trkpt lat="37.876470" lon="-122.564890"><ele>215.1</ele></trkpt><trkpt lat="37.876320" lon="-122.564740"><ele>216.3</ele></trkpt><trkpt lat="37.876230" lon="-122.564750"><ele>216.9</ele></trkpt><trkpt lat="37.876160" lon="-122.564800"><ele>217.5</ele></trkpt><trkpt lat="37.876050" lon="-122.564930"><ele>218.5</ele></trkpt><trkpt lat="37.875840" lon="-122.565280"><ele>221.2</ele></trkpt><trkpt lat="37.875790" lon="-122.565350"><ele>221.8</ele></trkpt><trkpt lat="37.875550" lon="-122.565580"><ele>224.0</ele></trkpt><trkpt lat="37.875040" lon="-122.565990"><ele>229.9</ele></trkpt><trkpt lat="37.874750" lon="-122.566270"><ele>234.7</ele></trkpt><trkpt lat="37.874250" lon="-122.566670"><ele>239.6</ele></trkpt><trkpt lat="37.874160" lon="-122.566730"><ele>240.2</ele></trkpt><trkpt lat="37.873870" lon="-122.566850"><ele>241.9</ele></trkpt><trkpt lat="37.873700" lon="-122.566950"><ele>241.5</ele></trkpt><trkpt lat="37.873520" lon="-122.567180"><ele>240.8</ele></trkpt><trkpt lat="37.873390" lon="-122.567280"><ele>240.4</ele></trkpt><trkpt lat="37.873330" lon="-122.567370"><ele>240.2</ele></trkpt><trkpt lat="37.873220" lon="-122.567450"><ele>239.9</ele></trkpt><trkpt lat="37.872930" lon="-122.567510"><ele>239.3</ele></trkpt><trkpt lat="37.872750" lon="-122.567460"><ele>237.5</ele></trkpt><trkpt lat="37.872630" lon="-122.567470"><ele>236.4</ele></trkpt><trkpt lat="37.872570" lon="-122.567510"><ele>235.7</ele></trkpt><trkpt lat="37.872490" lon="-122.567650"><ele>234.4</ele></trkpt><trkpt lat="37.872470" lon="-122.567840"><ele>232.9</ele></trkpt><trkpt lat="37.872500" lon="-122.567930"><ele>232.2</ele></trkpt><trkpt lat="37.872540" lon="-122.568020"><ele>231.4</ele></trkpt><trkpt lat="37.872540" lon="-122.568050"><ele>231.2</ele></trkpt><trkpt lat="37.872500" lon="-122.568040"><ele>230.8</ele></trkpt><trkpt lat="37.872310" lon="-122.567760"><ele>228.3</ele></trkpt><trkpt lat="37.872210" lon="-122.567370"><ele>226.3</ele></trkpt><trkpt lat="37.872190" lon="-122.567080"><ele>224.8</ele></trkpt><trkpt lat="37.872220" lon="-122.566970"><ele>224.2</ele></trkpt><trkpt lat="37.872270" lon="-122.566870"><ele>223.6</ele></trkpt><trkpt lat="37.872360" lon="-122.566800"><ele>222.9</ele></trkpt><trkpt lat="37.872460" lon="-122.566770"><ele>222.2</ele></trkpt><trkpt lat="37.872470" lon="-122.566730"><ele>222.0</ele></trkpt><trkpt lat="37.872360" lon="-122.566670"><ele>221.2</ele></trkpt><trkpt lat="37.872330" lon="-122.566620"><ele>220.9</ele></trkpt><trkpt lat="37.872320" lon="-122.566560"><ele>220.6</ele></trkpt><trkpt lat="37.872270" lon="-122.566540"><ele>220.3</ele></trkpt><trkpt lat="37.872230" lon="-122.566550"><ele>220.0</ele></trkpt><trkpt lat="37.872190" lon="-122.566570"><ele>219.7</ele></trkpt><trkpt lat="37.872130" lon="-122.566680"><ele>219.1</ele></trkpt><trkpt lat="37.871950" lon="-122.566820"><ele>217.3</ele></trkpt><trkpt lat="37.871810" lon="-122.566920"><ele>215.6</ele></trkpt><trkpt lat="37.871680" lon="-122.566970"><ele>214.2</ele></trkpt><trkpt lat="37.871640" lon="-122.567010"><ele>213.7</ele></trkpt><trkpt lat="37.871600" lon="-122.567150"><ele>212.6</ele></trkpt><trkpt lat="37.871560" lon="-122.567180"><ele>212.1</ele></trkpt><trkpt lat="37.871500" lon="-122.567190"><ele>211.6</ele></trkpt><trkpt lat="37.871320" lon="-122.567100"><ele>209.7</ele></trkpt><trkpt lat="37.870910" lon="-122.567020"><ele>205.1</ele></trkpt><trkpt lat="37.870760" lon="-122.566980"><ele>203.1</ele></trkpt><trkpt lat="37.870610" lon="-122.566980"><ele>201.1</ele></trkpt><trkpt lat="37.870450" lon="-122.566920"><ele>198.7</ele></trkpt><trkpt lat="37.870380" lon="-122.566920"><ele>197.7</ele></trkpt><trkpt lat="37.870190" lon="-122.566960"><ele>194.8</ele></trkpt><trkpt lat="37.869950" lon="-122.566990"><ele>191.0</ele></trkpt><trkpt lat="37.869870" lon="-122.567020"><ele>189.5</ele></trkpt><trkpt lat="37.869550" lon="-122.567000"><ele>183.9</ele></trkpt><trkpt lat="37.869540" lon="-122.567000"><ele>183.7</ele></trkpt><trkpt lat="37.869330" lon="-122.567070"><ele>179.2</ele></trkpt><trkpt lat="37.869170" lon="-122.567070"><ele>175.9</ele></trkpt><trkpt lat="37.869110" lon="-122.567110"><ele>174.4</ele></trkpt><trkpt lat="37.869000" lon="-122.567240"><ele>171.3</ele></trkpt><trkpt lat="37.868940" lon="-122.567420"><ele>167.9</ele></trkpt><trkpt lat="37.868900" lon="-122.568240"><ele>153.9</ele></trkpt><trkpt lat="37.868830" lon="-122.568440"><ele>150.2</ele></trkpt><trkpt lat="37.868830" lon="-122.568520"><ele>148.8</ele></trkpt><trkpt lat="37.868890" lon="-122.568600"><ele>147.6</ele></trkpt><trkpt lat="37.868810" lon="-122.568570"><ele>146.5</ele></trkpt><trkpt lat="37.868760" lon="-122.568570"><ele>145.9</ele></trkpt><trkpt lat="37.868570" lon="-122.568600"><ele>143.3</ele></trkpt><trkpt lat="37.868370" lon="-122.568770"><ele>140.8</ele></trkpt><trkpt lat="37.868160" lon="-122.569000"><ele>139.1</ele></trkpt><trkpt lat="37.868090" lon="-122.569030"><ele>138.6</ele></trkpt><trkpt lat="37.867840" lon="-122.569080"><ele>137.3</ele></trkpt><trkpt lat="37.867690" lon="-122.569040"><ele>136.6</ele></trkpt><trkpt lat="37.867610" lon="-122.569010"><ele>136.3</ele></trkpt><trkpt lat="37.867520" lon="-122.568850"><ele>135.6</ele></trkpt><trkpt lat="37.867480" lon="-122.568610"><ele>134.8</ele></trkpt><trkpt lat="37.867480" lon="-122.568380"><ele>134.1</ele></trkpt><trkpt lat="37.867500" lon="-122.568320"><ele>133.9</ele></trkpt><trkpt lat="37.867610" lon="-122.568150"><ele>133.1</ele></trkpt><trkpt lat="37.867630" lon="-122.568100"><ele>132.9</ele></trkpt><trkpt lat="37.867620" lon="-122.568090"><ele>132.9</ele></trkpt><trkpt lat="37.867520" lon="-122.568160"><ele>132.4</ele></trkpt><trkpt lat="37.867450" lon="-122.568190"><ele>132.0</ele></trkpt><trkpt lat="37.867370" lon="-122.568200"><ele>131.7</ele></trkpt><trkpt lat="37.867300" lon="-122.568250"><ele>131.3</ele></trkpt><trkpt lat="37.867250" lon="-122.568320"><ele>131.0</ele></trkpt><trkpt lat="37.867170" lon="-122.568650"><ele>129.6</ele></trkpt><trkpt lat="37.867130" lon="-122.568690"><ele>129.3</ele></trkpt><trkpt lat="37.867070" lon="-122.568710"><ele>129.0</ele></trkpt><trkpt lat="37.866890" lon="-122.568700"><ele>127.9</ele></trkpt><trkpt lat="37.866730" lon="-122.568640"><ele>126.3</ele></trkpt><trkpt lat="37.866630" lon="-122.568650"><ele>125.4</ele></trkpt><trkpt lat="37.866450" lon="-122.568850"><ele>123.0</ele></trkpt><trkpt lat="37.866360" lon="-122.568930"><ele>121.4</ele></trkpt><trkpt lat="37.866290" lon="-122.569010"><ele>120.1</ele></trkpt><trkpt lat="37.866250" lon="-122.569100"><ele>118.9</ele></trkpt><trkpt lat="37.866230" lon="-122.569290"><ele>116.8</ele></trkpt><trkpt lat="37.866180" lon="-122.569400"><ele>115.3</ele></trkpt><trkpt lat="37.866080" lon="-122.569550"><ele>111.6</ele></trkpt><trkpt lat="37.865960" lon="-122.569680"><ele>107.8</ele></trkpt><trkpt lat="37.865960" lon="-122.569790"><ele>105.7</ele></trkpt><trkpt lat="37.865970" lon="-122.569880"><ele>104.0</ele></trkpt><trkpt lat="37.866080" lon="-122.570050"><ele>100.2</ele></trkpt><trkpt lat="37.866130" lon="-122.570160"><ele>98.1</ele></trkpt><trkpt lat="37.866200" lon="-122.570470"><ele>92.7</ele></trkpt><trkpt lat="37.866250" lon="-122.570490"><ele>91.6</ele></trkpt><trkpt lat="37.866310" lon="-122.570480"><ele>90.4</ele></trkpt><trkpt lat="37.866260" lon="-122.570560"><ele>88.9</ele></trkpt><trkpt lat="37.866230" lon="-122.570620"><ele>87.8</ele></trkpt><trkpt lat="37.866220" lon="-122.570700"><ele>86.5</ele></trkpt><trkpt lat="37.866220" lon="-122.570960"><ele>82.6</ele></trkpt><trkpt lat="37.866190" lon="-122.571020"><ele>81.5</ele></trkpt><trkpt lat="37.866140" lon="-122.571060"><ele>80.4</ele></trkpt><trkpt lat="37.866090" lon="-122.571060"><ele>79.7</ele></trkpt><trkpt lat="37.866040" lon="-122.571040"><ele>78.9</ele></trkpt><trkpt lat="37.865920" lon="-122.570880"><ele>76.3</ele></trkpt><trkpt lat="37.865860" lon="-122.570760"><ele>74.6</ele></trkpt><trkpt lat="37.865840" lon="-122.570750"><ele>74.3</ele></trkpt><trkpt lat="37.865830" lon="-122.570780"><ele>73.9</ele></trkpt><trkpt lat="37.865880" lon="-122.571090"><ele>71.6</ele></trkpt><trkpt lat="37.865930" lon="-122.571320"><ele>70.6</ele></trkpt><trkpt lat="37.865970" lon="-122.571400"><ele>70.1</ele></trkpt><trkpt lat="37.865960" lon="-122.571420"><ele>70.0</ele></trkpt><trkpt lat="37.865800" lon="-122.571270"><ele>69.0</ele></trkpt><trkpt lat="37.865650" lon="-122.570930"><ele>67.4</ele></trkpt><trkpt lat="37.865620" lon="-122.570900"><ele>67.2</ele></trkpt><trkpt lat="37.865590" lon="-122.570920"><ele>67.0</ele></trkpt><trkpt lat="37.865640" lon="-122.571060"><ele>66.4</ele></trkpt><trkpt lat="37.865630" lon="-122.571270"><ele>65.4</ele></trkpt><trkpt lat="37.865590" lon="-122.571400"><ele>64.8</ele></trkpt><trkpt lat="37.865460" lon="-122.571710"><ele>63.5</ele></trkpt><trkpt lat="37.865460" lon="-122.571780"><ele>63.3</ele></trkpt><trkpt lat="37.865500" lon="-122.571860"><ele>63.1</ele></trkpt><trkpt lat="37.865440" lon="-122.572010"><ele>62.7</ele></trkpt><trkpt lat="37.865400" lon="-122.572030"><ele>62.6</ele></trkpt><trkpt lat="37.865350" lon="-122.572010"><ele>62.5</ele></trkpt><trkpt lat="37.865280" lon="-122.571920"><ele>62.2</ele></trkpt><trkpt lat="37.865260" lon="-122.571860"><ele>61.5</ele></trkpt><trkpt lat="37.865270" lon="-122.571720"><ele>59.6</ele></trkpt><trkpt lat="37.865300" lon="-122.571500"><ele>56.7</ele></trkpt><trkpt lat="37.865290" lon="-122.571490"><ele>56.5</ele></trkpt><trkpt lat="37.865240" lon="-122.571640"><ele>54.4</ele></trkpt><trkpt lat="37.865200" lon="-122.571710"><ele>53.2</ele></trkpt><trkpt lat="37.865010" lon="-122.571920"><ele>48.5</ele></trkpt><trkpt lat="37.864920" lon="-122.572050"><ele>46.0</ele></trkpt><trkpt lat="37.864850" lon="-122.572110"><ele>44.4</ele></trkpt><trkpt lat="37.864820" lon="-122.572200"><ele>43.1</ele></trkpt><trkpt lat="37.864700" lon="-122.572250"><ele>41.9</ele></trkpt><trkpt lat="37.864670" lon="-122.572270"><ele>41.6</ele></trkpt><trkpt lat="37.864630" lon="-122.572410"><ele>40.5</ele></trkpt><trkpt lat="37.864580" lon="-122.572500"><ele>39.7</ele></trkpt><trkpt lat="37.864580" lon="-122.572530"><ele>39.5</ele></trkpt><trkpt lat="37.864590" lon="-122.572540"><ele>39.3</ele></trkpt><trkpt lat="37.864660" lon="-122.572520"><ele>38.7</ele></trkpt><trkpt lat="37.864820" lon="-122.572520"><ele>37.1</ele></trkpt><trkpt lat="37.864970" lon="-122.572580"><ele>35.6</ele></trkpt><trkpt lat="37.865040" lon="-122.572660"><ele>34.7</ele></trkpt><trkpt lat="37.865140" lon="-122.572850"><ele>33.0</ele></trkpt><trkpt lat="37.865280" lon="-122.572990"><ele>31.3</ele></trkpt><trkpt lat="37.865540" lon="-122.573000"><ele>28.8</ele></trkpt><trkpt lat="37.865720" lon="-122.572830"><ele>26.7</ele></trkpt><trkpt lat="37.865750" lon="-122.572810"><ele>26.4</ele></trkpt><trkpt lat="37.865760" lon="-122.572840"><ele>26.2</ele></trkpt><trkpt lat="37.865540" lon="-122.573120"><ele>23.6</ele></trkpt><trkpt lat="37.865480" lon="-122.573150"><ele>23.2</ele></trkpt><trkpt lat="37.865340" lon="-122.573130"><ele>23.2</ele></trkpt><trkpt lat="37.865230" lon="-122.573180"><ele>23.2</ele></trkpt><trkpt lat="37.865050" lon="-122.573170"><ele>23.2</ele></trkpt><trkpt lat="37.864990" lon="-122.573180"><ele>23.2</ele></trkpt><trkpt lat="37.864930" lon="-122.573250"><ele>23.2</ele></trkpt><trkpt lat="37.864900" lon="-122.573350"><ele>23.2</ele></trkpt><trkpt lat="37.864850" lon="-122.573360"><ele>23.2</ele></trkpt><trkpt lat="37.864770" lon="-122.573350"><ele>23.2</ele></trkpt><trkpt lat="37.864710" lon="-122.573380"><ele>23.2</ele></trkpt><trkpt lat="37.864620" lon="-122.573380"><ele>23.2</ele></trkpt><trkpt lat="37.864500" lon="-122.573430"><ele>23.1</ele></trkpt><trkpt lat="37.864430" lon="-122.573420"><ele>22.7</ele></trkpt><trkpt lat="37.864340" lon="-122.573360"><ele>22.2</ele></trkpt><trkpt lat="37.864190" lon="-122.573310"><ele>21.3</ele></trkpt><trkpt lat="37.864090" lon="-122.573300"><ele>20.7</ele></trkpt><trkpt lat="37.864050" lon="-122.573240"><ele>20.4</ele></trkpt><trkpt lat="37.863950" lon="-122.573240"><ele>19.7</ele></trkpt><trkpt lat="37.863780" lon="-122.573130"><ele>18.1</ele></trkpt><trkpt lat="37.863690" lon="-122.573060"><ele>17.2</ele></trkpt><trkpt lat="37.863670" lon="-122.573060"><ele>17.0</ele></trkpt><trkpt lat="37.863910" lon="-122.573470"><ele>15.3</ele></trkpt><trkpt lat="37.864210" lon="-122.573740"><ele>14.6</ele></trkpt><trkpt lat="37.864510" lon="-122.574050"><ele>11.9</ele></trkpt><trkpt lat="37.864600" lon="-122.574110"><ele>11.3</ele></trkpt><trkpt lat="37.864620" lon="-122.574190"><ele>11.0</ele></trkpt><trkpt lat="37.864700" lon="-122.574310"><ele>10.5</ele></trkpt><trkpt lat="37.864790" lon="-122.574370"><ele>10.1</ele></trkpt><trkpt lat="37.864830" lon="-122.574480"><ele>9.7</ele></trkpt><trkpt lat="37.864720" lon="-122.574510"><ele>9.3</ele></trkpt><trkpt lat="37.864520" lon="-122.574660"><ele>9.4</ele></trkpt><trkpt lat="37.863550" lon="-122.575230"><ele>15.6</ele></trkpt><trkpt lat="37.863480" lon="-122.575280"><ele>16.7</ele></trkpt><trkpt lat="37.863410" lon="-122.575310"><ele>17.6</ele></trkpt><trkpt lat="37.863450" lon="-122.575330"><ele>18.1</ele></trkpt><trkpt lat="37.863450" lon="-122.575390"><ele>18.7</ele></trkpt><trkpt lat="37.863490" lon="-122.575420"><ele>19.3</ele></trkpt><trkpt lat="37.863480" lon="-122.575440"><ele>19.5</ele></trkpt><trkpt lat="37.863400" lon="-122.575440"><ele>20.6</ele></trkpt><trkpt lat="37.863300" lon="-122.575510"><ele>22.3</ele></trkpt><trkpt lat="37.863320" lon="-122.575590"><ele>23.3</ele></trkpt><trkpt lat="37.863400" lon="-122.575660"><ele>24.7</ele></trkpt><trkpt lat="37.863410" lon="-122.575690"><ele>25.1</ele></trkpt><trkpt lat="37.863360" lon="-122.575720"><ele>25.9</ele></trkpt><trkpt lat="37.863280" lon="-122.575710"><ele>27.1</ele></trkpt><trkpt lat="37.863250" lon="-122.575860"><ele>28.9</ele></trkpt><trkpt lat="37.863280" lon="-122.576040"><ele>30.7</ele></trkpt><trkpt lat="37.863300" lon="-122.576110"><ele>31.4</ele></trkpt><trkpt lat="37.863340" lon="-122.576130"><ele>32.0</ele></trkpt><trkpt lat="37.863340" lon="-122.576220"><ele>32.8</ele></trkpt><trkpt lat="37.863240" lon="-122.576230"><ele>34.1</ele></trkpt><trkpt lat="37.863120" lon="-122.576270"><ele>35.8</ele></trkpt><trkpt lat="37.862980" lon="-122.576380"><ele>38.4</ele></trkpt><trkpt lat="37.862900" lon="-122.576500"><ele>40.4</ele></trkpt><trkpt lat="37.862850" lon="-122.576610"><ele>42.0</ele></trkpt><trkpt lat="37.862800" lon="-122.576850"><ele>44.6</ele></trkpt><trkpt lat="37.862790" lon="-122.577020"><ele>45.9</ele></trkpt><trkpt lat="37.862840" lon="-122.577220"><ele>47.6</ele></trkpt><trkpt lat="37.862930" lon="-122.577390"><ele>49.3</ele></trkpt><trkpt lat="37.863080" lon="-122.577570"><ele>51.7</ele></trkpt><trkpt lat="37.863230" lon="-122.577720"><ele>53.9</ele></trkpt><trkpt lat="37.863490" lon="-122.577920"><ele>55.7</ele></trkpt><trkpt lat="37.863620" lon="-122.578050"><ele>55.9</ele></trkpt><trkpt lat="37.863750" lon="-122.578240"><ele>56.1</ele></trkpt><trkpt lat="37.863910" lon="-122.578600"><ele>56.5</ele></trkpt><trkpt lat="37.863990" lon="-122.578730"><ele>56.6</ele></trkpt><trkpt lat="37.864090" lon="-122.578820"><ele>56.9</ele></trkpt><trkpt lat="37.864320" lon="-122.578960"><ele>58.3</ele></trkpt><trkpt lat="37.864420" lon="-122.579070"><ele>59.1</ele></trkpt><trkpt lat="37.864490" lon="-122.579200"><ele>59.8</ele></trkpt><trkpt lat="37.864530" lon="-122.579350"><ele>61.5</ele></trkpt><trkpt lat="37.864520" lon="-122.579470"><ele>62.8</ele></trkpt><trkpt lat="37.864370" lon="-122.579860"><ele>67.3</ele></trkpt><trkpt lat="37.864320" lon="-122.580020"><ele>68.4</ele></trkpt><trkpt lat="37.864290" lon="-122.580180"><ele>69.4</ele></trkpt><trkpt lat="37.864280" lon="-122.580510"><ele>71.6</ele></trkpt><trkpt lat="37.864310" lon="-122.580750"><ele>73.9</ele></trkpt><trkpt lat="37.864370" lon="-122.580900"><ele>75.5</ele></trkpt><trkpt lat="37.864580" lon="-122.581210"><ele>78.6</ele></trkpt><trkpt lat="37.864820" lon="-122.581690"><ele>81.7</ele></trkpt><trkpt lat="37.865140" lon="-122.582070"><ele>85.6</ele></trkpt><trkpt lat="37.865190" lon="-122.582160"><ele>86.3</ele></trkpt><trkpt lat="37.865210" lon="-122.582270"><ele>86.4</ele></trkpt><trkpt lat="37.865210" lon="-122.582380"><ele>86.5</ele></trkpt><trkpt lat="37.865160" lon="-122.582620"><ele>86.7</ele></trkpt><trkpt lat="37.864870" lon="-122.583350"><ele>93.2</ele></trkpt><trkpt lat="37.864720" lon="-122.583610"><ele>98.3</ele></trkpt><trkpt lat="37.864300" lon="-122.584070"><ele>110.1</ele></trkpt><trkpt lat="37.864180" lon="-122.584250"><ele>114.1</ele></trkpt><trkpt lat="37.864140" lon="-122.584370"><ele>116.2</ele></trkpt><trkpt lat="37.864070" lon="-122.584640"><ele>120.5</ele></trkpt><trkpt lat="37.864040" lon="-122.584880"><ele>124.1</ele></trkpt><trkpt lat="37.864070" lon="-122.585080"><ele>127.0</ele></trkpt><trkpt lat="37.864270" lon="-122.585480"><ele>130.5</ele></trkpt><trkpt lat="37.864300" lon="-122.585580"><ele>131.3</ele></trkpt><trkpt lat="37.864330" lon="-122.585940"><ele>132.8</ele></trkpt><trkpt lat="37.864360" lon="-122.586090"><ele>133.3</ele></trkpt><trkpt lat="37.864500" lon="-122.586520"><ele>134.5</ele></trkpt><trkpt lat="37.864560" lon="-122.586610"><ele>134.7</ele></trkpt><trkpt lat="37.864640" lon="-122.586700"><ele>134.9</ele></trkpt><trkpt lat="37.864830" lon="-122.586800"><ele>135.6</ele></trkpt><trkpt lat="37.865150" lon="-122.586840"><ele>138.2</ele></trkpt><trkpt lat="37.865580" lon="-122.586990"><ele>139.7</ele></trkpt><trkpt lat="37.866230" lon="-122.587280"><ele>141.7</ele></trkpt><trkpt lat="37.867470" lon="-122.587570"><ele>138.0</ele></trkpt><trkpt lat="37.867780" lon="-122.587700"><ele>136.7</ele></trkpt><trkpt lat="37.867890" lon="-122.587820"><ele>136.1</ele></trkpt><trkpt lat="37.868060" lon="-122.588370"><ele>133.5</ele></trkpt><trkpt lat="37.868180" lon="-122.588580"><ele>133.0</ele></trkpt><trkpt lat="37.869460" lon="-122.589560"><ele>136.7</ele></trkpt><trkpt lat="37.869550" lon="-122.589520"><ele>137.0</ele></trkpt><trkpt lat="37.869610" lon="-122.589520"><ele>137.1</ele></trkpt><trkpt lat="37.869690" lon="-122.589550"><ele>137.3</ele></trkpt><trkpt lat="37.870150" lon="-122.589820"><ele>138.9</ele></trkpt><trkpt lat="37.871100" lon="-122.590260"><ele>143.8</ele></trkpt><trkpt lat="37.871480" lon="-122.590480"><ele>146.2</ele></trkpt><trkpt lat="37.872430" lon="-122.590730"><ele>150.5</ele></trkpt><trkpt lat="37.872880" lon="-122.590790"><ele>152.7</ele></trkpt><trkpt lat="37.873260" lon="-122.590790"><ele>155.3</ele></trkpt><trkpt lat="37.873440" lon="-122.591020"><ele>157.6</ele></trkpt><trkpt lat="37.873690" lon="-122.591220"><ele>159.9</ele></trkpt><trkpt lat="37.874510" lon="-122.591600"><ele>166.0</ele></trkpt><trkpt lat="37.874730" lon="-122.591660"><ele>168.4</ele></trkpt><trkpt lat="37.874970" lon="-122.591810"><ele>171.6</ele></trkpt><trkpt lat="37.875090" lon="-122.591920"><ele>173.3</ele></trkpt><trkpt lat="37.875320" lon="-122.592070"><ele>175.9</ele></trkpt><trkpt lat="37.875600" lon="-122.592200"><ele>179.3</ele></trkpt><trkpt lat="37.875600" lon="-122.592200"><ele>179.3</ele></trkpt><trkpt lat="37.876000" lon="-122.592450"><ele>186.2</ele></trkpt><trkpt lat="37.876280" lon="-122.592680"><ele>190.7</ele></trkpt><trkpt lat="37.876500" lon="-122.592920"><ele>194.5</ele></trkpt><trkpt lat="37.876630" lon="-122.593140"><ele>197.3</ele></trkpt><trkpt lat="37.876770" lon="-122.593490"><ele>201.2</ele></trkpt><trkpt lat="37.876800" lon="-122.593470"><ele>201.5</ele></trkpt><trkpt lat="37.876790" lon="-122.593340"><ele>202.4</ele></trkpt><trkpt lat="37.876840" lon="-122.593210"><ele>203.4</ele></trkpt><trkpt lat="37.876920" lon="-122.592870"><ele>206.1</ele></trkpt><trkpt lat="37.876990" lon="-122.592700"><ele>208.9</ele></trkpt><trkpt lat="37.877060" lon="-122.592650"><ele>210.4</ele></trkpt><trkpt lat="37.877130" lon="-122.592670"><ele>211.8</ele></trkpt><trkpt lat="37.877220" lon="-122.592750"><ele>213.8</ele></trkpt><trkpt lat="37.877290" lon="-122.592790"><ele>215.3</ele></trkpt><trkpt lat="37.877410" lon="-122.592770"><ele>215.8</ele></trkpt><trkpt lat="37.877470" lon="-122.592780"><ele>215.8</ele></trkpt><trkpt lat="37.877530" lon="-122.592830"><ele>215.8</ele></trkpt><trkpt lat="37.877560" lon="-122.592930"><ele>215.8</ele></trkpt><trkpt lat="37.877560" lon="-122.593050"><ele>215.8</ele></trkpt><trkpt lat="37.877540" lon="-122.593160"><ele>215.8</ele></trkpt><trkpt lat="37.877550" lon="-122.593260"><ele>216.2</ele></trkpt><trkpt lat="37.877590" lon="-122.593320"><ele>216.7</ele></trkpt><trkpt lat="37.877690" lon="-122.593360"><ele>217.8</ele></trkpt><trkpt lat="37.878390" lon="-122.593340"><ele>224.0</ele></trkpt><trkpt lat="37.878610" lon="-122.593280"><ele>225.8</ele></trkpt><trkpt lat="37.878700" lon="-122.593290"><ele>226.3</ele></trkpt><trkpt lat="37.878750" lon="-122.593350"><ele>226.8</ele></trkpt><trkpt lat="37.878780" lon="-122.593420"><ele>227.2</ele></trkpt><trkpt lat="37.878840" lon="-122.593510"><ele>227.8</ele></trkpt><trkpt lat="37.879000" lon="-122.593590"><ele>228.8</ele></trkpt><trkpt lat="37.879100" lon="-122.593580"><ele>228.7</ele></trkpt><trkpt lat="37.879280" lon="-122.593510"><ele>228.3</ele></trkpt><trkpt lat="37.879350" lon="-122.593540"><ele>228.1</ele></trkpt><trkpt lat="37.879560" lon="-122.593750"><ele>228.5</ele></trkpt><trkpt lat="37.879690" lon="-122.593780"><ele>229.9</ele></trkpt><trkpt lat="37.879840" lon="-122.593750"><ele>231.5</ele></trkpt><trkpt lat="37.880010" lon="-122.593700"><ele>233.3</ele></trkpt><trkpt lat="37.880210" lon="-122.593690"><ele>234.2</ele></trkpt><trkpt lat="37.880530" lon="-122.593580"><ele>235.5</ele></trkpt><trkpt lat="37.880710" lon="-122.593570"><ele>236.4</ele></trkpt><trkpt lat="37.880780" lon="-122.593520"><ele>236.8</ele></trkpt><trkpt lat="37.880930" lon="-122.593330"><ele>237.9</ele></trkpt><trkpt lat="37.880980" lon="-122.593330"><ele>238.2</ele></trkpt><trkpt lat="37.881020" lon="-122.593380"><ele>238.5</ele></trkpt><trkpt lat="37.881040" lon="-122.593440"><ele>239.0</ele></trkpt><trkpt lat="37.880960" lon="-122.593600"><ele>240.5</ele></trkpt><trkpt lat="37.880960" lon="-122.593710"><ele>241.3</ele></trkpt><trkpt lat="37.880980" lon="-122.593840"><ele>242.3</ele></trkpt><trkpt lat="37.881030" lon="-122.593950"><ele>243.3</ele></trkpt><trkpt lat="37.881080" lon="-122.593980"><ele>244.0</ele></trkpt><trkpt lat="37.881120" lon="-122.593990"><ele>244.7</ele></trkpt><trkpt lat="37.881140" lon="-122.593950"><ele>245.3</ele></trkpt><trkpt lat="37.881100" lon="-122.593800"><ele>247.4</ele></trkpt><trkpt lat="37.881140" lon="-122.593720"><ele>248.7</ele></trkpt><trkpt lat="37.881250" lon="-122.593630"><ele>250.8</ele></trkpt><trkpt lat="37.881400" lon="-122.593560"><ele>253.3</ele></trkpt><trkpt lat="37.881500" lon="-122.593420"><ele>255.0</ele></trkpt><trkpt lat="37.881560" lon="-122.593270"><ele>256.6</ele></trkpt><trkpt lat="37.881580" lon="-122.592990"><ele>259.3</ele></trkpt><trkpt lat="37.881670" lon="-122.592730"><ele>262.5</ele></trkpt><trkpt lat="37.881770" lon="-122.592650"><ele>264.2</ele></trkpt><trkpt lat="37.881880" lon="-122.592590"><ele>265.9</ele></trkpt><trkpt lat="37.881990" lon="-122.592570"><ele>267.4</ele></trkpt><trkpt lat="37.882520" lon="-122.592640"><ele>274.1</ele></trkpt><trkpt lat="37.882770" lon="-122.592580"><ele>276.5</ele></trkpt><trkpt lat="37.882930" lon="-122.592600"><ele>278.0</ele></trkpt><trkpt lat="37.882990" lon="-122.592570"><ele>278.6</ele></trkpt><trkpt lat="37.883050" lon="-122.592480"><ele>279.0</ele></trkpt><trkpt lat="37.883120" lon="-122.592320"><ele>279.4</ele></trkpt><trkpt lat="37.883130" lon="-122.592130"><ele>279.7</ele></trkpt><trkpt lat="37.883120" lon="-122.591950"><ele>280.0</ele></trkpt><trkpt lat="37.883160" lon="-122.591820"><ele>280.5</ele></trkpt><trkpt lat="37.883340" lon="-122.591690"><ele>281.6</ele></trkpt><trkpt lat="37.883440" lon="-122.591690"><ele>282.1</ele></trkpt><trkpt lat="37.883510" lon="-122.591730"><ele>282.5</ele></trkpt><trkpt lat="37.883780" lon="-122.592170"><ele>284.1</ele></trkpt><trkpt lat="37.883870" lon="-122.592420"><ele>284.7</ele></trkpt><trkpt lat="37.883940" lon="-122.592570"><ele>284.6</ele></trkpt><trkpt lat="37.884040" lon="-122.592670"><ele>284.5</ele></trkpt><trkpt lat="37.884180" lon="-122.592780"><ele>284.4</ele></trkpt><trkpt lat="37.884430" lon="-122.592950"><ele>283.7</ele></trkpt><trkpt lat="37.884560" lon="-122.593000"><ele>283.2</ele></trkpt><trkpt lat="37.884670" lon="-122.593120"><ele>282.7</ele></trkpt><trkpt lat="37.884790" lon="-122.593580"><ele>283.1</ele></trkpt><trkpt lat="37.884870" lon="-122.593660"><ele>283.3</ele></trkpt><trkpt lat="37.884960" lon="-122.593690"><ele>283.5</ele></trkpt><trkpt lat="37.885150" lon="-122.593620"><ele>283.3</ele></trkpt><trkpt lat="37.885260" lon="-122.593620"><ele>283.1</ele></trkpt><trkpt lat="37.885430" lon="-122.593590"><ele>282.9</ele></trkpt><trkpt lat="37.885520" lon="-122.593620"><ele>282.9</ele></trkpt><trkpt lat="37.885600" lon="-122.593670"><ele>283.1</ele></trkpt><trkpt lat="37.885720" lon="-122.593700"><ele>283.5</ele></trkpt><trkpt lat="37.885810" lon="-122.593800"><ele>283.8</ele></trkpt><trkpt lat="37.885890" lon="-122.593840"><ele>284.1</ele></trkpt><trkpt lat="37.886010" lon="-122.593830"><ele>284.5</ele></trkpt><trkpt lat="37.886090" lon="-122.593790"><ele>285.1</ele></trkpt><trkpt lat="37.886170" lon="-122.593700"><ele>285.9</ele></trkpt><trkpt lat="37.886390" lon="-122.593590"><ele>287.6</ele></trkpt><trkpt lat="37.886490" lon="-122.593580"><ele>288.4</ele></trkpt><trkpt lat="37.886620" lon="-122.593650"><ele>289.7</ele></trkpt><trkpt lat="37.886740" lon="-122.593650"><ele>290.8</ele></trkpt><trkpt lat="37.886970" lon="-122.593500"><ele>293.2</ele></trkpt><trkpt lat="37.887100" lon="-122.593460"><ele>294.4</ele></trkpt><trkpt lat="37.887330" lon="-122.593450"><ele>296.4</ele></trkpt><trkpt lat="37.887450" lon="-122.593520"><ele>297.5</ele></trkpt><trkpt lat="37.887530" lon="-122.593590"><ele>298.4</ele></trkpt><trkpt lat="37.887600" lon="-122.593700"><ele>299.8</ele></trkpt><trkpt lat="37.887630" lon="-122.593830"><ele>301.1</ele></trkpt><trkpt lat="37.887690" lon="-122.593940"><ele>302.5</ele></trkpt><trkpt lat="37.888090" lon="-122.594260"><ele>306.7</ele></trkpt><trkpt lat="37.888150" lon="-122.594390"><ele>307.6</ele></trkpt><trkpt lat="37.888170" lon="-122.594500"><ele>308.2</ele></trkpt><trkpt lat="37.888190" lon="-122.594570"><ele>308.6</ele></trkpt><trkpt lat="37.888260" lon="-122.594610"><ele>309.6</ele></trkpt><trkpt lat="37.888360" lon="-122.594610"><ele>310.8</ele></trkpt><trkpt lat="37.888460" lon="-122.594570"><ele>312.1</ele></trkpt><trkpt lat="37.888560" lon="-122.594500"><ele>313.4</ele></trkpt><trkpt lat="37.888750" lon="-122.594520"><ele>315.7</ele></trkpt><trkpt lat="37.888890" lon="-122.594580"><ele>317.4</ele></trkpt><trkpt lat="37.888950" lon="-122.594660"><ele>318.4</ele></trkpt><trkpt lat="37.889080" lon="-122.594750"><ele>320.1</ele></trkpt><trkpt lat="37.889580" lon="-122.594910"><ele>323.8</ele></trkpt><trkpt lat="37.889620" lon="-122.594950"><ele>324.1</ele></trkpt><trkpt lat="37.889600" lon="-122.595000"><ele>324.4</ele></trkpt><trkpt lat="37.889180" lon="-122.595090"><ele>325.3</ele></trkpt><trkpt lat="37.889110" lon="-122.595160"><ele>325.4</ele></trkpt><trkpt lat="37.889040" lon="-122.595200"><ele>325.6</ele></trkpt><trkpt lat="37.888820" lon="-122.595240"><ele>327.7</ele></trkpt><trkpt lat="37.888640" lon="-122.595450"><ele>330.1</ele></trkpt><trkpt lat="37.888540" lon="-122.595590"><ele>331.5</ele></trkpt><trkpt lat="37.888470" lon="-122.595640"><ele>332.3</ele></trkpt><trkpt lat="37.888250" lon="-122.595650"><ele>334.4</ele></trkpt><trkpt lat="37.888200" lon="-122.595700"><ele>335.0</ele></trkpt><trkpt lat="37.888210" lon="-122.595800"><ele>335.8</ele></trkpt><trkpt lat="37.888370" lon="-122.596320"><ele>337.4</ele></trkpt><trkpt lat="37.888420" lon="-122.596970"><ele>340.5</ele></trkpt><trkpt lat="37.888380" lon="-122.597300"><ele>342.4</ele></trkpt><trkpt lat="37.888300" lon="-122.597560"><ele>344.1</ele></trkpt><trkpt lat="37.888280" lon="-122.597820"><ele>345.7</ele></trkpt><trkpt lat="37.888290" lon="-122.597970"><ele>346.0</ele></trkpt><trkpt lat="37.888390" lon="-122.598210"><ele>346.4</ele></trkpt><trkpt lat="37.888450" lon="-122.598280"><ele>346.6</ele></trkpt><trkpt lat="37.888560" lon="-122.598310"><ele>346.9</ele></trkpt><trkpt lat="37.888720" lon="-122.598300"><ele>346.6</ele></trkpt><trkpt lat="37.888960" lon="-122.598340"><ele>346.2</ele></trkpt><trkpt lat="37.889200" lon="-122.598280"><ele>346.6</ele></trkpt><trkpt lat="37.889510" lon="-122.598280"><ele>348.5</ele></trkpt><trkpt lat="37.889950" lon="-122.598360"><ele>351.6</ele></trkpt><trkpt lat="37.890500" lon="-122.598340"><ele>355.3</ele></trkpt><trkpt lat="37.890740" lon="-122.598400"><ele>356.9</ele></trkpt><trkpt lat="37.890910" lon="-122.598480"><ele>358.2</ele></trkpt><trkpt lat="37.891160" lon="-122.598470"><ele>360.0</ele></trkpt><trkpt lat="37.891300" lon="-122.598510"><ele>361.1</ele></trkpt><trkpt lat="37.891370" lon="-122.598510"><ele>361.7</ele></trkpt><trkpt lat="37.891430" lon="-122.598470"><ele>362.2</ele></trkpt><trkpt lat="37.891460" lon="-122.598380"><ele>362.9</ele></trkpt><trkpt lat="37.891420" lon="-122.598160"><ele>364.4</ele></trkpt><trkpt lat="37.891430" lon="-122.598070"><ele>365.0</ele></trkpt><trkpt lat="37.891480" lon="-122.598000"><ele>365.9</ele></trkpt><trkpt lat="37.891540" lon="-122.597970"><ele>366.6</ele></trkpt><trkpt lat="37.891720" lon="-122.598030"><ele>368.8</ele></trkpt><trkpt lat="37.891880" lon="-122.598120"><ele>370.9</ele></trkpt><trkpt lat="37.892330" lon="-122.598590"><ele>375.1</ele></trkpt><trkpt lat="37.892420" lon="-122.598670"><ele>376.0</ele></trkpt><trkpt lat="37.892560" lon="-122.598720"><ele>377.3</ele></trkpt><trkpt lat="37.892660" lon="-122.598680"><ele>378.3</ele></trkpt><trkpt lat="37.892720" lon="-122.598620"><ele>379.0</ele></trkpt><trkpt lat="37.892900" lon="-122.598280"><ele>381.6</ele></trkpt><trkpt lat="37.892950" lon="-122.598220"><ele>382.1</ele></trkpt><trkpt lat="37.892990" lon="-122.598210"><ele>382.4</ele></trkpt><trkpt lat="37.893090" lon="-122.598260"><ele>383.2</ele></trkpt><trkpt lat="37.893280" lon="-122.598460"><ele>384.2</ele></trkpt><trkpt lat="37.893380" lon="-122.598510"><ele>384.3</ele></trkpt><trkpt lat="37.893520" lon="-122.598460"><ele>384.5</ele></trkpt><trkpt lat="37.893710" lon="-122.598330"><ele>384.8</ele></trkpt><trkpt lat="37.893780" lon="-122.598300"><ele>385.0</ele></trkpt><trkpt lat="37.893810" lon="-122.598310"><ele>385.1</ele></trkpt><trkpt lat="37.893870" lon="-122.598360"><ele>385.3</ele></trkpt><trkpt lat="37.893930" lon="-122.598580"><ele>385.8</ele></trkpt><trkpt lat="37.894000" lon="-122.598680"><ele>386.1</ele></trkpt><trkpt lat="37.894050" lon="-122.598700"><ele>386.2</ele></trkpt><trkpt lat="37.894130" lon="-122.598740"><ele>386.3</ele></trkpt><trkpt lat="37.894280" lon="-122.598750"><ele>386.5</ele></trkpt><trkpt lat="37.894340" lon="-122.598790"><ele>386.6</ele></trkpt><trkpt lat="37.894360" lon="-122.598830"><ele>386.6</ele></trkpt><trkpt lat="37.894360" lon="-122.598920"><ele>386.7</ele></trkpt><trkpt lat="37.894300" lon="-122.599140"><ele>386.9</ele></trkpt><trkpt lat="37.894330" lon="-122.599220"><ele>387.1</ele></trkpt><trkpt lat="37.894390" lon="-122.599270"><ele>387.2</ele></trkpt><trkpt lat="37.894660" lon="-122.599400"><ele>387.7</ele></trkpt><trkpt lat="37.894850" lon="-122.599550"><ele>389.2</ele></trkpt><trkpt lat="37.895090" lon="-122.599830"><ele>391.5</ele></trkpt><trkpt lat="37.895380" lon="-122.600090"><ele>393.5</ele></trkpt><trkpt lat="37.895490" lon="-122.600220"><ele>394.4</ele></trkpt><trkpt lat="37.895670" lon="-122.600320"><ele>396.1</ele></trkpt><trkpt lat="37.895940" lon="-122.600400"><ele>398.7</ele></trkpt><trkpt lat="37.896050" lon="-122.600460"><ele>399.9</ele></trkpt><trkpt lat="37.896140" lon="-122.600560"><ele>401.3</ele></trkpt><trkpt lat="37.896340" lon="-122.600910"><ele>405.1</ele></trkpt><trkpt lat="37.896460" lon="-122.601040"><ele>407.5</ele></trkpt><trkpt lat="37.896640" lon="-122.601180"><ele>411.5</ele></trkpt><trkpt lat="37.896920" lon="-122.601430"><ele>418.2</ele></trkpt><trkpt lat="37.897010" lon="-122.601470"><ele>420.2</ele></trkpt><trkpt lat="37.897110" lon="-122.601480"><ele>422.4</ele></trkpt><trkpt lat="37.897360" lon="-122.601390"><ele>428.0</ele></trkpt><trkpt lat="37.897560" lon="-122.601590"><ele>434.3</ele></trkpt><trkpt lat="37.897630" lon="-122.601740"><ele>437.8</ele></trkpt><trkpt lat="37.897660" lon="-122.601880"><ele>440.6</ele></trkpt><trkpt lat="37.897650" lon="-122.602340"><ele>448.4</ele></trkpt><trkpt lat="37.897670" lon="-122.602430"><ele>450.0</ele></trkpt><trkpt lat="37.897750" lon="-122.602680"><ele>454.4</ele></trkpt><trkpt lat="37.897820" lon="-122.602780"><ele>456.6</ele></trkpt><trkpt lat="37.897940" lon="-122.602880"><ele>459.5</ele></trkpt><trkpt lat="37.898210" lon="-122.603020"><ele>464.4</ele></trkpt><trkpt lat="37.898300" lon="-122.603100"><ele>465.1</ele></trkpt><trkpt lat="37.898360" lon="-122.603220"><ele>465.8</ele></trkpt><trkpt lat="37.898420" lon="-122.603480"><ele>467.1</ele></trkpt><trkpt lat="37.898470" lon="-122.603600"><ele>467.2</ele></trkpt><trkpt lat="37.898690" lon="-122.603910"><ele>467.0</ele></trkpt><trkpt lat="37.898780" lon="-122.604060"><ele>467.0</ele></trkpt><trkpt lat="37.898860" lon="-122.604150"><ele>467.3</ele></trkpt><trkpt lat="37.898960" lon="-122.604200"><ele>467.6</ele></trkpt><trkpt lat="37.899030" lon="-122.604200"><ele>467.8</ele></trkpt><trkpt lat="37.899420" lon="-122.604080"><ele>467.5</ele></trkpt><trkpt lat="37.899600" lon="-122.604060"><ele>466.4</ele></trkpt><trkpt lat="37.899710" lon="-122.604070"><ele>465.7</ele></trkpt><trkpt lat="37.899980" lon="-122.604190"><ele>463.8</ele></trkpt><trkpt lat="37.900160" lon="-122.604240"><ele>462.5</ele></trkpt><trkpt lat="37.900410" lon="-122.604280"><ele>461.1</ele></trkpt><trkpt lat="37.900660" lon="-122.604210"><ele>460.1</ele></trkpt><trkpt lat="37.900910" lon="-122.604040"><ele>459.1</ele></trkpt><trkpt lat="37.901020" lon="-122.604010"><ele>458.9</ele></trkpt><trkpt lat="37.901160" lon="-122.604040"><ele>458.6</ele></trkpt><trkpt lat="37.901440" lon="-122.604240"><ele>457.5</ele></trkpt><trkpt lat="37.901580" lon="-122.604280"><ele>456.8</ele></trkpt><trkpt lat="37.901900" lon="-122.604200"><ele>455.5</ele></trkpt><trkpt lat="37.902160" lon="-122.604180"><ele>456.4</ele></trkpt><trkpt lat="37.902440" lon="-122.604120"><ele>457.2</ele></trkpt><trkpt lat="37.902930" lon="-122.604090"><ele>456.9</ele></trkpt><trkpt lat="37.903640" lon="-122.603980"><ele>459.3</ele></trkpt><trkpt lat="37.903990" lon="-122.603980"><ele>459.3</ele></trkpt><trkpt lat="37.904160" lon="-122.604050"><ele>476.0</ele></trkpt><trkpt lat="37.904340" lon="-122.604060"><ele>474.7</ele></trkpt><trkpt lat="37.904200" lon="-122.604320"><ele>473.9</ele></trkpt><trkpt lat="37.903910" lon="-122.604650"><ele>476.7</ele></trkpt><trkpt lat="37.903840" lon="-122.604730"><ele>477.3</ele></trkpt><trkpt lat="37.903790" lon="-122.604820"><ele>478.1</ele></trkpt><trkpt lat="37.903780" lon="-122.604940"><ele>479.0</ele></trkpt><trkpt lat="37.903810" lon="-122.605060"><ele>479.9</ele></trkpt><trkpt lat="37.903880" lon="-122.605160"><ele>480.9</ele></trkpt><trkpt lat="37.904390" lon="-122.605790"><ele>481.5</ele></trkpt><trkpt lat="37.904540" lon="-122.605910"><ele>484.9</ele></trkpt><trkpt lat="37.904760" lon="-122.605990"><ele>489.3</ele></trkpt><trkpt lat="37.904830" lon="-122.606040"><ele>490.9</ele></trkpt><trkpt lat="37.904880" lon="-122.606100"><ele>491.7</ele></trkpt><trkpt lat="37.904910" lon="-122.606180"><ele>492.4</ele></trkpt><trkpt lat="37.904930" lon="-122.606580"><ele>495.2</ele></trkpt><trkpt lat="37.904940" lon="-122.606660"><ele>495.7</ele></trkpt><trkpt lat="37.905020" lon="-122.606770"><ele>496.7</ele></trkpt><trkpt lat="37.905210" lon="-122.606860"><ele>498.3</ele></trkpt><trkpt lat="37.905330" lon="-122.606950"><ele>499.4</ele></trkpt><trkpt lat="37.905370" lon="-122.607020"><ele>500.0</ele></trkpt><trkpt lat="37.905400" lon="-122.607100"><ele>500.5</ele></trkpt><trkpt lat="37.905410" lon="-122.607460"><ele>503.0</ele></trkpt><trkpt lat="37.905430" lon="-122.607540"><ele>503.5</ele></trkpt><trkpt lat="37.905470" lon="-122.607640"><ele>504.3</ele></trkpt><trkpt lat="37.905580" lon="-122.607750"><ele>505.6</ele></trkpt><trkpt lat="37.905710" lon="-122.607810"><ele>507.1</ele></trkpt><trkpt lat="37.906290" lon="-122.607880"><ele>510.9</ele></trkpt><trkpt lat="37.906410" lon="-122.607940"><ele>510.8</ele></trkpt><trkpt lat="37.906490" lon="-122.608030"><ele>510.6</ele></trkpt><trkpt lat="37.906560" lon="-122.608190"><ele>511.3</ele></trkpt><trkpt lat="37.906570" lon="-122.608280"><ele>512.1</ele></trkpt><trkpt lat="37.906550" lon="-122.608370"><ele>513.0</ele></trkpt><trkpt lat="37.906520" lon="-122.608440"><ele>513.8</ele></trkpt><trkpt lat="37.906320" lon="-122.608700"><ele>517.1</ele></trkpt><trkpt lat="37.906270" lon="-122.608800"><ele>517.6</ele></trkpt><trkpt lat="37.906240" lon="-122.609010"><ele>518.5</ele></trkpt><trkpt lat="37.906270" lon="-122.609190"><ele>519.4</ele></trkpt><trkpt lat="37.906500" lon="-122.609600"><ele>521.7</ele></trkpt><trkpt lat="37.906570" lon="-122.609820"><ele>522.9</ele></trkpt><trkpt lat="37.906650" lon="-122.610170"><ele>524.2</ele></trkpt><trkpt lat="37.906700" lon="-122.610290"><ele>524.6</ele></trkpt><trkpt lat="37.906750" lon="-122.610360"><ele>524.9</ele></trkpt><trkpt lat="37.906870" lon="-122.610470"><ele>525.6</ele></trkpt><trkpt lat="37.906970" lon="-122.610530"><ele>527.3</ele></trkpt><trkpt lat="37.907110" lon="-122.610570"><ele>529.5</ele></trkpt><trkpt lat="37.907240" lon="-122.610670"><ele>531.8</ele></trkpt><trkpt lat="37.907300" lon="-122.610810"><ele>533.7</ele></trkpt><trkpt lat="37.907440" lon="-122.611290"><ele>540.0</ele></trkpt><trkpt lat="37.907470" lon="-122.611400"><ele>541.4</ele></trkpt><trkpt lat="37.907460" lon="-122.611490"><ele>542.3</ele></trkpt><trkpt lat="37.907420" lon="-122.611580"><ele>542.4</ele></trkpt><trkpt lat="37.907260" lon="-122.611860"><ele>542.9</ele></trkpt><trkpt lat="37.907020" lon="-122.612360"><ele>547.2</ele></trkpt><trkpt lat="37.906910" lon="-122.612500"><ele>549.4</ele></trkpt><trkpt lat="37.906580" lon="-122.612760"><ele>552.6</ele></trkpt><trkpt lat="37.906570" lon="-122.612850"><ele>553.0</ele></trkpt><trkpt lat="37.906580" lon="-122.612920"><ele>553.4</ele></trkpt><trkpt lat="37.906620" lon="-122.613000"><ele>553.9</ele></trkpt><trkpt lat="37.906800" lon="-122.613260"><ele>554.7</ele></trkpt><trkpt lat="37.906860" lon="-122.613390"><ele>554.9</ele></trkpt><trkpt lat="37.906860" lon="-122.613490"><ele>555.1</ele></trkpt><trkpt lat="37.906810" lon="-122.613620"><ele>555.4</ele></trkpt><trkpt lat="37.906730" lon="-122.613680"><ele>555.5</ele></trkpt><trkpt lat="37.906630" lon="-122.613710"><ele>555.7</ele></trkpt><trkpt lat="37.905600" lon="-122.613680"><ele>559.8</ele></trkpt><trkpt lat="37.905130" lon="-122.613730"><ele>557.4</ele></trkpt><trkpt lat="37.904920" lon="-122.613700"><ele>555.6</ele></trkpt><trkpt lat="37.904660" lon="-122.613610"><ele>553.5</ele></trkpt><trkpt lat="37.904600" lon="-122.613620"><ele>553.3</ele></trkpt><trkpt lat="37.904540" lon="-122.613650"><ele>553.0</ele></trkpt><trkpt lat="37.904500" lon="-122.613710"><ele>552.8</ele></trkpt><trkpt lat="37.904480" lon="-122.613780"><ele>552.6</ele></trkpt><trkpt lat="37.904460" lon="-122.613890"><ele>552.3</ele></trkpt><trkpt lat="37.904470" lon="-122.614140"><ele>551.7</ele></trkpt><trkpt lat="37.904500" lon="-122.614210"><ele>551.9</ele></trkpt><trkpt lat="37.904550" lon="-122.614250"><ele>552.1</ele></trkpt><trkpt lat="37.904630" lon="-122.614300"><ele>552.5</ele></trkpt><trkpt lat="37.905020" lon="-122.614360"><ele>553.9</ele></trkpt><trkpt lat="37.905150" lon="-122.614400"><ele>554.6</ele></trkpt><trkpt lat="37.905250" lon="-122.614450"><ele>555.1</ele></trkpt><trkpt lat="37.905520" lon="-122.614670"><ele>556.2</ele></trkpt><trkpt lat="37.905690" lon="-122.614780"><ele>556.1</ele></trkpt><trkpt lat="37.905830" lon="-122.614820"><ele>556.0</ele></trkpt><trkpt lat="37.906030" lon="-122.614850"><ele>557.3</ele></trkpt><trkpt lat="37.906290" lon="-122.614860"><ele>561.2</ele></trkpt><trkpt lat="37.906030" lon="-122.614850"><ele>564.9</ele></trkpt><trkpt lat="37.905830" lon="-122.614820"><ele>567.1</ele></trkpt><trkpt lat="37.905690" lon="-122.614780"><ele>568.6</ele></trkpt><trkpt lat="37.905830" lon="-122.614820"><ele>570.1</ele></trkpt><trkpt lat="37.906030" lon="-122.614850"><ele>570.9</ele></trkpt><trkpt lat="37.907120" lon="-122.614870"><ele>578.8</ele></trkpt><trkpt lat="37.907210" lon="-122.614850"><ele>580.4</ele></trkpt><trkpt lat="37.907280" lon="-122.614800"><ele>581.8</ele></trkpt><trkpt lat="37.907340" lon="-122.614710"><ele>583.3</ele></trkpt><trkpt lat="37.907590" lon="-122.614280"><ele>588.7</ele></trkpt><trkpt lat="37.907680" lon="-122.614170"><ele>590.3</ele></trkpt><trkpt lat="37.907770" lon="-122.614110"><ele>591.2</ele></trkpt><trkpt lat="37.907870" lon="-122.614100"><ele>591.8</ele></trkpt><trkpt lat="37.907940" lon="-122.614110"><ele>592.2</ele></trkpt><trkpt lat="37.908110" lon="-122.614240"><ele>593.3</ele></trkpt><trkpt lat="37.908180" lon="-122.614270"><ele>593.7</ele></trkpt><trkpt lat="37.908260" lon="-122.614260"><ele>594.3</ele></trkpt><trkpt lat="37.908340" lon="-122.614210"><ele>595.2</ele></trkpt><trkpt lat="37.908400" lon="-122.614160"><ele>595.9</ele></trkpt><trkpt lat="37.908580" lon="-122.613900"><ele>598.5</ele></trkpt><trkpt lat="37.908640" lon="-122.613760"><ele>599.7</ele></trkpt><trkpt lat="37.908750" lon="-122.613440"><ele>602.2</ele></trkpt><trkpt lat="37.908830" lon="-122.613350"><ele>603.2</ele></trkpt><trkpt lat="37.908900" lon="-122.613300"><ele>603.9</ele></trkpt><trkpt lat="37.909040" lon="-122.613240"><ele>604.5</ele></trkpt><trkpt lat="37.909100" lon="-122.613190"><ele>604.8</ele></trkpt><trkpt lat="37.909140" lon="-122.613130"><ele>605.0</ele></trkpt><trkpt lat="37.909190" lon="-122.612960"><ele>605.4</ele></trkpt><trkpt lat="37.909260" lon="-122.612840"><ele>605.8</ele></trkpt><trkpt lat="37.909330" lon="-122.612750"><ele>606.1</ele></trkpt><trkpt lat="37.909420" lon="-122.612680"><ele>606.3</ele></trkpt><trkpt lat="37.909510" lon="-122.612640"><ele>606.5</ele></trkpt><trkpt lat="37.909620" lon="-122.612620"><ele>606.8</ele></trkpt><trkpt lat="37.909890" lon="-122.612680"><ele>607.4</ele></trkpt><trkpt lat="37.910180" lon="-122.612690"><ele>608.1</ele></trkpt><trkpt lat="37.910320" lon="-122.612670"><ele>608.3</ele></trkpt><trkpt lat="37.910450" lon="-122.612570"><ele>607.4</ele></trkpt><trkpt lat="37.910530" lon="-122.612870"><ele>605.9</ele></trkpt><trkpt lat="37.910520" lon="-122.613190"><ele>604.3</ele></trkpt><trkpt lat="37.910470" lon="-122.613460"><ele>603.0</ele></trkpt><trkpt lat="37.910360" lon="-122.613730"><ele>601.5</ele></trkpt><trkpt lat="37.910110" lon="-122.614240"><ele>599.4</ele></trkpt><trkpt lat="37.909740" lon="-122.614840"><ele>598.7</ele></trkpt><trkpt lat="37.909430" lon="-122.615280"><ele>599.2</ele></trkpt><trkpt lat="37.909090" lon="-122.615900"><ele>604.2</ele></trkpt><trkpt lat="37.909040" lon="-122.616140"><ele>606.3</ele></trkpt><trkpt lat="37.909050" lon="-122.616390"><ele>608.5</ele></trkpt><trkpt lat="37.909130" lon="-122.616880"><ele>612.7</ele></trkpt><trkpt lat="37.909270" lon="-122.617440"><ele>617.0</ele></trkpt><trkpt lat="37.909290" lon="-122.617780"><ele>619.0</ele></trkpt><trkpt lat="37.909260" lon="-122.618110"><ele>620.8</ele></trkpt><trkpt lat="37.909150" lon="-122.618700"><ele>623.4</ele></trkpt><trkpt lat="37.909170" lon="-122.618990"><ele>623.7</ele></trkpt><trkpt lat="37.909230" lon="-122.619300"><ele>624.1</ele></trkpt><trkpt lat="37.909340" lon="-122.619570"><ele>624.6</ele></trkpt><trkpt lat="37.909540" lon="-122.619870"><ele>625.2</ele></trkpt><trkpt lat="37.909710" lon="-122.620050"><ele>625.3</ele></trkpt><trkpt lat="37.909830" lon="-122.620130"><ele>625.4</ele></trkpt><trkpt lat="37.910220" lon="-122.620290"><ele>624.0</ele></trkpt><trkpt lat="37.910400" lon="-122.620450"><ele>622.8</ele></trkpt><trkpt lat="37.910500" lon="-122.620600"><ele>622.1</ele></trkpt><trkpt lat="37.910600" lon="-122.620820"><ele>621.2</ele></trkpt><trkpt lat="37.910820" lon="-122.621590"><ele>619.1</ele></trkpt><trkpt lat="37.910900" lon="-122.622200"><ele>616.8</ele></trkpt><trkpt lat="37.910880" lon="-122.622570"><ele>615.2</ele></trkpt><trkpt lat="37.910880" lon="-122.623710"><ele>609.6</ele></trkpt><trkpt lat="37.910920" lon="-122.623910"><ele>608.6</ele></trkpt><trkpt lat="37.911000" lon="-122.624120"><ele>607.4</ele></trkpt><trkpt lat="37.911100" lon="-122.624470"><ele>605.4</ele></trkpt><trkpt lat="37.911150" lon="-122.624910"><ele>602.2</ele></trkpt><trkpt lat="37.911210" lon="-122.625180"><ele>600.7</ele></trkpt><trkpt lat="37.911300" lon="-122.625360"><ele>599.9</ele></trkpt><trkpt lat="37.911450" lon="-122.625580"><ele>598.9</ele></trkpt><trkpt lat="37.911540" lon="-122.625650"><ele>598.6</ele></trkpt><trkpt lat="37.911610" lon="-122.625670"><ele>598.6</ele></trkpt><trkpt lat="37.911700" lon="-122.625670"><ele>598.5</ele></trkpt><trkpt lat="37.911770" lon="-122.625620"><ele>598.5</ele></trkpt><trkpt lat="37.912500" lon="-122.624650"><ele>600.6</ele></trkpt><trkpt lat="37.912570" lon="-122.624600"><ele>601.1</ele></trkpt><trkpt lat="37.912650" lon="-122.624590"><ele>601.6</ele></trkpt><trkpt lat="37.912750" lon="-122.624600"><ele>602.2</ele></trkpt><trkpt lat="37.912850" lon="-122.624640"><ele>602.8</ele></trkpt><trkpt lat="37.912960" lon="-122.624760"><ele>603.6</ele></trkpt><trkpt lat="37.913120" lon="-122.625130"><ele>605.5</ele></trkpt><trkpt lat="37.913210" lon="-122.625300"><ele>606.5</ele></trkpt><trkpt lat="37.913320" lon="-122.625430"><ele>607.4</ele></trkpt><trkpt lat="37.913640" lon="-122.625660"><ele>608.5</ele></trkpt><trkpt lat="37.913920" lon="-122.625790"><ele>608.2</ele></trkpt><trkpt lat="37.913990" lon="-122.625860"><ele>608.2</ele></trkpt><trkpt lat="37.914060" lon="-122.626000"><ele>608.9</ele></trkpt><trkpt lat="37.914200" lon="-122.626390"><ele>610.8</ele></trkpt><trkpt lat="37.914330" lon="-122.626530"><ele>611.1</ele></trkpt><trkpt lat="37.915880" lon="-122.627190"><ele>611.9</ele></trkpt><trkpt lat="37.916310" lon="-122.627510"><ele>608.6</ele></trkpt><trkpt lat="37.916390" lon="-122.627610"><ele>607.5</ele></trkpt><trkpt lat="37.916420" lon="-122.627720"><ele>606.6</ele></trkpt><trkpt lat="37.916410" lon="-122.627850"><ele>605.6</ele></trkpt><trkpt lat="37.916350" lon="-122.628120"><ele>603.5</ele></trkpt><trkpt lat="37.916330" lon="-122.628270"><ele>602.4</ele></trkpt><trkpt lat="37.916350" lon="-122.628420"><ele>601.3</ele></trkpt><trkpt lat="37.916470" lon="-122.628660"><ele>599.3</ele></trkpt><trkpt lat="37.916600" lon="-122.628790"><ele>597.4</ele></trkpt><trkpt lat="37.916740" lon="-122.628830"><ele>595.8</ele></trkpt><trkpt lat="37.917660" lon="-122.628910"><ele>588.4</ele></trkpt><trkpt lat="37.917840" lon="-122.628910"><ele>588.2</ele></trkpt><trkpt lat="37.918450" lon="-122.628740"><ele>588.4</ele></trkpt><trkpt lat="37.918650" lon="-122.628730"><ele>588.6</ele></trkpt><trkpt lat="37.918860" lon="-122.628750"><ele>588.9</ele></trkpt><trkpt lat="37.919180" lon="-122.628890"><ele>589.3</ele></trkpt><trkpt lat="37.919340" lon="-122.629020"><ele>589.6</ele></trkpt><trkpt lat="37.920320" lon="-122.629980"><ele>587.6</ele></trkpt><trkpt lat="37.920450" lon="-122.630170"><ele>585.7</ele></trkpt><trkpt lat="37.920840" lon="-122.631350"><ele>577.3</ele></trkpt><trkpt lat="37.920980" lon="-122.631930"><ele>573.2</ele></trkpt><trkpt lat="37.921050" lon="-122.632100"><ele>571.3</ele></trkpt><trkpt lat="37.921250" lon="-122.632440"><ele>566.3</ele></trkpt><trkpt lat="37.921300" lon="-122.632550"><ele>564.8</ele></trkpt><trkpt lat="37.921330" lon="-122.632680"><ele>564.2</ele></trkpt><trkpt lat="37.921340" lon="-122.632820"><ele>563.8</ele></trkpt><trkpt lat="37.921330" lon="-122.632980"><ele>563.4</ele></trkpt><trkpt lat="37.921360" lon="-122.633110"><ele>563.0</ele></trkpt><trkpt lat="37.921420" lon="-122.633220"><ele>562.7</ele></trkpt><trkpt lat="37.921660" lon="-122.633440"><ele>561.7</ele></trkpt><trkpt lat="37.921720" lon="-122.633530"><ele>561.3</ele></trkpt><trkpt lat="37.921840" lon="-122.633910"><ele>558.7</ele></trkpt><trkpt lat="37.921910" lon="-122.634040"><ele>557.1</ele></trkpt><trkpt lat="37.922660" lon="-122.635110"><ele>546.5</ele></trkpt><trkpt lat="37.922810" lon="-122.635550"><ele>543.7</ele></trkpt><trkpt lat="37.923180" lon="-122.636410"><ele>536.6</ele></trkpt><trkpt lat="37.923320" lon="-122.636890"><ele>534.9</ele></trkpt><trkpt lat="37.923480" lon="-122.637290"><ele>534.3</ele></trkpt><trkpt lat="37.923730" lon="-122.637770"><ele>534.0</ele></trkpt><trkpt lat="37.923890" lon="-122.638030"><ele>533.6</ele></trkpt><trkpt lat="37.924080" lon="-122.638280"><ele>533.1</ele></trkpt><trkpt lat="37.924560" lon="-122.638800"><ele>534.5</ele></trkpt><trkpt lat="37.924710" lon="-122.639080"><ele>533.3</ele></trkpt><trkpt lat="37.924760" lon="-122.639210"><ele>532.8</ele></trkpt><trkpt lat="37.924810" lon="-122.639460"><ele>531.6</ele></trkpt><trkpt lat="37.924800" lon="-122.639580"><ele>531.1</ele></trkpt><trkpt lat="37.924760" lon="-122.639670"><ele>530.5</ele></trkpt><trkpt lat="37.924550" lon="-122.639890"><ele>528.5</ele></trkpt><trkpt lat="37.924480" lon="-122.640010"><ele>526.9</ele></trkpt><trkpt lat="37.924460" lon="-122.640140"><ele>525.4</ele></trkpt><trkpt lat="37.924490" lon="-122.640230"><ele>524.3</ele></trkpt><trkpt lat="37.924600" lon="-122.640390"><ele>522.0</ele></trkpt><trkpt lat="37.925360" lon="-122.640790"><ele>513.5</ele></trkpt><trkpt lat="37.925650" lon="-122.640890"><ele>510.5</ele></trkpt><trkpt lat="37.925890" lon="-122.641040"><ele>509.6</ele></trkpt><trkpt lat="37.926220" lon="-122.641180"><ele>508.5</ele></trkpt><trkpt lat="37.926360" lon="-122.641270"><ele>508.0</ele></trkpt><trkpt lat="37.927150" lon="-122.642080"><ele>508.6</ele></trkpt><trkpt lat="37.927400" lon="-122.642300"><ele>507.9</ele></trkpt><trkpt lat="37.927710" lon="-122.642520"><ele>507.0</ele></trkpt><trkpt lat="37.928060" lon="-122.642810"><ele>506.3</ele></trkpt><trkpt lat="37.928720" lon="-122.643420"><ele>505.8</ele></trkpt><trkpt lat="37.929500" lon="-122.644090"><ele>506.8</ele></trkpt><trkpt lat="37.929770" lon="-122.644270"><ele>507.4</ele></trkpt><trkpt lat="37.930070" lon="-122.644430"><ele>506.6</ele></trkpt><trkpt lat="37.930510" lon="-122.644630"><ele>504.9</ele></trkpt><trkpt lat="37.930710" lon="-122.644740"><ele>503.9</ele></trkpt><trkpt lat="37.931840" lon="-122.645400"><ele>497.2</ele></trkpt><trkpt lat="37.932260" lon="-122.645700"><ele>494.4</ele></trkpt><trkpt lat="37.932820" lon="-122.646000"><ele>495.9</ele></trkpt><trkpt lat="37.933130" lon="-122.646220"><ele>495.9</ele></trkpt><trkpt lat="37.933300" lon="-122.646300"><ele>495.6</ele></trkpt><trkpt lat="37.933680" lon="-122.646420"><ele>494.7</ele></trkpt><trkpt lat="37.933820" lon="-122.646570"><ele>494.8</ele></trkpt><trkpt lat="37.934690" lon="-122.648390"><ele>487.0</ele></trkpt><trkpt lat="37.935030" lon="-122.649150"><ele>482.0</ele></trkpt><trkpt lat="37.935750" lon="-122.650630"><ele>477.3</ele></trkpt><trkpt lat="37.935760" lon="-122.650910"><ele>477.3</ele></trkpt><trkpt lat="37.935740" lon="-122.651060"><ele>477.3</ele></trkpt><trkpt lat="37.935570" lon="-122.651610"><ele>476.8</ele></trkpt><trkpt lat="37.935460" lon="-122.651880"><ele>476.7</ele></trkpt><trkpt lat="37.935320" lon="-122.652580"><ele>476.9</ele></trkpt><trkpt lat="37.935330" lon="-122.652790"><ele>477.1</ele></trkpt><trkpt lat="37.935350" lon="-122.652920"><ele>477.2</ele></trkpt><trkpt lat="37.935490" lon="-122.653370"><ele>477.9</ele></trkpt><trkpt lat="37.935640" lon="-122.653760"><ele>478.6</ele></trkpt><trkpt lat="37.935830" lon="-122.654090"><ele>479.2</ele></trkpt><trkpt lat="37.935960" lon="-122.654230"><ele>479.5</ele></trkpt><trkpt lat="37.936080" lon="-122.654440"><ele>479.9</ele></trkpt><trkpt lat="37.936380" lon="-122.655160"><ele>481.7</ele></trkpt><trkpt lat="37.936590" lon="-122.655600"><ele>481.9</ele></trkpt><trkpt lat="37.936770" lon="-122.656110"><ele>480.7</ele></trkpt><trkpt lat="37.936880" lon="-122.656630"><ele>481.0</ele></trkpt><trkpt lat="37.936940" lon="-122.656830"><ele>480.9</ele></trkpt><trkpt lat="37.937000" lon="-122.656930"><ele>480.8</ele></trkpt><trkpt lat="37.937110" lon="-122.656980"><ele>480.8</ele></trkpt><trkpt lat="37.937440" lon="-122.657060"><ele>481.3</ele></trkpt><trkpt lat="37.937760" lon="-122.657100"><ele>482.8</ele></trkpt><trkpt lat="37.937900" lon="-122.657210"><ele>483.5</ele></trkpt><trkpt lat="37.938100" lon="-122.657440"><ele>484.7</ele></trkpt><trkpt lat="37.938160" lon="-122.657550"><ele>485.2</ele></trkpt><trkpt lat="37.938220" lon="-122.657750"><ele>485.7</ele></trkpt><trkpt lat="37.938280" lon="-122.657880"><ele>486.0</ele></trkpt><trkpt lat="37.938330" lon="-122.657950"><ele>486.2</ele></trkpt><trkpt lat="37.938470" lon="-122.658030"><ele>486.5</ele></trkpt><trkpt lat="37.938750" lon="-122.658070"><ele>488.0</ele></trkpt><trkpt lat="37.938930" lon="-122.658150"><ele>489.3</ele></trkpt><trkpt lat="37.939360" lon="-122.658390"><ele>493.0</ele></trkpt><trkpt lat="37.939480" lon="-122.658540"><ele>494.4</ele></trkpt><trkpt lat="37.939640" lon="-122.658450"><ele>495.4</ele></trkpt><trkpt lat="37.940180" lon="-122.658310"><ele>497.3</ele></trkpt><trkpt lat="37.940420" lon="-122.658360"><ele>497.7</ele></trkpt><trkpt lat="37.940740" lon="-122.658690"><ele>499.2</ele></trkpt><trkpt lat="37.940800" lon="-122.658820"><ele>499.8</ele></trkpt><trkpt lat="37.940870" lon="-122.659000"><ele>500.6</ele></trkpt><trkpt lat="37.940950" lon="-122.659590"><ele>501.0</ele></trkpt><trkpt lat="37.941250" lon="-122.659490"><ele>500.7</ele></trkpt><trkpt lat="37.941370" lon="-122.659450"><ele>500.4</ele></trkpt><trkpt lat="37.941450" lon="-122.659490"><ele>500.2</ele></trkpt><trkpt lat="37.941950" lon="-122.659900"><ele>498.8</ele></trkpt><trkpt lat="37.942110" lon="-122.660500"><ele>498.7</ele></trkpt><trkpt lat="37.942230" lon="-122.660760"><ele>498.7</ele></trkpt><trkpt lat="37.942510" lon="-122.660800"><ele>498.7</ele></trkpt><trkpt lat="37.942670" lon="-122.660880"><ele>498.5</ele></trkpt><trkpt lat="37.942770" lon="-122.661050"><ele>497.3</ele></trkpt><trkpt lat="37.943030" lon="-122.661390"><ele>494.9</ele></trkpt><trkpt lat="37.943330" lon="-122.661320"><ele>494.4</ele></trkpt><trkpt lat="37.943460" lon="-122.661430"><ele>494.2</ele></trkpt><trkpt lat="37.943580" lon="-122.661480"><ele>493.6</ele></trkpt><trkpt lat="37.944040" lon="-122.661980"><ele>490.4</ele></trkpt><trkpt lat="37.944180" lon="-122.662220"><ele>489.3</ele></trkpt><trkpt lat="37.944480" lon="-122.662430"><ele>488.6</ele></trkpt><trkpt lat="37.944970" lon="-122.662890"><ele>488.5</ele></trkpt><trkpt lat="37.945220" lon="-122.663090"><ele>488.3</ele></trkpt><trkpt lat="37.945390" lon="-122.663310"><ele>488.0</ele></trkpt><trkpt lat="37.945420" lon="-122.663460"><ele>487.9</ele></trkpt><trkpt lat="37.945430" lon="-122.663640"><ele>487.7</ele></trkpt><trkpt lat="37.945420" lon="-122.663850"><ele>488.4</ele></trkpt><trkpt lat="37.945600" lon="-122.664140"><ele>490.1</ele></trkpt><trkpt lat="37.945870" lon="-122.664310"><ele>492.1</ele></trkpt><trkpt lat="37.945930" lon="-122.664390"><ele>492.7</ele></trkpt><trkpt lat="37.946100" lon="-122.664810"><ele>494.1</ele></trkpt><trkpt lat="37.946430" lon="-122.665550"><ele>492.6</ele></trkpt><trkpt lat="37.946480" lon="-122.665710"><ele>493.0</ele></trkpt><trkpt lat="37.946530" lon="-122.666130"><ele>494.1</ele></trkpt><trkpt lat="37.946600" lon="-122.666320"><ele>494.8</ele></trkpt><trkpt lat="37.946780" lon="-122.666660"><ele>495.4</ele></trkpt><trkpt lat="37.946930" lon="-122.667080"><ele>494.8</ele></trkpt><trkpt lat="37.946960" lon="-122.667250"><ele>494.4</ele></trkpt><trkpt lat="37.946950" lon="-122.667430"><ele>493.8</ele></trkpt><trkpt lat="37.946880" lon="-122.667850"><ele>492.7</ele></trkpt><trkpt lat="37.947010" lon="-122.668370"><ele>496.9</ele></trkpt><trkpt lat="37.947000" lon="-122.668680"><ele>498.6</ele></trkpt><trkpt lat="37.947080" lon="-122.668980"><ele>500.0</ele></trkpt><trkpt lat="37.947230" lon="-122.669090"><ele>501.0</ele></trkpt><trkpt lat="37.947410" lon="-122.669040"><ele>501.9</ele></trkpt><trkpt lat="37.947620" lon="-122.668900"><ele>503.1</ele></trkpt><trkpt lat="37.947790" lon="-122.668810"><ele>504.4</ele></trkpt><trkpt lat="37.948150" lon="-122.668690"><ele>507.5</ele></trkpt><trkpt lat="37.948310" lon="-122.668690"><ele>508.3</ele></trkpt><trkpt lat="37.948770" lon="-122.668870"><ele>509.3</ele></trkpt><trkpt lat="37.948920" lon="-122.668960"><ele>508.9</ele></trkpt><trkpt lat="37.948990" lon="-122.669060"><ele>508.6</ele></trkpt><trkpt lat="37.949120" lon="-122.669700"><ele>506.5</ele></trkpt><trkpt lat="37.949220" lon="-122.670080"><ele>504.9</ele></trkpt><trkpt lat="37.949280" lon="-122.670260"><ele>504.5</ele></trkpt><trkpt lat="37.949300" lon="-122.670400"><ele>504.1</ele></trkpt><trkpt lat="37.949300" lon="-122.670560"><ele>503.8</ele></trkpt><trkpt lat="37.949330" lon="-122.670670"><ele>503.5</ele></trkpt><trkpt lat="37.949490" lon="-122.670990"><ele>502.0</ele></trkpt><trkpt lat="37.949580" lon="-122.671090"><ele>501.4</ele></trkpt><trkpt lat="37.949880" lon="-122.671410"><ele>499.2</ele></trkpt><trkpt lat="37.949990" lon="-122.671620"><ele>498.1</ele></trkpt><trkpt lat="37.950160" lon="-122.672080"><ele>497.0</ele></trkpt><trkpt lat="37.950200" lon="-122.672520"><ele>496.5</ele></trkpt><trkpt lat="37.950280" lon="-122.672640"><ele>496.5</ele></trkpt><trkpt lat="37.950390" lon="-122.672750"><ele>496.5</ele></trkpt><trkpt lat="37.950540" lon="-122.672820"><ele>496.3</ele></trkpt><trkpt lat="37.950900" lon="-122.672780"><ele>493.2</ele></trkpt><trkpt lat="37.951080" lon="-122.672820"><ele>491.7</ele></trkpt><trkpt lat="37.951600" lon="-122.673350"><ele>487.9</ele></trkpt><trkpt lat="37.951670" lon="-122.673460"><ele>487.8</ele></trkpt><trkpt lat="37.951810" lon="-122.673780"><ele>487.7</ele></trkpt><trkpt lat="37.951890" lon="-122.674240"><ele>487.5</ele></trkpt><trkpt lat="37.951960" lon="-122.674410"><ele>487.4</ele></trkpt><trkpt lat="37.952060" lon="-122.674580"><ele>487.6</ele></trkpt><trkpt lat="37.952090" lon="-122.674760"><ele>487.7</ele></trkpt><trkpt lat="37.952010" lon="-122.674890"><ele>487.9</ele></trkpt><trkpt lat="37.951840" lon="-122.675060"><ele>489.0</ele></trkpt><trkpt lat="37.951700" lon="-122.675240"><ele>490.8</ele></trkpt><trkpt lat="37.951640" lon="-122.675450"><ele>492.4</ele></trkpt><trkpt lat="37.951560" lon="-122.675610"><ele>493.7</ele></trkpt><trkpt lat="37.951410" lon="-122.675740"><ele>495.4</ele></trkpt><trkpt lat="37.951300" lon="-122.675900"><ele>496.9</ele></trkpt><trkpt lat="37.951320" lon="-122.676040"><ele>497.9</ele></trkpt><trkpt lat="37.951450" lon="-122.676130"><ele>499.6</ele></trkpt><trkpt lat="37.951610" lon="-122.676200"><ele>501.5</ele></trkpt><trkpt lat="37.951830" lon="-122.676230"><ele>504.0</ele></trkpt><trkpt lat="37.952250" lon="-122.676350"><ele>507.3</ele></trkpt><trkpt lat="37.952410" lon="-122.676450"><ele>508.5</ele></trkpt><trkpt lat="37.952710" lon="-122.676720"><ele>510.4</ele></trkpt><trkpt lat="37.952870" lon="-122.676800"><ele>511.0</ele></trkpt><trkpt lat="37.952950" lon="-122.676810"><ele>511.1</ele></trkpt><trkpt lat="37.953330" lon="-122.676710"><ele>511.8</ele></trkpt><trkpt lat="37.953530" lon="-122.676850"><ele>512.2</ele></trkpt><trkpt lat="37.953620" lon="-122.677120"><ele>512.6</ele></trkpt><trkpt lat="37.953770" lon="-122.677250"><ele>512.0</ele></trkpt><trkpt lat="37.953920" lon="-122.677410"><ele>510.8</ele></trkpt><trkpt lat="37.953950" lon="-122.677780"><ele>509.1</ele></trkpt><trkpt lat="37.954030" lon="-122.678250"><ele>507.9</ele></trkpt><trkpt lat="37.954110" lon="-122.678460"><ele>507.5</ele></trkpt><trkpt lat="37.954150" lon="-122.678510"><ele>507.5</ele></trkpt><trkpt lat="37.954250" lon="-122.678570"><ele>507.5</ele></trkpt><trkpt lat="37.954340" lon="-122.678730"><ele>507.5</ele></trkpt><trkpt lat="37.954360" lon="-122.678910"><ele>507.4</ele></trkpt><trkpt lat="37.954370" lon="-122.678970"><ele>507.1</ele></trkpt><trkpt lat="37.954540" lon="-122.679330"><ele>504.9</ele></trkpt><trkpt lat="37.954870" lon="-122.679700"><ele>501.4</ele></trkpt><trkpt lat="37.954950" lon="-122.680240"><ele>499.0</ele></trkpt><trkpt lat="37.955040" lon="-122.680470"><ele>498.6</ele></trkpt><trkpt lat="37.955230" lon="-122.680780"><ele>497.1</ele></trkpt><trkpt lat="37.955360" lon="-122.680870"><ele>495.8</ele></trkpt><trkpt lat="37.955520" lon="-122.680860"><ele>494.5</ele></trkpt><trkpt lat="37.955700" lon="-122.680950"><ele>492.9</ele></trkpt><trkpt lat="37.955840" lon="-122.681130"><ele>491.4</ele></trkpt><trkpt lat="37.956300" lon="-122.681870"><ele>484.9</ele></trkpt><trkpt lat="37.956480" lon="-122.682030"><ele>484.1</ele></trkpt><trkpt lat="37.957060" lon="-122.682360"><ele>480.7</ele></trkpt><trkpt lat="37.957570" lon="-122.682920"><ele>479.2</ele></trkpt><trkpt lat="37.957800" lon="-122.683320"><ele>479.9</ele></trkpt><trkpt lat="37.957920" lon="-122.683420"><ele>480.1</ele></trkpt><trkpt lat="37.958040" lon="-122.683480"><ele>480.4</ele></trkpt><trkpt lat="37.958360" lon="-122.683420"><ele>484.9</ele></trkpt><trkpt lat="37.958580" lon="-122.683490"><ele>488.1</ele></trkpt><trkpt lat="37.958680" lon="-122.683530"><ele>489.1</ele></trkpt><trkpt lat="37.958780" lon="-122.683590"><ele>490.2</ele></trkpt><trkpt lat="37.958880" lon="-122.683610"><ele>491.2</ele></trkpt><trkpt lat="37.958970" lon="-122.683560"><ele>492.2</ele></trkpt><trkpt lat="37.959210" lon="-122.683240"><ele>496.5</ele></trkpt><trkpt lat="37.959360" lon="-122.682820"><ele>501.2</ele></trkpt><trkpt lat="37.959570" lon="-122.682660"><ele>503.1</ele></trkpt><trkpt lat="37.959790" lon="-122.682640"><ele>504.9</ele></trkpt><trkpt lat="37.960120" lon="-122.683010"><ele>507.9</ele></trkpt><trkpt lat="37.960500" lon="-122.683600"><ele>508.7</ele></trkpt><trkpt lat="37.961020" lon="-122.683620"><ele>507.7</ele></trkpt><trkpt lat="37.961450" lon="-122.683810"><ele>507.9</ele></trkpt><trkpt lat="37.961770" lon="-122.684000"><ele>507.9</ele></trkpt><trkpt lat="37.961790" lon="-122.684030"><ele>507.9</ele></trkpt><trkpt lat="37.961860" lon="-122.684190"><ele>507.7</ele></trkpt><trkpt lat="37.961940" lon="-122.685330"><ele>507.1</ele></trkpt><trkpt lat="37.962190" lon="-122.686080"><ele>502.2</ele></trkpt><trkpt lat="37.962390" lon="-122.686300"><ele>500.7</ele></trkpt><trkpt lat="37.962840" lon="-122.686540"><ele>497.8</ele></trkpt><trkpt lat="37.963080" lon="-122.686690"><ele>496.1</ele></trkpt><trkpt lat="37.963140" lon="-122.687410"><ele>492.0</ele></trkpt><trkpt lat="37.963220" lon="-122.687540"><ele>490.9</ele></trkpt><trkpt lat="37.963360" lon="-122.687680"><ele>489.5</ele></trkpt><trkpt lat="37.963890" lon="-122.688000"><ele>490.5</ele></trkpt><trkpt lat="37.964290" lon="-122.688530"><ele>488.3</ele></trkpt><trkpt lat="37.964370" lon="-122.688580"><ele>488.0</ele></trkpt><trkpt lat="37.964700" lon="-122.688700"><ele>486.8</ele></trkpt><trkpt lat="37.964870" lon="-122.688710"><ele>484.5</ele></trkpt><trkpt lat="37.965200" lon="-122.688900"><ele>479.4</ele></trkpt><trkpt lat="37.965470" lon="-122.689330"><ele>475.2</ele></trkpt><trkpt lat="37.965590" lon="-122.689460"><ele>473.8</ele></trkpt><trkpt lat="37.966010" lon="-122.690100"><ele>470.3</ele></trkpt><trkpt lat="37.966420" lon="-122.691160"><ele>468.8</ele></trkpt><trkpt lat="37.966430" lon="-122.691330"><ele>470.2</ele></trkpt><trkpt lat="37.966390" lon="-122.691670"><ele>473.3</ele></trkpt><trkpt lat="37.966410" lon="-122.691710"><ele>473.7</ele></trkpt><trkpt lat="37.966500" lon="-122.691780"><ele>474.9</ele></trkpt><trkpt lat="37.966970" lon="-122.692340"><ele>475.9</ele></trkpt><trkpt lat="37.967550" lon="-122.693100"><ele>477.8</ele></trkpt><trkpt lat="37.968050" lon="-122.694030"><ele>476.5</ele></trkpt><trkpt lat="37.968070" lon="-122.694130"><ele>476.2</ele></trkpt><trkpt lat="37.968170" lon="-122.694370"><ele>475.3</ele></trkpt><trkpt lat="37.968270" lon="-122.694500"><ele>475.1</ele></trkpt><trkpt lat="37.968400" lon="-122.694630"><ele>474.9</ele></trkpt><trkpt lat="37.968510" lon="-122.694640"><ele>474.8</ele></trkpt><trkpt lat="37.969030" lon="-122.694770"><ele>471.9</ele></trkpt><trkpt lat="37.969120" lon="-122.694840"><ele>471.1</ele></trkpt><trkpt lat="37.969310" lon="-122.695140"><ele>469.9</ele></trkpt><trkpt lat="37.969650" lon="-122.695560"><ele>469.0</ele></trkpt><trkpt lat="37.969960" lon="-122.695810"><ele>468.8</ele></trkpt><trkpt lat="37.970130" lon="-122.695990"><ele>468.9</ele></trkpt><trkpt lat="37.970310" lon="-122.696140"><ele>469.0</ele></trkpt><trkpt lat="37.970570" lon="-122.696320"><ele>470.2</ele></trkpt><trkpt lat="37.970620" lon="-122.696370"><ele>470.6</ele></trkpt><trkpt lat="37.970750" lon="-122.696450"><ele>471.5</ele></trkpt><trkpt lat="37.970870" lon="-122.696560"><ele>472.4</ele></trkpt><trkpt lat="37.971070" lon="-122.696660"><ele>473.8</ele></trkpt><trkpt lat="37.971250" lon="-122.696690"><ele>474.9</ele></trkpt><trkpt lat="37.971570" lon="-122.696780"><ele>476.5</ele></trkpt><trkpt lat="37.971720" lon="-122.696910"><ele>477.3</ele></trkpt><trkpt lat="37.971820" lon="-122.696940"><ele>477.7</ele></trkpt><trkpt lat="37.971900" lon="-122.697040"><ele>478.1</ele></trkpt><trkpt lat="37.972050" lon="-122.697170"><ele>478.7</ele></trkpt><trkpt lat="37.972140" lon="-122.697310"><ele>479.2</ele></trkpt><trkpt lat="37.972290" lon="-122.697450"><ele>479.8</ele></trkpt><trkpt lat="37.972510" lon="-122.697600"><ele>479.9</ele></trkpt><trkpt lat="37.972600" lon="-122.697680"><ele>480.0</ele></trkpt><trkpt lat="37.972930" lon="-122.698050"><ele>480.1</ele></trkpt><trkpt lat="37.973060" lon="-122.698220"><ele>480.1</ele></trkpt><trkpt lat="37.973210" lon="-122.698480"><ele>479.2</ele></trkpt><trkpt lat="37.973350" lon="-122.698860"><ele>477.6</ele></trkpt><trkpt lat="37.973590" lon="-122.699210"><ele>476.2</ele></trkpt><trkpt lat="37.973980" lon="-122.699630"><ele>474.5</ele></trkpt><trkpt lat="37.974470" lon="-122.700020"><ele>473.7</ele></trkpt><trkpt lat="37.974620" lon="-122.700160"><ele>473.7</ele></trkpt><trkpt lat="37.974810" lon="-122.700370"><ele>472.0</ele></trkpt><trkpt lat="37.975070" lon="-122.700700"><ele>469.8</ele></trkpt><trkpt lat="37.975210" lon="-122.700840"><ele>470.0</ele></trkpt><trkpt lat="37.975620" lon="-122.701130"><ele>469.5</ele></trkpt><trkpt lat="37.975740" lon="-122.701250"><ele>468.7</ele></trkpt><trkpt lat="37.975830" lon="-122.701390"><ele>468.0</ele></trkpt><trkpt lat="37.976000" lon="-122.701760"><ele>466.9</ele></trkpt><trkpt lat="37.976120" lon="-122.702150"><ele>465.8</ele></trkpt><trkpt lat="37.976270" lon="-122.702480"><ele>463.6</ele></trkpt><trkpt lat="37.976440" lon="-122.702660"><ele>462.1</ele></trkpt><trkpt lat="37.976630" lon="-122.702780"><ele>462.9</ele></trkpt><trkpt lat="37.976880" lon="-122.702990"><ele>463.9</ele></trkpt><trkpt lat="37.977150" lon="-122.703310"><ele>462.2</ele></trkpt><trkpt lat="37.977340" lon="-122.703590"><ele>461.9</ele></trkpt><trkpt lat="37.977610" lon="-122.703820"><ele>462.9</ele></trkpt><trkpt lat="37.977850" lon="-122.704100"><ele>464.5</ele></trkpt><trkpt lat="37.977970" lon="-122.704210"><ele>465.4</ele></trkpt><trkpt lat="37.978130" lon="-122.704320"><ele>466.4</ele></trkpt><trkpt lat="37.978330" lon="-122.704430"><ele>468.2</ele></trkpt><trkpt lat="37.978760" lon="-122.704510"><ele>471.0</ele></trkpt><trkpt lat="37.978970" lon="-122.704600"><ele>471.6</ele></trkpt><trkpt lat="37.979210" lon="-122.704670"><ele>472.4</ele></trkpt><trkpt lat="37.979640" lon="-122.704940"><ele>475.7</ele></trkpt><trkpt lat="37.980120" lon="-122.705150"><ele>477.5</ele></trkpt><trkpt lat="37.980220" lon="-122.705170"><ele>477.6</ele></trkpt><trkpt lat="37.980370" lon="-122.705180"><ele>477.4</ele></trkpt><trkpt lat="37.980530" lon="-122.705280"><ele>477.2</ele></trkpt><trkpt lat="37.980580" lon="-122.705450"><ele>477.0</ele></trkpt><trkpt lat="37.980650" lon="-122.705560"><ele>476.4</ele></trkpt><trkpt lat="37.980710" lon="-122.705610"><ele>476.0</ele></trkpt><trkpt lat="37.980890" lon="-122.705950"><ele>474.0</ele></trkpt><trkpt lat="37.981130" lon="-122.706300"><ele>471.4</ele></trkpt><trkpt lat="37.981370" lon="-122.706820"><ele>468.0</ele></trkpt><trkpt lat="37.981500" lon="-122.707050"><ele>466.5</ele></trkpt><trkpt lat="37.981670" lon="-122.707290"><ele>464.3</ele></trkpt><trkpt lat="37.981720" lon="-122.707350"><ele>463.6</ele></trkpt><trkpt lat="37.981820" lon="-122.707410"><ele>462.6</ele></trkpt><trkpt lat="37.982040" lon="-122.707650"><ele>459.9</ele></trkpt><trkpt lat="37.982130" lon="-122.707800"><ele>458.5</ele></trkpt><trkpt lat="37.982440" lon="-122.708250"><ele>454.8</ele></trkpt><trkpt lat="37.982690" lon="-122.708720"><ele>452.3</ele></trkpt><trkpt lat="37.982890" lon="-122.709050"><ele>451.2</ele></trkpt><trkpt lat="37.982990" lon="-122.709170"><ele>450.7</ele></trkpt><trkpt lat="37.983180" lon="-122.709460"><ele>449.9</ele></trkpt><trkpt lat="37.983370" lon="-122.709800"><ele>449.2</ele></trkpt><trkpt lat="37.983460" lon="-122.710100"><ele>449.1</ele></trkpt><trkpt lat="37.983490" lon="-122.710280"><ele>449.0</ele></trkpt><trkpt lat="37.983670" lon="-122.710730"><ele>449.8</ele></trkpt><trkpt lat="37.983690" lon="-122.710820"><ele>450.0</ele></trkpt><trkpt lat="37.983680" lon="-122.711380"><ele>451.1</ele></trkpt><trkpt lat="37.983510" lon="-122.711890"><ele>449.9</ele></trkpt><trkpt lat="37.983440" lon="-122.712060"><ele>448.7</ele></trkpt><trkpt lat="37.983420" lon="-122.712390"><ele>446.9</ele></trkpt><trkpt lat="37.983420" lon="-122.712790"><ele>445.3</ele></trkpt><trkpt lat="37.983470" lon="-122.712990"><ele>444.4</ele></trkpt><trkpt lat="37.983510" lon="-122.713080"><ele>443.9</ele></trkpt><trkpt lat="37.983700" lon="-122.713370"><ele>442.2</ele></trkpt><trkpt lat="37.983810" lon="-122.713480"><ele>441.3</ele></trkpt><trkpt lat="37.984160" lon="-122.713760"><ele>437.4</ele></trkpt><trkpt lat="37.984210" lon="-122.713780"><ele>436.9</ele></trkpt><trkpt lat="37.984360" lon="-122.713800"><ele>435.7</ele></trkpt><trkpt lat="37.984810" lon="-122.714070"><ele>433.0</ele></trkpt><trkpt lat="37.985010" lon="-122.714250"><ele>434.8</ele></trkpt><trkpt lat="37.985230" lon="-122.714390"><ele>436.4</ele></trkpt><trkpt lat="37.986040" lon="-122.714760"><ele>432.9</ele></trkpt><trkpt lat="37.986100" lon="-122.714770"><ele>432.6</ele></trkpt><trkpt lat="37.986180" lon="-122.714730"><ele>432.2</ele></trkpt><trkpt lat="37.986560" lon="-122.714960"><ele>431.1</ele></trkpt><trkpt lat="37.986770" lon="-122.715140"><ele>430.5</ele></trkpt><trkpt lat="37.987190" lon="-122.715290"><ele>429.5</ele></trkpt><trkpt lat="37.987380" lon="-122.715260"><ele>427.7</ele></trkpt><trkpt lat="37.987660" lon="-122.715230"><ele>424.4</ele></trkpt><trkpt lat="37.987760" lon="-122.715230"><ele>423.2</ele></trkpt><trkpt lat="37.987890" lon="-122.715260"><ele>422.6</ele></trkpt><trkpt lat="37.988340" lon="-122.715160"><ele>420.8</ele></trkpt><trkpt lat="37.988710" lon="-122.715020"><ele>419.5</ele></trkpt><trkpt lat="37.988780" lon="-122.714960"><ele>419.2</ele></trkpt><trkpt lat="37.988920" lon="-122.714950"><ele>419.0</ele></trkpt><trkpt lat="37.989360" lon="-122.715140"><ele>418.5</ele></trkpt><trkpt lat="37.989920" lon="-122.715300"><ele>418.0</ele></trkpt><trkpt lat="37.990690" lon="-122.715710"><ele>422.5</ele></trkpt><trkpt lat="37.991400" lon="-122.716290"><ele>424.7</ele></trkpt><trkpt lat="37.991620" lon="-122.716540"><ele>422.5</ele></trkpt><trkpt lat="37.991820" lon="-122.716860"><ele>421.2</ele></trkpt><trkpt lat="37.992150" lon="-122.717260"><ele>419.7</ele></trkpt><trkpt lat="37.993150" lon="-122.718300"><ele>407.1</ele></trkpt><trkpt lat="37.994340" lon="-122.719110"><ele>404.5</ele></trkpt><trkpt lat="37.995210" lon="-122.719660"><ele>405.6</ele></trkpt><trkpt lat="37.995390" lon="-122.719790"><ele>405.4</ele></trkpt><trkpt lat="37.996000" lon="-122.720300"><ele>404.8</ele></trkpt><trkpt lat="37.996870" lon="-122.721000"><ele>406.6</ele></trkpt><trkpt lat="37.998000" lon="-122.721800"><ele>405.2</ele></trkpt><trkpt lat="37.998120" lon="-122.721900"><ele>404.8</ele></trkpt><trkpt lat="37.998220" lon="-122.722020"><ele>404.3</ele></trkpt><trkpt lat="37.998330" lon="-122.722200"><ele>403.7</ele></trkpt><trkpt lat="37.998510" lon="-122.722570"><ele>402.6</ele></trkpt><trkpt lat="37.998740" lon="-122.722950"><ele>401.4</ele></trkpt><trkpt lat="37.999360" lon="-122.723680"><ele>402.1</ele></trkpt><trkpt lat="37.999700" lon="-122.724050"><ele>402.6</ele></trkpt><trkpt lat="38.000240" lon="-122.724600"><ele>402.5</ele></trkpt><trkpt lat="38.000390" lon="-122.724820"><ele>401.9</ele></trkpt><trkpt lat="38.000460" lon="-122.724870"><ele>401.4</ele></trkpt><trkpt lat="38.000610" lon="-122.724940"><ele>400.5</ele></trkpt><trkpt lat="38.000760" lon="-122.724960"><ele>399.7</ele></trkpt><trkpt lat="38.001020" lon="-122.724950"><ele>398.1</ele></trkpt><trkpt lat="38.001080" lon="-122.724960"><ele>397.7</ele></trkpt><trkpt lat="38.001220" lon="-122.725040"><ele>396.7</ele></trkpt><trkpt lat="38.002150" lon="-122.725870"><ele>387.3</ele></trkpt><trkpt lat="38.002450" lon="-122.726100"><ele>384.5</ele></trkpt><trkpt lat="38.002500" lon="-122.726160"><ele>384.0</ele></trkpt><trkpt lat="38.002540" lon="-122.726240"><ele>383.4</ele></trkpt><trkpt lat="38.002610" lon="-122.726500"><ele>381.6</ele></trkpt><trkpt lat="38.002760" lon="-122.726780"><ele>379.1</ele></trkpt><trkpt lat="38.002970" lon="-122.727100"><ele>375.2</ele></trkpt><trkpt lat="38.003060" lon="-122.727190"><ele>373.5</ele></trkpt><trkpt lat="38.003590" lon="-122.727600"><ele>364.3</ele></trkpt><trkpt lat="38.003950" lon="-122.727840"><ele>358.2</ele></trkpt><trkpt lat="38.004250" lon="-122.728080"><ele>352.9</ele></trkpt><trkpt lat="38.004430" lon="-122.728350"><ele>348.2</ele></trkpt><trkpt lat="38.004550" lon="-122.728490"><ele>345.4</ele></trkpt><trkpt lat="38.004690" lon="-122.728620"><ele>342.9</ele></trkpt><trkpt lat="38.005070" lon="-122.728880"><ele>337.4</ele></trkpt><trkpt lat="38.005150" lon="-122.728970"><ele>336.5</ele></trkpt><trkpt lat="38.005880" lon="-122.729870"><ele>331.3</ele></trkpt><trkpt lat="38.005970" lon="-122.729990"><ele>331.0</ele></trkpt><trkpt lat="38.006030" lon="-122.730160"><ele>330.6</ele></trkpt><trkpt lat="38.006090" lon="-122.730360"><ele>330.2</ele></trkpt><trkpt lat="38.006130" lon="-122.730900"><ele>330.3</ele></trkpt><trkpt lat="38.006060" lon="-122.731450"><ele>329.4</ele></trkpt><trkpt lat="38.006060" lon="-122.731580"><ele>329.0</ele></trkpt><trkpt lat="38.006130" lon="-122.731720"><ele>328.5</ele></trkpt><trkpt lat="38.006370" lon="-122.732120"><ele>326.5</ele></trkpt><trkpt lat="38.007880" lon="-122.734860"><ele>304.4</ele></trkpt><trkpt lat="38.008010" lon="-122.735070"><ele>302.5</ele></trkpt><trkpt lat="38.008210" lon="-122.735280"><ele>300.2</ele></trkpt><trkpt lat="38.008320" lon="-122.735330"><ele>299.1</ele></trkpt><trkpt lat="38.009220" lon="-122.735350"><ele>291.6</ele></trkpt><trkpt lat="38.009450" lon="-122.735370"><ele>290.1</ele></trkpt><trkpt lat="38.009520" lon="-122.735390"><ele>289.6</ele></trkpt><trkpt lat="38.009590" lon="-122.735430"><ele>289.1</ele></trkpt><trkpt lat="38.009670" lon="-122.735500"><ele>288.7</ele></trkpt><trkpt lat="38.009840" lon="-122.735790"><ele>287.7</ele></trkpt><trkpt lat="38.009950" lon="-122.735950"><ele>287.2</ele></trkpt><trkpt lat="38.010100" lon="-122.736150"><ele>286.0</ele></trkpt><trkpt lat="38.010380" lon="-122.736440"><ele>283.9</ele></trkpt><trkpt lat="38.010640" lon="-122.736890"><ele>280.6</ele></trkpt><trkpt lat="38.010710" lon="-122.736970"><ele>279.9</ele></trkpt><trkpt lat="38.010830" lon="-122.737070"><ele>279.0</ele></trkpt><trkpt lat="38.011160" lon="-122.737290"><ele>276.5</ele></trkpt><trkpt lat="38.011400" lon="-122.737470"><ele>274.9</ele></trkpt><trkpt lat="38.011660" lon="-122.737780"><ele>272.9</ele></trkpt><trkpt lat="38.011860" lon="-122.737970"><ele>271.7</ele></trkpt><trkpt lat="38.012080" lon="-122.738150"><ele>270.4</ele></trkpt><trkpt lat="38.013670" lon="-122.739200"><ele>264.7</ele></trkpt><trkpt lat="38.014020" lon="-122.739490"><ele>264.4</ele></trkpt><trkpt lat="38.014170" lon="-122.739560"><ele>264.1</ele></trkpt><trkpt lat="38.014270" lon="-122.739570"><ele>264.0</ele></trkpt><trkpt lat="38.014700" lon="-122.740010"><ele>263.9</ele></trkpt><trkpt lat="38.014990" lon="-122.740460"><ele>264.5</ele></trkpt><trkpt lat="38.015440" lon="-122.740980"><ele>263.9</ele></trkpt><trkpt lat="38.015850" lon="-122.741280"><ele>262.4</ele></trkpt><trkpt lat="38.016520" lon="-122.741850"><ele>260.2</ele></trkpt><trkpt lat="38.017530" lon="-122.742520"><ele>257.1</ele></trkpt><trkpt lat="38.018170" lon="-122.743020"><ele>256.5</ele></trkpt><trkpt lat="38.018450" lon="-122.743320"><ele>256.9</ele></trkpt><trkpt lat="38.018530" lon="-122.743370"><ele>256.9</ele></trkpt><trkpt lat="38.018770" lon="-122.743470"><ele>256.9</ele></trkpt><trkpt lat="38.018890" lon="-122.743570"><ele>257.1</ele></trkpt><trkpt lat="38.019410" lon="-122.744000"><ele>258.2</ele></trkpt><trkpt lat="38.019760" lon="-122.744330"><ele>257.2</ele></trkpt><trkpt lat="38.020540" lon="-122.744920"><ele>253.9</ele></trkpt><trkpt lat="38.020660" lon="-122.745050"><ele>253.0</ele></trkpt><trkpt lat="38.020850" lon="-122.745410"><ele>252.2</ele></trkpt><trkpt lat="38.021130" lon="-122.746400"><ele>252.6</ele></trkpt><trkpt lat="38.021210" lon="-122.746590"><ele>252.4</ele></trkpt><trkpt lat="38.021700" lon="-122.747520"><ele>252.3</ele></trkpt><trkpt lat="38.022150" lon="-122.748160"><ele>251.6</ele></trkpt><trkpt lat="38.022260" lon="-122.748320"><ele>251.7</ele></trkpt><trkpt lat="38.022330" lon="-122.748470"><ele>251.7</ele></trkpt><trkpt lat="38.022390" lon="-122.748710"><ele>250.8</ele></trkpt><trkpt lat="38.022440" lon="-122.749300"><ele>248.3</ele></trkpt><trkpt lat="38.022530" lon="-122.749530"><ele>247.4</ele></trkpt><trkpt lat="38.023120" lon="-122.751000"><ele>248.1</ele></trkpt><trkpt lat="38.023360" lon="-122.751490"><ele>245.7</ele></trkpt><trkpt lat="38.023490" lon="-122.751740"><ele>244.6</ele></trkpt><trkpt lat="38.024510" lon="-122.753400"><ele>235.4</ele></trkpt><trkpt lat="38.025100" lon="-122.754400"><ele>230.7</ele></trkpt><trkpt lat="38.026240" lon="-122.756170"><ele>213.2</ele></trkpt><trkpt lat="38.026960" lon="-122.757350"><ele>199.9</ele></trkpt><trkpt lat="38.027050" lon="-122.757520"><ele>198.5</ele></trkpt><trkpt lat="38.027350" lon="-122.757940"><ele>194.9</ele></trkpt><trkpt lat="38.027650" lon="-122.758590"><ele>192.8</ele></trkpt><trkpt lat="38.028280" lon="-122.759470"><ele>194.4</ele></trkpt><trkpt lat="38.028470" lon="-122.759590"><ele>195.0</ele></trkpt><trkpt lat="38.029250" lon="-122.759820"><ele>197.6</ele></trkpt><trkpt lat="38.030080" lon="-122.759900"><ele>198.4</ele></trkpt><trkpt lat="38.031480" lon="-122.760220"><ele>199.8</ele></trkpt><trkpt lat="38.032160" lon="-122.760480"><ele>199.9</ele></trkpt><trkpt lat="38.032320" lon="-122.760510"><ele>200.2</ele></trkpt><trkpt lat="38.032470" lon="-122.760520"><ele>200.5</ele></trkpt><trkpt lat="38.032630" lon="-122.760490"><ele>200.9</ele></trkpt><trkpt lat="38.032760" lon="-122.760440"><ele>201.2</ele></trkpt><trkpt lat="38.033030" lon="-122.760260"><ele>201.0</ele></trkpt><trkpt lat="38.033440" lon="-122.759910"><ele>200.6</ele></trkpt><trkpt lat="38.033620" lon="-122.759820"><ele>200.3</ele></trkpt><trkpt lat="38.034470" lon="-122.759570"><ele>196.9</ele></trkpt><trkpt lat="38.034840" lon="-122.759430"><ele>194.1</ele></trkpt><trkpt lat="38.034990" lon="-122.759340"><ele>191.6</ele></trkpt><trkpt lat="38.035110" lon="-122.759220"><ele>189.3</ele></trkpt><trkpt lat="38.035340" lon="-122.758900"><ele>184.5</ele></trkpt><trkpt lat="38.035800" lon="-122.758430"><ele>176.6</ele></trkpt><trkpt lat="38.035870" lon="-122.758300"><ele>175.0</ele></trkpt><trkpt lat="38.035950" lon="-122.758050"><ele>172.3</ele></trkpt><trkpt lat="38.035990" lon="-122.758010"><ele>171.7</ele></trkpt><trkpt lat="38.036040" lon="-122.757890"><ele>170.5</ele></trkpt><trkpt lat="38.036430" lon="-122.757440"><ele>162.7</ele></trkpt><trkpt lat="38.036510" lon="-122.757300"><ele>160.0</ele></trkpt><trkpt lat="38.036570" lon="-122.757120"><ele>156.9</ele></trkpt><trkpt lat="38.036610" lon="-122.756900"><ele>154.7</ele></trkpt><trkpt lat="38.036590" lon="-122.756370"><ele>150.7</ele></trkpt><trkpt lat="38.036610" lon="-122.756250"><ele>150.0</ele></trkpt><trkpt lat="38.036940" lon="-122.755420"><ele>144.0</ele></trkpt><trkpt lat="38.036980" lon="-122.755260"><ele>142.9</ele></trkpt><trkpt lat="38.037000" lon="-122.755070"><ele>141.7</ele></trkpt><trkpt lat="38.037010" lon="-122.754960"><ele>140.9</ele></trkpt><trkpt lat="38.036980" lon="-122.754520"><ele>137.9</ele></trkpt><trkpt lat="38.036910" lon="-122.754140"><ele>137.5</ele></trkpt><trkpt lat="38.036530" lon="-122.753460"><ele>136.8</ele></trkpt><trkpt lat="38.036460" lon="-122.753250"><ele>136.4</ele></trkpt><trkpt lat="38.036350" lon="-122.752780"><ele>133.6</ele></trkpt><trkpt lat="38.036230" lon="-122.752500"><ele>131.6</ele></trkpt><trkpt lat="38.036210" lon="-122.752380"><ele>130.6</ele></trkpt><trkpt lat="38.036240" lon="-122.752250"><ele>129.6</ele></trkpt><trkpt lat="38.036310" lon="-122.752110"><ele>128.3</ele></trkpt><trkpt lat="38.036580" lon="-122.751680"><ele>124.7</ele></trkpt><trkpt lat="38.036650" lon="-122.751360"><ele>122.4</ele></trkpt><trkpt lat="38.036710" lon="-122.751200"><ele>120.8</ele></trkpt><trkpt lat="38.036940" lon="-122.750750"><ele>115.7</ele></trkpt><trkpt lat="38.036960" lon="-122.750670"><ele>114.8</ele></trkpt><trkpt lat="38.036950" lon="-122.750550"><ele>113.5</ele></trkpt><trkpt lat="38.036890" lon="-122.750310"><ele>110.8</ele></trkpt><trkpt lat="38.036860" lon="-122.749940"><ele>107.5</ele></trkpt><trkpt lat="38.036850" lon="-122.749640"><ele>105.0</ele></trkpt><trkpt lat="38.036880" lon="-122.749390"><ele>102.7</ele></trkpt><trkpt lat="38.036940" lon="-122.749270"><ele>101.3</ele></trkpt><trkpt lat="38.037040" lon="-122.749170"><ele>99.6</ele></trkpt><trkpt lat="38.037300" lon="-122.749020"><ele>96.0</ele></trkpt><trkpt lat="38.037360" lon="-122.748950"><ele>95.0</ele></trkpt><trkpt lat="38.037360" lon="-122.748840"><ele>93.9</ele></trkpt><trkpt lat="38.037310" lon="-122.748740"><ele>92.8</ele></trkpt><trkpt lat="38.037000" lon="-122.748560"><ele>88.6</ele></trkpt><trkpt lat="38.036800" lon="-122.748490"><ele>86.0</ele></trkpt><trkpt lat="38.036740" lon="-122.748450"><ele>85.2</ele></trkpt><trkpt lat="38.036740" lon="-122.748400"><ele>84.7</ele></trkpt><trkpt lat="38.036770" lon="-122.748350"><ele>84.1</ele></trkpt><trkpt lat="38.036820" lon="-122.748330"><ele>83.5</ele></trkpt><trkpt lat="38.037080" lon="-122.748330"><ele>82.3</ele></trkpt><trkpt lat="38.037320" lon="-122.748170"><ele>81.1</ele></trkpt><trkpt lat="38.037630" lon="-122.748050"><ele>79.5</ele></trkpt><trkpt lat="38.037750" lon="-122.747950"><ele>78.7</ele></trkpt><trkpt lat="38.037830" lon="-122.747810"><ele>77.9</ele></trkpt><trkpt lat="38.037820" lon="-122.747690"><ele>77.2</ele></trkpt><trkpt lat="38.037760" lon="-122.747630"><ele>76.5</ele></trkpt><trkpt lat="38.037220" lon="-122.747720"><ele>72.1</ele></trkpt><trkpt lat="38.036840" lon="-122.747710"><ele>69.2</ele></trkpt><trkpt lat="38.036640" lon="-122.747660"><ele>68.2</ele></trkpt><trkpt lat="38.036540" lon="-122.747530"><ele>67.6</ele></trkpt><trkpt lat="38.036360" lon="-122.747240"><ele>65.8</ele></trkpt><trkpt lat="38.036270" lon="-122.747010"><ele>64.4</ele></trkpt><trkpt lat="38.036220" lon="-122.746950"><ele>63.9</ele></trkpt><trkpt lat="38.035850" lon="-122.746600"><ele>57.9</ele></trkpt><trkpt lat="38.035610" lon="-122.746120"><ele>54.0</ele></trkpt><trkpt lat="38.035650" lon="-122.745980"><ele>53.4</ele></trkpt><trkpt lat="38.035560" lon="-122.745930"><ele>53.0</ele></trkpt><trkpt lat="38.035110" lon="-122.745340"><ele>50.0</ele></trkpt><trkpt lat="38.034910" lon="-122.744930"><ele>49.7</ele></trkpt><trkpt lat="38.034820" lon="-122.744780"><ele>49.6</ele></trkpt><trkpt lat="38.034760" lon="-122.744730"><ele>49.6</ele></trkpt><trkpt lat="38.034650" lon="-122.744580"><ele>49.4</ele></trkpt><trkpt lat="38.034310" lon="-122.744040"><ele>51.7</ele></trkpt><trkpt lat="38.034040" lon="-122.743710"><ele>55.1</ele></trkpt><trkpt lat="38.033670" lon="-122.743300"><ele>59.2</ele></trkpt><trkpt lat="38.033400" lon="-122.743070"><ele>63.4</ele></trkpt><trkpt lat="38.033080" lon="-122.742860"><ele>67.0</ele></trkpt><trkpt lat="38.032910" lon="-122.742790"><ele>68.3</ele></trkpt><trkpt lat="38.032620" lon="-122.742750"><ele>70.6</ele></trkpt><trkpt lat="38.032400" lon="-122.742770"><ele>72.4</ele></trkpt><trkpt lat="38.032050" lon="-122.742840"><ele>75.5</ele></trkpt><trkpt lat="38.031840" lon="-122.742900"><ele>77.4</ele></trkpt><trkpt lat="38.031500" lon="-122.743060"><ele>80.8</ele></trkpt><trkpt lat="38.031050" lon="-122.743340"><ele>85.0</ele></trkpt><trkpt lat="38.030700" lon="-122.743670"><ele>87.5</ele></trkpt><trkpt lat="38.030470" lon="-122.743960"><ele>89.5</ele></trkpt><trkpt lat="38.030300" lon="-122.744140"><ele>90.7</ele></trkpt><trkpt lat="38.030110" lon="-122.744280"><ele>91.3</ele></trkpt><trkpt lat="38.029820" lon="-122.744460"><ele>91.4</ele></trkpt><trkpt lat="38.029580" lon="-122.744570"><ele>88.4</ele></trkpt><trkpt lat="38.029440" lon="-122.744590"><ele>86.7</ele></trkpt><trkpt lat="38.029180" lon="-122.744600"><ele>84.9</ele></trkpt><trkpt lat="38.029040" lon="-122.744570"><ele>84.3</ele></trkpt><trkpt lat="38.028900" lon="-122.744520"><ele>83.6</ele></trkpt><trkpt lat="38.028780" lon="-122.744430"><ele>82.9</ele></trkpt><trkpt lat="38.028630" lon="-122.744300"><ele>81.8</ele></trkpt><trkpt lat="38.028490" lon="-122.744090"><ele>80.4</ele></trkpt><trkpt lat="38.028400" lon="-122.743890"><ele>78.3</ele></trkpt><trkpt lat="38.028330" lon="-122.743530"><ele>73.2</ele></trkpt><trkpt lat="38.028310" lon="-122.743070"><ele>67.1</ele></trkpt><trkpt lat="38.028330" lon="-122.742470"><ele>61.2</ele></trkpt><trkpt lat="38.028430" lon="-122.741750"><ele>57.8</ele></trkpt><trkpt lat="38.028650" lon="-122.741280"><ele>53.4</ele></trkpt><trkpt lat="38.028800" lon="-122.741070"><ele>50.6</ele></trkpt><trkpt lat="38.029340" lon="-122.740480"><ele>46.8</ele></trkpt><trkpt lat="38.029500" lon="-122.740270"><ele>46.4</ele></trkpt><trkpt lat="38.029580" lon="-122.740110"><ele>46.1</ele></trkpt><trkpt lat="38.029650" lon="-122.739900"><ele>45.8</ele></trkpt><trkpt lat="38.029710" lon="-122.739680"><ele>45.6</ele></trkpt><trkpt lat="38.029720" lon="-122.739500"><ele>45.4</ele></trkpt><trkpt lat="38.029700" lon="-122.739220"><ele>45.2</ele></trkpt><trkpt lat="38.029620" lon="-122.738860"><ele>44.0</ele></trkpt><trkpt lat="38.029520" lon="-122.738570"><ele>42.9</ele></trkpt><trkpt lat="38.029360" lon="-122.738210"><ele>42.4</ele></trkpt><trkpt lat="38.029210" lon="-122.737950"><ele>42.1</ele></trkpt><trkpt lat="38.029060" lon="-122.737740"><ele>43.6</ele></trkpt><trkpt lat="38.028760" lon="-122.737400"><ele>47.1</ele></trkpt><trkpt lat="38.028550" lon="-122.737220"><ele>50.9</ele></trkpt><trkpt lat="38.028230" lon="-122.737020"><ele>56.1</ele></trkpt><trkpt lat="38.027850" lon="-122.736870"><ele>62.1</ele></trkpt><trkpt lat="38.027490" lon="-122.736810"><ele>70.3</ele></trkpt><trkpt lat="38.027280" lon="-122.736810"><ele>75.0</ele></trkpt><trkpt lat="38.026920" lon="-122.736850"><ele>83.4</ele></trkpt><trkpt lat="38.025650" lon="-122.737190"><ele>98.8</ele></trkpt><trkpt lat="38.025330" lon="-122.737230"><ele>102.2</ele></trkpt><trkpt lat="38.025000" lon="-122.737230"><ele>101.9</ele></trkpt><trkpt lat="38.024750" lon="-122.737190"><ele>98.9</ele></trkpt><trkpt lat="38.024470" lon="-122.737110"><ele>96.4</ele></trkpt><trkpt lat="38.024240" lon="-122.736990"><ele>94.7</ele></trkpt><trkpt lat="38.023930" lon="-122.736750"><ele>90.2</ele></trkpt><trkpt lat="38.022810" lon="-122.735590"><ele>75.8</ele></trkpt><trkpt lat="38.022470" lon="-122.735270"><ele>77.2</ele></trkpt><trkpt lat="38.022190" lon="-122.735060"><ele>76.8</ele></trkpt><trkpt lat="38.021750" lon="-122.734860"><ele>78.0</ele></trkpt><trkpt lat="38.021600" lon="-122.734850"><ele>79.5</ele></trkpt><trkpt lat="38.021180" lon="-122.734760"><ele>82.0</ele></trkpt><trkpt lat="38.020720" lon="-122.734640"><ele>83.3</ele></trkpt><trkpt lat="38.020520" lon="-122.734550"><ele>83.7</ele></trkpt><trkpt lat="38.020060" lon="-122.734440"><ele>85.6</ele></trkpt><trkpt lat="38.019580" lon="-122.734240"><ele>88.0</ele></trkpt><trkpt lat="38.018480" lon="-122.733630"><ele>88.7</ele></trkpt><trkpt lat="38.018120" lon="-122.733360"><ele>88.4</ele></trkpt><trkpt lat="38.018269" lon="-122.733515"><ele>44.6</ele></trkpt><trkpt lat="38.018423" lon="-122.733638"><ele>47.5</ele></trkpt><trkpt lat="38.018432" lon="-122.733570"><ele>48.4</ele></trkpt><trkpt lat="38.018435" lon="-122.733513"><ele>49.1</ele></trkpt><trkpt lat="38.018466" lon="-122.733414"><ele>50.5</ele></trkpt><trkpt lat="38.018573" lon="-122.733183"><ele>53.9</ele></trkpt><trkpt lat="38.018768" lon="-122.732819"><ele>59.4</ele></trkpt><trkpt lat="38.018836" lon="-122.732682"><ele>61.4</ele></trkpt><trkpt lat="38.018860" lon="-122.732629"><ele>62.2</ele></trkpt><trkpt lat="38.018867" lon="-122.732585"><ele>62.7</ele></trkpt><trkpt lat="38.018867" lon="-122.732546"><ele>63.2</ele></trkpt><trkpt lat="38.018851" lon="-122.732315"><ele>66.1</ele></trkpt><trkpt lat="38.018761" lon="-122.732315"><ele>67.5</ele></trkpt><trkpt lat="38.018533" lon="-122.732317"><ele>71.0</ele></trkpt><trkpt lat="38.018469" lon="-122.732287"><ele>72.1</ele></trkpt><trkpt lat="38.018413" lon="-122.732218"><ele>73.3</ele></trkpt><trkpt lat="38.018375" lon="-122.732120"><ele>74.6</ele></trkpt><trkpt lat="38.018349" lon="-122.731955"><ele>75.7</ele></trkpt><trkpt lat="38.018330" lon="-122.731761"><ele>75.3</ele></trkpt><trkpt lat="38.018362" lon="-122.731541"><ele>74.8</ele></trkpt><trkpt lat="38.018433" lon="-122.731252"><ele>74.1</ele></trkpt><trkpt lat="38.018632" lon="-122.730724"><ele>72.1</ele></trkpt><trkpt lat="38.018678" lon="-122.730660"><ele>71.8</ele></trkpt><trkpt lat="38.018752" lon="-122.730588"><ele>71.4</ele></trkpt><trkpt lat="38.019097" lon="-122.730351"><ele>69.5</ele></trkpt><trkpt lat="38.019127" lon="-122.730312"><ele>69.3</ele></trkpt><trkpt lat="38.019152" lon="-122.730233"><ele>69.0</ele></trkpt><trkpt lat="38.019185" lon="-122.730105"><ele>68.5</ele></trkpt><trkpt lat="38.019222" lon="-122.730021"><ele>68.2</ele></trkpt><trkpt lat="38.019274" lon="-122.729924"><ele>67.7</ele></trkpt><trkpt lat="38.019312" lon="-122.729783"><ele>67.2</ele></trkpt><trkpt lat="38.019352" lon="-122.729701"><ele>67.8</ele></trkpt><trkpt lat="38.019402" lon="-122.729619"><ele>69.0</ele></trkpt><trkpt lat="38.019429" lon="-122.729602"><ele>69.4</ele></trkpt><trkpt lat="38.019463" lon="-122.729587"><ele>69.9</ele></trkpt><trkpt lat="38.019511" lon="-122.729575"><ele>70.6</ele></trkpt><trkpt lat="38.019560" lon="-122.729574"><ele>71.3</ele></trkpt><trkpt lat="38.019657" lon="-122.729577"><ele>72.7</ele></trkpt><trkpt lat="38.019698" lon="-122.729604"><ele>73.4</ele></trkpt><trkpt lat="38.019819" lon="-122.729359"><ele>76.6</ele></trkpt><trkpt lat="38.019871" lon="-122.729268"><ele>77.9</ele></trkpt><trkpt lat="38.019986" lon="-122.729042"><ele>81.0</ele></trkpt><trkpt lat="38.020108" lon="-122.728782"><ele>84.5</ele></trkpt><trkpt lat="38.020165" lon="-122.728579"><ele>87.1</ele></trkpt><trkpt lat="38.020192" lon="-122.728319"><ele>89.4</ele></trkpt><trkpt lat="38.020194" lon="-122.728070"><ele>91.2</ele></trkpt><trkpt lat="38.020204" lon="-122.727534"><ele>94.3</ele></trkpt><trkpt lat="38.020186" lon="-122.727168"><ele>91.4</ele></trkpt><trkpt lat="38.020126" lon="-122.726862"><ele>88.9</ele></trkpt><trkpt lat="38.020021" lon="-122.726535"><ele>86.4</ele></trkpt><trkpt lat="38.019873" lon="-122.726037"><ele>83.0</ele></trkpt><trkpt lat="38.019734" lon="-122.725613"><ele>80.8</ele></trkpt><trkpt lat="38.019672" lon="-122.725354"><ele>79.8</ele></trkpt><trkpt lat="38.019609" lon="-122.725156"><ele>79.0</ele></trkpt><trkpt lat="38.019488" lon="-122.724849"><ele>78.8</ele></trkpt><trkpt lat="38.019391" lon="-122.724641"><ele>79.6</ele></trkpt><trkpt lat="38.019294" lon="-122.724486"><ele>80.2</ele></trkpt><trkpt lat="38.019197" lon="-122.724376"><ele>80.7</ele></trkpt><trkpt lat="38.019083" lon="-122.724270"><ele>80.5</ele></trkpt><trkpt lat="38.019010" lon="-122.724215"><ele>79.0</ele></trkpt><trkpt lat="38.018925" lon="-122.724186"><ele>77.5</ele></trkpt><trkpt lat="38.018776" lon="-122.724137"><ele>74.8</ele></trkpt><trkpt lat="38.018634" lon="-122.724109"><ele>72.2</ele></trkpt><trkpt lat="38.018459" lon="-122.724089"><ele>69.1</ele></trkpt><trkpt lat="38.018286" lon="-122.724095"><ele>66.7</ele></trkpt><trkpt lat="38.018211" lon="-122.724104"><ele>65.8</ele></trkpt><trkpt lat="38.018119" lon="-122.724143"><ele>64.6</ele></trkpt><trkpt lat="38.018021" lon="-122.724210"><ele>63.2</ele></trkpt><trkpt lat="38.017912" lon="-122.724273"><ele>61.6</ele></trkpt><trkpt lat="38.017829" lon="-122.724322"><ele>60.5</ele></trkpt><trkpt lat="38.017759" lon="-122.724344"><ele>59.6</ele></trkpt><trkpt lat="38.017675" lon="-122.724360"><ele>58.3</ele></trkpt><trkpt lat="38.017586" lon="-122.724355"><ele>56.7</ele></trkpt><trkpt lat="38.017505" lon="-122.724332"><ele>55.3</ele></trkpt><trkpt lat="38.017412" lon="-122.724289"><ele>53.5</ele></trkpt><trkpt lat="38.017310" lon="-122.724214"><ele>51.5</ele></trkpt><trkpt lat="38.016947" lon="-122.723855"><ele>49.8</ele></trkpt><trkpt lat="38.016562" lon="-122.723543"><ele>57.7</ele></trkpt><trkpt lat="38.016419" lon="-122.723444"><ele>60.2</ele></trkpt><trkpt lat="38.016174" lon="-122.723300"><ele>63.8</ele></trkpt><trkpt lat="38.016093" lon="-122.723218"><ele>65.2</ele></trkpt><trkpt lat="38.016060" lon="-122.723151"><ele>66.0</ele></trkpt><trkpt lat="38.016034" lon="-122.723067"><ele>67.0</ele></trkpt><trkpt lat="38.016017" lon="-122.722954"><ele>68.2</ele></trkpt><trkpt lat="38.016016" lon="-122.722866"><ele>69.3</ele></trkpt><trkpt lat="38.016013" lon="-122.722778"><ele>70.7</ele></trkpt><trkpt lat="38.016025" lon="-122.722248"><ele>79.1</ele></trkpt><trkpt lat="38.016020" lon="-122.721898"><ele>83.4</ele></trkpt><trkpt lat="38.016009" lon="-122.721588"><ele>84.2</ele></trkpt><trkpt lat="38.015990" lon="-122.721330"><ele>84.8</ele></trkpt><trkpt lat="38.015967" lon="-122.721030"><ele>85.5</ele></trkpt><trkpt lat="38.015927" lon="-122.720751"><ele>86.3</ele></trkpt><trkpt lat="38.015891" lon="-122.720622"><ele>86.7</ele></trkpt><trkpt lat="38.015831" lon="-122.720466"><ele>87.3</ele></trkpt><trkpt lat="38.015765" lon="-122.720307"><ele>87.8</ele></trkpt><trkpt lat="38.015614" lon="-122.719975"><ele>89.3</ele></trkpt><trkpt lat="38.015479" lon="-122.719717"><ele>90.7</ele></trkpt><trkpt lat="38.015153" lon="-122.719139"><ele>93.0</ele></trkpt><trkpt lat="38.015007" lon="-122.718808"><ele>93.9</ele></trkpt><trkpt lat="38.014862" lon="-122.718362"><ele>94.5</ele></trkpt><trkpt lat="38.014696" lon="-122.718011"><ele>94.9</ele></trkpt><trkpt lat="38.014381" lon="-122.717441"><ele>93.1</ele></trkpt><trkpt lat="38.014275" lon="-122.717187"><ele>92.1</ele></trkpt><trkpt lat="38.014227" lon="-122.717035"><ele>91.6</ele></trkpt><trkpt lat="38.014194" lon="-122.716884"><ele>91.3</ele></trkpt><trkpt lat="38.014158" lon="-122.716759"><ele>91.0</ele></trkpt><trkpt lat="38.014104" lon="-122.716640"><ele>90.7</ele></trkpt><trkpt lat="38.014042" lon="-122.716539"><ele>90.5</ele></trkpt><trkpt lat="38.013684" lon="-122.715967"><ele>94.0</ele></trkpt><trkpt lat="38.013561" lon="-122.715767"><ele>96.2</ele></trkpt><trkpt lat="38.013437" lon="-122.715633"><ele>98.1</ele></trkpt><trkpt lat="38.013247" lon="-122.715492"><ele>99.5</ele></trkpt><trkpt lat="38.012531" lon="-122.714955"><ele>102.3</ele></trkpt><trkpt lat="38.012103" lon="-122.714612"><ele>100.4</ele></trkpt><trkpt lat="38.011955" lon="-122.714481"><ele>98.0</ele></trkpt><trkpt lat="38.011859" lon="-122.714384"><ele>96.3</ele></trkpt><trkpt lat="38.011764" lon="-122.714262"><ele>94.4</ele></trkpt><trkpt lat="38.011701" lon="-122.714093"><ele>92.4</ele></trkpt><trkpt lat="38.011655" lon="-122.713895"><ele>93.0</ele></trkpt><trkpt lat="38.011622" lon="-122.713679"><ele>94.1</ele></trkpt><trkpt lat="38.011577" lon="-122.713532"><ele>95.0</ele></trkpt><trkpt lat="38.011501" lon="-122.713394"><ele>95.9</ele></trkpt><trkpt lat="38.011403" lon="-122.713264"><ele>96.8</ele></trkpt><trkpt lat="38.011189" lon="-122.713017"><ele>97.0</ele></trkpt><trkpt lat="38.011059" lon="-122.712877"><ele>97.1</ele></trkpt><trkpt lat="38.010957" lon="-122.712798"><ele>97.2</ele></trkpt><trkpt lat="38.010636" lon="-122.712625"><ele>99.6</ele></trkpt><trkpt lat="38.010411" lon="-122.712413"><ele>103.2</ele></trkpt><trkpt lat="38.010219" lon="-122.712301"><ele>105.9</ele></trkpt><trkpt lat="38.009292" lon="-122.711835"><ele>95.1</ele></trkpt><trkpt lat="38.009072" lon="-122.711727"><ele>97.0</ele></trkpt><trkpt lat="38.008878" lon="-122.711638"><ele>98.7</ele></trkpt><trkpt lat="38.008706" lon="-122.711587"><ele>98.5</ele></trkpt><trkpt lat="38.008506" lon="-122.711547"><ele>97.5</ele></trkpt><trkpt lat="38.008297" lon="-122.711527"><ele>96.6</ele></trkpt><trkpt lat="38.007505" lon="-122.711520"><ele>100.1</ele></trkpt><trkpt lat="38.006543" lon="-122.711545"><ele>100.8</ele></trkpt><trkpt lat="38.005988" lon="-122.711556"><ele>100.3</ele></trkpt><trkpt lat="38.005741" lon="-122.711558"><ele>99.9</ele></trkpt><trkpt lat="38.005625" lon="-122.711539"><ele>99.7</ele></trkpt><trkpt lat="38.005533" lon="-122.711499"><ele>99.6</ele></trkpt><trkpt lat="38.005379" lon="-122.711393"><ele>99.3</ele></trkpt><trkpt lat="38.005243" lon="-122.711251"><ele>98.5</ele></trkpt><trkpt lat="38.005122" lon="-122.711081"><ele>96.7</ele></trkpt><trkpt lat="38.005026" lon="-122.710863"><ele>94.7</ele></trkpt><trkpt lat="38.004917" lon="-122.710443"><ele>91.0</ele></trkpt><trkpt lat="38.004802" lon="-122.709967"><ele>85.7</ele></trkpt><trkpt lat="38.004545" lon="-122.709103"><ele>81.4</ele></trkpt><trkpt lat="38.004441" lon="-122.709012"><ele>81.3</ele></trkpt><trkpt lat="38.004387" lon="-122.708979"><ele>81.2</ele></trkpt><trkpt lat="38.003853" lon="-122.708943"><ele>77.5</ele></trkpt><trkpt lat="38.003614" lon="-122.708888"><ele>75.5</ele></trkpt><trkpt lat="38.003252" lon="-122.708831"><ele>74.1</ele></trkpt><trkpt lat="38.003186" lon="-122.708820"><ele>73.9</ele></trkpt><trkpt lat="38.002996" lon="-122.708765"><ele>73.3</ele></trkpt><trkpt lat="38.002780" lon="-122.708685"><ele>71.7</ele></trkpt><trkpt lat="38.002707" lon="-122.708664"><ele>70.7</ele></trkpt><trkpt lat="38.002629" lon="-122.708661"><ele>69.8</ele></trkpt><trkpt lat="38.002443" lon="-122.708681"><ele>67.5</ele></trkpt><trkpt lat="38.002375" lon="-122.708702"><ele>66.7</ele></trkpt><trkpt lat="38.002319" lon="-122.708732"><ele>65.9</ele></trkpt><trkpt lat="38.002256" lon="-122.708793"><ele>65.0</ele></trkpt><trkpt lat="38.002231" lon="-122.708816"><ele>64.6</ele></trkpt><trkpt lat="38.002106" lon="-122.708893"><ele>65.9</ele></trkpt><trkpt lat="38.001990" lon="-122.708930"><ele>68.5</ele></trkpt><trkpt lat="38.001875" lon="-122.708952"><ele>71.0</ele></trkpt><trkpt lat="38.001788" lon="-122.708946"><ele>72.8</ele></trkpt><trkpt lat="38.001558" lon="-122.708875"><ele>77.9</ele></trkpt><trkpt lat="38.001214" lon="-122.708866"><ele>88.9</ele></trkpt><trkpt lat="38.000976" lon="-122.708868"><ele>97.1</ele></trkpt><trkpt lat="38.000881" lon="-122.708901"><ele>100.5</ele></trkpt><trkpt lat="38.000756" lon="-122.708971"><ele>104.8</ele></trkpt><trkpt lat="38.000513" lon="-122.709215"><ele>111.0</ele></trkpt><trkpt lat="38.000411" lon="-122.709299"><ele>113.5</ele></trkpt><trkpt lat="38.000315" lon="-122.709329"><ele>115.5</ele></trkpt><trkpt lat="38.000214" lon="-122.709316"><ele>117.5</ele></trkpt><trkpt lat="37.999912" lon="-122.709221"><ele>120.7</ele></trkpt><trkpt lat="37.999721" lon="-122.709154"><ele>122.3</ele></trkpt><trkpt lat="37.999633" lon="-122.709115"><ele>123.0</ele></trkpt><trkpt lat="37.999499" lon="-122.708995"><ele>124.2</ele></trkpt><trkpt lat="37.999429" lon="-122.708936"><ele>124.7</ele></trkpt><trkpt lat="37.999333" lon="-122.708869"><ele>125.3</ele></trkpt><trkpt lat="37.999233" lon="-122.708865"><ele>125.9</ele></trkpt><trkpt lat="37.999151" lon="-122.708890"><ele>126.3</ele></trkpt><trkpt lat="37.999095" lon="-122.708979"><ele>126.8</ele></trkpt><trkpt lat="37.999058" lon="-122.709051"><ele>127.2</ele></trkpt><trkpt lat="37.999011" lon="-122.709090"><ele>127.5</ele></trkpt><trkpt lat="37.998846" lon="-122.709156"><ele>129.1</ele></trkpt><trkpt lat="37.998771" lon="-122.709268"><ele>132.9</ele></trkpt><trkpt lat="37.998704" lon="-122.709453"><ele>138.2</ele></trkpt><trkpt lat="37.998654" lon="-122.709509"><ele>140.3</ele></trkpt><trkpt lat="37.998592" lon="-122.709548"><ele>142.6</ele></trkpt><trkpt lat="37.998517" lon="-122.709577"><ele>145.2</ele></trkpt><trkpt lat="37.998431" lon="-122.709592"><ele>148.0</ele></trkpt><trkpt lat="37.998364" lon="-122.709584"><ele>150.2</ele></trkpt><trkpt lat="37.998292" lon="-122.709564"><ele>152.4</ele></trkpt><trkpt lat="37.998212" lon="-122.709555"><ele>153.9</ele></trkpt><trkpt lat="37.998143" lon="-122.709576"><ele>155.3</ele></trkpt><trkpt lat="37.998067" lon="-122.709633"><ele>157.0</ele></trkpt><trkpt lat="37.997995" lon="-122.709717"><ele>158.9</ele></trkpt><trkpt lat="37.997911" lon="-122.709810"><ele>161.1</ele></trkpt><trkpt lat="37.997880" lon="-122.709877"><ele>162.2</ele></trkpt><trkpt lat="37.997869" lon="-122.709939"><ele>163.2</ele></trkpt><trkpt lat="37.997841" lon="-122.710166"><ele>166.6</ele></trkpt><trkpt lat="37.997825" lon="-122.710209"><ele>167.2</ele></trkpt><trkpt lat="37.997800" lon="-122.710238"><ele>167.7</ele></trkpt><trkpt lat="37.997767" lon="-122.710254"><ele>168.2</ele></trkpt><trkpt lat="37.997616" lon="-122.710300"><ele>170.6</ele></trkpt><trkpt lat="37.997556" lon="-122.710345"><ele>171.7</ele></trkpt><trkpt lat="37.997500" lon="-122.710410"><ele>172.9</ele></trkpt><trkpt lat="37.997450" lon="-122.710512"><ele>174.3</ele></trkpt><trkpt lat="37.997409" lon="-122.710674"><ele>176.4</ele></trkpt><trkpt lat="37.997386" lon="-122.710788"><ele>177.7</ele></trkpt><trkpt lat="37.997372" lon="-122.710859"><ele>178.4</ele></trkpt><trkpt lat="37.997382" lon="-122.710912"><ele>178.9</ele></trkpt><trkpt lat="37.997414" lon="-122.710941"><ele>179.3</ele></trkpt><trkpt lat="37.997448" lon="-122.710951"><ele>179.7</ele></trkpt><trkpt lat="37.997480" lon="-122.710949"><ele>180.1</ele></trkpt><trkpt lat="37.997509" lon="-122.710937"><ele>180.5</ele></trkpt><trkpt lat="37.997537" lon="-122.710913"><ele>180.9</ele></trkpt><trkpt lat="37.997553" lon="-122.710870"><ele>181.3</ele></trkpt><trkpt lat="37.997605" lon="-122.710764"><ele>182.5</ele></trkpt><trkpt lat="37.997643" lon="-122.710737"><ele>183.0</ele></trkpt><trkpt lat="37.997717" lon="-122.710727"><ele>183.9</ele></trkpt><trkpt lat="37.997793" lon="-122.710752"><ele>184.8</ele></trkpt><trkpt lat="37.997870" lon="-122.710849"><ele>186.3</ele></trkpt><trkpt lat="37.997965" lon="-122.710937"><ele>188.5</ele></trkpt><trkpt lat="37.998030" lon="-122.710967"><ele>189.8</ele></trkpt><trkpt lat="37.998089" lon="-122.710965"><ele>190.9</ele></trkpt><trkpt lat="37.998140" lon="-122.710943"><ele>192.0</ele></trkpt><trkpt lat="37.998183" lon="-122.710897"><ele>193.0</ele></trkpt><trkpt lat="37.998269" lon="-122.710822"><ele>195.0</ele></trkpt><trkpt lat="37.998312" lon="-122.710808"><ele>195.8</ele></trkpt><trkpt lat="37.998349" lon="-122.710803"><ele>196.5</ele></trkpt><trkpt lat="37.998388" lon="-122.710818"><ele>197.3</ele></trkpt><trkpt lat="37.998437" lon="-122.710869"><ele>198.5</ele></trkpt><trkpt lat="37.998517" lon="-122.710957"><ele>201.5</ele></trkpt><trkpt lat="37.998662" lon="-122.711064"><ele>207.6</ele></trkpt><trkpt lat="37.998722" lon="-122.711157"><ele>211.0</ele></trkpt><trkpt lat="37.998762" lon="-122.711313"><ele>215.7</ele></trkpt><trkpt lat="37.998815" lon="-122.711730"><ele>226.1</ele></trkpt><trkpt lat="37.998868" lon="-122.711884"><ele>228.0</ele></trkpt><trkpt lat="37.998945" lon="-122.712038"><ele>230.1</ele></trkpt><trkpt lat="37.998963" lon="-122.712127"><ele>231.2</ele></trkpt><trkpt lat="37.998985" lon="-122.712493"><ele>235.5</ele></trkpt><trkpt lat="37.999021" lon="-122.712623"><ele>238.3</ele></trkpt><trkpt lat="37.999071" lon="-122.712688"><ele>240.3</ele></trkpt><trkpt lat="37.999227" lon="-122.712805"><ele>245.2</ele></trkpt><trkpt lat="37.999421" lon="-122.712928"><ele>251.1</ele></trkpt><trkpt lat="37.999557" lon="-122.712991"><ele>255.1</ele></trkpt><trkpt lat="37.999715" lon="-122.713101"><ele>255.4</ele></trkpt><trkpt lat="37.999779" lon="-122.713264"><ele>255.4</ele></trkpt><trkpt lat="37.999796" lon="-122.713444"><ele>255.4</ele></trkpt><trkpt lat="37.999782" lon="-122.713486"><ele>255.4</ele></trkpt><trkpt lat="37.999750" lon="-122.713508"><ele>255.4</ele></trkpt><trkpt lat="37.999681" lon="-122.713511"><ele>255.4</ele></trkpt><trkpt lat="37.999541" lon="-122.713472"><ele>255.6</ele></trkpt><trkpt lat="37.999419" lon="-122.713372"><ele>258.2</ele></trkpt><trkpt lat="37.999316" lon="-122.713330"><ele>260.1</ele></trkpt><trkpt lat="37.999137" lon="-122.713294"><ele>263.3</ele></trkpt><trkpt lat="37.998956" lon="-122.713285"><ele>266.4</ele></trkpt><trkpt lat="37.998834" lon="-122.713261"><ele>268.5</ele></trkpt><trkpt lat="37.998743" lon="-122.713247"><ele>269.9</ele></trkpt><trkpt lat="37.998618" lon="-122.713247"><ele>271.8</ele></trkpt><trkpt lat="37.998527" lon="-122.713227"><ele>273.2</ele></trkpt><trkpt lat="37.998467" lon="-122.713198"><ele>274.1</ele></trkpt><trkpt lat="37.998408" lon="-122.713129"><ele>275.4</ele></trkpt><trkpt lat="37.998320" lon="-122.712974"><ele>277.6</ele></trkpt><trkpt lat="37.998273" lon="-122.712908"><ele>278.7</ele></trkpt><trkpt lat="37.998213" lon="-122.712884"><ele>279.8</ele></trkpt><trkpt lat="37.998166" lon="-122.712902"><ele>280.8</ele></trkpt><trkpt lat="37.998141" lon="-122.712950"><ele>281.6</ele></trkpt><trkpt lat="37.998148" lon="-122.713010"><ele>282.5</ele></trkpt><trkpt lat="37.998200" lon="-122.713071"><ele>283.9</ele></trkpt><trkpt lat="37.998248" lon="-122.713146"><ele>285.3</ele></trkpt><trkpt lat="37.998281" lon="-122.713245"><ele>286.9</ele></trkpt><trkpt lat="37.998302" lon="-122.713340"><ele>288.4</ele></trkpt><trkpt lat="37.998328" lon="-122.713475"><ele>290.5</ele></trkpt><trkpt lat="37.998360" lon="-122.713581"><ele>292.2</ele></trkpt><trkpt lat="37.998406" lon="-122.713692"><ele>293.0</ele></trkpt><trkpt lat="37.998449" lon="-122.713772"><ele>293.3</ele></trkpt><trkpt lat="37.998497" lon="-122.713833"><ele>293.6</ele></trkpt><trkpt lat="37.998549" lon="-122.713868"><ele>293.9</ele></trkpt><trkpt lat="37.998677" lon="-122.713944"><ele>294.6</ele></trkpt><trkpt lat="37.998804" lon="-122.714010"><ele>295.2</ele></trkpt><trkpt lat="37.998886" lon="-122.714037"><ele>295.6</ele></trkpt><trkpt lat="37.998968" lon="-122.714046"><ele>295.9</ele></trkpt><trkpt lat="37.999082" lon="-122.714048"><ele>295.4</ele></trkpt><trkpt lat="37.999142" lon="-122.714062"><ele>295.2</ele></trkpt><trkpt lat="37.999198" lon="-122.714093"><ele>294.9</ele></trkpt><trkpt lat="37.999254" lon="-122.714142"><ele>294.6</ele></trkpt><trkpt lat="37.999275" lon="-122.714194"><ele>294.4</ele></trkpt><trkpt lat="37.999303" lon="-122.714300"><ele>294.1</ele></trkpt><trkpt lat="37.999336" lon="-122.714379"><ele>293.8</ele></trkpt><trkpt lat="37.999405" lon="-122.714520"><ele>293.2</ele></trkpt><trkpt lat="37.999494" lon="-122.714646"><ele>292.7</ele></trkpt><trkpt lat="37.999592" lon="-122.714799"><ele>292.0</ele></trkpt><trkpt lat="37.999666" lon="-122.714903"><ele>291.5</ele></trkpt><trkpt lat="37.999693" lon="-122.714977"><ele>291.3</ele></trkpt><trkpt lat="37.999717" lon="-122.715082"><ele>290.9</ele></trkpt><trkpt lat="37.999729" lon="-122.715206"><ele>290.5</ele></trkpt><trkpt lat="37.999731" lon="-122.715663"><ele>294.6</ele></trkpt><trkpt lat="37.999721" lon="-122.715717"><ele>295.6</ele></trkpt><trkpt lat="37.999703" lon="-122.715763"><ele>296.6</ele></trkpt><trkpt lat="37.999678" lon="-122.715789"><ele>297.3</ele></trkpt><trkpt lat="37.999650" lon="-122.715799"><ele>297.9</ele></trkpt><trkpt lat="37.999612" lon="-122.715797"><ele>298.8</ele></trkpt><trkpt lat="37.999584" lon="-122.715785"><ele>299.5</ele></trkpt><trkpt lat="37.999559" lon="-122.715756"><ele>300.2</ele></trkpt><trkpt lat="37.999532" lon="-122.715699"><ele>301.4</ele></trkpt><trkpt lat="37.999493" lon="-122.715587"><ele>303.6</ele></trkpt><trkpt lat="37.999436" lon="-122.715474"><ele>306.0</ele></trkpt><trkpt lat="37.999372" lon="-122.715408"><ele>307.8</ele></trkpt><trkpt lat="37.999290" lon="-122.715352"><ele>309.8</ele></trkpt><trkpt lat="37.999082" lon="-122.715305"><ele>314.3</ele></trkpt><trkpt lat="37.998874" lon="-122.715250"><ele>318.9</ele></trkpt><trkpt lat="37.998647" lon="-122.715179"><ele>323.9</ele></trkpt><trkpt lat="37.998512" lon="-122.715129"><ele>326.9</ele></trkpt><trkpt lat="37.998420" lon="-122.715110"><ele>328.9</ele></trkpt><trkpt lat="37.998373" lon="-122.715116"><ele>329.9</ele></trkpt><trkpt lat="37.998336" lon="-122.715150"><ele>330.8</ele></trkpt><trkpt lat="37.998329" lon="-122.715204"><ele>331.8</ele></trkpt><trkpt lat="37.998351" lon="-122.715252"><ele>332.7</ele></trkpt><trkpt lat="37.998387" lon="-122.715287"><ele>333.7</ele></trkpt><trkpt lat="37.998447" lon="-122.715314"><ele>335.0</ele></trkpt><trkpt lat="37.998498" lon="-122.715327"><ele>336.1</ele></trkpt><trkpt lat="37.998554" lon="-122.715378"><ele>337.5</ele></trkpt><trkpt lat="37.998613" lon="-122.715450"><ele>338.8</ele></trkpt><trkpt lat="37.998666" lon="-122.715548"><ele>340.3</ele></trkpt><trkpt lat="37.998702" lon="-122.715649"><ele>341.7</ele></trkpt><trkpt lat="37.998714" lon="-122.715726"><ele>342.7</ele></trkpt><trkpt lat="37.998706" lon="-122.715785"><ele>343.4</ele></trkpt><trkpt lat="37.998676" lon="-122.715833"><ele>344.2</ele></trkpt><trkpt lat="37.998639" lon="-122.715848"><ele>344.8</ele></trkpt><trkpt lat="37.998592" lon="-122.715850"><ele>345.6</ele></trkpt><trkpt lat="37.998535" lon="-122.715838"><ele>346.5</ele></trkpt><trkpt lat="37.998431" lon="-122.715788"><ele>348.3</ele></trkpt><trkpt lat="37.998366" lon="-122.715773"><ele>349.5</ele></trkpt><trkpt lat="37.998298" lon="-122.715770"><ele>350.9</ele></trkpt><trkpt lat="37.998224" lon="-122.715781"><ele>352.5</ele></trkpt><trkpt lat="37.998055" lon="-122.715857"><ele>356.3</ele></trkpt><trkpt lat="37.997891" lon="-122.715949"><ele>360.0</ele></trkpt><trkpt lat="37.997763" lon="-122.716049"><ele>363.2</ele></trkpt><trkpt lat="37.997727" lon="-122.716099"><ele>364.3</ele></trkpt><trkpt lat="37.997713" lon="-122.716144"><ele>365.1</ele></trkpt><trkpt lat="37.997713" lon="-122.716206"><ele>366.1</ele></trkpt><trkpt lat="37.997746" lon="-122.716283"><ele>367.5</ele></trkpt><trkpt lat="37.997787" lon="-122.716324"><ele>368.6</ele></trkpt><trkpt lat="37.998026" lon="-122.716558"><ele>374.8</ele></trkpt><trkpt lat="37.998101" lon="-122.716645"><ele>376.9</ele></trkpt><trkpt lat="37.998126" lon="-122.716719"><ele>378.2</ele></trkpt><trkpt lat="37.998146" lon="-122.716780"><ele>378.8</ele></trkpt><trkpt lat="37.998139" lon="-122.716857"><ele>379.2</ele></trkpt><trkpt lat="37.998101" lon="-122.716924"><ele>379.7</ele></trkpt><trkpt lat="37.998009" lon="-122.716988"><ele>380.5</ele></trkpt><trkpt lat="37.997792" lon="-122.717099"><ele>382.1</ele></trkpt><trkpt lat="37.997700" lon="-122.717157"><ele>382.9</ele></trkpt><trkpt lat="37.997601" lon="-122.717266"><ele>383.8</ele></trkpt><trkpt lat="37.997525" lon="-122.717399"><ele>384.5</ele></trkpt><trkpt lat="37.997463" lon="-122.717567"><ele>385.4</ele></trkpt><trkpt lat="37.997401" lon="-122.717826"><ele>386.7</ele></trkpt><trkpt lat="37.997378" lon="-122.718522"><ele>392.3</ele></trkpt><trkpt lat="37.997422" lon="-122.719077"><ele>397.8</ele></trkpt><trkpt lat="37.997403" lon="-122.719213"><ele>398.5</ele></trkpt><trkpt lat="37.997354" lon="-122.719338"><ele>399.3</ele></trkpt><trkpt lat="37.997280" lon="-122.719441"><ele>400.0</ele></trkpt><trkpt lat="37.997015" lon="-122.719689"><ele>402.2</ele></trkpt><trkpt lat="37.996786" lon="-122.719991"><ele>403.4</ele></trkpt><trkpt lat="37.996728" lon="-122.720046"><ele>403.6</ele></trkpt><trkpt lat="37.996424" lon="-122.720208"><ele>404.7</ele></trkpt><trkpt lat="37.996207" lon="-122.720256"><ele>404.4</ele></trkpt><trkpt lat="37.996139" lon="-122.720287"><ele>404.3</ele></trkpt><trkpt lat="37.996004" lon="-122.720292"><ele>404.1</ele></trkpt><trkpt lat="37.995398" lon="-122.719784"><ele>402.6</ele></trkpt><trkpt lat="37.995218" lon="-122.719652"><ele>402.2</ele></trkpt><trkpt lat="37.994347" lon="-122.719103"><ele>400.5</ele></trkpt><trkpt lat="37.993467" lon="-122.718510"><ele>402.7</ele></trkpt><trkpt lat="37.993286" lon="-122.718396"><ele>404.6</ele></trkpt><trkpt lat="37.993155" lon="-122.718296"><ele>405.6</ele></trkpt><trkpt lat="37.993015" lon="-122.718152"><ele>406.2</ele></trkpt><trkpt lat="37.992663" lon="-122.717776"><ele>407.8</ele></trkpt><trkpt lat="37.992496" lon="-122.717617"><ele>408.4</ele></trkpt><trkpt lat="37.992152" lon="-122.717257"><ele>409.7</ele></trkpt><trkpt lat="37.991976" lon="-122.717053"><ele>409.2</ele></trkpt><trkpt lat="37.991827" lon="-122.716857"><ele>408.2</ele></trkpt><trkpt lat="37.991685" lon="-122.716630"><ele>407.1</ele></trkpt><trkpt lat="37.991623" lon="-122.716538"><ele>406.7</ele></trkpt><trkpt lat="37.991506" lon="-122.716401"><ele>406.7</ele></trkpt><trkpt lat="37.991402" lon="-122.716283"><ele>406.7</ele></trkpt><trkpt lat="37.991289" lon="-122.716186"><ele>406.8</ele></trkpt><trkpt lat="37.991140" lon="-122.716065"><ele>406.9</ele></trkpt><trkpt lat="37.990977" lon="-122.715920"><ele>407.0</ele></trkpt><trkpt lat="37.990823" lon="-122.715797"><ele>407.1</ele></trkpt><trkpt lat="37.990792" lon="-122.715770"><ele>407.1</ele></trkpt><trkpt lat="37.990697" lon="-122.715700"><ele>407.2</ele></trkpt><trkpt lat="37.990544" lon="-122.715619"><ele>407.4</ele></trkpt><trkpt lat="37.990391" lon="-122.715529"><ele>407.5</ele></trkpt><trkpt lat="37.990233" lon="-122.715449"><ele>407.1</ele></trkpt><trkpt lat="37.989926" lon="-122.715295"><ele>406.2</ele></trkpt><trkpt lat="37.989755" lon="-122.715251"><ele>405.8</ele></trkpt><trkpt lat="37.989552" lon="-122.715197"><ele>405.8</ele></trkpt><trkpt lat="37.989362" lon="-122.715131"><ele>405.8</ele></trkpt><trkpt lat="37.989195" lon="-122.715062"><ele>405.9</ele></trkpt><trkpt lat="37.988929" lon="-122.714950"><ele>406.2</ele></trkpt><trkpt lat="37.988785" lon="-122.714955"><ele>406.5</ele></trkpt><trkpt lat="37.988713" lon="-122.715019"><ele>406.7</ele></trkpt><trkpt lat="37.988569" lon="-122.715081"><ele>407.0</ele></trkpt><trkpt lat="37.988434" lon="-122.715133"><ele>407.3</ele></trkpt><trkpt lat="37.988348" lon="-122.715160"><ele>407.5</ele></trkpt><trkpt lat="37.988276" lon="-122.715177"><ele>407.9</ele></trkpt><trkpt lat="37.988069" lon="-122.715216"><ele>409.1</ele></trkpt><trkpt lat="37.987898" lon="-122.715251"><ele>410.1</ele></trkpt><trkpt lat="37.987763" lon="-122.715222"><ele>410.9</ele></trkpt><trkpt lat="37.987663" lon="-122.715222"><ele>411.5</ele></trkpt><trkpt lat="37.987402" lon="-122.715265"><ele>412.4</ele></trkpt><trkpt lat="37.987195" lon="-122.715281"><ele>413.0</ele></trkpt><trkpt lat="37.986893" lon="-122.715184"><ele>413.9</ele></trkpt><trkpt lat="37.986825" lon="-122.715160"><ele>414.0</ele></trkpt><trkpt lat="37.986771" lon="-122.715136"><ele>414.1</ele></trkpt><trkpt lat="37.986579" lon="-122.715065"><ele>414.4</ele></trkpt><trkpt lat="37.986317" lon="-122.714919"><ele>414.7</ele></trkpt><trkpt lat="37.985949" lon="-122.714708"><ele>413.9</ele></trkpt><trkpt lat="37.985879" lon="-122.714671"><ele>413.7</ele></trkpt><trkpt lat="37.985675" lon="-122.714593"><ele>413.1</ele></trkpt><trkpt lat="37.985435" lon="-122.714484"><ele>412.3</ele></trkpt><trkpt lat="37.985345" lon="-122.714437"><ele>411.9</ele></trkpt><trkpt lat="37.985234" lon="-122.714389"><ele>411.5</ele></trkpt><trkpt lat="37.985015" lon="-122.714247"><ele>410.7</ele></trkpt><trkpt lat="37.984820" lon="-122.714070"><ele>410.1</ele></trkpt><trkpt lat="37.984370" lon="-122.713796"><ele>409.2</ele></trkpt><trkpt lat="37.984235" lon="-122.713753"><ele>409.0</ele></trkpt><trkpt lat="37.984079" lon="-122.713661"><ele>408.9</ele></trkpt><trkpt lat="37.983942" lon="-122.713608"><ele>408.8</ele></trkpt><trkpt lat="37.983812" lon="-122.713536"><ele>408.6</ele></trkpt><trkpt lat="37.983680" lon="-122.713435"><ele>408.5</ele></trkpt><trkpt lat="37.983566" lon="-122.713303"><ele>408.5</ele></trkpt><trkpt lat="37.983490" lon="-122.713155"><ele>408.7</ele></trkpt><trkpt lat="37.983443" lon="-122.713025"><ele>408.8</ele></trkpt><trkpt lat="37.983400" lon="-122.712883"><ele>409.0</ele></trkpt><trkpt lat="37.983389" lon="-122.712686"><ele>409.2</ele></trkpt><trkpt lat="37.983399" lon="-122.712572"><ele>409.3</ele></trkpt><trkpt lat="37.983391" lon="-122.712474"><ele>409.3</ele></trkpt><trkpt lat="37.983408" lon="-122.712304"><ele>409.3</ele></trkpt><trkpt lat="37.983472" lon="-122.712103"><ele>409.3</ele></trkpt><trkpt lat="37.983537" lon="-122.711871"><ele>409.3</ele></trkpt><trkpt lat="37.983616" lon="-122.711660"><ele>409.4</ele></trkpt><trkpt lat="37.983693" lon="-122.711463"><ele>409.4</ele></trkpt><trkpt lat="37.983720" lon="-122.711303"><ele>409.5</ele></trkpt><trkpt lat="37.983706" lon="-122.711062"><ele>409.6</ele></trkpt><trkpt lat="37.983723" lon="-122.710925"><ele>409.6</ele></trkpt><trkpt lat="37.983734" lon="-122.710822"><ele>409.6</ele></trkpt><trkpt lat="37.983703" lon="-122.710732"><ele>409.9</ele></trkpt><trkpt lat="37.983626" lon="-122.710613"><ele>410.6</ele></trkpt><trkpt lat="37.983573" lon="-122.710428"><ele>411.6</ele></trkpt><trkpt lat="37.983513" lon="-122.710267"><ele>412.4</ele></trkpt><trkpt lat="37.983466" lon="-122.710096"><ele>413.2</ele></trkpt><trkpt lat="37.983371" lon="-122.709795"><ele>415.5</ele></trkpt><trkpt lat="37.983305" lon="-122.709632"><ele>417.1</ele></trkpt><trkpt lat="37.983187" lon="-122.709451"><ele>419.2</ele></trkpt><trkpt lat="37.982999" lon="-122.709168"><ele>422.4</ele></trkpt><trkpt lat="37.982892" lon="-122.709043"><ele>424.1</ele></trkpt><trkpt lat="37.982784" lon="-122.708889"><ele>425.9</ele></trkpt><trkpt lat="37.982692" lon="-122.708712"><ele>427.8</ele></trkpt><trkpt lat="37.982545" lon="-122.708431"><ele>430.5</ele></trkpt><trkpt lat="37.982463" lon="-122.708215"><ele>431.7</ele></trkpt><trkpt lat="37.982326" lon="-122.708079"><ele>432.8</ele></trkpt><trkpt lat="37.982134" lon="-122.707797"><ele>434.6</ele></trkpt><trkpt lat="37.982050" lon="-122.707645"><ele>435.2</ele></trkpt><trkpt lat="37.981829" lon="-122.707403"><ele>436.3</ele></trkpt><trkpt lat="37.981730" lon="-122.707342"><ele>436.7</ele></trkpt><trkpt lat="37.981617" lon="-122.707251"><ele>437.2</ele></trkpt><trkpt lat="37.981488" lon="-122.707044"><ele>438.1</ele></trkpt><trkpt lat="37.981374" lon="-122.706816"><ele>439.0</ele></trkpt><trkpt lat="37.981138" lon="-122.706297"><ele>441.0</ele></trkpt><trkpt lat="37.980911" lon="-122.705914"><ele>442.6</ele></trkpt><trkpt lat="37.980742" lon="-122.705661"><ele>443.5</ele></trkpt><trkpt lat="37.980674" lon="-122.705537"><ele>443.6</ele></trkpt><trkpt lat="37.980635" lon="-122.705404"><ele>443.7</ele></trkpt><trkpt lat="37.980596" lon="-122.705274"><ele>443.8</ele></trkpt><trkpt lat="37.980532" lon="-122.705170"><ele>443.9</ele></trkpt><trkpt lat="37.980449" lon="-122.705139"><ele>444.0</ele></trkpt><trkpt lat="37.980352" lon="-122.705155"><ele>444.1</ele></trkpt><trkpt lat="37.980229" lon="-122.705167"><ele>443.8</ele></trkpt><trkpt lat="37.980122" lon="-122.705141"><ele>443.4</ele></trkpt><trkpt lat="37.979906" lon="-122.705031"><ele>442.7</ele></trkpt><trkpt lat="37.979785" lon="-122.705009"><ele>442.2</ele></trkpt><trkpt lat="37.979665" lon="-122.704972"><ele>441.8</ele></trkpt><trkpt lat="37.979563" lon="-122.704894"><ele>441.2</ele></trkpt><trkpt lat="37.979411" lon="-122.704748"><ele>439.9</ele></trkpt><trkpt lat="37.979241" lon="-122.704653"><ele>438.6</ele></trkpt><trkpt lat="37.979063" lon="-122.704656"><ele>437.4</ele></trkpt><trkpt lat="37.978943" lon="-122.704599"><ele>436.6</ele></trkpt><trkpt lat="37.978856" lon="-122.704535"><ele>436.1</ele></trkpt><trkpt lat="37.978767" lon="-122.704502"><ele>435.6</ele></trkpt><trkpt lat="37.978574" lon="-122.704491"><ele>434.5</ele></trkpt><trkpt lat="37.978405" lon="-122.704472"><ele>433.6</ele></trkpt><trkpt lat="37.978267" lon="-122.704417"><ele>432.8</ele></trkpt><trkpt lat="37.978109" lon="-122.704319"><ele>432.7</ele></trkpt><trkpt lat="37.977964" lon="-122.704228"><ele>432.5</ele></trkpt><trkpt lat="37.977841" lon="-122.704105"><ele>432.4</ele></trkpt><trkpt lat="37.977700" lon="-122.703914"><ele>432.2</ele></trkpt><trkpt lat="37.977567" lon="-122.703805"><ele>432.8</ele></trkpt><trkpt lat="37.977411" lon="-122.703695"><ele>433.6</ele></trkpt><trkpt lat="37.977323" lon="-122.703621"><ele>434.0</ele></trkpt><trkpt lat="37.977275" lon="-122.703504"><ele>434.5</ele></trkpt><trkpt lat="37.977152" lon="-122.703303"><ele>435.3</ele></trkpt><trkpt lat="37.976887" lon="-122.702983"><ele>437.8</ele></trkpt><trkpt lat="37.976639" lon="-122.702778"><ele>439.8</ele></trkpt><trkpt lat="37.976438" lon="-122.702644"><ele>441.2</ele></trkpt><trkpt lat="37.976266" lon="-122.702525"><ele>442.3</ele></trkpt><trkpt lat="37.976194" lon="-122.702440"><ele>442.9</ele></trkpt><trkpt lat="37.976166" lon="-122.702330"><ele>443.4</ele></trkpt><trkpt lat="37.976099" lon="-122.702055"><ele>444.6</ele></trkpt><trkpt lat="37.976018" lon="-122.701763"><ele>445.2</ele></trkpt><trkpt lat="37.975838" lon="-122.701390"><ele>446.1</ele></trkpt><trkpt lat="37.975744" lon="-122.701245"><ele>446.2</ele></trkpt><trkpt lat="37.975630" lon="-122.701126"><ele>446.0</ele></trkpt><trkpt lat="37.975216" lon="-122.700836"><ele>445.6</ele></trkpt><trkpt lat="37.975073" lon="-122.700693"><ele>446.1</ele></trkpt><trkpt lat="37.974820" lon="-122.700362"><ele>447.2</ele></trkpt><trkpt lat="37.974623" lon="-122.700155"><ele>448.0</ele></trkpt><trkpt lat="37.974446" lon="-122.700018"><ele>449.0</ele></trkpt><trkpt lat="37.974151" lon="-122.699781"><ele>450.7</ele></trkpt><trkpt lat="37.974024" lon="-122.699704"><ele>451.2</ele></trkpt><trkpt lat="37.973926" lon="-122.699607"><ele>451.5</ele></trkpt><trkpt lat="37.973745" lon="-122.699384"><ele>452.2</ele></trkpt><trkpt lat="37.973507" lon="-122.699144"><ele>452.9</ele></trkpt><trkpt lat="37.973408" lon="-122.698986"><ele>452.3</ele></trkpt><trkpt lat="37.973340" lon="-122.698845"><ele>451.7</ele></trkpt><trkpt lat="37.973245" lon="-122.698586"><ele>450.8</ele></trkpt><trkpt lat="37.973171" lon="-122.698372"><ele>450.0</ele></trkpt><trkpt lat="37.973075" lon="-122.698205"><ele>449.1</ele></trkpt><trkpt lat="37.972940" lon="-122.698044"><ele>448.0</ele></trkpt><trkpt lat="37.972778" lon="-122.697835"><ele>446.6</ele></trkpt><trkpt lat="37.972606" lon="-122.697680"><ele>445.4</ele></trkpt><trkpt lat="37.972464" lon="-122.697599"><ele>444.7</ele></trkpt><trkpt lat="37.972359" lon="-122.697530"><ele>444.1</ele></trkpt><trkpt lat="37.972252" lon="-122.697441"><ele>443.5</ele></trkpt><trkpt lat="37.972175" lon="-122.697321"><ele>443.0</ele></trkpt><trkpt lat="37.972095" lon="-122.697156"><ele>442.3</ele></trkpt><trkpt lat="37.972018" lon="-122.697052"><ele>442.1</ele></trkpt><trkpt lat="37.971829" lon="-122.696937"><ele>441.9</ele></trkpt><trkpt lat="37.971673" lon="-122.696847"><ele>441.6</ele></trkpt><trkpt lat="37.971436" lon="-122.696769"><ele>441.3</ele></trkpt><trkpt lat="37.971239" lon="-122.696697"><ele>441.0</ele></trkpt><trkpt lat="37.971079" lon="-122.696655"><ele>440.7</ele></trkpt><trkpt lat="37.970876" lon="-122.696554"><ele>440.3</ele></trkpt><trkpt lat="37.970685" lon="-122.696431"><ele>440.1</ele></trkpt><trkpt lat="37.970512" lon="-122.696307"><ele>440.0</ele></trkpt><trkpt lat="37.970374" lon="-122.696209"><ele>439.9</ele></trkpt><trkpt lat="37.970237" lon="-122.696117"><ele>439.9</ele></trkpt><trkpt lat="37.970133" lon="-122.695984"><ele>439.8</ele></trkpt><trkpt lat="37.969965" lon="-122.695806"><ele>439.3</ele></trkpt><trkpt lat="37.969852" lon="-122.695705"><ele>439.0</ele></trkpt><trkpt lat="37.969708" lon="-122.695624"><ele>438.7</ele></trkpt><trkpt lat="37.969609" lon="-122.695557"><ele>438.4</ele></trkpt><trkpt lat="37.969505" lon="-122.695392"><ele>438.6</ele></trkpt><trkpt lat="37.969284" lon="-122.695116"><ele>439.3</ele></trkpt><trkpt lat="37.969204" lon="-122.694945"><ele>439.7</ele></trkpt><trkpt lat="37.969124" lon="-122.694840"><ele>440.0</ele></trkpt><trkpt lat="37.969032" lon="-122.694764"><ele>440.2</ele></trkpt><trkpt lat="37.968944" lon="-122.694732"><ele>440.4</ele></trkpt><trkpt lat="37.968839" lon="-122.694729"><ele>440.6</ele></trkpt><trkpt lat="37.968516" lon="-122.694640"><ele>441.1</ele></trkpt><trkpt lat="37.968404" lon="-122.694630"><ele>441.3</ele></trkpt><trkpt lat="37.968282" lon="-122.694576"><ele>441.5</ele></trkpt><trkpt lat="37.968203" lon="-122.694458"><ele>441.7</ele></trkpt><trkpt lat="37.968108" lon="-122.694243"><ele>442.1</ele></trkpt><trkpt lat="37.968028" lon="-122.694041"><ele>442.4</ele></trkpt><trkpt lat="37.967958" lon="-122.693819"><ele>443.0</ele></trkpt><trkpt lat="37.967872" lon="-122.693629"><ele>443.9</ele></trkpt><trkpt lat="37.967699" lon="-122.693336"><ele>445.3</ele></trkpt><trkpt lat="37.967559" lon="-122.693090"><ele>446.6</ele></trkpt><trkpt lat="37.967287" lon="-122.692729"><ele>448.9</ele></trkpt><trkpt lat="37.966975" lon="-122.692336"><ele>451.7</ele></trkpt><trkpt lat="37.966695" lon="-122.692002"><ele>454.5</ele></trkpt><trkpt lat="37.966572" lon="-122.691821"><ele>455.6</ele></trkpt><trkpt lat="37.966480" lon="-122.691771"><ele>455.5</ele></trkpt><trkpt lat="37.966399" lon="-122.691704"><ele>455.4</ele></trkpt><trkpt lat="37.966368" lon="-122.691651"><ele>455.3</ele></trkpt><trkpt lat="37.966362" lon="-122.691604"><ele>455.3</ele></trkpt><trkpt lat="37.966389" lon="-122.691432"><ele>455.1</ele></trkpt><trkpt lat="37.966406" lon="-122.691227"><ele>454.9</ele></trkpt><trkpt lat="37.966407" lon="-122.691162"><ele>454.8</ele></trkpt><trkpt lat="37.966395" lon="-122.691113"><ele>454.8</ele></trkpt><trkpt lat="37.966291" lon="-122.690870"><ele>454.7</ele></trkpt><trkpt lat="37.966177" lon="-122.690584"><ele>454.6</ele></trkpt><trkpt lat="37.966036" lon="-122.690238"><ele>454.5</ele></trkpt><trkpt lat="37.965877" lon="-122.690008"><ele>454.6</ele></trkpt><trkpt lat="37.965757" lon="-122.689731"><ele>454.7</ele></trkpt><trkpt lat="37.965640" lon="-122.689528"><ele>454.8</ele></trkpt><trkpt lat="37.965456" lon="-122.689355"><ele>456.3</ele></trkpt><trkpt lat="37.965308" lon="-122.689109"><ele>458.0</ele></trkpt><trkpt lat="37.965167" lon="-122.688858"><ele>459.7</ele></trkpt><trkpt lat="37.965076" lon="-122.688804"><ele>460.4</ele></trkpt><trkpt lat="37.964983" lon="-122.688780"><ele>461.1</ele></trkpt><trkpt lat="37.964870" lon="-122.688703"><ele>462.0</ele></trkpt><trkpt lat="37.964708" lon="-122.688694"><ele>463.2</ele></trkpt><trkpt lat="37.964379" lon="-122.688578"><ele>465.4</ele></trkpt><trkpt lat="37.964274" lon="-122.688528"><ele>465.9</ele></trkpt><trkpt lat="37.964195" lon="-122.688425"><ele>466.5</ele></trkpt><trkpt lat="37.964071" lon="-122.688243"><ele>467.5</ele></trkpt><trkpt lat="37.963965" lon="-122.688072"><ele>468.3</ele></trkpt><trkpt lat="37.963850" lon="-122.687958"><ele>469.1</ele></trkpt><trkpt lat="37.963698" lon="-122.687886"><ele>470.0</ele></trkpt><trkpt lat="37.963509" lon="-122.687839"><ele>471.1</ele></trkpt><trkpt lat="37.963378" lon="-122.687768"><ele>471.9</ele></trkpt><trkpt lat="37.963290" lon="-122.687657"><ele>472.5</ele></trkpt><trkpt lat="37.963227" lon="-122.687539"><ele>472.8</ele></trkpt><trkpt lat="37.963142" lon="-122.687428"><ele>473.1</ele></trkpt><trkpt lat="37.963098" lon="-122.687275"><ele>473.4</ele></trkpt><trkpt lat="37.963097" lon="-122.687034"><ele>473.9</ele></trkpt><trkpt lat="37.963114" lon="-122.686800"><ele>474.4</ele></trkpt><trkpt lat="37.963104" lon="-122.686686"><ele>474.6</ele></trkpt><trkpt lat="37.963039" lon="-122.686622"><ele>474.9</ele></trkpt><trkpt lat="37.962850" lon="-122.686532"><ele>475.5</ele></trkpt><trkpt lat="37.962680" lon="-122.686467"><ele>476.0</ele></trkpt><trkpt lat="37.962499" lon="-122.686395"><ele>476.3</ele></trkpt><trkpt lat="37.962353" lon="-122.686265"><ele>475.9</ele></trkpt><trkpt lat="37.962197" lon="-122.686089"><ele>475.5</ele></trkpt><trkpt lat="37.962117" lon="-122.685902"><ele>475.1</ele></trkpt><trkpt lat="37.962076" lon="-122.685697"><ele>474.8</ele></trkpt><trkpt lat="37.961989" lon="-122.685510"><ele>474.4</ele></trkpt><trkpt lat="37.961920" lon="-122.685363"><ele>474.1</ele></trkpt><trkpt lat="37.961898" lon="-122.685055"><ele>473.6</ele></trkpt><trkpt lat="37.961919" lon="-122.684762"><ele>473.0</ele></trkpt><trkpt lat="37.961924" lon="-122.684488"><ele>472.5</ele></trkpt><trkpt lat="37.961884" lon="-122.684233"><ele>472.0</ele></trkpt><trkpt lat="37.961826" lon="-122.684066"><ele>471.6</ele></trkpt><trkpt lat="37.961747" lon="-122.683960"><ele>471.5</ele></trkpt><trkpt lat="37.961636" lon="-122.683856"><ele>471.3</ele></trkpt><trkpt lat="37.961511" lon="-122.683826"><ele>471.2</ele></trkpt><trkpt lat="37.961346" lon="-122.683838"><ele>471.1</ele></trkpt><trkpt lat="37.961264" lon="-122.683811"><ele>471.0</ele></trkpt><trkpt lat="37.961102" lon="-122.683680"><ele>471.0</ele></trkpt><trkpt lat="37.960976" lon="-122.683619"><ele>471.1</ele></trkpt><trkpt lat="37.960725" lon="-122.683670"><ele>471.3</ele></trkpt><trkpt lat="37.960565" lon="-122.683681"><ele>471.4</ele></trkpt><trkpt lat="37.960471" lon="-122.683652"><ele>471.5</ele></trkpt><trkpt lat="37.960403" lon="-122.683520"><ele>472.0</ele></trkpt><trkpt lat="37.960341" lon="-122.683327"><ele>472.7</ele></trkpt><trkpt lat="37.960238" lon="-122.683138"><ele>473.5</ele></trkpt><trkpt lat="37.960119" lon="-122.682973"><ele>474.2</ele></trkpt><trkpt lat="37.959981" lon="-122.682802"><ele>474.6</ele></trkpt><trkpt lat="37.959861" lon="-122.682701"><ele>474.7</ele></trkpt><trkpt lat="37.959737" lon="-122.682695"><ele>474.7</ele></trkpt><trkpt lat="37.959621" lon="-122.682720"><ele>474.8</ele></trkpt><trkpt lat="37.959484" lon="-122.682830"><ele>474.8</ele></trkpt><trkpt lat="37.959357" lon="-122.682936"><ele>474.6</ele></trkpt><trkpt lat="37.959301" lon="-122.683014"><ele>474.3</ele></trkpt><trkpt lat="37.959238" lon="-122.683198"><ele>473.8</ele></trkpt><trkpt lat="37.959120" lon="-122.683428"><ele>473.0</ele></trkpt><trkpt lat="37.958975" lon="-122.683599"><ele>472.2</ele></trkpt><trkpt lat="37.958918" lon="-122.683640"><ele>471.7</ele></trkpt><trkpt lat="37.958867" lon="-122.683658"><ele>471.2</ele></trkpt><trkpt lat="37.958826" lon="-122.683649"><ele>470.9</ele></trkpt><trkpt lat="37.958763" lon="-122.683616"><ele>470.3</ele></trkpt><trkpt lat="37.958674" lon="-122.683553"><ele>469.5</ele></trkpt><trkpt lat="37.958566" lon="-122.683508"><ele>468.5</ele></trkpt><trkpt lat="37.958458" lon="-122.683471"><ele>467.6</ele></trkpt><trkpt lat="37.958356" lon="-122.683461"><ele>466.7</ele></trkpt><trkpt lat="37.958163" lon="-122.683484"><ele>465.7</ele></trkpt><trkpt lat="37.958036" lon="-122.683488"><ele>465.2</ele></trkpt><trkpt lat="37.957957" lon="-122.683470"><ele>464.8</ele></trkpt><trkpt lat="37.957884" lon="-122.683420"><ele>464.5</ele></trkpt><trkpt lat="37.957814" lon="-122.683346"><ele>464.1</ele></trkpt><trkpt lat="37.957754" lon="-122.683244"><ele>463.7</ele></trkpt><trkpt lat="37.957680" lon="-122.683016"><ele>463.5</ele></trkpt><trkpt lat="37.957641" lon="-122.682945"><ele>463.6</ele></trkpt><trkpt lat="37.957580" lon="-122.682908"><ele>463.7</ele></trkpt><trkpt lat="37.957450" lon="-122.682782"><ele>464.0</ele></trkpt><trkpt lat="37.957378" lon="-122.682706"><ele>464.1</ele></trkpt><trkpt lat="37.957220" lon="-122.682531"><ele>464.5</ele></trkpt><trkpt lat="37.957062" lon="-122.682357"><ele>465.3</ele></trkpt><trkpt lat="37.956980" lon="-122.682299"><ele>465.7</ele></trkpt><trkpt lat="37.956855" lon="-122.682225"><ele>466.3</ele></trkpt><trkpt lat="37.956473" lon="-122.682034"><ele>468.2</ele></trkpt><trkpt lat="37.956412" lon="-122.681991"><ele>468.6</ele></trkpt><trkpt lat="37.956329" lon="-122.681902"><ele>469.2</ele></trkpt><trkpt lat="37.956173" lon="-122.681723"><ele>470.3</ele></trkpt><trkpt lat="37.955958" lon="-122.681298"><ele>472.4</ele></trkpt><trkpt lat="37.955862" lon="-122.681155"><ele>473.2</ele></trkpt><trkpt lat="37.955756" lon="-122.681007"><ele>474.0</ele></trkpt><trkpt lat="37.955701" lon="-122.680946"><ele>474.3</ele></trkpt><trkpt lat="37.955602" lon="-122.680867"><ele>474.9</ele></trkpt><trkpt lat="37.955519" lon="-122.680831"><ele>475.3</ele></trkpt><trkpt lat="37.955465" lon="-122.680816"><ele>475.6</ele></trkpt><trkpt lat="37.955297" lon="-122.680813"><ele>476.3</ele></trkpt><trkpt lat="37.955196" lon="-122.680790"><ele>476.7</ele></trkpt><trkpt lat="37.955160" lon="-122.680761"><ele>476.9</ele></trkpt><trkpt lat="37.955062" lon="-122.680622"><ele>477.5</ele></trkpt><trkpt lat="37.954987" lon="-122.680470"><ele>478.2</ele></trkpt><trkpt lat="37.954904" lon="-122.680279"><ele>478.8</ele></trkpt><trkpt lat="37.954885" lon="-122.680211"><ele>479.0</ele></trkpt><trkpt lat="37.954876" lon="-122.680001"><ele>479.7</ele></trkpt><trkpt lat="37.954877" lon="-122.679788"><ele>480.3</ele></trkpt><trkpt lat="37.954870" lon="-122.679741"><ele>480.4</ele></trkpt><trkpt lat="37.954844" lon="-122.679673"><ele>480.7</ele></trkpt><trkpt lat="37.954543" lon="-122.679322"><ele>482.9</ele></trkpt><trkpt lat="37.954367" lon="-122.678962"><ele>484.9</ele></trkpt><trkpt lat="37.954358" lon="-122.678913"><ele>485.1</ele></trkpt><trkpt lat="37.954357" lon="-122.678660"><ele>486.4</ele></trkpt><trkpt lat="37.954350" lon="-122.678626"><ele>486.5</ele></trkpt><trkpt lat="37.954323" lon="-122.678575"><ele>486.8</ele></trkpt><trkpt lat="37.954282" lon="-122.678535"><ele>487.2</ele></trkpt><trkpt lat="37.954232" lon="-122.678503"><ele>487.5</ele></trkpt><trkpt lat="37.954094" lon="-122.678467"><ele>488.4</ele></trkpt><trkpt lat="37.954065" lon="-122.678436"><ele>488.6</ele></trkpt><trkpt lat="37.954055" lon="-122.678401"><ele>488.8</ele></trkpt><trkpt lat="37.954016" lon="-122.678210"><ele>489.8</ele></trkpt><trkpt lat="37.953953" lon="-122.677784"><ele>490.7</ele></trkpt><trkpt lat="37.953959" lon="-122.677690"><ele>490.9</ele></trkpt><trkpt lat="37.953975" lon="-122.677575"><ele>491.1</ele></trkpt><trkpt lat="37.953976" lon="-122.677478"><ele>491.3</ele></trkpt><trkpt lat="37.953966" lon="-122.677388"><ele>491.5</ele></trkpt><trkpt lat="37.953941" lon="-122.677326"><ele>491.6</ele></trkpt><trkpt lat="37.953886" lon="-122.677272"><ele>491.9</ele></trkpt><trkpt lat="37.953815" lon="-122.677218"><ele>492.2</ele></trkpt><trkpt lat="37.953637" lon="-122.677121"><ele>492.8</ele></trkpt><trkpt lat="37.953612" lon="-122.677095"><ele>492.9</ele></trkpt><trkpt lat="37.953595" lon="-122.677061"><ele>493.0</ele></trkpt><trkpt lat="37.953567" lon="-122.676952"><ele>493.3</ele></trkpt><trkpt lat="37.953502" lon="-122.676745"><ele>493.9</ele></trkpt><trkpt lat="37.953502" lon="-122.676745"><ele>493.9</ele></trkpt><trkpt lat="37.953457" lon="-122.676698"><ele>494.1</ele></trkpt><trkpt lat="37.953401" lon="-122.676674"><ele>494.5</ele></trkpt><trkpt lat="37.953345" lon="-122.676668"><ele>494.8</ele></trkpt><trkpt lat="37.953299" lon="-122.676679"><ele>495.0</ele></trkpt><trkpt lat="37.953125" lon="-122.676784"><ele>496.1</ele></trkpt><trkpt lat="37.953055" lon="-122.676816"><ele>496.5</ele></trkpt><trkpt lat="37.952958" lon="-122.676819"><ele>497.0</ele></trkpt><trkpt lat="37.952833" lon="-122.676811"><ele>497.7</ele></trkpt><trkpt lat="37.952726" lon="-122.676767"><ele>498.1</ele></trkpt><trkpt lat="37.952607" lon="-122.676666"><ele>498.3</ele></trkpt><trkpt lat="37.952443" lon="-122.676474"><ele>498.6</ele></trkpt><trkpt lat="37.952263" lon="-122.676368"><ele>498.8</ele></trkpt><trkpt lat="37.952088" lon="-122.676321"><ele>498.3</ele></trkpt><trkpt lat="37.951844" lon="-122.676242"><ele>496.2</ele></trkpt><trkpt lat="37.951619" lon="-122.676220"><ele>494.3</ele></trkpt><trkpt lat="37.951483" lon="-122.676169"><ele>493.1</ele></trkpt><trkpt lat="37.951361" lon="-122.676090"><ele>491.3</ele></trkpt><trkpt lat="37.951299" lon="-122.676011"><ele>490.1</ele></trkpt><trkpt lat="37.951301" lon="-122.675925"><ele>489.1</ele></trkpt><trkpt lat="37.951326" lon="-122.675842"><ele>488.1</ele></trkpt><trkpt lat="37.951564" lon="-122.675637"><ele>484.0</ele></trkpt><trkpt lat="37.951602" lon="-122.675590"><ele>483.2</ele></trkpt><trkpt lat="37.951646" lon="-122.675446"><ele>481.9</ele></trkpt><trkpt lat="37.951740" lon="-122.675220"><ele>480.0</ele></trkpt><trkpt lat="37.951873" lon="-122.675057"><ele>478.3</ele></trkpt><trkpt lat="37.952065" lon="-122.674876"><ele>476.1</ele></trkpt><trkpt lat="37.952100" lon="-122.674816"><ele>475.8</ele></trkpt><trkpt lat="37.952113" lon="-122.674758"><ele>475.9</ele></trkpt><trkpt lat="37.952105" lon="-122.674700"><ele>475.9</ele></trkpt><trkpt lat="37.952070" lon="-122.674575"><ele>476.0</ele></trkpt><trkpt lat="37.951966" lon="-122.674401"><ele>476.1</ele></trkpt><trkpt lat="37.951897" lon="-122.674232"><ele>476.3</ele></trkpt><trkpt lat="37.951861" lon="-122.674006"><ele>476.6</ele></trkpt><trkpt lat="37.951815" lon="-122.673775"><ele>477.8</ele></trkpt><trkpt lat="37.951747" lon="-122.673598"><ele>478.9</ele></trkpt><trkpt lat="37.951679" lon="-122.673459"><ele>479.7</ele></trkpt><trkpt lat="37.951602" lon="-122.673343"><ele>480.5</ele></trkpt><trkpt lat="37.951390" lon="-122.673125"><ele>482.3</ele></trkpt><trkpt lat="37.951345" lon="-122.673085"><ele>482.7</ele></trkpt><trkpt lat="37.951218" lon="-122.672963"><ele>483.7</ele></trkpt><trkpt lat="37.951090" lon="-122.672840"><ele>484.7</ele></trkpt><trkpt lat="37.950918" lon="-122.672799"><ele>485.8</ele></trkpt><trkpt lat="37.950721" lon="-122.672819"><ele>486.1</ele></trkpt><trkpt lat="37.950547" lon="-122.672844"><ele>486.3</ele></trkpt><trkpt lat="37.950409" lon="-122.672798"><ele>486.5</ele></trkpt><trkpt lat="37.950281" lon="-122.672668"><ele>486.7</ele></trkpt><trkpt lat="37.950203" lon="-122.672514"><ele>487.0</ele></trkpt><trkpt lat="37.950189" lon="-122.672300"><ele>487.3</ele></trkpt><trkpt lat="37.950166" lon="-122.672079"><ele>487.7</ele></trkpt><trkpt lat="37.950093" lon="-122.671854"><ele>488.1</ele></trkpt><trkpt lat="37.949997" lon="-122.671614"><ele>489.1</ele></trkpt><trkpt lat="37.949874" lon="-122.671412"><ele>490.5</ele></trkpt><trkpt lat="37.949785" lon="-122.671302"><ele>491.3</ele></trkpt><trkpt lat="37.949681" lon="-122.671190"><ele>492.2</ele></trkpt><trkpt lat="37.949552" lon="-122.671054"><ele>493.4</ele></trkpt><trkpt lat="37.949403" lon="-122.670854"><ele>495.1</ele></trkpt><trkpt lat="37.949331" lon="-122.670689"><ele>496.3</ele></trkpt><trkpt lat="37.949310" lon="-122.670551"><ele>497.2</ele></trkpt><trkpt lat="37.949309" lon="-122.670397"><ele>498.2</ele></trkpt><trkpt lat="37.949282" lon="-122.670251"><ele>499.0</ele></trkpt><trkpt lat="37.949224" lon="-122.670079"><ele>499.5</ele></trkpt><trkpt lat="37.949179" lon="-122.669887"><ele>500.1</ele></trkpt><trkpt lat="37.949151" lon="-122.669647"><ele>500.7</ele></trkpt><trkpt lat="37.949104" lon="-122.669426"><ele>501.4</ele></trkpt><trkpt lat="37.949049" lon="-122.669199"><ele>500.5</ele></trkpt><trkpt lat="37.949009" lon="-122.669055"><ele>499.9</ele></trkpt><trkpt lat="37.948956" lon="-122.668958"><ele>499.4</ele></trkpt><trkpt lat="37.948778" lon="-122.668869"><ele>498.5</ele></trkpt><trkpt lat="37.948606" lon="-122.668798"><ele>497.5</ele></trkpt><trkpt lat="37.948457" lon="-122.668732"><ele>496.4</ele></trkpt><trkpt lat="37.948317" lon="-122.668686"><ele>495.5</ele></trkpt><trkpt lat="37.948160" lon="-122.668686"><ele>494.4</ele></trkpt><trkpt lat="37.947993" lon="-122.668741"><ele>493.3</ele></trkpt><trkpt lat="37.947799" lon="-122.668808"><ele>492.4</ele></trkpt><trkpt lat="37.947653" lon="-122.668892"><ele>491.8</ele></trkpt><trkpt lat="37.947456" lon="-122.669042"><ele>491.0</ele></trkpt><trkpt lat="37.947352" lon="-122.669089"><ele>490.7</ele></trkpt><trkpt lat="37.947237" lon="-122.669090"><ele>490.7</ele></trkpt><trkpt lat="37.947129" lon="-122.669046"><ele>491.3</ele></trkpt><trkpt lat="37.947069" lon="-122.668960"><ele>491.8</ele></trkpt><trkpt lat="37.947032" lon="-122.668833"><ele>492.4</ele></trkpt><trkpt lat="37.947019" lon="-122.668686"><ele>493.0</ele></trkpt><trkpt lat="37.947031" lon="-122.668505"><ele>493.8</ele></trkpt><trkpt lat="37.947034" lon="-122.668342"><ele>494.5</ele></trkpt><trkpt lat="37.946950" lon="-122.668025"><ele>496.1</ele></trkpt><trkpt lat="37.946932" lon="-122.667854"><ele>496.9</ele></trkpt><trkpt lat="37.946948" lon="-122.667635"><ele>497.9</ele></trkpt><trkpt lat="37.946980" lon="-122.667441"><ele>498.7</ele></trkpt><trkpt lat="37.946991" lon="-122.667249"><ele>498.8</ele></trkpt><trkpt lat="37.946964" lon="-122.667084"><ele>498.9</ele></trkpt><trkpt lat="37.946883" lon="-122.666886"><ele>499.1</ele></trkpt><trkpt lat="37.946788" lon="-122.666655"><ele>499.2</ele></trkpt><trkpt lat="37.946698" lon="-122.666500"><ele>498.6</ele></trkpt><trkpt lat="37.946607" lon="-122.666314"><ele>497.7</ele></trkpt><trkpt lat="37.946539" lon="-122.666122"><ele>496.9</ele></trkpt><trkpt lat="37.946524" lon="-122.665931"><ele>496.1</ele></trkpt><trkpt lat="37.946501" lon="-122.665743"><ele>495.4</ele></trkpt><trkpt lat="37.946443" lon="-122.665552"><ele>494.8</ele></trkpt><trkpt lat="37.946357" lon="-122.665363"><ele>494.1</ele></trkpt><trkpt lat="37.946280" lon="-122.665184"><ele>493.5</ele></trkpt><trkpt lat="37.946219" lon="-122.665008"><ele>493.0</ele></trkpt><trkpt lat="37.946165" lon="-122.664890"><ele>492.8</ele></trkpt><trkpt lat="37.946060" lon="-122.664777"><ele>492.6</ele></trkpt><trkpt lat="37.946028" lon="-122.664664"><ele>492.5</ele></trkpt><trkpt lat="37.946010" lon="-122.664519"><ele>492.3</ele></trkpt><trkpt lat="37.945939" lon="-122.664389"><ele>492.2</ele></trkpt><trkpt lat="37.945871" lon="-122.664306"><ele>492.0</ele></trkpt><trkpt lat="37.945745" lon="-122.664212"><ele>492.0</ele></trkpt><trkpt lat="37.945605" lon="-122.664133"><ele>492.1</ele></trkpt><trkpt lat="37.945495" lon="-122.664016"><ele>492.3</ele></trkpt><trkpt lat="37.945437" lon="-122.663847"><ele>492.4</ele></trkpt><trkpt lat="37.945432" lon="-122.663637"><ele>492.5</ele></trkpt><trkpt lat="37.945423" lon="-122.663451"><ele>492.5</ele></trkpt><trkpt lat="37.945376" lon="-122.663298"><ele>492.4</ele></trkpt><trkpt lat="37.945274" lon="-122.663152"><ele>492.2</ele></trkpt><trkpt lat="37.945102" lon="-122.662987"><ele>492.0</ele></trkpt><trkpt lat="37.944975" lon="-122.662885"><ele>491.9</ele></trkpt><trkpt lat="37.944826" lon="-122.662748"><ele>491.6</ele></trkpt><trkpt lat="37.944645" lon="-122.662581"><ele>491.2</ele></trkpt><trkpt lat="37.944483" lon="-122.662421"><ele>490.9</ele></trkpt><trkpt lat="37.944297" lon="-122.662312"><ele>490.3</ele></trkpt><trkpt lat="37.944185" lon="-122.662217"><ele>489.8</ele></trkpt><trkpt lat="37.944086" lon="-122.662003"><ele>489.1</ele></trkpt><trkpt lat="37.943949" lon="-122.661831"><ele>488.5</ele></trkpt><trkpt lat="37.943759" lon="-122.661669"><ele>487.5</ele></trkpt><trkpt lat="37.943588" lon="-122.661479"><ele>486.4</ele></trkpt><trkpt lat="37.943464" lon="-122.661371"><ele>485.8</ele></trkpt><trkpt lat="37.943345" lon="-122.661326"><ele>485.2</ele></trkpt><trkpt lat="37.943106" lon="-122.661347"><ele>484.4</ele></trkpt><trkpt lat="37.942983" lon="-122.661328"><ele>484.0</ele></trkpt><trkpt lat="37.942881" lon="-122.661272"><ele>483.7</ele></trkpt><trkpt lat="37.942823" lon="-122.661152"><ele>483.4</ele></trkpt><trkpt lat="37.942782" lon="-122.661017"><ele>483.0</ele></trkpt><trkpt lat="37.942735" lon="-122.660920"><ele>482.8</ele></trkpt><trkpt lat="37.942637" lon="-122.660837"><ele>482.4</ele></trkpt><trkpt lat="37.942518" lon="-122.660796"><ele>482.0</ele></trkpt><trkpt lat="37.942374" lon="-122.660798"><ele>481.5</ele></trkpt><trkpt lat="37.942270" lon="-122.660787"><ele>481.1</ele></trkpt><trkpt lat="37.942196" lon="-122.660739"><ele>480.8</ele></trkpt><trkpt lat="37.942147" lon="-122.660626"><ele>480.5</ele></trkpt><trkpt lat="37.942116" lon="-122.660498"><ele>480.3</ele></trkpt><trkpt lat="37.942095" lon="-122.660256"><ele>480.0</ele></trkpt><trkpt lat="37.942063" lon="-122.660076"><ele>479.8</ele></trkpt><trkpt lat="37.941988" lon="-122.659938"><ele>479.7</ele></trkpt><trkpt lat="37.941732" lon="-122.659709"><ele>479.1</ele></trkpt><trkpt lat="37.941532" lon="-122.659543"><ele>478.5</ele></trkpt><trkpt lat="37.941415" lon="-122.659458"><ele>478.2</ele></trkpt><trkpt lat="37.941350" lon="-122.659433"><ele>478.0</ele></trkpt><trkpt lat="37.941228" lon="-122.659472"><ele>477.7</ele></trkpt><trkpt lat="37.941069" lon="-122.659586"><ele>476.9</ele></trkpt><trkpt lat="37.941005" lon="-122.659610"><ele>476.6</ele></trkpt><trkpt lat="37.940951" lon="-122.659593"><ele>476.3</ele></trkpt><trkpt lat="37.940936" lon="-122.659534"><ele>476.1</ele></trkpt><trkpt lat="37.940935" lon="-122.659444"><ele>475.8</ele></trkpt><trkpt lat="37.940877" lon="-122.658997"><ele>473.9</ele></trkpt><trkpt lat="37.940825" lon="-122.658819"><ele>472.5</ele></trkpt><trkpt lat="37.940761" lon="-122.658690"><ele>471.4</ele></trkpt><trkpt lat="37.940638" lon="-122.658558"><ele>469.9</ele></trkpt><trkpt lat="37.940447" lon="-122.658385"><ele>467.7</ele></trkpt><trkpt lat="37.940294" lon="-122.658318"><ele>466.3</ele></trkpt><trkpt lat="37.940203" lon="-122.658300"><ele>465.5</ele></trkpt><trkpt lat="37.939640" lon="-122.658449"><ele>461.1</ele></trkpt><trkpt lat="37.939437" lon="-122.658555"><ele>460.3</ele></trkpt><trkpt lat="37.939396" lon="-122.658496"><ele>460.1</ele></trkpt><trkpt lat="37.939370" lon="-122.658445"><ele>459.9</ele></trkpt><trkpt lat="37.939362" lon="-122.658402"><ele>459.7</ele></trkpt><trkpt lat="37.939365" lon="-122.658368"><ele>459.6</ele></trkpt><trkpt lat="37.939287" lon="-122.658360"><ele>459.3</ele></trkpt><trkpt lat="37.939241" lon="-122.658345"><ele>459.2</ele></trkpt><trkpt lat="37.939184" lon="-122.658321"><ele>458.9</ele></trkpt><trkpt lat="37.939132" lon="-122.658294"><ele>458.7</ele></trkpt><trkpt lat="37.938909" lon="-122.658104"><ele>458.5</ele></trkpt><trkpt lat="37.938855" lon="-122.658072"><ele>458.4</ele></trkpt><trkpt lat="37.938792" lon="-122.658042"><ele>458.4</ele></trkpt><trkpt lat="37.938716" lon="-122.658017"><ele>458.3</ele></trkpt><trkpt lat="37.938656" lon="-122.658005"><ele>458.3</ele></trkpt><trkpt lat="37.938342" lon="-122.658008"><ele>458.0</ele></trkpt><trkpt lat="37.938309" lon="-122.657992"><ele>457.9</ele></trkpt><trkpt lat="37.938275" lon="-122.657956"><ele>457.9</ele></trkpt><trkpt lat="37.938251" lon="-122.657915"><ele>457.8</ele></trkpt><trkpt lat="37.938228" lon="-122.657868"><ele>457.8</ele></trkpt><trkpt lat="37.938119" lon="-122.657402"><ele>457.3</ele></trkpt><trkpt lat="37.938093" lon="-122.657342"><ele>457.2</ele></trkpt><trkpt lat="37.938058" lon="-122.657290"><ele>457.0</ele></trkpt><trkpt lat="37.938008" lon="-122.657237"><ele>456.8</ele></trkpt><trkpt lat="37.937960" lon="-122.657205"><ele>456.6</ele></trkpt><trkpt lat="37.937757" lon="-122.657104"><ele>455.9</ele></trkpt><trkpt lat="37.937633" lon="-122.657044"><ele>455.4</ele></trkpt><trkpt lat="37.937470" lon="-122.657011"><ele>454.9</ele></trkpt><trkpt lat="37.937366" lon="-122.656992"><ele>454.9</ele></trkpt><trkpt lat="37.937257" lon="-122.656974"><ele>455.0</ele></trkpt><trkpt lat="37.937085" lon="-122.656961"><ele>455.2</ele></trkpt><trkpt lat="37.937027" lon="-122.656939"><ele>455.3</ele></trkpt><trkpt lat="37.936971" lon="-122.656912"><ele>455.4</ele></trkpt><trkpt lat="37.936928" lon="-122.656880"><ele>455.4</ele></trkpt><trkpt lat="37.936897" lon="-122.656852"><ele>455.5</ele></trkpt><trkpt lat="37.936871" lon="-122.656810"><ele>455.5</ele></trkpt><trkpt lat="37.936848" lon="-122.656764"><ele>455.6</ele></trkpt><trkpt lat="37.936826" lon="-122.656708"><ele>455.6</ele></trkpt><trkpt lat="37.936810" lon="-122.656644"><ele>455.7</ele></trkpt><trkpt lat="37.936801" lon="-122.656578"><ele>455.7</ele></trkpt><trkpt lat="37.936793" lon="-122.656416"><ele>455.8</ele></trkpt><trkpt lat="37.936791" lon="-122.656177"><ele>455.8</ele></trkpt><trkpt lat="37.936786" lon="-122.656095"><ele>455.9</ele></trkpt><trkpt lat="37.936779" lon="-122.656030"><ele>455.9</ele></trkpt><trkpt lat="37.936769" lon="-122.655956"><ele>455.9</ele></trkpt><trkpt lat="37.936756" lon="-122.655895"><ele>455.9</ele></trkpt><trkpt lat="37.936735" lon="-122.655835"><ele>456.0</ele></trkpt><trkpt lat="37.936653" lon="-122.655603"><ele>456.3</ele></trkpt><trkpt lat="37.936539" lon="-122.655383"><ele>456.6</ele></trkpt><trkpt lat="37.936454" lon="-122.655231"><ele>456.9</ele></trkpt><trkpt lat="37.936383" lon="-122.655130"><ele>457.0</ele></trkpt><trkpt lat="37.936338" lon="-122.655060"><ele>457.2</ele></trkpt><trkpt lat="37.936282" lon="-122.654954"><ele>457.1</ele></trkpt><trkpt lat="37.936247" lon="-122.654853"><ele>456.9</ele></trkpt><trkpt lat="37.936202" lon="-122.654699"><ele>456.7</ele></trkpt><trkpt lat="37.936134" lon="-122.654468"><ele>456.4</ele></trkpt><trkpt lat="37.936068" lon="-122.654321"><ele>456.2</ele></trkpt><trkpt lat="37.935988" lon="-122.654188"><ele>456.0</ele></trkpt><trkpt lat="37.935789" lon="-122.653943"><ele>456.2</ele></trkpt><trkpt lat="37.935739" lon="-122.653864"><ele>456.3</ele></trkpt><trkpt lat="37.935689" lon="-122.653762"><ele>456.4</ele></trkpt><trkpt lat="37.935536" lon="-122.653377"><ele>456.5</ele></trkpt><trkpt lat="37.935346" lon="-122.652899"><ele>456.4</ele></trkpt><trkpt lat="37.935330" lon="-122.652830"><ele>456.3</ele></trkpt><trkpt lat="37.935323" lon="-122.652763"><ele>456.3</ele></trkpt><trkpt lat="37.935317" lon="-122.652569"><ele>456.5</ele></trkpt><trkpt lat="37.935328" lon="-122.652483"><ele>456.8</ele></trkpt><trkpt lat="37.935342" lon="-122.652403"><ele>457.0</ele></trkpt><trkpt lat="37.935364" lon="-122.652312"><ele>457.2</ele></trkpt><trkpt lat="37.935453" lon="-122.652027"><ele>458.0</ele></trkpt><trkpt lat="37.935577" lon="-122.651603"><ele>459.8</ele></trkpt><trkpt lat="37.935773" lon="-122.650998"><ele>463.5</ele></trkpt><trkpt lat="37.935796" lon="-122.650898"><ele>464.2</ele></trkpt><trkpt lat="37.935799" lon="-122.650774"><ele>465.3</ele></trkpt><trkpt lat="37.935780" lon="-122.650663"><ele>466.3</ele></trkpt><trkpt lat="37.935741" lon="-122.650562"><ele>467.3</ele></trkpt><trkpt lat="37.935079" lon="-122.649161"><ele>482.0</ele></trkpt><trkpt lat="37.934710" lon="-122.648370"><ele>487.8</ele></trkpt><trkpt lat="37.934275" lon="-122.647486"><ele>491.8</ele></trkpt><trkpt lat="37.933914" lon="-122.646689"><ele>492.8</ele></trkpt><trkpt lat="37.933828" lon="-122.646549"><ele>492.9</ele></trkpt><trkpt lat="37.933747" lon="-122.646457"><ele>493.0</ele></trkpt><trkpt lat="37.933657" lon="-122.646395"><ele>493.1</ele></trkpt><trkpt lat="37.933565" lon="-122.646368"><ele>493.2</ele></trkpt><trkpt lat="37.933413" lon="-122.646333"><ele>493.8</ele></trkpt><trkpt lat="37.933303" lon="-122.646298"><ele>494.3</ele></trkpt><trkpt lat="37.933138" lon="-122.646201"><ele>495.0</ele></trkpt><trkpt lat="37.932828" lon="-122.645993"><ele>496.7</ele></trkpt><trkpt lat="37.932297" lon="-122.645698"><ele>500.6</ele></trkpt><trkpt lat="37.932135" lon="-122.645592"><ele>502.3</ele></trkpt><trkpt lat="37.931961" lon="-122.645464"><ele>504.3</ele></trkpt><trkpt lat="37.931840" lon="-122.645383"><ele>505.7</ele></trkpt><trkpt lat="37.931711" lon="-122.645305"><ele>507.1</ele></trkpt><trkpt lat="37.931532" lon="-122.645211"><ele>508.7</ele></trkpt><trkpt lat="37.931383" lon="-122.645126"><ele>509.6</ele></trkpt><trkpt lat="37.931098" lon="-122.644945"><ele>511.2</ele></trkpt><trkpt lat="37.930885" lon="-122.644811"><ele>512.0</ele></trkpt><trkpt lat="37.930705" lon="-122.644713"><ele>511.6</ele></trkpt><trkpt lat="37.930517" lon="-122.644623"><ele>511.3</ele></trkpt><trkpt lat="37.930080" lon="-122.644428"><ele>509.7</ele></trkpt><trkpt lat="37.929775" lon="-122.644270"><ele>507.9</ele></trkpt><trkpt lat="37.929504" lon="-122.644069"><ele>506.3</ele></trkpt><trkpt lat="37.929123" lon="-122.643729"><ele>503.9</ele></trkpt><trkpt lat="37.928728" lon="-122.643394"><ele>503.4</ele></trkpt><trkpt lat="37.928074" lon="-122.642789"><ele>504.1</ele></trkpt><trkpt lat="37.927721" lon="-122.642497"><ele>504.8</ele></trkpt><trkpt lat="37.927533" lon="-122.642369"><ele>505.3</ele></trkpt><trkpt lat="37.927346" lon="-122.642231"><ele>505.9</ele></trkpt><trkpt lat="37.927154" lon="-122.642052"><ele>506.3</ele></trkpt><trkpt lat="37.926948" lon="-122.641833"><ele>506.4</ele></trkpt><trkpt lat="37.926736" lon="-122.641620"><ele>506.5</ele></trkpt><trkpt lat="37.926555" lon="-122.641453"><ele>506.8</ele></trkpt><trkpt lat="37.926363" lon="-122.641266"><ele>507.3</ele></trkpt><trkpt lat="37.926263" lon="-122.641186"><ele>507.6</ele></trkpt><trkpt lat="37.926159" lon="-122.641131"><ele>507.8</ele></trkpt><trkpt lat="37.926008" lon="-122.641073"><ele>508.3</ele></trkpt><trkpt lat="37.925895" lon="-122.641018"><ele>509.2</ele></trkpt><trkpt lat="37.925786" lon="-122.640951"><ele>510.0</ele></trkpt><trkpt lat="37.925710" lon="-122.640906"><ele>510.6</ele></trkpt><trkpt lat="37.925648" lon="-122.640881"><ele>511.1</ele></trkpt><trkpt lat="37.925563" lon="-122.640861"><ele>511.7</ele></trkpt><trkpt lat="37.925463" lon="-122.640828"><ele>512.4</ele></trkpt><trkpt lat="37.925355" lon="-122.640773"><ele>513.3</ele></trkpt><trkpt lat="37.925212" lon="-122.640688"><ele>515.2</ele></trkpt><trkpt lat="37.924773" lon="-122.640479"><ele>521.1</ele></trkpt><trkpt lat="37.924675" lon="-122.640424"><ele>522.5</ele></trkpt><trkpt lat="37.924609" lon="-122.640367"><ele>523.1</ele></trkpt><trkpt lat="37.924553" lon="-122.640284"><ele>523.9</ele></trkpt><trkpt lat="37.924520" lon="-122.640196"><ele>524.5</ele></trkpt><trkpt lat="37.924513" lon="-122.640106"><ele>525.1</ele></trkpt><trkpt lat="37.924531" lon="-122.640003"><ele>525.8</ele></trkpt><trkpt lat="37.924587" lon="-122.639888"><ele>526.7</ele></trkpt><trkpt lat="37.924678" lon="-122.639780"><ele>527.8</ele></trkpt><trkpt lat="37.924779" lon="-122.639674"><ele>528.7</ele></trkpt><trkpt lat="37.924812" lon="-122.639631"><ele>528.9</ele></trkpt><trkpt lat="37.924836" lon="-122.639571"><ele>529.1</ele></trkpt><trkpt lat="37.924846" lon="-122.639512"><ele>529.3</ele></trkpt><trkpt lat="37.924846" lon="-122.639455"><ele>529.5</ele></trkpt><trkpt lat="37.924824" lon="-122.639323"><ele>530.0</ele></trkpt><trkpt lat="37.924787" lon="-122.639191"><ele>530.5</ele></trkpt><trkpt lat="37.924733" lon="-122.639055"><ele>531.0</ele></trkpt><trkpt lat="37.924675" lon="-122.638946"><ele>531.4</ele></trkpt><trkpt lat="37.924635" lon="-122.638882"><ele>531.7</ele></trkpt><trkpt lat="37.924552" lon="-122.638763"><ele>532.1</ele></trkpt><trkpt lat="37.924462" lon="-122.638658"><ele>532.5</ele></trkpt><trkpt lat="37.924162" lon="-122.638332"><ele>533.8</ele></trkpt><trkpt lat="37.924033" lon="-122.638178"><ele>534.7</ele></trkpt><trkpt lat="37.923909" lon="-122.638004"><ele>535.7</ele></trkpt><trkpt lat="37.923744" lon="-122.637738"><ele>537.2</ele></trkpt><trkpt lat="37.923613" lon="-122.637505"><ele>538.5</ele></trkpt><trkpt lat="37.923497" lon="-122.637273"><ele>539.9</ele></trkpt><trkpt lat="37.923349" lon="-122.636875"><ele>542.1</ele></trkpt><trkpt lat="37.923263" lon="-122.636572"><ele>543.7</ele></trkpt><trkpt lat="37.923160" lon="-122.636280"><ele>545.3</ele></trkpt><trkpt lat="37.923056" lon="-122.636010"><ele>546.8</ele></trkpt><trkpt lat="37.922922" lon="-122.635729"><ele>548.3</ele></trkpt><trkpt lat="37.922855" lon="-122.635557"><ele>549.2</ele></trkpt><trkpt lat="37.922774" lon="-122.635287"><ele>550.6</ele></trkpt><trkpt lat="37.922730" lon="-122.635158"><ele>551.2</ele></trkpt><trkpt lat="37.922646" lon="-122.635007"><ele>552.4</ele></trkpt><trkpt lat="37.922528" lon="-122.634841"><ele>554.0</ele></trkpt><trkpt lat="37.922329" lon="-122.634574"><ele>556.6</ele></trkpt><trkpt lat="37.922018" lon="-122.634124"><ele>561.6</ele></trkpt><trkpt lat="37.921938" lon="-122.634002"><ele>563.1</ele></trkpt><trkpt lat="37.921889" lon="-122.633896"><ele>564.2</ele></trkpt><trkpt lat="37.921839" lon="-122.633741"><ele>565.8</ele></trkpt><trkpt lat="37.921799" lon="-122.633611"><ele>567.1</ele></trkpt><trkpt lat="37.921747" lon="-122.633507"><ele>568.3</ele></trkpt><trkpt lat="37.921676" lon="-122.633418"><ele>569.5</ele></trkpt><trkpt lat="37.921587" lon="-122.633335"><ele>570.8</ele></trkpt><trkpt lat="37.921511" lon="-122.633268"><ele>572.0</ele></trkpt><trkpt lat="37.921441" lon="-122.633185"><ele>573.1</ele></trkpt><trkpt lat="37.921395" lon="-122.633091"><ele>574.2</ele></trkpt><trkpt lat="37.921369" lon="-122.632984"><ele>575.2</ele></trkpt><trkpt lat="37.921377" lon="-122.632787"><ele>577.0</ele></trkpt><trkpt lat="37.921374" lon="-122.632678"><ele>578.0</ele></trkpt><trkpt lat="37.921346" lon="-122.632564"><ele>579.1</ele></trkpt><trkpt lat="37.921274" lon="-122.632413"><ele>580.6</ele></trkpt><trkpt lat="37.921161" lon="-122.632230"><ele>582.7</ele></trkpt><trkpt lat="37.921114" lon="-122.632154"><ele>583.3</ele></trkpt><trkpt lat="37.921081" lon="-122.632071"><ele>583.6</ele></trkpt><trkpt lat="37.921033" lon="-122.631922"><ele>584.2</ele></trkpt><trkpt lat="37.920932" lon="-122.631517"><ele>585.8</ele></trkpt><trkpt lat="37.920870" lon="-122.631319"><ele>586.6</ele></trkpt><trkpt lat="37.920632" lon="-122.630608"><ele>588.3</ele></trkpt><trkpt lat="37.920549" lon="-122.630323"><ele>588.6</ele></trkpt><trkpt lat="37.920506" lon="-122.630209"><ele>588.7</ele></trkpt><trkpt lat="37.920445" lon="-122.630095"><ele>588.7</ele></trkpt><trkpt lat="37.920363" lon="-122.629990"><ele>588.8</ele></trkpt><trkpt lat="37.919783" lon="-122.629411"><ele>588.4</ele></trkpt><trkpt lat="37.919349" lon="-122.629015"><ele>588.1</ele></trkpt><trkpt lat="37.919267" lon="-122.628947"><ele>588.1</ele></trkpt><trkpt lat="37.919186" lon="-122.628891"><ele>588.0</ele></trkpt><trkpt lat="37.919037" lon="-122.628819"><ele>588.0</ele></trkpt><trkpt lat="37.918886" lon="-122.628765"><ele>587.8</ele></trkpt><trkpt lat="37.918737" lon="-122.628743"><ele>587.6</ele></trkpt><trkpt lat="37.918593" lon="-122.628741"><ele>587.5</ele></trkpt><trkpt lat="37.918460" lon="-122.628757"><ele>587.3</ele></trkpt><trkpt lat="37.918309" lon="-122.628798"><ele>587.1</ele></trkpt><trkpt lat="37.918028" lon="-122.628886"><ele>589.3</ele></trkpt><trkpt lat="37.917903" lon="-122.628911"><ele>590.5</ele></trkpt><trkpt lat="37.917786" lon="-122.628923"><ele>591.6</ele></trkpt><trkpt lat="37.917673" lon="-122.628921"><ele>592.6</ele></trkpt><trkpt lat="37.917316" lon="-122.628868"><ele>596.8</ele></trkpt><trkpt lat="37.917224" lon="-122.628861"><ele>598.0</ele></trkpt><trkpt lat="37.917034" lon="-122.628858"><ele>600.4</ele></trkpt><trkpt lat="37.916817" lon="-122.628848"><ele>603.2</ele></trkpt><trkpt lat="37.916712" lon="-122.628834"><ele>604.5</ele></trkpt><trkpt lat="37.916627" lon="-122.628806"><ele>605.5</ele></trkpt><trkpt lat="37.916557" lon="-122.628760"><ele>606.5</ele></trkpt><trkpt lat="37.916489" lon="-122.628686"><ele>607.6</ele></trkpt><trkpt lat="37.916421" lon="-122.628569"><ele>609.0</ele></trkpt><trkpt lat="37.916371" lon="-122.628435"><ele>610.4</ele></trkpt><trkpt lat="37.916347" lon="-122.628287"><ele>611.8</ele></trkpt><trkpt lat="37.916359" lon="-122.628135"><ele>612.3</ele></trkpt><trkpt lat="37.916384" lon="-122.628008"><ele>612.7</ele></trkpt><trkpt lat="37.916424" lon="-122.627855"><ele>613.3</ele></trkpt><trkpt lat="37.916435" lon="-122.627746"><ele>613.6</ele></trkpt><trkpt lat="37.916420" lon="-122.627660"><ele>613.9</ele></trkpt><trkpt lat="37.916392" lon="-122.627594"><ele>614.2</ele></trkpt><trkpt lat="37.916337" lon="-122.627522"><ele>614.5</ele></trkpt><trkpt lat="37.916269" lon="-122.627461"><ele>614.7</ele></trkpt><trkpt lat="37.916138" lon="-122.627371"><ele>614.3</ele></trkpt><trkpt lat="37.915938" lon="-122.627241"><ele>613.6</ele></trkpt><trkpt lat="37.915771" lon="-122.627143"><ele>613.1</ele></trkpt><trkpt lat="37.915651" lon="-122.627089"><ele>612.7</ele></trkpt><trkpt lat="37.915443" lon="-122.627004"><ele>612.2</ele></trkpt><trkpt lat="37.915199" lon="-122.626903"><ele>611.7</ele></trkpt><trkpt lat="37.914958" lon="-122.626807"><ele>611.1</ele></trkpt><trkpt lat="37.914668" lon="-122.626689"><ele>610.0</ele></trkpt><trkpt lat="37.914414" lon="-122.626566"><ele>609.0</ele></trkpt><trkpt lat="37.914331" lon="-122.626519"><ele>608.6</ele></trkpt><trkpt lat="37.914263" lon="-122.626451"><ele>608.4</ele></trkpt><trkpt lat="37.914213" lon="-122.626365"><ele>608.2</ele></trkpt><trkpt lat="37.914168" lon="-122.626246"><ele>608.0</ele></trkpt><trkpt lat="37.914097" lon="-122.626050"><ele>607.7</ele></trkpt><trkpt lat="37.914050" lon="-122.625949"><ele>607.6</ele></trkpt><trkpt lat="37.913994" lon="-122.625866"><ele>607.4</ele></trkpt><trkpt lat="37.913929" lon="-122.625798"><ele>607.3</ele></trkpt><trkpt lat="37.913848" lon="-122.625749"><ele>607.2</ele></trkpt><trkpt lat="37.913744" lon="-122.625707"><ele>606.8</ele></trkpt><trkpt lat="37.913643" lon="-122.625661"><ele>606.4</ele></trkpt><trkpt lat="37.913553" lon="-122.625609"><ele>606.1</ele></trkpt><trkpt lat="37.913443" lon="-122.625527"><ele>605.6</ele></trkpt><trkpt lat="37.913326" lon="-122.625424"><ele>605.1</ele></trkpt><trkpt lat="37.913243" lon="-122.625336"><ele>604.8</ele></trkpt><trkpt lat="37.913179" lon="-122.625237"><ele>604.7</ele></trkpt><trkpt lat="37.913126" lon="-122.625118"><ele>604.6</ele></trkpt><trkpt lat="37.913043" lon="-122.624906"><ele>604.4</ele></trkpt><trkpt lat="37.912990" lon="-122.624791"><ele>604.3</ele></trkpt><trkpt lat="37.912925" lon="-122.624700"><ele>604.2</ele></trkpt><trkpt lat="37.912851" lon="-122.624636"><ele>604.2</ele></trkpt><trkpt lat="37.912763" lon="-122.624601"><ele>604.1</ele></trkpt><trkpt lat="37.912668" lon="-122.624597"><ele>603.9</ele></trkpt><trkpt lat="37.912600" lon="-122.624607"><ele>603.9</ele></trkpt><trkpt lat="37.912522" lon="-122.624653"><ele>603.8</ele></trkpt><trkpt lat="37.912458" lon="-122.624728"><ele>603.6</ele></trkpt><trkpt lat="37.912343" lon="-122.624890"><ele>603.4</ele></trkpt><trkpt lat="37.911881" lon="-122.625504"><ele>603.0</ele></trkpt><trkpt lat="37.911794" lon="-122.625606"><ele>602.9</ele></trkpt><trkpt lat="37.911728" lon="-122.625660"><ele>602.9</ele></trkpt><trkpt lat="37.911656" lon="-122.625678"><ele>602.9</ele></trkpt><trkpt lat="37.911582" lon="-122.625668"><ele>603.0</ele></trkpt><trkpt lat="37.911517" lon="-122.625635"><ele>603.1</ele></trkpt><trkpt lat="37.911460" lon="-122.625579"><ele>603.1</ele></trkpt><trkpt lat="37.911395" lon="-122.625499"><ele>603.2</ele></trkpt><trkpt lat="37.911304" lon="-122.625356"><ele>603.3</ele></trkpt><trkpt lat="37.911242" lon="-122.625220"><ele>603.4</ele></trkpt><trkpt lat="37.911197" lon="-122.625073"><ele>603.6</ele></trkpt><trkpt lat="37.911164" lon="-122.624917"><ele>603.9</ele></trkpt><trkpt lat="37.911146" lon="-122.624715"><ele>604.3</ele></trkpt><trkpt lat="37.911129" lon="-122.624570"><ele>604.6</ele></trkpt><trkpt lat="37.911113" lon="-122.624460"><ele>604.8</ele></trkpt><trkpt lat="37.911075" lon="-122.624318"><ele>605.1</ele></trkpt><trkpt lat="37.911002" lon="-122.624114"><ele>605.6</ele></trkpt><trkpt lat="37.910945" lon="-122.623946"><ele>606.0</ele></trkpt><trkpt lat="37.910910" lon="-122.623820"><ele>606.3</ele></trkpt><trkpt lat="37.910895" lon="-122.623687"><ele>606.6</ele></trkpt><trkpt lat="37.910888" lon="-122.623506"><ele>607.1</ele></trkpt><trkpt lat="37.910891" lon="-122.622903"><ele>608.2</ele></trkpt><trkpt lat="37.910882" lon="-122.622566"><ele>608.8</ele></trkpt><trkpt lat="37.910848" lon="-122.622193"><ele>610.0</ele></trkpt><trkpt lat="37.910785" lon="-122.621609"><ele>612.3</ele></trkpt><trkpt lat="37.910745" lon="-122.621337"><ele>613.9</ele></trkpt><trkpt lat="37.910695" lon="-122.621073"><ele>615.6</ele></trkpt><trkpt lat="37.910620" lon="-122.620822"><ele>617.3</ele></trkpt><trkpt lat="37.910506" lon="-122.620596"><ele>618.8</ele></trkpt><trkpt lat="37.910401" lon="-122.620451"><ele>619.5</ele></trkpt><trkpt lat="37.910317" lon="-122.620362"><ele>620.0</ele></trkpt><trkpt lat="37.910216" lon="-122.620291"><ele>620.6</ele></trkpt><trkpt lat="37.910076" lon="-122.620224"><ele>621.3</ele></trkpt><trkpt lat="37.909837" lon="-122.620126"><ele>621.7</ele></trkpt><trkpt lat="37.909762" lon="-122.620082"><ele>621.7</ele></trkpt><trkpt lat="37.909710" lon="-122.620039"><ele>621.7</ele></trkpt><trkpt lat="37.909665" lon="-122.619993"><ele>621.6</ele></trkpt><trkpt lat="37.909631" lon="-122.619956"><ele>621.6</ele></trkpt><trkpt lat="37.909552" lon="-122.619857"><ele>621.6</ele></trkpt><trkpt lat="37.909427" lon="-122.619674"><ele>621.5</ele></trkpt><trkpt lat="37.909333" lon="-122.619513"><ele>620.7</ele></trkpt><trkpt lat="37.909255" lon="-122.619329"><ele>619.7</ele></trkpt><trkpt lat="37.909204" lon="-122.619119"><ele>618.6</ele></trkpt><trkpt lat="37.909173" lon="-122.618890"><ele>617.4</ele></trkpt><trkpt lat="37.909171" lon="-122.618690"><ele>616.5</ele></trkpt><trkpt lat="37.909201" lon="-122.618487"><ele>615.5</ele></trkpt><trkpt lat="37.909259" lon="-122.618219"><ele>614.2</ele></trkpt><trkpt lat="37.909284" lon="-122.618049"><ele>613.4</ele></trkpt><trkpt lat="37.909299" lon="-122.617779"><ele>612.1</ele></trkpt><trkpt lat="37.909291" lon="-122.617595"><ele>611.3</ele></trkpt><trkpt lat="37.909274" lon="-122.617441"><ele>610.5</ele></trkpt><trkpt lat="37.909243" lon="-122.617301"><ele>609.8</ele></trkpt><trkpt lat="37.909173" lon="-122.617011"><ele>608.4</ele></trkpt><trkpt lat="37.909131" lon="-122.616804"><ele>607.6</ele></trkpt><trkpt lat="37.909081" lon="-122.616525"><ele>606.6</ele></trkpt><trkpt lat="37.909054" lon="-122.616311"><ele>605.8</ele></trkpt><trkpt lat="37.909053" lon="-122.616177"><ele>605.3</ele></trkpt><trkpt lat="37.909068" lon="-122.616053"><ele>604.9</ele></trkpt><trkpt lat="37.909105" lon="-122.615926"><ele>604.5</ele></trkpt><trkpt lat="37.909166" lon="-122.615779"><ele>604.1</ele></trkpt><trkpt lat="37.909259" lon="-122.615605"><ele>603.5</ele></trkpt><trkpt lat="37.909448" lon="-122.615289"><ele>602.6</ele></trkpt><trkpt lat="37.909650" lon="-122.614976"><ele>603.0</ele></trkpt><trkpt lat="37.909813" lon="-122.614735"><ele>603.4</ele></trkpt><trkpt lat="37.909965" lon="-122.614503"><ele>603.7</ele></trkpt><trkpt lat="37.910115" lon="-122.614238"><ele>604.2</ele></trkpt><trkpt lat="37.910367" lon="-122.613728"><ele>604.6</ele></trkpt><trkpt lat="37.910440" lon="-122.613569"><ele>604.5</ele></trkpt><trkpt lat="37.910485" lon="-122.613423"><ele>604.4</ele></trkpt><trkpt lat="37.910512" lon="-122.613292"><ele>604.3</ele></trkpt><trkpt lat="37.910531" lon="-122.613156"><ele>604.2</ele></trkpt><trkpt lat="37.910540" lon="-122.613027"><ele>604.1</ele></trkpt><trkpt lat="37.910540" lon="-122.612924"><ele>603.4</ele></trkpt><trkpt lat="37.910536" lon="-122.612863"><ele>603.0</ele></trkpt><trkpt lat="37.910521" lon="-122.612774"><ele>602.3</ele></trkpt><trkpt lat="37.910502" lon="-122.612706"><ele>601.9</ele></trkpt><trkpt lat="37.910456" lon="-122.612576"><ele>600.9</ele></trkpt><trkpt lat="37.910411" lon="-122.612621"><ele>600.4</ele></trkpt><trkpt lat="37.910355" lon="-122.612658"><ele>599.9</ele></trkpt><trkpt lat="37.910285" lon="-122.612684"><ele>599.2</ele></trkpt><trkpt lat="37.910214" lon="-122.612693"><ele>598.6</ele></trkpt><trkpt lat="37.910108" lon="-122.612695"><ele>597.8</ele></trkpt><trkpt lat="37.909996" lon="-122.612692"><ele>597.0</ele></trkpt><trkpt lat="37.909880" lon="-122.612677"><ele>596.2</ele></trkpt><trkpt lat="37.909761" lon="-122.612647"><ele>595.4</ele></trkpt><trkpt lat="37.909662" lon="-122.612624"><ele>594.8</ele></trkpt><trkpt lat="37.909583" lon="-122.612623"><ele>594.2</ele></trkpt><trkpt lat="37.909502" lon="-122.612644"><ele>593.7</ele></trkpt><trkpt lat="37.909417" lon="-122.612688"><ele>593.0</ele></trkpt><trkpt lat="37.909326" lon="-122.612765"><ele>592.2</ele></trkpt><trkpt lat="37.909263" lon="-122.612845"><ele>591.5</ele></trkpt><trkpt lat="37.909221" lon="-122.612927"><ele>590.8</ele></trkpt><trkpt lat="37.909175" lon="-122.613074"><ele>589.8</ele></trkpt><trkpt lat="37.909138" lon="-122.613157"><ele>589.2</ele></trkpt><trkpt lat="37.909094" lon="-122.613211"><ele>588.8</ele></trkpt><trkpt lat="37.909039" lon="-122.613246"><ele>588.3</ele></trkpt><trkpt lat="37.908963" lon="-122.613273"><ele>587.6</ele></trkpt><trkpt lat="37.908895" lon="-122.613309"><ele>587.1</ele></trkpt><trkpt lat="37.908833" lon="-122.613357"><ele>586.7</ele></trkpt><trkpt lat="37.908793" lon="-122.613403"><ele>586.5</ele></trkpt><trkpt lat="37.908756" lon="-122.613465"><ele>586.1</ele></trkpt><trkpt lat="37.908720" lon="-122.613555"><ele>585.7</ele></trkpt><trkpt lat="37.908679" lon="-122.613697"><ele>585.0</ele></trkpt><trkpt lat="37.908638" lon="-122.613808"><ele>584.5</ele></trkpt><trkpt lat="37.908578" lon="-122.613919"><ele>583.9</ele></trkpt><trkpt lat="37.908481" lon="-122.614071"><ele>582.8</ele></trkpt><trkpt lat="37.908407" lon="-122.614167"><ele>581.7</ele></trkpt><trkpt lat="37.908352" lon="-122.614219"><ele>581.0</ele></trkpt><trkpt lat="37.908296" lon="-122.614252"><ele>580.4</ele></trkpt><trkpt lat="37.908242" lon="-122.614268"><ele>579.8</ele></trkpt><trkpt lat="37.908182" lon="-122.614266"><ele>579.2</ele></trkpt><trkpt lat="37.908115" lon="-122.614236"><ele>578.5</ele></trkpt><trkpt lat="37.908028" lon="-122.614168"><ele>577.4</ele></trkpt><trkpt lat="37.907944" lon="-122.614110"><ele>576.4</ele></trkpt><trkpt lat="37.907881" lon="-122.614096"><ele>575.9</ele></trkpt><trkpt lat="37.907813" lon="-122.614105"><ele>575.5</ele></trkpt><trkpt lat="37.907744" lon="-122.614135"><ele>575.0</ele></trkpt><trkpt lat="37.907667" lon="-122.614206"><ele>574.4</ele></trkpt><trkpt lat="37.907587" lon="-122.614305"><ele>573.7</ele></trkpt><trkpt lat="37.907507" lon="-122.614429"><ele>572.9</ele></trkpt><trkpt lat="37.907404" lon="-122.614617"><ele>571.8</ele></trkpt><trkpt lat="37.907344" lon="-122.614726"><ele>570.9</ele></trkpt><trkpt lat="37.907294" lon="-122.614795"><ele>570.2</ele></trkpt><trkpt lat="37.907253" lon="-122.614831"><ele>569.8</ele></trkpt><trkpt lat="37.907200" lon="-122.614855"><ele>569.2</ele></trkpt><trkpt lat="37.907124" lon="-122.614863"><ele>568.5</ele></trkpt><trkpt lat="37.906590" lon="-122.614862"><ele>564.1</ele></trkpt><trkpt lat="37.906381" lon="-122.614863"><ele>563.1</ele></trkpt><trkpt lat="37.906213" lon="-122.614859"><ele>562.2</ele></trkpt><trkpt lat="37.906144" lon="-122.614857"><ele>561.9</ele></trkpt><trkpt lat="37.906041" lon="-122.614852"><ele>561.3</ele></trkpt><trkpt lat="37.905913" lon="-122.614838"><ele>560.6</ele></trkpt><trkpt lat="37.905802" lon="-122.614813"><ele>560.0</ele></trkpt><trkpt lat="37.905697" lon="-122.614773"><ele>559.4</ele></trkpt><trkpt lat="37.905612" lon="-122.614726"><ele>558.9</ele></trkpt><trkpt lat="37.905524" lon="-122.614663"><ele>558.4</ele></trkpt><trkpt lat="37.905309" lon="-122.614485"><ele>557.0</ele></trkpt><trkpt lat="37.905216" lon="-122.614425"><ele>556.5</ele></trkpt><trkpt lat="37.905131" lon="-122.614389"><ele>556.1</ele></trkpt><trkpt lat="37.905015" lon="-122.614360"><ele>555.6</ele></trkpt><trkpt lat="37.904746" lon="-122.614318"><ele>554.3</ele></trkpt><trkpt lat="37.904638" lon="-122.614292"><ele>553.8</ele></trkpt><trkpt lat="37.904580" lon="-122.614263"><ele>553.4</ele></trkpt><trkpt lat="37.904536" lon="-122.614228"><ele>553.0</ele></trkpt><trkpt lat="37.904497" lon="-122.614171"><ele>552.6</ele></trkpt><trkpt lat="37.904476" lon="-122.614106"><ele>552.2</ele></trkpt><trkpt lat="37.904467" lon="-122.614009"><ele>551.6</ele></trkpt><trkpt lat="37.904467" lon="-122.613876"><ele>550.9</ele></trkpt><trkpt lat="37.904482" lon="-122.613775"><ele>550.3</ele></trkpt><trkpt lat="37.904507" lon="-122.613699"><ele>549.8</ele></trkpt><trkpt lat="37.904550" lon="-122.613643"><ele>549.4</ele></trkpt><trkpt lat="37.904609" lon="-122.613608"><ele>548.9</ele></trkpt><trkpt lat="37.904672" lon="-122.613599"><ele>548.6</ele></trkpt><trkpt lat="37.904754" lon="-122.613618"><ele>548.5</ele></trkpt><trkpt lat="37.904924" lon="-122.613699"><ele>548.1</ele></trkpt><trkpt lat="37.905030" lon="-122.613724"><ele>548.0</ele></trkpt><trkpt lat="37.905118" lon="-122.613732"><ele>547.8</ele></trkpt><trkpt lat="37.905234" lon="-122.613722"><ele>547.6</ele></trkpt><trkpt lat="37.905389" lon="-122.613700"><ele>547.1</ele></trkpt><trkpt lat="37.905604" lon="-122.613679"><ele>545.7</ele></trkpt><trkpt lat="37.905874" lon="-122.613679"><ele>543.9</ele></trkpt><trkpt lat="37.906478" lon="-122.613713"><ele>539.8</ele></trkpt><trkpt lat="37.906604" lon="-122.613717"><ele>539.0</ele></trkpt><trkpt lat="37.906688" lon="-122.613704"><ele>538.4</ele></trkpt><trkpt lat="37.906761" lon="-122.613675"><ele>537.9</ele></trkpt><trkpt lat="37.906818" lon="-122.613628"><ele>537.1</ele></trkpt><trkpt lat="37.906855" lon="-122.613569"><ele>536.2</ele></trkpt><trkpt lat="37.906873" lon="-122.613502"><ele>535.4</ele></trkpt><trkpt lat="37.906876" lon="-122.613443"><ele>534.7</ele></trkpt><trkpt lat="37.906863" lon="-122.613379"><ele>533.9</ele></trkpt><trkpt lat="37.906836" lon="-122.613309"><ele>533.0</ele></trkpt><trkpt lat="37.906806" lon="-122.613254"><ele>532.2</ele></trkpt><trkpt lat="37.906683" lon="-122.613079"><ele>529.4</ele></trkpt><trkpt lat="37.906633" lon="-122.612996"><ele>528.2</ele></trkpt><trkpt lat="37.906593" lon="-122.612897"><ele>527.0</ele></trkpt><trkpt lat="37.906589" lon="-122.612834"><ele>526.7</ele></trkpt><trkpt lat="37.906603" lon="-122.612775"><ele>526.5</ele></trkpt><trkpt lat="37.906637" lon="-122.612724"><ele>526.2</ele></trkpt><trkpt lat="37.906695" lon="-122.612675"><ele>525.8</ele></trkpt><trkpt lat="37.906818" lon="-122.612600"><ele>525.2</ele></trkpt><trkpt lat="37.906913" lon="-122.612525"><ele>524.6</ele></trkpt><trkpt lat="37.906983" lon="-122.612445"><ele>524.1</ele></trkpt><trkpt lat="37.907059" lon="-122.612333"><ele>523.5</ele></trkpt><trkpt lat="37.907129" lon="-122.612199"><ele>522.6</ele></trkpt><trkpt lat="37.907210" lon="-122.612022"><ele>521.2</ele></trkpt><trkpt lat="37.907285" lon="-122.611863"><ele>520.0</ele></trkpt><trkpt lat="37.907362" lon="-122.611725"><ele>518.9</ele></trkpt><trkpt lat="37.907429" lon="-122.611616"><ele>518.0</ele></trkpt><trkpt lat="37.907462" lon="-122.611540"><ele>517.4</ele></trkpt><trkpt lat="37.907475" lon="-122.611474"><ele>517.0</ele></trkpt><trkpt lat="37.907473" lon="-122.611385"><ele>516.6</ele></trkpt><trkpt lat="37.907454" lon="-122.611268"><ele>516.1</ele></trkpt><trkpt lat="37.907368" lon="-122.610985"><ele>514.6</ele></trkpt><trkpt lat="37.907310" lon="-122.610807"><ele>513.7</ele></trkpt><trkpt lat="37.907277" lon="-122.610731"><ele>513.3</ele></trkpt><trkpt lat="37.907225" lon="-122.610673"><ele>512.9</ele></trkpt><trkpt lat="37.907131" lon="-122.610633"><ele>512.2</ele></trkpt><trkpt lat="37.907045" lon="-122.610615"><ele>511.7</ele></trkpt><trkpt lat="37.906954" lon="-122.610583"><ele>511.0</ele></trkpt><trkpt lat="37.906886" lon="-122.610543"><ele>510.5</ele></trkpt><trkpt lat="37.906801" lon="-122.610459"><ele>509.8</ele></trkpt><trkpt lat="37.906704" lon="-122.610337"><ele>508.8</ele></trkpt><trkpt lat="37.906644" lon="-122.610219"><ele>508.0</ele></trkpt><trkpt lat="37.906616" lon="-122.610100"><ele>507.3</ele></trkpt><trkpt lat="37.906593" lon="-122.609946"><ele>506.3</ele></trkpt><trkpt lat="37.906562" lon="-122.609806"><ele>505.4</ele></trkpt><trkpt lat="37.906517" lon="-122.609664"><ele>504.4</ele></trkpt><trkpt lat="37.906474" lon="-122.609552"><ele>503.6</ele></trkpt><trkpt lat="37.906417" lon="-122.609454"><ele>502.8</ele></trkpt><trkpt lat="37.906340" lon="-122.609357"><ele>502.2</ele></trkpt><trkpt lat="37.906302" lon="-122.609306"><ele>502.0</ele></trkpt><trkpt lat="37.906270" lon="-122.609239"><ele>501.8</ele></trkpt><trkpt lat="37.906246" lon="-122.609145"><ele>501.5</ele></trkpt><trkpt lat="37.906227" lon="-122.609030"><ele>501.2</ele></trkpt><trkpt lat="37.906227" lon="-122.608941"><ele>501.0</ele></trkpt><trkpt lat="37.906247" lon="-122.608834"><ele>500.7</ele></trkpt><trkpt lat="37.906287" lon="-122.608752"><ele>500.4</ele></trkpt><trkpt lat="37.906349" lon="-122.608678"><ele>500.1</ele></trkpt><trkpt lat="37.906443" lon="-122.608601"><ele>499.6</ele></trkpt><trkpt lat="37.906518" lon="-122.608537"><ele>498.9</ele></trkpt><trkpt lat="37.906568" lon="-122.608476"><ele>498.4</ele></trkpt><trkpt lat="37.906592" lon="-122.608412"><ele>497.9</ele></trkpt><trkpt lat="37.906595" lon="-122.608345"><ele>497.5</ele></trkpt><trkpt lat="37.906585" lon="-122.608276"><ele>497.1</ele></trkpt><trkpt lat="37.906563" lon="-122.608185"><ele>496.5</ele></trkpt><trkpt lat="37.906521" lon="-122.608097"><ele>495.9</ele></trkpt><trkpt lat="37.906471" lon="-122.608009"><ele>495.2</ele></trkpt><trkpt lat="37.906406" lon="-122.607937"><ele>494.5</ele></trkpt><trkpt lat="37.906345" lon="-122.607904"><ele>494.2</ele></trkpt><trkpt lat="37.906269" lon="-122.607892"><ele>494.0</ele></trkpt><trkpt lat="37.906181" lon="-122.607905"><ele>493.7</ele></trkpt><trkpt lat="37.906101" lon="-122.607915"><ele>493.4</ele></trkpt><trkpt lat="37.905987" lon="-122.607902"><ele>493.0</ele></trkpt><trkpt lat="37.905732" lon="-122.607852"><ele>492.2</ele></trkpt><trkpt lat="37.905601" lon="-122.607813"><ele>491.2</ele></trkpt><trkpt lat="37.905512" lon="-122.607765"><ele>490.1</ele></trkpt><trkpt lat="37.905446" lon="-122.607707"><ele>489.2</ele></trkpt><trkpt lat="37.905413" lon="-122.607641"><ele>488.5</ele></trkpt><trkpt lat="37.905398" lon="-122.607564"><ele>487.7</ele></trkpt><trkpt lat="37.905413" lon="-122.607457"><ele>486.8</ele></trkpt><trkpt lat="37.905468" lon="-122.607251"><ele>484.8</ele></trkpt><trkpt lat="37.905472" lon="-122.607115"><ele>483.6</ele></trkpt><trkpt lat="37.905450" lon="-122.607020"><ele>483.2</ele></trkpt><trkpt lat="37.905396" lon="-122.606939"><ele>482.6</ele></trkpt><trkpt lat="37.905311" lon="-122.606904"><ele>482.1</ele></trkpt><trkpt lat="37.905163" lon="-122.606914"><ele>481.1</ele></trkpt><trkpt lat="37.905079" lon="-122.606907"><ele>480.6</ele></trkpt><trkpt lat="37.905004" lon="-122.606888"><ele>480.1</ele></trkpt><trkpt lat="37.904948" lon="-122.606841"><ele>479.7</ele></trkpt><trkpt lat="37.904902" lon="-122.606766"><ele>479.2</ele></trkpt><trkpt lat="37.904877" lon="-122.606673"><ele>478.8</ele></trkpt><trkpt lat="37.904877" lon="-122.606562"><ele>478.2</ele></trkpt><trkpt lat="37.904913" lon="-122.606375"><ele>477.3</ele></trkpt><trkpt lat="37.904925" lon="-122.606257"><ele>476.7</ele></trkpt><trkpt lat="37.904915" lon="-122.606168"><ele>476.3</ele></trkpt><trkpt lat="37.904882" lon="-122.606090"><ele>475.9</ele></trkpt><trkpt lat="37.904849" lon="-122.606042"><ele>475.6</ele></trkpt><trkpt lat="37.904794" lon="-122.606004"><ele>475.2</ele></trkpt><trkpt lat="37.904724" lon="-122.605980"><ele>474.8</ele></trkpt><trkpt lat="37.904607" lon="-122.605940"><ele>474.0</ele></trkpt><trkpt lat="37.904535" lon="-122.605900"><ele>473.5</ele></trkpt><trkpt lat="37.904458" lon="-122.605836"><ele>473.0</ele></trkpt><trkpt lat="37.904364" lon="-122.605732"><ele>472.2</ele></trkpt><trkpt lat="37.904059" lon="-122.605357"><ele>469.3</ele></trkpt><trkpt lat="37.903883" lon="-122.605150"><ele>467.4</ele></trkpt><trkpt lat="37.903846" lon="-122.605096"><ele>466.9</ele></trkpt><trkpt lat="37.903818" lon="-122.605045"><ele>466.5</ele></trkpt><trkpt lat="37.903799" lon="-122.604982"><ele>466.1</ele></trkpt><trkpt lat="37.903794" lon="-122.604920"><ele>465.7</ele></trkpt><trkpt lat="37.903800" lon="-122.604866"><ele>465.3</ele></trkpt><trkpt lat="37.903812" lon="-122.604813"><ele>465.0</ele></trkpt><trkpt lat="37.903833" lon="-122.604767"><ele>464.7</ele></trkpt><trkpt lat="37.903862" lon="-122.604723"><ele>464.3</ele></trkpt><trkpt lat="37.903919" lon="-122.604653"><ele>463.5</ele></trkpt><trkpt lat="37.904150" lon="-122.604397"><ele>460.6</ele></trkpt><trkpt lat="37.904214" lon="-122.604324"><ele>459.8</ele></trkpt><trkpt lat="37.904258" lon="-122.604265"><ele>459.2</ele></trkpt><trkpt lat="37.904286" lon="-122.604219"><ele>458.8</ele></trkpt><trkpt lat="37.904299" lon="-122.604197"><ele>458.6</ele></trkpt><trkpt lat="37.904321" lon="-122.604098"><ele>457.8</ele></trkpt><trkpt lat="37.904262" lon="-122.604055"><ele>457.5</ele></trkpt><trkpt lat="37.904187" lon="-122.604023"><ele>457.1</ele></trkpt><trkpt lat="37.904141" lon="-122.604001"><ele>456.9</ele></trkpt><trkpt lat="37.904088" lon="-122.603960"><ele>456.6</ele></trkpt><trkpt lat="37.904005" lon="-122.603955"><ele>456.2</ele></trkpt><trkpt lat="37.903937" lon="-122.603962"><ele>455.9</ele></trkpt><trkpt lat="37.903846" lon="-122.603970"><ele>455.5</ele></trkpt><trkpt lat="37.903732" lon="-122.603983"><ele>455.0</ele></trkpt><trkpt lat="37.903403" lon="-122.604018"><ele>453.4</ele></trkpt><trkpt lat="37.903423" lon="-122.603947"><ele>453.1</ele></trkpt><trkpt lat="37.903469" lon="-122.603890"><ele>452.7</ele></trkpt><trkpt lat="37.903489" lon="-122.603857"><ele>452.6</ele></trkpt><trkpt lat="37.903494" lon="-122.603773"><ele>452.2</ele></trkpt><trkpt lat="37.903580" lon="-122.603662"><ele>451.6</ele></trkpt><trkpt lat="37.903590" lon="-122.603616"><ele>451.4</ele></trkpt><trkpt lat="37.903590" lon="-122.603616"><ele>451.4</ele></trkpt><trkpt lat="37.903640" lon="-122.603980"><ele>449.9</ele></trkpt><trkpt lat="37.902930" lon="-122.604090"><ele>446.5</ele></trkpt><trkpt lat="37.902440" lon="-122.604120"><ele>444.6</ele></trkpt><trkpt lat="37.902160" lon="-122.604180"><ele>443.8</ele></trkpt><trkpt lat="37.901900" lon="-122.604200"><ele>443.0</ele></trkpt><trkpt lat="37.901580" lon="-122.604280"><ele>442.4</ele></trkpt><trkpt lat="37.901440" lon="-122.604240"><ele>442.5</ele></trkpt><trkpt lat="37.901160" lon="-122.604040"><ele>442.9</ele></trkpt><trkpt lat="37.901020" lon="-122.604010"><ele>443.1</ele></trkpt><trkpt lat="37.900910" lon="-122.604040"><ele>443.1</ele></trkpt><trkpt lat="37.900660" lon="-122.604210"><ele>442.9</ele></trkpt><trkpt lat="37.900410" lon="-122.604280"><ele>442.7</ele></trkpt><trkpt lat="37.900160" lon="-122.604240"><ele>442.4</ele></trkpt><trkpt lat="37.899980" lon="-122.604190"><ele>442.3</ele></trkpt><trkpt lat="37.899710" lon="-122.604070"><ele>442.1</ele></trkpt><trkpt lat="37.899600" lon="-122.604060"><ele>442.0</ele></trkpt><trkpt lat="37.899420" lon="-122.604080"><ele>441.8</ele></trkpt><trkpt lat="37.899030" lon="-122.604200"><ele>441.5</ele></trkpt><trkpt lat="37.898960" lon="-122.604200"><ele>441.4</ele></trkpt><trkpt lat="37.898860" lon="-122.604150"><ele>441.2</ele></trkpt><trkpt lat="37.898780" lon="-122.604060"><ele>440.6</ele></trkpt><trkpt lat="37.898690" lon="-122.603910"><ele>439.7</ele></trkpt><trkpt lat="37.898470" lon="-122.603600"><ele>437.9</ele></trkpt><trkpt lat="37.898420" lon="-122.603480"><ele>437.2</ele></trkpt><trkpt lat="37.898360" lon="-122.603220"><ele>435.3</ele></trkpt><trkpt lat="37.898300" lon="-122.603100"><ele>434.2</ele></trkpt><trkpt lat="37.898210" lon="-122.603020"><ele>433.2</ele></trkpt><trkpt lat="37.897940" lon="-122.602880"><ele>430.5</ele></trkpt><trkpt lat="37.897820" lon="-122.602780"><ele>428.9</ele></trkpt><trkpt lat="37.897750" lon="-122.602680"><ele>427.7</ele></trkpt><trkpt lat="37.897670" lon="-122.602430"><ele>425.2</ele></trkpt><trkpt lat="37.897650" lon="-122.602340"><ele>424.4</ele></trkpt><trkpt lat="37.897660" lon="-122.601880"><ele>420.4</ele></trkpt><trkpt lat="37.897630" lon="-122.601740"><ele>419.1</ele></trkpt><trkpt lat="37.897560" lon="-122.601590"><ele>417.6</ele></trkpt><trkpt lat="37.897360" lon="-122.601390"><ele>414.8</ele></trkpt><trkpt lat="37.897110" lon="-122.601480"><ele>411.7</ele></trkpt><trkpt lat="37.897010" lon="-122.601470"><ele>410.5</ele></trkpt><trkpt lat="37.896920" lon="-122.601430"><ele>409.4</ele></trkpt><trkpt lat="37.896640" lon="-122.601180"><ele>405.4</ele></trkpt><trkpt lat="37.896460" lon="-122.601040"><ele>403.3</ele></trkpt><trkpt lat="37.896340" lon="-122.600910"><ele>401.7</ele></trkpt><trkpt lat="37.896140" lon="-122.600560"><ele>398.3</ele></trkpt><trkpt lat="37.896050" lon="-122.600460"><ele>397.2</ele></trkpt><trkpt lat="37.895940" lon="-122.600400"><ele>396.1</ele></trkpt><trkpt lat="37.895670" lon="-122.600320"><ele>393.5</ele></trkpt><trkpt lat="37.895490" lon="-122.600220"><ele>391.8</ele></trkpt><trkpt lat="37.895380" lon="-122.600090"><ele>391.0</ele></trkpt><trkpt lat="37.895090" lon="-122.599830"><ele>389.0</ele></trkpt><trkpt lat="37.894850" lon="-122.599550"><ele>386.9</ele></trkpt><trkpt lat="37.894660" lon="-122.599400"><ele>385.2</ele></trkpt><trkpt lat="37.894390" lon="-122.599270"><ele>383.0</ele></trkpt><trkpt lat="37.894330" lon="-122.599220"><ele>382.5</ele></trkpt><trkpt lat="37.894300" lon="-122.599140"><ele>382.1</ele></trkpt><trkpt lat="37.894360" lon="-122.598920"><ele>381.2</ele></trkpt><trkpt lat="37.894360" lon="-122.598830"><ele>380.8</ele></trkpt><trkpt lat="37.894340" lon="-122.598790"><ele>380.6</ele></trkpt><trkpt lat="37.894280" lon="-122.598750"><ele>380.3</ele></trkpt><trkpt lat="37.894130" lon="-122.598740"><ele>379.6</ele></trkpt><trkpt lat="37.894050" lon="-122.598700"><ele>379.1</ele></trkpt><trkpt lat="37.894000" lon="-122.598680"><ele>378.9</ele></trkpt><trkpt lat="37.893930" lon="-122.598580"><ele>378.2</ele></trkpt><trkpt lat="37.893870" lon="-122.598360"><ele>377.2</ele></trkpt><trkpt lat="37.893810" lon="-122.598310"><ele>376.7</ele></trkpt><trkpt lat="37.893780" lon="-122.598300"><ele>376.5</ele></trkpt><trkpt lat="37.893710" lon="-122.598330"><ele>376.1</ele></trkpt><trkpt lat="37.893520" lon="-122.598460"><ele>374.8</ele></trkpt><trkpt lat="37.893380" lon="-122.598510"><ele>374.0</ele></trkpt><trkpt lat="37.893280" lon="-122.598460"><ele>373.4</ele></trkpt><trkpt lat="37.893090" lon="-122.598260"><ele>372.1</ele></trkpt><trkpt lat="37.892990" lon="-122.598210"><ele>371.5</ele></trkpt><trkpt lat="37.892950" lon="-122.598220"><ele>371.2</ele></trkpt><trkpt lat="37.892900" lon="-122.598280"><ele>370.8</ele></trkpt><trkpt lat="37.892720" lon="-122.598620"><ele>368.0</ele></trkpt><trkpt lat="37.892660" lon="-122.598680"><ele>367.3</ele></trkpt><trkpt lat="37.892560" lon="-122.598720"><ele>366.3</ele></trkpt><trkpt lat="37.892420" lon="-122.598670"><ele>365.0</ele></trkpt><trkpt lat="37.892330" lon="-122.598590"><ele>364.0</ele></trkpt><trkpt lat="37.891880" lon="-122.598120"><ele>359.8</ele></trkpt><trkpt lat="37.891720" lon="-122.598030"><ele>358.6</ele></trkpt><trkpt lat="37.891540" lon="-122.597970"><ele>357.5</ele></trkpt><trkpt lat="37.891480" lon="-122.598000"><ele>357.1</ele></trkpt><trkpt lat="37.891430" lon="-122.598070"><ele>356.6</ele></trkpt><trkpt lat="37.891420" lon="-122.598160"><ele>356.2</ele></trkpt><trkpt lat="37.891460" lon="-122.598380"><ele>355.1</ele></trkpt><trkpt lat="37.891430" lon="-122.598470"><ele>354.7</ele></trkpt><trkpt lat="37.891370" lon="-122.598510"><ele>354.4</ele></trkpt><trkpt lat="37.891300" lon="-122.598510"><ele>354.3</ele></trkpt><trkpt lat="37.891160" lon="-122.598470"><ele>354.0</ele></trkpt><trkpt lat="37.890910" lon="-122.598480"><ele>353.4</ele></trkpt><trkpt lat="37.890740" lon="-122.598400"><ele>353.1</ele></trkpt><trkpt lat="37.890500" lon="-122.598340"><ele>352.5</ele></trkpt><trkpt lat="37.889950" lon="-122.598360"><ele>351.1</ele></trkpt><trkpt lat="37.889510" lon="-122.598280"><ele>349.8</ele></trkpt><trkpt lat="37.889200" lon="-122.598280"><ele>348.8</ele></trkpt><trkpt lat="37.888960" lon="-122.598340"><ele>347.6</ele></trkpt><trkpt lat="37.888720" lon="-122.598300"><ele>346.5</ele></trkpt><trkpt lat="37.888560" lon="-122.598310"><ele>345.7</ele></trkpt><trkpt lat="37.888450" lon="-122.598280"><ele>344.9</ele></trkpt><trkpt lat="37.888390" lon="-122.598210"><ele>344.3</ele></trkpt><trkpt lat="37.888290" lon="-122.597970"><ele>342.7</ele></trkpt><trkpt lat="37.888280" lon="-122.597820"><ele>341.8</ele></trkpt><trkpt lat="37.888300" lon="-122.597560"><ele>340.2</ele></trkpt><trkpt lat="37.888380" lon="-122.597300"><ele>338.0</ele></trkpt><trkpt lat="37.888420" lon="-122.596970"><ele>335.3</ele></trkpt><trkpt lat="37.888370" lon="-122.596320"><ele>330.3</ele></trkpt><trkpt lat="37.888210" lon="-122.595800"><ele>326.1</ele></trkpt><trkpt lat="37.888200" lon="-122.595700"><ele>325.1</ele></trkpt><trkpt lat="37.888250" lon="-122.595650"><ele>324.3</ele></trkpt><trkpt lat="37.888470" lon="-122.595640"><ele>321.6</ele></trkpt><trkpt lat="37.888540" lon="-122.595590"><ele>320.6</ele></trkpt><trkpt lat="37.888640" lon="-122.595450"><ele>318.7</ele></trkpt><trkpt lat="37.888820" lon="-122.595240"><ele>316.0</ele></trkpt><trkpt lat="37.889040" lon="-122.595200"><ele>314.1</ele></trkpt><trkpt lat="37.889110" lon="-122.595160"><ele>313.4</ele></trkpt><trkpt lat="37.889180" lon="-122.595090"><ele>312.6</ele></trkpt><trkpt lat="37.889600" lon="-122.595000"><ele>309.2</ele></trkpt><trkpt lat="37.889620" lon="-122.594950"><ele>308.8</ele></trkpt><trkpt lat="37.889580" lon="-122.594910"><ele>308.5</ele></trkpt><trkpt lat="37.889080" lon="-122.594750"><ele>304.8</ele></trkpt><trkpt lat="37.888950" lon="-122.594660"><ele>304.0</ele></trkpt><trkpt lat="37.888890" lon="-122.594580"><ele>303.5</ele></trkpt><trkpt lat="37.888750" lon="-122.594520"><ele>302.6</ele></trkpt><trkpt lat="37.888560" lon="-122.594500"><ele>301.5</ele></trkpt><trkpt lat="37.888460" lon="-122.594570"><ele>300.7</ele></trkpt><trkpt lat="37.888360" lon="-122.594610"><ele>299.9</ele></trkpt><trkpt lat="37.888260" lon="-122.594610"><ele>299.1</ele></trkpt><trkpt lat="37.888190" lon="-122.594570"><ele>298.4</ele></trkpt><trkpt lat="37.888170" lon="-122.594500"><ele>298.0</ele></trkpt><trkpt lat="37.888150" lon="-122.594390"><ele>297.3</ele></trkpt><trkpt lat="37.888090" lon="-122.594260"><ele>296.3</ele></trkpt><trkpt lat="37.887690" lon="-122.593940"><ele>292.7</ele></trkpt><trkpt lat="37.887630" lon="-122.593830"><ele>291.9</ele></trkpt><trkpt lat="37.887600" lon="-122.593700"><ele>291.1</ele></trkpt><trkpt lat="37.887530" lon="-122.593590"><ele>290.2</ele></trkpt><trkpt lat="37.887450" lon="-122.593520"><ele>289.7</ele></trkpt><trkpt lat="37.887330" lon="-122.593450"><ele>289.2</ele></trkpt><trkpt lat="37.887100" lon="-122.593460"><ele>288.5</ele></trkpt><trkpt lat="37.886970" lon="-122.593500"><ele>288.0</ele></trkpt><trkpt lat="37.886740" lon="-122.593650"><ele>287.4</ele></trkpt><trkpt lat="37.886620" lon="-122.593650"><ele>287.3</ele></trkpt><trkpt lat="37.886490" lon="-122.593580"><ele>287.1</ele></trkpt><trkpt lat="37.886390" lon="-122.593590"><ele>287.0</ele></trkpt><trkpt lat="37.886170" lon="-122.593700"><ele>286.8</ele></trkpt><trkpt lat="37.886090" lon="-122.593790"><ele>286.8</ele></trkpt><trkpt lat="37.886010" lon="-122.593830"><ele>286.8</ele></trkpt><trkpt lat="37.885890" lon="-122.593840"><ele>286.7</ele></trkpt><trkpt lat="37.885810" lon="-122.593800"><ele>286.7</ele></trkpt><trkpt lat="37.885720" lon="-122.593700"><ele>286.6</ele></trkpt><trkpt lat="37.885600" lon="-122.593670"><ele>286.6</ele></trkpt><trkpt lat="37.885520" lon="-122.593620"><ele>286.5</ele></trkpt><trkpt lat="37.885430" lon="-122.593590"><ele>286.4</ele></trkpt><trkpt lat="37.885260" lon="-122.593620"><ele>286.2</ele></trkpt><trkpt lat="37.885150" lon="-122.593620"><ele>286.1</ele></trkpt><trkpt lat="37.884960" lon="-122.593690"><ele>285.8</ele></trkpt><trkpt lat="37.884870" lon="-122.593660"><ele>285.7</ele></trkpt><trkpt lat="37.884790" lon="-122.593580"><ele>285.6</ele></trkpt><trkpt lat="37.884670" lon="-122.593120"><ele>284.9</ele></trkpt><trkpt lat="37.884560" lon="-122.593000"><ele>284.7</ele></trkpt><trkpt lat="37.884430" lon="-122.592950"><ele>284.5</ele></trkpt><trkpt lat="37.884180" lon="-122.592780"><ele>282.6</ele></trkpt><trkpt lat="37.884040" lon="-122.592670"><ele>281.3</ele></trkpt><trkpt lat="37.883940" lon="-122.592570"><ele>280.4</ele></trkpt><trkpt lat="37.883870" lon="-122.592420"><ele>279.3</ele></trkpt><trkpt lat="37.883780" lon="-122.592170"><ele>277.8</ele></trkpt><trkpt lat="37.883510" lon="-122.591730"><ele>274.8</ele></trkpt><trkpt lat="37.883440" lon="-122.591690"><ele>274.3</ele></trkpt><trkpt lat="37.883340" lon="-122.591690"><ele>273.5</ele></trkpt><trkpt lat="37.883160" lon="-122.591820"><ele>271.3</ele></trkpt><trkpt lat="37.883120" lon="-122.591950"><ele>270.2</ele></trkpt><trkpt lat="37.883130" lon="-122.592130"><ele>268.7</ele></trkpt><trkpt lat="37.883120" lon="-122.592320"><ele>267.2</ele></trkpt><trkpt lat="37.883050" lon="-122.592480"><ele>266.0</ele></trkpt><trkpt lat="37.882990" lon="-122.592570"><ele>265.3</ele></trkpt><trkpt lat="37.882930" lon="-122.592600"><ele>264.8</ele></trkpt><trkpt lat="37.882770" lon="-122.592580"><ele>263.6</ele></trkpt><trkpt lat="37.882520" lon="-122.592640"><ele>261.6</ele></trkpt><trkpt lat="37.881990" lon="-122.592570"><ele>257.4</ele></trkpt><trkpt lat="37.881880" lon="-122.592590"><ele>256.5</ele></trkpt><trkpt lat="37.881770" lon="-122.592650"><ele>255.6</ele></trkpt><trkpt lat="37.881670" lon="-122.592730"><ele>254.8</ele></trkpt><trkpt lat="37.881580" lon="-122.592990"><ele>253.2</ele></trkpt><trkpt lat="37.881560" lon="-122.593270"><ele>251.7</ele></trkpt><trkpt lat="37.881500" lon="-122.593420"><ele>250.8</ele></trkpt><trkpt lat="37.881400" lon="-122.593560"><ele>249.5</ele></trkpt><trkpt lat="37.881250" lon="-122.593630"><ele>248.1</ele></trkpt><trkpt lat="37.881140" lon="-122.593720"><ele>247.0</ele></trkpt><trkpt lat="37.881100" lon="-122.593800"><ele>246.3</ele></trkpt><trkpt lat="37.881140" lon="-122.593950"><ele>245.2</ele></trkpt><trkpt lat="37.881120" lon="-122.593990"><ele>244.9</ele></trkpt><trkpt lat="37.881080" lon="-122.593980"><ele>244.5</ele></trkpt><trkpt lat="37.881030" lon="-122.593950"><ele>244.0</ele></trkpt><trkpt lat="37.880980" lon="-122.593840"><ele>243.0</ele></trkpt><trkpt lat="37.880960" lon="-122.593710"><ele>241.9</ele></trkpt><trkpt lat="37.880960" lon="-122.593600"><ele>241.1</ele></trkpt><trkpt lat="37.881040" lon="-122.593440"><ele>239.5</ele></trkpt><trkpt lat="37.881020" lon="-122.593380"><ele>239.0</ele></trkpt><trkpt lat="37.880980" lon="-122.593330"><ele>238.5</ele></trkpt><trkpt lat="37.880930" lon="-122.593330"><ele>238.0</ele></trkpt><trkpt lat="37.880780" lon="-122.593520"><ele>235.8</ele></trkpt><trkpt lat="37.880710" lon="-122.593570"><ele>235.0</ele></trkpt><trkpt lat="37.880530" lon="-122.593580"><ele>233.2</ele></trkpt><trkpt lat="37.880210" lon="-122.593690"><ele>229.9</ele></trkpt><trkpt lat="37.880010" lon="-122.593700"><ele>228.0</ele></trkpt><trkpt lat="37.879840" lon="-122.593750"><ele>226.5</ele></trkpt><trkpt lat="37.879690" lon="-122.593780"><ele>225.1</ele></trkpt><trkpt lat="37.879560" lon="-122.593750"><ele>223.9</ele></trkpt><trkpt lat="37.879350" lon="-122.593540"><ele>221.2</ele></trkpt><trkpt lat="37.879280" lon="-122.593510"><ele>220.5</ele></trkpt><trkpt lat="37.879100" lon="-122.593580"><ele>218.5</ele></trkpt><trkpt lat="37.879000" lon="-122.593590"><ele>217.4</ele></trkpt><trkpt lat="37.878840" lon="-122.593510"><ele>215.6</ele></trkpt><trkpt lat="37.878780" lon="-122.593420"><ele>214.7</ele></trkpt><trkpt lat="37.878750" lon="-122.593350"><ele>214.1</ele></trkpt><trkpt lat="37.878700" lon="-122.593290"><ele>213.4</ele></trkpt><trkpt lat="37.878610" lon="-122.593280"><ele>212.5</ele></trkpt><trkpt lat="37.878390" lon="-122.593340"><ele>210.2</ele></trkpt><trkpt lat="37.877690" lon="-122.593360"><ele>203.7</ele></trkpt><trkpt lat="37.877590" lon="-122.593320"><ele>202.8</ele></trkpt><trkpt lat="37.877550" lon="-122.593260"><ele>202.2</ele></trkpt><trkpt lat="37.877540" lon="-122.593160"><ele>201.5</ele></trkpt><trkpt lat="37.877560" lon="-122.593050"><ele>200.7</ele></trkpt><trkpt lat="37.877560" lon="-122.592930"><ele>199.9</ele></trkpt><trkpt lat="37.877530" lon="-122.592830"><ele>199.1</ele></trkpt><trkpt lat="37.877470" lon="-122.592780"><ele>198.5</ele></trkpt><trkpt lat="37.877410" lon="-122.592770"><ele>197.9</ele></trkpt><trkpt lat="37.877290" lon="-122.592790"><ele>196.9</ele></trkpt><trkpt lat="37.877220" lon="-122.592750"><ele>196.2</ele></trkpt><trkpt lat="37.877130" lon="-122.592670"><ele>195.3</ele></trkpt><trkpt lat="37.877060" lon="-122.592650"><ele>194.7</ele></trkpt><trkpt lat="37.876990" lon="-122.592700"><ele>194.1</ele></trkpt><trkpt lat="37.876920" lon="-122.592870"><ele>193.0</ele></trkpt><trkpt lat="37.876840" lon="-122.593210"><ele>190.8</ele></trkpt><trkpt lat="37.876790" lon="-122.593340"><ele>190.0</ele></trkpt><trkpt lat="37.876800" lon="-122.593470"><ele>189.1</ele></trkpt><trkpt lat="37.876770" lon="-122.593490"><ele>188.9</ele></trkpt><trkpt lat="37.876630" lon="-122.593140"><ele>186.4</ele></trkpt><trkpt lat="37.876500" lon="-122.592920"><ele>184.7</ele></trkpt><trkpt lat="37.876280" lon="-122.592680"><ele>182.6</ele></trkpt><trkpt lat="37.876000" lon="-122.592450"><ele>180.3</ele></trkpt><trkpt lat="37.875600" lon="-122.592200"><ele>177.3</ele></trkpt><trkpt lat="37.875600" lon="-122.592200"><ele>177.3</ele></trkpt><trkpt lat="37.875320" lon="-122.592070"><ele>175.3</ele></trkpt><trkpt lat="37.875090" lon="-122.591920"><ele>173.3</ele></trkpt><trkpt lat="37.874970" lon="-122.591810"><ele>171.9</ele></trkpt><trkpt lat="37.874730" lon="-122.591660"><ele>169.4</ele></trkpt><trkpt lat="37.874510" lon="-122.591600"><ele>167.3</ele></trkpt><trkpt lat="37.873690" lon="-122.591220"><ele>157.8</ele></trkpt><trkpt lat="37.873440" lon="-122.591020"><ele>155.3</ele></trkpt><trkpt lat="37.873260" lon="-122.590790"><ele>153.2</ele></trkpt><trkpt lat="37.872880" lon="-122.590790"><ele>150.7</ele></trkpt><trkpt lat="37.872430" lon="-122.590730"><ele>148.0</ele></trkpt><trkpt lat="37.871480" lon="-122.590480"><ele>143.8</ele></trkpt><trkpt lat="37.871100" lon="-122.590260"><ele>141.5</ele></trkpt><trkpt lat="37.870150" lon="-122.589820"><ele>138.7</ele></trkpt><trkpt lat="37.869690" lon="-122.589550"><ele>137.7</ele></trkpt><trkpt lat="37.869610" lon="-122.589520"><ele>137.7</ele></trkpt><trkpt lat="37.869550" lon="-122.589520"><ele>137.7</ele></trkpt><trkpt lat="37.869460" lon="-122.589560"><ele>137.6</ele></trkpt><trkpt lat="37.868180" lon="-122.588580"><ele>138.2</ele></trkpt><trkpt lat="37.868060" lon="-122.588370"><ele>138.5</ele></trkpt><trkpt lat="37.867890" lon="-122.587820"><ele>140.4</ele></trkpt><trkpt lat="37.867780" lon="-122.587700"><ele>141.1</ele></trkpt><trkpt lat="37.867470" lon="-122.587570"><ele>142.2</ele></trkpt><trkpt lat="37.866230" lon="-122.587280"><ele>143.0</ele></trkpt><trkpt lat="37.865580" lon="-122.586990"><ele>140.6</ele></trkpt><trkpt lat="37.865150" lon="-122.586840"><ele>139.8</ele></trkpt><trkpt lat="37.864830" lon="-122.586800"><ele>139.4</ele></trkpt><trkpt lat="37.864640" lon="-122.586700"><ele>138.5</ele></trkpt><trkpt lat="37.864560" lon="-122.586610"><ele>138.1</ele></trkpt><trkpt lat="37.864500" lon="-122.586520"><ele>137.6</ele></trkpt><trkpt lat="37.864360" lon="-122.586090"><ele>135.9</ele></trkpt><trkpt lat="37.864330" lon="-122.585940"><ele>134.7</ele></trkpt><trkpt lat="37.864300" lon="-122.585580"><ele>131.9</ele></trkpt><trkpt lat="37.864270" lon="-122.585480"><ele>131.1</ele></trkpt><trkpt lat="37.864070" lon="-122.585080"><ele>126.4</ele></trkpt><trkpt lat="37.864040" lon="-122.584880"><ele>123.7</ele></trkpt><trkpt lat="37.864070" lon="-122.584640"><ele>120.3</ele></trkpt><trkpt lat="37.864140" lon="-122.584370"><ele>116.5</ele></trkpt><trkpt lat="37.864180" lon="-122.584250"><ele>115.0</ele></trkpt><trkpt lat="37.864300" lon="-122.584070"><ele>112.3</ele></trkpt><trkpt lat="37.864720" lon="-122.583610"><ele>104.6</ele></trkpt><trkpt lat="37.864870" lon="-122.583350"><ele>101.7</ele></trkpt><trkpt lat="37.865160" lon="-122.582620"><ele>95.0</ele></trkpt><trkpt lat="37.865210" lon="-122.582380"><ele>93.2</ele></trkpt><trkpt lat="37.865210" lon="-122.582270"><ele>92.4</ele></trkpt><trkpt lat="37.865190" lon="-122.582160"><ele>91.5</ele></trkpt><trkpt lat="37.865140" lon="-122.582070"><ele>90.7</ele></trkpt><trkpt lat="37.864820" lon="-122.581690"><ele>86.8</ele></trkpt><trkpt lat="37.864580" lon="-122.581210"><ele>82.1</ele></trkpt><trkpt lat="37.864370" lon="-122.580900"><ele>78.3</ele></trkpt><trkpt lat="37.864310" lon="-122.580750"><ele>76.8</ele></trkpt><trkpt lat="37.864280" lon="-122.580510"><ele>75.2</ele></trkpt><trkpt lat="37.864290" lon="-122.580180"><ele>73.3</ele></trkpt><trkpt lat="37.864320" lon="-122.580020"><ele>72.4</ele></trkpt><trkpt lat="37.864370" lon="-122.579860"><ele>71.4</ele></trkpt><trkpt lat="37.864520" lon="-122.579470"><ele>67.5</ele></trkpt><trkpt lat="37.864530" lon="-122.579350"><ele>66.4</ele></trkpt><trkpt lat="37.864490" lon="-122.579200"><ele>64.9</ele></trkpt><trkpt lat="37.864420" lon="-122.579070"><ele>63.4</ele></trkpt><trkpt lat="37.864320" lon="-122.578960"><ele>61.9</ele></trkpt><trkpt lat="37.864090" lon="-122.578820"><ele>59.5</ele></trkpt><trkpt lat="37.863990" lon="-122.578730"><ele>58.3</ele></trkpt><trkpt lat="37.863910" lon="-122.578600"><ele>57.0</ele></trkpt><trkpt lat="37.863750" lon="-122.578240"><ele>53.9</ele></trkpt><trkpt lat="37.863620" lon="-122.578050"><ele>52.0</ele></trkpt><trkpt lat="37.863490" lon="-122.577920"><ele>50.4</ele></trkpt><trkpt lat="37.863230" lon="-122.577720"><ele>47.6</ele></trkpt><trkpt lat="37.863080" lon="-122.577570"><ele>46.0</ele></trkpt><trkpt lat="37.862930" lon="-122.577390"><ele>44.2</ele></trkpt><trkpt lat="37.862840" lon="-122.577220"><ele>42.9</ele></trkpt><trkpt lat="37.862790" lon="-122.577020"><ele>40.8</ele></trkpt><trkpt lat="37.862800" lon="-122.576850"><ele>38.8</ele></trkpt><trkpt lat="37.862850" lon="-122.576610"><ele>36.0</ele></trkpt><trkpt lat="37.862900" lon="-122.576500"><ele>34.5</ele></trkpt><trkpt lat="37.862980" lon="-122.576380"><ele>32.7</ele></trkpt><trkpt lat="37.863120" lon="-122.576270"><ele>29.9</ele></trkpt><trkpt lat="37.863240" lon="-122.576230"><ele>27.8</ele></trkpt><trkpt lat="37.863340" lon="-122.576220"><ele>26.0</ele></trkpt><trkpt lat="37.863340" lon="-122.576130"><ele>24.7</ele></trkpt><trkpt lat="37.863300" lon="-122.576110"><ele>24.0</ele></trkpt><trkpt lat="37.863280" lon="-122.576040"><ele>22.9</ele></trkpt><trkpt lat="37.863250" lon="-122.575860"><ele>20.4</ele></trkpt><trkpt lat="37.863280" lon="-122.575710"><ele>18.5</ele></trkpt><trkpt lat="37.863360" lon="-122.575720"><ele>17.5</ele></trkpt><trkpt lat="37.863410" lon="-122.575690"><ele>16.8</ele></trkpt><trkpt lat="37.863400" lon="-122.575660"><ele>16.5</ele></trkpt><trkpt lat="37.863320" lon="-122.575590"><ele>15.2</ele></trkpt><trkpt lat="37.863300" lon="-122.575510"><ele>14.4</ele></trkpt><trkpt lat="37.863400" lon="-122.575440"><ele>13.0</ele></trkpt><trkpt lat="37.863480" lon="-122.575440"><ele>12.0</ele></trkpt><trkpt lat="37.863490" lon="-122.575420"><ele>11.7</ele></trkpt><trkpt lat="37.863450" lon="-122.575390"><ele>11.1</ele></trkpt><trkpt lat="37.863450" lon="-122.575330"><ele>10.5</ele></trkpt><trkpt lat="37.863410" lon="-122.575310"><ele>10.0</ele></trkpt><trkpt lat="37.863480" lon="-122.575280"><ele>9.8</ele></trkpt><trkpt lat="37.863550" lon="-122.575230"><ele>9.4</ele></trkpt><trkpt lat="37.864520" lon="-122.574660"><ele>8.6</ele></trkpt><trkpt lat="37.864720" lon="-122.574510"><ele>9.2</ele></trkpt><trkpt lat="37.864830" lon="-122.574480"><ele>9.6</ele></trkpt><trkpt lat="37.864790" lon="-122.574370"><ele>9.9</ele></trkpt><trkpt lat="37.864700" lon="-122.574310"><ele>10.3</ele></trkpt><trkpt lat="37.864620" lon="-122.574190"><ele>10.7</ele></trkpt><trkpt lat="37.864600" lon="-122.574110"><ele>10.9</ele></trkpt><trkpt lat="37.864510" lon="-122.574050"><ele>11.2</ele></trkpt><trkpt lat="37.864210" lon="-122.573740"><ele>14.2</ele></trkpt><trkpt lat="37.863910" lon="-122.573470"><ele>17.6</ele></trkpt><trkpt lat="37.863670" lon="-122.573060"><ele>21.3</ele></trkpt><trkpt lat="37.863690" lon="-122.573060"><ele>21.4</ele></trkpt><trkpt lat="37.863780" lon="-122.573130"><ele>22.4</ele></trkpt><trkpt lat="37.863950" lon="-122.573240"><ele>24.1</ele></trkpt><trkpt lat="37.864050" lon="-122.573240"><ele>25.0</ele></trkpt><trkpt lat="37.864090" lon="-122.573300"><ele>25.7</ele></trkpt><trkpt lat="37.864190" lon="-122.573310"><ele>26.7</ele></trkpt><trkpt lat="37.864340" lon="-122.573360"><ele>28.2</ele></trkpt><trkpt lat="37.864430" lon="-122.573420"><ele>29.3</ele></trkpt><trkpt lat="37.864500" lon="-122.573430"><ele>30.0</ele></trkpt><trkpt lat="37.864620" lon="-122.573380"><ele>31.2</ele></trkpt><trkpt lat="37.864710" lon="-122.573380"><ele>32.1</ele></trkpt><trkpt lat="37.864770" lon="-122.573350"><ele>32.4</ele></trkpt><trkpt lat="37.864850" lon="-122.573360"><ele>32.9</ele></trkpt><trkpt lat="37.864900" lon="-122.573350"><ele>33.1</ele></trkpt><trkpt lat="37.864930" lon="-122.573250"><ele>33.6</ele></trkpt><trkpt lat="37.864990" lon="-122.573180"><ele>34.1</ele></trkpt><trkpt lat="37.865050" lon="-122.573170"><ele>34.4</ele></trkpt><trkpt lat="37.865230" lon="-122.573180"><ele>35.4</ele></trkpt><trkpt lat="37.865340" lon="-122.573130"><ele>36.0</ele></trkpt><trkpt lat="37.865480" lon="-122.573150"><ele>37.7</ele></trkpt><trkpt lat="37.865540" lon="-122.573120"><ele>38.4</ele></trkpt><trkpt lat="37.865760" lon="-122.572840"><ele>42.0</ele></trkpt><trkpt lat="37.865750" lon="-122.572810"><ele>42.3</ele></trkpt><trkpt lat="37.865720" lon="-122.572830"><ele>42.7</ele></trkpt><trkpt lat="37.865540" lon="-122.573000"><ele>45.2</ele></trkpt><trkpt lat="37.865280" lon="-122.572990"><ele>47.8</ele></trkpt><trkpt lat="37.865140" lon="-122.572850"><ele>49.6</ele></trkpt><trkpt lat="37.865040" lon="-122.572660"><ele>51.4</ele></trkpt><trkpt lat="37.864970" lon="-122.572580"><ele>52.7</ele></trkpt><trkpt lat="37.864820" lon="-122.572520"><ele>55.0</ele></trkpt><trkpt lat="37.864660" lon="-122.572520"><ele>57.4</ele></trkpt><trkpt lat="37.864590" lon="-122.572540"><ele>58.4</ele></trkpt><trkpt lat="37.864580" lon="-122.572530"><ele>58.6</ele></trkpt><trkpt lat="37.864580" lon="-122.572500"><ele>59.0</ele></trkpt><trkpt lat="37.864630" lon="-122.572410"><ele>60.2</ele></trkpt><trkpt lat="37.864670" lon="-122.572270"><ele>62.0</ele></trkpt><trkpt lat="37.864700" lon="-122.572250"><ele>62.3</ele></trkpt><trkpt lat="37.864820" lon="-122.572200"><ele>63.1</ele></trkpt><trkpt lat="37.864850" lon="-122.572110"><ele>63.6</ele></trkpt><trkpt lat="37.864920" lon="-122.572050"><ele>64.2</ele></trkpt><trkpt lat="37.865010" lon="-122.571920"><ele>65.0</ele></trkpt><trkpt lat="37.865200" lon="-122.571710"><ele>66.7</ele></trkpt><trkpt lat="37.865240" lon="-122.571640"><ele>67.4</ele></trkpt><trkpt lat="37.865290" lon="-122.571490"><ele>69.0</ele></trkpt><trkpt lat="37.865300" lon="-122.571500"><ele>69.1</ele></trkpt><trkpt lat="37.865270" lon="-122.571720"><ele>71.3</ele></trkpt><trkpt lat="37.865260" lon="-122.571860"><ele>72.6</ele></trkpt><trkpt lat="37.865280" lon="-122.571920"><ele>73.3</ele></trkpt><trkpt lat="37.865350" lon="-122.572010"><ele>74.5</ele></trkpt><trkpt lat="37.865400" lon="-122.572030"><ele>75.1</ele></trkpt><trkpt lat="37.865440" lon="-122.572010"><ele>75.6</ele></trkpt><trkpt lat="37.865500" lon="-122.571860"><ele>76.7</ele></trkpt><trkpt lat="37.865460" lon="-122.571780"><ele>77.3</ele></trkpt><trkpt lat="37.865460" lon="-122.571710"><ele>77.7</ele></trkpt><trkpt lat="37.865590" lon="-122.571400"><ele>79.9</ele></trkpt><trkpt lat="37.865630" lon="-122.571270"><ele>80.8</ele></trkpt><trkpt lat="37.865640" lon="-122.571060"><ele>82.8</ele></trkpt><trkpt lat="37.865590" lon="-122.570920"><ele>84.5</ele></trkpt><trkpt lat="37.865620" lon="-122.570900"><ele>85.0</ele></trkpt><trkpt lat="37.865650" lon="-122.570930"><ele>85.5</ele></trkpt><trkpt lat="37.865800" lon="-122.571270"><ele>89.9</ele></trkpt><trkpt lat="37.865960" lon="-122.571420"><ele>92.2</ele></trkpt><trkpt lat="37.865970" lon="-122.571400"><ele>92.3</ele></trkpt><trkpt lat="37.865930" lon="-122.571320"><ele>92.7</ele></trkpt><trkpt lat="37.865880" lon="-122.571090"><ele>93.9</ele></trkpt><trkpt lat="37.865830" lon="-122.570780"><ele>95.4</ele></trkpt><trkpt lat="37.865840" lon="-122.570750"><ele>95.5</ele></trkpt><trkpt lat="37.865860" lon="-122.570760"><ele>95.7</ele></trkpt><trkpt lat="37.865920" lon="-122.570880"><ele>96.5</ele></trkpt><trkpt lat="37.866040" lon="-122.571040"><ele>97.9</ele></trkpt><trkpt lat="37.866090" lon="-122.571060"><ele>98.4</ele></trkpt><trkpt lat="37.866140" lon="-122.571060"><ele>98.8</ele></trkpt><trkpt lat="37.866190" lon="-122.571020"><ele>99.3</ele></trkpt><trkpt lat="37.866220" lon="-122.570960"><ele>99.8</ele></trkpt><trkpt lat="37.866220" lon="-122.570700"><ele>101.5</ele></trkpt><trkpt lat="37.866230" lon="-122.570620"><ele>102.0</ele></trkpt><trkpt lat="37.866260" lon="-122.570560"><ele>102.4</ele></trkpt><trkpt lat="37.866310" lon="-122.570480"><ele>102.9</ele></trkpt><trkpt lat="37.866250" lon="-122.570490"><ele>103.2</ele></trkpt><trkpt lat="37.866200" lon="-122.570470"><ele>103.5</ele></trkpt><trkpt lat="37.866130" lon="-122.570160"><ele>105.0</ele></trkpt><trkpt lat="37.866080" lon="-122.570050"><ele>105.6</ele></trkpt><trkpt lat="37.865970" lon="-122.569880"><ele>106.8</ele></trkpt><trkpt lat="37.865960" lon="-122.569790"><ele>107.5</ele></trkpt><trkpt lat="37.865960" lon="-122.569680"><ele>108.4</ele></trkpt><trkpt lat="37.866080" lon="-122.569550"><ele>109.9</ele></trkpt><trkpt lat="37.866180" lon="-122.569400"><ele>111.5</ele></trkpt><trkpt lat="37.866230" lon="-122.569290"><ele>112.4</ele></trkpt><trkpt lat="37.866250" lon="-122.569100"><ele>113.8</ele></trkpt><trkpt lat="37.866290" lon="-122.569010"><ele>114.3</ele></trkpt><trkpt lat="37.866360" lon="-122.568930"><ele>115.0</ele></trkpt><trkpt lat="37.866450" lon="-122.568850"><ele>115.7</ele></trkpt><trkpt lat="37.866630" lon="-122.568650"><ele>117.3</ele></trkpt><trkpt lat="37.866730" lon="-122.568640"><ele>118.0</ele></trkpt><trkpt lat="37.866890" lon="-122.568700"><ele>119.2</ele></trkpt><trkpt lat="37.867070" lon="-122.568710"><ele>120.5</ele></trkpt><trkpt lat="37.867130" lon="-122.568690"><ele>121.0</ele></trkpt><trkpt lat="37.867170" lon="-122.568650"><ele>121.4</ele></trkpt><trkpt lat="37.867250" lon="-122.568320"><ele>123.5</ele></trkpt><trkpt lat="37.867300" lon="-122.568250"><ele>124.1</ele></trkpt><trkpt lat="37.867370" lon="-122.568200"><ele>125.0</ele></trkpt><trkpt lat="37.867450" lon="-122.568190"><ele>125.8</ele></trkpt><trkpt lat="37.867520" lon="-122.568160"><ele>126.6</ele></trkpt><trkpt lat="37.867620" lon="-122.568090"><ele>127.8</ele></trkpt><trkpt lat="37.867630" lon="-122.568100"><ele>127.9</ele></trkpt><trkpt lat="37.867610" lon="-122.568150"><ele>128.4</ele></trkpt><trkpt lat="37.867500" lon="-122.568320"><ele>130.2</ele></trkpt><trkpt lat="37.867480" lon="-122.568380"><ele>130.8</ele></trkpt><trkpt lat="37.867480" lon="-122.568610"><ele>133.0</ele></trkpt><trkpt lat="37.867520" lon="-122.568850"><ele>135.6</ele></trkpt><trkpt lat="37.867610" lon="-122.569010"><ele>137.7</ele></trkpt><trkpt lat="37.867690" lon="-122.569040"><ele>138.8</ele></trkpt><trkpt lat="37.867840" lon="-122.569080"><ele>140.8</ele></trkpt><trkpt lat="37.868090" lon="-122.569030"><ele>144.2</ele></trkpt><trkpt lat="37.868160" lon="-122.569000"><ele>145.2</ele></trkpt><trkpt lat="37.868370" lon="-122.568770"><ele>148.9</ele></trkpt><trkpt lat="37.868570" lon="-122.568600"><ele>151.5</ele></trkpt><trkpt lat="37.868760" lon="-122.568570"><ele>153.0</ele></trkpt><trkpt lat="37.868810" lon="-122.568570"><ele>153.4</ele></trkpt><trkpt lat="37.868890" lon="-122.568600"><ele>154.1</ele></trkpt><trkpt lat="37.868830" lon="-122.568520"><ele>154.8</ele></trkpt><trkpt lat="37.868830" lon="-122.568440"><ele>155.3</ele></trkpt><trkpt lat="37.868900" lon="-122.568240"><ele>156.7</ele></trkpt><trkpt lat="37.868940" lon="-122.567420"><ele>162.0</ele></trkpt><trkpt lat="37.869000" lon="-122.567240"><ele>163.5</ele></trkpt><trkpt lat="37.869110" lon="-122.567110"><ele>165.0</ele></trkpt><trkpt lat="37.869170" lon="-122.567070"><ele>165.7</ele></trkpt><trkpt lat="37.869330" lon="-122.567070"><ele>167.3</ele></trkpt><trkpt lat="37.869540" lon="-122.567000"><ele>169.5</ele></trkpt><trkpt lat="37.869550" lon="-122.567000"><ele>169.7</ele></trkpt><trkpt lat="37.869870" lon="-122.567020"><ele>174.5</ele></trkpt><trkpt lat="37.869950" lon="-122.566990"><ele>175.8</ele></trkpt><trkpt lat="37.870190" lon="-122.566960"><ele>179.4</ele></trkpt><trkpt lat="37.870380" lon="-122.566920"><ele>182.3</ele></trkpt><trkpt lat="37.870450" lon="-122.566920"><ele>183.4</ele></trkpt><trkpt lat="37.870610" lon="-122.566980"><ele>186.0</ele></trkpt><trkpt lat="37.870760" lon="-122.566980"><ele>188.3</ele></trkpt><trkpt lat="37.870910" lon="-122.567020"><ele>190.7</ele></trkpt><trkpt lat="37.871320" lon="-122.567100"><ele>196.8</ele></trkpt><trkpt lat="37.871500" lon="-122.567190"><ele>199.6</ele></trkpt><trkpt lat="37.871560" lon="-122.567180"><ele>200.5</ele></trkpt><trkpt lat="37.871600" lon="-122.567150"><ele>201.2</ele></trkpt><trkpt lat="37.871640" lon="-122.567010"><ele>202.7</ele></trkpt><trkpt lat="37.871680" lon="-122.566970"><ele>203.2</ele></trkpt><trkpt lat="37.871810" lon="-122.566920"><ele>204.7</ele></trkpt><trkpt lat="37.871950" lon="-122.566820"><ele>206.5</ele></trkpt><trkpt lat="37.872130" lon="-122.566680"><ele>208.8</ele></trkpt><trkpt lat="37.872190" lon="-122.566570"><ele>209.9</ele></trkpt><trkpt lat="37.872230" lon="-122.566550"><ele>210.5</ele></trkpt><trkpt lat="37.872270" lon="-122.566540"><ele>210.9</ele></trkpt><trkpt lat="37.872320" lon="-122.566560"><ele>211.6</ele></trkpt><trkpt lat="37.872330" lon="-122.566620"><ele>212.2</ele></trkpt><trkpt lat="37.872360" lon="-122.566670"><ele>212.8</ele></trkpt><trkpt lat="37.872470" lon="-122.566730"><ele>214.2</ele></trkpt><trkpt lat="37.872460" lon="-122.566770"><ele>214.6</ele></trkpt><trkpt lat="37.872360" lon="-122.566800"><ele>215.9</ele></trkpt><trkpt lat="37.872270" lon="-122.566870"><ele>217.2</ele></trkpt><trkpt lat="37.872220" lon="-122.566970"><ele>218.3</ele></trkpt><trkpt lat="37.872190" lon="-122.567080"><ele>219.3</ele></trkpt><trkpt lat="37.872210" lon="-122.567370"><ele>221.5</ele></trkpt><trkpt lat="37.872310" lon="-122.567760"><ele>224.5</ele></trkpt><trkpt lat="37.872500" lon="-122.568040"><ele>227.3</ele></trkpt><trkpt lat="37.872540" lon="-122.568050"><ele>227.7</ele></trkpt><trkpt lat="37.872540" lon="-122.568020"><ele>228.0</ele></trkpt><trkpt lat="37.872500" lon="-122.567930"><ele>228.7</ele></trkpt><trkpt lat="37.872470" lon="-122.567840"><ele>229.5</ele></trkpt><trkpt lat="37.872490" lon="-122.567650"><ele>231.0</ele></trkpt><trkpt lat="37.872570" lon="-122.567510"><ele>232.3</ele></trkpt><trkpt lat="37.872630" lon="-122.567470"><ele>232.6</ele></trkpt><trkpt lat="37.872750" lon="-122.567460"><ele>232.8</ele></trkpt><trkpt lat="37.872930" lon="-122.567510"><ele>233.1</ele></trkpt><trkpt lat="37.873220" lon="-122.567450"><ele>233.6</ele></trkpt><trkpt lat="37.873330" lon="-122.567370"><ele>233.9</ele></trkpt><trkpt lat="37.873390" lon="-122.567280"><ele>234.2</ele></trkpt><trkpt lat="37.873520" lon="-122.567180"><ele>234.6</ele></trkpt><trkpt lat="37.873700" lon="-122.566950"><ele>235.4</ele></trkpt><trkpt lat="37.873870" lon="-122.566850"><ele>235.9</ele></trkpt><trkpt lat="37.874160" lon="-122.566730"><ele>235.4</ele></trkpt><trkpt lat="37.874250" lon="-122.566670"><ele>235.2</ele></trkpt><trkpt lat="37.874750" lon="-122.566270"><ele>233.4</ele></trkpt><trkpt lat="37.875040" lon="-122.565990"><ele>231.7</ele></trkpt><trkpt lat="37.875550" lon="-122.565580"><ele>226.9</ele></trkpt><trkpt lat="37.875790" lon="-122.565350"><ele>224.3</ele></trkpt><trkpt lat="37.875840" lon="-122.565280"><ele>223.5</ele></trkpt><trkpt lat="37.876050" lon="-122.564930"><ele>220.1</ele></trkpt><trkpt lat="37.876160" lon="-122.564800"><ele>218.6</ele></trkpt><trkpt lat="37.876230" lon="-122.564750"><ele>217.9</ele></trkpt><trkpt lat="37.876320" lon="-122.564740"><ele>217.2</ele></trkpt><trkpt lat="37.876470" lon="-122.564890"><ele>215.7</ele></trkpt><trkpt lat="37.876640" lon="-122.565030"><ele>214.0</ele></trkpt><trkpt lat="37.876720" lon="-122.565150"><ele>213.0</ele></trkpt><trkpt lat="37.876900" lon="-122.565340"><ele>210.9</ele></trkpt><trkpt lat="37.877040" lon="-122.565430"><ele>209.4</ele></trkpt><trkpt lat="37.877170" lon="-122.565550"><ele>207.8</ele></trkpt><trkpt lat="37.877280" lon="-122.565540"><ele>206.8</ele></trkpt><trkpt lat="37.877430" lon="-122.565460"><ele>205.3</ele></trkpt><trkpt lat="37.877570" lon="-122.565490"><ele>204.3</ele></trkpt><trkpt lat="37.877680" lon="-122.565650"><ele>203.2</ele></trkpt><trkpt lat="37.877720" lon="-122.565620"><ele>202.8</ele></trkpt><trkpt lat="37.877670" lon="-122.565470"><ele>202.0</ele></trkpt><trkpt lat="37.877660" lon="-122.565290"><ele>201.0</ele></trkpt><trkpt lat="37.877610" lon="-122.565120"><ele>200.2</ele></trkpt><trkpt lat="37.877510" lon="-122.564900"><ele>199.2</ele></trkpt><trkpt lat="37.877350" lon="-122.564650"><ele>198.1</ele></trkpt><trkpt lat="37.877460" lon="-122.564600"><ele>197.5</ele></trkpt><trkpt lat="37.877500" lon="-122.564530"><ele>197.2</ele></trkpt><trkpt lat="37.877530" lon="-122.564040"><ele>197.2</ele></trkpt><trkpt lat="37.877520" lon="-122.563880"><ele>197.2</ele></trkpt><trkpt lat="37.877300" lon="-122.563480"><ele>197.5</ele></trkpt><trkpt lat="37.877280" lon="-122.563260"><ele>197.8</ele></trkpt><trkpt lat="37.877310" lon="-122.563070"><ele>198.1</ele></trkpt><trkpt lat="37.877350" lon="-122.562970"><ele>198.2</ele></trkpt><trkpt lat="37.877370" lon="-122.562890"><ele>198.3</ele></trkpt><trkpt lat="37.877360" lon="-122.562540"><ele>200.0</ele></trkpt><trkpt lat="37.877330" lon="-122.562450"><ele>200.6</ele></trkpt><trkpt lat="37.877440" lon="-122.562510"><ele>201.6</ele></trkpt><trkpt lat="37.877490" lon="-122.562510"><ele>201.9</ele></trkpt><trkpt lat="37.877500" lon="-122.562480"><ele>202.1</ele></trkpt><trkpt lat="37.877440" lon="-122.562330"><ele>203.2</ele></trkpt><trkpt lat="37.877380" lon="-122.562230"><ele>203.9</ele></trkpt><trkpt lat="37.877360" lon="-122.562060"><ele>205.4</ele></trkpt><trkpt lat="37.877300" lon="-122.561940"><ele>206.7</ele></trkpt><trkpt lat="37.877350" lon="-122.561620"><ele>209.5</ele></trkpt><trkpt lat="37.877310" lon="-122.561300"><ele>212.2</ele></trkpt><trkpt lat="37.877260" lon="-122.561090"><ele>213.7</ele></trkpt><trkpt lat="37.877180" lon="-122.560970"><ele>214.8</ele></trkpt><trkpt lat="37.877160" lon="-122.560820"><ele>215.9</ele></trkpt><trkpt lat="37.877190" lon="-122.560740"><ele>216.5</ele></trkpt><trkpt lat="37.877260" lon="-122.560490"><ele>218.3</ele></trkpt><trkpt lat="37.877240" lon="-122.560390"><ele>218.8</ele></trkpt><trkpt lat="37.877190" lon="-122.560310"><ele>219.2</ele></trkpt><trkpt lat="37.877080" lon="-122.560180"><ele>220.1</ele></trkpt><trkpt lat="37.877020" lon="-122.560150"><ele>220.4</ele></trkpt><trkpt lat="37.876930" lon="-122.560020"><ele>221.2</ele></trkpt><trkpt lat="37.876960" lon="-122.559840"><ele>222.0</ele></trkpt><trkpt lat="37.877070" lon="-122.559810"><ele>222.2</ele></trkpt><trkpt lat="37.877180" lon="-122.559950"><ele>222.3</ele></trkpt><trkpt lat="37.877260" lon="-122.559980"><ele>222.3</ele></trkpt><trkpt lat="37.877370" lon="-122.559960"><ele>222.4</ele></trkpt><trkpt lat="37.877540" lon="-122.559860"><ele>222.5</ele></trkpt><trkpt lat="37.877690" lon="-122.559850"><ele>222.6</ele></trkpt><trkpt lat="37.877760" lon="-122.559870"><ele>222.9</ele></trkpt><trkpt lat="37.877850" lon="-122.560170"><ele>223.7</ele></trkpt><trkpt lat="37.877950" lon="-122.560250"><ele>224.1</ele></trkpt><trkpt lat="37.878060" lon="-122.560270"><ele>224.5</ele></trkpt><trkpt lat="37.878290" lon="-122.560180"><ele>225.3</ele></trkpt><trkpt lat="37.878420" lon="-122.560200"><ele>225.6</ele></trkpt><trkpt lat="37.878610" lon="-122.560130"><ele>226.2</ele></trkpt><trkpt lat="37.878750" lon="-122.560010"><ele>226.7</ele></trkpt><trkpt lat="37.878890" lon="-122.559720"><ele>227.7</ele></trkpt><trkpt lat="37.879070" lon="-122.559430"><ele>228.9</ele></trkpt><trkpt lat="37.879180" lon="-122.559350"><ele>229.5</ele></trkpt><trkpt lat="37.879420" lon="-122.558980"><ele>229.7</ele></trkpt><trkpt lat="37.879560" lon="-122.558720"><ele>229.3</ele></trkpt><trkpt lat="37.879570" lon="-122.558720"><ele>229.3</ele></trkpt><trkpt lat="37.879640" lon="-122.558520"><ele>229.0</ele></trkpt><trkpt lat="37.879740" lon="-122.558340"><ele>228.4</ele></trkpt><trkpt lat="37.879940" lon="-122.558260"><ele>227.4</ele></trkpt><trkpt lat="37.880130" lon="-122.558250"><ele>226.6</ele></trkpt><trkpt lat="37.880320" lon="-122.558350"><ele>225.6</ele></trkpt><trkpt lat="37.880420" lon="-122.558390"><ele>225.2</ele></trkpt><trkpt lat="37.880520" lon="-122.558380"><ele>224.8</ele></trkpt><trkpt lat="37.880680" lon="-122.558270"><ele>224.1</ele></trkpt><trkpt lat="37.880940" lon="-122.558220"><ele>223.1</ele></trkpt><trkpt lat="37.881020" lon="-122.558050"><ele>222.6</ele></trkpt><trkpt lat="37.881120" lon="-122.557980"><ele>222.2</ele></trkpt><trkpt lat="37.881290" lon="-122.558010"><ele>221.7</ele></trkpt><trkpt lat="37.881480" lon="-122.557980"><ele>221.2</ele></trkpt><trkpt lat="37.881610" lon="-122.557920"><ele>220.8</ele></trkpt><trkpt lat="37.881750" lon="-122.557770"><ele>220.8</ele></trkpt><trkpt lat="37.881920" lon="-122.557490"><ele>221.0</ele></trkpt><trkpt lat="37.882040" lon="-122.557080"><ele>221.1</ele></trkpt><trkpt lat="37.882140" lon="-122.556890"><ele>220.7</ele></trkpt><trkpt lat="37.882240" lon="-122.556760"><ele>220.3</ele></trkpt><trkpt lat="37.882290" lon="-122.556610"><ele>220.0</ele></trkpt><trkpt lat="37.882280" lon="-122.556400"><ele>219.6</ele></trkpt><trkpt lat="37.882320" lon="-122.556240"><ele>219.1</ele></trkpt><trkpt lat="37.882220" lon="-122.555950"><ele>218.0</ele></trkpt><trkpt lat="37.882240" lon="-122.555880"><ele>217.8</ele></trkpt><trkpt lat="37.882270" lon="-122.555840"><ele>217.6</ele></trkpt><trkpt lat="37.882330" lon="-122.555710"><ele>217.1</ele></trkpt><trkpt lat="37.882350" lon="-122.555610"><ele>216.7</ele></trkpt><trkpt lat="37.882290" lon="-122.555500"><ele>216.2</ele></trkpt><trkpt lat="37.882190" lon="-122.555230"><ele>214.7</ele></trkpt><trkpt lat="37.882060" lon="-122.555060"><ele>213.6</ele></trkpt><trkpt lat="37.881980" lon="-122.555010"><ele>213.0</ele></trkpt><trkpt lat="37.881750" lon="-122.554960"><ele>211.5</ele></trkpt><trkpt lat="37.881550" lon="-122.554760"><ele>209.8</ele></trkpt><trkpt lat="37.881510" lon="-122.554680"><ele>209.3</ele></trkpt><trkpt lat="37.881410" lon="-122.554680"><ele>208.6</ele></trkpt><trkpt lat="37.881250" lon="-122.554650"><ele>207.5</ele></trkpt><trkpt lat="37.881110" lon="-122.554690"><ele>206.7</ele></trkpt><trkpt lat="37.881010" lon="-122.554690"><ele>206.4</ele></trkpt><trkpt lat="37.880770" lon="-122.554610"><ele>205.4</ele></trkpt><trkpt lat="37.880650" lon="-122.554670"><ele>204.9</ele></trkpt><trkpt lat="37.880550" lon="-122.554680"><ele>204.5</ele></trkpt><trkpt lat="37.880390" lon="-122.554620"><ele>203.7</ele></trkpt><trkpt lat="37.880260" lon="-122.554610"><ele>202.9</ele></trkpt><trkpt lat="37.880230" lon="-122.554650"><ele>202.7</ele></trkpt><trkpt lat="37.880220" lon="-122.554730"><ele>202.3</ele></trkpt><trkpt lat="37.880340" lon="-122.555020"><ele>200.8</ele></trkpt><trkpt lat="37.880360" lon="-122.555130"><ele>200.3</ele></trkpt><trkpt lat="37.880350" lon="-122.555160"><ele>200.1</ele></trkpt><trkpt lat="37.880300" lon="-122.555190"><ele>199.8</ele></trkpt><trkpt lat="37.880170" lon="-122.555170"><ele>199.3</ele></trkpt><trkpt lat="37.880080" lon="-122.555120"><ele>199.0</ele></trkpt><trkpt lat="37.879760" lon="-122.555030"><ele>197.7</ele></trkpt><trkpt lat="37.879600" lon="-122.554960"><ele>197.1</ele></trkpt><trkpt lat="37.879530" lon="-122.554960"><ele>196.7</ele></trkpt><trkpt lat="37.879520" lon="-122.554930"><ele>196.6</ele></trkpt><trkpt lat="37.879720" lon="-122.554840"><ele>195.5</ele></trkpt><trkpt lat="37.879720" lon="-122.554810"><ele>195.4</ele></trkpt><trkpt lat="37.879570" lon="-122.554770"><ele>194.6</ele></trkpt><trkpt lat="37.879440" lon="-122.554780"><ele>194.0</ele></trkpt><trkpt lat="37.879370" lon="-122.554710"><ele>193.5</ele></trkpt><trkpt lat="37.879410" lon="-122.554640"><ele>193.4</ele></trkpt><trkpt lat="37.879410" lon="-122.554520"><ele>193.2</ele></trkpt><trkpt lat="37.879210" lon="-122.554140"><ele>192.4</ele></trkpt><trkpt lat="37.879210" lon="-122.553990"><ele>192.2</ele></trkpt><trkpt lat="37.879230" lon="-122.553930"><ele>192.0</ele></trkpt><trkpt lat="37.879110" lon="-122.553860"><ele>192.4</ele></trkpt><trkpt lat="37.878960" lon="-122.553620"><ele>193.2</ele></trkpt><trkpt lat="37.878850" lon="-122.553570"><ele>193.6</ele></trkpt><trkpt lat="37.878760" lon="-122.553590"><ele>193.9</ele></trkpt><trkpt lat="37.878600" lon="-122.553720"><ele>194.6</ele></trkpt><trkpt lat="37.878530" lon="-122.553760"><ele>194.9</ele></trkpt><trkpt lat="37.878410" lon="-122.553740"><ele>195.3</ele></trkpt><trkpt lat="37.878290" lon="-122.553660"><ele>195.9</ele></trkpt><trkpt lat="37.878150" lon="-122.553630"><ele>196.4</ele></trkpt><trkpt lat="37.878080" lon="-122.553640"><ele>196.7</ele></trkpt><trkpt lat="37.878020" lon="-122.553660"><ele>196.9</ele></trkpt><trkpt lat="37.877780" lon="-122.553820"><ele>198.9</ele></trkpt><trkpt lat="37.877670" lon="-122.553810"><ele>199.9</ele></trkpt><trkpt lat="37.877570" lon="-122.553760"><ele>200.8</ele></trkpt><trkpt lat="37.877520" lon="-122.553700"><ele>201.5</ele></trkpt><trkpt lat="37.877390" lon="-122.553460"><ele>203.5</ele></trkpt><trkpt lat="37.877230" lon="-122.553320"><ele>204.3</ele></trkpt><trkpt lat="37.877020" lon="-122.553210"><ele>205.2</ele></trkpt><trkpt lat="37.876980" lon="-122.553160"><ele>205.4</ele></trkpt><trkpt lat="37.876880" lon="-122.552890"><ele>206.3</ele></trkpt><trkpt lat="37.876860" lon="-122.552860"><ele>206.4</ele></trkpt><trkpt lat="37.876700" lon="-122.552760"><ele>207.3</ele></trkpt><trkpt lat="37.876610" lon="-122.552670"><ele>207.9</ele></trkpt><trkpt lat="37.876600" lon="-122.552530"><ele>208.4</ele></trkpt><trkpt lat="37.876720" lon="-122.552290"><ele>209.6</ele></trkpt><trkpt lat="37.876730" lon="-122.552230"><ele>209.8</ele></trkpt><trkpt lat="37.876690" lon="-122.552150"><ele>210.0</ele></trkpt><trkpt lat="37.876510" lon="-122.552120"><ele>210.2</ele></trkpt><trkpt lat="37.876470" lon="-122.552100"><ele>210.2</ele></trkpt><trkpt lat="37.876440" lon="-122.552050"><ele>210.3</ele></trkpt><trkpt lat="37.876390" lon="-122.551800"><ele>210.4</ele></trkpt><trkpt lat="37.876340" lon="-122.551720"><ele>210.5</ele></trkpt><trkpt lat="37.876230" lon="-122.551680"><ele>210.6</ele></trkpt><trkpt lat="37.875910" lon="-122.551660"><ele>215.0</ele></trkpt><trkpt lat="37.875750" lon="-122.551720"><ele>217.3</ele></trkpt><trkpt lat="37.875670" lon="-122.551680"><ele>218.5</ele></trkpt><trkpt lat="37.875610" lon="-122.551550"><ele>220.2</ele></trkpt><trkpt lat="37.875580" lon="-122.551510"><ele>220.8</ele></trkpt><trkpt lat="37.875460" lon="-122.551510"><ele>222.4</ele></trkpt><trkpt lat="37.875260" lon="-122.551680"><ele>225.6</ele></trkpt><trkpt lat="37.875190" lon="-122.551760"><ele>226.9</ele></trkpt><trkpt lat="37.875150" lon="-122.551830"><ele>227.8</ele></trkpt><trkpt lat="37.875040" lon="-122.552150"><ele>231.5</ele></trkpt><trkpt lat="37.874990" lon="-122.552200"><ele>232.3</ele></trkpt><trkpt lat="37.874930" lon="-122.552220"><ele>233.1</ele></trkpt><trkpt lat="37.874740" lon="-122.552230"><ele>235.6</ele></trkpt><trkpt lat="37.874580" lon="-122.552340"><ele>237.9</ele></trkpt><trkpt lat="37.874500" lon="-122.552340"><ele>239.0</ele></trkpt><trkpt lat="37.874450" lon="-122.552310"><ele>239.7</ele></trkpt><trkpt lat="37.874320" lon="-122.552170"><ele>239.7</ele></trkpt><trkpt lat="37.874150" lon="-122.551890"><ele>239.5</ele></trkpt><trkpt lat="37.874100" lon="-122.551850"><ele>239.5</ele></trkpt><trkpt lat="37.873890" lon="-122.551810"><ele>239.3</ele></trkpt><trkpt lat="37.873760" lon="-122.551740"><ele>239.3</ele></trkpt><trkpt lat="37.873710" lon="-122.551670"><ele>239.4</ele></trkpt><trkpt lat="37.873610" lon="-122.551460"><ele>239.4</ele></trkpt><trkpt lat="37.873570" lon="-122.551420"><ele>239.5</ele></trkpt><trkpt lat="37.873450" lon="-122.551350"><ele>239.5</ele></trkpt><trkpt lat="37.873180" lon="-122.551110"><ele>239.8</ele></trkpt><trkpt lat="37.873120" lon="-122.551090"><ele>239.9</ele></trkpt><trkpt lat="37.873080" lon="-122.551090"><ele>239.9</ele></trkpt><trkpt lat="37.873030" lon="-122.551130"><ele>240.0</ele></trkpt><trkpt lat="37.872890" lon="-122.551490"><ele>240.4</ele></trkpt><trkpt lat="37.872560" lon="-122.551770"><ele>243.1</ele></trkpt><trkpt lat="37.872270" lon="-122.551980"><ele>245.7</ele></trkpt><trkpt lat="37.872220" lon="-122.552050"><ele>246.1</ele></trkpt><trkpt lat="37.872220" lon="-122.552060"><ele>246.1</ele></trkpt><trkpt lat="37.872150" lon="-122.552190"><ele>246.3</ele></trkpt><trkpt lat="37.872090" lon="-122.552250"><ele>246.5</ele></trkpt><trkpt lat="37.871900" lon="-122.552400"><ele>247.0</ele></trkpt><trkpt lat="37.871690" lon="-122.552760"><ele>248.0</ele></trkpt><trkpt lat="37.871580" lon="-122.552830"><ele>248.6</ele></trkpt><trkpt lat="37.871480" lon="-122.552830"><ele>249.1</ele></trkpt><trkpt lat="37.871420" lon="-122.552780"><ele>249.5</ele></trkpt><trkpt lat="37.871380" lon="-122.552720"><ele>249.8</ele></trkpt><trkpt lat="37.871360" lon="-122.552640"><ele>250.1</ele></trkpt><trkpt lat="37.871340" lon="-122.552400"><ele>251.1</ele></trkpt><trkpt lat="37.871290" lon="-122.552060"><ele>250.5</ele></trkpt><trkpt lat="37.871230" lon="-122.551950"><ele>250.2</ele></trkpt><trkpt lat="37.871160" lon="-122.551860"><ele>250.0</ele></trkpt><trkpt lat="37.871060" lon="-122.551850"><ele>249.7</ele></trkpt><trkpt lat="37.870870" lon="-122.551940"><ele>249.4</ele></trkpt><trkpt lat="37.870600" lon="-122.552100"><ele>249.6</ele></trkpt><trkpt lat="37.870520" lon="-122.552090"><ele>249.7</ele></trkpt><trkpt lat="37.870490" lon="-122.552050"><ele>249.7</ele></trkpt><trkpt lat="37.870460" lon="-122.551950"><ele>249.8</ele></trkpt><trkpt lat="37.870460" lon="-122.551810"><ele>249.9</ele></trkpt><trkpt lat="37.870490" lon="-122.551560"><ele>250.0</ele></trkpt><trkpt lat="37.870540" lon="-122.551290"><ele>250.1</ele></trkpt><trkpt lat="37.870550" lon="-122.551140"><ele>250.1</ele></trkpt><trkpt lat="37.870530" lon="-122.550830"><ele>250.3</ele></trkpt><trkpt lat="37.870480" lon="-122.550710"><ele>250.5</ele></trkpt><trkpt lat="37.870450" lon="-122.550680"><ele>250.6</ele></trkpt><trkpt lat="37.870420" lon="-122.550660"><ele>250.7</ele></trkpt><trkpt lat="37.870320" lon="-122.550670"><ele>251.0</ele></trkpt><trkpt lat="37.870180" lon="-122.550710"><ele>251.3</ele></trkpt><trkpt lat="37.870070" lon="-122.550770"><ele>251.6</ele></trkpt><trkpt lat="37.869660" lon="-122.551150"><ele>252.2</ele></trkpt><trkpt lat="37.869470" lon="-122.551370"><ele>252.3</ele></trkpt><trkpt lat="37.869380" lon="-122.551360"><ele>252.4</ele></trkpt><trkpt lat="37.869250" lon="-122.551240"><ele>252.8</ele></trkpt><trkpt lat="37.869110" lon="-122.551180"><ele>253.2</ele></trkpt><trkpt lat="37.869090" lon="-122.551100"><ele>253.4</ele></trkpt><trkpt lat="37.869090" lon="-122.551050"><ele>253.5</ele></trkpt><trkpt lat="37.869220" lon="-122.550790"><ele>254.2</ele></trkpt><trkpt lat="37.869320" lon="-122.550370"><ele>255.8</ele></trkpt><trkpt lat="37.869420" lon="-122.550120"><ele>256.9</ele></trkpt><trkpt lat="37.869470" lon="-122.549630"><ele>259.3</ele></trkpt><trkpt lat="37.869510" lon="-122.549560"><ele>259.9</ele></trkpt><trkpt lat="37.869550" lon="-122.549330"><ele>261.5</ele></trkpt><trkpt lat="37.869530" lon="-122.549240"><ele>262.1</ele></trkpt><trkpt lat="37.869430" lon="-122.549090"><ele>263.4</ele></trkpt><trkpt lat="37.869280" lon="-122.549060"><ele>264.4</ele></trkpt><trkpt lat="37.869200" lon="-122.549090"><ele>264.7</ele></trkpt><trkpt lat="37.869120" lon="-122.549160"><ele>265.0</ele></trkpt><trkpt lat="37.869080" lon="-122.549260"><ele>265.3</ele></trkpt><trkpt lat="37.869050" lon="-122.549670"><ele>266.5</ele></trkpt><trkpt lat="37.869000" lon="-122.549790"><ele>267.0</ele></trkpt><trkpt lat="37.868820" lon="-122.550030"><ele>269.2</ele></trkpt><trkpt lat="37.868610" lon="-122.550230"><ele>271.4</ele></trkpt><trkpt lat="37.868500" lon="-122.550300"><ele>272.5</ele></trkpt><trkpt lat="37.868340" lon="-122.550380"><ele>273.6</ele></trkpt><trkpt lat="37.868300" lon="-122.550430"><ele>274.0</ele></trkpt><trkpt lat="37.868250" lon="-122.550540"><ele>274.6</ele></trkpt><trkpt lat="37.868140" lon="-122.551040"><ele>277.2</ele></trkpt><trkpt lat="37.868000" lon="-122.551290"><ele>279.1</ele></trkpt><trkpt lat="37.867920" lon="-122.551370"><ele>280.0</ele></trkpt><trkpt lat="37.867580" lon="-122.551630"><ele>283.2</ele></trkpt><trkpt lat="37.867510" lon="-122.551650"><ele>283.3</ele></trkpt><trkpt lat="37.867450" lon="-122.551640"><ele>283.4</ele></trkpt><trkpt lat="37.867380" lon="-122.551570"><ele>283.5</ele></trkpt><trkpt lat="37.867350" lon="-122.551490"><ele>283.7</ele></trkpt><trkpt lat="37.867330" lon="-122.551370"><ele>283.8</ele></trkpt><trkpt lat="37.867320" lon="-122.550450"><ele>282.6</ele></trkpt><trkpt lat="37.867230" lon="-122.550230"><ele>281.6</ele></trkpt><trkpt lat="37.867210" lon="-122.550120"><ele>281.2</ele></trkpt><trkpt lat="37.867210" lon="-122.550020"><ele>280.9</ele></trkpt><trkpt lat="37.867350" lon="-122.549770"><ele>279.7</ele></trkpt><trkpt lat="37.867390" lon="-122.549640"><ele>279.2</ele></trkpt><trkpt lat="37.867410" lon="-122.549510"><ele>278.8</ele></trkpt><trkpt lat="37.867410" lon="-122.549410"><ele>278.4</ele></trkpt><trkpt lat="37.867320" lon="-122.549190"><ele>277.7</ele></trkpt><trkpt lat="37.867210" lon="-122.549020"><ele>277.9</ele></trkpt><trkpt lat="37.867090" lon="-122.548760"><ele>278.1</ele></trkpt><trkpt lat="37.867030" lon="-122.548940"><ele>278.2</ele></trkpt><trkpt lat="37.867000" lon="-122.549840"><ele>282.4</ele></trkpt><trkpt lat="37.867030" lon="-122.550150"><ele>283.8</ele></trkpt><trkpt lat="37.867100" lon="-122.550350"><ele>284.7</ele></trkpt><trkpt lat="37.867180" lon="-122.550540"><ele>285.6</ele></trkpt><trkpt lat="37.867200" lon="-122.550710"><ele>286.2</ele></trkpt><trkpt lat="37.867180" lon="-122.550900"><ele>287.2</ele></trkpt><trkpt lat="37.867050" lon="-122.551320"><ele>290.4</ele></trkpt><trkpt lat="37.867020" lon="-122.551610"><ele>292.5</ele></trkpt><trkpt lat="37.867020" lon="-122.552100"><ele>296.7</ele></trkpt><trkpt lat="37.867060" lon="-122.552270"><ele>298.3</ele></trkpt><trkpt lat="37.867020" lon="-122.552350"><ele>299.1</ele></trkpt><trkpt lat="37.866990" lon="-122.552350"><ele>299.5</ele></trkpt><trkpt lat="37.866930" lon="-122.552290"><ele>300.3</ele></trkpt><trkpt lat="37.866900" lon="-122.552210"><ele>301.1</ele></trkpt><trkpt lat="37.866790" lon="-122.552100"><ele>302.6</ele></trkpt><trkpt lat="37.866680" lon="-122.552070"><ele>303.7</ele></trkpt><trkpt lat="37.866560" lon="-122.552080"><ele>304.9</ele></trkpt><trkpt lat="37.866310" lon="-122.552170"><ele>307.5</ele></trkpt><trkpt lat="37.866200" lon="-122.552530"><ele>308.5</ele></trkpt><trkpt lat="37.866110" lon="-122.552630"><ele>308.4</ele></trkpt><trkpt lat="37.865700" lon="-122.552860"><ele>307.5</ele></trkpt><trkpt lat="37.865240" lon="-122.553060"><ele>303.2</ele></trkpt><trkpt lat="37.864280" lon="-122.553370"><ele>293.5</ele></trkpt><trkpt lat="37.863390" lon="-122.553520"><ele>285.6</ele></trkpt><trkpt lat="37.862220" lon="-122.554040"><ele>271.2</ele></trkpt><trkpt lat="37.860110" lon="-122.554930"><ele>268.8</ele></trkpt><trkpt lat="37.859730" lon="-122.555130"><ele>271.6</ele></trkpt><trkpt lat="37.859460" lon="-122.554610"><ele>271.4</ele></trkpt><trkpt lat="37.859220" lon="-122.554200"><ele>268.9</ele></trkpt><trkpt lat="37.858640" lon="-122.554000"><ele>262.0</ele></trkpt><trkpt lat="37.857810" lon="-122.553900"><ele>250.3</ele></trkpt><trkpt lat="37.857660" lon="-122.553860"><ele>248.3</ele></trkpt><trkpt lat="37.857550" lon="-122.553770"><ele>246.8</ele></trkpt><trkpt lat="37.857030" lon="-122.553100"><ele>238.0</ele></trkpt><trkpt lat="37.856690" lon="-122.552900"><ele>233.5</ele></trkpt><trkpt lat="37.856450" lon="-122.552840"><ele>230.9</ele></trkpt><trkpt lat="37.855920" lon="-122.552930"><ele>225.7</ele></trkpt><trkpt lat="37.855510" lon="-122.553110"><ele>222.0</ele></trkpt><trkpt lat="37.854840" lon="-122.553300"><ele>217.9</ele></trkpt><trkpt lat="37.854310" lon="-122.553490"><ele>215.8</ele></trkpt><trkpt lat="37.853890" lon="-122.553870"><ele>214.1</ele></trkpt><trkpt lat="37.853730" lon="-122.554090"><ele>211.6</ele></trkpt><trkpt lat="37.853570" lon="-122.554410"><ele>208.2</ele></trkpt><trkpt lat="37.853480" lon="-122.554470"><ele>207.1</ele></trkpt><trkpt lat="37.851850" lon="-122.554760"><ele>188.4</ele></trkpt><trkpt lat="37.851700" lon="-122.554850"><ele>187.4</ele></trkpt><trkpt lat="37.851590" lon="-122.554990"><ele>186.4</ele></trkpt><trkpt lat="37.851490" lon="-122.555250"><ele>185.0</ele></trkpt><trkpt lat="37.851290" lon="-122.555560"><ele>182.8</ele></trkpt><trkpt lat="37.850820" lon="-122.555960"><ele>178.9</ele></trkpt><trkpt lat="37.850360" lon="-122.556320"><ele>175.9</ele></trkpt><trkpt lat="37.850140" lon="-122.556410"><ele>174.1</ele></trkpt><trkpt lat="37.850130" lon="-122.556410"><ele>173.9</ele></trkpt><trkpt lat="37.850100" lon="-122.556420"><ele>173.6</ele></trkpt><trkpt lat="37.849980" lon="-122.556410"><ele>172.3</ele></trkpt><trkpt lat="37.849920" lon="-122.556380"><ele>171.6</ele></trkpt><trkpt lat="37.849900" lon="-122.556200"><ele>170.1</ele></trkpt><trkpt lat="37.849960" lon="-122.555390"><ele>161.9</ele></trkpt><trkpt lat="37.850150" lon="-122.554850"><ele>155.0</ele></trkpt><trkpt lat="37.850220" lon="-122.554510"><ele>150.4</ele></trkpt><trkpt lat="37.850210" lon="-122.554090"><ele>145.1</ele></trkpt><trkpt lat="37.850170" lon="-122.553880"><ele>143.0</ele></trkpt><trkpt lat="37.849920" lon="-122.553670"><ele>139.3</ele></trkpt><trkpt lat="37.849700" lon="-122.553320"><ele>134.7</ele></trkpt><trkpt lat="37.849430" lon="-122.553090"><ele>130.2</ele></trkpt><trkpt lat="37.849340" lon="-122.552970"><ele>128.4</ele></trkpt><trkpt lat="37.849110" lon="-122.552460"><ele>122.4</ele></trkpt><trkpt lat="37.848710" lon="-122.551750"><ele>113.3</ele></trkpt><trkpt lat="37.848660" lon="-122.551610"><ele>111.6</ele></trkpt><trkpt lat="37.848740" lon="-122.551360"><ele>108.7</ele></trkpt><trkpt lat="37.848750" lon="-122.551220"><ele>107.1</ele></trkpt><trkpt lat="37.848720" lon="-122.551160"><ele>106.3</ele></trkpt><trkpt lat="37.848690" lon="-122.551110"><ele>105.5</ele></trkpt><trkpt lat="37.848570" lon="-122.551070"><ele>103.6</ele></trkpt><trkpt lat="37.848390" lon="-122.551110"><ele>100.9</ele></trkpt><trkpt lat="37.848260" lon="-122.551090"><ele>98.9</ele></trkpt><trkpt lat="37.848180" lon="-122.551000"><ele>97.3</ele></trkpt><trkpt lat="37.848140" lon="-122.550910"><ele>96.1</ele></trkpt><trkpt lat="37.848050" lon="-122.550440"><ele>90.3</ele></trkpt><trkpt lat="37.848050" lon="-122.550000"><ele>85.1</ele></trkpt><trkpt lat="37.848140" lon="-122.549600"><ele>80.5</ele></trkpt><trkpt lat="37.848230" lon="-122.548990"><ele>74.4</ele></trkpt><trkpt lat="37.848310" lon="-122.548620"><ele>71.5</ele></trkpt><trkpt lat="37.848430" lon="-122.547930"><ele>63.8</ele></trkpt><trkpt lat="37.848820" lon="-122.546890"><ele>48.5</ele></trkpt><trkpt lat="37.848930" lon="-122.546380"><ele>42.1</ele></trkpt><trkpt lat="37.849010" lon="-122.545880"><ele>36.4</ele></trkpt><trkpt lat="37.849480" lon="-122.545310"><ele>33.6</ele></trkpt><trkpt lat="37.849510" lon="-122.545180"><ele>33.4</ele></trkpt><trkpt lat="37.849520" lon="-122.544700"><ele>32.2</ele></trkpt><trkpt lat="37.849480" lon="-122.544500"><ele>31.7</ele></trkpt><trkpt lat="37.849350" lon="-122.544200"><ele>30.8</ele></trkpt><trkpt lat="37.849280" lon="-122.543920"><ele>29.7</ele></trkpt><trkpt lat="37.849340" lon="-122.543140"><ele>27.3</ele></trkpt><trkpt lat="37.849270" lon="-122.542820"><ele>27.1</ele></trkpt><trkpt lat="37.849170" lon="-122.542550"><ele>26.9</ele></trkpt><trkpt lat="37.849130" lon="-122.542320"><ele>27.1</ele></trkpt><trkpt lat="37.849130" lon="-122.541460"><ele>29.2</ele></trkpt><trkpt lat="37.849180" lon="-122.540950"><ele>32.8</ele></trkpt><trkpt lat="37.849300" lon="-122.540620"><ele>35.2</ele></trkpt><trkpt lat="37.849490" lon="-122.540200"><ele>36.3</ele></trkpt><trkpt lat="37.849800" lon="-122.539750"><ele>37.3</ele></trkpt><trkpt lat="37.850260" lon="-122.539190"><ele>37.3</ele></trkpt><trkpt lat="37.850770" lon="-122.538680"><ele>34.1</ele></trkpt><trkpt lat="37.850980" lon="-122.538580"><ele>33.4</ele></trkpt><trkpt lat="37.851310" lon="-122.538530"><ele>32.5</ele></trkpt><trkpt lat="37.851850" lon="-122.538570"><ele>32.3</ele></trkpt><trkpt lat="37.852160" lon="-122.538570"><ele>32.6</ele></trkpt><trkpt lat="37.852440" lon="-122.538720"><ele>33.9</ele></trkpt><trkpt lat="37.853170" lon="-122.539020"><ele>37.7</ele></trkpt><trkpt lat="37.853560" lon="-122.539220"><ele>40.0</ele></trkpt><trkpt lat="37.854100" lon="-122.539580"><ele>41.8</ele></trkpt><trkpt lat="37.854460" lon="-122.539710"><ele>42.3</ele></trkpt><trkpt lat="37.854700" lon="-122.539750"><ele>42.5</ele></trkpt><trkpt lat="37.854930" lon="-122.539700"><ele>42.6</ele></trkpt><trkpt lat="37.855320" lon="-122.539520"><ele>42.1</ele></trkpt><trkpt lat="37.855560" lon="-122.539450"><ele>41.8</ele></trkpt><trkpt lat="37.856160" lon="-122.539360"><ele>42.5</ele></trkpt><trkpt lat="37.856460" lon="-122.539240"><ele>42.9</ele></trkpt><trkpt lat="37.857410" lon="-122.539010"><ele>49.0</ele></trkpt><trkpt lat="37.857630" lon="-122.538870"><ele>52.2</ele></trkpt><trkpt lat="37.860875" lon="-122.545730"><ele>86.6</ele></trkpt><trkpt lat="37.860875" lon="-122.545730"><ele>98.1</ele></trkpt><trkpt lat="37.860893" lon="-122.545726"><ele>98.0</ele></trkpt><trkpt lat="37.860909" lon="-122.545716"><ele>97.9</ele></trkpt><trkpt lat="37.860922" lon="-122.545698"><ele>97.8</ele></trkpt><trkpt lat="37.860938" lon="-122.545671"><ele>97.6</ele></trkpt><trkpt lat="37.861010" lon="-122.545530"><ele>96.6</ele></trkpt><trkpt lat="37.861080" lon="-122.545422"><ele>95.8</ele></trkpt><trkpt lat="37.861122" lon="-122.545375"><ele>95.4</ele></trkpt><trkpt lat="37.861482" lon="-122.545065"><ele>92.1</ele></trkpt><trkpt lat="37.861542" lon="-122.545003"><ele>91.5</ele></trkpt><trkpt lat="37.861579" lon="-122.544948"><ele>90.9</ele></trkpt><trkpt lat="37.861594" lon="-122.544878"><ele>90.4</ele></trkpt><trkpt lat="37.861593" lon="-122.544817"><ele>90.0</ele></trkpt><trkpt lat="37.861585" lon="-122.544765"><ele>89.6</ele></trkpt><trkpt lat="37.861558" lon="-122.544717"><ele>89.2</ele></trkpt><trkpt lat="37.861529" lon="-122.544686"><ele>88.8</ele></trkpt><trkpt lat="37.861487" lon="-122.544667"><ele>88.4</ele></trkpt><trkpt lat="37.861440" lon="-122.544660"><ele>88.0</ele></trkpt><trkpt lat="37.861294" lon="-122.544675"><ele>86.7</ele></trkpt><trkpt lat="37.861193" lon="-122.544677"><ele>85.9</ele></trkpt><trkpt lat="37.861139" lon="-122.544669"><ele>85.5</ele></trkpt><trkpt lat="37.861087" lon="-122.544651"><ele>85.1</ele></trkpt><trkpt lat="37.860924" lon="-122.544558"><ele>83.8</ele></trkpt><trkpt lat="37.860783" lon="-122.544451"><ele>82.5</ele></trkpt><trkpt lat="37.860605" lon="-122.544293"><ele>81.0</ele></trkpt><trkpt lat="37.860223" lon="-122.543894"><ele>79.1</ele></trkpt><trkpt lat="37.859847" lon="-122.543445"><ele>79.0</ele></trkpt><trkpt lat="37.859763" lon="-122.543319"><ele>79.3</ele></trkpt><trkpt lat="37.859701" lon="-122.543220"><ele>79.5</ele></trkpt><trkpt lat="37.859637" lon="-122.543095"><ele>79.7</ele></trkpt><trkpt lat="37.859353" lon="-122.542466"><ele>77.0</ele></trkpt><trkpt lat="37.859290" lon="-122.542355"><ele>76.4</ele></trkpt><trkpt lat="37.859239" lon="-122.542271"><ele>76.0</ele></trkpt><trkpt lat="37.859153" lon="-122.542170"><ele>75.1</ele></trkpt><trkpt lat="37.858966" lon="-122.541972"><ele>73.2</ele></trkpt><trkpt lat="37.858877" lon="-122.541865"><ele>72.3</ele></trkpt><trkpt lat="37.858663" lon="-122.541559"><ele>69.7</ele></trkpt><trkpt lat="37.858570" lon="-122.541430"><ele>68.2</ele></trkpt><trkpt lat="37.858332" lon="-122.541129"><ele>64.7</ele></trkpt><trkpt lat="37.858200" lon="-122.540950"><ele>62.6</ele></trkpt><trkpt lat="37.858147" lon="-122.540856"><ele>61.6</ele></trkpt><trkpt lat="37.858088" lon="-122.540711"><ele>60.2</ele></trkpt><trkpt lat="37.858012" lon="-122.540523"><ele>58.3</ele></trkpt><trkpt lat="37.857972" lon="-122.540443"><ele>57.5</ele></trkpt><trkpt lat="37.857912" lon="-122.540351"><ele>56.4</ele></trkpt><trkpt lat="37.857811" lon="-122.540229"><ele>54.9</ele></trkpt><trkpt lat="37.857730" lon="-122.540122"><ele>54.2</ele></trkpt><trkpt lat="37.857684" lon="-122.540044"><ele>53.8</ele></trkpt><trkpt lat="37.857645" lon="-122.539966"><ele>53.4</ele></trkpt><trkpt lat="37.857621" lon="-122.539877"><ele>53.0</ele></trkpt><trkpt lat="37.857603" lon="-122.539782"><ele>52.6</ele></trkpt><trkpt lat="37.857586" lon="-122.539674"><ele>52.1</ele></trkpt><trkpt lat="37.857568" lon="-122.539566"><ele>51.6</ele></trkpt><trkpt lat="37.857547" lon="-122.539465"><ele>51.2</ele></trkpt><trkpt lat="37.857521" lon="-122.539359"><ele>50.6</ele></trkpt><trkpt lat="37.857488" lon="-122.539243"><ele>49.8</ele></trkpt><trkpt lat="37.857448" lon="-122.539108"><ele>48.9</ele></trkpt><trkpt lat="37.857412" lon="-122.538995"><ele>48.1</ele></trkpt><trkpt lat="37.857471" lon="-122.538964"><ele>47.6</ele></trkpt><trkpt lat="37.857526" lon="-122.538929"><ele>47.1</ele></trkpt><trkpt lat="37.857583" lon="-122.538885"><ele>46.6</ele></trkpt><trkpt lat="37.857636" lon="-122.538838"><ele>46.1</ele></trkpt><trkpt lat="37.857701" lon="-122.538767"><ele>45.4</ele></trkpt><trkpt lat="37.857769" lon="-122.538689"><ele>45.1</ele></trkpt><trkpt lat="37.857835" lon="-122.538603"><ele>45.0</ele></trkpt><trkpt lat="37.858026" lon="-122.538342"><ele>44.7</ele></trkpt><trkpt lat="37.858099" lon="-122.538247"><ele>44.7</ele></trkpt><trkpt lat="37.858167" lon="-122.538163"><ele>44.6</ele></trkpt><trkpt lat="37.858230" lon="-122.538091"><ele>44.5</ele></trkpt><trkpt lat="37.858300" lon="-122.538017"><ele>44.8</ele></trkpt><trkpt lat="37.858378" lon="-122.537943"><ele>45.2</ele></trkpt><trkpt lat="37.858456" lon="-122.537879"><ele>45.5</ele></trkpt><trkpt lat="37.858539" lon="-122.537817"><ele>45.9</ele></trkpt><trkpt lat="37.858630" lon="-122.537754"><ele>46.3</ele></trkpt><trkpt lat="37.858730" lon="-122.537690"><ele>46.7</ele></trkpt><trkpt lat="37.859154" lon="-122.537413"><ele>49.6</ele></trkpt><trkpt lat="37.859614" lon="-122.537106"><ele>53.2</ele></trkpt><trkpt lat="37.859709" lon="-122.537038"><ele>54.1</ele></trkpt><trkpt lat="37.859794" lon="-122.536965"><ele>54.9</ele></trkpt><trkpt lat="37.859867" lon="-122.536892"><ele>55.7</ele></trkpt><trkpt lat="37.859945" lon="-122.536809"><ele>56.5</ele></trkpt><trkpt lat="37.860018" lon="-122.536725"><ele>57.3</ele></trkpt><trkpt lat="37.860101" lon="-122.536630"><ele>58.0</ele></trkpt><trkpt lat="37.860190" lon="-122.536531"><ele>58.2</ele></trkpt><trkpt lat="37.860328" lon="-122.536379"><ele>58.5</ele></trkpt><trkpt lat="37.860360" lon="-122.536345"><ele>58.6</ele></trkpt><trkpt lat="37.860549" lon="-122.536165"><ele>59.0</ele></trkpt><trkpt lat="37.860755" lon="-122.535969"><ele>58.9</ele></trkpt><trkpt lat="37.860840" lon="-122.535885"><ele>58.7</ele></trkpt><trkpt lat="37.860939" lon="-122.535781"><ele>58.5</ele></trkpt><trkpt lat="37.861031" lon="-122.535678"><ele>58.3</ele></trkpt><trkpt lat="37.861128" lon="-122.535567"><ele>58.0</ele></trkpt><trkpt lat="37.861222" lon="-122.535465"><ele>57.7</ele></trkpt><trkpt lat="37.861317" lon="-122.535367"><ele>57.2</ele></trkpt><trkpt lat="37.861368" lon="-122.535320"><ele>56.9</ele></trkpt><trkpt lat="37.861414" lon="-122.535279"><ele>56.7</ele></trkpt><trkpt lat="37.861467" lon="-122.535237"><ele>56.4</ele></trkpt><trkpt lat="37.861522" lon="-122.535196"><ele>56.2</ele></trkpt><trkpt lat="37.861581" lon="-122.535160"><ele>55.9</ele></trkpt><trkpt lat="37.861651" lon="-122.535124"><ele>55.6</ele></trkpt><trkpt lat="37.861826" lon="-122.535029"><ele>54.8</ele></trkpt><trkpt lat="37.861968" lon="-122.534927"><ele>54.1</ele></trkpt><trkpt lat="37.862069" lon="-122.534845"><ele>53.6</ele></trkpt><trkpt lat="37.862160" lon="-122.534741"><ele>53.1</ele></trkpt><trkpt lat="37.862235" lon="-122.534644"><ele>52.6</ele></trkpt><trkpt lat="37.862297" lon="-122.534553"><ele>52.2</ele></trkpt><trkpt lat="37.862364" lon="-122.534441"><ele>51.7</ele></trkpt><trkpt lat="37.862428" lon="-122.534341"><ele>51.3</ele></trkpt><trkpt lat="37.862502" lon="-122.534249"><ele>50.8</ele></trkpt><trkpt lat="37.862575" lon="-122.534173"><ele>50.4</ele></trkpt><trkpt lat="37.862660" lon="-122.534099"><ele>50.0</ele></trkpt><trkpt lat="37.862754" lon="-122.534032"><ele>49.6</ele></trkpt><trkpt lat="37.862838" lon="-122.533984"><ele>49.2</ele></trkpt><trkpt lat="37.862942" lon="-122.533938"><ele>48.7</ele></trkpt><trkpt lat="37.863436" lon="-122.533704"><ele>47.0</ele></trkpt><trkpt lat="37.863562" lon="-122.533653"><ele>46.5</ele></trkpt><trkpt lat="37.863900" lon="-122.533543"><ele>45.3</ele></trkpt><trkpt lat="37.864044" lon="-122.533481"><ele>44.8</ele></trkpt><trkpt lat="37.864163" lon="-122.533412"><ele>44.4</ele></trkpt><trkpt lat="37.864416" lon="-122.533226"><ele>43.0</ele></trkpt><trkpt lat="37.864515" lon="-122.533166"><ele>42.4</ele></trkpt><trkpt lat="37.864617" lon="-122.533124"><ele>41.7</ele></trkpt><trkpt lat="37.864776" lon="-122.533062"><ele>40.7</ele></trkpt><trkpt lat="37.864878" lon="-122.533018"><ele>40.1</ele></trkpt><trkpt lat="37.865089" lon="-122.532911"><ele>38.6</ele></trkpt><trkpt lat="37.865204" lon="-122.532840"><ele>37.8</ele></trkpt><trkpt lat="37.865302" lon="-122.532762"><ele>37.0</ele></trkpt><trkpt lat="37.865375" lon="-122.532679"><ele>36.3</ele></trkpt><trkpt lat="37.865450" lon="-122.532574"><ele>35.6</ele></trkpt><trkpt lat="37.865673" lon="-122.532206"><ele>33.4</ele></trkpt><trkpt lat="37.865763" lon="-122.532078"><ele>32.7</ele></trkpt><trkpt lat="37.865909" lon="-122.531894"><ele>31.6</ele></trkpt><trkpt lat="37.866001" lon="-122.531760"><ele>30.8</ele></trkpt><trkpt lat="37.866166" lon="-122.531540"><ele>30.4</ele></trkpt><trkpt lat="37.866232" lon="-122.531474"><ele>30.2</ele></trkpt><trkpt lat="37.866300" lon="-122.531425"><ele>30.1</ele></trkpt><trkpt lat="37.866373" lon="-122.531386"><ele>30.0</ele></trkpt><trkpt lat="37.866591" lon="-122.531293"><ele>29.6</ele></trkpt><trkpt lat="37.866681" lon="-122.531241"><ele>29.0</ele></trkpt><trkpt lat="37.866799" lon="-122.531152"><ele>28.1</ele></trkpt><trkpt lat="37.866910" lon="-122.531039"><ele>27.2</ele></trkpt><trkpt lat="37.867030" lon="-122.530892"><ele>26.1</ele></trkpt><trkpt lat="37.867128" lon="-122.530760"><ele>25.2</ele></trkpt><trkpt lat="37.867599" lon="-122.530084"><ele>21.6</ele></trkpt><trkpt lat="37.867704" lon="-122.529962"><ele>20.9</ele></trkpt><trkpt lat="37.867925" lon="-122.529757"><ele>19.5</ele></trkpt><trkpt lat="37.867999" lon="-122.529665"><ele>19.0</ele></trkpt><trkpt lat="37.868072" lon="-122.529548"><ele>18.4</ele></trkpt><trkpt lat="37.868258" lon="-122.529193"><ele>16.5</ele></trkpt><trkpt lat="37.868328" lon="-122.529089"><ele>15.9</ele></trkpt><trkpt lat="37.868425" lon="-122.528979"><ele>15.1</ele></trkpt><trkpt lat="37.868599" lon="-122.528804"><ele>13.7</ele></trkpt><trkpt lat="37.868807" lon="-122.528602"><ele>12.2</ele></trkpt><trkpt lat="37.868932" lon="-122.528490"><ele>11.3</ele></trkpt><trkpt lat="37.869069" lon="-122.528359"><ele>10.3</ele></trkpt><trkpt lat="37.869209" lon="-122.528213"><ele>9.2</ele></trkpt><trkpt lat="37.869388" lon="-122.528001"><ele>8.0</ele></trkpt><trkpt lat="37.869476" lon="-122.527886"><ele>7.3</ele></trkpt><trkpt lat="37.869544" lon="-122.527798"><ele>6.8</ele></trkpt><trkpt lat="37.869866" lon="-122.527393"><ele>6.7</ele></trkpt><trkpt lat="37.870050" lon="-122.527166"><ele>8.5</ele></trkpt><trkpt lat="37.870140" lon="-122.527070"><ele>9.3</ele></trkpt><trkpt lat="37.870222" lon="-122.527005"><ele>10.0</ele></trkpt><trkpt lat="37.870304" lon="-122.526953"><ele>10.4</ele></trkpt><trkpt lat="37.870409" lon="-122.526901"><ele>10.5</ele></trkpt><trkpt lat="37.870522" lon="-122.526853"><ele>10.6</ele></trkpt><trkpt lat="37.870932" lon="-122.526683"><ele>10.9</ele></trkpt><trkpt lat="37.871356" lon="-122.526495"><ele>11.3</ele></trkpt><trkpt lat="37.872011" lon="-122.526191"><ele>9.3</ele></trkpt><trkpt lat="37.872387" lon="-122.526039"><ele>7.4</ele></trkpt><trkpt lat="37.872935" lon="-122.525832"><ele>7.9</ele></trkpt><trkpt lat="37.873005" lon="-122.525818"><ele>7.9</ele></trkpt><trkpt lat="37.873060" lon="-122.525819"><ele>7.9</ele></trkpt><trkpt lat="37.873120" lon="-122.525833"><ele>7.9</ele></trkpt><trkpt lat="37.873394" lon="-122.525913"><ele>7.9</ele></trkpt><trkpt lat="37.873510" lon="-122.525941"><ele>7.9</ele></trkpt><trkpt lat="37.873689" lon="-122.525971"><ele>7.9</ele></trkpt><trkpt lat="37.873841" lon="-122.525995"><ele>8.0</ele></trkpt><trkpt lat="37.873962" lon="-122.526004"><ele>8.0</ele></trkpt><trkpt lat="37.874058" lon="-122.526000"><ele>8.1</ele></trkpt><trkpt lat="37.874231" lon="-122.525985"><ele>8.1</ele></trkpt><trkpt lat="37.874314" lon="-122.525983"><ele>8.2</ele></trkpt><trkpt lat="37.874379" lon="-122.525985"><ele>8.2</ele></trkpt><trkpt lat="37.874800" lon="-122.526056"><ele>8.5</ele></trkpt><trkpt lat="37.874892" lon="-122.526064"><ele>8.6</ele></trkpt><trkpt lat="37.874984" lon="-122.526069"><ele>8.7</ele></trkpt><trkpt lat="37.875073" lon="-122.526060"><ele>8.8</ele></trkpt><trkpt lat="37.875162" lon="-122.526045"><ele>8.8</ele></trkpt><trkpt lat="37.875401" lon="-122.525970"><ele>9.0</ele></trkpt><trkpt lat="37.875593" lon="-122.525905"><ele>9.2</ele></trkpt><trkpt lat="37.875675" lon="-122.525889"><ele>9.3</ele></trkpt><trkpt lat="37.875758" lon="-122.525887"><ele>9.3</ele></trkpt><trkpt lat="37.875851" lon="-122.525895"><ele>9.4</ele></trkpt><trkpt lat="37.875923" lon="-122.525923"><ele>9.4</ele></trkpt><trkpt lat="37.876010" lon="-122.525963"><ele>9.2</ele></trkpt><trkpt lat="37.876132" lon="-122.526047"><ele>9.0</ele></trkpt><trkpt lat="37.876245" lon="-122.526138"><ele>8.8</ele></trkpt><trkpt lat="37.876420" lon="-122.526297"><ele>8.4</ele></trkpt><trkpt lat="37.876518" lon="-122.526377"><ele>8.1</ele></trkpt><trkpt lat="37.876594" lon="-122.526418"><ele>7.7</ele></trkpt><trkpt lat="37.876664" lon="-122.526438"><ele>7.4</ele></trkpt><trkpt lat="37.876758" lon="-122.526443"><ele>6.9</ele></trkpt><trkpt lat="37.876862" lon="-122.526444"><ele>6.4</ele></trkpt><trkpt lat="37.876992" lon="-122.526434"><ele>5.7</ele></trkpt><trkpt lat="37.877058" lon="-122.526488"><ele>5.3</ele></trkpt><trkpt lat="37.877174" lon="-122.526428"><ele>4.7</ele></trkpt><trkpt lat="37.877288" lon="-122.526362"><ele>4.2</ele></trkpt><trkpt lat="37.877372" lon="-122.526283"><ele>3.8</ele></trkpt><trkpt lat="37.877461" lon="-122.526177"><ele>3.3</ele></trkpt><trkpt lat="37.877515" lon="-122.526086"><ele>3.0</ele></trkpt><trkpt lat="37.877588" lon="-122.525933"><ele>2.4</ele></trkpt><trkpt lat="37.877650" lon="-122.525784"><ele>1.9</ele></trkpt><trkpt lat="37.877681" lon="-122.525669"><ele>1.7</ele></trkpt><trkpt lat="37.877691" lon="-122.525581"><ele>1.6</ele></trkpt><trkpt lat="37.877695" lon="-122.525473"><ele>1.5</ele></trkpt><trkpt lat="37.877620" lon="-122.525037"><ele>1.1</ele></trkpt><trkpt lat="37.877630" lon="-122.524897"><ele>0.9</ele></trkpt><trkpt lat="37.877755" lon="-122.524516"><ele>1.3</ele></trkpt><trkpt lat="37.877855" lon="-122.524062"><ele>1.8</ele></trkpt><trkpt lat="37.877939" lon="-122.523883"><ele>2.0</ele></trkpt><trkpt lat="37.878026" lon="-122.523755"><ele>2.1</ele></trkpt><trkpt lat="37.878104" lon="-122.523670"><ele>2.3</ele></trkpt><trkpt lat="37.878188" lon="-122.523601"><ele>2.4</ele></trkpt><trkpt lat="37.878282" lon="-122.523543"><ele>2.5</ele></trkpt><trkpt lat="37.878398" lon="-122.523525"><ele>2.7</ele></trkpt><trkpt lat="37.878474" lon="-122.523529"><ele>2.8</ele></trkpt><trkpt lat="37.878598" lon="-122.523543"><ele>2.9</ele></trkpt><trkpt lat="37.878675" lon="-122.523545"><ele>2.9</ele></trkpt><trkpt lat="37.878797" lon="-122.523534"><ele>3.0</ele></trkpt><trkpt lat="37.878924" lon="-122.523509"><ele>3.2</ele></trkpt><trkpt lat="37.879015" lon="-122.523489"><ele>3.2</ele></trkpt><trkpt lat="37.879101" lon="-122.523457"><ele>3.3</ele></trkpt><trkpt lat="37.879210" lon="-122.523379"><ele>3.3</ele></trkpt><trkpt lat="37.879372" lon="-122.523249"><ele>3.2</ele></trkpt><trkpt lat="37.879435" lon="-122.523171"><ele>3.2</ele></trkpt><trkpt lat="37.879437" lon="-122.523126"><ele>3.2</ele></trkpt><trkpt lat="37.879441" lon="-122.523038"><ele>3.2</ele></trkpt><trkpt lat="37.879474" lon="-122.522959"><ele>3.1</ele></trkpt><trkpt lat="37.879520" lon="-122.522908"><ele>3.1</ele></trkpt><trkpt lat="37.879580" lon="-122.522886"><ele>3.1</ele></trkpt><trkpt lat="37.879691" lon="-122.522857"><ele>3.0</ele></trkpt><trkpt lat="37.879698" lon="-122.522838"><ele>3.0</ele></trkpt><trkpt lat="37.879765" lon="-122.522778"><ele>3.0</ele></trkpt><trkpt lat="37.880358" lon="-122.522236"><ele>2.9</ele></trkpt><trkpt lat="37.880541" lon="-122.522062"><ele>2.7</ele></trkpt><trkpt lat="37.880597" lon="-122.521996"><ele>2.7</ele></trkpt><trkpt lat="37.880883" lon="-122.521584"><ele>2.4</ele></trkpt><trkpt lat="37.881506" lon="-122.520647"><ele>2.4</ele></trkpt><trkpt lat="37.881538" lon="-122.520592"><ele>2.4</ele></trkpt><trkpt lat="37.881558" lon="-122.520545"><ele>2.4</ele></trkpt><trkpt lat="37.881567" lon="-122.520494"><ele>2.4</ele></trkpt><trkpt lat="37.881562" lon="-122.520406"><ele>2.4</ele></trkpt><trkpt lat="37.881563" lon="-122.520361"><ele>2.4</ele></trkpt><trkpt lat="37.881573" lon="-122.520309"><ele>2.4</ele></trkpt><trkpt lat="37.881589" lon="-122.520263"><ele>2.4</ele></trkpt><trkpt lat="37.881649" lon="-122.520152"><ele>2.4</ele></trkpt><trkpt lat="37.881791" lon="-122.520022"><ele>2.3</ele></trkpt><trkpt lat="37.881819" lon="-122.519976"><ele>2.3</ele></trkpt><trkpt lat="37.881877" lon="-122.519873"><ele>2.3</ele></trkpt><trkpt lat="37.881893" lon="-122.519829"><ele>2.2</ele></trkpt><trkpt lat="37.881940" lon="-122.519653"><ele>2.2</ele></trkpt><trkpt lat="37.881968" lon="-122.519576"><ele>2.1</ele></trkpt><trkpt lat="37.882118" lon="-122.519326"><ele>2.1</ele></trkpt><trkpt lat="37.882275" lon="-122.519068"><ele>2.1</ele></trkpt><trkpt lat="37.882298" lon="-122.519034"><ele>2.1</ele></trkpt><trkpt lat="37.882327" lon="-122.519003"><ele>2.1</ele></trkpt><trkpt lat="37.882350" lon="-122.518992"><ele>2.1</ele></trkpt><trkpt lat="37.882384" lon="-122.518982"><ele>2.1</ele></trkpt><trkpt lat="37.882426" lon="-122.518982"><ele>2.1</ele></trkpt><trkpt lat="37.882462" lon="-122.518992"><ele>2.1</ele></trkpt><trkpt lat="37.882510" lon="-122.518998"><ele>2.1</ele></trkpt><trkpt lat="37.882549" lon="-122.518993"><ele>2.1</ele></trkpt><trkpt lat="37.882598" lon="-122.518970"><ele>2.0</ele></trkpt><trkpt lat="37.882625" lon="-122.518954"><ele>2.0</ele></trkpt><trkpt lat="37.882680" lon="-122.518910"><ele>1.9</ele></trkpt><trkpt lat="37.882508" lon="-122.518687"><ele>1.6</ele></trkpt><trkpt lat="37.882230" lon="-122.518328"><ele>1.2</ele></trkpt><trkpt lat="37.882013" lon="-122.518028"><ele>1.0</ele></trkpt><trkpt lat="37.881799" lon="-122.517737"><ele>1.0</ele></trkpt><trkpt lat="37.881214" lon="-122.516975"><ele>2.3</ele></trkpt><trkpt lat="37.880170" lon="-122.515620"><ele>3.2</ele></trkpt><trkpt lat="37.879836" lon="-122.515185"><ele>2.8</ele></trkpt><trkpt lat="37.879797" lon="-122.515140"><ele>2.7</ele></trkpt><trkpt lat="37.879768" lon="-122.515116"><ele>2.7</ele></trkpt><trkpt lat="37.879733" lon="-122.515099"><ele>2.7</ele></trkpt><trkpt lat="37.879676" lon="-122.515081"><ele>2.6</ele></trkpt><trkpt lat="37.879647" lon="-122.515077"><ele>2.6</ele></trkpt><trkpt lat="37.879560" lon="-122.514962"><ele>2.5</ele></trkpt><trkpt lat="37.879447" lon="-122.514812"><ele>2.3</ele></trkpt><trkpt lat="37.879446" lon="-122.514779"><ele>2.3</ele></trkpt><trkpt lat="37.879441" lon="-122.514751"><ele>2.3</ele></trkpt><trkpt lat="37.879426" lon="-122.514705"><ele>2.3</ele></trkpt><trkpt lat="37.879408" lon="-122.514661"><ele>2.2</ele></trkpt><trkpt lat="37.879385" lon="-122.514620"><ele>2.2</ele></trkpt><trkpt lat="37.879358" lon="-122.514577"><ele>2.2</ele></trkpt><trkpt lat="37.879330" lon="-122.514539"><ele>2.1</ele></trkpt><trkpt lat="37.879095" lon="-122.514230"><ele>2.1</ele></trkpt><trkpt lat="37.878977" lon="-122.514078"><ele>2.1</ele></trkpt><trkpt lat="37.878852" lon="-122.513924"><ele>2.1</ele></trkpt><trkpt lat="37.878678" lon="-122.513703"><ele>2.0</ele></trkpt><trkpt lat="37.878518" lon="-122.513496"><ele>1.8</ele></trkpt><trkpt lat="37.878330" lon="-122.513251"><ele>1.5</ele></trkpt><trkpt lat="37.878049" lon="-122.512883"><ele>2.0</ele></trkpt><trkpt lat="37.877704" lon="-122.512432"><ele>2.2</ele></trkpt><trkpt lat="37.876709" lon="-122.511137"><ele>0.7</ele></trkpt><trkpt lat="37.876262" lon="-122.510556"><ele>0.0</ele></trkpt><trkpt lat="37.875831" lon="-122.509993"><ele>0.0</ele></trkpt><trkpt lat="37.875296" lon="-122.509298"><ele>0.6</ele></trkpt><trkpt lat="37.874505" lon="-122.508269"><ele>0.8</ele></trkpt><trkpt lat="37.874123" lon="-122.507767"><ele>1.0</ele></trkpt><trkpt lat="37.873844" lon="-122.507403"><ele>1.2</ele></trkpt><trkpt lat="37.873790" lon="-122.507330"><ele>1.2</ele></trkpt><trkpt lat="37.873752" lon="-122.507276"><ele>1.3</ele></trkpt><trkpt lat="37.873717" lon="-122.507222"><ele>1.4</ele></trkpt><trkpt lat="37.873683" lon="-122.507170"><ele>1.5</ele></trkpt><trkpt lat="37.873649" lon="-122.507122"><ele>1.6</ele></trkpt><trkpt lat="37.873611" lon="-122.507072"><ele>1.7</ele></trkpt><trkpt lat="37.873577" lon="-122.507029"><ele>1.8</ele></trkpt><trkpt lat="37.873545" lon="-122.506990"><ele>1.8</ele></trkpt><trkpt lat="37.873511" lon="-122.506949"><ele>1.9</ele></trkpt><trkpt lat="37.873475" lon="-122.506910"><ele>2.0</ele></trkpt><trkpt lat="37.873444" lon="-122.506876"><ele>2.1</ele></trkpt><trkpt lat="37.873416" lon="-122.506844"><ele>2.1</ele></trkpt><trkpt lat="37.873387" lon="-122.506810"><ele>2.2</ele></trkpt><trkpt lat="37.873345" lon="-122.506755"><ele>2.3</ele></trkpt><trkpt lat="37.873297" lon="-122.506685"><ele>2.4</ele></trkpt><trkpt lat="37.873227" lon="-122.506571"><ele>2.6</ele></trkpt><trkpt lat="37.873191" lon="-122.506508"><ele>2.6</ele></trkpt><trkpt lat="37.872768" lon="-122.505719"><ele>3.4</ele></trkpt><trkpt lat="37.872740" lon="-122.505680"><ele>3.4</ele></trkpt><trkpt lat="37.872683" lon="-122.505600"><ele>3.4</ele></trkpt><trkpt lat="37.872598" lon="-122.505455"><ele>3.4</ele></trkpt><trkpt lat="37.872449" lon="-122.505200"><ele>3.4</ele></trkpt><trkpt lat="37.872112" lon="-122.504728"><ele>4.0</ele></trkpt><trkpt lat="37.871775" lon="-122.504334"><ele>5.1</ele></trkpt><trkpt lat="37.871671" lon="-122.504225"><ele>5.5</ele></trkpt><trkpt lat="37.871618" lon="-122.504168"><ele>5.8</ele></trkpt><trkpt lat="37.871254" lon="-122.503899"><ele>6.8</ele></trkpt><trkpt lat="37.870937" lon="-122.503717"><ele>7.1</ele></trkpt><trkpt lat="37.870815" lon="-122.503651"><ele>7.2</ele></trkpt><trkpt lat="37.870780" lon="-122.503638"><ele>7.3</ele></trkpt><trkpt lat="37.870709" lon="-122.503611"><ele>7.3</ele></trkpt><trkpt lat="37.870645" lon="-122.503580"><ele>7.3</ele></trkpt><trkpt lat="37.870587" lon="-122.503556"><ele>7.3</ele></trkpt><trkpt lat="37.870549" lon="-122.503540"><ele>7.2</ele></trkpt><trkpt lat="37.870414" lon="-122.503480"><ele>7.2</ele></trkpt><trkpt lat="37.869954" lon="-122.503277"><ele>6.7</ele></trkpt><trkpt lat="37.869743" lon="-122.503174"><ele>5.9</ele></trkpt><trkpt lat="37.869493" lon="-122.503055"><ele>5.0</ele></trkpt><trkpt lat="37.869361" lon="-122.502985"><ele>4.6</ele></trkpt><trkpt lat="37.869316" lon="-122.502957"><ele>4.6</ele></trkpt><trkpt lat="37.869286" lon="-122.502955"><ele>4.6</ele></trkpt><trkpt lat="37.869210" lon="-122.502914"><ele>4.6</ele></trkpt><trkpt lat="37.869089" lon="-122.502837"><ele>4.6</ele></trkpt><trkpt lat="37.869014" lon="-122.502784"><ele>4.6</ele></trkpt><trkpt lat="37.868990" lon="-122.502757"><ele>4.6</ele></trkpt><trkpt lat="37.868945" lon="-122.502724"><ele>4.6</ele></trkpt><trkpt lat="37.868774" lon="-122.502600"><ele>4.6</ele></trkpt><trkpt lat="37.868724" lon="-122.502556"><ele>4.6</ele></trkpt><trkpt lat="37.868657" lon="-122.502503"><ele>4.5</ele></trkpt><trkpt lat="37.868611" lon="-122.502459"><ele>4.5</ele></trkpt><trkpt lat="37.868455" lon="-122.502324"><ele>4.4</ele></trkpt><trkpt lat="37.868202" lon="-122.502086"><ele>4.3</ele></trkpt><trkpt lat="37.868063" lon="-122.501935"><ele>4.4</ele></trkpt><trkpt lat="37.867959" lon="-122.501813"><ele>4.5</ele></trkpt><trkpt lat="37.867928" lon="-122.501776"><ele>4.5</ele></trkpt><trkpt lat="37.867707" lon="-122.501534"><ele>4.8</ele></trkpt><trkpt lat="37.867370" lon="-122.501191"><ele>4.8</ele></trkpt><trkpt lat="37.867023" lon="-122.500854"><ele>4.6</ele></trkpt><trkpt lat="37.866984" lon="-122.500811"><ele>4.6</ele></trkpt><trkpt lat="37.866946" lon="-122.500769"><ele>4.6</ele></trkpt><trkpt lat="37.866956" lon="-122.500755"><ele>4.6</ele></trkpt><trkpt lat="37.867126" lon="-122.500529"><ele>4.7</ele></trkpt><trkpt lat="37.867033" lon="-122.500424"><ele>4.8</ele></trkpt><trkpt lat="37.866948" lon="-122.500328"><ele>4.8</ele></trkpt><trkpt lat="37.866813" lon="-122.500180"><ele>4.8</ele></trkpt><trkpt lat="37.866667" lon="-122.500019"><ele>4.7</ele></trkpt><trkpt lat="37.866256" lon="-122.499594"><ele>4.3</ele></trkpt><trkpt lat="37.866217" lon="-122.499554"><ele>4.3</ele></trkpt><trkpt lat="37.865706" lon="-122.499006"><ele>4.3</ele></trkpt><trkpt lat="37.865134" lon="-122.498393"><ele>4.6</ele></trkpt><trkpt lat="37.865122" lon="-122.498381"><ele>4.6</ele></trkpt><trkpt lat="37.864985" lon="-122.498372"><ele>4.6</ele></trkpt><trkpt lat="37.864953" lon="-122.498365"><ele>4.6</ele></trkpt><trkpt lat="37.864924" lon="-122.498345"><ele>4.6</ele></trkpt><trkpt lat="37.864879" lon="-122.498310"><ele>4.6</ele></trkpt><trkpt lat="37.864704" lon="-122.498101"><ele>4.6</ele></trkpt><trkpt lat="37.864504" lon="-122.497872"><ele>4.6</ele></trkpt><trkpt lat="37.864234" lon="-122.497555"><ele>4.6</ele></trkpt><trkpt lat="37.864217" lon="-122.497429"><ele>4.6</ele></trkpt><trkpt lat="37.864293" lon="-122.497329"><ele>4.6</ele></trkpt><trkpt lat="37.864312" lon="-122.497304"><ele>4.6</ele></trkpt><trkpt lat="37.864466" lon="-122.497099"><ele>4.5</ele></trkpt><trkpt lat="37.864493" lon="-122.497062"><ele>4.4</ele></trkpt><trkpt lat="37.864515" lon="-122.497035"><ele>4.4</ele></trkpt><trkpt lat="37.864374" lon="-122.496864"><ele>4.3</ele></trkpt><trkpt lat="37.863883" lon="-122.496271"><ele>5.3</ele></trkpt><trkpt lat="37.863876" lon="-122.496262"><ele>5.3</ele></trkpt><trkpt lat="37.863601" lon="-122.495927"><ele>6.1</ele></trkpt><trkpt lat="37.863586" lon="-122.495912"><ele>6.1</ele></trkpt><trkpt lat="37.863544" lon="-122.495871"><ele>6.2</ele></trkpt><trkpt lat="37.863496" lon="-122.495836"><ele>6.3</ele></trkpt><trkpt lat="37.863473" lon="-122.495803"><ele>6.3</ele></trkpt><trkpt lat="37.862735" lon="-122.494898"><ele>7.0</ele></trkpt><trkpt lat="37.862642" lon="-122.494782"><ele>7.0</ele></trkpt><trkpt lat="37.862578" lon="-122.494703"><ele>6.8</ele></trkpt><trkpt lat="37.862532" lon="-122.494650"><ele>6.8</ele></trkpt><trkpt lat="37.862466" lon="-122.494563"><ele>6.6</ele></trkpt><trkpt lat="37.862434" lon="-122.494503"><ele>6.6</ele></trkpt><trkpt lat="37.862390" lon="-122.494425"><ele>6.5</ele></trkpt><trkpt lat="37.862341" lon="-122.494296"><ele>6.3</ele></trkpt><trkpt lat="37.862300" lon="-122.494274"><ele>6.3</ele></trkpt><trkpt lat="37.862276" lon="-122.494252"><ele>6.2</ele></trkpt><trkpt lat="37.862253" lon="-122.494217"><ele>6.2</ele></trkpt><trkpt lat="37.862226" lon="-122.494157"><ele>6.1</ele></trkpt><trkpt lat="37.862180" lon="-122.494022"><ele>6.0</ele></trkpt><trkpt lat="37.862129" lon="-122.493856"><ele>5.8</ele></trkpt><trkpt lat="37.862087" lon="-122.493734"><ele>5.7</ele></trkpt><trkpt lat="37.862048" lon="-122.493657"><ele>5.6</ele></trkpt><trkpt lat="37.862010" lon="-122.493616"><ele>5.5</ele></trkpt><trkpt lat="37.861990" lon="-122.493585"><ele>5.5</ele></trkpt><trkpt lat="37.861932" lon="-122.493616"><ele>5.4</ele></trkpt><trkpt lat="37.861835" lon="-122.493674"><ele>5.3</ele></trkpt><trkpt lat="37.861832" lon="-122.493598"><ele>5.2</ele></trkpt><trkpt lat="37.861830" lon="-122.493511"><ele>5.2</ele></trkpt><trkpt lat="37.861806" lon="-122.492460"><ele>5.1</ele></trkpt><trkpt lat="37.861801" lon="-122.492251"><ele>5.0</ele></trkpt><trkpt lat="37.861799" lon="-122.492148"><ele>5.0</ele></trkpt><trkpt lat="37.861798" lon="-122.492110"><ele>5.0</ele></trkpt><trkpt lat="37.861793" lon="-122.491913"><ele>4.9</ele></trkpt><trkpt lat="37.861792" lon="-122.491890"><ele>4.9</ele></trkpt><trkpt lat="37.861785" lon="-122.491761"><ele>4.9</ele></trkpt><trkpt lat="37.861773" lon="-122.491590"><ele>5.3</ele></trkpt><trkpt lat="37.861758" lon="-122.491438"><ele>5.6</ele></trkpt><trkpt lat="37.861756" lon="-122.491417"><ele>5.6</ele></trkpt><trkpt lat="37.861739" lon="-122.491279"><ele>5.9</ele></trkpt><trkpt lat="37.861716" lon="-122.491123"><ele>6.2</ele></trkpt><trkpt lat="37.861690" lon="-122.490963"><ele>6.5</ele></trkpt><trkpt lat="37.861679" lon="-122.490909"><ele>6.6</ele></trkpt><trkpt lat="37.861668" lon="-122.490852"><ele>6.7</ele></trkpt><trkpt lat="37.861659" lon="-122.490807"><ele>6.7</ele></trkpt><trkpt lat="37.861625" lon="-122.490652"><ele>6.8</ele></trkpt><trkpt lat="37.861587" lon="-122.490494"><ele>6.8</ele></trkpt><trkpt lat="37.861552" lon="-122.490333"><ele>6.9</ele></trkpt><trkpt lat="37.861512" lon="-122.490192"><ele>6.9</ele></trkpt><trkpt lat="37.861462" lon="-122.490051"><ele>7.0</ele></trkpt><trkpt lat="37.861402" lon="-122.489904"><ele>7.1</ele></trkpt><trkpt lat="37.861342" lon="-122.489766"><ele>7.1</ele></trkpt><trkpt lat="37.861259" lon="-122.489583"><ele>7.2</ele></trkpt><trkpt lat="37.861246" lon="-122.489532"><ele>7.2</ele></trkpt><trkpt lat="37.861253" lon="-122.489434"><ele>7.2</ele></trkpt><trkpt lat="37.861205" lon="-122.489335"><ele>7.3</ele></trkpt><trkpt lat="37.861152" lon="-122.489229"><ele>7.3</ele></trkpt><trkpt lat="37.861101" lon="-122.489123"><ele>7.0</ele></trkpt><trkpt lat="37.861034" lon="-122.488985"><ele>6.6</ele></trkpt><trkpt lat="37.860978" lon="-122.488869"><ele>6.2</ele></trkpt><trkpt lat="37.860853" lon="-122.488613"><ele>5.4</ele></trkpt><trkpt lat="37.860826" lon="-122.488557"><ele>5.3</ele></trkpt><trkpt lat="37.860778" lon="-122.488454"><ele>4.9</ele></trkpt><trkpt lat="37.860433" lon="-122.487725"><ele>4.1</ele></trkpt><trkpt lat="37.860400" lon="-122.487653"><ele>4.0</ele></trkpt><trkpt lat="37.860363" lon="-122.487572"><ele>3.9</ele></trkpt><trkpt lat="37.860236" lon="-122.487295"><ele>3.7</ele></trkpt><trkpt lat="37.860155" lon="-122.487116"><ele>3.6</ele></trkpt><trkpt lat="37.860074" lon="-122.486937"><ele>3.4</ele></trkpt><trkpt lat="37.860021" lon="-122.486821"><ele>3.3</ele></trkpt><trkpt lat="37.859982" lon="-122.486727"><ele>3.3</ele></trkpt><trkpt lat="37.859955" lon="-122.486666"><ele>3.2</ele></trkpt><trkpt lat="37.859742" lon="-122.486189"><ele>2.8</ele></trkpt><trkpt lat="37.859648" lon="-122.485975"><ele>2.8</ele></trkpt><trkpt lat="37.859623" lon="-122.485917"><ele>2.8</ele></trkpt><trkpt lat="37.859587" lon="-122.485836"><ele>2.8</ele></trkpt><trkpt lat="37.859551" lon="-122.485760"><ele>2.9</ele></trkpt><trkpt lat="37.859431" lon="-122.485511"><ele>3.0</ele></trkpt><trkpt lat="37.859282" lon="-122.485201"><ele>3.0</ele></trkpt><trkpt lat="37.859196" lon="-122.485020"><ele>2.9</ele></trkpt><trkpt lat="37.859159" lon="-122.484941"><ele>2.9</ele></trkpt><trkpt lat="37.859126" lon="-122.484867"><ele>2.9</ele></trkpt><trkpt lat="37.858952" lon="-122.484469"><ele>2.7</ele></trkpt><trkpt lat="37.858937" lon="-122.484433"><ele>2.8</ele></trkpt><trkpt lat="37.858901" lon="-122.484349"><ele>2.8</ele></trkpt><trkpt lat="37.858868" lon="-122.484271"><ele>2.8</ele></trkpt><trkpt lat="37.858835" lon="-122.484189"><ele>2.9</ele></trkpt><trkpt lat="37.858803" lon="-122.484105"><ele>2.9</ele></trkpt><trkpt lat="37.858772" lon="-122.484019"><ele>2.9</ele></trkpt><trkpt lat="37.858744" lon="-122.483939"><ele>2.9</ele></trkpt><trkpt lat="37.858566" lon="-122.483430"><ele>3.4</ele></trkpt><trkpt lat="37.858531" lon="-122.483329"><ele>3.5</ele></trkpt><trkpt lat="37.858499" lon="-122.483238"><ele>3.7</ele></trkpt><trkpt lat="37.858474" lon="-122.483163"><ele>3.8</ele></trkpt><trkpt lat="37.858441" lon="-122.483060"><ele>3.9</ele></trkpt><trkpt lat="37.858422" lon="-122.482983"><ele>4.0</ele></trkpt><trkpt lat="37.858405" lon="-122.482910"><ele>4.1</ele></trkpt><trkpt lat="37.858387" lon="-122.482837"><ele>4.2</ele></trkpt><trkpt lat="37.858379" lon="-122.482808"><ele>4.3</ele></trkpt><trkpt lat="37.858366" lon="-122.482763"><ele>4.3</ele></trkpt><trkpt lat="37.858339" lon="-122.482680"><ele>4.3</ele></trkpt><trkpt lat="37.858310" lon="-122.482598"><ele>4.3</ele></trkpt><trkpt lat="37.858249" lon="-122.482424"><ele>4.3</ele></trkpt><trkpt lat="37.858218" lon="-122.482349"><ele>4.3</ele></trkpt><trkpt lat="37.858183" lon="-122.482278"><ele>4.3</ele></trkpt><trkpt lat="37.858146" lon="-122.482211"><ele>4.3</ele></trkpt><trkpt lat="37.858025" lon="-122.482006"><ele>4.3</ele></trkpt><trkpt lat="37.857972" lon="-122.481917"><ele>4.4</ele></trkpt><trkpt lat="37.857919" lon="-122.481833"><ele>4.4</ele></trkpt><trkpt lat="37.857865" lon="-122.481754"><ele>4.5</ele></trkpt><trkpt lat="37.857805" lon="-122.481672"><ele>4.6</ele></trkpt><trkpt lat="37.857741" lon="-122.481588"><ele>4.7</ele></trkpt><trkpt lat="37.857677" lon="-122.481506"><ele>4.7</ele></trkpt><trkpt lat="37.857529" lon="-122.481323"><ele>5.2</ele></trkpt><trkpt lat="37.857463" lon="-122.481236"><ele>5.8</ele></trkpt><trkpt lat="37.857455" lon="-122.481227"><ele>5.9</ele></trkpt><trkpt lat="37.857378" lon="-122.481122"><ele>6.6</ele></trkpt><trkpt lat="37.857304" lon="-122.481016"><ele>7.4</ele></trkpt><trkpt lat="37.857213" lon="-122.480887"><ele>8.3</ele></trkpt><trkpt lat="37.857109" lon="-122.480733"><ele>9.4</ele></trkpt><trkpt lat="37.857024" lon="-122.480604"><ele>9.9</ele></trkpt><trkpt lat="37.856978" lon="-122.480533"><ele>10.1</ele></trkpt><trkpt lat="37.856937" lon="-122.480470"><ele>10.2</ele></trkpt><trkpt lat="37.856772" lon="-122.480216"><ele>10.7</ele></trkpt><trkpt lat="37.856737" lon="-122.480166"><ele>10.9</ele></trkpt><trkpt lat="37.856698" lon="-122.480115"><ele>11.0</ele></trkpt><trkpt lat="37.856661" lon="-122.480071"><ele>11.1</ele></trkpt><trkpt lat="37.856621" lon="-122.480032"><ele>11.2</ele></trkpt><trkpt lat="37.856575" lon="-122.479997"><ele>11.3</ele></trkpt><trkpt lat="37.856528" lon="-122.479967"><ele>11.6</ele></trkpt><trkpt lat="37.856461" lon="-122.479928"><ele>11.9</ele></trkpt><trkpt lat="37.856429" lon="-122.479908"><ele>12.1</ele></trkpt><trkpt lat="37.856400" lon="-122.479890"><ele>12.2</ele></trkpt><trkpt lat="37.855976" lon="-122.479596"><ele>14.5</ele></trkpt><trkpt lat="37.855915" lon="-122.479554"><ele>14.6</ele></trkpt><trkpt lat="37.855874" lon="-122.479526"><ele>14.6</ele></trkpt><trkpt lat="37.855879" lon="-122.479425"><ele>14.6</ele></trkpt><trkpt lat="37.855820" lon="-122.479385"><ele>14.6</ele></trkpt><trkpt lat="37.855828" lon="-122.479371"><ele>14.6</ele></trkpt><trkpt lat="37.855830" lon="-122.479000"><ele>14.6</ele></trkpt></trkseg></trk>
</gpx>